CIRCUNSCRIPCION,ID_ESTADO,NOMBRE_ESTADO,ID_DISTRITO_LOCAL,CABECERA_DISTRITAL_LOCAL,ID_MUNICIPIO,MUNICIPIO,SECCION,CASILLAS,PAN,PRI,PRD,PVEM,PT,MC,MORENA,PES,RSP,FXM,NAY,PAN_PRD_NAY,PAN_PRD,PAN_NAY,PRD_NAY,PRI_PRD,NUM_VOTOS_VALIDOS,NUM_VOTOS_CAN_NREG,NUM_VOTOS_NULOS,TOTAL_VOTOS,LISTA_NOMINAL
,31,YUCATAN,8,UMAN,1,ABALA,1,3,546,550,8,36,103,59,250,2,2,5,1,0,0,0,0,0,1562,1,13,1576,1751
,31,YUCATAN,8,UMAN,1,ABALA,2,1,44,55,0,1,10,4,31,12,0,0,0,0,0,0,0,0,157,0,1,158,174
,31,YUCATAN,8,UMAN,1,ABALA,3,1,57,60,1,7,10,5,41,0,0,0,0,0,0,0,0,0,181,0,4,185,202
,31,YUCATAN,8,UMAN,1,ABALA,4,2,206,301,2,12,33,5,122,22,0,1,2,0,0,0,0,0,706,0,10,716,803
,31,YUCATAN,8,UMAN,1,ABALA,5,3,472,658,2,11,20,5,212,41,2,5,4,0,0,2,0,0,1434,0,23,1457,1746
,31,YUCATAN,8,UMAN,1,ABALA,6,1,106,156,2,2,26,1,68,1,2,0,1,0,0,0,0,0,365,0,3,368,393
,31,YUCATAN,6,KANASIN,2,ACANCEH,7,3,219,71,182,119,19,222,465,24,5,109,209,0,0,0,0,0,1644,0,35,1679,2200
,31,YUCATAN,6,KANASIN,2,ACANCEH,8,3,202,82,193,114,12,174,448,20,10,116,202,0,0,0,0,0,1573,0,52,1625,2115
,31,YUCATAN,6,KANASIN,2,ACANCEH,9,4,272,79,264,154,15,264,473,50,8,122,314,0,0,0,0,0,2015,0,94,2109,2760
,31,YUCATAN,6,KANASIN,2,ACANCEH,10,4,233,48,203,178,18,300,448,40,4,110,377,0,0,0,0,0,1959,0,75,2034,2527
,31,YUCATAN,6,KANASIN,2,ACANCEH,11,1,71,18,41,52,1,118,127,3,1,4,161,0,0,0,0,0,597,0,16,613,733
,31,YUCATAN,6,KANASIN,2,ACANCEH,12,2,191,20,159,91,10,100,259,10,12,32,143,0,0,0,0,0,1027,0,19,1046,1329
,31,YUCATAN,6,KANASIN,2,ACANCEH,13,1,66,26,19,65,5,61,150,9,2,20,96,0,0,0,0,0,519,0,7,526,602
,31,YUCATAN,12,TEKAX,3,AKIL,14,3,252,325,44,36,387,101,160,3,1,1,2,0,3,0,0,0,1315,0,17,1332,1680
,31,YUCATAN,12,TEKAX,3,AKIL,15,3,306,386,51,54,591,122,137,1,1,2,4,0,0,0,0,0,1655,0,16,1671,2172
,31,YUCATAN,12,TEKAX,3,AKIL,16,3,185,274,62,19,355,111,113,0,0,0,3,0,0,0,0,0,1122,0,26,1148,1504
,31,YUCATAN,12,TEKAX,3,AKIL,17,3,268,310,55,34,510,86,124,6,1,1,7,0,0,0,0,0,1402,1,21,1424,1839
,31,YUCATAN,12,TEKAX,3,AKIL,18,2,111,241,38,32,342,50,64,1,0,1,0,0,0,0,0,0,880,0,7,887,1133
,31,YUCATAN,9,PROGRESO,4,BACA,20,2,329,179,2,251,6,104,328,0,1,5,4,0,0,0,0,0,1209,0,52,1261,1477
,31,YUCATAN,9,PROGRESO,4,BACA,21,2,206,194,4,196,3,63,211,1,1,13,6,0,0,0,0,0,898,1,23,922,1076
,31,YUCATAN,9,PROGRESO,4,BACA,22,2,157,124,0,161,0,48,134,2,1,2,8,0,0,3,0,0,640,0,10,650,765
,31,YUCATAN,9,PROGRESO,4,BACA,23,1,152,88,2,105,2,37,182,3,2,4,3,0,0,0,0,0,580,0,17,597,718
,31,YUCATAN,9,PROGRESO,4,BACA,24,1,138,96,2,183,2,6,134,2,1,3,2,0,0,0,0,0,569,0,13,582,672
,31,YUCATAN,15,IZAMAL,5,BOKOBA,25,2,342,380,1,2,1,9,86,64,0,4,0,0,0,1,0,0,890,0,18,908,994
,31,YUCATAN,15,IZAMAL,5,BOKOBA,26,2,385,373,10,2,0,11,87,54,1,11,0,0,0,1,0,0,935,0,27,962,1052
,31,YUCATAN,15,IZAMAL,6,BUCTZOTZ,27,3,672,381,11,7,7,38,383,3,5,1,4,0,0,0,0,0,1512,0,16,1528,1829
,31,YUCATAN,15,IZAMAL,6,BUCTZOTZ,28,3,636,398,10,3,8,27,486,0,3,0,1,0,0,1,0,0,1573,1,39,1613,1989
,31,YUCATAN,15,IZAMAL,6,BUCTZOTZ,29,2,535,327,7,5,1,28,267,1,0,0,3,0,0,0,0,0,1174,0,29,1203,1480
,31,YUCATAN,15,IZAMAL,6,BUCTZOTZ,30,2,360,263,4,1,3,13,254,3,2,1,2,0,0,0,0,0,906,0,22,928,1096
,31,YUCATAN,15,IZAMAL,6,BUCTZOTZ,31,1,158,77,0,1,0,3,133,1,0,0,0,0,0,0,0,0,373,0,7,380,431
,31,YUCATAN,15,IZAMAL,6,BUCTZOTZ,32,1,212,138,0,1,0,5,57,2,0,0,1,0,0,0,0,0,416,0,0,416,461
,31,YUCATAN,15,IZAMAL,7,CACALCHEN,33,2,191,194,32,54,0,126,171,3,3,1,2,0,0,0,0,0,777,0,10,787,931
,31,YUCATAN,15,IZAMAL,7,CACALCHEN,34,3,418,400,44,97,2,226,346,4,2,6,4,0,0,0,0,0,1549,0,25,1574,1885
,31,YUCATAN,15,IZAMAL,7,CACALCHEN,35,2,290,380,40,64,0,100,234,0,3,11,2,0,0,2,0,0,1126,0,37,1163,1434
,31,YUCATAN,15,IZAMAL,7,CACALCHEN,36,3,294,422,48,78,2,125,304,2,5,6,1,0,0,0,0,0,1287,0,35,1322,1556
,31,YUCATAN,10,TIZIMIN,8,CALOTMUL,37,2,399,653,4,5,4,0,148,1,3,1,1,0,0,0,0,0,1219,0,8,1227,1408
,31,YUCATAN,10,TIZIMIN,8,CALOTMUL,38,2,305,536,2,0,3,1,99,2,2,1,1,0,0,0,0,0,952,,13,965,1072
,31,YUCATAN,10,TIZIMIN,8,CALOTMUL,39,1,156,164,1,1,0,0,29,1,0,0,0,0,0,0,0,0,352,0,2,354,380
,31,YUCATAN,10,TIZIMIN,8,CALOTMUL,40,2,267,357,2,0,4,2,55,0,2,0,1,0,0,0,0,0,690,0,5,695,755
,31,YUCATAN,15,IZAMAL,9,CANSAHCAB,41,1,229,89,74,4,2,4,126,0,1,4,0,0,0,0,0,0,533,0,20,553,676
,31,YUCATAN,15,IZAMAL,9,CANSAHCAB,42,2,296,151,107,13,2,12,208,0,2,1,14,0,0,0,0,0,806,2,18,826,1004
,31,YUCATAN,15,IZAMAL,9,CANSAHCAB,43,2,222,119,105,12,7,12,197,2,0,0,24,0,0,0,0,0,700,0,13,713,885
,31,YUCATAN,15,IZAMAL,9,CANSAHCAB,44,2,312,118,68,20,1,13,208,4,1,2,12,0,0,0,0,0,759,0,14,773,921
,31,YUCATAN,15,IZAMAL,9,CANSAHCAB,45,1,36,22,21,1,1,2,54,0,0,0,1,0,0,0,0,0,138,,10,148,172
,31,YUCATAN,15,IZAMAL,9,CANSAHCAB,46,1,43,10,25,1,1,0,39,2,0,0,2,0,0,0,0,0,123,,4,127,142
,31,YUCATAN,14,TECOH,10,CANTAMAYEC,47,2,299,550,315,12,1,1,74,2,0,0,0,0,0,0,0,0,1254,0,0,1254,1384
,31,YUCATAN,14,TECOH,10,CANTAMAYEC,48,1,60,145,46,4,0,1,28,0,0,0,1,0,0,0,0,0,285,0,0,285,309
,31,YUCATAN,14,TECOH,10,CANTAMAYEC,49,1,44,120,23,3,0,0,13,0,1,0,0,0,0,0,0,0,204,0,0,204,209
,31,YUCATAN,8,UMAN,11,CELESTUN,50,2,203,175,101,109,24,6,380,98,3,10,7,0,0,0,0,0,1116,0,55,1171,1363
,31,YUCATAN,8,UMAN,11,CELESTUN,51,4,387,250,208,175,13,34,689,191,9,29,2,0,0,0,0,0,1987,0,71,2058,2504
,31,YUCATAN,8,UMAN,11,CELESTUN,52,2,176,121,56,75,10,24,195,65,5,17,5,0,0,0,0,0,749,1,41,791,932
,31,YUCATAN,8,UMAN,11,CELESTUN,53,2,194,119,151,148,10,11,188,135,3,18,3,0,0,0,0,0,980,0,48,1028,1196
,31,YUCATAN,15,IZAMAL,12,CENOTILLO,54,1,169,97,2,0,0,2,69,0,1,2,2,0,0,0,0,0,344,0,6,350,425
,31,YUCATAN,15,IZAMAL,12,CENOTILLO,55,2,415,185,0,2,0,0,117,2,8,0,1,0,0,0,0,0,730,0,7,737,869
,31,YUCATAN,15,IZAMAL,12,CENOTILLO,56,2,407,227,1,0,0,1,70,0,3,0,7,0,0,0,0,0,716,0,4,720,849
,31,YUCATAN,15,IZAMAL,12,CENOTILLO,57,1,312,146,0,0,0,0,90,1,5,1,4,0,0,0,0,0,559,0,9,568,703
,31,YUCATAN,15,IZAMAL,12,CENOTILLO,58,1,117,50,0,0,0,0,62,0,2,0,2,0,0,0,0,0,233,,9,242,300
,31,YUCATAN,9,PROGRESO,13,CONKAL,59,3,236,496,2,7,6,22,280,1,10,18,2,0,0,0,0,1,1081,0,17,1098,1666
,31,YUCATAN,9,PROGRESO,13,CONKAL,60,2,272,358,2,9,2,23,145,7,7,7,1,0,0,0,0,1,834,0,10,844,1183
,31,YUCATAN,9,PROGRESO,13,CONKAL,61,3,373,554,2,11,8,42,320,6,10,19,0,0,0,0,0,0,1345,2,26,1373,2117
,31,YUCATAN,9,PROGRESO,13,CONKAL,62,5,861,581,14,20,24,50,367,7,14,12,3,0,0,0,0,1,1954,0,39,1993,3394
,31,YUCATAN,9,PROGRESO,13,CONKAL,63,1,25,58,1,1,0,1,28,1,1,3,0,0,0,0,0,0,119,0,1,120,146
,31,YUCATAN,9,PROGRESO,13,CONKAL,64,3,466,459,3,13,1,12,185,10,1,37,6,0,0,0,0,0,1193,0,16,1209,1587
,31,YUCATAN,11,VALLADOLID,14,CUNCUNUL,65,2,275,534,2,53,9,6,171,66,1,1,4,0,0,0,0,1,1123,0,17,1140,1244
,31,YUCATAN,11,VALLADOLID,14,CUNCUNUL,66,1,44,137,2,2,0,0,44,1,0,0,1,0,0,0,0,0,231,0,2,233,244
,31,YUCATAN,14,TECOH,15,CUZAMA,67,2,374,278,14,32,0,22,416,5,6,3,2,0,0,0,0,0,1152,0,12,1164,1368
,31,YUCATAN,14,TECOH,15,CUZAMA,68,3,524,373,23,36,7,34,629,5,9,1,5,0,0,0,0,0,1646,0,28,1674,1989
,31,YUCATAN,14,TECOH,15,CUZAMA,69,1,195,156,1,14,2,8,147,3,1,1,1,0,0,0,0,0,529,0,8,537,676
,31,YUCATAN,12,TEKAX,16,CHACSINKIN,70,4,395,825,7,15,7,52,876,2,8,0,0,0,4,0,0,0,2191,0,10,2201,2352
,31,YUCATAN,14,TECOH,17,CHANKOM,71,4,551,766,0,14,3,12,56,1,2,0,0,0,0,0,0,0,1405,0,0,1405,1633
,31,YUCATAN,14,TECOH,17,CHANKOM,72,2,193,637,0,6,2,0,20,0,1,0,0,0,0,0,0,0,859,0,0,859,928
,31,YUCATAN,14,TECOH,17,CHANKOM,73,1,182,420,0,4,1,0,9,1,0,0,0,0,0,0,0,0,617,0,0,617,659
,31,YUCATAN,14,TECOH,17,CHANKOM,74,1,178,427,0,4,0,0,36,0,0,0,0,0,0,0,0,0,645,0,0,645,683
,31,YUCATAN,13,TICUL,18,CHAPAB,75,2,251,286,60,1,0,96,159,5,0,7,1,0,0,123,0,0,989,,27,1016,1032
,31,YUCATAN,13,TICUL,18,CHAPAB,76,2,246,327,65,3,1,201,219,7,2,10,1,0,0,0,0,0,1082,,15,1097,1302
,31,YUCATAN,13,TICUL,18,CHAPAB,77,2,176,357,8,2,9,182,74,0,0,1,0,0,0,0,0,0,809,,11,820,870
,31,YUCATAN,11,VALLADOLID,19,CHEMAX,78,5,1404,514,26,20,33,26,715,32,14,5,4,0,0,1,0,0,2794,0,25,2819,3574
,31,YUCATAN,11,VALLADOLID,19,CHEMAX,79,3,812,385,14,10,16,6,386,28,5,4,3,0,0,0,0,0,1669,0,12,1681,2122
,31,YUCATAN,11,VALLADOLID,19,CHEMAX,80,3,881,380,3,7,19,6,408,56,6,3,2,0,0,2,0,0,1773,0,18,1791,2161
,31,YUCATAN,11,VALLADOLID,19,CHEMAX,81,5,1361,483,11,20,17,7,641,34,12,5,1,0,0,2,0,0,2594,0,26,2620,3171
,31,YUCATAN,11,VALLADOLID,19,CHEMAX,82,3,750,488,6,6,4,5,198,2,6,0,3,0,0,0,0,0,1468,0,12,1480,1662
,31,YUCATAN,11,VALLADOLID,19,CHEMAX,83,3,518,792,4,5,26,2,174,3,6,2,1,0,0,1,0,0,1534,0,10,1544,2049
,31,YUCATAN,11,VALLADOLID,19,CHEMAX,84,3,433,623,6,7,12,3,165,1,1,0,2,0,0,0,0,0,1253,0,15,1268,1646
,31,YUCATAN,11,VALLADOLID,19,CHEMAX,85,1,346,114,1,2,2,0,43,0,2,0,1,0,0,0,0,0,511,0,6,517,603
,31,YUCATAN,11,VALLADOLID,19,CHEMAX,86,4,1229,444,4,6,28,11,497,20,16,3,3,0,0,0,0,0,2261,0,15,2276,2549
,31,YUCATAN,11,VALLADOLID,19,CHEMAX,87,1,372,53,0,1,0,0,109,2,3,0,0,0,0,0,0,0,540,0,2,542,624
,31,YUCATAN,11,VALLADOLID,19,CHEMAX,88,3,751,355,3,3,9,3,300,4,7,1,1,0,0,0,0,0,1437,0,7,1444,1759
,31,YUCATAN,11,VALLADOLID,19,CHEMAX,89,3,891,228,5,11,2,13,426,9,3,1,2,0,0,0,0,0,1591,0,17,1608,1897
,31,YUCATAN,11,VALLADOLID,19,CHEMAX,90,2,352,195,2,4,3,1,146,7,4,0,1,0,0,0,0,0,715,,5,720,876
,31,YUCATAN,9,PROGRESO,20,CHICXULUB PUEBLO,91,3,820,420,14,6,7,35,423,1,4,19,0,0,0,0,0,0,1749,1,20,1770,2127
,31,YUCATAN,9,PROGRESO,20,CHICXULUB PUEBLO,92,2,547,293,8,10,4,16,289,3,0,7,1,0,0,0,0,0,1178,1,29,1208,1405
,31,YUCATAN,11,VALLADOLID,21,CHICHIMILA,93,3,495,557,4,165,0,19,181,6,0,1,5,0,0,2,0,1,1436,0,16,1452,1670
,31,YUCATAN,11,VALLADOLID,21,CHICHIMILA,94,3,606,504,7,244,2,19,126,28,2,1,2,0,0,3,0,0,1544,0,15,1559,1790
,31,YUCATAN,11,VALLADOLID,21,CHICHIMILA,95,2,376,428,2,128,5,26,161,18,2,0,12,0,0,0,0,0,1158,0,13,1171,1368
,31,YUCATAN,11,VALLADOLID,21,CHICHIMILA,96,2,294,361,2,200,0,1,14,0,0,0,1,0,0,0,0,0,873,0,2,875,932
,31,YUCATAN,11,VALLADOLID,21,CHICHIMILA,97,1,153,131,0,96,0,2,14,1,0,0,0,0,0,0,0,0,397,0,3,400,437
,31,YUCATAN,11,VALLADOLID,21,CHICHIMILA,98,2,173,276,1,61,2,7,38,2,1,0,0,0,0,0,0,2,563,0,4,567,598
,31,YUCATAN,11,VALLADOLID,22,CHIKINDZONOT,99,3,321,1330,0,4,3,2,339,13,6,1,2,0,0,0,0,0,2021,1,12,2034,2210
,31,YUCATAN,11,VALLADOLID,22,CHIKINDZONOT,101,1,22,213,0,4,2,0,91,0,1,0,1,0,0,0,0,0,334,0,4,338,374
,31,YUCATAN,11,VALLADOLID,22,CHIKINDZONOT,102,1,61,394,0,1,0,0,125,1,4,0,0,0,0,0,0,0,586,0,2,588,655
,31,YUCATAN,8,UMAN,23,CHOCHOLA,103,2,101,442,2,4,9,177,273,1,2,9,1,0,0,0,0,0,1021,1,25,1047,1210
,31,YUCATAN,8,UMAN,23,CHOCHOLA,104,2,146,368,5,6,21,136,235,6,4,5,7,0,0,0,0,0,939,0,24,963,1100
,31,YUCATAN,8,UMAN,23,CHOCHOLA,105,2,146,398,6,4,16,180,385,6,3,10,2,0,0,0,0,0,1156,0,28,1184,1407
,31,YUCATAN,13,TICUL,24,CHUMAYEL,106,2,194,349,6,3,2,12,446,3,7,4,2,0,0,0,0,0,1028,,7,1035,1187
,31,YUCATAN,13,TICUL,24,CHUMAYEL,107,3,202,433,15,12,1,11,634,1,6,3,2,0,0,0,0,0,1320,,20,1340,1503
,31,YUCATAN,13,TICUL,25,DZAN,108,3,649,583,127,2,2,42,398,2,1,9,4,0,0,0,0,0,1819,,37,1856,2120
,31,YUCATAN,13,TICUL,25,DZAN,109,3,705,596,128,6,1,68,386,4,7,3,2,0,0,0,0,0,1906,,23,1929,2196
,31,YUCATAN,9,PROGRESO,26,DZEMUL,110,2,302,21,5,3,36,297,149,4,0,5,18,0,0,0,0,0,840,0,28,868,971
,31,YUCATAN,9,PROGRESO,26,DZEMUL,111,2,379,21,2,3,61,273,191,4,3,4,20,0,0,0,0,0,961,0,19,980,1082
,31,YUCATAN,9,PROGRESO,26,DZEMUL,112,2,309,33,1,6,41,446,201,2,3,4,19,0,0,0,0,0,1065,0,35,1100,1226
,31,YUCATAN,15,IZAMAL,27,DZIDZANTUN,114,2,286,369,2,9,4,11,239,1,1,2,2,0,0,0,0,0,926,0,17,943,1140
,31,YUCATAN,15,IZAMAL,27,DZIDZANTUN,115,3,432,490,5,5,6,23,358,5,0,3,2,0,0,3,0,0,1332,0,36,1368,1625
,31,YUCATAN,15,IZAMAL,27,DZIDZANTUN,116,2,333,320,8,1,2,5,249,2,1,0,1,0,0,0,0,0,922,0,8,930,1112
,31,YUCATAN,15,IZAMAL,27,DZIDZANTUN,117,3,610,477,14,7,2,9,317,1,3,1,4,0,0,0,0,0,1445,0,33,1478,1794
,31,YUCATAN,15,IZAMAL,27,DZIDZANTUN,118,2,354,260,2,2,1,8,235,2,3,1,3,0,0,0,0,0,871,0,20,891,1061
,31,YUCATAN,15,IZAMAL,28,DZILAM DE BRAVO,120,2,315,454,15,2,6,8,213,4,1,24,5,0,0,0,0,0,1047,0,30,1077,1203
,31,YUCATAN,15,IZAMAL,28,DZILAM DE BRAVO,121,2,367,393,4,8,5,6,205,2,1,13,1,0,0,1,0,0,1006,0,36,1042,1172
,31,YUCATAN,15,IZAMAL,29,DZILAM GONZALEZ,122,2,113,317,1,7,6,11,133,3,0,257,0,0,0,0,0,0,848,0,32,880,1007
,31,YUCATAN,15,IZAMAL,29,DZILAM GONZALEZ,123,2,272,425,4,21,0,16,141,1,0,208,1,0,0,0,0,0,1089,0,24,1113,1252
,31,YUCATAN,15,IZAMAL,29,DZILAM GONZALEZ,124,2,222,332,2,9,3,8,84,0,1,189,2,0,0,0,0,0,852,0,31,883,980
,31,YUCATAN,15,IZAMAL,29,DZILAM GONZALEZ,125,2,309,293,0,36,4,10,141,1,1,152,1,0,0,0,0,0,948,0,23,971,1090
,31,YUCATAN,15,IZAMAL,29,DZILAM GONZALEZ,126,2,181,227,2,28,2,2,119,1,0,139,1,0,0,0,0,0,702,0,21,723,830
,31,YUCATAN,14,TECOH,30,DZITAS,127,2,354,212,2,9,0,4,93,1,4,0,2,0,0,0,0,0,681,0,0,681,773
,31,YUCATAN,14,TECOH,30,DZITAS,128,1,331,175,1,4,0,0,91,2,3,0,1,0,0,0,0,0,608,0,5,613,712
,31,YUCATAN,14,TECOH,30,DZITAS,129,2,545,253,1,8,0,2,158,2,3,0,0,0,0,0,0,0,972,0,1,973,1086
,31,YUCATAN,14,TECOH,30,DZITAS,130,1,281,157,2,9,1,1,91,0,4,0,0,0,0,0,0,0,546,0,0,546,616
,31,YUCATAN,15,IZAMAL,31,DZONCAUICH,131,2,304,431,2,0,2,2,117,0,0,2,0,0,0,0,0,0,860,0,4,864,1011
,31,YUCATAN,15,IZAMAL,31,DZONCAUICH,132,3,590,572,1,2,6,1,139,0,1,4,1,0,0,0,0,0,1317,0,5,1322,1512
,31,YUCATAN,15,IZAMAL,31,DZONCAUICH,133,1,159,178,1,2,0,0,20,0,0,0,0,0,0,0,0,0,360,0,0,360,382
,31,YUCATAN,10,TIZIMIN,32,ESPITA,134,3,762,321,3,19,5,6,212,3,2,1,4,0,0,0,0,0,1338,0,37,1375,1969
,31,YUCATAN,10,TIZIMIN,32,ESPITA,135,3,777,236,2,16,3,3,166,2,2,0,3,0,0,0,0,0,1210,0,18,1228,1656
,31,YUCATAN,10,TIZIMIN,32,ESPITA,136,2,528,319,2,10,2,5,114,1,7,0,0,0,0,0,0,0,988,,19,1007,1283
,31,YUCATAN,10,TIZIMIN,32,ESPITA,137,3,688,365,1,26,0,7,210,17,5,2,4,0,0,0,0,0,1325,0,25,1350,1838
,31,YUCATAN,10,TIZIMIN,32,ESPITA,138,3,769,402,9,57,4,7,218,8,11,1,4,0,0,0,0,0,1490,0,36,1526,2098
,31,YUCATAN,10,TIZIMIN,32,ESPITA,139,1,273,106,7,1,0,1,66,2,2,0,2,0,0,0,0,0,460,0,12,472,551
,31,YUCATAN,10,TIZIMIN,32,ESPITA,140,1,281,100,1,3,1,1,26,2,1,1,0,0,0,0,0,0,417,0,9,426,466
,31,YUCATAN,10,TIZIMIN,32,ESPITA,141,3,844,312,4,17,2,2,110,3,6,1,7,0,0,0,0,0,1308,0,16,1324,1612
,31,YUCATAN,13,TICUL,33,HALACHO,142,3,225,209,14,13,9,11,444,6,10,136,428,0,0,0,0,0,1505,2,63,1570,1963
,31,YUCATAN,13,TICUL,33,HALACHO,143,2,202,111,11,14,3,11,328,7,2,66,181,0,0,0,0,0,936,1,16,953,1149
,31,YUCATAN,13,TICUL,33,HALACHO,144,2,191,126,2,7,8,6,357,11,2,44,332,0,0,0,0,0,1086,,35,1121,1385
,31,YUCATAN,13,TICUL,33,HALACHO,145,3,281,164,21,6,17,14,494,17,7,62,334,0,0,0,0,0,1417,2,47,1466,1832
,31,YUCATAN,13,TICUL,33,HALACHO,146,2,292,163,10,4,4,4,302,9,4,88,257,0,0,0,0,0,1137,,27,1164,1415
,31,YUCATAN,13,TICUL,33,HALACHO,147,1,58,57,0,0,0,1,22,1,0,20,54,0,0,0,0,0,213,,3,216,227
,31,YUCATAN,13,TICUL,33,HALACHO,148,3,341,172,5,4,9,9,263,22,5,103,621,0,0,0,0,0,1554,,38,1592,1731
,31,YUCATAN,13,TICUL,33,HALACHO,149,5,393,364,15,14,3,8,630,16,13,373,621,0,0,0,0,0,2450,,50,2500,2802
,31,YUCATAN,13,TICUL,33,HALACHO,150,2,238,38,7,11,6,6,437,5,6,99,238,0,0,0,0,0,1091,,50,1141,1269
,31,YUCATAN,13,TICUL,33,HALACHO,151,3,317,192,8,11,5,4,438,12,13,27,404,0,0,1,0,0,1432,,51,1483,1684
,31,YUCATAN,14,TECOH,34,HOCABA,152,1,26,114,21,13,6,20,186,5,7,4,73,0,0,0,0,0,475,0,2,477,588
,31,YUCATAN,14,TECOH,34,HOCABA,153,2,48,210,49,28,32,24,294,13,15,5,101,0,0,2,0,0,821,0,11,832,1027
,31,YUCATAN,14,TECOH,34,HOCABA,154,2,39,221,33,23,17,115,223,3,16,3,73,0,0,3,0,0,769,3,0,772,790
,31,YUCATAN,14,TECOH,34,HOCABA,155,2,46,157,28,37,55,17,272,24,10,7,146,0,0,5,0,0,804,0,4,808,983
,31,YUCATAN,14,TECOH,34,HOCABA,156,2,66,329,29,18,102,40,218,79,10,3,199,0,0,0,0,0,1093,0,14,1107,1472
,31,YUCATAN,15,IZAMAL,35,HOCTUN,157,2,84,39,221,1,1,97,268,1,2,13,0,0,0,0,0,0,727,0,11,738,872
,31,YUCATAN,15,IZAMAL,35,HOCTUN,158,1,88,19,160,1,0,49,153,3,2,3,0,0,0,0,0,0,478,0,5,483,605
,31,YUCATAN,15,IZAMAL,35,HOCTUN,159,3,185,78,416,6,2,214,484,19,2,14,1,0,0,0,0,0,1421,0,20,1441,1706
,31,YUCATAN,15,IZAMAL,35,HOCTUN,160,2,186,74,259,2,2,119,281,4,3,3,2,0,0,0,0,0,935,0,29,964,1130
,31,YUCATAN,15,IZAMAL,35,HOCTUN,161,2,48,8,323,0,2,35,185,2,0,1,0,0,0,0,0,0,604,0,8,612,821
,31,YUCATAN,14,TECOH,36,HOMUN,162,2,234,315,17,193,1,5,237,27,5,2,110,0,0,0,0,0,1146,1,23,1170,1361
,31,YUCATAN,14,TECOH,36,HOMUN,163,2,234,252,11,237,6,6,197,30,2,8,101,0,0,0,0,0,1084,0,37,1121,1322
,31,YUCATAN,14,TECOH,36,HOMUN,164,2,267,288,13,259,1,10,173,13,2,1,129,0,0,1,0,0,1157,0,32,1189,1363
,31,YUCATAN,14,TECOH,36,HOMUN,165,2,224,404,21,184,1,3,210,14,3,2,103,0,0,0,0,0,1169,0,23,1192,1364
,31,YUCATAN,14,TECOH,36,HOMUN,166,1,24,39,1,25,0,1,9,2,0,0,3,0,0,0,0,0,104,0,0,104,109
,31,YUCATAN,14,TECOH,36,HOMUN,167,2,162,369,27,42,2,3,83,1,0,0,44,0,0,1,0,0,734,0,3,737,799
,31,YUCATAN,14,TECOH,37,HUHI,168,3,583,37,11,11,3,165,233,318,3,0,6,0,0,0,0,0,1370,0,11,1381,1680
,31,YUCATAN,14,TECOH,37,HUHI,169,2,416,19,11,10,1,99,121,215,3,1,3,0,0,0,0,0,899,0,5,904,1099
,31,YUCATAN,14,TECOH,37,HUHI,170,3,565,30,8,13,2,172,213,308,1,0,1,0,0,0,0,0,1313,0,10,1323,1507
,31,YUCATAN,8,UMAN,38,HUNUCMA,172,4,328,243,11,55,71,49,808,43,26,14,7,0,0,0,0,0,1655,0,45,1700,2426
,31,YUCATAN,8,UMAN,38,HUNUCMA,173,3,322,175,11,26,59,43,689,30,20,3,8,0,0,0,0,0,1386,0,28,1414,2064
,31,YUCATAN,8,UMAN,38,HUNUCMA,174,3,276,208,7,61,41,52,570,26,16,8,3,0,0,0,0,0,1268,0,23,1291,1824
,31,YUCATAN,8,UMAN,38,HUNUCMA,175,3,248,216,4,47,38,65,558,30,13,5,2,0,0,1,0,0,1227,0,19,1246,1685
,31,YUCATAN,8,UMAN,38,HUNUCMA,176,2,214,181,6,42,31,55,406,16,7,10,4,0,0,0,0,0,972,0,24,996,1343
,31,YUCATAN,8,UMAN,38,HUNUCMA,177,3,261,198,9,34,44,56,640,30,29,11,7,0,0,0,0,0,1319,1,28,1348,1965
,31,YUCATAN,8,UMAN,38,HUNUCMA,178,4,383,285,11,52,70,72,772,47,22,5,2,0,0,1,0,0,1722,0,27,1749,2425
,31,YUCATAN,8,UMAN,38,HUNUCMA,179,2,239,201,3,36,33,67,464,33,3,8,3,0,0,0,0,0,1090,1,21,1112,1483
,31,YUCATAN,8,UMAN,38,HUNUCMA,180,3,343,178,7,39,22,46,530,41,19,8,2,0,0,0,0,0,1235,1,18,1254,1756
,31,YUCATAN,8,UMAN,38,HUNUCMA,181,3,262,114,11,27,73,47,594,13,16,7,4,0,0,0,0,0,1168,0,27,1195,1619
,31,YUCATAN,8,UMAN,38,HUNUCMA,182,3,266,137,5,40,41,29,629,37,16,9,1,0,0,0,0,0,1210,0,27,1237,1853
,31,YUCATAN,8,UMAN,38,HUNUCMA,183,2,136,151,0,6,15,12,328,30,4,3,3,0,0,0,0,0,688,0,18,706,951
,31,YUCATAN,8,UMAN,38,HUNUCMA,184,1,78,111,8,5,7,11,220,15,6,6,1,0,0,0,0,0,468,0,18,486,654
,31,YUCATAN,8,UMAN,38,HUNUCMA,185,1,16,22,0,16,4,2,67,15,2,1,1,0,0,0,0,0,146,0,0,146,172
,31,YUCATAN,8,UMAN,38,HUNUCMA,186,5,669,204,14,22,48,200,1060,31,61,16,17,0,0,0,0,0,2342,0,82,2424,2967
,31,YUCATAN,9,PROGRESO,39,IXIL,187,3,585,382,4,1,2,20,250,107,0,11,2,0,0,0,0,0,1364,1,32,1397,1589
,31,YUCATAN,9,PROGRESO,39,IXIL,188,3,574,405,8,4,3,15,247,105,3,13,1,0,0,0,0,0,1378,0,41,1419,1630
,31,YUCATAN,15,IZAMAL,40,IZAMAL,189,3,510,604,5,10,4,12,324,5,6,10,4,0,0,1,0,0,1495,0,24,1519,1938
,31,YUCATAN,15,IZAMAL,40,IZAMAL,190,2,228,251,1,8,2,2,165,0,0,7,5,0,0,0,0,0,669,0,18,687,814
,31,YUCATAN,15,IZAMAL,40,IZAMAL,191,2,336,492,3,4,3,5,259,0,1,13,0,0,0,0,0,0,1116,0,22,1138,1416
,31,YUCATAN,15,IZAMAL,40,IZAMAL,192,2,326,419,3,2,3,6,225,4,1,8,1,0,0,0,0,0,998,0,26,1024,1337
,31,YUCATAN,15,IZAMAL,40,IZAMAL,193,3,381,495,4,4,3,5,323,9,6,15,5,0,0,0,0,0,1250,,42,1292,1726
,31,YUCATAN,15,IZAMAL,40,IZAMAL,194,2,313,448,4,5,2,3,277,4,5,6,0,0,0,0,0,0,1067,0,21,1088,1443
,31,YUCATAN,15,IZAMAL,40,IZAMAL,195,3,294,329,6,9,3,5,229,0,4,10,2,0,0,1,0,0,892,0,16,908,1604
,31,YUCATAN,15,IZAMAL,40,IZAMAL,196,3,300,391,2,3,1,4,226,3,1,5,2,0,0,0,0,0,938,0,41,979,1220
,31,YUCATAN,15,IZAMAL,40,IZAMAL,197,3,419,572,7,6,5,11,305,3,2,12,3,0,0,0,0,0,1345,0,31,1376,1718
,31,YUCATAN,15,IZAMAL,40,IZAMAL,198,3,604,554,0,2,1,7,231,5,4,46,4,0,0,0,0,0,1458,0,27,1485,1824
,31,YUCATAN,15,IZAMAL,40,IZAMAL,199,2,411,439,4,4,2,1,260,5,3,4,2,0,0,0,0,0,1135,0,33,1168,1467
,31,YUCATAN,15,IZAMAL,40,IZAMAL,200,2,485,383,2,6,2,4,221,7,1,15,3,0,0,0,0,0,1129,0,25,1154,1380
,31,YUCATAN,15,IZAMAL,40,IZAMAL,201,3,508,474,4,3,4,8,163,9,2,16,3,0,0,3,0,0,1197,0,32,1229,1687
,31,YUCATAN,15,IZAMAL,40,IZAMAL,202,1,169,206,0,0,0,2,41,0,0,1,1,0,0,0,0,0,420,0,7,427,459
,31,YUCATAN,15,IZAMAL,40,IZAMAL,203,2,401,360,11,5,1,0,121,8,3,7,0,0,0,0,0,0,917,1,31,949,1098
,31,YUCATAN,6,KANASIN,41,KANASIN,204,2,175,138,5,15,8,48,196,10,6,14,1,0,0,0,0,0,616,1,11,628,860
,31,YUCATAN,6,KANASIN,41,KANASIN,205,5,692,624,23,19,23,102,549,21,13,45,10,0,0,0,0,0,2121,1,53,2175,3267
,31,YUCATAN,6,KANASIN,41,KANASIN,206,7,878,721,28,47,32,132,503,14,24,40,10,0,0,0,0,0,2429,1,60,2490,4534
,31,YUCATAN,6,KANASIN,41,KANASIN,207,13,1522,1335,35,59,56,175,1017,22,29,79,17,0,0,0,0,0,4346,1,84,4431,9531
,31,YUCATAN,6,KANASIN,41,KANASIN,208,4,759,557,13,35,15,44,293,11,11,34,3,0,0,0,0,0,1775,0,27,1802,2383
,31,YUCATAN,6,KANASIN,41,KANASIN,209,2,272,229,6,17,10,32,166,12,0,19,0,0,0,0,0,0,763,0,17,780,1116
,31,YUCATAN,6,KANASIN,41,KANASIN,210,2,278,317,10,21,9,36,211,9,4,29,3,0,0,0,0,0,927,0,26,953,1407
,31,YUCATAN,6,KANASIN,41,KANASIN,211,5,579,477,14,31,29,103,546,17,14,85,13,0,0,0,0,0,1908,0,47,1955,3396
,31,YUCATAN,6,KANASIN,41,KANASIN,212,5,451,428,24,25,22,73,500,17,10,40,7,0,0,0,0,0,1597,2,47,1646,3174
,31,YUCATAN,6,KANASIN,41,KANASIN,213,7,802,706,20,72,48,101,708,18,14,93,14,0,0,0,0,0,2596,0,73,2669,4764
,31,YUCATAN,6,KANASIN,41,KANASIN,214,3,323,325,9,11,6,64,321,5,3,17,3,0,0,0,0,0,1087,0,22,1109,1650
,31,YUCATAN,6,KANASIN,41,KANASIN,215,5,336,473,14,26,28,98,544,27,15,64,7,0,0,0,0,0,1632,0,51,1683,3443
,31,YUCATAN,6,KANASIN,41,KANASIN,216,1,108,108,1,17,5,31,119,1,4,16,0,0,0,0,0,0,410,0,4,414,692
,31,YUCATAN,6,KANASIN,41,KANASIN,217,11,849,1051,37,79,39,147,1142,39,23,94,21,0,0,0,0,0,3521,1,94,3616,7588
,31,YUCATAN,6,KANASIN,41,KANASIN,218,8,675,590,42,56,55,160,704,57,16,88,12,0,0,0,0,0,2455,1,54,2510,5599
,31,YUCATAN,6,KANASIN,41,KANASIN,219,7,560,468,37,62,42,113,827,33,17,50,12,0,0,0,0,0,2221,1,65,2287,4743
,31,YUCATAN,6,KANASIN,41,KANASIN,220,16,860,1011,49,76,43,267,1197,75,20,134,16,0,0,0,0,0,3748,1,96,3845,11743
,31,YUCATAN,6,KANASIN,41,KANASIN,221,1,159,121,7,9,2,11,99,2,3,8,1,0,0,0,0,0,422,0,6,428,523
,31,YUCATAN,6,KANASIN,41,KANASIN,222,1,174,151,3,12,5,19,93,1,4,32,1,0,0,0,0,0,495,0,5,500,606
,31,YUCATAN,6,KANASIN,41,KANASIN,223,5,382,259,18,40,13,47,415,18,8,98,4,0,0,0,0,0,1302,0,32,1334,3536
,31,YUCATAN,14,TECOH,42,KANTUNIL,224,2,462,177,1,10,3,4,133,3,4,174,113,0,0,1,0,0,1085,0,17,1102,1358
,31,YUCATAN,14,TECOH,42,KANTUNIL,225,2,402,132,0,9,3,14,113,2,7,174,140,0,0,0,0,0,996,0,29,1025,1274
,31,YUCATAN,14,TECOH,42,KANTUNIL,226,3,380,366,4,37,4,23,139,2,9,47,199,0,0,0,0,0,1210,0,35,1245,1507
,31,YUCATAN,14,TECOH,43,KAUA,227,4,815,357,4,12,1,4,937,3,8,33,2,0,0,0,0,0,2176,0,1,2177,2477
,31,YUCATAN,8,UMAN,44,KINCHIL,228,2,219,194,79,6,45,36,163,8,0,3,4,0,0,2,0,0,759,0,3,762,831
,31,YUCATAN,8,UMAN,44,KINCHIL,229,3,586,336,201,34,157,100,316,23,8,5,4,0,0,2,0,0,1772,0,63,1835,2084
,31,YUCATAN,8,UMAN,44,KINCHIL,230,3,569,448,209,31,100,116,332,39,6,5,5,0,0,0,0,0,1860,0,51,1911,2229
,31,YUCATAN,8,UMAN,44,KINCHIL,231,1,21,67,28,6,37,4,41,3,1,2,0,0,0,3,0,0,213,0,6,219,230
,31,YUCATAN,8,UMAN,45,KOPOMA,232,3,155,421,169,12,18,23,464,14,1,1,109,0,0,13,0,0,1400,0,32,1432,1732
,31,YUCATAN,8,UMAN,45,KOPOMA,233,1,33,95,44,2,4,1,91,3,0,0,18,0,0,0,0,0,291,0,3,294,340
,31,YUCATAN,13,TICUL,46,MAMA,234,2,244,430,4,0,4,70,177,2,4,0,0,0,0,1,0,0,936,,29,965,1061
,31,YUCATAN,13,TICUL,46,MAMA,235,3,412,474,20,2,1,115,328,9,2,0,6,0,0,0,0,0,1369,,20,1389,1535
,31,YUCATAN,13,TICUL,47,MANI,236,3,601,99,26,9,10,6,301,5,7,0,233,0,0,1,0,0,1298,1,30,1329,1592
,31,YUCATAN,13,TICUL,47,MANI,237,3,816,127,29,6,28,23,341,9,3,9,183,0,0,6,0,0,1580,,28,1608,1939
,31,YUCATAN,13,TICUL,47,MANI,238,2,356,24,13,1,4,4,217,0,4,1,76,0,0,0,0,0,700,,17,717,790
,31,YUCATAN,13,TICUL,48,MAXCANU,239,3,392,386,10,4,5,88,623,5,55,16,13,0,0,0,0,0,1597,,32,1629,2206
,31,YUCATAN,13,TICUL,48,MAXCANU,240,3,254,236,8,2,2,40,589,5,53,8,2,0,0,1,0,0,1200,,19,1219,1637
,31,YUCATAN,13,TICUL,48,MAXCANU,241,2,176,212,4,1,5,43,435,1,32,4,8,0,0,1,0,0,922,1,11,934,1166
,31,YUCATAN,13,TICUL,48,MAXCANU,242,3,306,244,9,4,2,58,550,5,41,12,4,0,0,5,0,0,1240,,15,1255,1678
,31,YUCATAN,13,TICUL,48,MAXCANU,243,3,328,334,10,5,5,57,564,5,24,15,9,0,0,7,0,0,1363,,24,1387,1827
,31,YUCATAN,13,TICUL,48,MAXCANU,244,4,345,345,6,3,2,113,770,6,51,26,12,0,0,5,0,0,1684,,47,1731,2352
,31,YUCATAN,13,TICUL,48,MAXCANU,245,3,316,411,3,0,3,16,296,2,12,5,6,0,0,0,0,0,1070,,16,1086,1463
,31,YUCATAN,13,TICUL,48,MAXCANU,246,3,308,381,5,2,2,42,313,5,15,2,9,0,0,0,0,0,1084,,24,1108,1279
,31,YUCATAN,13,TICUL,48,MAXCANU,247,2,307,363,5,0,0,16,277,3,70,1,3,0,0,0,0,0,1045,,5,1050,1214
,31,YUCATAN,13,TICUL,48,MAXCANU,248,1,56,45,0,1,1,13,166,1,10,1,8,0,0,0,0,0,302,,14,316,378
,31,YUCATAN,13,TICUL,48,MAXCANU,249,2,152,216,3,2,1,50,313,1,25,2,3,0,0,2,0,0,770,,9,779,920
,31,YUCATAN,13,TICUL,48,MAXCANU,250,2,403,278,1,1,1,74,297,0,15,1,6,0,0,9,0,0,1086,,22,1108,1319
,31,YUCATAN,14,TECOH,49,MAYAPAN,252,2,322,183,0,12,0,0,12,0,0,0,0,0,0,0,0,0,529,0,0,529,1082
,31,YUCATAN,14,TECOH,49,MAYAPAN,253,3,794,809,2,9,2,3,27,0,0,0,0,0,0,0,0,0,1646,0,1,1647,1753
,31,YUCATAN,4,MERIDA,50,MERIDA,254,19,3104,811,57,61,26,141,1241,48,10,60,36,0,0,6,0,0,5601,5,94,5700,12194
,31,YUCATAN,4,MERIDA,50,MERIDA,255,2,318,157,3,4,11,12,172,3,2,5,0,0,0,1,0,0,688,0,23,711,1274
,31,YUCATAN,4,MERIDA,50,MERIDA,256,5,1622,312,17,8,6,22,136,4,3,4,2,0,0,0,0,0,2136,0,15,2151,3031
,31,YUCATAN,4,MERIDA,50,MERIDA,257,2,195,79,4,6,12,26,150,9,2,6,5,0,0,0,0,0,494,0,14,508,942
,31,YUCATAN,4,MERIDA,50,MERIDA,258,2,180,94,11,4,17,14,157,5,4,6,1,0,0,0,0,0,493,0,9,502,979
,31,YUCATAN,4,MERIDA,50,MERIDA,259,2,254,93,5,4,19,22,166,2,2,19,4,0,0,0,0,0,590,0,17,607,1103
,31,YUCATAN,4,MERIDA,50,MERIDA,260,4,901,174,12,15,13,30,230,11,0,15,3,0,0,2,0,0,1406,1,20,1427,2364
,31,YUCATAN,5,MERIDA,50,MERIDA,261,6,2090,376,21,25,2,35,194,6,3,9,4,0,0,0,0,0,2765,0,9,2774,3801
,31,YUCATAN,5,MERIDA,50,MERIDA,262,2,609,102,3,9,1,16,79,3,2,5,2,0,0,0,0,0,831,0,5,836,1287
,31,YUCATAN,5,MERIDA,50,MERIDA,263,5,1317,301,24,34,10,42,287,11,4,22,11,0,0,0,0,0,2063,0,23,2086,3516
,31,YUCATAN,5,MERIDA,50,MERIDA,264,2,224,108,3,16,9,19,150,6,4,5,2,0,0,0,0,0,546,1,14,561,988
,31,YUCATAN,5,MERIDA,50,MERIDA,265,13,3331,864,36,79,20,118,899,32,23,45,33,0,0,0,0,0,5480,6,56,5542,9516
,31,YUCATAN,5,MERIDA,50,MERIDA,266,7,1758,364,18,37,10,67,361,12,11,26,11,0,0,0,0,0,2675,3,20,2698,4865
,31,YUCATAN,4,MERIDA,50,MERIDA,267,3,969,205,14,13,5,19,143,8,0,6,6,0,0,2,0,0,1390,0,13,1403,2116
,31,YUCATAN,4,MERIDA,50,MERIDA,268,2,429,108,3,7,4,14,163,1,0,4,3,0,0,0,0,0,736,0,10,746,1286
,31,YUCATAN,4,MERIDA,50,MERIDA,270,3,466,119,12,10,10,16,234,10,0,7,9,0,0,0,0,0,893,0,22,915,1694
,31,YUCATAN,4,MERIDA,50,MERIDA,271,3,343,129,7,10,3,13,203,13,3,6,5,0,0,1,0,0,736,1,21,758,1503
,31,YUCATAN,4,MERIDA,50,MERIDA,272,2,581,152,4,6,1,10,70,1,0,2,3,0,0,0,0,0,830,1,5,836,1156
,31,YUCATAN,4,MERIDA,50,MERIDA,273,2,338,83,2,5,2,15,63,2,2,4,0,0,0,1,0,0,517,0,5,522,838
,31,YUCATAN,4,MERIDA,50,MERIDA,274,2,693,179,5,6,1,14,91,3,1,2,0,0,0,0,0,0,995,0,9,1004,1338
,31,YUCATAN,5,MERIDA,50,MERIDA,275,4,1388,226,10,16,3,24,126,4,1,7,1,0,0,0,0,0,1806,1,11,1818,2565
,31,YUCATAN,5,MERIDA,50,MERIDA,276,3,853,155,9,15,8,34,180,4,2,3,2,0,0,0,0,0,1265,1,8,1274,1989
,31,YUCATAN,5,MERIDA,50,MERIDA,277,7,1253,274,16,39,4,60,309,12,13,15,8,0,0,0,0,0,2003,1,26,2030,3442
,31,YUCATAN,5,MERIDA,50,MERIDA,278,9,1301,456,23,55,24,94,737,28,21,64,19,0,0,0,0,0,2822,1,60,2883,6491
,31,YUCATAN,5,MERIDA,50,MERIDA,279,2,514,159,9,9,3,11,112,5,4,3,0,0,0,0,0,0,829,1,9,839,1211
,31,YUCATAN,5,MERIDA,50,MERIDA,280,2,499,132,8,5,2,6,103,2,0,7,2,0,0,0,0,0,766,1,14,781,1116
,31,YUCATAN,5,MERIDA,50,MERIDA,281,2,358,102,3,6,0,7,96,3,0,2,5,0,0,0,0,0,582,1,4,587,926
,31,YUCATAN,5,MERIDA,50,MERIDA,282,2,390,114,2,5,1,14,149,5,7,9,3,0,0,0,0,0,699,0,4,703,1285
,31,YUCATAN,5,MERIDA,50,MERIDA,283,2,338,137,3,14,3,8,95,7,1,2,2,0,0,0,0,0,610,2,8,620,960
,31,YUCATAN,4,MERIDA,50,MERIDA,284,1,362,89,6,2,0,7,42,7,0,0,0,0,0,0,0,0,515,2,11,528,743
,31,YUCATAN,4,MERIDA,50,MERIDA,285,2,304,107,0,7,3,18,180,4,4,8,3,0,0,0,0,0,638,2,26,666,1259
,31,YUCATAN,4,MERIDA,50,MERIDA,286,2,310,99,4,4,5,5,131,8,3,9,5,0,0,1,0,0,584,0,16,600,1119
,31,YUCATAN,4,MERIDA,50,MERIDA,287,2,493,136,7,7,1,11,177,6,2,4,2,0,0,0,0,0,846,0,22,868,1475
,31,YUCATAN,4,MERIDA,50,MERIDA,288,5,1091,236,23,22,11,50,378,7,7,22,16,0,0,1,0,0,1864,1,35,1900,3556
,31,YUCATAN,4,MERIDA,50,MERIDA,289,6,669,261,6,26,12,70,492,37,10,30,16,0,0,0,0,0,1629,1,40,1670,3854
,31,YUCATAN,4,MERIDA,50,MERIDA,290,2,262,104,7,10,5,15,126,11,3,6,2,0,0,0,0,0,551,0,21,572,1106
,31,YUCATAN,4,MERIDA,50,MERIDA,291,3,722,203,15,13,13,24,231,13,0,9,6,0,0,0,0,0,1249,1,25,1275,2073
,31,YUCATAN,4,MERIDA,50,MERIDA,292,3,506,162,4,6,6,24,151,9,2,15,3,0,0,0,0,0,888,0,19,907,1540
,31,YUCATAN,4,MERIDA,50,MERIDA,293,2,313,90,3,8,4,18,151,3,5,3,0,0,0,0,0,0,598,1,9,608,1015
,31,YUCATAN,4,MERIDA,50,MERIDA,294,2,292,113,8,6,7,17,152,19,3,3,5,0,0,0,0,0,625,4,23,652,1111
,31,YUCATAN,4,MERIDA,50,MERIDA,295,3,580,136,7,8,5,20,164,9,5,3,2,0,0,0,0,0,939,1,18,958,1541
,31,YUCATAN,4,MERIDA,50,MERIDA,296,2,381,90,3,4,3,6,49,1,0,3,1,0,0,0,0,0,541,1,6,548,755
,31,YUCATAN,5,MERIDA,50,MERIDA,297,2,394,91,3,8,2,5,116,8,4,4,2,0,0,0,0,0,637,0,6,643,987
,31,YUCATAN,5,MERIDA,50,MERIDA,298,3,996,250,12,12,8,40,159,5,0,6,3,0,0,0,0,0,1491,2,3,1496,2222
,31,YUCATAN,5,MERIDA,50,MERIDA,299,3,500,188,5,15,6,18,244,5,6,8,2,0,0,0,0,0,997,1,10,1008,1771
,31,YUCATAN,5,MERIDA,50,MERIDA,300,2,213,55,4,8,3,6,96,2,3,8,3,0,0,0,0,0,401,1,7,409,776
,31,YUCATAN,5,MERIDA,50,MERIDA,301,2,463,131,5,13,1,9,95,2,1,6,0,0,0,0,0,0,726,1,8,735,1065
,31,YUCATAN,5,MERIDA,50,MERIDA,302,4,946,241,16,12,10,27,216,7,2,10,5,0,0,0,0,0,1492,1,22,1515,2390
,31,YUCATAN,5,MERIDA,50,MERIDA,303,11,1650,614,60,66,32,147,1009,52,16,60,21,0,0,0,0,0,3727,5,75,3807,8131
,31,YUCATAN,5,MERIDA,50,MERIDA,304,2,305,97,10,12,3,24,115,4,3,8,2,0,0,0,0,0,583,0,18,601,982
,31,YUCATAN,5,MERIDA,50,MERIDA,305,2,533,127,6,8,4,10,85,2,1,9,1,0,0,0,0,0,786,0,15,801,1335
,31,YUCATAN,5,MERIDA,50,MERIDA,306,1,332,78,1,6,0,10,23,1,1,8,0,0,0,0,0,0,460,0,3,463,623
,31,YUCATAN,4,MERIDA,50,MERIDA,307,2,394,118,2,7,0,8,22,4,4,3,2,0,0,0,0,0,564,0,1,565,812
,31,YUCATAN,3,MERIDA,50,MERIDA,308,11,1693,654,28,91,41,137,1144,48,14,65,28,0,0,2,0,1,3946,10,80,4036,8207
,31,YUCATAN,3,MERIDA,50,MERIDA,309,2,111,157,5,5,7,12,156,11,3,8,9,0,0,0,0,0,484,1,10,495,1014
,31,YUCATAN,3,MERIDA,50,MERIDA,310,2,208,191,6,18,9,15,180,10,2,12,5,0,0,0,0,0,656,6,12,674,1265
,31,YUCATAN,2,MERIDA,50,MERIDA,311,5,859,296,24,45,17,53,387,8,8,12,17,0,0,0,0,0,1726,3,35,1764,3224
,31,YUCATAN,2,MERIDA,50,MERIDA,312,2,268,75,2,3,3,10,123,2,1,2,2,0,0,0,0,0,491,0,7,498,817
,31,YUCATAN,2,MERIDA,50,MERIDA,313,2,230,112,3,14,1,24,179,10,2,6,3,0,0,0,0,0,584,0,14,598,1058
,31,YUCATAN,2,MERIDA,50,MERIDA,314,2,233,89,4,8,9,10,147,2,3,2,2,0,0,0,0,0,509,1,17,527,1002
,31,YUCATAN,2,MERIDA,50,MERIDA,315,2,231,98,2,10,1,16,153,8,0,3,3,0,0,0,0,0,525,1,10,536,935
,31,YUCATAN,2,MERIDA,50,MERIDA,316,2,361,97,8,7,1,21,106,1,1,4,2,0,0,0,0,0,609,0,9,618,968
,31,YUCATAN,4,MERIDA,50,MERIDA,317,1,341,81,2,6,1,11,44,0,0,0,1,0,0,0,0,0,487,0,9,496,715
,31,YUCATAN,5,MERIDA,50,MERIDA,318,1,276,59,2,4,2,8,25,0,0,3,0,0,0,0,0,0,379,0,2,381,604
,31,YUCATAN,5,MERIDA,50,MERIDA,319,2,392,110,6,7,2,10,102,4,5,4,4,0,0,0,0,0,646,1,7,654,1047
,31,YUCATAN,5,MERIDA,50,MERIDA,320,2,207,144,2,10,2,14,117,3,6,5,3,0,0,0,0,0,513,2,10,525,941
,31,YUCATAN,5,MERIDA,50,MERIDA,321,2,532,147,6,7,1,16,95,0,0,7,4,0,0,0,0,0,815,0,4,819,1207
,31,YUCATAN,5,MERIDA,50,MERIDA,322,3,498,181,4,14,8,29,231,15,4,9,1,0,0,0,0,0,994,0,22,1016,1715
,31,YUCATAN,5,MERIDA,50,MERIDA,323,2,339,97,4,12,10,14,145,4,2,5,4,0,0,0,0,0,636,0,7,643,1023
,31,YUCATAN,5,MERIDA,50,MERIDA,324,2,163,106,6,11,5,14,218,7,5,12,5,0,0,0,0,0,552,1,13,566,1109
,31,YUCATAN,5,MERIDA,50,MERIDA,325,4,418,141,10,18,13,30,388,13,8,17,8,0,0,0,0,0,1064,1,29,1094,2489
,31,YUCATAN,5,MERIDA,50,MERIDA,326,2,410,95,4,11,4,23,131,4,3,6,3,0,0,0,0,0,694,0,7,701,1087
,31,YUCATAN,5,MERIDA,50,MERIDA,327,3,399,151,6,16,18,19,241,15,3,8,8,0,0,0,0,0,884,0,22,906,1542
,31,YUCATAN,5,MERIDA,50,MERIDA,328,2,338,116,5,6,3,9,114,2,3,6,0,0,0,0,0,0,602,0,11,613,946
,31,YUCATAN,5,MERIDA,50,MERIDA,329,2,359,107,9,5,3,24,113,5,0,1,0,0,0,0,0,0,626,0,10,636,960
,31,YUCATAN,5,MERIDA,50,MERIDA,330,1,259,87,1,5,4,5,60,4,2,1,0,0,0,0,0,0,428,0,5,433,671
,31,YUCATAN,5,MERIDA,50,MERIDA,331,2,273,120,64,6,4,7,50,2,1,0,36,0,0,0,0,0,563,0,14,577,831
,31,YUCATAN,5,MERIDA,50,MERIDA,332,2,292,89,9,9,2,8,76,1,0,0,2,0,0,0,0,0,488,1,4,493,764
,31,YUCATAN,5,MERIDA,50,MERIDA,333,2,375,93,6,4,2,14,53,1,0,3,2,0,0,0,0,0,553,0,3,556,800
,31,YUCATAN,4,MERIDA,50,MERIDA,334,1,254,72,1,2,2,1,30,0,1,2,0,0,0,0,0,0,365,0,4,369,506
,31,YUCATAN,2,MERIDA,50,MERIDA,335,3,295,85,3,3,1,4,83,1,1,5,1,0,0,0,0,0,482,0,5,487,794
,31,YUCATAN,2,MERIDA,50,MERIDA,336,2,257,72,4,7,2,12,73,2,1,2,0,0,0,0,0,0,432,0,10,442,753
,31,YUCATAN,2,MERIDA,50,MERIDA,337,1,167,74,3,5,2,24,81,12,3,4,1,0,0,0,0,0,376,1,7,384,667
,31,YUCATAN,2,MERIDA,50,MERIDA,338,2,259,109,4,11,4,15,85,4,4,4,0,0,0,0,0,0,499,1,9,509,835
,31,YUCATAN,2,MERIDA,50,MERIDA,339,1,181,112,3,3,2,5,72,2,0,1,2,0,0,0,0,0,383,0,15,398,689
,31,YUCATAN,2,MERIDA,50,MERIDA,340,2,208,103,2,5,1,13,56,4,1,0,5,0,0,0,0,0,398,0,4,402,787
,31,YUCATAN,2,MERIDA,50,MERIDA,341,2,224,128,6,15,1,8,126,2,4,3,2,0,0,0,0,0,519,1,10,530,868
,31,YUCATAN,2,MERIDA,50,MERIDA,342,2,265,147,3,10,6,5,124,2,1,5,3,0,0,0,0,0,571,0,14,585,918
,31,YUCATAN,3,MERIDA,50,MERIDA,343,2,138,137,3,12,4,10,156,3,10,9,4,0,0,0,0,0,486,2,10,498,916
,31,YUCATAN,3,MERIDA,50,MERIDA,344,2,190,120,3,12,5,22,193,9,4,8,7,0,0,0,0,0,573,1,13,587,953
,31,YUCATAN,3,MERIDA,50,MERIDA,345,2,180,98,5,5,6,16,128,7,2,6,2,0,0,0,0,1,456,1,7,464,776
,31,YUCATAN,2,MERIDA,50,MERIDA,346,2,309,120,5,19,4,18,143,2,1,4,4,0,0,0,0,0,629,3,18,650,1118
,31,YUCATAN,2,MERIDA,50,MERIDA,347,2,291,130,5,13,1,14,104,3,1,3,6,0,0,0,0,0,571,0,10,581,985
,31,YUCATAN,2,MERIDA,50,MERIDA,348,2,229,116,4,7,3,20,119,4,2,3,2,0,0,0,0,0,509,1,11,521,792
,31,YUCATAN,2,MERIDA,50,MERIDA,349,2,264,115,3,8,1,9,137,4,0,3,5,0,0,0,0,0,549,0,13,562,910
,31,YUCATAN,2,MERIDA,50,MERIDA,350,1,250,88,4,5,1,7,52,2,1,5,3,0,0,0,0,0,418,0,6,424,714
,31,YUCATAN,2,MERIDA,50,MERIDA,351,2,366,98,3,8,0,14,86,3,1,7,3,0,0,0,0,0,589,0,17,606,1003
,31,YUCATAN,2,MERIDA,50,MERIDA,352,1,240,69,5,10,2,11,73,0,4,1,0,0,0,0,0,0,415,0,6,421,708
,31,YUCATAN,2,MERIDA,50,MERIDA,353,1,172,49,2,1,1,6,50,1,1,0,0,0,0,0,0,0,283,1,7,291,578
,31,YUCATAN,2,MERIDA,50,MERIDA,354,1,212,70,4,6,3,11,79,3,2,8,2,0,0,0,0,0,400,1,15,416,749
,31,YUCATAN,5,MERIDA,50,MERIDA,355,2,295,127,2,7,4,16,158,2,3,11,4,0,0,0,0,0,629,1,11,641,1183
,31,YUCATAN,5,MERIDA,50,MERIDA,356,2,283,130,8,12,4,18,146,4,0,4,1,0,0,0,0,0,610,1,16,627,1072
,31,YUCATAN,5,MERIDA,50,MERIDA,357,1,243,98,4,8,5,10,75,14,1,3,0,0,0,0,0,0,461,0,2,463,746
,31,YUCATAN,5,MERIDA,50,MERIDA,358,2,257,156,6,13,4,17,169,8,6,4,1,0,0,0,0,0,641,1,26,668,1121
,31,YUCATAN,5,MERIDA,50,MERIDA,359,2,313,166,8,15,6,9,155,11,3,5,2,0,0,0,0,0,693,1,9,703,1238
,31,YUCATAN,5,MERIDA,50,MERIDA,360,2,290,110,3,9,19,14,123,6,1,2,1,0,0,0,0,0,578,1,11,590,900
,31,YUCATAN,5,MERIDA,50,MERIDA,361,2,160,68,6,7,14,20,217,9,3,4,1,0,0,0,0,0,509,0,13,522,1111
,31,YUCATAN,5,MERIDA,50,MERIDA,362,2,189,113,4,15,10,16,177,6,1,8,9,0,0,0,0,0,548,0,17,565,1205
,31,YUCATAN,5,MERIDA,50,MERIDA,363,2,287,134,2,15,5,14,158,8,1,16,5,0,0,0,0,0,645,1,11,657,1218
,31,YUCATAN,2,MERIDA,50,MERIDA,364,1,79,68,2,4,1,3,47,2,0,0,1,0,0,0,0,0,207,0,3,210,386
,31,YUCATAN,2,MERIDA,50,MERIDA,365,1,130,49,2,2,1,5,89,2,0,2,0,0,0,0,0,0,282,1,9,292,580
,31,YUCATAN,2,MERIDA,50,MERIDA,366,1,218,65,4,4,1,6,91,3,2,2,0,0,0,0,0,0,396,1,10,407,677
,31,YUCATAN,2,MERIDA,50,MERIDA,367,3,340,116,9,7,3,12,79,0,0,6,5,0,0,0,0,0,577,0,15,592,940
,31,YUCATAN,2,MERIDA,50,MERIDA,368,2,179,96,4,5,2,2,121,3,4,2,1,0,0,0,0,0,419,1,9,429,821
,31,YUCATAN,2,MERIDA,50,MERIDA,369,2,158,96,1,9,4,11,148,5,2,2,4,0,0,0,0,0,440,0,12,452,861
,31,YUCATAN,2,MERIDA,50,MERIDA,370,2,265,79,3,7,3,9,96,5,0,6,4,0,0,0,0,0,477,,11,488,793
,31,YUCATAN,2,MERIDA,50,MERIDA,371,2,269,109,4,5,1,12,112,5,2,5,4,0,0,0,0,0,528,2,9,539,877
,31,YUCATAN,2,MERIDA,50,MERIDA,372,2,244,83,3,8,4,13,125,7,1,6,6,0,0,0,0,0,500,1,10,511,819
,31,YUCATAN,2,MERIDA,50,MERIDA,373,3,514,179,5,30,8,44,195,8,2,7,12,0,0,0,0,0,1004,0,23,1027,1669
,31,YUCATAN,3,MERIDA,50,MERIDA,374,2,106,107,4,14,5,9,171,3,4,5,4,0,0,49,0,64,545,0,13,558,879
,31,YUCATAN,3,MERIDA,50,MERIDA,375,2,141,81,5,16,13,8,230,3,7,10,4,0,0,74,0,38,630,0,21,651,1221
,31,YUCATAN,2,MERIDA,50,MERIDA,376,2,247,134,4,19,6,19,127,10,6,7,4,0,0,0,0,0,583,0,18,601,1093
,31,YUCATAN,2,MERIDA,50,MERIDA,377,2,266,146,3,20,3,27,173,6,1,5,6,0,0,0,0,0,656,0,22,678,1210
,31,YUCATAN,2,MERIDA,50,MERIDA,378,2,150,133,6,22,6,9,172,12,4,7,4,0,0,0,0,0,525,1,32,558,1189
,31,YUCATAN,2,MERIDA,50,MERIDA,379,2,196,95,4,11,4,11,183,10,0,6,6,0,0,0,0,0,526,2,15,543,1056
,31,YUCATAN,2,MERIDA,50,MERIDA,380,1,124,94,3,7,4,9,101,7,1,1,3,0,0,0,0,0,354,2,10,366,643
,31,YUCATAN,3,MERIDA,50,MERIDA,381,2,132,120,1,17,6,5,155,0,2,6,1,0,0,0,0,0,445,0,14,459,856
,31,YUCATAN,3,MERIDA,50,MERIDA,382,15,1628,800,32,120,53,94,1393,68,19,87,33,0,0,1,0,0,4328,5,88,4421,10906
,31,YUCATAN,2,MERIDA,50,MERIDA,383,2,260,124,8,45,8,23,221,9,3,5,3,0,0,0,0,0,709,1,19,729,1260
,31,YUCATAN,2,MERIDA,50,MERIDA,384,1,143,90,0,21,2,7,109,4,3,0,8,0,0,0,0,0,387,0,12,399,713
,31,YUCATAN,2,MERIDA,50,MERIDA,385,1,140,60,3,17,4,10,99,7,1,5,4,0,0,0,0,0,350,0,11,361,644
,31,YUCATAN,2,MERIDA,50,MERIDA,386,2,138,127,4,16,7,21,166,6,5,4,5,0,0,0,0,0,499,0,21,520,980
,31,YUCATAN,2,MERIDA,50,MERIDA,387,2,246,105,4,22,13,24,166,9,3,7,2,0,0,0,0,0,601,3,25,629,1396
,31,YUCATAN,2,MERIDA,50,MERIDA,388,3,518,180,3,23,4,30,229,6,2,7,5,0,0,0,0,0,1007,1,18,1026,1737
,31,YUCATAN,2,MERIDA,50,MERIDA,389,3,242,167,5,12,4,17,174,5,2,5,4,0,0,0,0,0,637,0,29,666,847
,31,YUCATAN,2,MERIDA,50,MERIDA,390,1,121,69,9,22,3,7,129,2,2,2,3,0,0,0,0,0,369,1,13,383,669
,31,YUCATAN,2,MERIDA,50,MERIDA,391,2,241,112,6,5,4,18,120,6,3,5,2,0,0,0,0,0,522,0,11,533,1101
,31,YUCATAN,2,MERIDA,50,MERIDA,392,1,140,101,8,5,6,7,83,3,1,1,1,0,0,0,0,0,356,0,12,368,736
,31,YUCATAN,2,MERIDA,50,MERIDA,393,2,155,118,1,9,2,5,120,4,0,4,3,0,0,0,0,0,421,1,14,436,787
,31,YUCATAN,2,MERIDA,50,MERIDA,394,1,103,73,8,6,2,4,60,1,0,2,2,0,0,0,0,0,261,1,10,272,460
,31,YUCATAN,2,MERIDA,50,MERIDA,395,1,101,68,5,1,5,9,53,0,2,10,0,0,0,0,0,0,254,0,4,258,506
,31,YUCATAN,2,MERIDA,50,MERIDA,396,1,86,54,1,3,10,10,67,1,1,2,2,0,0,0,0,0,237,0,8,245,491
,31,YUCATAN,5,MERIDA,50,MERIDA,397,1,149,91,8,3,3,12,104,2,0,5,0,0,0,0,0,0,377,0,10,387,672
,31,YUCATAN,5,MERIDA,50,MERIDA,398,2,160,72,3,13,4,23,123,3,1,9,3,0,0,0,0,0,414,1,4,419,752
,31,YUCATAN,5,MERIDA,50,MERIDA,399,2,164,60,3,12,4,22,138,3,3,6,3,0,0,0,0,0,418,0,7,425,879
,31,YUCATAN,5,MERIDA,50,MERIDA,400,2,161,75,4,13,3,34,153,8,2,9,6,0,0,0,0,0,468,0,16,484,1042
,31,YUCATAN,5,MERIDA,50,MERIDA,401,2,245,111,9,13,9,17,240,8,3,11,7,0,0,0,0,0,673,1,22,696,1387
,31,YUCATAN,5,MERIDA,50,MERIDA,402,3,229,141,2,18,14,16,261,7,3,25,5,0,0,0,0,0,721,0,33,754,1507
,31,YUCATAN,5,MERIDA,50,MERIDA,403,3,316,177,7,24,11,20,319,13,4,29,7,0,0,0,0,0,927,0,30,957,2197
,31,YUCATAN,5,MERIDA,50,MERIDA,404,3,282,147,7,23,6,22,270,12,5,28,4,0,0,0,0,0,806,0,25,831,1742
,31,YUCATAN,5,MERIDA,50,MERIDA,405,2,236,81,8,16,3,13,192,7,6,16,5,0,0,0,0,0,583,0,9,592,1223
,31,YUCATAN,5,MERIDA,50,MERIDA,406,2,247,108,6,11,5,20,188,2,3,7,0,0,0,0,0,0,597,0,15,612,1105
,31,YUCATAN,5,MERIDA,50,MERIDA,407,2,178,104,1,11,6,17,149,11,2,9,2,0,0,0,0,0,490,0,8,498,889
,31,YUCATAN,5,MERIDA,50,MERIDA,408,2,218,64,4,11,10,16,138,3,2,5,2,0,0,0,0,0,473,0,8,481,961
,31,YUCATAN,2,MERIDA,50,MERIDA,409,2,168,76,3,8,16,15,114,5,0,3,1,0,0,0,0,0,409,0,17,426,802
,31,YUCATAN,2,MERIDA,50,MERIDA,410,1,133,60,2,9,0,14,92,3,0,2,1,0,0,0,0,0,316,0,10,326,666
,31,YUCATAN,2,MERIDA,50,MERIDA,411,2,179,85,2,10,3,10,136,13,2,14,5,0,0,0,0,0,459,0,10,469,864
,31,YUCATAN,2,MERIDA,50,MERIDA,412,2,124,109,4,5,3,9,132,2,0,3,4,0,0,0,0,0,395,0,9,404,795
,31,YUCATAN,2,MERIDA,50,MERIDA,413,2,197,147,6,19,8,16,178,8,2,9,5,0,0,0,0,0,595,0,18,613,1176
,31,YUCATAN,2,MERIDA,50,MERIDA,414,2,294,134,2,65,5,31,170,4,4,7,5,0,0,0,0,0,721,1,11,733,1127
,31,YUCATAN,2,MERIDA,50,MERIDA,415,2,261,139,4,26,8,27,142,6,0,1,3,0,0,0,0,0,617,1,14,632,1052
,31,YUCATAN,2,MERIDA,50,MERIDA,416,2,245,117,5,33,1,17,148,3,3,6,2,0,0,0,0,0,580,1,14,595,1054
,31,YUCATAN,2,MERIDA,50,MERIDA,417,2,187,107,6,16,7,10,133,10,1,4,1,0,0,0,0,0,482,0,19,501,863
,31,YUCATAN,2,MERIDA,50,MERIDA,418,2,115,83,3,6,3,9,160,2,4,5,2,0,0,0,0,0,392,1,12,405,954
,31,YUCATAN,2,MERIDA,50,MERIDA,419,2,140,104,4,7,11,10,153,5,2,4,3,0,0,0,0,0,443,0,20,463,974
,31,YUCATAN,2,MERIDA,50,MERIDA,420,2,150,93,3,9,1,8,169,5,3,7,2,0,0,0,0,0,450,1,13,464,1019
,31,YUCATAN,2,MERIDA,50,MERIDA,421,2,142,98,4,5,7,13,144,3,1,16,3,0,0,0,0,0,436,0,18,454,844
,31,YUCATAN,2,MERIDA,50,MERIDA,422,2,165,116,6,9,2,11,147,6,1,7,3,0,0,0,0,0,473,0,23,496,973
,31,YUCATAN,2,MERIDA,50,MERIDA,423,1,148,85,6,7,14,14,73,3,3,10,2,0,0,0,0,0,365,2,11,378,735
,31,YUCATAN,2,MERIDA,50,MERIDA,424,1,75,69,8,12,2,7,52,3,2,6,2,0,0,0,0,0,238,0,4,242,441
,31,YUCATAN,2,MERIDA,50,MERIDA,425,1,104,48,0,4,2,9,74,0,1,3,0,0,0,0,0,0,245,,7,252,464
,31,YUCATAN,2,MERIDA,50,MERIDA,426,1,98,72,4,3,5,3,68,2,2,1,0,0,0,0,0,0,258,0,6,264,509
,31,YUCATAN,2,MERIDA,50,MERIDA,427,1,105,27,2,1,1,1,44,0,0,3,1,0,0,0,0,0,185,0,4,189,397
,31,YUCATAN,2,MERIDA,50,MERIDA,428,1,111,51,0,5,5,6,96,2,3,16,1,0,0,0,0,0,296,2,9,307,557
,31,YUCATAN,2,MERIDA,50,MERIDA,429,2,126,82,4,4,3,9,118,7,1,20,2,0,0,0,0,0,376,1,13,390,791
,31,YUCATAN,2,MERIDA,50,MERIDA,430,1,114,66,4,1,3,2,110,1,0,9,3,0,0,0,0,0,313,0,10,323,563
,31,YUCATAN,2,MERIDA,50,MERIDA,431,1,101,80,2,8,1,9,98,9,0,34,5,0,0,0,0,0,347,0,4,351,675
,31,YUCATAN,2,MERIDA,50,MERIDA,432,2,190,91,3,8,4,12,139,1,0,14,1,0,0,0,0,0,463,1,16,480,828
,31,YUCATAN,1,MERIDA,50,MERIDA,433,2,214,104,6,4,8,8,147,4,3,11,2,0,0,0,0,0,511,0,17,528,890
,31,YUCATAN,1,MERIDA,50,MERIDA,434,2,269,135,5,11,9,21,178,6,3,12,3,0,0,0,0,3,655,2,24,681,1179
,31,YUCATAN,1,MERIDA,50,MERIDA,435,2,192,104,4,6,2,12,161,6,1,4,2,0,0,0,0,0,494,0,11,505,1045
,31,YUCATAN,1,MERIDA,50,MERIDA,436,3,322,218,12,9,7,25,245,13,3,17,2,0,0,0,0,0,873,0,23,896,1587
,31,YUCATAN,1,MERIDA,50,MERIDA,437,2,227,82,2,9,1,10,162,1,2,21,1,0,0,1,0,0,519,0,20,539,969
,31,YUCATAN,1,MERIDA,50,MERIDA,438,2,256,125,4,8,3,7,174,10,2,27,1,0,0,0,0,0,617,2,12,631,1239
,31,YUCATAN,5,MERIDA,50,MERIDA,439,2,228,83,6,8,12,21,276,9,2,12,2,0,0,0,0,0,659,1,15,675,1398
,31,YUCATAN,5,MERIDA,50,MERIDA,440,2,205,96,7,15,1,5,269,6,1,18,3,0,0,0,0,0,626,0,13,639,1477
,31,YUCATAN,5,MERIDA,50,MERIDA,441,3,214,150,5,18,6,22,229,8,5,23,2,0,0,0,0,0,682,0,17,699,1509
,31,YUCATAN,5,MERIDA,50,MERIDA,442,2,150,61,1,10,4,10,176,5,1,2,12,0,0,0,0,0,432,0,4,436,937
,31,YUCATAN,5,MERIDA,50,MERIDA,443,2,120,90,6,13,4,7,162,2,2,13,1,0,0,0,0,0,420,1,16,437,866
,31,YUCATAN,5,MERIDA,50,MERIDA,444,2,133,52,3,13,3,11,130,2,1,26,2,0,0,0,0,0,376,0,10,386,767
,31,YUCATAN,5,MERIDA,50,MERIDA,445,2,132,116,1,7,5,14,181,5,3,21,3,0,0,0,0,0,488,1,13,502,1007
,31,YUCATAN,5,MERIDA,50,MERIDA,446,2,173,148,2,14,7,11,192,10,4,16,0,0,0,0,0,0,577,0,12,589,1223
,31,YUCATAN,1,MERIDA,50,MERIDA,447,2,212,118,2,1,0,13,221,10,2,19,4,0,0,0,0,0,602,0,20,622,1130
,31,YUCATAN,1,MERIDA,50,MERIDA,448,2,286,153,4,3,6,7,235,7,3,42,4,0,0,0,0,0,750,0,21,771,1362
,31,YUCATAN,1,MERIDA,50,MERIDA,449,2,242,131,2,9,2,15,261,9,4,24,6,0,0,0,0,0,705,1,24,730,1258
,31,YUCATAN,1,MERIDA,50,MERIDA,450,2,272,125,3,6,4,15,158,7,3,24,3,0,0,1,0,0,621,0,27,648,1125
,31,YUCATAN,1,MERIDA,50,MERIDA,451,2,294,146,12,9,5,20,233,11,6,16,2,0,0,0,0,1,755,0,17,772,1371
,31,YUCATAN,1,MERIDA,50,MERIDA,452,2,261,183,5,10,9,20,152,4,7,7,2,0,0,1,0,0,661,0,19,680,1241
,31,YUCATAN,1,MERIDA,50,MERIDA,453,2,156,87,1,9,3,8,138,5,1,6,0,0,0,1,0,0,415,1,13,429,883
,31,YUCATAN,1,MERIDA,50,MERIDA,454,2,218,117,10,6,10,17,187,8,1,11,3,0,0,1,0,0,589,0,19,608,1034
,31,YUCATAN,1,MERIDA,50,MERIDA,455,2,270,141,2,11,7,24,189,4,3,22,1,0,0,0,0,0,674,0,14,688,1254
,31,YUCATAN,1,MERIDA,50,MERIDA,456,2,110,91,3,7,4,7,163,2,3,4,4,0,0,0,0,0,398,0,12,410,758
,31,YUCATAN,2,MERIDA,50,MERIDA,457,1,76,37,3,2,3,9,88,4,1,7,0,0,0,0,0,0,230,,12,242,494
,31,YUCATAN,2,MERIDA,50,MERIDA,458,1,115,50,4,3,2,14,103,1,1,6,3,0,0,0,0,0,302,1,11,314,635
,31,YUCATAN,2,MERIDA,50,MERIDA,459,1,50,28,0,0,2,2,39,2,0,2,0,0,0,0,0,0,125,0,4,129,353
,31,YUCATAN,2,MERIDA,50,MERIDA,460,1,113,16,1,4,0,5,42,2,0,0,1,0,0,0,0,0,184,0,2,186,443
,31,YUCATAN,2,MERIDA,50,MERIDA,461,1,99,61,2,2,4,9,68,3,2,2,5,0,0,0,0,0,257,1,6,264,526
,31,YUCATAN,2,MERIDA,50,MERIDA,462,1,105,52,10,2,2,4,52,2,1,2,1,0,0,0,0,0,233,,7,240,460
,31,YUCATAN,2,MERIDA,50,MERIDA,463,1,131,55,1,6,3,17,73,2,2,1,3,0,0,0,0,0,294,0,6,300,515
,31,YUCATAN,2,MERIDA,50,MERIDA,464,1,96,56,2,3,0,4,44,4,2,1,1,0,0,0,0,0,213,2,3,218,341
,31,YUCATAN,2,MERIDA,50,MERIDA,465,2,202,96,4,14,3,15,151,4,2,4,4,0,0,0,0,0,499,1,21,521,1040
,31,YUCATAN,2,MERIDA,50,MERIDA,466,2,170,112,8,16,2,28,170,4,4,4,0,0,0,0,0,0,518,0,4,522,959
,31,YUCATAN,2,MERIDA,50,MERIDA,467,2,165,88,8,13,7,15,178,5,0,5,6,0,0,0,0,0,490,1,11,502,921
,31,YUCATAN,2,MERIDA,50,MERIDA,468,2,257,115,6,28,3,12,205,8,3,7,1,0,0,0,0,0,645,1,30,676,1292
,31,YUCATAN,3,MERIDA,50,MERIDA,469,2,124,88,1,9,4,7,165,7,0,4,1,0,0,0,0,0,410,,12,422,861
,31,YUCATAN,3,MERIDA,50,MERIDA,470,2,167,102,6,8,1,13,137,6,2,8,2,0,0,0,0,0,452,,12,464,909
,31,YUCATAN,3,MERIDA,50,MERIDA,471,5,449,265,10,31,16,31,463,11,7,25,8,0,0,104,0,45,1465,1,30,1496,3627
,31,YUCATAN,3,MERIDA,50,MERIDA,472,3,310,161,7,14,16,31,269,10,2,18,9,0,0,0,0,2,849,1,15,865,1743
,31,YUCATAN,3,MERIDA,50,MERIDA,473,17,1429,910,24,113,44,126,1566,57,23,92,29,0,0,101,0,45,4559,2,93,4654,12244
,31,YUCATAN,3,MERIDA,50,MERIDA,475,3,144,101,3,13,5,17,155,3,1,7,1,0,0,0,0,0,450,1,11,462,1603
,31,YUCATAN,3,MERIDA,50,MERIDA,476,26,2232,1025,31,155,76,154,2297,85,24,81,55,0,0,90,0,46,6351,3,118,6472,17752
,31,YUCATAN,3,MERIDA,50,MERIDA,477,5,456,251,12,34,11,35,427,11,9,17,7,0,0,2,0,0,1272,2,23,1297,3122
,31,YUCATAN,2,MERIDA,50,MERIDA,478,2,166,79,8,14,10,9,203,7,2,17,2,0,0,0,0,0,517,1,28,546,1231
,31,YUCATAN,2,MERIDA,50,MERIDA,479,2,144,158,7,12,4,4,139,1,0,4,4,0,0,0,0,0,477,0,15,492,872
,31,YUCATAN,2,MERIDA,50,MERIDA,480,2,165,79,6,13,6,7,172,3,6,6,2,0,0,0,0,0,465,0,19,484,979
,31,YUCATAN,1,MERIDA,50,MERIDA,481,1,151,57,1,4,3,4,91,2,4,6,0,0,0,0,0,1,324,0,4,328,617
,31,YUCATAN,1,MERIDA,50,MERIDA,482,2,149,62,2,8,1,17,153,5,6,9,3,0,0,1,0,0,416,1,5,422,765
,31,YUCATAN,1,MERIDA,50,MERIDA,483,2,237,110,4,5,7,14,142,3,6,8,4,0,0,0,0,2,542,0,14,556,948
,31,YUCATAN,1,MERIDA,50,MERIDA,484,2,219,106,3,7,5,17,97,3,3,4,0,0,0,0,0,1,465,0,11,476,821
,31,YUCATAN,1,MERIDA,50,MERIDA,485,1,197,124,6,5,6,8,106,4,4,9,2,0,0,0,0,1,472,1,15,488,747
,31,YUCATAN,1,MERIDA,50,MERIDA,486,2,300,163,4,8,10,24,132,7,3,17,4,0,0,0,0,1,673,1,12,686,1172
,31,YUCATAN,1,MERIDA,50,MERIDA,487,2,251,136,4,7,5,14,167,5,2,9,4,0,0,0,0,0,604,0,20,624,1088
,31,YUCATAN,1,MERIDA,50,MERIDA,488,3,360,222,9,12,7,24,321,9,4,19,4,0,0,0,0,1,992,0,20,1012,2115
,31,YUCATAN,1,MERIDA,50,MERIDA,489,2,185,140,2,5,11,11,170,7,1,9,4,0,0,0,0,0,545,0,19,564,1085
,31,YUCATAN,1,MERIDA,50,MERIDA,490,2,219,146,3,6,6,18,198,6,3,33,5,0,0,0,0,1,644,0,26,670,1231
,31,YUCATAN,1,MERIDA,50,MERIDA,491,3,235,192,7,17,6,12,285,4,4,73,4,0,0,0,0,1,840,1,41,882,1744
,31,YUCATAN,1,MERIDA,50,MERIDA,492,3,251,183,8,5,3,11,223,5,1,43,8,0,0,0,0,1,742,0,28,770,1592
,31,YUCATAN,1,MERIDA,50,MERIDA,493,3,291,158,9,12,9,16,245,5,5,18,3,0,0,0,0,0,771,1,32,804,1572
,31,YUCATAN,1,MERIDA,50,MERIDA,494,5,568,331,11,21,17,33,376,26,8,35,10,0,0,1,0,1,1438,0,31,1469,3076
,31,YUCATAN,1,MERIDA,50,MERIDA,495,2,226,134,4,7,3,6,160,9,2,15,3,0,0,0,0,0,569,1,17,587,1179
,31,YUCATAN,1,MERIDA,50,MERIDA,496,2,352,139,2,7,7,16,225,7,2,13,1,0,0,0,0,1,772,1,18,791,1492
,31,YUCATAN,1,MERIDA,50,MERIDA,497,1,137,88,2,3,3,5,105,7,2,2,1,0,0,0,0,0,355,0,10,365,607
,31,YUCATAN,2,MERIDA,50,MERIDA,498,2,130,99,3,12,7,7,171,4,0,4,2,0,0,0,0,0,439,0,8,447,978
,31,YUCATAN,2,MERIDA,50,MERIDA,499,2,130,80,5,8,3,6,178,10,2,9,0,0,0,0,0,0,431,0,16,447,951
,31,YUCATAN,2,MERIDA,50,MERIDA,500,3,228,136,13,23,6,17,282,11,8,16,5,0,0,0,0,0,745,0,35,780,1819
,31,YUCATAN,2,MERIDA,50,MERIDA,501,1,131,67,2,7,0,9,73,3,2,3,4,0,0,0,0,0,301,1,7,309,596
,31,YUCATAN,1,MERIDA,50,MERIDA,502,1,120,76,3,6,6,7,114,1,1,1,4,0,0,0,0,0,339,0,16,355,653
,31,YUCATAN,1,MERIDA,50,MERIDA,503,1,141,77,4,5,3,12,95,3,1,2,1,0,0,0,0,1,345,1,8,354,674
,31,YUCATAN,1,MERIDA,50,MERIDA,504,2,197,135,1,8,3,16,203,6,4,1,1,0,0,0,0,2,577,0,25,602,1144
,31,YUCATAN,1,MERIDA,50,MERIDA,505,2,162,98,1,4,4,14,160,6,3,8,3,0,0,0,0,1,464,0,12,476,926
,31,YUCATAN,1,MERIDA,50,MERIDA,506,2,216,127,5,6,2,12,134,15,1,10,3,0,0,0,0,0,531,1,18,550,919
,31,YUCATAN,1,MERIDA,50,MERIDA,507,2,169,107,0,6,2,5,124,7,2,8,3,0,0,0,0,0,433,0,21,454,849
,31,YUCATAN,1,MERIDA,50,MERIDA,508,5,598,265,8,15,8,35,469,16,5,24,6,0,0,0,0,2,1451,0,54,1505,3191
,31,YUCATAN,1,MERIDA,50,MERIDA,509,2,160,104,2,9,1,5,132,3,1,13,2,0,0,0,0,1,433,0,8,441,795
,31,YUCATAN,1,MERIDA,50,MERIDA,510,14,1678,985,19,56,49,68,1208,68,33,87,22,0,0,1,0,6,4280,1,124,4405,10490
,31,YUCATAN,1,MERIDA,50,MERIDA,511,2,179,103,1,5,8,25,139,2,3,6,2,0,0,0,0,0,473,0,12,485,950
,31,YUCATAN,1,MERIDA,50,MERIDA,512,3,341,134,4,12,11,16,234,7,3,22,2,0,0,0,0,1,787,0,28,815,1523
,31,YUCATAN,1,MERIDA,50,MERIDA,513,2,284,102,3,5,7,15,180,10,1,10,4,0,0,1,0,1,623,0,23,646,1345
,31,YUCATAN,1,MERIDA,50,MERIDA,514,2,227,98,5,6,7,17,178,10,5,8,3,0,0,0,0,1,565,0,19,584,1084
,31,YUCATAN,1,MERIDA,50,MERIDA,515,3,287,144,3,12,11,32,301,14,6,7,6,0,0,1,0,0,824,1,15,840,1697
,31,YUCATAN,1,MERIDA,50,MERIDA,516,2,193,114,2,12,3,10,147,7,4,1,6,0,0,0,0,0,499,0,20,519,1010
,31,YUCATAN,1,MERIDA,50,MERIDA,517,2,147,77,1,2,2,8,130,6,0,3,1,0,0,0,0,1,378,0,11,389,1470
,31,YUCATAN,1,MERIDA,50,MERIDA,518,2,141,126,1,6,5,9,153,10,3,2,3,0,0,0,0,0,459,1,16,476,815
,31,YUCATAN,1,MERIDA,50,MERIDA,519,2,237,189,3,12,8,14,210,4,7,8,3,0,0,0,0,0,695,0,25,720,1460
,31,YUCATAN,1,MERIDA,50,MERIDA,520,2,210,151,6,5,2,11,178,6,3,9,10,0,0,0,0,3,594,0,10,604,1063
,31,YUCATAN,2,MERIDA,50,MERIDA,521,1,98,71,2,5,3,8,98,4,2,2,3,0,0,0,0,0,296,0,8,304,586
,31,YUCATAN,2,MERIDA,50,MERIDA,522,2,167,149,2,3,3,7,135,5,1,8,5,0,0,0,0,0,485,0,17,502,908
,31,YUCATAN,2,MERIDA,50,MERIDA,523,2,214,134,7,3,6,9,245,4,2,1,3,0,0,0,0,0,628,0,23,651,1231
,31,YUCATAN,2,MERIDA,50,MERIDA,524,1,144,67,1,5,3,5,121,1,5,9,4,0,0,0,0,0,365,0,13,378,734
,31,YUCATAN,1,MERIDA,50,MERIDA,525,2,114,123,2,25,1,6,137,3,3,8,0,0,0,0,0,0,422,1,15,438,865
,31,YUCATAN,1,MERIDA,50,MERIDA,526,2,245,110,5,18,8,11,208,13,3,10,4,0,0,1,0,1,637,0,16,653,1368
,31,YUCATAN,1,MERIDA,50,MERIDA,527,3,378,147,9,12,9,32,258,4,2,8,10,0,0,0,0,0,869,0,21,890,1685
,31,YUCATAN,1,MERIDA,50,MERIDA,528,2,306,166,5,13,6,25,231,6,17,10,8,0,0,0,0,0,793,0,14,807,1495
,31,YUCATAN,1,MERIDA,50,MERIDA,529,2,191,118,5,4,7,12,235,21,4,4,4,0,0,0,0,2,607,0,15,622,1297
,31,YUCATAN,1,MERIDA,50,MERIDA,530,3,314,162,6,15,5,11,250,25,1,15,4,0,0,0,0,1,809,0,31,840,1798
,31,YUCATAN,1,MERIDA,50,MERIDA,531,2,209,94,4,5,6,10,159,9,1,11,2,0,0,0,0,0,510,0,14,524,902
,31,YUCATAN,1,MERIDA,50,MERIDA,532,3,250,175,4,15,11,15,317,8,3,6,5,0,0,1,0,0,810,0,26,836,1971
,31,YUCATAN,1,MERIDA,50,MERIDA,533,2,225,95,3,12,9,11,173,11,4,2,5,0,0,0,0,0,550,0,15,565,1115
,31,YUCATAN,1,MERIDA,50,MERIDA,534,2,234,161,2,7,6,24,217,15,3,3,6,0,0,0,0,1,679,1,30,710,1123
,31,YUCATAN,1,MERIDA,50,MERIDA,535,2,200,98,7,7,14,7,155,4,5,3,3,0,0,0,0,0,503,0,30,533,1058
,31,YUCATAN,1,MERIDA,50,MERIDA,536,2,207,102,3,5,4,12,185,3,2,13,1,0,0,0,0,1,538,0,16,554,1053
,31,YUCATAN,1,MERIDA,50,MERIDA,537,2,276,187,6,7,7,13,190,11,2,22,6,0,0,0,0,0,727,0,34,761,1425
,31,YUCATAN,1,MERIDA,50,MERIDA,538,2,235,183,1,8,13,24,205,10,3,31,5,0,0,0,0,1,719,1,20,740,1334
,31,YUCATAN,1,MERIDA,50,MERIDA,539,2,204,100,2,6,7,14,131,3,5,13,3,0,0,0,0,0,488,0,14,502,952
,31,YUCATAN,2,MERIDA,50,MERIDA,540,2,171,151,1,15,4,10,163,2,4,9,6,0,0,0,0,0,536,1,17,554,998
,31,YUCATAN,7,MERIDA,50,MERIDA,541,2,177,116,3,11,9,13,180,6,1,4,0,0,0,0,0,0,520,0,13,533,952
,31,YUCATAN,7,MERIDA,50,MERIDA,542,2,167,116,10,13,8,7,172,0,1,8,2,0,0,0,0,0,504,1,13,518,936
,31,YUCATAN,1,MERIDA,50,MERIDA,543,2,155,128,3,4,3,19,141,3,1,7,4,0,0,0,0,0,468,0,13,481,830
,31,YUCATAN,7,MERIDA,50,MERIDA,544,2,164,136,3,9,7,11,156,7,5,4,4,0,0,0,0,0,506,0,16,522,985
,31,YUCATAN,7,MERIDA,50,MERIDA,545,2,186,121,2,12,8,10,158,8,1,5,3,0,0,0,0,0,514,0,19,533,1022
,31,YUCATAN,1,MERIDA,50,MERIDA,546,2,192,213,4,6,4,13,216,12,6,6,4,0,0,1,0,0,677,0,28,705,1281
,31,YUCATAN,1,MERIDA,50,MERIDA,547,2,168,90,5,5,9,9,199,9,6,13,6,0,0,0,0,2,521,1,13,535,1003
,31,YUCATAN,1,MERIDA,50,MERIDA,548,2,165,66,0,6,12,16,191,4,4,7,1,0,0,0,0,0,472,0,17,489,904
,31,YUCATAN,1,MERIDA,50,MERIDA,549,2,213,181,6,7,8,11,286,12,9,7,5,0,0,1,0,0,746,2,11,759,1312
,31,YUCATAN,1,MERIDA,50,MERIDA,550,1,159,107,6,4,6,12,107,1,4,3,10,0,0,0,0,0,419,0,14,433,696
,31,YUCATAN,1,MERIDA,50,MERIDA,551,2,240,119,6,7,6,19,174,6,1,16,0,0,0,0,0,1,595,0,23,618,1154
,31,YUCATAN,1,MERIDA,50,MERIDA,552,2,185,79,2,5,3,8,109,4,3,6,5,0,0,1,0,0,410,0,13,423,945
,31,YUCATAN,1,MERIDA,50,MERIDA,553,2,188,82,9,5,11,14,142,6,4,6,1,0,0,0,0,0,468,0,10,478,1106
,31,YUCATAN,1,MERIDA,50,MERIDA,554,2,101,108,7,11,9,14,176,2,7,4,3,0,0,0,0,0,442,0,13,455,999
,31,YUCATAN,1,MERIDA,50,MERIDA,555,2,166,106,7,10,7,9,153,14,1,8,5,0,0,0,0,0,486,1,14,501,1010
,31,YUCATAN,1,MERIDA,50,MERIDA,556,2,197,135,6,3,5,8,142,5,5,3,2,0,0,0,0,0,511,1,11,523,1072
,31,YUCATAN,1,MERIDA,50,MERIDA,557,2,219,142,5,9,3,13,202,5,1,7,0,0,0,0,0,0,606,0,20,626,1289
,31,YUCATAN,1,MERIDA,50,MERIDA,558,2,135,150,2,9,1,13,167,5,4,5,4,0,0,1,0,0,496,0,15,511,984
,31,YUCATAN,1,MERIDA,50,MERIDA,559,2,167,121,2,11,8,4,183,8,8,9,2,0,0,0,0,0,523,0,23,546,1088
,31,YUCATAN,7,MERIDA,50,MERIDA,560,2,153,110,5,4,4,6,138,6,2,12,1,0,0,1,0,0,442,0,25,467,926
,31,YUCATAN,7,MERIDA,50,MERIDA,561,2,194,136,4,6,6,21,201,6,8,7,5,0,0,0,0,0,594,2,25,621,1094
,31,YUCATAN,7,MERIDA,50,MERIDA,562,2,183,132,2,2,17,10,155,2,3,6,1,0,0,0,0,0,513,0,12,525,973
,31,YUCATAN,7,MERIDA,50,MERIDA,563,2,179,153,3,5,6,18,169,4,2,4,0,0,0,1,0,0,544,0,22,566,1016
,31,YUCATAN,7,MERIDA,50,MERIDA,564,2,204,126,3,12,6,17,230,3,4,14,8,0,0,0,0,0,627,1,25,653,1291
,31,YUCATAN,7,MERIDA,50,MERIDA,565,2,139,96,2,10,2,9,141,5,1,23,3,0,0,0,0,0,431,0,14,445,946
,31,YUCATAN,7,MERIDA,50,MERIDA,566,2,169,80,4,9,4,22,204,5,1,14,4,0,0,0,0,0,516,0,24,540,1278
,31,YUCATAN,7,MERIDA,50,MERIDA,567,2,161,152,3,10,6,22,192,4,4,9,1,0,0,0,0,0,564,0,22,586,1141
,31,YUCATAN,7,MERIDA,50,MERIDA,568,2,121,139,5,4,2,3,155,6,0,6,4,0,0,0,0,0,445,1,18,464,956
,31,YUCATAN,1,MERIDA,50,MERIDA,569,2,216,121,5,6,9,8,210,5,2,11,5,0,0,0,0,0,598,0,14,612,1260
,31,YUCATAN,1,MERIDA,50,MERIDA,570,4,424,240,6,18,12,40,282,15,3,15,5,0,0,0,0,1,1061,0,38,1099,2809
,31,YUCATAN,7,MERIDA,50,MERIDA,571,2,139,95,4,4,5,11,130,4,4,5,0,0,0,0,0,0,401,0,15,416,964
,31,YUCATAN,7,MERIDA,50,MERIDA,572,2,116,117,4,3,3,16,116,0,2,3,2,0,0,0,0,0,382,0,16,398,763
,31,YUCATAN,7,MERIDA,50,MERIDA,573,2,131,95,3,5,2,10,125,3,5,4,3,0,0,0,0,0,386,0,19,405,803
,31,YUCATAN,7,MERIDA,50,MERIDA,574,2,132,101,0,9,6,15,168,6,2,4,3,0,0,0,0,0,446,0,23,469,1008
,31,YUCATAN,7,MERIDA,50,MERIDA,575,2,148,126,2,3,2,18,181,3,3,8,2,0,0,0,0,0,496,2,19,517,1222
,31,YUCATAN,7,MERIDA,50,MERIDA,576,2,161,131,8,12,2,3,155,4,2,10,2,0,0,0,0,0,490,0,22,512,1112
,31,YUCATAN,7,MERIDA,50,MERIDA,577,2,144,130,7,6,6,17,182,3,0,12,5,0,0,0,0,0,512,0,30,542,1311
,31,YUCATAN,7,MERIDA,50,MERIDA,578,9,923,603,17,24,38,49,1065,38,15,78,25,0,0,119,0,0,2994,1,82,3077,6659
,31,YUCATAN,7,MERIDA,50,MERIDA,579,2,150,97,0,9,8,14,153,6,2,6,5,0,0,6,0,0,456,0,19,475,876
,31,YUCATAN,7,MERIDA,50,MERIDA,580,3,255,174,9,10,11,19,232,5,7,3,4,0,0,0,0,0,729,1,32,762,2051
,31,YUCATAN,7,MERIDA,50,MERIDA,581,6,411,247,9,20,13,42,467,19,2,25,13,0,0,1,0,0,1269,1,54,1324,3797
,31,YUCATAN,2,MERIDA,50,MERIDA,582,2,122,73,2,8,0,7,143,3,2,8,2,0,0,0,0,0,370,0,13,383,825
,31,YUCATAN,2,MERIDA,50,MERIDA,583,1,160,68,2,11,1,16,75,2,3,1,3,0,0,0,0,0,342,0,11,353,702
,31,YUCATAN,2,MERIDA,50,MERIDA,584,1,53,27,1,2,0,3,51,3,1,4,1,0,0,0,0,0,146,0,1,147,320
,31,YUCATAN,2,MERIDA,50,MERIDA,585,1,59,25,0,0,2,7,58,0,0,1,1,0,0,0,0,0,153,,2,155,403
,31,YUCATAN,2,MERIDA,50,MERIDA,586,1,76,63,3,8,9,10,68,5,3,3,2,0,0,0,0,0,250,0,12,262,562
,31,YUCATAN,2,MERIDA,50,MERIDA,587,1,117,74,4,4,2,13,104,5,1,4,2,0,0,0,0,0,330,0,8,338,744
,31,YUCATAN,2,MERIDA,50,MERIDA,588,3,147,83,3,30,2,13,183,6,3,10,3,0,0,0,0,0,483,6,29,518,1087
,31,YUCATAN,2,MERIDA,50,MERIDA,589,2,199,108,6,23,0,9,188,4,1,12,3,0,0,0,0,0,553,0,24,577,1183
,31,YUCATAN,2,MERIDA,50,MERIDA,590,2,176,126,1,7,4,22,223,6,1,11,4,0,0,0,0,0,581,0,14,595,1167
,31,YUCATAN,2,MERIDA,50,MERIDA,591,1,99,60,3,5,3,13,107,3,2,4,3,0,0,0,0,0,302,0,9,311,521
,31,YUCATAN,2,MERIDA,50,MERIDA,592,1,94,48,3,4,1,10,65,4,0,4,3,0,0,0,0,0,236,0,7,243,565
,31,YUCATAN,2,MERIDA,50,MERIDA,593,1,78,94,2,4,6,6,108,3,2,5,1,0,0,0,0,0,309,2,7,318,708
,31,YUCATAN,2,MERIDA,50,MERIDA,594,2,231,143,5,14,7,21,207,5,3,4,5,0,0,0,0,0,645,1,26,672,1438
,31,YUCATAN,2,MERIDA,50,MERIDA,595,1,67,86,7,4,2,1,97,0,0,6,0,0,0,0,0,0,270,0,8,278,568
,31,YUCATAN,2,MERIDA,50,MERIDA,596,2,178,119,2,13,3,11,213,7,2,4,3,0,0,0,0,0,555,1,9,565,1076
,31,YUCATAN,2,MERIDA,50,MERIDA,597,2,103,81,4,8,8,15,98,0,0,1,0,0,0,0,0,0,318,1,19,338,865
,31,YUCATAN,2,MERIDA,50,MERIDA,598,2,187,87,15,7,0,7,152,7,2,3,1,0,0,0,0,0,468,0,18,486,1093
,31,YUCATAN,2,MERIDA,50,MERIDA,599,2,137,112,29,10,8,5,141,5,1,14,3,0,0,0,0,0,465,0,12,477,973
,31,YUCATAN,2,MERIDA,50,MERIDA,600,3,311,186,6,16,9,28,301,7,4,17,7,0,0,0,0,0,892,0,21,913,2002
,31,YUCATAN,2,MERIDA,50,MERIDA,601,2,155,106,5,14,2,15,179,7,0,6,1,0,0,0,0,0,490,0,12,502,961
,31,YUCATAN,2,MERIDA,50,MERIDA,602,2,121,133,2,6,0,15,169,2,2,6,0,0,0,0,0,0,456,0,17,473,994
,31,YUCATAN,2,MERIDA,50,MERIDA,603,3,208,160,9,12,11,11,361,5,6,15,0,0,0,0,0,0,798,,25,823,1762
,31,YUCATAN,2,MERIDA,50,MERIDA,604,3,214,173,5,10,6,17,241,11,2,17,8,0,0,0,0,0,704,1,31,736,1556
,31,YUCATAN,2,MERIDA,50,MERIDA,605,2,170,199,4,11,4,7,174,3,1,18,4,0,0,0,0,0,595,0,21,616,1325
,31,YUCATAN,2,MERIDA,50,MERIDA,606,2,148,153,5,8,5,14,250,2,2,11,7,0,0,0,0,0,605,1,14,620,1429
,31,YUCATAN,2,MERIDA,50,MERIDA,607,2,184,141,6,8,7,12,166,6,1,7,8,0,0,0,0,0,546,1,25,572,1247
,31,YUCATAN,2,MERIDA,50,MERIDA,608,4,436,330,12,34,16,29,392,7,4,10,12,0,0,0,0,0,1282,0,47,1329,2666
,31,YUCATAN,7,MERIDA,50,MERIDA,609,2,219,137,12,3,11,14,246,4,4,3,10,0,0,0,0,0,663,0,26,689,1418
,31,YUCATAN,7,MERIDA,50,MERIDA,610,2,182,126,14,5,10,13,237,5,4,12,4,0,0,0,0,0,612,0,27,639,1368
,31,YUCATAN,7,MERIDA,50,MERIDA,611,9,607,316,26,25,30,50,887,26,20,34,11,0,0,0,0,0,2032,2,79,2113,6028
,31,YUCATAN,7,MERIDA,50,MERIDA,612,3,208,198,8,20,17,41,292,8,11,8,8,0,0,1,0,0,820,0,25,845,1735
,31,YUCATAN,7,MERIDA,50,MERIDA,613,2,161,154,2,10,10,6,153,8,3,6,2,0,0,0,0,0,515,0,20,535,1185
,31,YUCATAN,7,MERIDA,50,MERIDA,614,2,185,162,5,10,11,13,181,5,1,5,0,0,0,0,0,0,578,2,23,603,1394
,31,YUCATAN,7,MERIDA,50,MERIDA,615,2,232,133,4,5,16,10,195,9,3,10,1,0,0,0,0,0,618,2,17,637,1215
,31,YUCATAN,7,MERIDA,50,MERIDA,616,2,212,117,4,6,12,12,177,5,1,12,0,0,0,1,0,0,559,1,18,578,1102
,31,YUCATAN,7,MERIDA,50,MERIDA,617,1,86,68,3,4,59,12,85,1,0,3,1,0,0,0,0,0,322,0,10,332,644
,31,YUCATAN,7,MERIDA,50,MERIDA,618,2,195,141,5,8,69,19,198,3,3,3,4,0,0,0,0,0,648,0,27,675,1215
,31,YUCATAN,7,MERIDA,50,MERIDA,619,2,184,137,4,5,29,11,212,2,1,6,9,0,0,0,0,0,600,0,20,620,1145
,31,YUCATAN,7,MERIDA,50,MERIDA,620,3,246,188,6,7,13,18,273,12,2,20,8,0,0,1,0,0,794,1,36,831,2052
,31,YUCATAN,7,MERIDA,50,MERIDA,621,3,191,167,2,11,6,25,277,7,2,20,11,0,0,0,0,0,719,0,34,753,1591
,31,YUCATAN,7,MERIDA,50,MERIDA,622,2,156,126,5,13,6,15,174,3,1,5,8,0,0,0,0,0,512,0,34,546,1085
,31,YUCATAN,7,MERIDA,50,MERIDA,623,2,165,128,8,15,10,16,192,4,2,1,8,0,0,0,0,0,549,1,23,573,1377
,31,YUCATAN,7,MERIDA,50,MERIDA,624,3,182,115,9,12,3,12,207,6,2,8,5,0,0,1,0,0,562,0,37,599,1513
,31,YUCATAN,7,MERIDA,50,MERIDA,625,20,1382,862,39,112,42,89,1335,75,21,88,19,0,0,0,0,0,4064,2,149,4215,13734
,31,YUCATAN,7,MERIDA,50,MERIDA,626,6,571,244,17,21,27,33,603,18,7,15,12,0,0,11,0,0,1579,1,51,1631,4348
,31,YUCATAN,7,MERIDA,50,MERIDA,627,4,390,192,7,16,14,44,522,11,7,17,5,0,0,8,0,0,1233,0,59,1292,2809
,31,YUCATAN,7,MERIDA,50,MERIDA,628,10,726,526,25,73,34,56,806,40,8,57,11,0,0,0,0,0,2362,0,99,2461,7446
,31,YUCATAN,4,MERIDA,50,MERIDA,629,1,137,51,2,0,3,11,57,2,3,0,0,0,0,0,0,0,266,0,7,273,459
,31,YUCATAN,4,MERIDA,50,MERIDA,630,1,188,71,4,2,1,11,88,1,4,2,2,0,0,0,0,0,374,0,8,382,591
,31,YUCATAN,4,MERIDA,50,MERIDA,631,2,204,135,1,13,7,32,146,5,1,3,6,0,0,0,0,0,553,0,21,574,1055
,31,YUCATAN,4,MERIDA,50,MERIDA,632,2,211,139,3,14,5,15,212,3,6,10,7,0,0,0,0,0,625,0,17,642,1024
,31,YUCATAN,4,MERIDA,50,MERIDA,633,2,347,152,3,7,5,21,218,5,5,5,5,0,0,0,0,0,773,0,26,799,1269
,31,YUCATAN,4,MERIDA,50,MERIDA,634,3,259,193,9,8,3,26,299,15,8,8,3,0,0,0,0,0,831,1,24,856,1875
,31,YUCATAN,4,MERIDA,50,MERIDA,635,3,244,230,0,11,8,17,261,15,6,8,2,0,0,2,0,0,804,0,22,826,1761
,31,YUCATAN,4,MERIDA,50,MERIDA,636,4,1124,107,18,6,1,7,70,4,1,2,2,0,0,0,0,0,1342,1,5,1348,1766
,31,YUCATAN,4,MERIDA,50,MERIDA,637,5,585,316,12,8,9,22,377,9,5,9,6,0,0,1,0,0,1359,0,41,1400,3214
,31,YUCATAN,4,MERIDA,50,MERIDA,638,13,2540,614,36,52,31,127,947,26,10,33,17,0,0,3,0,0,4436,1,72,4509,9005
,31,YUCATAN,4,MERIDA,50,MERIDA,639,17,3227,791,52,67,31,119,1207,41,14,40,19,0,0,1,0,0,5609,2,101,5712,11413
,31,YUCATAN,4,MERIDA,50,MERIDA,640,5,1263,294,11,9,4,24,246,8,4,7,9,0,0,0,0,0,1879,0,32,1911,2881
,31,YUCATAN,4,MERIDA,50,MERIDA,641,5,1056,352,24,24,9,28,373,7,3,14,2,0,0,2,0,0,1894,0,50,1944,3624
,31,YUCATAN,4,MERIDA,50,MERIDA,642,12,2428,729,40,35,19,73,767,22,6,26,17,0,0,3,0,0,4165,3,58,4226,7215
,31,YUCATAN,4,MERIDA,50,MERIDA,643,11,1795,497,33,54,16,93,1033,44,12,64,20,0,0,4,0,0,3665,2,75,3742,7438
,31,YUCATAN,3,MERIDA,50,MERIDA,644,6,630,284,12,25,16,33,451,13,11,14,11,0,0,1,0,0,1501,,31,1532,4159
,31,YUCATAN,4,MERIDA,50,MERIDA,646,4,566,276,13,22,4,28,312,12,6,22,7,0,0,0,0,0,1268,1,33,1302,2859
,31,YUCATAN,4,MERIDA,50,MERIDA,647,1,125,103,3,2,4,5,104,4,4,4,4,0,0,0,0,0,362,0,21,383,554
,31,YUCATAN,3,MERIDA,50,MERIDA,648,3,487,227,5,23,7,15,207,2,2,21,9,0,0,169,0,64,1238,1,26,1265,1905
,31,YUCATAN,7,MERIDA,50,MERIDA,649,12,986,662,28,49,45,61,918,25,23,49,84,0,0,1,0,0,2931,1,117,3049,8336
,31,YUCATAN,7,MERIDA,50,MERIDA,650,13,1044,878,33,39,32,74,1051,55,25,52,13,0,0,0,0,0,3296,0,121,3417,7898
,31,YUCATAN,7,MERIDA,50,MERIDA,651,1,122,66,1,1,6,1,61,1,1,3,3,0,0,0,0,0,266,0,17,283,522
,31,YUCATAN,7,MERIDA,50,MERIDA,652,5,597,639,13,11,10,13,250,42,8,21,8,0,0,0,0,0,1612,1,78,1691,2409
,31,YUCATAN,7,MERIDA,50,MERIDA,653,5,647,658,4,9,32,50,268,18,6,31,22,0,0,1,0,0,1746,0,49,1795,3324
,31,YUCATAN,7,MERIDA,50,MERIDA,654,3,477,276,8,14,4,9,271,13,3,28,7,0,0,0,0,0,1110,0,24,1134,1747
,31,YUCATAN,7,MERIDA,50,MERIDA,655,2,325,315,2,13,2,3,80,5,6,11,4,0,0,0,0,0,766,0,26,792,1038
,31,YUCATAN,7,MERIDA,50,MERIDA,656,1,141,225,1,17,3,5,83,0,3,3,1,0,0,0,0,0,482,0,20,502,729
,31,YUCATAN,9,PROGRESO,51,MOCOCHA,657,1,279,227,1,5,0,13,83,3,0,2,17,0,0,3,0,0,633,0,12,645,742
,31,YUCATAN,9,PROGRESO,51,MOCOCHA,658,2,440,471,3,8,2,21,157,1,0,2,28,0,0,2,0,0,1135,0,23,1158,1311
,31,YUCATAN,9,PROGRESO,51,MOCOCHA,659,1,155,164,1,0,1,0,31,0,0,0,2,0,0,0,0,0,354,0,1,355,390
,31,YUCATAN,9,PROGRESO,51,MOCOCHA,660,1,169,166,1,1,1,0,102,1,1,2,2,0,0,1,0,0,447,0,17,464,524
,31,YUCATAN,9,PROGRESO,52,MOTUL,661,5,453,732,13,270,10,52,653,14,9,13,27,0,0,4,0,0,2250,0,69,2319,3364
,31,YUCATAN,9,PROGRESO,52,MOTUL,662,4,400,529,14,235,13,32,556,18,11,9,6,0,0,0,0,0,1823,1,59,1883,2833
,31,YUCATAN,9,PROGRESO,52,MOTUL,663,2,252,281,10,147,5,18,250,1,6,9,11,0,0,0,0,1,991,0,31,1022,1447
,31,YUCATAN,9,PROGRESO,52,MOTUL,664,2,151,170,0,78,1,1,166,2,5,5,4,0,0,0,0,0,583,0,15,598,798
,31,YUCATAN,9,PROGRESO,52,MOTUL,665,3,236,264,7,180,7,31,298,2,6,5,3,0,0,0,0,0,1039,0,36,1075,1600
,31,YUCATAN,9,PROGRESO,52,MOTUL,666,2,176,233,6,127,4,16,217,2,3,4,4,0,0,0,0,0,792,0,16,808,1112
,31,YUCATAN,9,PROGRESO,52,MOTUL,667,3,331,371,2,129,4,49,385,9,8,10,7,0,0,0,0,0,1305,0,17,1322,1818
,31,YUCATAN,9,PROGRESO,52,MOTUL,668,5,446,526,10,347,7,52,660,17,15,22,16,0,0,1,0,0,2119,0,66,2185,3169
,31,YUCATAN,9,PROGRESO,52,MOTUL,669,3,220,257,10,150,6,26,324,4,2,5,12,0,0,1,0,0,1017,0,35,1052,1535
,31,YUCATAN,9,PROGRESO,52,MOTUL,670,2,184,317,12,110,7,22,245,9,9,6,5,0,0,0,0,0,926,0,17,943,1432
,31,YUCATAN,9,PROGRESO,52,MOTUL,671,2,84,146,3,124,4,24,202,2,2,7,10,0,0,0,0,0,608,0,17,625,770
,31,YUCATAN,9,PROGRESO,52,MOTUL,672,1,100,78,1,99,2,4,126,1,0,1,3,0,0,0,0,0,415,0,20,435,535
,31,YUCATAN,9,PROGRESO,52,MOTUL,673,1,20,40,0,37,0,1,22,0,3,1,2,0,0,0,0,0,126,0,6,132,158
,31,YUCATAN,9,PROGRESO,52,MOTUL,674,2,213,153,1,120,5,11,448,3,6,17,8,0,0,1,0,0,986,0,28,1014,1327
,31,YUCATAN,9,PROGRESO,52,MOTUL,675,1,44,81,2,21,0,3,47,2,0,0,2,0,0,0,0,0,202,0,6,208,242
,31,YUCATAN,9,PROGRESO,52,MOTUL,676,3,219,246,4,131,11,14,378,14,12,5,15,0,0,1,0,1,1051,0,33,1084,1565
,31,YUCATAN,9,PROGRESO,52,MOTUL,677,3,392,354,6,305,5,36,455,7,8,6,8,0,0,0,0,0,1582,0,42,1624,2076
,31,YUCATAN,9,PROGRESO,52,MOTUL,678,1,90,123,4,35,1,10,225,0,1,3,3,0,0,0,0,0,495,0,12,507,610
,31,YUCATAN,9,PROGRESO,52,MOTUL,679,2,125,133,3,33,1,11,418,5,4,4,6,0,0,1,0,1,745,0,18,763,874
,31,YUCATAN,13,TICUL,53,MUNA,680,2,378,132,27,4,8,125,302,5,11,8,1,0,0,0,0,0,1001,,12,1013,1282
,31,YUCATAN,13,TICUL,53,MUNA,681,4,602,258,33,4,40,176,581,3,32,6,2,0,0,0,0,0,1737,1,41,1779,2398
,31,YUCATAN,13,TICUL,53,MUNA,682,3,507,272,30,2,38,104,471,12,33,16,6,0,0,2,0,0,1493,,36,1529,2221
,31,YUCATAN,13,TICUL,53,MUNA,683,2,264,122,24,2,23,73,413,3,17,10,2,0,0,2,0,0,955,,22,977,1337
,31,YUCATAN,13,TICUL,53,MUNA,684,3,546,214,28,7,38,126,523,13,21,23,2,0,0,1,0,0,1542,1,46,1589,2229
,31,YUCATAN,13,TICUL,53,MUNA,685,1,110,27,4,2,0,42,30,0,0,0,1,0,0,0,0,0,216,,5,221,257
,31,YUCATAN,13,TICUL,53,MUNA,686,1,154,45,3,0,0,61,84,3,2,0,1,0,0,0,0,0,353,,6,359,449
,31,YUCATAN,9,PROGRESO,54,MUXUPIP,687,2,221,30,0,149,2,5,235,2,1,27,3,0,0,0,0,0,675,1,19,695,777
,31,YUCATAN,9,PROGRESO,54,MUXUPIP,688,2,441,34,0,194,0,5,447,1,8,67,3,0,0,0,0,0,1200,1,19,1220,1368
,31,YUCATAN,9,PROGRESO,54,MUXUPIP,689,1,104,0,1,54,1,0,102,0,0,2,1,0,0,0,0,0,265,0,1,266,297
,31,YUCATAN,13,TICUL,55,OPICHEN,690,3,787,32,3,5,2,11,723,2,9,1,5,0,0,0,0,0,1580,,24,1604,1908
,31,YUCATAN,13,TICUL,55,OPICHEN,691,3,823,30,6,6,4,13,817,7,9,1,1,0,0,3,0,0,1720,,26,1746,2042
,31,YUCATAN,13,TICUL,55,OPICHEN,692,2,476,10,3,2,4,6,508,2,6,3,2,0,0,1,0,0,1023,,15,1038,1193
,31,YUCATAN,12,TEKAX,56,OXKUTZCAB,693,3,93,391,251,30,26,70,112,4,0,9,19,0,7,0,0,0,1012,0,14,1026,1537
,31,YUCATAN,12,TEKAX,56,OXKUTZCAB,694,3,83,488,471,19,39,93,93,2,2,14,20,0,19,0,0,0,1343,0,38,1381,2024
,31,YUCATAN,12,TEKAX,56,OXKUTZCAB,695,3,68,425,271,21,42,88,123,2,3,6,9,0,15,0,0,0,1073,0,27,1100,1636
,31,YUCATAN,12,TEKAX,56,OXKUTZCAB,696,3,104,400,411,24,41,53,109,2,3,6,20,0,16,0,0,0,1189,0,43,1232,2162
,31,YUCATAN,12,TEKAX,56,OXKUTZCAB,697,2,32,182,167,26,20,47,58,0,1,13,6,0,6,0,0,0,558,0,4,562,913
,31,YUCATAN,12,TEKAX,56,OXKUTZCAB,698,3,87,400,361,24,43,73,132,4,0,8,38,0,7,0,0,0,1177,0,46,1223,1886
,31,YUCATAN,12,TEKAX,56,OXKUTZCAB,699,3,84,423,286,34,44,77,136,4,1,8,7,0,16,0,0,0,1120,0,22,1142,1629
,31,YUCATAN,12,TEKAX,56,OXKUTZCAB,700,4,113,545,424,12,28,43,164,3,2,6,26,0,10,0,0,0,1376,0,50,1426,2295
,31,YUCATAN,12,TEKAX,56,OXKUTZCAB,701,2,70,231,156,16,35,34,116,1,2,8,11,0,6,0,0,0,686,0,20,706,996
,31,YUCATAN,12,TEKAX,56,OXKUTZCAB,702,3,110,388,407,31,83,53,155,2,3,5,22,0,16,0,0,0,1275,0,19,1294,2120
,31,YUCATAN,12,TEKAX,56,OXKUTZCAB,703,2,56,301,306,13,32,51,82,1,2,2,16,0,14,0,0,0,876,0,20,896,1356
,31,YUCATAN,12,TEKAX,56,OXKUTZCAB,704,2,29,531,407,15,8,48,58,1,0,6,7,0,7,0,0,0,1117,0,18,1135,1439
,31,YUCATAN,12,TEKAX,56,OXKUTZCAB,705,2,51,428,243,11,22,6,29,0,1,1,60,0,11,0,0,0,863,0,30,893,1115
,31,YUCATAN,12,TEKAX,56,OXKUTZCAB,706,2,63,388,282,2,7,14,14,0,0,2,1,0,5,0,0,0,778,0,8,786,930
,31,YUCATAN,12,TEKAX,56,OXKUTZCAB,707,2,25,430,339,4,12,129,18,0,1,0,31,0,2,0,0,0,991,0,30,1021,1298
,31,YUCATAN,12,TEKAX,56,OXKUTZCAB,708,1,13,96,56,2,4,1,13,0,0,0,0,0,5,0,0,0,190,0,7,197,224
,31,YUCATAN,10,TIZIMIN,57,PANABA,709,2,318,371,2,1,0,13,115,0,2,7,0,0,0,0,0,0,829,0,15,844,953
,31,YUCATAN,10,TIZIMIN,57,PANABA,710,2,434,315,4,1,2,18,143,1,0,9,0,0,0,0,0,0,927,0,15,942,1097
,31,YUCATAN,10,TIZIMIN,57,PANABA,711,2,462,405,1,4,1,16,150,1,1,10,4,0,0,0,0,0,1055,0,9,1064,1238
,31,YUCATAN,10,TIZIMIN,57,PANABA,712,2,478,367,2,0,1,16,114,2,2,7,2,0,0,0,0,0,991,0,9,1000,1127
,31,YUCATAN,10,TIZIMIN,57,PANABA,713,1,206,102,0,1,0,2,55,1,0,1,1,0,0,0,0,0,369,0,5,374,426
,31,YUCATAN,10,TIZIMIN,57,PANABA,714,2,487,369,1,2,2,5,120,0,0,1,3,0,0,0,0,0,990,0,12,1002,1145
,31,YUCATAN,12,TEKAX,58,PETO,715,3,339,296,14,349,10,5,432,11,7,11,5,0,1,0,0,0,1480,0,45,1525,2161
,31,YUCATAN,12,TEKAX,58,PETO,716,3,304,277,7,382,6,9,258,7,6,10,6,0,0,0,0,0,1272,0,42,1314,1742
,31,YUCATAN,12,TEKAX,58,PETO,717,2,225,181,7,179,7,0,242,5,7,5,3,0,3,0,0,0,864,0,17,881,1200
,31,YUCATAN,12,TEKAX,58,PETO,718,2,276,199,16,235,15,8,314,2,3,6,4,0,2,0,0,0,1080,0,25,1105,1435
,31,YUCATAN,12,TEKAX,58,PETO,719,2,253,184,8,192,5,8,377,0,0,15,4,0,0,0,0,0,1046,0,32,1078,1431
,31,YUCATAN,12,TEKAX,58,PETO,720,3,261,224,7,237,7,4,430,1,4,3,7,0,0,0,0,0,1185,0,33,1218,1604
,31,YUCATAN,12,TEKAX,58,PETO,721,2,155,152,9,186,6,6,246,6,2,4,3,0,0,0,0,0,775,1,15,791,1013
,31,YUCATAN,12,TEKAX,58,PETO,722,1,132,141,3,77,6,2,119,1,1,8,1,0,0,0,0,0,491,0,61,552,717
,31,YUCATAN,12,TEKAX,58,PETO,723,3,278,310,22,303,10,7,362,11,4,22,7,0,0,0,0,0,1336,0,36,1372,1829
,31,YUCATAN,12,TEKAX,58,PETO,724,2,177,246,0,297,8,6,201,4,4,21,2,0,2,0,0,0,968,0,26,994,1360
,31,YUCATAN,12,TEKAX,58,PETO,725,1,115,71,1,118,0,0,16,1,0,1,0,0,0,0,0,0,323,0,3,326,403
,31,YUCATAN,12,TEKAX,58,PETO,726,1,24,42,1,43,0,0,25,1,2,2,3,0,0,0,0,0,143,0,6,149,173
,31,YUCATAN,12,TEKAX,58,PETO,727,1,41,15,1,42,1,5,83,1,4,1,0,0,0,0,0,0,194,0,13,207,221
,31,YUCATAN,12,TEKAX,58,PETO,728,1,125,77,2,101,5,1,116,2,3,3,5,0,2,0,0,0,442,0,19,461,543
,31,YUCATAN,12,TEKAX,58,PETO,729,1,112,99,2,51,1,0,69,1,2,0,5,0,0,0,0,0,342,0,13,355,411
,31,YUCATAN,12,TEKAX,58,PETO,730,1,175,146,1,162,0,0,63,2,0,1,2,0,2,0,0,0,554,0,16,570,709
,31,YUCATAN,12,TEKAX,58,PETO,732,1,81,86,3,100,2,1,85,2,3,2,4,0,0,0,0,0,369,0,12,381,461
,31,YUCATAN,9,PROGRESO,59,PROGRESO,734,2,237,232,5,5,17,20,320,40,9,8,4,0,0,0,0,0,897,0,31,928,1297
,31,YUCATAN,9,PROGRESO,59,PROGRESO,735,1,0,0,0,0,0,0,0,0,0,0,0,0,0,0,0,0,0,,,0,481
,31,YUCATAN,9,PROGRESO,59,PROGRESO,736,1,139,38,0,4,0,13,68,9,0,1,1,0,0,0,0,0,273,0,5,278,444
,31,YUCATAN,9,PROGRESO,59,PROGRESO,737,4,652,195,4,4,17,41,395,54,3,15,7,0,0,1,0,0,1388,0,27,1415,2011
,31,YUCATAN,9,PROGRESO,59,PROGRESO,738,1,168,54,0,4,3,8,81,7,1,3,1,0,0,0,0,0,330,0,10,340,525
,31,YUCATAN,9,PROGRESO,59,PROGRESO,739,3,395,203,6,9,6,42,233,147,7,6,3,0,0,0,0,0,1057,0,33,1090,1987
,31,YUCATAN,9,PROGRESO,59,PROGRESO,740,4,554,329,6,10,6,24,354,146,10,15,6,0,0,0,0,0,1460,0,51,1511,2652
,31,YUCATAN,9,PROGRESO,59,PROGRESO,741,4,451,305,4,13,6,36,324,190,11,12,9,0,0,0,0,0,1361,0,44,1405,2536
,31,YUCATAN,9,PROGRESO,59,PROGRESO,742,2,434,162,7,14,9,25,230,85,7,9,3,0,0,0,0,1,986,1,20,1007,1498
,31,YUCATAN,9,PROGRESO,59,PROGRESO,743,1,191,79,2,7,3,8,109,58,6,3,0,0,0,0,0,0,466,0,13,479,750
,31,YUCATAN,9,PROGRESO,59,PROGRESO,744,1,275,53,2,2,1,13,77,28,1,0,1,0,0,1,0,0,454,0,8,462,711
,31,YUCATAN,9,PROGRESO,59,PROGRESO,745,2,247,89,2,3,3,22,139,33,7,2,2,0,0,0,0,0,549,0,13,562,911
,31,YUCATAN,9,PROGRESO,59,PROGRESO,746,2,352,96,1,5,3,32,204,43,12,4,2,0,0,0,0,0,754,0,24,778,1437
,31,YUCATAN,9,PROGRESO,59,PROGRESO,747,2,252,117,1,5,6,12,171,70,10,3,5,0,0,0,0,0,652,0,22,674,1100
,31,YUCATAN,9,PROGRESO,59,PROGRESO,748,4,454,228,4,6,6,44,311,130,11,10,12,0,0,0,0,0,1216,0,52,1268,2264
,31,YUCATAN,9,PROGRESO,59,PROGRESO,749,3,452,160,3,10,5,43,245,220,11,19,14,0,0,1,0,0,1183,0,39,1222,1962
,31,YUCATAN,9,PROGRESO,59,PROGRESO,750,2,310,146,4,10,2,22,227,102,10,21,4,0,0,1,0,1,860,3,34,897,1494
,31,YUCATAN,9,PROGRESO,59,PROGRESO,752,1,63,21,1,1,2,4,29,15,2,2,0,0,0,0,0,0,140,0,9,149,232
,31,YUCATAN,9,PROGRESO,59,PROGRESO,753,6,844,397,8,17,17,63,509,238,14,20,11,0,0,1,0,0,2139,0,73,2212,3942
,31,YUCATAN,9,PROGRESO,59,PROGRESO,754,4,567,257,5,17,7,28,408,170,17,13,8,0,0,3,0,2,1502,0,52,1554,2898
,31,YUCATAN,9,PROGRESO,59,PROGRESO,755,3,455,188,4,16,3,36,276,109,8,10,12,0,0,1,0,0,1118,0,35,1153,1960
,31,YUCATAN,9,PROGRESO,59,PROGRESO,756,3,283,106,6,3,3,15,196,66,5,4,5,0,0,0,0,0,692,0,15,707,1012
,31,YUCATAN,9,PROGRESO,59,PROGRESO,757,3,406,245,0,12,2,38,346,165,2,12,4,0,0,0,0,0,1232,1,27,1260,2040
,31,YUCATAN,9,PROGRESO,59,PROGRESO,758,3,413,307,3,9,2,121,323,248,5,4,6,0,0,0,0,0,1441,0,43,1484,2195
,31,YUCATAN,9,PROGRESO,59,PROGRESO,759,1,67,27,1,3,3,3,46,35,2,2,1,0,0,0,0,0,190,0,11,201,435
,31,YUCATAN,9,PROGRESO,59,PROGRESO,760,3,315,206,3,9,5,32,256,160,9,8,3,0,0,0,0,0,1006,0,44,1050,2009
,31,YUCATAN,9,PROGRESO,59,PROGRESO,761,3,271,146,3,9,5,33,259,149,3,0,7,0,0,1,0,0,886,0,42,928,1907
,31,YUCATAN,9,PROGRESO,59,PROGRESO,762,1,149,85,2,2,1,16,143,46,4,18,6,0,0,0,0,0,472,0,16,488,660
,31,YUCATAN,9,PROGRESO,59,PROGRESO,763,3,346,221,5,7,7,29,264,148,9,7,7,0,0,0,0,0,1050,1,44,1095,2063
,31,YUCATAN,9,PROGRESO,59,PROGRESO,764,2,315,108,3,5,3,37,279,135,3,15,6,0,0,0,0,0,909,0,30,939,1414
,31,YUCATAN,14,TECOH,60,QUINTANA ROO,765,2,349,160,2,8,1,258,137,2,0,0,1,0,0,1,0,0,919,0,0,919,1035
,31,YUCATAN,10,TIZIMIN,61,RIO LAGARTOS,766,2,250,250,3,0,86,7,193,2,1,1,0,0,0,0,0,0,793,0,16,809,925
,31,YUCATAN,10,TIZIMIN,61,RIO LAGARTOS,767,2,299,290,3,2,127,5,243,1,3,3,1,0,0,0,0,0,977,0,32,1009,1186
,31,YUCATAN,10,TIZIMIN,61,RIO LAGARTOS,768,2,314,95,3,2,56,1,289,1,4,2,1,0,0,0,0,0,768,0,10,778,930
,31,YUCATAN,13,TICUL,62,SACALUM,769,2,272,38,177,13,211,275,263,12,2,14,4,0,0,1,0,0,1282,,26,1308,1495
,31,YUCATAN,13,TICUL,62,SACALUM,770,3,287,75,283,11,323,266,302,21,2,9,2,0,0,0,0,0,1581,,50,1631,1883
,31,YUCATAN,13,TICUL,62,SACALUM,771,1,34,15,52,4,64,94,122,4,1,0,2,0,0,0,0,0,392,,20,412,468
,31,YUCATAN,8,UMAN,63,SAMAHIL,772,4,281,463,419,410,51,136,351,53,15,6,5,0,0,0,0,0,2190,0,48,2238,2503
,31,YUCATAN,8,UMAN,63,SAMAHIL,773,2,54,172,75,139,60,87,103,28,0,0,0,0,0,0,0,0,718,0,5,723,761
,31,YUCATAN,8,UMAN,63,SAMAHIL,774,2,97,133,162,168,39,16,178,5,2,0,0,0,0,0,0,0,800,0,16,816,1011
,31,YUCATAN,14,TECOH,64,SANAHCAT,775,2,574,551,2,14,0,19,178,3,1,1,0,0,0,0,0,0,1343,0,6,1349,1444
,31,YUCATAN,10,TIZIMIN,65,SAN FELIPE,776,2,196,548,2,1,0,5,286,3,4,1,4,0,0,0,0,0,1050,1,13,1064,1239
,31,YUCATAN,10,TIZIMIN,65,SAN FELIPE,777,2,152,310,0,0,1,3,231,1,1,2,2,0,0,0,0,0,703,,10,713,768
,31,YUCATAN,13,TICUL,66,SANTA ELENA,778,3,694,590,15,2,5,7,189,1,1,3,0,0,0,1,0,0,1508,,17,1525,1809
,31,YUCATAN,13,TICUL,66,SANTA ELENA,779,2,378,423,7,2,1,3,127,5,0,1,0,0,0,0,0,0,947,,10,957,1128
,31,YUCATAN,13,TICUL,66,SANTA ELENA,780,1,142,89,15,0,0,1,27,1,0,1,0,0,0,0,0,0,276,,4,280,297
,31,YUCATAN,6,KANASIN,67,SEYE,781,3,351,65,454,34,8,54,337,241,38,96,16,0,0,0,0,0,1694,0,23,1717,2099
,31,YUCATAN,6,KANASIN,67,SEYE,782,2,177,29,270,7,2,44,223,151,21,77,4,0,0,0,0,0,1005,0,30,1035,1234
,31,YUCATAN,6,KANASIN,67,SEYE,783,3,332,49,375,17,11,74,379,300,24,102,5,0,0,0,0,0,1668,1,44,1713,2085
,31,YUCATAN,6,KANASIN,67,SEYE,784,3,241,39,352,19,7,58,287,170,29,75,1,0,0,0,0,0,1278,0,23,1301,1573
,31,YUCATAN,6,KANASIN,67,SEYE,785,2,186,23,143,9,4,17,94,86,11,27,1,0,0,0,0,0,601,0,12,613,726
,31,YUCATAN,15,IZAMAL,68,SINANCHE,786,2,376,344,3,0,1,6,219,1,1,11,1,0,0,1,0,0,964,,26,990,1111
,31,YUCATAN,15,IZAMAL,68,SINANCHE,787,2,467,257,1,3,6,3,285,4,3,6,1,0,0,0,0,0,1036,0,25,1061,1161
,31,YUCATAN,15,IZAMAL,68,SINANCHE,788,1,129,137,1,0,0,0,132,0,0,0,0,0,0,0,0,0,399,0,5,404,445
,31,YUCATAN,14,TECOH,69,SOTUTA,789,2,129,157,6,521,3,8,150,1,1,0,10,0,0,0,0,0,986,0,23,1009,1225
,31,YUCATAN,14,TECOH,69,SOTUTA,790,1,65,123,11,286,3,1,74,0,1,0,9,0,0,0,0,0,573,0,11,584,710
,31,YUCATAN,14,TECOH,69,SOTUTA,791,2,89,123,24,398,4,6,129,0,3,1,12,0,0,0,0,0,789,0,7,796,956
,31,YUCATAN,14,TECOH,69,SOTUTA,792,2,110,195,26,519,1,9,118,1,1,0,24,0,0,0,0,0,1004,0,10,1014,1305
,31,YUCATAN,14,TECOH,69,SOTUTA,793,2,136,125,17,543,3,16,94,3,1,0,38,0,0,1,0,0,977,0,5,982,1205
,31,YUCATAN,14,TECOH,69,SOTUTA,794,1,77,53,4,214,0,3,28,0,1,0,10,0,0,0,0,0,390,0,11,401,518
,31,YUCATAN,14,TECOH,69,SOTUTA,795,1,75,54,1,135,0,2,44,0,0,0,5,0,0,0,0,0,316,0,0,316,421
,31,YUCATAN,10,TIZIMIN,70,SUCILA,796,2,476,327,4,0,2,16,335,2,7,0,8,0,0,0,0,0,1177,0,14,1191,1382
,31,YUCATAN,10,TIZIMIN,70,SUCILA,797,3,614,456,2,2,1,16,431,3,15,1,5,0,0,0,0,0,1546,1,14,1561,1826
,31,YUCATAN,14,TECOH,71,SUDZAL,798,2,384,441,4,21,0,3,280,0,2,0,0,0,0,0,0,0,1135,0,27,1162,1281
,31,YUCATAN,14,TECOH,71,SUDZAL,799,1,76,158,1,9,0,3,111,0,1,0,1,0,0,0,0,0,360,0,3,363,374
,31,YUCATAN,15,IZAMAL,72,SUMA,800,2,145,254,6,7,8,13,140,1,0,16,135,0,0,0,0,0,725,0,28,753,908
,31,YUCATAN,15,IZAMAL,72,SUMA,801,2,159,266,2,8,7,9,146,1,4,11,98,0,0,1,0,0,712,0,30,742,869
,31,YUCATAN,12,TEKAX,73,TAHDZIU,802,5,554,1532,906,20,2,1,65,0,0,0,1,0,10,0,0,0,3091,0,19,3110,3294
,31,YUCATAN,15,IZAMAL,74,TAHMEK,803,2,454,41,284,10,1,53,379,0,8,41,0,0,0,0,0,0,1271,0,22,1293,1455
,31,YUCATAN,15,IZAMAL,74,TAHMEK,804,3,610,40,311,6,1,48,493,1,5,32,1,0,0,0,0,0,1548,0,20,1568,1745
,31,YUCATAN,14,TECOH,75,TEABO,805,3,884,688,8,10,4,3,95,0,3,1,2,0,0,0,0,0,1698,0,15,1713,1957
,31,YUCATAN,14,TECOH,75,TEABO,806,4,1315,1039,15,23,3,41,97,2,1,2,2,0,0,0,0,0,2540,0,21,2561,2998
,31,YUCATAN,14,TECOH,76,TECOH,807,4,603,693,14,442,11,72,424,10,6,3,4,0,0,0,0,0,2282,0,19,2301,2819
,31,YUCATAN,14,TECOH,76,TECOH,808,2,253,273,9,184,8,36,258,3,5,1,2,0,0,0,0,0,1032,0,9,1041,1267
,31,YUCATAN,14,TECOH,76,TECOH,809,3,336,436,4,290,5,68,204,8,2,1,2,0,0,0,0,0,1356,0,15,1371,1686
,31,YUCATAN,14,TECOH,76,TECOH,810,3,364,409,10,412,5,91,216,5,5,2,7,0,0,1,0,0,1527,1,15,1543,1919
,31,YUCATAN,14,TECOH,76,TECOH,811,1,169,142,1,122,2,3,70,0,1,0,0,0,0,1,0,0,511,0,2,513,582
,31,YUCATAN,14,TECOH,76,TECOH,812,2,193,348,0,188,2,8,108,1,1,1,2,0,0,0,0,0,852,0,12,864,988
,31,YUCATAN,14,TECOH,76,TECOH,813,1,97,141,3,65,1,7,53,1,2,0,0,0,0,0,0,0,370,0,0,370,395
,31,YUCATAN,14,TECOH,76,TECOH,814,3,423,361,6,482,5,18,174,4,0,0,1,0,0,3,0,0,1477,0,13,1490,1827
,31,YUCATAN,14,TECOH,76,TECOH,815,2,315,290,0,174,1,72,85,7,3,4,1,0,0,0,0,0,952,0,8,960,1195
,31,YUCATAN,14,TECOH,76,TECOH,816,1,112,106,0,34,0,2,6,0,0,0,0,0,0,0,0,0,260,0,0,260,288
,31,YUCATAN,15,IZAMAL,77,TEKAL DE VENEGAS,817,3,805,52,3,214,1,7,168,0,1,66,4,0,0,1,0,0,1322,0,29,1351,1648
,31,YUCATAN,15,IZAMAL,77,TEKAL DE VENEGAS,818,1,365,44,2,62,1,1,41,3,1,11,1,0,0,0,0,0,532,0,13,545,738
,31,YUCATAN,15,IZAMAL,78,TEKANTO,819,2,315,255,1,0,1,2,201,2,2,5,2,0,0,3,0,0,789,0,14,803,924
,31,YUCATAN,15,IZAMAL,78,TEKANTO,820,1,147,141,0,0,0,1,97,0,0,7,0,0,0,0,0,0,393,0,4,397,454
,31,YUCATAN,15,IZAMAL,78,TEKANTO,821,1,130,126,0,0,0,1,60,0,0,8,0,0,0,0,0,0,325,,3,328,367
,31,YUCATAN,15,IZAMAL,78,TEKANTO,822,2,396,338,3,1,2,2,155,3,1,6,1,0,0,1,0,0,909,0,13,922,1063
,31,YUCATAN,15,IZAMAL,78,TEKANTO,824,1,112,58,2,1,0,2,89,2,3,10,0,0,0,0,0,0,279,,11,290,320
,31,YUCATAN,15,IZAMAL,78,TEKANTO,825,1,76,34,0,1,0,0,14,1,2,0,0,0,0,0,0,0,128,,1,129,130
,31,YUCATAN,12,TEKAX,79,TEKAX,826,4,605,195,179,70,140,35,228,44,1,28,21,0,36,0,0,0,1582,0,56,1638,2703
,31,YUCATAN,12,TEKAX,79,TEKAX,827,4,577,253,172,72,129,36,233,18,4,30,31,0,26,0,0,0,1581,1,45,1627,2428
,31,YUCATAN,12,TEKAX,79,TEKAX,828,3,491,141,110,51,89,18,164,13,4,33,22,0,17,0,0,0,1153,0,35,1188,1858
,31,YUCATAN,12,TEKAX,79,TEKAX,829,4,535,226,243,69,170,19,173,32,5,50,28,0,35,0,0,0,1585,0,40,1625,2529
,31,YUCATAN,12,TEKAX,79,TEKAX,830,3,430,151,143,29,71,26,180,31,0,32,11,0,16,0,0,0,1120,0,34,1154,1662
,31,YUCATAN,12,TEKAX,79,TEKAX,831,2,331,113,78,31,67,16,140,13,3,15,22,0,16,0,0,0,845,0,20,865,1219
,31,YUCATAN,12,TEKAX,79,TEKAX,832,2,333,69,78,37,60,15,117,6,1,14,30,0,11,0,0,0,771,1,36,808,1189
,31,YUCATAN,12,TEKAX,79,TEKAX,833,2,359,142,95,29,38,18,193,14,1,15,21,0,17,0,0,0,942,0,24,966,1354
,31,YUCATAN,12,TEKAX,79,TEKAX,834,2,226,129,64,35,30,22,121,18,3,11,33,0,11,0,0,0,703,0,16,719,950
,31,YUCATAN,12,TEKAX,79,TEKAX,835,3,527,196,143,40,84,40,206,13,4,23,35,0,19,0,0,0,1330,1,49,1380,2039
,31,YUCATAN,12,TEKAX,79,TEKAX,836,5,553,225,166,75,152,45,264,33,3,50,21,0,26,0,0,0,1613,2,58,1673,2389
,31,YUCATAN,12,TEKAX,79,TEKAX,837,2,190,367,55,8,8,11,75,7,1,4,17,0,3,0,0,0,746,0,9,755,864
,31,YUCATAN,12,TEKAX,79,TEKAX,838,2,408,409,85,16,14,47,46,4,3,31,8,0,15,0,0,0,1086,0,32,1118,1318
,31,YUCATAN,12,TEKAX,79,TEKAX,839,2,477,214,69,59,21,18,73,9,1,16,5,0,11,0,0,0,973,0,11,984,1189
,31,YUCATAN,12,TEKAX,79,TEKAX,840,5,1073,926,155,25,89,4,67,10,6,7,8,0,17,0,0,0,2387,0,23,2410,3091
,31,YUCATAN,12,TEKAX,79,TEKAX,841,1,152,43,32,15,8,4,109,1,0,2,10,0,1,0,0,0,377,0,3,380,444
,31,YUCATAN,12,TEKAX,79,TEKAX,842,3,339,186,123,41,69,29,273,11,5,48,73,0,9,0,0,0,1206,0,13,1219,1576
,31,YUCATAN,12,TEKAX,79,TEKAX,843,2,165,89,85,27,31,30,143,7,4,19,11,0,15,0,0,0,626,0,26,652,1001
,31,YUCATAN,12,TEKAX,79,TEKAX,844,2,419,201,82,31,15,16,70,11,4,165,7,0,5,0,0,0,1026,0,25,1051,1485
,31,YUCATAN,12,TEKAX,79,TEKAX,845,1,44,16,5,1,0,1,5,2,0,6,1,0,4,0,0,0,85,0,2,87,136
,31,YUCATAN,14,TECOH,80,TEKIT,846,4,1106,104,12,19,203,10,854,4,12,1,6,0,0,2,0,0,2333,0,5,2338,2668
,31,YUCATAN,14,TECOH,80,TEKIT,847,3,694,87,6,16,3,6,652,3,10,2,3,0,0,1,0,0,1483,89,6,1578,1673
,31,YUCATAN,14,TECOH,80,TEKIT,848,4,934,88,6,19,6,8,1004,8,21,2,5,0,0,1,0,0,2102,0,9,2111,2360
,31,YUCATAN,14,TECOH,80,TEKIT,849,2,632,44,6,14,8,4,541,3,2,4,1,0,0,0,0,0,1259,0,9,1268,1426
,31,YUCATAN,11,VALLADOLID,81,TEKOM,851,2,443,558,4,3,2,6,104,4,1,1,3,0,0,0,0,0,1129,0,8,1137,1262
,31,YUCATAN,11,VALLADOLID,81,TEKOM,852,2,423,564,1,3,2,2,62,7,0,3,2,0,0,0,0,0,1069,0,7,1076,1174
,31,YUCATAN,11,VALLADOLID,81,TEKOM,853,1,66,145,0,0,0,2,23,0,0,0,1,0,0,67,0,0,304,0,0,304,250
,31,YUCATAN,11,VALLADOLID,81,TEKOM,854,1,65,113,0,0,0,0,1,0,0,0,0,0,0,0,0,0,179,0,0,179,183
,31,YUCATAN,9,PROGRESO,82,TELCHAC PUEBLO,855,2,157,348,5,16,0,40,163,1,2,0,11,0,0,0,0,0,743,0,24,767,925
,31,YUCATAN,9,PROGRESO,82,TELCHAC PUEBLO,856,1,96,250,5,11,0,22,113,1,2,1,2,0,0,0,0,0,503,0,16,519,623
,31,YUCATAN,9,PROGRESO,82,TELCHAC PUEBLO,857,1,136,235,2,7,4,17,113,2,2,3,4,0,0,0,0,0,525,0,23,548,658
,31,YUCATAN,9,PROGRESO,82,TELCHAC PUEBLO,858,2,149,288,4,10,2,17,160,3,1,2,2,0,0,0,0,0,638,0,15,653,784
,31,YUCATAN,9,PROGRESO,83,TELCHAC PUERTO,859,2,244,308,1,2,18,44,213,3,2,2,4,0,0,0,0,0,841,0,27,868,1045
,31,YUCATAN,9,PROGRESO,83,TELCHAC PUERTO,860,2,236,325,4,5,30,26,168,3,2,5,3,0,0,0,0,0,807,0,31,838,960
,31,YUCATAN,15,IZAMAL,84,TEMAX,861,3,819,188,7,5,21,11,380,5,4,4,4,0,0,1,0,0,1449,0,46,1495,1828
,31,YUCATAN,15,IZAMAL,84,TEMAX,862,2,440,105,3,3,16,13,180,3,2,3,1,0,0,0,0,0,769,0,14,783,987
,31,YUCATAN,15,IZAMAL,84,TEMAX,863,2,572,91,5,2,34,12,208,4,1,3,2,0,0,0,0,0,934,0,34,968,1183
,31,YUCATAN,15,IZAMAL,84,TEMAX,864,2,533,116,7,0,24,25,191,2,1,7,0,0,0,0,0,0,906,,39,945,1179
,31,YUCATAN,15,IZAMAL,84,TEMAX,865,1,61,6,3,0,1,8,59,1,0,0,0,0,0,0,0,0,139,,3,142,180
,31,YUCATAN,15,IZAMAL,84,TEMAX,866,1,95,2,5,0,0,1,77,0,1,2,0,0,0,0,0,0,183,0,5,188,220
,31,YUCATAN,10,TIZIMIN,85,TEMOZON,867,3,192,46,5,4,69,10,1030,4,17,3,582,0,0,0,0,0,1962,0,17,1979,2208
,31,YUCATAN,10,TIZIMIN,85,TEMOZON,868,3,135,33,5,3,52,8,740,5,19,6,469,0,0,0,0,0,1475,0,21,1496,1695
,31,YUCATAN,10,TIZIMIN,85,TEMOZON,869,3,183,50,4,7,33,4,760,4,18,1,575,0,0,0,0,0,1639,0,14,1653,1885
,31,YUCATAN,10,TIZIMIN,85,TEMOZON,870,3,82,4,5,8,68,11,581,3,16,0,628,0,0,0,0,0,1406,0,15,1421,1691
,31,YUCATAN,10,TIZIMIN,85,TEMOZON,871,1,10,7,0,0,2,2,161,0,5,1,111,0,0,0,0,0,299,,4,303,349
,31,YUCATAN,10,TIZIMIN,85,TEMOZON,872,1,17,11,2,1,10,1,82,0,5,0,105,0,0,0,0,0,234,0,6,240,274
,31,YUCATAN,10,TIZIMIN,85,TEMOZON,873,2,46,4,2,6,4,5,541,1,10,1,252,0,0,0,0,0,872,0,11,883,962
,31,YUCATAN,10,TIZIMIN,85,TEMOZON,874,4,104,22,12,7,29,10,1329,13,48,6,775,0,0,0,0,0,2355,0,17,2372,2746
,31,YUCATAN,15,IZAMAL,86,TEPAKAN,875,1,75,14,165,72,2,106,34,1,1,6,2,0,0,0,0,0,478,0,18,496,552
,31,YUCATAN,15,IZAMAL,86,TEPAKAN,876,2,181,27,437,123,2,231,132,1,3,13,14,0,0,0,0,0,1164,3,18,1185,1372
,31,YUCATAN,15,IZAMAL,86,TEPAKAN,877,1,25,2,59,8,0,12,17,0,0,0,0,0,0,0,0,0,123,1,1,125,139
,31,YUCATAN,8,UMAN,87,TETIZ,878,4,251,458,27,5,556,74,300,78,7,3,5,0,0,0,0,0,1764,0,21,1785,2116
,31,YUCATAN,8,UMAN,87,TETIZ,879,3,268,445,21,8,480,47,214,15,1,2,3,0,0,0,0,0,1504,1,36,1541,1805
,31,YUCATAN,15,IZAMAL,88,TEYA,880,1,267,178,5,3,1,6,98,1,0,11,2,0,0,0,0,0,572,0,13,585,676
,31,YUCATAN,15,IZAMAL,88,TEYA,881,2,446,244,4,2,3,6,139,1,1,23,3,0,0,0,0,0,872,0,11,883,1014
,31,YUCATAN,13,TICUL,89,TICUL,882,5,640,171,142,29,12,19,656,21,9,48,14,0,0,1,0,0,1762,,50,1812,3063
,31,YUCATAN,13,TICUL,89,TICUL,883,2,297,66,81,12,2,7,286,21,0,22,7,0,0,1,0,0,802,,36,838,1388
,31,YUCATAN,13,TICUL,89,TICUL,884,3,435,137,100,4,3,22,409,31,4,24,3,0,0,1,0,0,1173,1,20,1194,1740
,31,YUCATAN,13,TICUL,89,TICUL,885,3,365,103,126,4,7,20,413,22,3,28,3,0,0,0,0,0,1094,1,32,1127,1644
,31,YUCATAN,13,TICUL,89,TICUL,886,3,368,86,124,36,8,4,375,21,4,57,5,0,0,1,0,0,1089,,18,1107,1675
,31,YUCATAN,13,TICUL,89,TICUL,887,4,449,135,101,30,9,13,522,26,1,65,6,0,0,1,0,0,1358,,25,1383,2342
,31,YUCATAN,13,TICUL,89,TICUL,888,2,250,89,97,8,2,6,294,12,1,17,2,0,0,0,0,0,778,,16,794,1244
,31,YUCATAN,13,TICUL,89,TICUL,889,2,216,72,37,14,7,7,311,12,1,28,6,0,0,0,0,0,711,,23,734,1112
,31,YUCATAN,13,TICUL,89,TICUL,890,3,365,118,51,15,5,17,478,20,8,48,1,0,0,0,0,0,1126,1,25,1152,1746
,31,YUCATAN,13,TICUL,89,TICUL,891,3,433,123,82,13,14,12,544,23,7,26,3,0,0,3,0,0,1283,,28,1311,2028
,31,YUCATAN,13,TICUL,89,TICUL,892,3,375,136,92,9,7,6,322,12,3,24,8,0,0,3,0,0,997,,23,1020,1834
,31,YUCATAN,13,TICUL,89,TICUL,893,4,491,115,98,17,2,8,498,22,1,38,11,0,0,1,0,0,1302,2,32,1336,1887
,31,YUCATAN,13,TICUL,89,TICUL,894,3,443,134,99,23,5,12,383,15,5,27,4,0,0,0,0,0,1150,1,25,1176,1911
,31,YUCATAN,13,TICUL,89,TICUL,895,3,492,117,96,6,9,10,444,10,4,37,2,0,0,2,0,0,1229,,34,1263,2206
,31,YUCATAN,13,TICUL,89,TICUL,896,3,474,88,64,61,5,3,237,22,2,38,4,0,0,1,0,0,999,,29,1028,1926
,31,YUCATAN,13,TICUL,89,TICUL,897,3,560,167,27,9,10,8,198,10,1,19,8,0,0,0,0,0,1017,,22,1039,1762
,31,YUCATAN,6,KANASIN,90,TIMUCUY,898,3,614,631,47,17,2,301,148,2,3,19,3,0,0,0,0,0,1787,0,25,1812,2017
,31,YUCATAN,6,KANASIN,90,TIMUCUY,899,4,569,654,56,14,11,304,198,5,3,16,4,0,0,0,0,0,1834,0,13,1847,2049
,31,YUCATAN,6,KANASIN,90,TIMUCUY,900,3,554,483,7,4,4,256,95,3,5,0,0,0,0,0,0,0,1411,6,15,1432,1560
,31,YUCATAN,14,TECOH,91,TINUM,901,2,164,101,7,12,5,3,379,4,6,1,19,0,0,1,0,0,702,0,11,713,922
,31,YUCATAN,14,TECOH,91,TINUM,902,1,72,62,5,5,5,1,350,3,3,1,12,0,0,0,0,0,519,0,14,533,656
,31,YUCATAN,14,TECOH,91,TINUM,903,4,938,794,12,31,37,5,279,3,4,0,39,0,0,0,0,0,2142,0,17,2159,2584
,31,YUCATAN,14,TECOH,91,TINUM,904,4,806,581,4,18,10,5,211,2,1,2,21,0,0,0,0,0,1661,0,5,1666,1995
,31,YUCATAN,14,TECOH,91,TINUM,905,2,464,145,5,21,5,0,304,4,5,0,43,0,0,1,0,0,997,1,23,1021,1170
,31,YUCATAN,14,TECOH,91,TINUM,906,1,148,112,3,4,1,1,85,0,1,0,13,0,0,0,0,0,368,0,5,373,431
,31,YUCATAN,14,TECOH,91,TINUM,907,2,396,310,6,10,13,1,165,1,9,0,45,0,0,0,0,0,956,0,23,979,1117
,31,YUCATAN,11,VALLADOLID,92,TIXCACALCUPUL,908,2,406,523,4,4,3,11,225,58,5,1,3,0,0,0,0,0,1243,0,8,1251,1446
,31,YUCATAN,11,VALLADOLID,92,TIXCACALCUPUL,909,2,388,501,4,5,7,9,132,10,2,2,6,0,0,0,0,0,1066,0,9,1075,1254
,31,YUCATAN,11,VALLADOLID,92,TIXCACALCUPUL,910,1,190,268,1,6,2,1,65,8,2,1,0,0,0,0,0,0,544,,2,546,600
,31,YUCATAN,11,VALLADOLID,92,TIXCACALCUPUL,911,3,598,817,4,7,2,0,124,12,1,2,0,0,0,2,0,0,1569,0,12,1581,1749
,31,YUCATAN,15,IZAMAL,93,TIXKOKOB,912,2,185,229,2,82,5,8,221,5,2,38,179,0,0,1,0,0,957,0,30,987,1288
,31,YUCATAN,15,IZAMAL,93,TIXKOKOB,913,3,235,352,4,97,5,6,362,4,5,67,250,0,0,7,0,0,1394,0,35,1429,1950
,31,YUCATAN,15,IZAMAL,93,TIXKOKOB,914,2,247,371,4,60,9,11,270,3,1,54,99,0,0,3,0,0,1132,0,40,1172,1480
,31,YUCATAN,15,IZAMAL,93,TIXKOKOB,915,2,148,209,0,46,1,12,221,5,1,25,204,0,0,7,0,0,879,0,28,907,1234
,31,YUCATAN,15,IZAMAL,93,TIXKOKOB,916,3,199,416,2,89,6,5,331,3,5,56,192,0,0,4,0,0,1308,1,30,1339,1850
,31,YUCATAN,15,IZAMAL,93,TIXKOKOB,917,3,192,310,4,52,6,16,412,5,5,40,214,0,0,3,0,0,1259,0,46,1305,1711
,31,YUCATAN,15,IZAMAL,93,TIXKOKOB,918,2,154,214,8,118,6,48,214,2,3,58,114,0,0,5,0,0,944,1,30,975,1254
,31,YUCATAN,15,IZAMAL,93,TIXKOKOB,919,2,104,179,4,79,5,4,223,1,8,25,211,0,0,7,0,0,850,0,9,859,999
,31,YUCATAN,15,IZAMAL,93,TIXKOKOB,920,3,169,258,7,326,11,20,484,3,6,21,239,0,0,21,0,0,1565,0,30,1595,1998
,31,YUCATAN,15,IZAMAL,93,TIXKOKOB,921,1,27,102,0,33,0,4,47,2,1,7,48,0,0,1,0,0,272,0,6,278,315
,31,YUCATAN,12,TEKAX,94,TIXMEHUAC,922,2,82,352,211,14,2,2,37,0,0,1,219,0,2,0,0,0,922,0,4,926,1038
,31,YUCATAN,12,TEKAX,94,TIXMEHUAC,923,2,65,458,326,19,1,1,34,2,1,3,159,0,0,0,0,0,1069,0,5,1074,1188
,31,YUCATAN,12,TEKAX,94,TIXMEHUAC,924,1,16,320,125,7,0,0,7,0,1,0,58,0,0,0,0,0,534,0,1,535,566
,31,YUCATAN,12,TEKAX,94,TIXMEHUAC,925,2,18,703,367,11,0,0,6,0,0,0,92,0,0,0,0,0,1197,0,4,1201,1309
,31,YUCATAN,6,KANASIN,95,TIXPEHUAL,926,2,161,85,119,25,1,62,293,3,0,18,1,0,0,0,0,0,768,1,18,787,897
,31,YUCATAN,6,KANASIN,95,TIXPEHUAL,927,1,112,56,29,8,1,25,101,1,1,5,3,0,0,0,0,0,342,0,8,350,391
,31,YUCATAN,6,KANASIN,95,TIXPEHUAL,928,3,407,171,213,50,7,133,610,6,2,49,7,0,0,0,0,0,1655,0,29,1684,2020
,31,YUCATAN,6,KANASIN,95,TIXPEHUAL,929,1,115,28,21,6,2,50,158,2,3,9,1,0,0,0,0,0,395,0,18,413,467
,31,YUCATAN,6,KANASIN,95,TIXPEHUAL,930,1,101,23,24,5,1,13,83,0,2,9,0,0,0,0,0,0,261,0,5,266,316
,31,YUCATAN,6,KANASIN,95,TIXPEHUAL,931,1,74,55,56,4,1,3,154,1,1,7,2,0,0,0,0,0,358,0,13,371,417
,31,YUCATAN,10,TIZIMIN,96,TIZIMIN,932,2,492,222,1,1,4,6,171,13,3,4,5,0,0,0,0,0,922,,28,950,1450
,31,YUCATAN,10,TIZIMIN,96,TIZIMIN,933,3,472,234,5,3,7,13,210,10,4,7,1,0,0,0,0,0,966,0,22,988,1549
,31,YUCATAN,10,TIZIMIN,96,TIZIMIN,934,2,302,203,5,1,3,15,156,4,5,4,6,0,0,0,0,0,704,0,22,726,1142
,31,YUCATAN,10,TIZIMIN,96,TIZIMIN,935,4,879,531,4,7,12,55,469,8,3,12,20,0,0,0,0,0,2000,1,34,2035,2981
,31,YUCATAN,10,TIZIMIN,96,TIZIMIN,936,3,365,203,2,2,1,6,150,7,3,4,2,0,0,0,0,0,745,0,12,757,1112
,31,YUCATAN,10,TIZIMIN,96,TIZIMIN,937,3,509,262,5,3,7,19,317,15,4,10,6,0,0,0,0,0,1157,0,17,1174,1757
,31,YUCATAN,10,TIZIMIN,96,TIZIMIN,938,3,422,281,3,3,3,28,259,5,3,4,6,0,0,0,0,0,1017,0,23,1040,1583
,31,YUCATAN,10,TIZIMIN,96,TIZIMIN,939,2,374,301,1,3,3,11,202,19,1,8,0,0,0,0,0,0,923,0,30,953,1489
,31,YUCATAN,10,TIZIMIN,96,TIZIMIN,940,2,276,225,0,4,1,25,182,5,1,5,5,0,0,0,0,0,729,0,16,745,1026
,31,YUCATAN,10,TIZIMIN,96,TIZIMIN,941,2,406,193,5,2,3,12,150,10,0,10,4,0,0,0,0,0,795,0,12,807,1293
,31,YUCATAN,10,TIZIMIN,96,TIZIMIN,942,2,359,202,4,0,3,14,183,12,4,9,5,0,0,0,0,0,795,0,12,807,1160
,31,YUCATAN,10,TIZIMIN,96,TIZIMIN,943,1,196,129,3,1,0,13,120,3,0,2,3,0,0,0,0,0,470,0,16,486,707
,31,YUCATAN,10,TIZIMIN,96,TIZIMIN,944,2,194,166,1,3,1,15,138,5,1,1,3,0,0,0,0,0,528,0,6,534,780
,31,YUCATAN,10,TIZIMIN,96,TIZIMIN,945,2,358,210,2,4,3,19,240,10,3,2,2,0,0,0,0,0,853,0,16,869,1455
,31,YUCATAN,10,TIZIMIN,96,TIZIMIN,946,3,563,317,9,2,18,18,314,30,4,4,2,0,0,0,0,0,1281,0,21,1302,2084
,31,YUCATAN,10,TIZIMIN,96,TIZIMIN,947,3,527,250,6,3,6,12,210,11,6,5,3,0,0,0,0,0,1039,0,24,1063,1582
,31,YUCATAN,10,TIZIMIN,96,TIZIMIN,948,2,412,250,5,3,4,14,226,3,4,6,4,0,0,0,0,0,931,0,24,955,1444
,31,YUCATAN,10,TIZIMIN,96,TIZIMIN,949,3,395,264,6,0,4,18,263,11,3,3,3,0,0,0,0,0,970,0,30,1000,1531
,31,YUCATAN,10,TIZIMIN,96,TIZIMIN,950,2,320,206,3,1,4,14,163,5,2,3,1,0,0,0,0,0,722,1,15,738,1097
,31,YUCATAN,10,TIZIMIN,96,TIZIMIN,951,2,219,166,1,5,2,13,163,11,3,4,3,0,0,0,0,0,590,0,15,605,855
,31,YUCATAN,10,TIZIMIN,96,TIZIMIN,952,3,427,247,6,2,2,17,213,5,2,4,6,0,0,0,0,0,931,0,19,950,1521
,31,YUCATAN,10,TIZIMIN,96,TIZIMIN,953,3,679,281,5,5,5,18,277,5,3,5,7,0,0,0,0,0,1290,0,31,1321,2107
,31,YUCATAN,10,TIZIMIN,96,TIZIMIN,954,3,548,274,7,4,6,23,220,7,2,6,7,0,0,0,0,0,1104,0,26,1130,1816
,31,YUCATAN,10,TIZIMIN,96,TIZIMIN,955,3,569,257,5,5,0,10,190,12,1,1,6,0,0,0,0,0,1056,0,15,1071,1702
,31,YUCATAN,10,TIZIMIN,96,TIZIMIN,956,3,578,213,18,2,1,27,234,10,3,7,4,0,0,0,0,0,1097,0,35,1132,1815
,31,YUCATAN,10,TIZIMIN,96,TIZIMIN,957,2,437,239,3,2,8,7,135,11,2,2,1,0,0,0,0,0,847,0,11,858,1333
,31,YUCATAN,10,TIZIMIN,96,TIZIMIN,958,2,412,373,1,2,8,4,181,6,1,0,1,0,0,0,0,0,989,0,21,1010,1301
,31,YUCATAN,10,TIZIMIN,96,TIZIMIN,959,3,556,507,11,0,17,6,218,40,3,6,4,0,0,0,0,0,1368,0,23,1391,1769
,31,YUCATAN,10,TIZIMIN,96,TIZIMIN,960,3,409,233,1,2,6,9,69,4,2,2,3,0,0,0,0,0,740,0,8,748,987
,31,YUCATAN,10,TIZIMIN,96,TIZIMIN,961,2,341,224,5,1,15,9,152,5,1,0,0,0,0,0,0,0,753,0,18,771,1062
,31,YUCATAN,10,TIZIMIN,96,TIZIMIN,962,1,110,33,0,0,3,0,4,0,0,1,0,0,0,0,0,0,151,0,2,153,210
,31,YUCATAN,10,TIZIMIN,96,TIZIMIN,963,1,94,69,1,1,0,0,10,1,1,0,0,0,0,0,0,0,177,0,5,182,231
,31,YUCATAN,10,TIZIMIN,96,TIZIMIN,964,2,325,220,4,0,3,3,229,23,2,6,3,0,0,0,0,0,818,0,25,843,1080
,31,YUCATAN,10,TIZIMIN,96,TIZIMIN,965,1,162,183,1,2,0,4,56,3,1,5,1,0,0,0,0,0,418,0,7,425,577
,31,YUCATAN,10,TIZIMIN,96,TIZIMIN,966,3,445,277,8,3,6,4,321,6,6,1,4,0,0,0,0,0,1081,0,28,1109,1562
,31,YUCATAN,10,TIZIMIN,96,TIZIMIN,967,1,102,77,1,0,0,2,106,3,0,1,0,0,0,0,0,0,292,0,4,296,448
,31,YUCATAN,10,TIZIMIN,96,TIZIMIN,968,2,415,194,5,5,3,5,186,5,3,6,4,0,0,0,0,0,831,0,18,849,1220
,31,YUCATAN,10,TIZIMIN,96,TIZIMIN,969,2,313,326,2,2,5,3,229,4,3,3,9,0,0,0,0,0,899,0,22,921,1222
,31,YUCATAN,10,TIZIMIN,96,TIZIMIN,970,3,830,318,6,4,8,7,214,7,4,4,10,0,0,0,0,0,1412,0,22,1434,2142
,31,YUCATAN,10,TIZIMIN,96,TIZIMIN,971,3,725,442,2,5,8,0,110,4,3,1,5,0,0,0,0,0,1305,,19,1324,1800
,31,YUCATAN,10,TIZIMIN,96,TIZIMIN,972,4,986,717,4,6,3,7,157,4,5,9,6,0,0,0,0,0,1904,0,45,1949,2776
,31,YUCATAN,15,IZAMAL,97,TUNKAS,973,2,1004,16,0,0,0,95,232,0,6,4,5,0,0,0,0,0,1362,0,7,1369,845
,31,YUCATAN,15,IZAMAL,97,TUNKAS,974,2,378,20,0,0,1,160,235,1,1,12,1,0,0,0,0,0,809,0,8,817,962
,31,YUCATAN,15,IZAMAL,97,TUNKAS,975,2,343,46,3,2,3,189,254,2,3,5,0,0,0,0,0,0,850,0,14,864,1033
,31,YUCATAN,15,IZAMAL,97,TUNKAS,976,1,51,1,0,0,0,24,41,0,1,0,1,0,0,0,0,0,119,0,1,120,131
,31,YUCATAN,12,TEKAX,98,TZUCACAB,977,3,303,238,130,31,451,34,189,0,4,130,4,0,1,0,0,0,1515,0,14,1529,1975
,31,YUCATAN,12,TEKAX,98,TZUCACAB,978,3,331,230,152,23,535,32,241,2,4,77,5,0,1,0,0,0,1633,0,30,1663,2173
,31,YUCATAN,12,TEKAX,98,TZUCACAB,979,3,305,210,190,25,476,17,165,2,2,129,6,0,3,0,0,0,1530,1,16,1547,1988
,31,YUCATAN,12,TEKAX,98,TZUCACAB,980,3,278,316,193,20,485,12,179,2,3,143,2,0,2,0,0,0,1635,0,18,1653,2110
,31,YUCATAN,12,TEKAX,98,TZUCACAB,981,1,107,77,41,0,88,33,46,1,0,10,1,0,0,0,0,0,404,0,3,407,449
,31,YUCATAN,12,TEKAX,98,TZUCACAB,982,2,146,68,70,24,189,5,158,2,1,45,4,0,1,0,0,0,713,0,8,721,850
,31,YUCATAN,12,TEKAX,98,TZUCACAB,983,1,171,119,10,13,143,2,72,2,1,0,0,0,0,0,0,0,533,0,1,534,609
,31,YUCATAN,12,TEKAX,98,TZUCACAB,984,1,72,157,30,3,139,7,66,0,2,18,0,0,0,0,0,0,494,0,3,497,563
,31,YUCATAN,14,TECOH,99,UAYMA,985,2,0,0,0,8,0,0,0,0,0,0,0,0,0,0,0,0,8,0,0,8,1253
,31,YUCATAN,14,TECOH,99,UAYMA,986,2,139,474,220,9,1,4,381,3,5,0,4,0,0,0,0,0,1240,0,3,1243,1402
,31,YUCATAN,14,TECOH,99,UAYMA,987,1,72,173,71,4,0,0,94,1,1,0,0,0,0,0,0,0,416,0,0,416,451
,31,YUCATAN,8,UMAN,100,UCU,988,4,611,178,9,485,22,132,311,25,1,56,30,0,0,17,0,0,1877,0,56,1933,2364
,31,YUCATAN,8,UMAN,100,UCU,989,1,173,32,3,215,10,14,106,15,0,4,7,0,0,10,0,0,589,0,21,610,701
,31,YUCATAN,8,UMAN,101,UMAN,990,6,569,328,21,30,100,344,622,41,40,32,13,0,0,0,0,0,2140,0,59,2199,3803
,31,YUCATAN,8,UMAN,101,UMAN,991,7,702,301,34,47,73,551,735,63,42,32,13,0,0,0,0,0,2593,0,87,2680,4225
,31,YUCATAN,8,UMAN,101,UMAN,992,2,143,61,8,9,9,125,163,28,2,6,2,0,0,1,0,0,557,0,10,567,939
,31,YUCATAN,8,UMAN,101,UMAN,993,2,177,87,5,6,20,95,235,29,8,11,2,0,0,0,0,0,675,0,19,694,1078
,31,YUCATAN,8,UMAN,101,UMAN,994,2,193,99,7,10,16,126,269,28,12,11,7,0,0,1,0,0,779,0,17,796,1311
,31,YUCATAN,8,UMAN,101,UMAN,995,4,341,232,8,35,45,440,431,34,15,34,6,0,0,1,0,0,1622,0,44,1666,2649
,31,YUCATAN,8,UMAN,101,UMAN,996,3,267,157,13,26,62,297,281,28,11,27,7,0,0,1,0,0,1177,2,27,1206,1821
,31,YUCATAN,8,UMAN,101,UMAN,997,5,306,246,19,22,82,307,558,50,34,28,3,0,0,3,0,0,1658,0,41,1699,3204
,31,YUCATAN,8,UMAN,101,UMAN,998,4,375,242,17,23,108,399,523,50,17,25,2,0,0,0,0,0,1781,0,38,1819,2996
,31,YUCATAN,8,UMAN,101,UMAN,999,3,178,160,6,24,60,266,308,30,9,25,6,0,0,1,0,0,1073,0,14,1087,1779
,31,YUCATAN,8,UMAN,101,UMAN,1000,7,734,326,19,33,86,664,808,75,31,56,11,0,0,1,0,0,2844,0,81,2925,4654
,31,YUCATAN,8,UMAN,101,UMAN,1001,2,246,103,17,6,43,114,136,10,5,4,2,0,0,0,0,0,686,1,24,711,963
,31,YUCATAN,8,UMAN,101,UMAN,1002,3,268,89,11,18,25,135,377,14,4,32,5,0,0,1,0,0,979,0,22,1001,2230
,31,YUCATAN,8,UMAN,101,UMAN,1003,2,195,94,12,9,15,64,198,13,3,4,8,0,0,0,0,0,615,0,17,632,1211
,31,YUCATAN,8,UMAN,101,UMAN,1004,8,494,283,18,34,66,281,776,29,4,14,12,0,0,1,0,0,2012,1,46,2059,5548
,31,YUCATAN,8,UMAN,101,UMAN,1005,3,152,165,10,9,28,138,254,19,14,9,2,0,0,0,0,0,800,1,40,841,1787
,31,YUCATAN,8,UMAN,101,UMAN,1006,4,404,249,8,47,29,196,306,47,17,24,7,0,0,1,0,0,1335,1,62,1398,2494
,31,YUCATAN,8,UMAN,101,UMAN,1007,1,117,80,3,2,7,34,59,4,3,7,3,0,0,0,0,0,319,0,8,327,383
,31,YUCATAN,8,UMAN,101,UMAN,1008,2,159,107,12,2,6,63,194,13,11,5,4,0,0,0,0,0,576,0,26,602,759
,31,YUCATAN,8,UMAN,101,UMAN,1009,2,174,134,8,5,24,187,187,34,3,11,2,0,0,1,0,0,770,0,28,798,1007
,31,YUCATAN,11,VALLADOLID,102,VALLADOLID,1010,4,444,246,9,61,62,68,553,43,21,10,113,0,0,10,0,0,1640,1,35,1676,2576
,31,YUCATAN,11,VALLADOLID,102,VALLADOLID,1011,4,515,284,14,42,83,71,610,71,22,23,52,0,0,3,0,0,1790,6,27,1823,2969
,31,YUCATAN,11,VALLADOLID,102,VALLADOLID,1012,3,314,156,3,18,46,36,395,27,11,1,70,0,0,1,0,0,1078,0,20,1098,1660
,31,YUCATAN,11,VALLADOLID,102,VALLADOLID,1013,2,224,127,4,13,22,18,270,24,9,5,55,0,0,3,0,0,774,1,14,789,1193
,31,YUCATAN,11,VALLADOLID,102,VALLADOLID,1014,3,246,199,5,26,24,34,293,33,9,8,70,0,0,8,0,0,955,1,23,979,1544
,31,YUCATAN,11,VALLADOLID,102,VALLADOLID,1015,5,500,292,4,38,64,77,573,40,17,10,88,0,0,7,0,1,1711,2,33,1746,3194
,31,YUCATAN,11,VALLADOLID,102,VALLADOLID,1016,7,595,319,12,74,98,117,872,41,20,16,126,0,0,6,0,0,2296,1,44,2341,4755
,31,YUCATAN,11,VALLADOLID,102,VALLADOLID,1017,2,210,103,3,19,45,21,319,22,9,6,35,0,0,3,0,1,796,1,23,820,1373
,31,YUCATAN,11,VALLADOLID,102,VALLADOLID,1018,4,356,197,3,38,67,61,487,28,15,7,80,0,0,9,0,1,1349,5,31,1385,2441
,31,YUCATAN,11,VALLADOLID,102,VALLADOLID,1019,3,143,107,1,15,44,25,166,11,7,2,46,0,0,8,0,0,575,2,10,587,858
,31,YUCATAN,11,VALLADOLID,102,VALLADOLID,1020,1,95,58,1,15,24,10,72,11,2,1,19,0,0,1,0,1,310,0,8,318,500
,31,YUCATAN,11,VALLADOLID,102,VALLADOLID,1021,2,185,140,4,13,29,38,245,21,4,3,35,0,0,0,0,1,718,1,9,728,1178
,31,YUCATAN,11,VALLADOLID,102,VALLADOLID,1022,3,245,142,4,30,39,45,319,20,8,8,95,0,0,4,0,0,959,0,13,972,1571
,31,YUCATAN,11,VALLADOLID,102,VALLADOLID,1023,2,220,131,6,38,44,26,281,19,5,15,50,0,0,8,0,0,843,0,17,860,1403
,31,YUCATAN,11,VALLADOLID,102,VALLADOLID,1024,1,120,84,3,18,26,17,158,19,2,2,20,0,0,2,0,1,472,1,8,481,734
,31,YUCATAN,11,VALLADOLID,102,VALLADOLID,1025,2,202,137,3,13,28,19,316,15,12,5,42,0,0,5,0,0,797,1,15,813,1328
,31,YUCATAN,11,VALLADOLID,102,VALLADOLID,1026,3,294,208,10,29,46,34,383,37,20,4,57,0,0,2,0,4,1128,1,23,1152,2113
,31,YUCATAN,11,VALLADOLID,102,VALLADOLID,1027,3,303,185,8,26,29,17,375,32,23,7,100,0,0,15,0,0,1120,0,24,1144,2232
,31,YUCATAN,11,VALLADOLID,102,VALLADOLID,1028,2,141,168,5,25,29,14,276,21,11,5,52,0,0,1,0,0,748,2,21,771,1189
,31,YUCATAN,11,VALLADOLID,102,VALLADOLID,1029,2,179,88,4,16,50,17,293,21,10,3,45,0,0,6,0,0,732,1,23,756,1175
,31,YUCATAN,11,VALLADOLID,102,VALLADOLID,1030,2,230,120,2,30,26,24,254,16,15,7,75,0,0,4,0,0,803,0,14,817,1319
,31,YUCATAN,11,VALLADOLID,102,VALLADOLID,1031,3,313,187,10,27,39,43,458,35,23,8,71,0,0,3,0,0,1217,0,19,1236,2104
,31,YUCATAN,11,VALLADOLID,102,VALLADOLID,1032,4,553,392,5,54,9,40,289,12,28,2,199,0,0,0,0,0,1583,0,32,1615,2406
,31,YUCATAN,11,VALLADOLID,102,VALLADOLID,1033,5,678,641,3,66,13,45,412,92,20,11,282,0,0,15,0,1,2279,0,41,2320,3349
,31,YUCATAN,11,VALLADOLID,102,VALLADOLID,1034,3,521,593,3,39,13,21,227,7,11,7,236,0,0,2,0,0,1680,0,29,1709,2099
,31,YUCATAN,11,VALLADOLID,102,VALLADOLID,1035,2,198,133,0,23,5,9,189,24,8,2,88,0,0,7,0,0,686,1,17,704,805
,31,YUCATAN,11,VALLADOLID,102,VALLADOLID,1036,2,125,124,1,34,14,8,193,41,6,5,43,0,0,184,0,122,900,2,34,936,1329
,31,YUCATAN,11,VALLADOLID,102,VALLADOLID,1037,1,159,87,0,17,4,10,128,20,4,1,64,0,0,2,0,0,496,0,11,507,640
,31,YUCATAN,11,VALLADOLID,102,VALLADOLID,1038,2,223,146,1,25,7,18,209,43,4,2,129,0,0,10,0,0,817,0,29,846,1029
,31,YUCATAN,11,VALLADOLID,102,VALLADOLID,1039,2,276,179,4,24,1,2,217,26,8,1,182,0,0,4,0,0,924,1,13,938,1254
,31,YUCATAN,11,VALLADOLID,102,VALLADOLID,1040,4,318,467,5,43,7,26,318,25,43,7,190,0,0,136,0,0,1585,7,18,1610,2323
,31,YUCATAN,11,VALLADOLID,102,VALLADOLID,1041,3,323,189,7,40,43,29,354,83,19,2,158,0,0,13,0,0,1260,0,44,1304,1826
,31,YUCATAN,11,VALLADOLID,102,VALLADOLID,1042,2,262,139,4,10,6,7,110,11,6,0,66,0,0,0,0,0,621,0,12,633,788
,31,YUCATAN,14,TECOH,103,XOCCHEL,1043,2,281,135,303,11,7,8,103,0,0,0,2,0,0,1,0,0,851,0,15,866,1018
,31,YUCATAN,14,TECOH,103,XOCCHEL,1044,3,590,210,465,39,6,16,179,4,2,2,0,0,0,0,0,0,1513,0,1,1514,1734
,31,YUCATAN,14,TECOH,104,YAXCABA,1045,2,426,361,7,17,0,0,80,34,1,0,0,0,0,0,0,0,926,0,1,927,1076
,31,YUCATAN,14,TECOH,104,YAXCABA,1046,2,567,488,20,14,1,1,59,37,1,0,0,0,0,1,0,0,1189,0,8,1197,1464
,31,YUCATAN,14,TECOH,104,YAXCABA,1047,2,353,411,5,21,3,5,108,48,3,7,1,0,0,173,0,0,1138,0,25,1163,1390
,31,YUCATAN,14,TECOH,104,YAXCABA,1048,1,171,200,7,7,0,0,67,6,2,3,4,0,0,0,0,0,467,0,8,475,677
,31,YUCATAN,14,TECOH,104,YAXCABA,1049,1,196,74,146,6,2,3,66,1,1,0,0,0,0,0,0,0,495,0,2,497,740
,31,YUCATAN,14,TECOH,104,YAXCABA,1050,1,98,115,1,7,0,0,5,0,0,0,0,0,0,0,0,0,226,1,0,227,239
,31,YUCATAN,14,TECOH,104,YAXCABA,1051,2,331,342,27,16,4,0,10,5,0,0,0,0,0,0,0,0,735,1,0,736,813
,31,YUCATAN,14,TECOH,104,YAXCABA,1052,3,489,386,47,35,4,2,52,65,1,0,0,0,0,0,0,0,1081,0,14,1095,1527
,31,YUCATAN,14,TECOH,104,YAXCABA,1053,2,462,282,50,36,3,0,42,8,0,0,2,0,0,0,0,0,885,4,14,903,1224
,31,YUCATAN,14,TECOH,104,YAXCABA,1054,1,98,99,43,10,2,0,6,0,0,0,0,0,0,0,0,0,258,0,0,258,304
,31,YUCATAN,14,TECOH,104,YAXCABA,1055,3,644,703,28,33,4,1,19,3,1,0,0,0,0,0,0,0,1436,0,1,1437,1683
,31,YUCATAN,9,PROGRESO,105,YAXKUKUL,1056,4,118,65,6,216,50,52,275,131,3,3,210,0,0,0,0,0,1129,1,32,1162,2707
,31,YUCATAN,15,IZAMAL,106,YOBAIN,1057,1,51,23,0,23,1,32,148,162,1,35,91,0,0,0,0,0,567,0,14,581,681
,31,YUCATAN,15,IZAMAL,106,YOBAIN,1058,2,140,19,1,48,3,44,236,262,4,65,142,0,0,2,0,0,966,0,24,990,1117
,31,YUCATAN,15,IZAMAL,106,YOBAIN,1059,1,24,8,1,25,0,3,48,51,0,70,65,0,0,0,0,0,295,0,6,301,320
,31,YUCATAN,4,MERIDA,50,MERIDA,1060,2,302,95,6,5,12,20,156,8,6,10,3,0,0,0,0,0,623,1,15,639,1148
,31,YUCATAN,4,MERIDA,50,MERIDA,1061,2,284,73,9,6,2,15,145,7,3,16,3,0,0,0,0,0,563,0,13,576,1046
,31,YUCATAN,4,MERIDA,50,MERIDA,1062,2,303,79,11,12,1,16,144,8,4,4,6,0,0,0,0,0,588,0,9,597,1042
,31,YUCATAN,4,MERIDA,50,MERIDA,1063,2,269,105,4,10,8,20,136,14,2,5,4,0,0,0,0,0,577,1,11,589,1156
,31,YUCATAN,4,MERIDA,50,MERIDA,1064,2,258,84,6,10,5,13,104,7,2,5,9,0,0,0,0,0,503,0,14,517,874
,31,YUCATAN,4,MERIDA,50,MERIDA,1065,2,248,65,6,10,4,18,143,7,2,9,5,0,0,0,0,0,517,3,12,532,945
,31,YUCATAN,4,MERIDA,50,MERIDA,1066,2,253,68,5,8,11,9,156,4,3,4,2,0,0,0,0,0,523,0,12,535,883
,31,YUCATAN,4,MERIDA,50,MERIDA,1067,2,273,99,8,7,0,11,107,4,3,7,4,0,0,0,0,0,523,2,11,536,870
,31,YUCATAN,4,MERIDA,50,MERIDA,1068,2,234,80,2,3,2,16,104,3,1,12,2,0,0,0,0,0,459,0,17,476,805
,31,YUCATAN,4,MERIDA,50,MERIDA,1069,1,194,69,4,4,5,8,97,0,0,3,0,0,0,0,0,0,384,0,0,384,670
,31,YUCATAN,4,MERIDA,50,MERIDA,1070,2,328,77,4,5,2,21,129,10,2,9,2,0,0,0,0,0,589,1,11,601,1024
,31,YUCATAN,4,MERIDA,50,MERIDA,1071,2,287,107,8,7,2,29,140,8,4,11,4,0,0,0,0,0,607,0,15,622,985
,31,YUCATAN,4,MERIDA,50,MERIDA,1072,2,260,83,6,13,6,19,139,4,2,4,1,0,0,0,0,0,537,1,12,550,883
,31,YUCATAN,4,MERIDA,50,MERIDA,1073,2,222,96,10,9,6,14,138,5,4,8,2,0,0,0,0,0,514,0,6,520,869
,31,YUCATAN,4,MERIDA,50,MERIDA,1074,2,218,109,6,10,3,29,143,6,3,8,3,0,0,2,0,0,540,0,12,552,1035
,31,YUCATAN,4,MERIDA,50,MERIDA,1075,2,220,103,5,14,5,24,121,7,4,8,4,0,0,0,0,0,515,1,20,536,847
,31,YUCATAN,4,MERIDA,50,MERIDA,1076,2,251,78,3,9,2,16,142,3,1,13,2,0,0,0,0,0,520,0,5,525,895
,31,YUCATAN,4,MERIDA,50,MERIDA,1077,2,191,45,4,5,6,15,136,9,4,5,4,0,0,0,0,0,424,0,11,435,936
,31,YUCATAN,4,MERIDA,50,MERIDA,1078,2,455,85,7,9,3,17,121,7,3,9,1,0,0,0,0,0,717,1,15,733,1152
,31,YUCATAN,4,MERIDA,50,MERIDA,1079,2,206,83,3,8,2,8,133,4,2,6,2,0,0,1,0,0,458,1,15,474,902
,31,YUCATAN,4,MERIDA,50,MERIDA,1080,2,205,81,3,11,4,11,133,8,3,8,5,0,0,0,0,0,472,0,14,486,882
,31,YUCATAN,4,MERIDA,50,MERIDA,1081,2,278,81,3,7,3,20,175,6,4,9,4,0,0,0,0,0,590,0,14,604,1046
,31,YUCATAN,3,MERIDA,50,MERIDA,1082,2,96,74,0,5,2,14,170,8,2,2,2,0,0,0,0,0,375,,4,379,1231
,31,YUCATAN,3,MERIDA,50,MERIDA,1083,2,194,105,1,17,2,15,234,2,2,14,7,0,0,0,0,0,593,1,16,610,1357
,31,YUCATAN,3,MERIDA,50,MERIDA,1084,1,45,54,0,10,2,9,90,7,4,3,2,0,0,0,0,0,226,,6,232,590
,31,YUCATAN,3,MERIDA,50,MERIDA,1085,1,107,60,1,3,4,7,122,4,2,9,3,0,0,0,0,0,322,,4,326,647
,31,YUCATAN,3,MERIDA,50,MERIDA,1086,2,122,72,5,7,5,14,69,8,1,9,7,0,0,0,0,1,320,,8,328,803
,31,YUCATAN,3,MERIDA,50,MERIDA,1087,1,63,38,3,3,2,8,89,8,6,10,2,0,0,1,0,0,233,,3,236,556
,31,YUCATAN,3,MERIDA,50,MERIDA,1088,2,197,74,1,7,9,13,175,9,3,10,2,0,0,0,0,0,500,2,8,510,1042
,31,YUCATAN,3,MERIDA,50,MERIDA,1089,1,95,80,0,12,0,16,96,2,2,5,9,0,0,0,0,0,317,,16,333,704
,31,YUCATAN,3,MERIDA,50,MERIDA,1090,1,110,80,1,5,6,6,124,2,2,4,2,0,0,1,0,0,343,0,6,349,726
,31,YUCATAN,3,MERIDA,50,MERIDA,1091,2,123,126,5,7,3,6,170,5,1,14,1,0,0,0,0,0,461,,11,472,1109
,31,YUCATAN,3,MERIDA,50,MERIDA,1092,1,104,67,2,7,1,7,122,3,3,6,0,0,0,0,0,0,322,,9,331,636
,31,YUCATAN,3,MERIDA,50,MERIDA,1093,2,40,31,1,8,1,7,64,1,0,4,0,0,0,0,0,0,157,0,2,159,782
,31,YUCATAN,3,MERIDA,50,MERIDA,1094,1,91,50,4,5,1,8,97,2,1,3,0,0,0,0,0,0,262,,4,266,491
,31,YUCATAN,3,MERIDA,50,MERIDA,1095,2,122,63,2,5,7,11,98,6,2,3,3,0,0,0,0,0,322,,7,329,908
,31,YUCATAN,3,MERIDA,50,MERIDA,1096,1,120,56,2,5,2,5,108,3,2,10,1,0,0,0,0,0,314,,6,320,738
,31,YUCATAN,3,MERIDA,50,MERIDA,1097,1,87,49,2,7,1,9,97,0,0,0,1,0,0,0,0,0,253,,4,257,623
,31,YUCATAN,3,MERIDA,50,MERIDA,1098,2,101,75,2,5,3,5,102,4,2,11,0,0,0,0,0,0,310,,4,314,752
,31,YUCATAN,3,MERIDA,50,MERIDA,1099,1,91,63,6,9,4,9,113,3,2,10,1,0,0,0,0,0,311,,6,317,669
,31,YUCATAN,3,MERIDA,50,MERIDA,1100,1,71,93,1,6,3,4,94,2,1,9,3,0,0,0,0,2,289,,4,293,678
,31,YUCATAN,3,MERIDA,50,MERIDA,1101,2,114,93,5,6,11,10,138,5,0,7,4,0,0,0,0,0,393,,10,403,811
,31,YUCATAN,3,MERIDA,50,MERIDA,1102,1,116,75,1,5,1,6,116,4,3,2,0,0,0,0,0,0,329,,3,332,726
,31,YUCATAN,3,MERIDA,50,MERIDA,1103,2,104,57,1,11,2,19,156,4,1,9,2,0,0,0,0,0,366,,13,379,820
,31,YUCATAN,3,MERIDA,50,MERIDA,1104,2,123,72,1,14,4,9,146,4,1,5,0,0,0,0,0,0,379,,12,391,887
,31,YUCATAN,3,MERIDA,50,MERIDA,1105,1,39,28,1,3,0,1,49,1,2,4,0,0,0,0,0,0,128,,6,134,295
,31,YUCATAN,3,MERIDA,50,MERIDA,1106,1,78,36,3,6,4,8,110,2,15,13,0,0,0,0,0,0,275,,7,282,692
,31,YUCATAN,3,MERIDA,50,MERIDA,1107,2,160,117,4,16,6,4,145,3,4,3,2,0,0,0,0,0,464,,9,473,1373
,31,YUCATAN,3,MERIDA,50,MERIDA,1108,6,1254,268,8,47,26,70,641,24,6,31,12,0,0,1,0,2,2390,,24,2414,4215
,31,YUCATAN,3,MERIDA,50,MERIDA,1109,4,645,147,8,19,5,34,247,8,2,10,11,0,0,1,0,1,1138,1,23,1162,2246
,31,YUCATAN,3,MERIDA,50,MERIDA,1110,5,394,174,10,22,8,29,480,16,12,19,11,0,0,0,0,1,1176,,17,1193,3560
,31,YUCATAN,3,MERIDA,50,MERIDA,1111,2,127,136,7,13,2,3,97,2,3,4,2,0,0,0,0,0,396,,14,410,906
,31,YUCATAN,3,MERIDA,50,MERIDA,1112,3,179,101,2,18,6,12,224,9,4,12,1,0,0,0,0,0,568,,27,595,1786
,31,YUCATAN,3,MERIDA,50,MERIDA,1113,2,135,78,4,15,2,10,202,6,4,4,5,0,0,0,0,0,465,,7,472,1146
,31,YUCATAN,3,MERIDA,50,MERIDA,1114,7,692,268,16,111,24,49,731,25,9,34,17,0,0,1,0,0,1977,3,35,2015,5110
,31,YUCATAN,3,MERIDA,50,MERIDA,1115,2,106,82,2,20,2,7,164,5,0,5,2,0,0,0,0,0,395,1,29,425,1091
,31,YUCATAN,3,MERIDA,50,MERIDA,1116,2,167,97,2,10,3,6,141,7,6,5,4,0,0,0,0,0,448,,13,461,1125
,31,YUCATAN,3,MERIDA,50,MERIDA,1117,3,186,119,1,11,6,9,215,7,3,7,4,0,0,0,0,0,568,,11,579,1564
,31,YUCATAN,3,MERIDA,50,MERIDA,1118,3,187,109,3,9,9,17,234,10,1,13,6,0,0,0,0,1,599,,10,609,1504
,31,YUCATAN,3,MERIDA,50,MERIDA,1119,2,173,121,3,11,3,10,166,7,5,13,1,0,0,0,0,1,514,,10,524,1288
,31,YUCATAN,3,MERIDA,50,MERIDA,1120,2,210,88,3,11,9,12,194,9,0,12,3,0,0,0,0,0,551,,5,556,1164
,31,YUCATAN,3,MERIDA,50,MERIDA,1121,3,275,121,1,13,7,16,212,10,4,9,6,0,0,0,0,0,674,,6,680,1611
,31,YUCATAN,3,MERIDA,50,MERIDA,1122,3,306,128,5,12,13,13,276,17,6,16,3,0,0,0,0,0,795,1,16,812,1756
,31,YUCATAN,3,MERIDA,50,MERIDA,1123,3,290,150,6,14,6,16,260,4,1,10,5,0,0,0,0,0,762,3,12,777,1586
,31,YUCATAN,3,MERIDA,50,MERIDA,1124,3,450,150,9,23,12,31,325,15,2,19,10,0,0,0,0,0,1046,2,25,1073,2180
,31,YUCATAN,3,MERIDA,50,MERIDA,1125,4,453,188,4,22,3,30,454,10,5,15,5,0,0,1,0,1,1191,3,19,1213,2788
,31,YUCATAN,3,MERIDA,50,MERIDA,1126,2,204,98,3,13,7,22,203,11,1,17,4,0,0,0,0,0,583,,12,595,1333
,31,YUCATAN,3,MERIDA,50,MERIDA,1127,3,294,111,4,12,5,17,286,10,6,13,8,0,0,0,0,0,766,1,10,777,1728
,31,YUCATAN,3,MERIDA,50,MERIDA,1128,3,238,105,3,15,3,18,230,13,3,13,3,0,0,0,0,1,645,1,11,657,1578
,31,YUCATAN,3,MERIDA,50,MERIDA,1129,2,208,91,2,13,4,12,176,10,1,15,3,0,0,1,0,0,536,1,12,549,1246
,31,YUCATAN,6,KANASIN,50,MERIDA,1130,1,62,58,0,4,1,4,78,2,1,14,1,0,0,0,0,0,225,0,4,229,488
,31,YUCATAN,8,UMAN,50,MERIDA,1133,1,28,21,2,4,4,10,81,3,2,4,3,0,0,0,0,0,162,0,3,165,535
