CIRCUNSCRIPCION,ID_ESTADO,NOMBRE_ESTADO,ID_DISTRITO_LOCAL,CABECERA_DISTRITAL_LOCAL,ID_MUNICIPIO,MUNICIPIO,SECCION,TIPO_CASILLA,ID_CASILLA,EXT_CONTIGUA,CASILLA,PAN,PRI,PRD,PVEM,PT,MC,MORENA,PES,RSP,FXM,NAY,PAN_PRD_NAY,PAN_PRD,PAN_NAY,PRD_NAY,PRI_PRD,NUM_VOTOS_VALIDOS,NUM_VOTOS_CAN_NREG,NUM_VOTOS_NULOS,TOTAL_VOTOS,LISTA_NOMINAL,ESTATUS_ACTA,TRIBUNAL,OBSERVACIONES,RUTA_ACTA
,31,YUCATAN,8,UMAN,1,ABALA,1,B,1,0,B,176,187,3,7,40,18,81,0,2,2,0,0,0,0,0,0,516,0,2,518,584,ACTA DE CASILLA,,,
,31,YUCATAN,8,UMAN,1,ABALA,1,C,1,0,C01,189,176,2,18,28,19,86,2,0,0,1,0,0,0,0,0,521,1,7,529,584,ACTA DE CASILLA,,,
,31,YUCATAN,8,UMAN,1,ABALA,1,C,2,0,C02,181,187,3,11,35,22,83,0,0,3,0,0,0,0,0,0,525,0,4,529,583,ACTA DE CASILLA,,,
,31,YUCATAN,8,UMAN,1,ABALA,2,B,1,0,B,44,55,0,1,10,4,31,12,0,0,0,0,0,0,0,0,157,0,1,158,174,ACTA DE CASILLA,,,
,31,YUCATAN,8,UMAN,1,ABALA,3,B,1,0,B,57,60,1,7,10,5,41,0,0,0,0,0,0,0,0,0,181,0,4,185,202,ACTA DE CASILLA,,,
,31,YUCATAN,8,UMAN,1,ABALA,4,B,1,0,B,138,183,2,4,23,5,110,22,0,1,2,0,0,0,0,0,490,0,10,500,559,ACTA DE CASILLA,,,
,31,YUCATAN,8,UMAN,1,ABALA,4,E,1,0,E01,68,118,0,8,10,0,12,0,0,0,0,0,0,0,0,0,216,0,0,216,244,ACTA DE CASILLA,,,
,31,YUCATAN,8,UMAN,1,ABALA,5,B,1,0,B,136,219,0,5,6,1,76,13,1,2,0,0,0,0,0,0,459,0,12,471,582,ACTA DE CASILLA,,,
,31,YUCATAN,8,UMAN,1,ABALA,5,C,1,0,C01,150,238,1,4,7,2,73,14,0,2,2,0,0,1,0,0,494,0,7,501,582,ACTA DE CASILLA,,,
,31,YUCATAN,8,UMAN,1,ABALA,5,C,2,0,C02,186,201,1,2,7,2,63,14,1,1,2,0,0,1,0,0,481,0,4,485,582,ACTA DE CASILLA,,,
,31,YUCATAN,8,UMAN,1,ABALA,6,B,1,0,B,106,156,2,2,26,1,68,1,2,0,1,0,0,0,0,0,365,0,3,368,393,ACTA DE CASILLA,,,
,31,YUCATAN,6,KANASIN,2,ACANCEH,7,B,1,0,B,69,22,54,28,9,65,168,5,4,46,60,0,0,0,0,0,530,0,23,553,734,ACTA DE CASILLA,,,
,31,YUCATAN,6,KANASIN,2,ACANCEH,7,C,1,0,C01,80,27,66,51,4,67,156,12,0,21,77,0,0,0,0,0,561,0,6,567,733,ACTA DE CASILLA,,,
,31,YUCATAN,6,KANASIN,2,ACANCEH,7,C,2,0,C02,70,22,62,40,6,90,141,7,1,42,72,0,0,0,0,0,553,0,6,559,733,ACTA DE CASILLA,,,
,31,YUCATAN,6,KANASIN,2,ACANCEH,8,B,1,0,B,68,23,70,33,12,61,140,2,4,33,63,0,0,0,0,0,509,0,19,528,705,ACTA DE CASILLA,,,
,31,YUCATAN,6,KANASIN,2,ACANCEH,8,C,1,0,C01,70,24,66,48,0,53,144,13,3,35,67,0,0,0,0,0,523,0,12,535,705,GRUPO DE RECUENTO,,,
,31,YUCATAN,6,KANASIN,2,ACANCEH,8,C,2,0,C02,64,35,57,33,0,60,164,5,3,48,72,0,0,0,0,0,541,0,21,562,705,ACTA DE CASILLA,,,
,31,YUCATAN,6,KANASIN,2,ACANCEH,9,B,1,0,B,62,16,68,37,2,69,124,16,3,28,93,0,0,0,0,0,518,0,23,541,690,ACTA DE CASILLA,,,
,31,YUCATAN,6,KANASIN,2,ACANCEH,9,C,1,0,C01,63,22,73,44,4,71,133,15,1,31,78,0,0,0,0,0,535,0,18,553,690,ACTA DE CASILLA,,,
,31,YUCATAN,6,KANASIN,2,ACANCEH,9,C,2,0,C02,84,22,70,48,5,49,115,7,1,31,72,0,0,0,0,0,504,0,24,528,690,ACTA DE CASILLA,,,
,31,YUCATAN,6,KANASIN,2,ACANCEH,9,C,3,0,C03,63,19,53,25,4,75,101,12,3,32,71,0,0,0,0,0,458,0,29,487,690,ACTA DE CASILLA,,,
,31,YUCATAN,6,KANASIN,2,ACANCEH,10,B,1,0,B,67,20,60,55,5,67,108,10,4,24,87,0,0,0,0,0,507,0,17,524,632,GRUPO DE RECUENTO,,,
,31,YUCATAN,6,KANASIN,2,ACANCEH,10,C,1,0,C01,62,8,42,45,7,68,114,11,0,32,89,0,0,0,0,0,478,0,8,486,632,GRUPO DE RECUENTO,,,
,31,YUCATAN,6,KANASIN,2,ACANCEH,10,C,2,0,C02,57,10,51,33,4,88,129,14,0,30,92,0,0,0,0,0,508,0,17,525,632,ACTA DE CASILLA,,,
,31,YUCATAN,6,KANASIN,2,ACANCEH,10,C,3,0,C03,47,10,50,45,2,77,97,5,0,24,109,0,0,0,0,0,466,0,33,499,631,ACTA DE CASILLA,,,
,31,YUCATAN,6,KANASIN,2,ACANCEH,11,B,1,0,B,71,18,41,52,1,118,127,3,1,4,161,0,0,0,0,0,597,0,16,613,733,ACTA DE CASILLA,,,
,31,YUCATAN,6,KANASIN,2,ACANCEH,12,B,1,0,B,97,8,79,34,6,53,139,5,1,12,86,0,0,0,0,0,520,0,12,532,665,GRUPO DE RECUENTO,,,
,31,YUCATAN,6,KANASIN,2,ACANCEH,12,C,1,0,C01,94,12,80,57,4,47,120,5,11,20,57,0,0,0,0,0,507,0,7,514,664,GRUPO DE RECUENTO,,,
,31,YUCATAN,6,KANASIN,2,ACANCEH,13,B,1,0,B,66,26,19,65,5,61,150,9,2,20,96,0,0,0,0,0,519,0,7,526,602,GRUPO DE RECUENTO,,,
,31,YUCATAN,12,TEKAX,3,AKIL,14,B,1,0,B,84,103,14,14,131,24,60,1,0,0,0,0,2,0,0,0,433,0,5,438,560,ACTA DE CASILLA,,,
,31,YUCATAN,12,TEKAX,3,AKIL,14,C,1,0,C01,88,119,16,6,142,44,37,1,1,1,2,0,0,0,0,0,457,0,4,461,560,ACTA DE CASILLA,,,
,31,YUCATAN,12,TEKAX,3,AKIL,14,C,2,0,C02,80,103,14,16,114,33,63,1,0,0,0,0,1,0,0,0,425,0,8,433,560,ACTA DE CASILLA,,,
,31,YUCATAN,12,TEKAX,3,AKIL,15,B,1,0,B,114,138,20,14,202,28,44,0,0,1,2,0,0,0,0,0,563,0,6,569,724,ACTA DE CASILLA,,,
,31,YUCATAN,12,TEKAX,3,AKIL,15,C,1,0,C01,93,112,16,30,204,56,41,1,0,0,0,0,0,0,0,0,553,0,5,558,724,ACTA DE CASILLA,,,
,31,YUCATAN,12,TEKAX,3,AKIL,15,C,2,0,C02,99,136,15,10,185,38,52,0,1,1,2,0,0,0,0,0,539,0,5,544,724,ACTA DE CASILLA,,,
,31,YUCATAN,12,TEKAX,3,AKIL,16,B,1,0,B,69,93,17,12,108,45,41,0,0,0,0,0,0,0,0,0,385,0,5,390,502,ACTA DE CASILLA,,,
,31,YUCATAN,12,TEKAX,3,AKIL,16,C,1,0,C01,50,91,19,4,128,33,29,0,0,0,2,0,0,0,0,0,356,0,10,366,501,ACTA DE CASILLA,,,
,31,YUCATAN,12,TEKAX,3,AKIL,16,C,2,0,C02,66,90,26,3,119,33,43,0,0,0,1,0,0,0,0,0,381,0,11,392,501,ACTA DE CASILLA,,,
,31,YUCATAN,12,TEKAX,3,AKIL,17,B,1,0,B,107,107,18,14,164,26,36,2,1,1,1,0,0,0,0,0,477,0,4,481,613,ACTA DE CASILLA,,,
,31,YUCATAN,12,TEKAX,3,AKIL,17,C,1,0,C01,76,96,15,12,201,22,38,3,0,0,3,0,0,0,0,0,466,0,12,478,613,ACTA DE CASILLA,,,
,31,YUCATAN,12,TEKAX,3,AKIL,17,C,2,0,C02,85,107,22,8,145,38,50,1,0,0,3,0,0,0,0,0,459,1,5,465,613,ACTA DE CASILLA,,,
,31,YUCATAN,12,TEKAX,3,AKIL,18,B,1,0,B,67,123,20,24,168,30,23,1,0,0,0,0,0,0,0,0,456,0,2,458,567,ACTA DE CASILLA,,,
,31,YUCATAN,12,TEKAX,3,AKIL,18,C,1,0,C01,44,118,18,8,174,20,41,0,0,1,0,0,0,0,0,0,424,0,5,429,566,ACTA DE CASILLA,,,
,31,YUCATAN,9,PROGRESO,4,BACA,20,B,1,0,B,167,83,0,136,3,48,182,0,0,1,1,0,0,0,0,0,621,0,30,651,739,GRUPO DE RECUENTO,,,
,31,YUCATAN,9,PROGRESO,4,BACA,20,C,1,0,C01,162,96,2,115,3,56,146,0,1,4,3,0,0,0,0,0,588,0,22,610,738,GRUPO DE RECUENTO,,,
,31,YUCATAN,9,PROGRESO,4,BACA,21,B,1,0,B,105,81,1,103,2,33,117,0,1,8,4,0,0,0,0,0,455,1,14,470,538,GRUPO DE RECUENTO,,,
,31,YUCATAN,9,PROGRESO,4,BACA,21,C,1,0,C01,101,113,3,93,1,30,94,1,0,5,2,0,0,0,0,0,443,0,9,452,538,ACTA DE CASILLA,,,
,31,YUCATAN,9,PROGRESO,4,BACA,22,B,1,0,B,78,57,0,74,0,28,80,0,0,1,5,0,0,0,0,0,323,0,7,330,383,GRUPO DE RECUENTO,,,
,31,YUCATAN,9,PROGRESO,4,BACA,22,C,1,0,C01,79,67,0,87,0,20,54,2,1,1,3,0,0,3,0,0,317,0,3,320,382,ACTA DE CASILLA,,,
,31,YUCATAN,9,PROGRESO,4,BACA,23,B,1,0,B,152,88,2,105,2,37,182,3,2,4,3,0,0,0,0,0,580,0,17,597,718,ACTA DE CASILLA,,,
,31,YUCATAN,9,PROGRESO,4,BACA,24,B,1,0,B,138,96,2,183,2,6,134,2,1,3,2,0,0,0,0,0,569,0,13,582,672,ACTA DE CASILLA,,,
,31,YUCATAN,15,IZAMAL,5,BOKOBA,25,B,1,0,B,184,169,1,1,1,5,45,37,0,4,0,0,0,1,0,0,448,0,10,458,497,ACTA DE CASILLA,,,
,31,YUCATAN,15,IZAMAL,5,BOKOBA,25,C,1,0,C01,158,211,0,1,0,4,41,27,0,0,0,0,0,0,0,0,442,0,8,450,497,ACTA DE CASILLA,,,
,31,YUCATAN,15,IZAMAL,5,BOKOBA,26,B,1,0,B,208,184,6,1,0,2,33,23,1,5,0,0,0,0,0,0,463,0,16,479,526,ACTA DE CASILLA,,,
,31,YUCATAN,15,IZAMAL,5,BOKOBA,26,C,1,0,C01,177,189,4,1,0,9,54,31,0,6,0,0,0,1,0,0,472,0,11,483,526,ACTA DE CASILLA,,,
,31,YUCATAN,15,IZAMAL,6,BUCTZOTZ,27,B,1,0,B,239,124,2,4,2,13,117,1,1,0,2,0,0,0,0,0,505,0,8,513,610,GRUPO DE RECUENTO,,,
,31,YUCATAN,15,IZAMAL,6,BUCTZOTZ,27,C,1,0,C01,225,121,4,2,2,10,130,2,3,0,1,0,0,0,0,0,500,0,5,505,610,GRUPO DE RECUENTO,,,
,31,YUCATAN,15,IZAMAL,6,BUCTZOTZ,27,C,2,0,C02,208,136,5,1,3,15,136,0,1,1,1,0,0,0,0,0,507,,3,510,609,ACTA DE CASILLA,,,
,31,YUCATAN,15,IZAMAL,6,BUCTZOTZ,28,B,1,0,B,201,141,2,1,3,9,180,0,1,0,0,0,0,0,0,0,538,0,18,556,663,ACTA DE CASILLA,,,
,31,YUCATAN,15,IZAMAL,6,BUCTZOTZ,28,C,1,0,C01,216,137,2,1,0,10,151,0,1,0,1,0,0,1,0,0,520,1,14,535,663,ACTA DE CASILLA,,,
,31,YUCATAN,15,IZAMAL,6,BUCTZOTZ,28,C,2,0,C02,219,120,6,1,5,8,155,0,1,0,0,0,0,0,0,0,515,0,7,522,663,ACTA DE CASILLA,,,
,31,YUCATAN,15,IZAMAL,6,BUCTZOTZ,29,B,1,0,B,264,167,3,2,0,10,131,1,0,0,2,0,0,0,0,0,580,0,15,595,740,GRUPO DE RECUENTO,,,
,31,YUCATAN,15,IZAMAL,6,BUCTZOTZ,29,C,1,0,C01,271,160,4,3,1,18,136,0,0,0,1,0,0,0,0,0,594,0,14,608,740,ACTA DE CASILLA,,,
,31,YUCATAN,15,IZAMAL,6,BUCTZOTZ,30,B,1,0,B,177,139,1,1,1,12,114,3,1,0,1,0,0,0,0,0,450,0,12,462,548,GRUPO DE RECUENTO,,,
,31,YUCATAN,15,IZAMAL,6,BUCTZOTZ,30,C,1,0,C01,183,124,3,0,2,1,140,0,1,1,1,0,0,0,0,0,456,0,10,466,548,ACTA DE CASILLA,,,
,31,YUCATAN,15,IZAMAL,6,BUCTZOTZ,31,B,1,0,B,158,77,0,1,0,3,133,1,0,0,0,0,0,0,0,0,373,0,7,380,431,GRUPO DE RECUENTO,,,
,31,YUCATAN,15,IZAMAL,6,BUCTZOTZ,32,B,1,0,B,212,138,0,1,0,5,57,2,0,0,1,0,0,0,0,0,416,0,0,416,461,ACTA DE CASILLA,,,
,31,YUCATAN,15,IZAMAL,7,CACALCHEN,33,B,1,0,B,87,106,13,33,0,52,93,1,2,1,0,0,0,0,0,0,388,0,10,398,466,ACTA DE CASILLA,,,
,31,YUCATAN,15,IZAMAL,7,CACALCHEN,33,C,1,0,C01,104,88,19,21,0,74,78,2,1,0,2,0,0,0,0,0,389,,,389,465,ACTA DE CASILLA,,,
,31,YUCATAN,15,IZAMAL,7,CACALCHEN,34,B,1,0,B,153,119,14,41,2,73,120,1,0,0,1,0,0,0,0,0,524,0,13,537,629,ACTA DE CASILLA,,,
,31,YUCATAN,15,IZAMAL,7,CACALCHEN,34,C,1,0,C01,142,143,15,28,0,72,114,2,2,4,1,0,0,0,0,0,523,0,3,526,628,ACTA DE CASILLA,,,
,31,YUCATAN,15,IZAMAL,7,CACALCHEN,34,C,2,0,C02,123,138,15,28,0,81,112,1,0,2,2,0,0,0,0,0,502,0,9,511,628,GRUPO DE RECUENTO,,,
,31,YUCATAN,15,IZAMAL,7,CACALCHEN,35,B,1,0,B,162,179,22,30,0,53,115,0,2,6,0,0,0,2,0,0,571,0,17,588,717,ACTA DE CASILLA,,,
,31,YUCATAN,15,IZAMAL,7,CACALCHEN,35,C,1,0,C01,128,201,18,34,0,47,119,0,1,5,2,0,0,0,0,0,555,0,20,575,717,ACTA DE CASILLA,,,
,31,YUCATAN,15,IZAMAL,7,CACALCHEN,36,B,1,0,B,104,150,16,32,0,34,102,1,2,2,0,0,0,0,0,0,443,,5,448,519,ACTA DE CASILLA,,,
,31,YUCATAN,15,IZAMAL,7,CACALCHEN,36,C,1,0,C01,92,139,17,21,0,56,91,1,1,2,1,0,0,0,0,0,421,,15,436,519,ACTA DE CASILLA,,,
,31,YUCATAN,15,IZAMAL,7,CACALCHEN,36,C,2,0,C02,98,133,15,25,2,35,111,0,2,2,0,0,0,0,0,0,423,0,15,438,518,ACTA DE CASILLA,,,
,31,YUCATAN,10,TIZIMIN,8,CALOTMUL,37,B,1,0,B,174,367,3,1,1,0,46,0,2,1,0,0,0,0,0,0,595,0,4,599,704,ACTA DE CASILLA,,,
,31,YUCATAN,10,TIZIMIN,8,CALOTMUL,37,C,1,0,C01,225,286,1,4,3,0,102,1,1,0,1,0,0,0,0,0,624,,4,628,704,ACTA DE CASILLA,,,
,31,YUCATAN,10,TIZIMIN,8,CALOTMUL,38,B,1,0,B,139,282,1,0,2,0,42,1,0,1,0,0,0,0,0,0,468,,5,473,536,ACTA DE CASILLA,,,
,31,YUCATAN,10,TIZIMIN,8,CALOTMUL,38,C,1,0,C01,166,254,1,0,1,1,57,1,2,0,1,0,0,0,0,0,484,,8,492,536,ACTA DE CASILLA,,,
,31,YUCATAN,10,TIZIMIN,8,CALOTMUL,39,B,1,0,B,156,164,1,1,0,0,29,1,0,0,0,0,0,0,0,0,352,0,2,354,380,ACTA DE CASILLA,,,
,31,YUCATAN,10,TIZIMIN,8,CALOTMUL,40,B,1,0,B,134,196,1,0,1,2,22,0,1,0,1,0,0,0,0,0,358,,0,358,378,ACTA DE CASILLA,,,
,31,YUCATAN,10,TIZIMIN,8,CALOTMUL,40,C,1,0,C01,133,161,1,0,3,0,33,0,1,0,0,0,0,0,0,0,332,0,5,337,377,ACTA DE CASILLA,,,
,31,YUCATAN,15,IZAMAL,9,CANSAHCAB,41,B,1,0,B,229,89,74,4,2,4,126,0,1,4,0,0,0,0,0,0,533,0,20,553,676,ACTA DE CASILLA,,,
,31,YUCATAN,15,IZAMAL,9,CANSAHCAB,42,B,1,0,B,147,67,59,5,2,9,107,0,1,0,9,0,0,0,0,0,406,0,9,415,502,ACTA DE CASILLA,,,
,31,YUCATAN,15,IZAMAL,9,CANSAHCAB,42,C,1,0,C01,149,84,48,8,0,3,101,0,1,1,5,0,0,0,0,0,400,2,9,411,502,ACTA DE CASILLA,,,
,31,YUCATAN,15,IZAMAL,9,CANSAHCAB,43,B,1,0,B,115,62,58,6,5,3,97,1,0,0,10,0,0,0,0,0,357,0,4,361,443,ACTA DE CASILLA,,,
,31,YUCATAN,15,IZAMAL,9,CANSAHCAB,43,C,1,0,C01,107,57,47,6,2,9,100,1,0,0,14,0,0,0,0,0,343,0,9,352,442,ACTA DE CASILLA,,,
,31,YUCATAN,15,IZAMAL,9,CANSAHCAB,44,B,1,0,B,145,62,36,12,1,8,99,1,0,2,5,0,0,0,0,0,371,0,4,375,461,ACTA DE CASILLA,,,
,31,YUCATAN,15,IZAMAL,9,CANSAHCAB,44,C,1,0,C01,167,56,32,8,0,5,109,3,1,0,7,0,0,0,0,0,388,0,10,398,460,GRUPO DE RECUENTO,,,
,31,YUCATAN,15,IZAMAL,9,CANSAHCAB,45,B,1,0,B,36,22,21,1,1,2,54,0,0,0,1,0,0,0,0,0,138,,10,148,172,ACTA DE CASILLA,,,
,31,YUCATAN,15,IZAMAL,9,CANSAHCAB,46,B,1,0,B,43,10,25,1,1,0,39,2,0,0,2,0,0,0,0,0,123,,4,127,142,ACTA DE CASILLA,,,
,31,YUCATAN,14,TECOH,10,CANTAMAYEC,47,B,1,0,B,149,283,156,6,0,1,33,2,0,0,0,0,0,0,0,0,630,0,0,630,692,GRUPO DE RECUENTO,,,
,31,YUCATAN,14,TECOH,10,CANTAMAYEC,47,C,1,0,C01,150,267,159,6,1,0,41,0,0,0,0,0,0,0,0,0,624,0,0,624,692,ACTA DE CASILLA,,,
,31,YUCATAN,14,TECOH,10,CANTAMAYEC,48,B,1,0,B,60,145,46,4,0,1,28,0,0,0,1,0,0,0,0,0,285,0,0,285,309,ACTA DE CASILLA,,,
,31,YUCATAN,14,TECOH,10,CANTAMAYEC,49,B,1,0,B,44,120,23,3,0,0,13,0,1,0,0,0,0,0,0,0,204,0,0,204,209,GRUPO DE RECUENTO,,,
,31,YUCATAN,8,UMAN,11,CELESTUN,50,B,1,0,B,106,86,47,57,15,6,181,51,2,4,1,0,0,0,0,0,556,0,27,583,682,ACTA DE CASILLA,,,
,31,YUCATAN,8,UMAN,11,CELESTUN,50,C,1,0,C01,97,89,54,52,9,0,199,47,1,6,6,0,0,0,0,0,560,0,28,588,681,ACTA DE CASILLA,,,
,31,YUCATAN,8,UMAN,11,CELESTUN,51,B,1,0,B,99,62,52,49,4,10,173,35,3,3,0,0,0,0,0,0,490,0,24,514,626,ACTA DE CASILLA,,,
,31,YUCATAN,8,UMAN,11,CELESTUN,51,C,1,0,C01,93,65,51,50,0,10,161,50,1,10,0,0,0,0,0,0,491,0,24,515,626,ACTA DE CASILLA,,,
,31,YUCATAN,8,UMAN,11,CELESTUN,51,C,2,0,C02,82,64,51,47,4,9,185,59,5,9,1,0,0,0,0,0,516,0,23,539,626,ACTA DE CASILLA,,,
,31,YUCATAN,8,UMAN,11,CELESTUN,51,C,3,0,C03,113,59,54,29,5,5,170,47,0,7,1,0,0,0,0,0,490,0,0,490,626,ACTA DE CASILLA,,,
,31,YUCATAN,8,UMAN,11,CELESTUN,52,B,1,0,B,72,65,24,39,3,13,106,40,3,7,0,0,0,0,0,0,372,0,22,394,466,ACTA DE CASILLA,,,
,31,YUCATAN,8,UMAN,11,CELESTUN,52,C,1,0,C01,104,56,32,36,7,11,89,25,2,10,5,0,0,0,0,0,377,1,19,397,466,ACTA DE CASILLA,,,
,31,YUCATAN,8,UMAN,11,CELESTUN,53,B,1,0,B,76,50,48,45,10,9,175,61,3,11,3,0,0,0,0,0,491,0,28,519,598,ACTA DE CASILLA,,,
,31,YUCATAN,8,UMAN,11,CELESTUN,53,C,1,0,C01,118,69,103,103,0,2,13,74,0,7,0,0,0,0,0,0,489,0,20,509,598,ACTA DE CASILLA,,,
,31,YUCATAN,15,IZAMAL,12,CENOTILLO,54,B,1,0,B,169,97,2,0,0,2,69,0,1,2,2,0,0,0,0,0,344,0,6,350,425,ACTA DE CASILLA,,,
,31,YUCATAN,15,IZAMAL,12,CENOTILLO,55,B,1,0,B,210,85,0,0,0,0,62,2,2,0,0,0,0,0,0,0,361,0,5,366,435,ACTA DE CASILLA,,,
,31,YUCATAN,15,IZAMAL,12,CENOTILLO,55,C,1,0,C01,205,100,0,2,0,0,55,0,6,0,1,0,0,0,0,0,369,,2,371,434,ACTA DE CASILLA,,,
,31,YUCATAN,15,IZAMAL,12,CENOTILLO,56,B,1,0,B,229,88,1,0,0,0,34,0,3,0,3,0,0,0,0,0,358,0,0,358,425,ACTA DE CASILLA,,,
,31,YUCATAN,15,IZAMAL,12,CENOTILLO,56,C,1,0,C01,178,139,0,0,0,1,36,0,0,0,4,0,0,0,0,0,358,,4,362,424,ACTA DE CASILLA,,,
,31,YUCATAN,15,IZAMAL,12,CENOTILLO,57,B,1,0,B,312,146,0,0,0,0,90,1,5,1,4,0,0,0,0,0,559,0,9,568,703,GRUPO DE RECUENTO,,,
,31,YUCATAN,15,IZAMAL,12,CENOTILLO,58,B,1,0,B,117,50,0,0,0,0,62,0,2,0,2,0,0,0,0,0,233,,9,242,300,ACTA DE CASILLA,,,
,31,YUCATAN,9,PROGRESO,13,CONKAL,59,B,1,0,B,78,143,2,3,3,8,91,0,4,3,0,0,0,0,0,0,335,0,6,341,556,ACTA DE CASILLA,,,
,31,YUCATAN,9,PROGRESO,13,CONKAL,59,C,1,0,C01,95,165,0,3,1,9,106,1,1,7,2,0,0,0,0,1,391,0,5,396,555,ACTA DE CASILLA,,,
,31,YUCATAN,9,PROGRESO,13,CONKAL,59,C,2,0,C02,63,188,0,1,2,5,83,0,5,8,0,0,0,0,0,0,355,0,6,361,555,ACTA DE CASILLA,,,
,31,YUCATAN,9,PROGRESO,13,CONKAL,60,B,1,0,B,138,187,1,4,2,12,71,0,5,5,1,0,0,0,0,0,426,0,4,430,592,ACTA DE CASILLA,,,
,31,YUCATAN,9,PROGRESO,13,CONKAL,60,C,1,0,C01,134,171,1,5,0,11,74,7,2,2,0,0,0,0,0,1,408,0,6,414,591,ACTA DE CASILLA,,,
,31,YUCATAN,9,PROGRESO,13,CONKAL,61,B,1,0,B,122,221,1,2,2,15,94,4,2,3,0,0,0,0,0,0,466,0,11,477,706,ACTA DE CASILLA,,,
,31,YUCATAN,9,PROGRESO,13,CONKAL,61,C,1,0,C01,126,167,0,4,3,14,113,0,4,8,0,0,0,0,0,0,439,0,5,444,706,ACTA DE CASILLA,,,
,31,YUCATAN,9,PROGRESO,13,CONKAL,61,C,2,0,C02,125,166,1,5,3,13,113,2,4,8,0,0,0,0,0,0,440,2,10,452,705,ACTA DE CASILLA,,,
,31,YUCATAN,9,PROGRESO,13,CONKAL,62,B,1,0,B,177,139,4,10,5,7,79,0,4,3,1,0,0,0,0,0,429,0,7,436,679,ACTA DE CASILLA,,,
,31,YUCATAN,9,PROGRESO,13,CONKAL,62,C,1,0,C01,158,122,4,3,6,13,63,0,5,2,1,0,0,0,0,1,378,0,9,387,679,ACTA DE CASILLA,,,
,31,YUCATAN,9,PROGRESO,13,CONKAL,62,C,2,0,C02,182,99,3,2,5,12,65,5,1,2,0,0,0,0,0,0,376,0,4,380,679,ACTA DE CASILLA,,,
,31,YUCATAN,9,PROGRESO,13,CONKAL,62,C,3,0,C03,169,136,2,2,6,9,71,1,0,3,0,0,0,0,0,0,399,0,7,406,679,ACTA DE CASILLA,,,
,31,YUCATAN,9,PROGRESO,13,CONKAL,62,C,4,0,C04,175,85,1,3,2,9,89,1,4,2,1,0,0,0,0,0,372,0,12,384,678,ACTA DE CASILLA,,,
,31,YUCATAN,9,PROGRESO,13,CONKAL,63,B,1,0,B,25,58,1,1,0,1,28,1,1,3,0,0,0,0,0,0,119,0,1,120,146,ACTA DE CASILLA,,,
,31,YUCATAN,9,PROGRESO,13,CONKAL,64,B,1,0,B,139,179,1,9,0,5,64,7,1,14,2,0,0,0,0,0,421,0,8,429,529,ACTA DE CASILLA,,,
,31,YUCATAN,9,PROGRESO,13,CONKAL,64,C,1,0,C01,159,143,1,3,1,4,56,0,0,8,2,0,0,0,0,0,377,0,5,382,529,ACTA DE CASILLA,,,
,31,YUCATAN,9,PROGRESO,13,CONKAL,64,C,2,0,C02,168,137,1,1,0,3,65,3,0,15,2,0,0,0,0,0,395,0,3,398,529,ACTA DE CASILLA,,,
,31,YUCATAN,11,VALLADOLID,14,CUNCUNUL,65,B,1,0,B,143,264,1,35,2,2,75,33,1,0,3,0,0,0,0,1,560,0,10,570,622,ACTA DE CASILLA,,,
,31,YUCATAN,11,VALLADOLID,14,CUNCUNUL,65,C,1,0,C01,132,270,1,18,7,4,96,33,0,1,1,0,0,0,0,0,563,0,7,570,622,ACTA DE CASILLA,,,
,31,YUCATAN,11,VALLADOLID,14,CUNCUNUL,66,B,1,0,B,44,137,2,2,0,0,44,1,0,0,1,0,0,0,0,0,231,0,2,233,244,ACTA DE CASILLA,,,
,31,YUCATAN,14,TECOH,15,CUZAMA,67,B,1,0,B,192,130,7,13,0,7,219,2,2,0,0,0,0,0,0,0,572,0,6,578,684,ACTA DE CASILLA,,,
,31,YUCATAN,14,TECOH,15,CUZAMA,67,C,1,0,C01,182,148,7,19,0,15,197,3,4,3,2,0,0,0,0,0,580,0,6,586,684,ACTA DE CASILLA,,,
,31,YUCATAN,14,TECOH,15,CUZAMA,68,B,1,0,B,167,144,8,4,1,13,209,3,1,1,0,0,0,0,0,0,551,0,13,564,663,ACTA DE CASILLA,,,
,31,YUCATAN,14,TECOH,15,CUZAMA,68,C,1,0,C01,174,118,8,12,0,9,217,2,5,0,3,0,0,0,0,0,548,0,10,558,663,ACTA DE CASILLA,,,
,31,YUCATAN,14,TECOH,15,CUZAMA,68,C,2,0,C02,183,111,7,20,6,12,203,0,3,0,2,0,0,0,0,0,547,0,5,552,663,ACTA DE CASILLA,,,
,31,YUCATAN,14,TECOH,15,CUZAMA,69,B,1,0,B,195,156,1,14,2,8,147,3,1,1,1,0,0,0,0,0,529,0,8,537,676,GRUPO DE RECUENTO,,,
,31,YUCATAN,12,TEKAX,16,CHACSINKIN,70,B,1,0,B,84,189,2,7,1,10,256,1,0,0,0,0,0,0,0,0,550,0,3,553,588,ACTA DE CASILLA,,,
,31,YUCATAN,12,TEKAX,16,CHACSINKIN,70,C,1,0,C01,115,210,0,3,2,20,205,0,2,0,0,0,0,0,0,0,557,0,2,559,588,ACTA DE CASILLA,,,
,31,YUCATAN,12,TEKAX,16,CHACSINKIN,70,C,2,0,C02,103,181,2,2,1,12,235,0,1,0,0,0,1,0,0,0,538,0,3,541,588,ACTA DE CASILLA,,,
,31,YUCATAN,12,TEKAX,16,CHACSINKIN,70,C,3,0,C03,93,245,3,3,3,10,180,1,5,0,0,0,3,0,0,0,546,0,2,548,588,ACTA DE CASILLA,,,
,31,YUCATAN,14,TECOH,17,CHANKOM,71,B,1,0,B,219,198,0,3,2,0,25,0,0,0,0,0,0,0,0,0,447,0,0,447,597,GRUPO DE RECUENTO,,,
,31,YUCATAN,14,TECOH,17,CHANKOM,71,C,1,0,C01,227,298,0,4,0,11,0,1,1,0,0,0,0,0,0,0,542,0,0,542,596,GRUPO DE RECUENTO,,,
,31,YUCATAN,14,TECOH,17,CHANKOM,71,E,1,0,E01,16,133,0,3,1,1,13,0,1,0,0,0,0,0,0,0,168,0,0,168,180,ACTA DE CASILLA,,,
,31,YUCATAN,14,TECOH,17,CHANKOM,71,E,2,0,E02,89,137,0,4,0,0,18,0,0,0,0,0,0,0,0,0,248,0,0,248,260,ACTA DE CASILLA,,,
,31,YUCATAN,14,TECOH,17,CHANKOM,72,B,1,0,B,90,325,0,3,0,0,15,0,1,0,0,0,0,0,0,0,434,0,0,434,464,ACTA DE CASILLA,,,
,31,YUCATAN,14,TECOH,17,CHANKOM,72,C,1,0,C01,103,312,0,3,2,0,5,0,0,0,0,0,0,0,0,0,425,0,0,425,464,ACTA DE CASILLA,,,
,31,YUCATAN,14,TECOH,17,CHANKOM,73,B,1,0,B,182,420,0,4,1,0,9,1,0,0,0,0,0,0,0,0,617,0,0,617,659,ACTA DE CASILLA,,,
,31,YUCATAN,14,TECOH,17,CHANKOM,74,B,1,0,B,178,427,0,4,0,0,36,0,0,0,0,0,0,0,0,0,645,0,0,645,683,ACTA DE CASILLA,,,
,31,YUCATAN,13,TICUL,18,CHAPAB,75,B,1,0,B,122,134,29,0,0,63,75,2,0,3,1,0,0,123,0,0,552,,13,565,516,ACTA DE CASILLA,,,
,31,YUCATAN,13,TICUL,18,CHAPAB,75,C,1,0,C01,129,152,31,1,0,33,84,3,0,4,0,0,0,0,0,0,437,,14,451,516,ACTA DE CASILLA,,,
,31,YUCATAN,13,TICUL,18,CHAPAB,76,B,1,0,B,120,166,21,1,1,123,85,1,2,3,1,0,0,0,0,0,524,,8,532,651,ACTA DE CASILLA,,,
,31,YUCATAN,13,TICUL,18,CHAPAB,76,C,1,0,C01,126,161,44,2,0,78,134,6,0,7,0,0,0,0,0,0,558,,7,565,651,ACTA DE CASILLA,,,
,31,YUCATAN,13,TICUL,18,CHAPAB,77,B,1,0,B,78,174,5,0,7,100,42,0,0,1,0,0,0,0,0,0,407,,9,416,435,ACTA DE CASILLA,,,
,31,YUCATAN,13,TICUL,18,CHAPAB,77,C,1,0,C01,98,183,3,2,2,82,32,0,0,0,0,0,0,0,0,0,402,,2,404,435,ACTA DE CASILLA,,,
,31,YUCATAN,11,VALLADOLID,19,CHEMAX,78,B,1,0,B,254,109,7,7,7,13,147,4,4,0,2,0,0,0,0,0,554,0,4,558,715,ACTA DE CASILLA,,,
,31,YUCATAN,11,VALLADOLID,19,CHEMAX,78,C,1,0,C01,270,101,3,5,9,4,136,5,2,2,2,0,0,0,0,0,539,0,9,548,715,ACTA DE CASILLA,,,
,31,YUCATAN,11,VALLADOLID,19,CHEMAX,78,C,2,0,C02,276,103,4,3,2,4,157,8,3,0,0,0,0,0,0,0,560,0,1,561,715,ACTA DE CASILLA,,,
,31,YUCATAN,11,VALLADOLID,19,CHEMAX,78,C,3,0,C03,294,82,7,0,8,4,160,6,2,3,0,0,0,0,0,0,566,0,3,569,715,ACTA DE CASILLA,,,
,31,YUCATAN,11,VALLADOLID,19,CHEMAX,78,C,4,0,C04,310,119,5,5,7,1,115,9,3,0,0,0,0,1,0,0,575,,8,583,714,ACTA DE CASILLA,,,
,31,YUCATAN,11,VALLADOLID,19,CHEMAX,79,B,1,0,B,281,120,4,2,7,3,119,12,3,1,2,0,0,0,0,0,554,,4,558,708,ACTA DE CASILLA,,,
,31,YUCATAN,11,VALLADOLID,19,CHEMAX,79,C,1,0,C01,236,146,4,3,4,1,150,4,2,2,1,0,0,0,0,0,553,,2,555,707,ACTA DE CASILLA,,,
,31,YUCATAN,11,VALLADOLID,19,CHEMAX,79,C,2,0,C02,295,119,6,5,5,2,117,12,0,1,0,0,0,0,0,0,562,0,6,568,707,ACTA DE CASILLA,,,
,31,YUCATAN,11,VALLADOLID,19,CHEMAX,80,B,1,0,B,300,117,0,3,8,3,129,19,1,0,0,0,0,0,0,0,580,0,7,587,721,ACTA DE CASILLA,,,
,31,YUCATAN,11,VALLADOLID,19,CHEMAX,80,C,1,0,C01,316,107,3,3,7,1,142,17,3,2,2,0,0,1,0,0,604,0,8,612,720,ACTA DE CASILLA,,,
,31,YUCATAN,11,VALLADOLID,19,CHEMAX,80,C,2,0,C02,265,156,0,1,4,2,137,20,2,1,0,0,0,1,0,0,589,0,3,592,720,ACTA DE CASILLA,,,
,31,YUCATAN,11,VALLADOLID,19,CHEMAX,81,B,1,0,B,282,104,4,7,1,1,126,4,3,0,0,0,0,0,0,0,532,,0,532,635,ACTA DE CASILLA,,,
,31,YUCATAN,11,VALLADOLID,19,CHEMAX,81,C,1,0,C01,258,102,3,6,4,1,121,4,0,1,1,0,0,2,0,0,503,0,8,511,634,ACTA DE CASILLA,,,
,31,YUCATAN,11,VALLADOLID,19,CHEMAX,81,C,2,0,C02,245,88,0,2,7,1,150,10,3,2,0,0,0,0,0,0,508,0,3,511,634,ACTA DE CASILLA,,,
,31,YUCATAN,11,VALLADOLID,19,CHEMAX,81,C,3,0,C03,296,99,2,1,3,1,123,3,5,0,0,0,0,0,0,0,533,,6,539,634,ACTA DE CASILLA,,,
,31,YUCATAN,11,VALLADOLID,19,CHEMAX,81,C,4,0,C04,280,90,2,4,2,3,121,13,1,2,0,0,0,0,0,0,518,0,9,527,634,ACTA DE CASILLA,,,
,31,YUCATAN,11,VALLADOLID,19,CHEMAX,82,B,1,0,B,244,129,2,2,0,3,82,2,3,0,3,0,0,0,0,0,470,0,3,473,537,ACTA DE CASILLA,,,
,31,YUCATAN,11,VALLADOLID,19,CHEMAX,82,C,1,0,C01,234,150,4,2,2,1,68,0,2,0,0,0,0,0,0,0,463,0,6,469,536,ACTA DE CASILLA,,,
,31,YUCATAN,11,VALLADOLID,19,CHEMAX,82,E,1,0,E01,272,209,0,2,2,1,48,0,1,0,0,0,0,0,0,0,535,0,3,538,589,ACTA DE CASILLA,,,
,31,YUCATAN,11,VALLADOLID,19,CHEMAX,83,B,1,0,B,182,254,0,1,8,0,64,2,1,1,0,0,0,0,0,0,513,0,2,515,683,ACTA DE CASILLA,,,
,31,YUCATAN,11,VALLADOLID,19,CHEMAX,83,C,1,0,C01,178,251,3,2,9,0,72,0,3,0,1,0,0,0,0,0,519,0,3,522,683,GRUPO DE RECUENTO,,,
,31,YUCATAN,11,VALLADOLID,19,CHEMAX,83,C,2,0,C02,158,287,1,2,9,2,38,1,2,1,0,0,0,1,0,0,502,0,5,507,683,ACTA DE CASILLA,,,
,31,YUCATAN,11,VALLADOLID,19,CHEMAX,84,B,1,0,B,131,212,1,5,1,0,67,1,1,0,0,0,0,0,0,0,419,0,9,428,549,ACTA DE CASILLA,,,
,31,YUCATAN,11,VALLADOLID,19,CHEMAX,84,C,1,0,C01,165,180,2,2,3,2,58,0,0,0,2,0,0,0,0,0,414,0,5,419,549,ACTA DE CASILLA,,,
,31,YUCATAN,11,VALLADOLID,19,CHEMAX,84,C,2,0,C02,137,231,3,0,8,1,40,0,0,0,0,0,0,0,0,0,420,0,1,421,548,ACTA DE CASILLA,,,
,31,YUCATAN,11,VALLADOLID,19,CHEMAX,85,B,1,0,B,346,114,1,2,2,0,43,0,2,0,1,0,0,0,0,0,511,0,6,517,603,ACTA DE CASILLA,,,
,31,YUCATAN,11,VALLADOLID,19,CHEMAX,86,B,1,0,B,347,75,0,0,4,5,175,4,7,1,1,0,0,0,0,0,619,,0,619,716,ACTA DE CASILLA,,,
,31,YUCATAN,11,VALLADOLID,19,CHEMAX,86,C,1,0,C01,348,73,0,4,14,3,177,8,8,1,1,0,0,0,0,0,637,,3,640,716,ACTA DE CASILLA,,,
,31,YUCATAN,11,VALLADOLID,19,CHEMAX,86,E,1,0,E01,314,232,0,1,3,1,45,4,0,0,0,0,0,0,0,0,600,0,9,609,666,ACTA DE CASILLA,,,
,31,YUCATAN,11,VALLADOLID,19,CHEMAX,86,E,2,0,E02,220,64,4,1,7,2,100,4,1,1,1,0,0,0,0,0,405,0,3,408,451,ACTA DE CASILLA,,,
,31,YUCATAN,11,VALLADOLID,19,CHEMAX,87,B,1,0,B,372,53,0,1,0,0,109,2,3,0,0,0,0,0,0,0,540,0,2,542,624,ACTA DE CASILLA,,,
,31,YUCATAN,11,VALLADOLID,19,CHEMAX,88,B,1,0,B,256,134,1,1,5,3,100,1,1,0,1,0,0,0,0,0,503,0,3,506,587,ACTA DE CASILLA,,,
,31,YUCATAN,11,VALLADOLID,19,CHEMAX,88,C,1,0,C01,249,115,1,1,1,0,101,1,2,1,0,0,0,0,0,0,472,0,2,474,586,ACTA DE CASILLA,,,
,31,YUCATAN,11,VALLADOLID,19,CHEMAX,88,C,2,0,C02,246,106,1,1,3,0,99,2,4,0,0,0,0,0,0,0,462,0,2,464,586,ACTA DE CASILLA,,,
,31,YUCATAN,11,VALLADOLID,19,CHEMAX,89,B,1,0,B,280,94,1,4,1,4,138,2,1,0,1,0,0,0,0,0,526,0,6,532,633,ACTA DE CASILLA,,,
,31,YUCATAN,11,VALLADOLID,19,CHEMAX,89,C,1,0,C01,321,56,3,3,1,7,142,5,1,0,1,0,0,0,0,0,540,0,6,546,632,ACTA DE CASILLA,,,
,31,YUCATAN,11,VALLADOLID,19,CHEMAX,89,C,2,0,C02,290,78,1,4,0,2,146,2,1,1,0,0,0,0,0,0,525,,5,530,632,ACTA DE CASILLA,,,
,31,YUCATAN,11,VALLADOLID,19,CHEMAX,90,B,1,0,B,164,103,2,3,2,1,71,2,2,0,0,0,0,0,0,0,350,,3,353,438,GRUPO DE RECUENTO,,,
,31,YUCATAN,11,VALLADOLID,19,CHEMAX,90,C,1,0,C01,188,92,0,1,1,0,75,5,2,0,1,0,0,0,0,0,365,,2,367,438,ACTA DE CASILLA,,,
,31,YUCATAN,9,PROGRESO,20,CHICXULUB PUEBLO,91,B,1,0,B,260,148,5,3,3,9,150,1,2,3,0,0,0,0,0,0,584,0,8,592,709,ACTA DE CASILLA,,,
,31,YUCATAN,9,PROGRESO,20,CHICXULUB PUEBLO,91,C,1,0,C01,282,137,4,1,1,11,137,0,1,6,0,0,0,0,0,0,580,1,6,587,709,ACTA DE CASILLA,,,
,31,YUCATAN,9,PROGRESO,20,CHICXULUB PUEBLO,91,C,2,0,C02,278,135,5,2,3,15,136,0,1,10,0,0,0,0,0,0,585,0,6,591,709,ACTA DE CASILLA,,,
,31,YUCATAN,9,PROGRESO,20,CHICXULUB PUEBLO,92,B,1,0,B,274,144,4,3,4,4,142,2,0,4,0,0,0,0,0,0,581,1,15,597,703,ACTA DE CASILLA,,,
,31,YUCATAN,9,PROGRESO,20,CHICXULUB PUEBLO,92,C,1,0,C01,273,149,4,7,0,12,147,1,0,3,1,0,0,0,0,0,597,0,14,611,702,ACTA DE CASILLA,,,
,31,YUCATAN,11,VALLADOLID,21,CHICHIMILA,93,B,1,0,B,157,174,1,82,0,8,50,2,0,0,0,0,0,2,0,0,476,,4,480,557,GRUPO DE RECUENTO,,,
,31,YUCATAN,11,VALLADOLID,21,CHICHIMILA,93,C,1,0,C01,200,169,3,35,0,5,69,2,0,0,3,0,0,0,0,1,487,0,6,493,557,GRUPO DE RECUENTO,,,
,31,YUCATAN,11,VALLADOLID,21,CHICHIMILA,93,C,2,0,C02,138,214,0,48,0,6,62,2,0,1,2,0,0,0,0,0,473,0,6,479,556,ACTA DE CASILLA,,,
,31,YUCATAN,11,VALLADOLID,21,CHICHIMILA,94,B,1,0,B,214,146,4,78,2,4,54,8,1,0,0,0,0,0,0,0,511,0,5,516,597,GRUPO DE RECUENTO,,,
,31,YUCATAN,11,VALLADOLID,21,CHICHIMILA,94,C,1,0,C01,227,158,1,84,0,8,24,12,1,1,1,0,0,0,0,0,517,,2,519,597,ACTA DE CASILLA,,,
,31,YUCATAN,11,VALLADOLID,21,CHICHIMILA,94,C,2,0,C02,165,200,2,82,0,7,48,8,0,0,1,0,0,3,0,0,516,0,8,524,596,ACTA DE CASILLA,,,
,31,YUCATAN,11,VALLADOLID,21,CHICHIMILA,95,B,1,0,B,193,204,2,77,2,15,78,10,1,0,2,0,0,0,0,0,584,0,8,592,684,ACTA DE CASILLA,,,
,31,YUCATAN,11,VALLADOLID,21,CHICHIMILA,95,C,1,0,C01,183,224,0,51,3,11,83,8,1,0,10,0,0,0,0,0,574,0,5,579,684,ACTA DE CASILLA,,,
,31,YUCATAN,11,VALLADOLID,21,CHICHIMILA,96,B,1,0,B,224,298,2,125,0,1,14,0,0,0,1,0,0,0,0,0,665,0,1,666,712,ACTA DE CASILLA,,,
,31,YUCATAN,11,VALLADOLID,21,CHICHIMILA,96,E,1,0,E01,70,63,0,75,0,0,0,0,0,0,0,0,0,0,0,0,208,0,1,209,220,ACTA DE CASILLA,,,
,31,YUCATAN,11,VALLADOLID,21,CHICHIMILA,97,B,1,0,B,153,131,0,96,0,2,14,1,0,0,0,0,0,0,0,0,397,0,3,400,437,ACTA DE CASILLA,,,
,31,YUCATAN,11,VALLADOLID,21,CHICHIMILA,98,B,1,0,B,114,134,0,46,0,0,15,0,0,0,0,0,0,0,0,2,311,,2,313,328,ACTA DE CASILLA,,,
,31,YUCATAN,11,VALLADOLID,21,CHICHIMILA,98,E,1,0,E01,59,142,1,15,2,7,23,2,1,0,0,0,0,0,0,0,252,0,2,254,270,ACTA DE CASILLA,,,
,31,YUCATAN,11,VALLADOLID,22,CHIKINDZONOT,99,B,1,0,B,110,429,0,2,1,1,117,2,3,1,0,0,0,0,0,0,666,1,4,671,737,ACTA DE CASILLA,,,
,31,YUCATAN,11,VALLADOLID,22,CHIKINDZONOT,99,C,1,0,C01,104,442,0,1,1,1,134,6,0,0,1,0,0,0,0,0,690,0,4,694,737,ACTA DE CASILLA,,,
,31,YUCATAN,11,VALLADOLID,22,CHIKINDZONOT,99,C,2,0,C02,107,459,0,1,1,0,88,5,3,0,1,0,0,0,0,0,665,0,4,669,736,ACTA DE CASILLA,,,
,31,YUCATAN,11,VALLADOLID,22,CHIKINDZONOT,101,B,1,0,B,22,213,0,4,2,0,91,0,1,0,1,0,0,0,0,0,334,0,4,338,374,ACTA DE CASILLA,,,
,31,YUCATAN,11,VALLADOLID,22,CHIKINDZONOT,102,B,1,0,B,61,394,0,1,0,0,125,1,4,0,0,0,0,0,0,0,586,0,2,588,655,ACTA DE CASILLA,,,
,31,YUCATAN,8,UMAN,23,CHOCHOLA,103,B,1,0,B,33,227,0,2,4,92,133,0,2,8,1,0,0,0,0,0,502,1,15,518,605,ACTA DE CASILLA,,,
,31,YUCATAN,8,UMAN,23,CHOCHOLA,103,C,1,0,C01,68,215,2,2,5,85,140,1,0,1,0,0,0,0,0,0,519,0,10,529,605,ACTA DE CASILLA,,,
,31,YUCATAN,8,UMAN,23,CHOCHOLA,104,B,1,0,B,70,183,5,1,14,60,128,4,2,2,2,0,0,0,0,0,471,0,12,483,550,ACTA DE CASILLA,,,
,31,YUCATAN,8,UMAN,23,CHOCHOLA,104,C,1,0,C01,76,185,0,5,7,76,107,2,2,3,5,0,0,0,0,0,468,0,12,480,550,ACTA DE CASILLA,,,
,31,YUCATAN,8,UMAN,23,CHOCHOLA,105,B,1,0,B,71,199,2,3,10,73,193,3,1,5,1,0,0,0,0,0,561,0,20,581,704,ACTA DE CASILLA,,,
,31,YUCATAN,8,UMAN,23,CHOCHOLA,105,C,1,0,C01,75,199,4,1,6,107,192,3,2,5,1,0,0,0,0,0,595,0,8,603,703,ACTA DE CASILLA,,,
,31,YUCATAN,13,TICUL,24,CHUMAYEL,106,B,1,0,B,99,167,0,2,2,6,242,2,5,2,2,0,0,0,0,0,529,,2,531,594,ACTA DE CASILLA,,,
,31,YUCATAN,13,TICUL,24,CHUMAYEL,106,C,1,0,C01,95,182,6,1,0,6,204,1,2,2,0,0,0,0,0,0,499,,5,504,593,ACTA DE CASILLA,,,
,31,YUCATAN,13,TICUL,24,CHUMAYEL,107,B,1,0,B,65,110,4,6,0,7,233,1,4,2,0,0,0,0,0,0,432,,6,438,501,ACTA DE CASILLA,,,
,31,YUCATAN,13,TICUL,24,CHUMAYEL,107,C,1,0,C01,79,178,4,2,1,2,183,0,0,1,1,0,0,0,0,0,451,,6,457,501,ACTA DE CASILLA,,,
,31,YUCATAN,13,TICUL,24,CHUMAYEL,107,C,2,0,C02,58,145,7,4,0,2,218,0,2,0,1,0,0,0,0,0,437,,8,445,501,ACTA DE CASILLA,,,
,31,YUCATAN,13,TICUL,25,DZAN,108,B,1,0,B,191,203,40,1,0,17,148,1,1,1,1,0,0,0,0,0,604,,11,615,707,ACTA DE CASILLA,,,
,31,YUCATAN,13,TICUL,25,DZAN,108,C,1,0,C01,240,178,49,0,0,17,134,1,0,1,2,0,0,0,0,0,622,,12,634,707,ACTA DE CASILLA,,,
,31,YUCATAN,13,TICUL,25,DZAN,108,C,2,0,C02,218,202,38,1,2,8,116,0,0,7,1,0,0,0,0,0,593,,14,607,706,GRUPO DE RECUENTO,,,
,31,YUCATAN,13,TICUL,25,DZAN,109,B,1,0,B,226,194,47,1,0,30,137,1,1,1,1,0,0,0,0,0,639,,9,648,732,ACTA DE CASILLA,,,
,31,YUCATAN,13,TICUL,25,DZAN,109,C,1,0,C01,257,189,43,2,1,23,124,2,4,2,0,0,0,0,0,0,647,,7,654,732,ACTA DE CASILLA,,,
,31,YUCATAN,13,TICUL,25,DZAN,109,C,2,0,C02,222,213,38,3,0,15,125,1,2,0,1,0,0,0,0,0,620,,7,627,732,ACTA DE CASILLA,,,
,31,YUCATAN,9,PROGRESO,26,DZEMUL,110,B,1,0,B,164,1,1,0,22,158,68,3,0,4,6,0,0,0,0,0,427,0,10,437,486,GRUPO DE RECUENTO,,,
,31,YUCATAN,9,PROGRESO,26,DZEMUL,110,C,1,0,C01,138,20,4,3,14,139,81,1,0,1,12,0,0,0,0,0,413,0,18,431,485,GRUPO DE RECUENTO,,,
,31,YUCATAN,9,PROGRESO,26,DZEMUL,111,B,1,0,B,194,9,2,1,38,147,89,4,1,2,7,0,0,0,0,0,494,0,9,503,566,ACTA DE CASILLA,,,
,31,YUCATAN,9,PROGRESO,26,DZEMUL,111,C,1,0,C01,185,12,0,2,23,126,102,0,2,2,13,0,0,0,0,0,467,0,10,477,516,ACTA DE CASILLA,,,
,31,YUCATAN,9,PROGRESO,26,DZEMUL,112,B,1,0,B,179,5,0,4,25,223,100,0,3,1,7,0,0,0,0,0,547,0,18,565,613,ACTA DE CASILLA,,,
,31,YUCATAN,9,PROGRESO,26,DZEMUL,112,C,1,0,C01,130,28,1,2,16,223,101,2,0,3,12,0,0,0,0,0,518,0,17,535,613,ACTA DE CASILLA,,,
,31,YUCATAN,15,IZAMAL,27,DZIDZANTUN,114,B,1,0,B,150,185,2,5,2,6,115,1,0,2,2,0,0,0,0,0,470,0,7,477,570,ACTA DE CASILLA,,,
,31,YUCATAN,15,IZAMAL,27,DZIDZANTUN,114,C,1,0,C01,136,184,0,4,2,5,124,0,1,0,0,0,0,0,0,0,456,0,10,466,570,ACTA DE CASILLA,,,
,31,YUCATAN,15,IZAMAL,27,DZIDZANTUN,115,B,1,0,B,158,152,2,0,1,10,107,2,0,1,0,0,0,2,0,0,435,0,11,446,542,ACTA DE CASILLA,,,
,31,YUCATAN,15,IZAMAL,27,DZIDZANTUN,115,C,1,0,C01,151,162,2,1,3,11,117,1,0,1,1,0,0,0,0,0,450,0,12,462,542,ACTA DE CASILLA,,,
,31,YUCATAN,15,IZAMAL,27,DZIDZANTUN,115,C,2,0,C02,123,176,1,4,2,2,134,2,0,1,1,0,0,1,0,0,447,0,13,460,541,ACTA DE CASILLA,,,
,31,YUCATAN,15,IZAMAL,27,DZIDZANTUN,116,B,1,0,B,166,155,5,0,1,4,134,2,0,0,1,0,0,0,0,0,468,,,468,556,ACTA DE CASILLA,,,
,31,YUCATAN,15,IZAMAL,27,DZIDZANTUN,116,C,1,0,C01,167,165,3,1,1,1,115,0,1,0,0,0,0,0,0,0,454,0,8,462,556,ACTA DE CASILLA,,,
,31,YUCATAN,15,IZAMAL,27,DZIDZANTUN,117,B,1,0,B,203,157,7,1,0,5,108,1,0,1,1,0,0,0,0,0,484,0,19,503,598,ACTA DE CASILLA,,,
,31,YUCATAN,15,IZAMAL,27,DZIDZANTUN,117,C,1,0,C01,201,154,4,3,1,1,106,0,0,0,3,0,0,0,0,0,473,0,9,482,598,ACTA DE CASILLA,,,
,31,YUCATAN,15,IZAMAL,27,DZIDZANTUN,117,C,2,0,C02,206,166,3,3,1,3,103,0,3,0,0,0,0,0,0,0,488,0,5,493,598,ACTA DE CASILLA,,,
,31,YUCATAN,15,IZAMAL,27,DZIDZANTUN,118,B,1,0,B,178,137,1,2,0,5,109,1,2,1,3,0,0,0,0,0,439,0,13,452,531,ACTA DE CASILLA,,,
,31,YUCATAN,15,IZAMAL,27,DZIDZANTUN,118,C,1,0,C01,176,123,1,0,1,3,126,1,1,0,0,0,0,0,0,0,432,0,7,439,530,ACTA DE CASILLA,,,
,31,YUCATAN,15,IZAMAL,28,DZILAM DE BRAVO,120,B,1,0,B,179,210,7,1,3,3,104,2,1,6,5,0,0,0,0,0,521,,12,533,602,ACTA DE CASILLA,,,
,31,YUCATAN,15,IZAMAL,28,DZILAM DE BRAVO,120,C,1,0,C01,136,244,8,1,3,5,109,2,0,18,0,0,0,0,0,0,526,0,18,544,601,ACTA DE CASILLA,,,
,31,YUCATAN,15,IZAMAL,28,DZILAM DE BRAVO,121,B,1,0,B,201,183,0,3,4,1,101,1,0,10,1,0,0,1,0,0,506,0,19,525,586,ACTA DE CASILLA,,,
,31,YUCATAN,15,IZAMAL,28,DZILAM DE BRAVO,121,C,1,0,C01,166,210,4,5,1,5,104,1,1,3,0,0,0,0,0,0,500,0,17,517,586,ACTA DE CASILLA,,,
,31,YUCATAN,15,IZAMAL,29,DZILAM GONZALEZ,122,B,1,0,B,51,175,0,3,2,11,66,1,0,134,0,0,0,0,0,0,443,0,21,464,504,ACTA DE CASILLA,,,
,31,YUCATAN,15,IZAMAL,29,DZILAM GONZALEZ,122,C,1,0,C01,62,142,1,4,4,0,67,2,0,123,0,0,0,0,0,0,405,0,11,416,503,ACTA DE CASILLA,,,
,31,YUCATAN,15,IZAMAL,29,DZILAM GONZALEZ,123,B,1,0,B,150,200,3,10,0,12,77,1,0,92,1,0,0,0,0,0,546,0,7,553,626,ACTA DE CASILLA,,,
,31,YUCATAN,15,IZAMAL,29,DZILAM GONZALEZ,123,C,1,0,C01,122,225,1,11,0,4,64,0,0,116,0,0,0,0,0,0,543,0,17,560,626,ACTA DE CASILLA,,,
,31,YUCATAN,15,IZAMAL,29,DZILAM GONZALEZ,124,B,1,0,B,108,171,2,3,2,6,41,0,1,87,0,0,0,0,0,0,421,0,19,440,490,ACTA DE CASILLA,,,
,31,YUCATAN,15,IZAMAL,29,DZILAM GONZALEZ,124,C,1,0,C01,114,161,0,6,1,2,43,0,0,102,2,0,0,0,0,0,431,0,12,443,490,ACTA DE CASILLA,,,
,31,YUCATAN,15,IZAMAL,29,DZILAM GONZALEZ,125,B,1,0,B,156,152,0,18,4,4,75,0,0,68,1,0,0,0,0,0,478,0,13,491,545,GRUPO DE RECUENTO,,,
,31,YUCATAN,15,IZAMAL,29,DZILAM GONZALEZ,125,C,1,0,C01,153,141,0,18,0,6,66,1,1,84,0,0,0,0,0,0,470,0,10,480,545,ACTA DE CASILLA,,,
,31,YUCATAN,15,IZAMAL,29,DZILAM GONZALEZ,126,B,1,0,B,98,128,2,16,1,1,52,0,0,59,0,0,0,0,0,0,357,,12,369,415,ACTA DE CASILLA,,,
,31,YUCATAN,15,IZAMAL,29,DZILAM GONZALEZ,126,C,1,0,C01,83,99,0,12,1,1,67,1,0,80,1,0,0,0,0,0,345,0,9,354,415,GRUPO DE RECUENTO,,,
,31,YUCATAN,14,TECOH,30,DZITAS,127,B,1,0,B,184,113,1,4,0,4,33,0,2,0,0,0,0,0,0,0,341,0,0,341,387,ACTA DE CASILLA,,,
,31,YUCATAN,14,TECOH,30,DZITAS,127,C,1,0,C01,170,99,1,5,0,0,60,1,2,0,2,0,0,0,0,0,340,0,0,340,386,ACTA DE CASILLA,,,
,31,YUCATAN,14,TECOH,30,DZITAS,128,B,1,0,B,331,175,1,4,0,0,91,2,3,0,1,0,0,0,0,0,608,0,5,613,712,ACTA DE CASILLA,,,
,31,YUCATAN,14,TECOH,30,DZITAS,129,B,1,0,B,283,120,1,3,0,1,75,1,2,0,0,0,0,0,0,0,486,0,1,487,543,ACTA DE CASILLA,,,
,31,YUCATAN,14,TECOH,30,DZITAS,129,C,1,0,C01,262,133,0,5,0,1,83,1,1,0,0,0,0,0,0,0,486,0,0,486,543,GRUPO DE RECUENTO,,,
,31,YUCATAN,14,TECOH,30,DZITAS,130,B,1,0,B,281,157,2,9,1,1,91,0,4,0,0,0,0,0,0,0,546,0,0,546,616,GRUPO DE RECUENTO,,,
,31,YUCATAN,15,IZAMAL,31,DZONCAUICH,131,B,1,0,B,161,220,2,0,2,1,45,0,0,0,0,0,0,0,0,0,431,0,1,432,506,ACTA DE CASILLA,,,
,31,YUCATAN,15,IZAMAL,31,DZONCAUICH,131,C,1,0,C01,143,211,0,0,0,1,72,0,0,2,0,0,0,0,0,0,429,0,3,432,505,GRUPO DE RECUENTO,,,
,31,YUCATAN,15,IZAMAL,31,DZONCAUICH,132,B,1,0,B,192,208,1,2,3,0,40,0,0,1,0,0,0,0,0,0,447,0,2,449,504,GRUPO DE RECUENTO,,,
,31,YUCATAN,15,IZAMAL,31,DZONCAUICH,132,C,1,0,C01,201,186,0,0,0,0,46,0,1,1,0,0,0,0,0,0,435,0,0,435,504,ACTA DE CASILLA,,,
,31,YUCATAN,15,IZAMAL,31,DZONCAUICH,132,C,2,0,C02,197,178,0,0,3,1,53,0,0,2,1,0,0,0,0,0,435,0,3,438,504,ACTA DE CASILLA,,,
,31,YUCATAN,15,IZAMAL,31,DZONCAUICH,133,B,1,0,B,159,178,1,2,0,0,20,0,0,0,0,0,0,0,0,0,360,0,0,360,382,ACTA DE CASILLA,,,
,31,YUCATAN,10,TIZIMIN,32,ESPITA,134,B,1,0,B,255,91,0,8,5,4,69,0,1,1,1,0,0,0,0,0,435,0,13,448,657,ACTA DE CASILLA,,,
,31,YUCATAN,10,TIZIMIN,32,ESPITA,134,C,1,0,C01,244,106,1,5,0,2,69,2,0,0,2,0,0,0,0,0,431,0,14,445,656,ACTA DE CASILLA,,,
,31,YUCATAN,10,TIZIMIN,32,ESPITA,134,C,2,0,C02,263,124,2,6,0,0,74,1,1,0,1,0,0,0,0,0,472,0,10,482,656,ACTA DE CASILLA,,,
,31,YUCATAN,10,TIZIMIN,32,ESPITA,135,B,1,0,B,272,74,1,3,2,0,55,0,0,0,2,0,0,0,0,0,409,0,10,419,552,ACTA DE CASILLA,,,
,31,YUCATAN,10,TIZIMIN,32,ESPITA,135,C,1,0,C01,257,65,0,7,1,1,53,1,0,0,1,0,0,0,0,0,386,0,5,391,552,ACTA DE CASILLA,,,
,31,YUCATAN,10,TIZIMIN,32,ESPITA,135,C,2,0,C02,248,97,1,6,0,2,58,1,2,0,0,0,0,0,0,0,415,0,3,418,552,ACTA DE CASILLA,,,
,31,YUCATAN,10,TIZIMIN,32,ESPITA,136,B,1,0,B,260,149,2,4,2,5,66,1,3,0,0,0,0,0,0,0,492,,7,499,642,ACTA DE CASILLA,,,
,31,YUCATAN,10,TIZIMIN,32,ESPITA,136,C,1,0,C01,268,170,0,6,0,0,48,0,4,0,0,0,0,0,0,0,496,,12,508,641,GRUPO DE RECUENTO,,,
,31,YUCATAN,10,TIZIMIN,32,ESPITA,137,B,1,0,B,214,112,0,11,0,2,66,9,2,1,2,0,0,0,0,0,419,0,10,429,613,ACTA DE CASILLA,,,
,31,YUCATAN,10,TIZIMIN,32,ESPITA,137,C,1,0,C01,209,128,1,7,0,4,68,4,2,1,2,0,0,0,0,0,426,0,6,432,613,ACTA DE CASILLA,,,
,31,YUCATAN,10,TIZIMIN,32,ESPITA,137,C,2,0,C02,265,125,0,8,0,1,76,4,1,0,0,0,0,0,0,0,480,0,9,489,612,ACTA DE CASILLA,,,
,31,YUCATAN,10,TIZIMIN,32,ESPITA,138,B,1,0,B,277,135,4,17,3,3,59,5,4,1,1,0,0,0,0,0,509,0,14,523,700,ACTA DE CASILLA,,,
,31,YUCATAN,10,TIZIMIN,32,ESPITA,138,C,1,0,C01,241,143,3,17,0,1,83,0,3,0,1,0,0,0,0,0,492,0,9,501,699,ACTA DE CASILLA,,,
,31,YUCATAN,10,TIZIMIN,32,ESPITA,138,C,2,0,C02,251,124,2,23,1,3,76,3,4,0,2,0,0,0,0,0,489,0,13,502,699,ACTA DE CASILLA,,,
,31,YUCATAN,10,TIZIMIN,32,ESPITA,139,B,1,0,B,273,106,7,1,0,1,66,2,2,0,2,0,0,0,0,0,460,0,12,472,551,ACTA DE CASILLA,,,
,31,YUCATAN,10,TIZIMIN,32,ESPITA,140,B,1,0,B,281,100,1,3,1,1,26,2,1,1,0,0,0,0,0,0,417,0,9,426,466,ACTA DE CASILLA,,,
,31,YUCATAN,10,TIZIMIN,32,ESPITA,141,B,1,0,B,299,83,0,5,0,0,43,1,0,0,2,0,0,0,0,0,433,0,2,435,538,ACTA DE CASILLA,,,
,31,YUCATAN,10,TIZIMIN,32,ESPITA,141,C,1,0,C01,286,107,2,5,2,1,34,2,2,1,2,0,0,0,0,0,444,0,6,450,537,ACTA DE CASILLA,,,
,31,YUCATAN,10,TIZIMIN,32,ESPITA,141,C,2,0,C02,259,122,2,7,0,1,33,0,4,0,3,0,0,0,0,0,431,0,8,439,537,ACTA DE CASILLA,,,
,31,YUCATAN,13,TICUL,33,HALACHO,142,B,1,0,B,75,75,4,5,4,3,134,2,3,40,155,0,0,0,0,0,500,,17,517,655,ACTA DE CASILLA,,,
,31,YUCATAN,13,TICUL,33,HALACHO,142,C,1,0,C01,81,66,9,5,3,5,147,4,4,49,130,0,0,0,0,0,503,2,30,535,654,ACTA DE CASILLA,,,
,31,YUCATAN,13,TICUL,33,HALACHO,142,C,2,0,C02,69,68,1,3,2,3,163,0,3,47,143,0,0,0,0,0,502,,16,518,654,ACTA DE CASILLA,,,
,31,YUCATAN,13,TICUL,33,HALACHO,143,B,1,0,B,108,50,7,6,1,6,165,2,1,38,84,0,0,0,0,0,468,1,6,475,575,ACTA DE CASILLA,,,
,31,YUCATAN,13,TICUL,33,HALACHO,143,C,1,0,C01,94,61,4,8,2,5,163,5,1,28,97,0,0,0,0,0,468,,10,478,574,ACTA DE CASILLA,,,
,31,YUCATAN,13,TICUL,33,HALACHO,144,B,1,0,B,97,54,0,5,3,5,171,2,2,24,179,0,0,0,0,0,542,,22,564,693,ACTA DE CASILLA,,,
,31,YUCATAN,13,TICUL,33,HALACHO,144,C,1,0,C01,94,72,2,2,5,1,186,9,0,20,153,0,0,0,0,0,544,,13,557,692,ACTA DE CASILLA,,,
,31,YUCATAN,13,TICUL,33,HALACHO,145,B,1,0,B,93,53,7,4,6,11,153,3,1,17,121,0,0,0,0,0,469,,13,482,611,ACTA DE CASILLA,,,
,31,YUCATAN,13,TICUL,33,HALACHO,145,C,1,0,C01,92,65,7,1,10,2,169,4,3,27,101,0,0,0,0,0,481,,17,498,611,ACTA DE CASILLA,,,
,31,YUCATAN,13,TICUL,33,HALACHO,145,C,2,0,C02,96,46,7,1,1,1,172,10,3,18,112,0,0,0,0,0,467,2,17,486,610,ACTA DE CASILLA,,,
,31,YUCATAN,13,TICUL,33,HALACHO,146,B,1,0,B,146,93,3,2,0,1,168,4,2,43,116,0,0,0,0,0,578,,16,594,708,ACTA DE CASILLA,,,
,31,YUCATAN,13,TICUL,33,HALACHO,146,C,1,0,C01,146,70,7,2,4,3,134,5,2,45,141,0,0,0,0,0,559,,11,570,707,GRUPO DE RECUENTO,,,
,31,YUCATAN,13,TICUL,33,HALACHO,147,B,1,0,B,58,57,0,0,0,1,22,1,0,20,54,0,0,0,0,0,213,,3,216,227,ACTA DE CASILLA,,,
,31,YUCATAN,13,TICUL,33,HALACHO,148,B,1,0,B,122,41,0,0,3,4,71,7,4,27,222,0,0,0,0,0,501,,12,513,561,ACTA DE CASILLA,,,
,31,YUCATAN,13,TICUL,33,HALACHO,148,C,1,0,C01,125,40,1,3,1,1,87,10,0,29,212,0,0,0,0,0,509,,9,518,560,ACTA DE CASILLA,,,
,31,YUCATAN,13,TICUL,33,HALACHO,148,E,1,0,E01,94,91,4,1,5,4,105,5,1,47,187,0,0,0,0,0,544,,17,561,610,ACTA DE CASILLA,,,
,31,YUCATAN,13,TICUL,33,HALACHO,149,B,1,0,B,74,88,2,1,0,1,136,4,5,75,128,0,0,0,0,0,514,,,514,610,ACTA DE CASILLA,,,
,31,YUCATAN,13,TICUL,33,HALACHO,149,C,1,0,C01,55,73,4,6,1,3,158,3,5,63,149,0,0,0,0,0,520,,14,534,610,ACTA DE CASILLA,,,
,31,YUCATAN,13,TICUL,33,HALACHO,149,C,2,0,C02,107,43,1,1,0,1,17,2,0,66,113,0,0,0,0,0,351,,15,366,609,GRUPO DE RECUENTO,,,
,31,YUCATAN,13,TICUL,33,HALACHO,149,C,3,0,C03,76,84,5,4,2,2,164,2,1,68,124,0,0,0,0,0,532,,14,546,609,ACTA DE CASILLA,,,
,31,YUCATAN,13,TICUL,33,HALACHO,149,E,1,0,E01,81,76,3,2,0,1,155,5,2,101,107,0,0,0,0,0,533,,7,540,364,ACTA DE CASILLA,,,
,31,YUCATAN,13,TICUL,33,HALACHO,150,B,1,0,B,142,22,5,5,1,4,201,1,4,43,118,0,0,0,0,0,546,,28,574,635,ACTA DE CASILLA,,,
,31,YUCATAN,13,TICUL,33,HALACHO,150,C,1,0,C01,96,16,2,6,5,2,236,4,2,56,120,0,0,0,0,0,545,,22,567,634,ACTA DE CASILLA,,,
,31,YUCATAN,13,TICUL,33,HALACHO,151,B,1,0,B,104,78,3,2,1,1,146,1,3,6,127,0,0,0,0,0,472,,19,491,562,ACTA DE CASILLA,,,
,31,YUCATAN,13,TICUL,33,HALACHO,151,C,1,0,C01,112,50,1,6,1,2,140,5,5,12,153,0,0,1,0,0,488,,19,507,561,ACTA DE CASILLA,,,
,31,YUCATAN,13,TICUL,33,HALACHO,151,C,2,0,C02,101,64,4,3,3,1,152,6,5,9,124,0,0,0,0,0,472,,13,485,561,ACTA DE CASILLA,,,
,31,YUCATAN,14,TECOH,34,HOCABA,152,B,1,0,B,26,114,21,13,6,20,186,5,7,4,73,0,0,0,0,0,475,0,2,477,588,ACTA DE CASILLA,,,
,31,YUCATAN,14,TECOH,34,HOCABA,153,B,1,0,B,27,107,26,17,14,17,136,9,11,4,45,0,0,0,0,0,413,0,2,415,514,ACTA DE CASILLA,,,
,31,YUCATAN,14,TECOH,34,HOCABA,153,C,1,0,C01,21,103,23,11,18,7,158,4,4,1,56,0,0,2,0,0,408,0,9,417,513,ACTA DE CASILLA,,,
,31,YUCATAN,14,TECOH,34,HOCABA,154,B,1,0,B,19,100,17,11,7,112,111,1,8,2,40,0,0,2,0,0,430,1,0,431,395,ACTA DE CASILLA,,,
,31,YUCATAN,14,TECOH,34,HOCABA,154,C,1,0,C01,20,121,16,12,10,3,112,2,8,1,33,0,0,1,0,0,339,2,0,341,395,GRUPO DE RECUENTO,,,
,31,YUCATAN,14,TECOH,34,HOCABA,155,B,1,0,B,21,62,16,16,32,8,160,5,6,2,69,0,0,2,0,0,399,0,3,402,492,GRUPO DE RECUENTO,,,
,31,YUCATAN,14,TECOH,34,HOCABA,155,C,1,0,C01,25,95,12,21,23,9,112,19,4,5,77,0,0,3,0,0,405,0,1,406,491,GRUPO DE RECUENTO,,,
,31,YUCATAN,14,TECOH,34,HOCABA,156,B,1,0,B,30,189,13,5,51,15,98,35,4,2,103,0,0,0,0,0,545,0,2,547,736,ACTA DE CASILLA,,,
,31,YUCATAN,14,TECOH,34,HOCABA,156,C,1,0,C01,36,140,16,13,51,25,120,44,6,1,96,0,0,0,0,0,548,0,12,560,736,ACTA DE CASILLA,,,
,31,YUCATAN,15,IZAMAL,35,HOCTUN,157,B,1,0,B,25,22,114,1,1,44,136,1,1,8,0,0,0,0,0,0,353,,8,361,436,ACTA DE CASILLA,,,
,31,YUCATAN,15,IZAMAL,35,HOCTUN,157,C,1,0,C01,59,17,107,0,0,53,132,0,1,5,0,0,0,0,0,0,374,0,3,377,436,ACTA DE CASILLA,,,
,31,YUCATAN,15,IZAMAL,35,HOCTUN,158,B,1,0,B,88,19,160,1,0,49,153,3,2,3,0,0,0,0,0,0,478,0,5,483,605,ACTA DE CASILLA,,,
,31,YUCATAN,15,IZAMAL,35,HOCTUN,159,B,1,0,B,62,21,145,3,1,76,164,4,1,1,0,0,0,0,0,0,478,0,5,483,569,ACTA DE CASILLA,,,
,31,YUCATAN,15,IZAMAL,35,HOCTUN,159,C,1,0,C01,60,21,128,0,1,56,178,12,1,9,1,0,0,0,0,0,467,,7,474,569,ACTA DE CASILLA,,,
,31,YUCATAN,15,IZAMAL,35,HOCTUN,159,C,2,0,C02,63,36,143,3,0,82,142,3,0,4,0,0,0,0,0,0,476,0,8,484,568,ACTA DE CASILLA,,,
,31,YUCATAN,15,IZAMAL,35,HOCTUN,160,B,1,0,B,89,38,138,1,2,58,135,4,3,2,1,0,0,0,0,0,471,0,13,484,565,ACTA DE CASILLA,,,
,31,YUCATAN,15,IZAMAL,35,HOCTUN,160,C,1,0,C01,97,36,121,1,0,61,146,0,0,1,1,0,0,0,0,0,464,,16,480,565,ACTA DE CASILLA,,,
,31,YUCATAN,15,IZAMAL,35,HOCTUN,161,B,1,0,B,28,2,147,0,1,27,0,1,0,0,0,0,0,0,0,0,206,0,4,210,411,ACTA DE CASILLA,,,
,31,YUCATAN,15,IZAMAL,35,HOCTUN,161,C,1,0,C01,20,6,176,0,1,8,185,1,0,1,0,0,0,0,0,0,398,0,4,402,410,ACTA DE CASILLA,,,
,31,YUCATAN,14,TECOH,36,HOMUN,162,B,1,0,B,127,142,10,88,1,3,130,15,3,2,62,0,0,0,0,0,583,1,8,592,681,ACTA DE CASILLA,,,
,31,YUCATAN,14,TECOH,36,HOMUN,162,C,1,0,C01,107,173,7,105,0,2,107,12,2,0,48,0,0,0,0,0,563,0,15,578,680,GRUPO DE RECUENTO,,,
,31,YUCATAN,14,TECOH,36,HOMUN,163,B,1,0,B,113,124,6,126,3,3,97,17,1,1,54,0,0,0,0,0,545,0,21,566,661,GRUPO DE RECUENTO,,,
,31,YUCATAN,14,TECOH,36,HOMUN,163,C,1,0,C01,121,128,5,111,3,3,100,13,1,7,47,0,0,0,0,0,539,0,16,555,661,GRUPO DE RECUENTO,,,
,31,YUCATAN,14,TECOH,36,HOMUN,164,B,1,0,B,120,146,11,142,0,5,79,7,2,0,61,0,0,0,0,0,573,0,19,592,682,GRUPO DE RECUENTO,,,
,31,YUCATAN,14,TECOH,36,HOMUN,164,C,1,0,C01,147,142,2,117,1,5,94,6,0,1,68,0,0,1,0,0,584,0,13,597,681,GRUPO DE RECUENTO,,,
,31,YUCATAN,14,TECOH,36,HOMUN,165,B,1,0,B,108,200,14,94,1,1,110,9,1,1,51,0,0,0,0,0,590,0,17,607,682,ACTA DE CASILLA,,,
,31,YUCATAN,14,TECOH,36,HOMUN,165,C,1,0,C01,116,204,7,90,0,2,100,5,2,1,52,0,0,0,0,0,579,0,6,585,682,ACTA DE CASILLA,,,
,31,YUCATAN,14,TECOH,36,HOMUN,166,B,1,0,B,24,39,1,25,0,1,9,2,0,0,3,0,0,0,0,0,104,0,0,104,109,ACTA DE CASILLA,,,
,31,YUCATAN,14,TECOH,36,HOMUN,167,B,1,0,B,79,185,19,22,2,2,46,1,0,0,15,0,0,1,0,0,372,0,3,375,400,ACTA DE CASILLA,,,
,31,YUCATAN,14,TECOH,36,HOMUN,167,C,1,0,C01,83,184,8,20,0,1,37,0,0,0,29,0,0,0,0,0,362,0,0,362,399,GRUPO DE RECUENTO,,,
,31,YUCATAN,14,TECOH,37,HUHI,168,B,1,0,B,190,9,4,3,1,52,70,124,1,0,2,0,0,0,0,0,456,0,8,464,560,ACTA DE CASILLA,,,
,31,YUCATAN,14,TECOH,37,HUHI,168,C,1,0,C01,185,16,5,5,0,54,72,104,0,0,1,0,0,0,0,0,442,0,1,443,560,ACTA DE CASILLA,,,
,31,YUCATAN,14,TECOH,37,HUHI,168,C,2,0,C02,208,12,2,3,2,59,91,90,2,0,3,0,0,0,0,0,472,0,2,474,560,ACTA DE CASILLA,,,
,31,YUCATAN,14,TECOH,37,HUHI,169,B,1,0,B,221,11,6,4,0,63,50,121,2,0,2,0,0,0,0,0,480,0,4,484,596,ACTA DE CASILLA,,,
,31,YUCATAN,14,TECOH,37,HUHI,169,C,1,0,C01,195,8,5,6,1,36,71,94,1,1,1,0,0,0,0,0,419,0,1,420,503,ACTA DE CASILLA,,,
,31,YUCATAN,14,TECOH,37,HUHI,170,B,1,0,B,180,11,2,4,0,73,81,94,1,0,0,0,0,0,0,0,446,0,2,448,503,ACTA DE CASILLA,,,
,31,YUCATAN,14,TECOH,37,HUHI,170,C,1,0,C01,174,9,2,5,1,59,57,117,0,0,1,0,0,0,0,0,425,0,7,432,502,ACTA DE CASILLA,,,
,31,YUCATAN,14,TECOH,37,HUHI,170,C,2,0,C02,211,10,4,4,1,40,75,97,0,0,0,0,0,0,0,0,442,0,1,443,502,ACTA DE CASILLA,,,
,31,YUCATAN,8,UMAN,38,HUNUCMA,172,B,1,0,B,85,58,1,10,18,16,190,14,8,2,1,0,0,0,0,0,403,0,14,417,607,ACTA DE CASILLA,,,
,31,YUCATAN,8,UMAN,38,HUNUCMA,172,C,1,0,C01,92,63,2,17,13,4,201,10,4,5,3,0,0,0,0,0,414,0,10,424,607,ACTA DE CASILLA,,,
,31,YUCATAN,8,UMAN,38,HUNUCMA,172,C,2,0,C02,79,52,4,16,30,9,212,9,7,7,1,0,0,0,0,0,426,0,6,432,606,ACTA DE CASILLA,,,
,31,YUCATAN,8,UMAN,38,HUNUCMA,172,C,3,0,C03,72,70,4,12,10,20,205,10,7,0,2,0,0,0,0,0,412,0,15,427,606,ACTA DE CASILLA,,,
,31,YUCATAN,8,UMAN,38,HUNUCMA,173,B,1,0,B,112,49,5,10,23,15,234,8,6,2,0,0,0,0,0,0,464,0,11,475,688,ACTA DE CASILLA,,,
,31,YUCATAN,8,UMAN,38,HUNUCMA,173,C,1,0,C01,111,63,5,6,15,12,212,15,7,0,8,0,0,0,0,0,454,0,8,462,688,ACTA DE CASILLA,,,
,31,YUCATAN,8,UMAN,38,HUNUCMA,173,C,2,0,C02,99,63,1,10,21,16,243,7,7,1,0,0,0,0,0,0,468,0,9,477,688,ACTA DE CASILLA,,,
,31,YUCATAN,8,UMAN,38,HUNUCMA,174,B,1,0,B,94,69,4,23,15,12,198,10,3,1,1,0,0,0,0,0,430,0,0,430,608,ACTA DE CASILLA,,,
,31,YUCATAN,8,UMAN,38,HUNUCMA,174,C,1,0,C01,105,60,1,23,13,21,184,6,6,3,1,0,0,0,0,0,423,0,10,433,608,ACTA DE CASILLA,,,
,31,YUCATAN,8,UMAN,38,HUNUCMA,174,C,2,0,C02,77,79,2,15,13,19,188,10,7,4,1,0,0,0,0,0,415,0,13,428,608,ACTA DE CASILLA,,,
,31,YUCATAN,8,UMAN,38,HUNUCMA,175,B,1,0,B,94,60,0,14,11,19,186,12,4,2,0,0,0,0,0,0,402,0,12,414,562,ACTA DE CASILLA,,,
,31,YUCATAN,8,UMAN,38,HUNUCMA,175,C,1,0,C01,72,84,1,13,12,20,192,8,5,2,1,0,0,1,0,0,411,0,5,416,562,ACTA DE CASILLA,,,
,31,YUCATAN,8,UMAN,38,HUNUCMA,175,C,2,0,C02,82,72,3,20,15,26,180,10,4,1,1,0,0,0,0,0,414,0,2,416,561,ACTA DE CASILLA,,,
,31,YUCATAN,8,UMAN,38,HUNUCMA,176,B,1,0,B,100,92,4,25,10,26,195,6,4,8,3,0,0,0,0,0,473,0,13,486,672,ACTA DE CASILLA,,,
,31,YUCATAN,8,UMAN,38,HUNUCMA,176,C,1,0,C01,114,89,2,17,21,29,211,10,3,2,1,0,0,0,0,0,499,0,11,510,671,ACTA DE CASILLA,,,
,31,YUCATAN,8,UMAN,38,HUNUCMA,177,B,1,0,B,83,61,4,9,15,12,221,11,10,5,3,0,0,0,0,0,434,0,9,443,655,ACTA DE CASILLA,,,
,31,YUCATAN,8,UMAN,38,HUNUCMA,177,C,1,0,C01,95,69,4,10,20,30,193,8,9,4,2,0,0,0,0,0,444,1,9,454,655,ACTA DE CASILLA,,,
,31,YUCATAN,8,UMAN,38,HUNUCMA,177,C,2,0,C02,83,68,1,15,9,14,226,11,10,2,2,0,0,0,0,0,441,0,10,451,655,ACTA DE CASILLA,,,
,31,YUCATAN,8,UMAN,38,HUNUCMA,178,B,1,0,B,103,66,4,11,10,24,202,11,5,3,0,0,0,0,0,0,439,0,8,447,607,ACTA DE CASILLA,,,
,31,YUCATAN,8,UMAN,38,HUNUCMA,178,C,1,0,C01,99,73,0,10,20,18,183,12,8,1,1,0,0,0,0,0,425,0,7,432,606,ACTA DE CASILLA,,,
,31,YUCATAN,8,UMAN,38,HUNUCMA,178,C,2,0,C02,102,78,1,12,17,13,187,10,4,0,0,0,0,0,0,0,424,0,7,431,606,ACTA DE CASILLA,,,
,31,YUCATAN,8,UMAN,38,HUNUCMA,178,C,3,0,C03,79,68,6,19,23,17,200,14,5,1,1,0,0,1,0,0,434,0,5,439,606,ACTA DE CASILLA,,,
,31,YUCATAN,8,UMAN,38,HUNUCMA,179,B,1,0,B,119,94,1,25,15,27,229,15,3,3,1,0,0,0,0,0,532,1,12,545,742,ACTA DE CASILLA,,,
,31,YUCATAN,8,UMAN,38,HUNUCMA,179,C,1,0,C01,120,107,2,11,18,40,235,18,0,5,2,0,0,0,0,0,558,0,9,567,741,ACTA DE CASILLA,,,
,31,YUCATAN,8,UMAN,38,HUNUCMA,180,B,1,0,B,100,74,3,16,9,13,171,18,5,4,1,0,0,0,0,0,414,1,8,423,586,ACTA DE CASILLA,,,
,31,YUCATAN,8,UMAN,38,HUNUCMA,180,C,1,0,C01,131,49,1,7,5,11,181,8,5,3,1,0,0,0,0,0,402,0,10,412,585,ACTA DE CASILLA,,,
,31,YUCATAN,8,UMAN,38,HUNUCMA,180,C,2,0,C02,112,55,3,16,8,22,178,15,9,1,0,0,0,0,0,0,419,0,0,419,585,ACTA DE CASILLA,,,
,31,YUCATAN,8,UMAN,38,HUNUCMA,181,B,1,0,B,87,33,5,9,19,10,224,4,4,1,3,0,0,0,0,0,399,0,8,407,540,ACTA DE CASILLA,,,
,31,YUCATAN,8,UMAN,38,HUNUCMA,181,C,1,0,C01,91,43,1,8,33,17,184,4,5,4,0,0,0,0,0,0,390,0,10,400,540,ACTA DE CASILLA,,,
,31,YUCATAN,8,UMAN,38,HUNUCMA,181,C,2,0,C02,84,38,5,10,21,20,186,5,7,2,1,0,0,0,0,0,379,0,9,388,539,ACTA DE CASILLA,,,
,31,YUCATAN,8,UMAN,38,HUNUCMA,182,B,1,0,B,89,38,1,19,14,8,215,16,5,5,0,0,0,0,0,0,410,0,6,416,618,ACTA DE CASILLA,,,
,31,YUCATAN,8,UMAN,38,HUNUCMA,182,C,1,0,C01,88,42,1,10,10,10,219,11,5,2,0,0,0,0,0,0,398,0,12,410,618,ACTA DE CASILLA,,,
,31,YUCATAN,8,UMAN,38,HUNUCMA,182,C,2,0,C02,89,57,3,11,17,11,195,10,6,2,1,0,0,0,0,0,402,0,9,411,617,ACTA DE CASILLA,,,
,31,YUCATAN,8,UMAN,38,HUNUCMA,183,B,1,0,B,75,83,0,3,9,8,155,14,3,2,1,0,0,0,0,0,353,0,8,361,476,ACTA DE CASILLA,,,
,31,YUCATAN,8,UMAN,38,HUNUCMA,183,C,1,0,C01,61,68,0,3,6,4,173,16,1,1,2,0,0,0,0,0,335,0,10,345,475,ACTA DE CASILLA,,,
,31,YUCATAN,8,UMAN,38,HUNUCMA,184,B,1,0,B,78,111,8,5,7,11,220,15,6,6,1,0,0,0,0,0,468,0,18,486,654,ACTA DE CASILLA,,,
,31,YUCATAN,8,UMAN,38,HUNUCMA,185,B,1,0,B,16,22,0,16,4,2,67,15,2,1,1,0,0,0,0,0,146,0,0,146,172,ACTA DE CASILLA,,,
,31,YUCATAN,8,UMAN,38,HUNUCMA,186,B,1,0,B,159,50,0,7,6,18,236,8,17,6,3,0,0,0,0,0,510,0,14,524,643,ACTA DE CASILLA,,,
,31,YUCATAN,8,UMAN,38,HUNUCMA,186,C,1,0,C01,144,24,3,4,8,73,213,7,10,6,4,0,0,0,0,0,496,0,13,509,643,ACTA DE CASILLA,,,
,31,YUCATAN,8,UMAN,38,HUNUCMA,186,C,2,0,C02,92,47,1,1,9,3,170,0,10,1,3,0,0,0,0,0,337,0,12,349,643,ACTA DE CASILLA,,,
,31,YUCATAN,8,UMAN,38,HUNUCMA,186,C,3,0,C03,143,46,5,5,14,56,214,8,12,3,3,0,0,0,0,0,509,0,36,545,642,ACTA DE CASILLA,,,
,31,YUCATAN,8,UMAN,38,HUNUCMA,186,E,1,0,E01,131,37,5,5,11,50,227,8,12,0,4,0,0,0,0,0,490,0,7,497,396,ACTA DE CASILLA,,,
,31,YUCATAN,9,PROGRESO,39,IXIL,187,B,1,0,B,182,133,0,1,0,4,90,31,0,3,0,0,0,0,0,0,444,0,15,459,530,ACTA DE CASILLA,,,
,31,YUCATAN,9,PROGRESO,39,IXIL,187,C,1,0,C01,202,129,2,0,1,8,73,34,0,4,2,0,0,0,0,0,455,1,9,465,530,ACTA DE CASILLA,,,
,31,YUCATAN,9,PROGRESO,39,IXIL,187,C,2,0,C02,201,120,2,0,1,8,87,42,0,4,0,0,0,0,0,0,465,0,8,473,529,ACTA DE CASILLA,,,
,31,YUCATAN,9,PROGRESO,39,IXIL,188,B,1,0,B,177,131,2,1,1,7,86,51,0,4,0,0,0,0,0,0,460,0,15,475,544,ACTA DE CASILLA,,,
,31,YUCATAN,9,PROGRESO,39,IXIL,188,C,1,0,C01,196,146,5,1,2,2,81,25,1,4,0,0,0,0,0,0,463,0,9,472,543,ACTA DE CASILLA,,,
,31,YUCATAN,9,PROGRESO,39,IXIL,188,C,2,0,C02,201,128,1,2,0,6,80,29,2,5,1,0,0,0,0,0,455,0,17,472,543,ACTA DE CASILLA,,,
,31,YUCATAN,15,IZAMAL,40,IZAMAL,189,B,1,0,B,177,202,0,4,3,6,117,1,2,7,0,0,0,0,0,0,519,0,11,530,646,ACTA DE CASILLA,,,
,31,YUCATAN,15,IZAMAL,40,IZAMAL,189,C,1,0,C01,164,199,5,3,0,4,94,1,3,3,1,0,0,1,0,0,478,0,5,483,646,ACTA DE CASILLA,,,
,31,YUCATAN,15,IZAMAL,40,IZAMAL,189,C,2,0,C02,169,203,0,3,1,2,113,3,1,0,3,0,0,0,0,0,498,0,8,506,646,ACTA DE CASILLA,,,
,31,YUCATAN,15,IZAMAL,40,IZAMAL,190,B,1,0,B,99,136,1,4,2,1,86,0,0,5,2,0,0,0,0,0,336,0,9,345,407,ACTA DE CASILLA,,,
,31,YUCATAN,15,IZAMAL,40,IZAMAL,190,C,1,0,C01,129,115,0,4,0,1,79,0,0,2,3,0,0,0,0,0,333,0,9,342,407,ACTA DE CASILLA,,,
,31,YUCATAN,15,IZAMAL,40,IZAMAL,191,B,1,0,B,176,230,1,2,2,3,131,0,0,8,0,0,0,0,0,0,553,0,13,566,708,ACTA DE CASILLA,,,
,31,YUCATAN,15,IZAMAL,40,IZAMAL,191,C,1,0,C01,160,262,2,2,1,2,128,0,1,5,0,0,0,0,0,0,563,0,9,572,708,ACTA DE CASILLA,,,
,31,YUCATAN,15,IZAMAL,40,IZAMAL,192,B,1,0,B,151,213,2,2,2,5,115,1,1,6,1,0,0,0,0,0,499,,15,514,669,ACTA DE CASILLA,,,
,31,YUCATAN,15,IZAMAL,40,IZAMAL,192,C,1,0,C01,175,206,1,0,1,1,110,3,0,2,0,0,0,0,0,0,499,0,11,510,668,GRUPO DE RECUENTO,,,
,31,YUCATAN,15,IZAMAL,40,IZAMAL,193,B,1,0,B,135,168,2,3,2,0,96,5,1,3,2,0,0,0,0,0,417,,14,431,576,GRUPO DE RECUENTO,,,
,31,YUCATAN,15,IZAMAL,40,IZAMAL,193,C,1,0,C01,117,145,0,1,1,5,115,3,4,8,1,0,0,0,0,0,400,,17,417,575,GRUPO DE RECUENTO,,,
,31,YUCATAN,15,IZAMAL,40,IZAMAL,193,C,2,0,C02,129,182,2,0,0,0,112,1,1,4,2,0,0,0,0,0,433,,11,444,575,GRUPO DE RECUENTO,,,
,31,YUCATAN,15,IZAMAL,40,IZAMAL,194,B,1,0,B,148,230,2,2,2,2,140,2,2,4,0,0,0,0,0,0,534,0,10,544,722,ACTA DE CASILLA,,,
,31,YUCATAN,15,IZAMAL,40,IZAMAL,194,C,1,0,C01,165,218,2,3,0,1,137,2,3,2,0,0,0,0,0,0,533,,11,544,721,ACTA DE CASILLA,,,
,31,YUCATAN,15,IZAMAL,40,IZAMAL,195,B,1,0,B,156,155,2,2,0,2,112,0,3,7,1,0,0,0,0,0,440,0,6,446,535,ACTA DE CASILLA,,,
,31,YUCATAN,15,IZAMAL,40,IZAMAL,195,C,1,0,C01,0,0,0,0,0,0,0,0,0,0,0,0,0,0,0,0,0,,,0,535,GRUPO DE RECUENTO,,,
,31,YUCATAN,15,IZAMAL,40,IZAMAL,195,C,2,0,C02,138,174,4,7,3,3,117,0,1,3,1,0,0,1,0,0,452,0,10,462,534,ACTA DE CASILLA,,,
,31,YUCATAN,15,IZAMAL,40,IZAMAL,196,B,1,0,B,147,197,1,1,0,3,115,3,0,3,1,0,0,0,0,0,471,0,20,491,610,ACTA DE CASILLA,,,
,31,YUCATAN,15,IZAMAL,40,IZAMAL,196,C,1,0,C01,152,192,1,2,1,1,111,0,1,2,1,0,0,0,0,0,464,0,20,484,610,ACTA DE CASILLA,,,
,31,YUCATAN,15,IZAMAL,40,IZAMAL,196,S,1,0,SMR01,1,2,0,0,0,0,0,0,0,0,0,0,0,0,0,0,3,0,1,4,0,ACTA DE CASILLA,,,
,31,YUCATAN,15,IZAMAL,40,IZAMAL,197,B,1,0,B,124,214,1,2,3,3,92,0,2,5,2,0,0,0,0,0,448,0,10,458,573,ACTA DE CASILLA,,,
,31,YUCATAN,15,IZAMAL,40,IZAMAL,197,C,1,0,C01,137,188,1,3,2,5,102,1,0,3,0,0,0,0,0,0,442,,14,456,573,ACTA DE CASILLA,,,
,31,YUCATAN,15,IZAMAL,40,IZAMAL,197,C,2,0,C02,158,170,5,1,0,3,111,2,0,4,1,0,0,0,0,0,455,0,7,462,572,ACTA DE CASILLA,,,
,31,YUCATAN,15,IZAMAL,40,IZAMAL,198,B,1,0,B,190,174,0,2,1,5,97,3,1,16,1,0,0,0,0,0,490,0,14,504,608,ACTA DE CASILLA,,,
,31,YUCATAN,15,IZAMAL,40,IZAMAL,198,C,1,0,C01,204,192,0,0,0,1,65,1,1,18,1,0,0,0,0,0,483,0,6,489,608,ACTA DE CASILLA,,,
,31,YUCATAN,15,IZAMAL,40,IZAMAL,198,C,2,0,C02,210,188,0,0,0,1,69,1,2,12,2,0,0,0,0,0,485,0,7,492,608,ACTA DE CASILLA,,,
,31,YUCATAN,15,IZAMAL,40,IZAMAL,199,B,1,0,B,198,238,2,2,2,1,122,4,2,2,1,0,0,0,0,0,574,0,13,587,734,GRUPO DE RECUENTO,,,
,31,YUCATAN,15,IZAMAL,40,IZAMAL,199,C,1,0,C01,213,201,2,2,0,0,138,1,1,2,1,0,0,0,0,0,561,0,20,581,733,ACTA DE CASILLA,,,
,31,YUCATAN,15,IZAMAL,40,IZAMAL,200,B,1,0,B,247,193,2,3,2,3,101,2,1,10,1,0,0,0,0,0,565,0,10,575,690,ACTA DE CASILLA,,,
,31,YUCATAN,15,IZAMAL,40,IZAMAL,200,C,1,0,C01,238,190,0,3,0,1,120,5,0,5,2,0,0,0,0,0,564,,15,579,690,ACTA DE CASILLA,,,
,31,YUCATAN,15,IZAMAL,40,IZAMAL,201,B,1,0,B,183,135,0,2,2,6,78,3,0,6,1,0,0,2,0,0,418,0,11,429,563,ACTA DE CASILLA,,,
,31,YUCATAN,15,IZAMAL,40,IZAMAL,201,C,1,0,C01,152,166,2,1,2,2,82,4,1,3,0,0,0,1,0,0,416,0,14,430,562,ACTA DE CASILLA,,,
,31,YUCATAN,15,IZAMAL,40,IZAMAL,201,C,2,0,C02,173,173,2,0,0,0,3,2,1,7,2,0,0,0,0,0,363,0,7,370,562,GRUPO DE RECUENTO,,,
,31,YUCATAN,15,IZAMAL,40,IZAMAL,202,B,1,0,B,169,206,0,0,0,2,41,0,0,1,1,0,0,0,0,0,420,0,7,427,459,ACTA DE CASILLA,,,
,31,YUCATAN,15,IZAMAL,40,IZAMAL,203,B,1,0,B,206,163,4,2,1,0,63,4,3,6,0,0,0,0,0,0,452,1,19,472,549,ACTA DE CASILLA,,,
,31,YUCATAN,15,IZAMAL,40,IZAMAL,203,C,1,0,C01,195,197,7,3,0,0,58,4,0,1,0,0,0,0,0,0,465,0,12,477,549,ACTA DE CASILLA,,,
,31,YUCATAN,6,KANASIN,41,KANASIN,204,B,1,0,B,90,70,1,12,6,29,93,7,4,6,0,0,0,0,0,0,318,0,4,322,430,GRUPO DE RECUENTO,,,
,31,YUCATAN,6,KANASIN,41,KANASIN,204,C,1,0,C01,85,68,4,3,2,19,103,3,2,8,1,0,0,0,0,0,298,1,7,306,430,ACTA DE CASILLA,,,
,31,YUCATAN,6,KANASIN,41,KANASIN,205,B,1,0,B,142,127,7,1,8,24,100,4,4,8,3,0,0,0,0,0,428,0,11,439,654,ACTA DE CASILLA,,,
,31,YUCATAN,6,KANASIN,41,KANASIN,205,C,1,0,C01,139,125,5,11,4,24,105,6,2,13,1,0,0,0,0,0,435,1,5,441,654,ACTA DE CASILLA,,,
,31,YUCATAN,6,KANASIN,41,KANASIN,205,C,2,0,C02,119,138,5,2,5,16,107,2,2,3,2,0,0,0,0,0,401,0,8,409,653,ACTA DE CASILLA,,,
,31,YUCATAN,6,KANASIN,41,KANASIN,205,C,3,0,C03,162,97,5,4,3,20,102,2,3,11,2,0,0,0,0,0,411,0,15,426,653,ACTA DE CASILLA,,,
,31,YUCATAN,6,KANASIN,41,KANASIN,205,C,4,0,C04,130,137,1,1,3,18,135,7,2,10,2,0,0,0,0,0,446,0,14,460,653,ACTA DE CASILLA,,,
,31,YUCATAN,6,KANASIN,41,KANASIN,206,B,1,0,B,0,0,0,0,0,0,0,0,0,0,0,0,0,0,0,0,0,0,0,0,648,ACTA DE CASILLA,ANULADA,http://www.teey.org.mx/img/pdf/sentencias/RIN0422021VE-pg4ipzoabg.pdf,
,31,YUCATAN,6,KANASIN,41,KANASIN,206,C,1,0,C01,151,120,6,8,4,21,79,4,4,7,2,0,0,0,0,0,406,0,19,425,648,ACTA DE CASILLA,,,
,31,YUCATAN,6,KANASIN,41,KANASIN,206,C,2,0,C02,133,120,7,8,3,23,87,2,1,6,2,0,0,0,0,0,392,0,4,396,648,GRUPO DE RECUENTO,,,
,31,YUCATAN,6,KANASIN,41,KANASIN,206,C,3,0,C03,135,120,2,1,2,17,68,0,3,11,1,0,0,0,0,0,360,0,18,378,648,ACTA DE CASILLA,,,
,31,YUCATAN,6,KANASIN,41,KANASIN,206,C,4,0,C04,151,129,4,4,8,27,89,1,9,2,1,0,0,0,0,0,425,0,6,431,648,ACTA DE CASILLA,,,
,31,YUCATAN,6,KANASIN,41,KANASIN,206,C,5,0,C05,148,102,4,13,5,19,100,4,3,10,1,0,0,0,0,0,409,0,7,416,647,GRUPO DE RECUENTO,,,
,31,YUCATAN,6,KANASIN,41,KANASIN,206,C,6,0,C06,160,130,5,13,10,25,80,3,4,4,3,0,0,0,0,0,437,1,6,444,647,ACTA DE CASILLA,,,
,31,YUCATAN,6,KANASIN,41,KANASIN,207,B,1,0,B,108,113,2,0,10,8,97,5,1,3,2,0,0,0,0,0,349,1,8,358,734,ACTA DE CASILLA,,,
,31,YUCATAN,6,KANASIN,41,KANASIN,207,C,1,0,C01,150,122,5,9,2,13,75,0,2,3,4,0,0,0,0,0,385,0,5,390,734,ACTA DE CASILLA,,,
,31,YUCATAN,6,KANASIN,41,KANASIN,207,C,2,0,C02,132,96,4,2,5,13,78,1,3,10,0,0,0,0,0,0,344,0,8,352,733,ACTA DE CASILLA,,,
,31,YUCATAN,6,KANASIN,41,KANASIN,207,C,3,0,C03,143,104,2,3,2,15,90,1,3,4,1,0,0,0,0,0,368,0,7,375,733,ACTA DE CASILLA,,,
,31,YUCATAN,6,KANASIN,41,KANASIN,207,C,4,0,C04,78,80,5,3,3,15,77,2,3,4,0,0,0,0,0,0,270,0,8,278,733,ACTA DE CASILLA,,,
,31,YUCATAN,6,KANASIN,41,KANASIN,207,C,5,0,C05,95,97,2,3,5,14,79,2,4,7,3,0,0,0,0,0,311,0,9,320,733,ACTA DE CASILLA,,,
,31,YUCATAN,6,KANASIN,41,KANASIN,207,C,6,0,C06,118,113,2,13,1,14,84,3,2,5,2,0,0,0,0,0,357,0,3,360,733,ACTA DE CASILLA,,,
,31,YUCATAN,6,KANASIN,41,KANASIN,207,C,7,0,C07,94,89,2,5,3,9,61,2,1,6,0,0,0,0,0,0,272,0,5,277,733,ACTA DE CASILLA,,,
,31,YUCATAN,6,KANASIN,41,KANASIN,207,C,8,0,C08,94,83,3,0,5,20,86,0,0,7,0,0,0,0,0,0,298,0,6,304,733,GRUPO DE RECUENTO,,,
,31,YUCATAN,6,KANASIN,41,KANASIN,207,C,9,0,C09,132,106,0,9,3,20,73,1,0,10,0,0,0,0,0,0,354,0,5,359,733,GRUPO DE RECUENTO,,,
,31,YUCATAN,6,KANASIN,41,KANASIN,207,C,10,0,C10,115,110,2,5,4,15,68,4,5,3,2,0,0,0,0,0,333,0,5,338,733,ACTA DE CASILLA,,,
,31,YUCATAN,6,KANASIN,41,KANASIN,207,C,11,0,C11,104,108,2,7,7,13,80,0,3,7,3,0,0,0,0,0,334,0,8,342,733,ACTA DE CASILLA,,,
,31,YUCATAN,6,KANASIN,41,KANASIN,207,C,12,0,C12,159,114,4,0,6,6,69,1,2,10,0,0,0,0,0,0,371,0,7,378,733,ACTA DE CASILLA,,,
,31,YUCATAN,6,KANASIN,41,KANASIN,208,B,1,0,B,195,160,3,6,3,4,79,4,3,3,0,0,0,0,0,0,460,0,8,468,596,ACTA DE CASILLA,,,
,31,YUCATAN,6,KANASIN,41,KANASIN,208,C,1,0,C01,200,143,4,18,1,8,74,3,3,12,1,0,0,0,0,0,467,0,6,473,596,GRUPO DE RECUENTO,,,
,31,YUCATAN,6,KANASIN,41,KANASIN,208,C,2,0,C02,181,127,2,6,6,17,70,3,3,11,1,0,0,0,0,0,427,0,7,434,596,GRUPO DE RECUENTO,,,
,31,YUCATAN,6,KANASIN,41,KANASIN,208,C,3,0,C03,183,127,4,5,5,15,70,1,2,8,1,0,0,0,0,0,421,0,6,427,595,ACTA DE CASILLA,,,
,31,YUCATAN,6,KANASIN,41,KANASIN,209,B,1,0,B,126,112,4,8,7,15,91,4,0,12,0,0,0,0,0,0,379,0,10,389,558,ACTA DE CASILLA,,,
,31,YUCATAN,6,KANASIN,41,KANASIN,209,C,1,0,C01,146,117,2,9,3,17,75,8,0,7,0,0,0,0,0,0,384,0,7,391,558,ACTA DE CASILLA,,,
,31,YUCATAN,6,KANASIN,41,KANASIN,210,B,1,0,B,132,154,4,2,4,20,121,5,2,13,2,0,0,0,0,0,459,0,22,481,704,ACTA DE CASILLA,,,
,31,YUCATAN,6,KANASIN,41,KANASIN,210,C,1,0,C01,146,163,6,19,5,16,90,4,2,16,1,0,0,0,0,0,468,0,4,472,703,ACTA DE CASILLA,,,
,31,YUCATAN,6,KANASIN,41,KANASIN,211,B,1,0,B,118,91,2,3,8,20,119,3,4,16,5,0,0,0,0,0,389,0,18,407,680,ACTA DE CASILLA,,,
,31,YUCATAN,6,KANASIN,41,KANASIN,211,C,1,0,C01,127,92,4,11,9,22,106,3,3,14,2,0,0,0,0,0,393,0,3,396,679,ACTA DE CASILLA,,,
,31,YUCATAN,6,KANASIN,41,KANASIN,211,C,2,0,C02,124,98,4,3,3,22,107,4,2,12,3,0,0,0,0,0,382,0,14,396,679,ACTA DE CASILLA,,,
,31,YUCATAN,6,KANASIN,41,KANASIN,211,C,3,0,C03,96,108,3,5,5,17,110,4,2,28,1,0,0,0,0,0,379,0,8,387,679,ACTA DE CASILLA,,,
,31,YUCATAN,6,KANASIN,41,KANASIN,211,C,4,0,C04,114,88,1,9,4,22,104,3,3,15,2,0,0,0,0,0,365,0,4,369,679,GRUPO DE RECUENTO,,,
,31,YUCATAN,6,KANASIN,41,KANASIN,212,B,1,0,B,95,80,4,5,7,16,91,6,1,14,3,0,0,0,0,0,322,0,8,330,635,ACTA DE CASILLA,,,
,31,YUCATAN,6,KANASIN,41,KANASIN,212,C,1,0,C01,86,84,9,7,3,11,104,4,2,10,3,0,0,0,0,0,323,1,13,337,635,ACTA DE CASILLA,,,
,31,YUCATAN,6,KANASIN,41,KANASIN,212,C,2,0,C02,93,88,2,2,4,14,110,3,0,4,0,0,0,0,0,0,320,0,13,333,635,ACTA DE CASILLA,,,
,31,YUCATAN,6,KANASIN,41,KANASIN,212,C,3,0,C03,80,70,5,7,5,13,107,1,3,10,1,0,0,0,0,0,302,1,4,307,635,ACTA DE CASILLA,,,
,31,YUCATAN,6,KANASIN,41,KANASIN,212,C,4,0,C04,97,106,4,4,3,19,88,3,4,2,0,0,0,0,0,0,330,0,9,339,634,ACTA DE CASILLA,,,
,31,YUCATAN,6,KANASIN,41,KANASIN,213,B,1,0,B,136,75,4,13,8,14,101,4,2,12,1,0,0,0,0,0,370,0,6,376,681,ACTA DE CASILLA,,,
,31,YUCATAN,6,KANASIN,41,KANASIN,213,C,1,0,C01,119,141,0,19,5,13,110,2,4,18,3,0,0,0,0,0,434,0,6,440,681,ACTA DE CASILLA,,,
,31,YUCATAN,6,KANASIN,41,KANASIN,213,C,2,0,C02,121,102,2,3,10,18,106,6,0,6,2,0,0,0,0,0,376,0,16,392,681,ACTA DE CASILLA,,,
,31,YUCATAN,6,KANASIN,41,KANASIN,213,C,3,0,C03,88,97,2,11,6,20,110,2,3,11,3,0,0,0,0,0,353,0,15,368,681,GRUPO DE RECUENTO,,,
,31,YUCATAN,6,KANASIN,41,KANASIN,213,C,4,0,C04,104,87,5,10,4,12,97,0,1,13,1,0,0,0,0,0,334,0,8,342,680,ACTA DE CASILLA,,,
,31,YUCATAN,6,KANASIN,41,KANASIN,213,C,5,0,C05,117,95,4,15,6,16,88,2,2,17,2,0,0,0,0,0,364,0,9,373,680,GRUPO DE RECUENTO,,,
,31,YUCATAN,6,KANASIN,41,KANASIN,213,C,6,0,C06,117,109,3,1,9,8,96,2,2,16,2,0,0,0,0,0,365,0,13,378,680,ACTA DE CASILLA,,,
,31,YUCATAN,6,KANASIN,41,KANASIN,214,B,1,0,B,104,114,2,3,1,22,104,1,2,7,0,0,0,0,0,0,360,0,14,374,550,ACTA DE CASILLA,,,
,31,YUCATAN,6,KANASIN,41,KANASIN,214,C,1,0,C01,122,115,2,8,2,16,106,1,1,7,1,0,0,0,0,0,381,0,2,383,550,ACTA DE CASILLA,,,
,31,YUCATAN,6,KANASIN,41,KANASIN,214,C,2,0,C02,97,96,5,0,3,26,111,3,0,3,2,0,0,0,0,0,346,0,6,352,550,ACTA DE CASILLA,,,
,31,YUCATAN,6,KANASIN,41,KANASIN,215,B,1,0,B,75,96,2,2,3,15,100,1,3,11,3,0,0,0,0,0,311,0,13,324,689,ACTA DE CASILLA,,,
,31,YUCATAN,6,KANASIN,41,KANASIN,215,C,1,0,C01,65,116,2,11,5,17,117,8,4,13,0,0,0,0,0,0,358,0,7,365,689,ACTA DE CASILLA,,,
,31,YUCATAN,6,KANASIN,41,KANASIN,215,C,2,0,C02,60,80,4,4,6,25,117,6,2,10,1,0,0,0,0,0,315,0,13,328,689,ACTA DE CASILLA,,,
,31,YUCATAN,6,KANASIN,41,KANASIN,215,C,3,0,C03,63,84,1,4,7,23,110,6,3,16,1,0,0,0,0,0,318,0,18,336,688,ACTA DE CASILLA,,,
,31,YUCATAN,6,KANASIN,41,KANASIN,215,C,4,0,C04,73,97,5,5,7,18,100,6,3,14,2,0,0,0,0,0,330,0,0,330,688,GRUPO DE RECUENTO,,,
,31,YUCATAN,6,KANASIN,41,KANASIN,216,B,1,0,B,108,108,1,17,5,31,119,1,4,16,0,0,0,0,0,0,410,0,4,414,692,GRUPO DE RECUENTO,,,
,31,YUCATAN,6,KANASIN,41,KANASIN,217,B,1,0,B,101,78,1,8,1,16,99,3,3,9,2,0,0,0,0,0,321,0,5,326,690,GRUPO DE RECUENTO,,,
,31,YUCATAN,6,KANASIN,41,KANASIN,217,C,1,0,C01,107,96,6,4,2,23,91,5,1,15,4,0,0,0,0,0,354,0,14,368,690,ACTA DE CASILLA,,,
,31,YUCATAN,6,KANASIN,41,KANASIN,217,C,2,0,C02,83,112,4,17,2,18,90,2,4,7,2,0,0,0,0,0,341,0,5,346,690,ACTA DE CASILLA,,,
,31,YUCATAN,6,KANASIN,41,KANASIN,217,C,3,0,C03,54,90,1,3,3,12,114,7,1,8,0,0,0,0,0,0,293,0,4,297,690,ACTA DE CASILLA,,,
,31,YUCATAN,6,KANASIN,41,KANASIN,217,C,4,0,C04,76,102,5,1,1,11,81,4,4,11,4,0,0,0,0,0,300,0,15,315,690,ACTA DE CASILLA,,,
,31,YUCATAN,6,KANASIN,41,KANASIN,217,C,5,0,C05,61,106,2,13,3,9,114,2,0,7,1,0,0,0,0,0,318,1,2,321,690,GRUPO DE RECUENTO,,,
,31,YUCATAN,6,KANASIN,41,KANASIN,217,C,6,0,C06,98,85,3,3,6,7,125,0,5,7,1,0,0,0,0,0,340,0,14,354,690,ACTA DE CASILLA,,,
,31,YUCATAN,6,KANASIN,41,KANASIN,217,C,7,0,C07,74,105,4,13,4,16,82,5,1,1,1,0,0,0,0,0,306,0,11,317,690,GRUPO DE RECUENTO,,,
,31,YUCATAN,6,KANASIN,41,KANASIN,217,C,8,0,C08,69,82,3,2,5,11,113,1,2,9,2,0,0,0,0,0,299,0,10,309,690,ACTA DE CASILLA,,,
,31,YUCATAN,6,KANASIN,41,KANASIN,217,C,9,0,C09,64,100,2,2,6,12,113,5,1,11,1,0,0,0,0,0,317,0,9,326,689,ACTA DE CASILLA,,,
,31,YUCATAN,6,KANASIN,41,KANASIN,217,C,10,0,C10,62,95,6,13,6,12,120,5,1,9,3,0,0,0,0,0,332,0,5,337,689,GRUPO DE RECUENTO,,,
,31,YUCATAN,6,KANASIN,41,KANASIN,218,B,1,0,B,86,75,2,7,7,17,73,6,1,11,1,0,0,0,0,0,286,0,6,292,700,ACTA DE CASILLA,,,
,31,YUCATAN,6,KANASIN,41,KANASIN,218,C,1,0,C01,93,60,6,12,7,24,78,9,2,11,2,0,0,0,0,0,304,0,4,308,700,ACTA DE CASILLA,,,
,31,YUCATAN,6,KANASIN,41,KANASIN,218,C,2,0,C02,98,87,9,8,4,25,72,8,3,8,2,0,0,0,0,0,324,0,5,329,700,ACTA DE CASILLA,,,
,31,YUCATAN,6,KANASIN,41,KANASIN,218,C,3,0,C03,91,71,7,13,12,24,87,6,0,10,2,0,0,0,0,0,323,0,7,330,700,ACTA DE CASILLA,,,
,31,YUCATAN,6,KANASIN,41,KANASIN,218,C,4,0,C04,69,79,4,3,5,17,104,4,4,8,2,0,0,0,0,0,299,0,14,313,700,ACTA DE CASILLA,,,
,31,YUCATAN,6,KANASIN,41,KANASIN,218,C,5,0,C05,70,83,2,2,7,14,112,9,2,16,0,0,0,0,0,0,317,0,8,325,700,ACTA DE CASILLA,,,
,31,YUCATAN,6,KANASIN,41,KANASIN,218,C,6,0,C06,85,64,7,1,6,15,79,6,4,12,2,0,0,0,0,0,281,0,5,286,700,ACTA DE CASILLA,,,
,31,YUCATAN,6,KANASIN,41,KANASIN,218,C,7,0,C07,83,71,5,10,7,24,99,9,0,12,1,0,0,0,0,0,321,1,5,327,699,ACTA DE CASILLA,,,
,31,YUCATAN,6,KANASIN,41,KANASIN,219,B,1,0,B,99,65,3,0,3,12,119,3,4,12,1,0,0,0,0,0,321,0,22,343,678,ACTA DE CASILLA,,,
,31,YUCATAN,6,KANASIN,41,KANASIN,219,C,1,0,C01,81,81,10,12,10,18,111,8,2,10,3,0,0,0,0,0,346,0,5,351,678,GRUPO DE RECUENTO,,,
,31,YUCATAN,6,KANASIN,41,KANASIN,219,C,2,0,C02,81,72,4,6,9,26,118,8,1,11,2,0,0,0,0,0,338,0,20,358,678,ACTA DE CASILLA,,,
,31,YUCATAN,6,KANASIN,41,KANASIN,219,C,3,0,C03,67,61,5,13,6,16,131,5,2,3,0,0,0,0,0,0,309,1,4,314,678,ACTA DE CASILLA,,,
,31,YUCATAN,6,KANASIN,41,KANASIN,219,C,4,0,C04,69,65,5,13,5,19,118,2,5,7,1,0,0,0,0,0,309,0,3,312,677,ACTA DE CASILLA,,,
,31,YUCATAN,6,KANASIN,41,KANASIN,219,C,5,0,C05,98,56,7,9,4,13,116,4,2,2,2,0,0,0,0,0,313,0,4,317,677,ACTA DE CASILLA,,,
,31,YUCATAN,6,KANASIN,41,KANASIN,219,C,6,0,C06,65,68,3,9,5,9,114,3,1,5,3,0,0,0,0,0,285,0,7,292,677,GRUPO DE RECUENTO,,,
,31,YUCATAN,6,KANASIN,41,KANASIN,220,B,1,0,B,48,61,1,9,3,7,64,4,2,5,3,0,0,0,0,0,207,0,5,212,734,GRUPO DE RECUENTO,,,
,31,YUCATAN,6,KANASIN,41,KANASIN,220,C,1,0,C01,51,68,2,3,1,27,69,7,1,6,0,0,0,0,0,0,235,0,3,238,734,GRUPO DE RECUENTO,,,
,31,YUCATAN,6,KANASIN,41,KANASIN,220,C,2,0,C02,60,66,4,12,0,17,89,7,1,10,0,0,0,0,0,0,266,0,6,272,734,GRUPO DE RECUENTO,,,
,31,YUCATAN,6,KANASIN,41,KANASIN,220,C,3,0,C03,57,67,6,10,4,17,80,3,0,8,1,0,0,0,0,0,253,0,6,259,734,GRUPO DE RECUENTO,,,
,31,YUCATAN,6,KANASIN,41,KANASIN,220,C,4,0,C04,54,65,4,6,5,24,65,6,1,9,0,0,0,0,0,0,239,0,2,241,734,GRUPO DE RECUENTO,,,
,31,YUCATAN,6,KANASIN,41,KANASIN,220,C,5,0,C05,38,58,2,0,7,21,57,6,3,10,1,0,0,0,0,0,203,1,8,212,734,ACTA DE CASILLA,,,
,31,YUCATAN,6,KANASIN,41,KANASIN,220,C,6,0,C06,67,58,3,3,4,24,82,5,2,7,2,0,0,0,0,0,257,0,8,265,734,ACTA DE CASILLA,,,
,31,YUCATAN,6,KANASIN,41,KANASIN,220,C,7,0,C07,62,81,5,0,1,13,68,4,3,10,1,0,0,0,0,0,248,0,5,253,734,ACTA DE CASILLA,,,
,31,YUCATAN,6,KANASIN,41,KANASIN,220,C,8,0,C08,42,63,0,1,1,6,103,1,0,5,1,0,0,0,0,0,223,0,7,230,734,ACTA DE CASILLA,,,
,31,YUCATAN,6,KANASIN,41,KANASIN,220,C,9,0,C09,64,56,5,3,2,17,70,4,1,13,1,0,0,0,0,0,236,0,13,249,734,ACTA DE CASILLA,,,
,31,YUCATAN,6,KANASIN,41,KANASIN,220,C,10,0,C10,47,57,6,0,2,10,68,9,0,9,0,0,0,0,0,0,208,0,7,215,734,ACTA DE CASILLA,,,
,31,YUCATAN,6,KANASIN,41,KANASIN,220,C,11,0,C11,62,83,1,9,2,17,91,5,0,11,2,0,0,0,0,0,283,0,4,287,734,ACTA DE CASILLA,,,
,31,YUCATAN,6,KANASIN,41,KANASIN,220,C,12,0,C12,66,59,5,7,2,15,62,3,2,6,1,0,0,0,0,0,228,0,2,230,734,ACTA DE CASILLA,,,
,31,YUCATAN,6,KANASIN,41,KANASIN,220,C,13,0,C13,47,43,4,6,3,13,87,3,2,9,1,0,0,0,0,0,218,0,8,226,734,ACTA DE CASILLA,,,
,31,YUCATAN,6,KANASIN,41,KANASIN,220,C,14,0,C14,46,56,0,6,0,17,74,5,2,7,1,0,0,0,0,0,214,0,5,219,734,ACTA DE CASILLA,,,
,31,YUCATAN,6,KANASIN,41,KANASIN,220,C,15,0,C15,49,70,1,1,6,22,68,3,0,9,1,0,0,0,0,0,230,0,7,237,733,ACTA DE CASILLA,,,
,31,YUCATAN,6,KANASIN,41,KANASIN,221,B,1,0,B,159,121,7,9,2,11,99,2,3,8,1,0,0,0,0,0,422,0,6,428,523,ACTA DE CASILLA,,,
,31,YUCATAN,6,KANASIN,41,KANASIN,222,B,1,0,B,174,151,3,12,5,19,93,1,4,32,1,0,0,0,0,0,495,0,5,500,606,ACTA DE CASILLA,,,
,31,YUCATAN,6,KANASIN,41,KANASIN,223,B,1,0,B,73,60,1,10,3,4,76,3,2,21,0,0,0,0,0,0,253,0,7,260,708,ACTA DE CASILLA,,,
,31,YUCATAN,6,KANASIN,41,KANASIN,223,C,1,0,C01,90,47,7,14,1,9,88,4,1,17,1,0,0,0,0,0,279,0,10,289,707,GRUPO DE RECUENTO,,,
,31,YUCATAN,6,KANASIN,41,KANASIN,223,C,2,0,C02,60,54,2,2,2,7,87,4,3,17,1,0,0,0,0,0,239,0,9,248,707,ACTA DE CASILLA,,,
,31,YUCATAN,6,KANASIN,41,KANASIN,223,C,3,0,C03,89,44,4,7,3,12,86,5,2,19,1,0,0,0,0,0,272,0,3,275,707,ACTA DE CASILLA,,,
,31,YUCATAN,6,KANASIN,41,KANASIN,223,C,4,0,C04,70,54,4,7,4,15,78,2,0,24,1,0,0,0,0,0,259,0,3,262,707,GRUPO DE RECUENTO,,,
,31,YUCATAN,14,TECOH,42,KANTUNIL,224,B,1,0,B,203,101,0,5,2,1,82,1,3,73,74,0,0,0,0,0,545,0,4,549,679,ACTA DE CASILLA,,,
,31,YUCATAN,14,TECOH,42,KANTUNIL,224,C,1,0,C01,259,76,1,5,1,3,51,2,1,101,39,0,0,1,0,0,540,0,13,553,679,ACTA DE CASILLA,,,
,31,YUCATAN,14,TECOH,42,KANTUNIL,225,B,1,0,B,203,62,0,3,2,7,62,2,4,77,73,0,0,0,0,0,495,0,13,508,637,ACTA DE CASILLA,,,
,31,YUCATAN,14,TECOH,42,KANTUNIL,225,C,1,0,C01,199,70,0,6,1,7,51,0,3,97,67,0,0,0,0,0,501,0,16,517,637,ACTA DE CASILLA,,,
,31,YUCATAN,14,TECOH,42,KANTUNIL,226,B,1,0,B,132,107,0,12,1,9,54,0,4,24,63,0,0,0,0,0,406,0,8,414,503,ACTA DE CASILLA,,,
,31,YUCATAN,14,TECOH,42,KANTUNIL,226,C,1,0,C01,121,121,1,11,3,5,47,0,3,15,70,0,0,0,0,0,397,0,13,410,502,ACTA DE CASILLA,,,
,31,YUCATAN,14,TECOH,42,KANTUNIL,226,C,2,0,C02,127,138,3,14,0,9,38,2,2,8,66,0,0,0,0,0,407,0,14,421,502,ACTA DE CASILLA,,,
,31,YUCATAN,14,TECOH,43,KAUA,227,B,1,0,B,213,115,1,3,0,3,214,1,1,7,1,0,0,0,0,0,559,0,0,559,620,ACTA DE CASILLA,,,
,31,YUCATAN,14,TECOH,43,KAUA,227,C,1,0,C01,219,131,0,3,0,0,209,0,2,6,1,0,0,0,0,0,571,0,1,572,619,ACTA DE CASILLA,,,
,31,YUCATAN,14,TECOH,43,KAUA,227,C,2,0,C02,167,111,1,3,1,1,274,2,2,10,0,0,0,0,0,0,572,0,0,572,619,ACTA DE CASILLA,,,
,31,YUCATAN,14,TECOH,43,KAUA,227,C,3,0,C03,216,0,2,3,0,0,240,0,3,10,0,0,0,0,0,0,474,0,0,474,619,ACTA DE CASILLA,,,
,31,YUCATAN,8,UMAN,44,KINCHIL,228,B,1,0,B,105,106,42,3,28,14,75,4,0,2,2,0,0,0,0,0,381,0,0,381,416,ACTA DE CASILLA,,,
,31,YUCATAN,8,UMAN,44,KINCHIL,228,C,1,0,C01,114,88,37,3,17,22,88,4,0,1,2,0,0,2,0,0,378,0,3,381,415,ACTA DE CASILLA,,,
,31,YUCATAN,8,UMAN,44,KINCHIL,229,B,1,0,B,196,113,69,11,47,31,114,5,3,2,2,0,0,1,0,0,594,0,16,610,695,ACTA DE CASILLA,,,
,31,YUCATAN,8,UMAN,44,KINCHIL,229,C,1,0,C01,199,104,72,12,54,39,95,13,2,2,1,0,0,0,0,0,593,0,21,614,695,ACTA DE CASILLA,,,
,31,YUCATAN,8,UMAN,44,KINCHIL,229,C,2,0,C02,191,119,60,11,56,30,107,5,3,1,1,0,0,1,0,0,585,0,26,611,694,ACTA DE CASILLA,,,
,31,YUCATAN,8,UMAN,44,KINCHIL,230,B,1,0,B,203,149,57,16,36,31,123,18,2,1,0,0,0,0,0,0,636,0,18,654,743,ACTA DE CASILLA,,,
,31,YUCATAN,8,UMAN,44,KINCHIL,230,C,1,0,C01,190,130,83,7,38,40,98,12,3,1,2,0,0,0,0,0,604,0,18,622,743,ACTA DE CASILLA,,,
,31,YUCATAN,8,UMAN,44,KINCHIL,230,C,2,0,C02,176,169,69,8,26,45,111,9,1,3,3,0,0,0,0,0,620,0,15,635,743,ACTA DE CASILLA,,,
,31,YUCATAN,8,UMAN,44,KINCHIL,231,B,1,0,B,21,67,28,6,37,4,41,3,1,2,0,0,0,3,0,0,213,0,6,219,230,ACTA DE CASILLA,,,
,31,YUCATAN,8,UMAN,45,KOPOMA,232,B,1,0,B,41,149,71,3,1,8,142,7,1,0,29,0,0,7,0,0,459,0,7,466,578,ACTA DE CASILLA,,,
,31,YUCATAN,8,UMAN,45,KOPOMA,232,C,1,0,C01,49,135,52,6,13,8,157,2,0,0,33,0,0,4,0,0,459,0,19,478,577,ACTA DE CASILLA,,,
,31,YUCATAN,8,UMAN,45,KOPOMA,232,C,2,0,C02,65,137,46,3,4,7,165,5,0,1,47,0,0,2,0,0,482,0,6,488,577,ACTA DE CASILLA,,,
,31,YUCATAN,8,UMAN,45,KOPOMA,233,B,1,0,B,33,95,44,2,4,1,91,3,0,0,18,0,0,0,0,0,291,0,3,294,340,ACTA DE CASILLA,,,
,31,YUCATAN,13,TICUL,46,MAMA,234,B,1,0,B,118,222,1,0,3,31,88,1,2,0,0,0,0,0,0,0,466,,14,480,531,ACTA DE CASILLA,,,
,31,YUCATAN,13,TICUL,46,MAMA,234,C,1,0,C01,126,208,3,0,1,39,89,1,2,0,0,0,0,1,0,0,470,,15,485,530,ACTA DE CASILLA,,,
,31,YUCATAN,13,TICUL,46,MAMA,235,B,1,0,B,146,153,3,1,0,33,122,4,0,0,1,0,0,0,0,0,463,,7,470,512,ACTA DE CASILLA,,,
,31,YUCATAN,13,TICUL,46,MAMA,235,C,1,0,C01,153,149,9,0,1,45,92,3,2,0,4,0,0,0,0,0,458,,9,467,512,GRUPO DE RECUENTO,,,
,31,YUCATAN,13,TICUL,46,MAMA,235,C,2,0,C02,113,172,8,1,0,37,114,2,0,0,1,0,0,0,0,0,448,,4,452,511,GRUPO DE RECUENTO,,,
,31,YUCATAN,13,TICUL,47,MANI,236,B,1,0,B,193,42,11,3,2,2,88,0,1,0,87,0,0,0,0,0,429,,12,441,531,ACTA DE CASILLA,,,
,31,YUCATAN,13,TICUL,47,MANI,236,C,1,0,C01,199,26,6,5,5,2,107,3,2,0,66,0,0,1,0,0,422,1,12,435,531,ACTA DE CASILLA,,,
,31,YUCATAN,13,TICUL,47,MANI,236,C,2,0,C02,209,31,9,1,3,2,106,2,4,0,80,0,0,0,0,0,447,,6,453,530,ACTA DE CASILLA,,,
,31,YUCATAN,13,TICUL,47,MANI,237,B,1,0,B,289,24,5,1,1,7,107,2,1,4,70,0,0,6,0,0,517,,5,522,647,ACTA DE CASILLA,,,
,31,YUCATAN,13,TICUL,47,MANI,237,C,1,0,C01,274,43,10,3,26,6,120,5,0,3,58,0,0,0,0,0,548,,13,561,646,ACTA DE CASILLA,,,
,31,YUCATAN,13,TICUL,47,MANI,237,C,2,0,C02,253,60,14,2,1,10,114,2,2,2,55,0,0,0,0,0,515,,10,525,646,GRUPO DE RECUENTO,,,
,31,YUCATAN,13,TICUL,47,MANI,238,B,1,0,B,170,17,7,0,1,1,121,0,2,0,37,0,0,0,0,0,356,,10,366,395,ACTA DE CASILLA,,,
,31,YUCATAN,13,TICUL,47,MANI,238,C,1,0,C01,186,7,6,1,3,3,96,0,2,1,39,0,0,0,0,0,344,,7,351,395,GRUPO DE RECUENTO,,,
,31,YUCATAN,13,TICUL,48,MAXCANU,239,B,1,0,B,120,120,3,1,2,28,216,2,18,8,7,0,0,0,0,0,525,,13,538,736,ACTA DE CASILLA,,,
,31,YUCATAN,13,TICUL,48,MAXCANU,239,C,1,0,C01,123,146,3,2,2,33,213,1,22,4,0,0,0,0,0,0,549,,11,560,735,ACTA DE CASILLA,,,
,31,YUCATAN,13,TICUL,48,MAXCANU,239,C,2,0,C02,149,120,4,1,1,27,194,2,15,4,6,0,0,0,0,0,523,,8,531,735,ACTA DE CASILLA,,,
,31,YUCATAN,13,TICUL,48,MAXCANU,240,B,1,0,B,92,57,2,1,0,17,211,2,15,1,1,0,0,1,0,0,400,,11,411,546,ACTA DE CASILLA,,,
,31,YUCATAN,13,TICUL,48,MAXCANU,240,C,1,0,C01,64,84,3,0,1,14,194,3,12,5,1,0,0,0,0,0,381,,6,387,546,ACTA DE CASILLA,,,
,31,YUCATAN,13,TICUL,48,MAXCANU,240,C,2,0,C02,98,95,3,1,1,9,184,0,26,2,0,0,0,0,0,0,419,,2,421,545,ACTA DE CASILLA,,,
,31,YUCATAN,13,TICUL,48,MAXCANU,241,B,1,0,B,97,117,3,0,1,16,213,1,15,2,4,0,0,1,0,0,470,,6,476,583,ACTA DE CASILLA,,,
,31,YUCATAN,13,TICUL,48,MAXCANU,241,C,1,0,C01,79,95,1,1,4,27,222,0,17,2,4,0,0,0,0,0,452,1,5,458,583,ACTA DE CASILLA,,,
,31,YUCATAN,13,TICUL,48,MAXCANU,242,B,1,0,B,108,82,4,2,0,20,172,1,19,2,3,0,0,5,0,0,418,,6,424,560,ACTA DE CASILLA,,,
,31,YUCATAN,13,TICUL,48,MAXCANU,242,C,1,0,C01,113,80,2,0,2,13,174,1,16,4,0,0,0,0,0,0,405,,5,410,559,ACTA DE CASILLA,,,
,31,YUCATAN,13,TICUL,48,MAXCANU,242,C,2,0,C02,85,82,3,2,0,25,204,3,6,6,1,0,0,0,0,0,417,,4,421,559,ACTA DE CASILLA,,,
,31,YUCATAN,13,TICUL,48,MAXCANU,243,B,1,0,B,111,98,3,2,2,14,209,3,6,4,3,0,0,3,0,0,458,,5,463,609,ACTA DE CASILLA,,,
,31,YUCATAN,13,TICUL,48,MAXCANU,243,C,1,0,C01,110,131,5,1,2,17,169,1,5,7,4,0,0,3,0,0,455,,14,469,609,ACTA DE CASILLA,,,
,31,YUCATAN,13,TICUL,48,MAXCANU,243,C,2,0,C02,107,105,2,2,1,26,186,1,13,4,2,0,0,1,0,0,450,,5,455,609,ACTA DE CASILLA,,,
,31,YUCATAN,13,TICUL,48,MAXCANU,244,B,1,0,B,98,102,1,0,0,38,199,2,14,6,3,0,0,0,0,0,463,,19,482,656,GRUPO DE RECUENTO,,,
,31,YUCATAN,13,TICUL,48,MAXCANU,244,C,1,0,C01,70,80,2,0,1,35,189,1,16,6,4,0,0,4,0,0,408,,11,419,566,ACTA DE CASILLA,,,
,31,YUCATAN,13,TICUL,48,MAXCANU,244,C,2,0,C02,91,85,3,1,1,21,189,1,12,8,1,0,0,1,0,0,414,,8,422,565,GRUPO DE RECUENTO,,,
,31,YUCATAN,13,TICUL,48,MAXCANU,244,C,3,0,C03,86,78,0,2,0,19,193,2,9,6,4,0,0,0,0,0,399,,9,408,565,ACTA DE CASILLA,,,
,31,YUCATAN,13,TICUL,48,MAXCANU,245,B,1,0,B,83,122,1,0,3,10,176,1,8,1,2,0,0,0,0,0,407,,10,417,490,ACTA DE CASILLA,,,
,31,YUCATAN,13,TICUL,48,MAXCANU,245,E,1,0,E01,127,148,2,0,0,2,49,1,4,2,4,0,0,0,0,0,339,,6,345,487,ACTA DE CASILLA,,,
,31,YUCATAN,13,TICUL,48,MAXCANU,245,E,1,1,E01C01,106,141,0,0,0,4,71,0,0,2,0,0,0,0,0,0,324,,,324,486,ACTA DE CASILLA,,,
,31,YUCATAN,13,TICUL,48,MAXCANU,246,B,1,0,B,83,110,3,1,1,7,123,1,5,1,1,0,0,0,0,0,336,,7,343,403,ACTA DE CASILLA,,,
,31,YUCATAN,13,TICUL,48,MAXCANU,246,C,1,0,C01,74,127,1,0,1,12,117,0,0,0,0,0,0,0,0,0,332,,7,339,403,ACTA DE CASILLA,,,
,31,YUCATAN,13,TICUL,48,MAXCANU,246,E,1,0,E01,151,144,1,1,0,23,73,4,10,1,8,0,0,0,0,0,416,,10,426,473,ACTA DE CASILLA,,,
,31,YUCATAN,13,TICUL,48,MAXCANU,247,B,1,0,B,140,193,3,0,0,9,133,1,34,0,2,0,0,0,0,0,515,,1,516,607,ACTA DE CASILLA,,,
,31,YUCATAN,13,TICUL,48,MAXCANU,247,C,1,0,C01,167,170,2,0,0,7,144,2,36,1,1,0,0,0,0,0,530,,4,534,607,GRUPO DE RECUENTO,,,
,31,YUCATAN,13,TICUL,48,MAXCANU,248,B,1,0,B,56,45,0,1,1,13,166,1,10,1,8,0,0,0,0,0,302,,14,316,378,ACTA DE CASILLA,,,
,31,YUCATAN,13,TICUL,48,MAXCANU,249,B,1,0,B,85,93,2,2,0,22,167,1,10,0,2,0,0,0,0,0,384,,5,389,460,GRUPO DE RECUENTO,,,
,31,YUCATAN,13,TICUL,48,MAXCANU,249,C,1,0,C01,67,123,1,0,1,28,146,0,15,2,1,0,0,2,0,0,386,,4,390,460,ACTA DE CASILLA,,,
,31,YUCATAN,13,TICUL,48,MAXCANU,250,B,1,0,B,220,121,0,0,1,29,154,0,11,1,1,0,0,6,0,0,544,,9,553,660,ACTA DE CASILLA,,,
,31,YUCATAN,13,TICUL,48,MAXCANU,250,C,1,0,C01,183,157,1,1,0,45,143,0,4,0,5,0,0,3,0,0,542,,13,555,659,ACTA DE CASILLA,,,
,31,YUCATAN,14,TECOH,49,MAYAPAN,252,B,1,0,B,322,168,0,9,0,0,11,0,0,0,0,0,0,0,0,0,510,0,0,510,541,GRUPO DE RECUENTO,,,
,31,YUCATAN,14,TECOH,49,MAYAPAN,252,C,1,0,C01,0,15,0,3,0,0,1,0,0,0,0,0,0,0,0,0,19,0,0,19,541,GRUPO DE RECUENTO,,,
,31,YUCATAN,14,TECOH,49,MAYAPAN,253,B,1,0,B,229,308,1,3,1,1,13,0,0,0,0,0,0,0,0,0,556,0,0,556,585,GRUPO DE RECUENTO,,,
,31,YUCATAN,14,TECOH,49,MAYAPAN,253,C,1,0,C01,280,264,0,3,0,1,9,0,0,0,0,0,0,0,0,0,557,0,0,557,584,ACTA DE CASILLA,,,
,31,YUCATAN,14,TECOH,49,MAYAPAN,253,C,2,0,C02,285,237,1,3,1,1,5,0,0,0,0,0,0,0,0,0,533,0,1,534,584,ACTA DE CASILLA,,,
,31,YUCATAN,4,MERIDA,50,MERIDA,254,B,1,0,B,186,47,4,6,2,11,72,2,1,7,1,0,0,0,0,0,339,0,5,344,718,ACTA DE CASILLA,,,
,31,YUCATAN,4,MERIDA,50,MERIDA,254,C,1,0,C01,198,36,5,3,2,8,65,5,0,2,3,0,0,1,0,0,328,0,7,335,718,ACTA DE CASILLA,,,
,31,YUCATAN,4,MERIDA,50,MERIDA,254,C,2,0,C02,10,1,0,1,1,0,5,0,0,0,0,0,0,0,0,0,18,0,7,25,718,ACTA DE CASILLA,,,
,31,YUCATAN,4,MERIDA,50,MERIDA,254,C,3,0,C03,175,48,4,7,0,7,90,1,0,5,1,0,0,1,0,0,339,0,7,346,718,ACTA DE CASILLA,,,
,31,YUCATAN,4,MERIDA,50,MERIDA,254,C,4,0,C04,11,5,0,0,0,0,2,0,0,0,0,0,0,0,0,0,18,0,5,23,718,ACTA DE CASILLA,,,
,31,YUCATAN,4,MERIDA,50,MERIDA,254,C,5,0,C05,151,51,0,2,3,12,84,4,0,8,0,0,0,0,0,0,315,1,9,325,717,ACTA DE CASILLA,,,
,31,YUCATAN,4,MERIDA,50,MERIDA,254,C,6,0,C06,159,46,5,3,1,6,62,2,0,5,1,0,0,0,0,0,290,0,6,296,717,ACTA DE CASILLA,,,
,31,YUCATAN,4,MERIDA,50,MERIDA,254,C,7,0,C07,201,41,5,3,4,14,76,3,0,3,3,0,0,0,0,0,353,2,6,361,717,ACTA DE CASILLA,,,
,31,YUCATAN,4,MERIDA,50,MERIDA,254,C,8,0,C08,174,44,5,5,1,11,75,3,1,3,2,0,0,1,0,0,325,0,6,331,717,ACTA DE CASILLA,,,
,31,YUCATAN,4,MERIDA,50,MERIDA,254,C,9,0,C09,159,51,4,2,3,7,67,3,1,4,2,0,0,1,0,0,304,0,5,309,717,ACTA DE CASILLA,,,
,31,YUCATAN,4,MERIDA,50,MERIDA,254,C,10,0,C10,173,58,4,2,3,6,67,2,0,0,5,0,0,1,0,0,321,1,6,328,717,ACTA DE CASILLA,,,
,31,YUCATAN,4,MERIDA,50,MERIDA,254,C,11,0,C11,182,42,1,5,0,4,76,6,1,3,2,0,0,0,0,0,322,0,2,324,717,ACTA DE CASILLA,,,
,31,YUCATAN,4,MERIDA,50,MERIDA,254,C,12,0,C12,218,48,1,1,1,6,70,2,1,2,1,0,0,0,0,0,351,0,5,356,717,ACTA DE CASILLA,,,
,31,YUCATAN,4,MERIDA,50,MERIDA,254,C,13,0,C13,157,41,3,0,0,7,76,5,1,3,4,0,0,0,0,0,297,0,3,300,717,ACTA DE CASILLA,,,
,31,YUCATAN,4,MERIDA,50,MERIDA,254,C,14,0,C14,197,46,4,7,1,7,72,2,0,1,3,0,0,0,0,0,340,0,2,342,717,ACTA DE CASILLA,,,
,31,YUCATAN,4,MERIDA,50,MERIDA,254,C,15,0,C15,184,55,6,0,1,9,83,2,0,4,3,0,0,0,0,0,347,0,5,352,717,ACTA DE CASILLA,,,
,31,YUCATAN,4,MERIDA,50,MERIDA,254,C,16,0,C16,188,49,0,5,2,6,60,4,2,5,5,0,0,0,0,0,326,1,7,334,717,ACTA DE CASILLA,,,
,31,YUCATAN,4,MERIDA,50,MERIDA,254,S,1,0,SMR01,195,56,3,3,0,12,67,1,1,4,0,0,0,1,0,0,343,0,0,343,0,ACTA DE CASILLA,,,
,31,YUCATAN,4,MERIDA,50,MERIDA,254,S,2,0,SMR02,186,46,3,6,1,8,72,1,1,1,0,0,0,0,0,0,325,0,1,326,0,ACTA DE CASILLA,,,
,31,YUCATAN,4,MERIDA,50,MERIDA,255,B,1,0,B,172,82,2,3,5,5,79,3,0,0,0,0,0,1,0,0,352,0,13,365,637,ACTA DE CASILLA,,,
,31,YUCATAN,4,MERIDA,50,MERIDA,255,C,1,0,C01,146,75,1,1,6,7,93,0,2,5,0,0,0,0,0,0,336,0,10,346,637,ACTA DE CASILLA,,,
,31,YUCATAN,4,MERIDA,50,MERIDA,256,B,1,0,B,316,69,2,2,1,5,33,0,1,1,0,0,0,0,0,0,430,0,2,432,607,ACTA DE CASILLA,,,
,31,YUCATAN,4,MERIDA,50,MERIDA,256,C,1,0,C01,339,56,2,2,1,7,20,2,0,0,1,0,0,0,0,0,430,0,5,435,606,ACTA DE CASILLA,,,
,31,YUCATAN,4,MERIDA,50,MERIDA,256,C,2,0,C02,301,62,7,1,1,8,27,1,2,2,1,0,0,0,0,0,413,0,2,415,606,ACTA DE CASILLA,,,
,31,YUCATAN,4,MERIDA,50,MERIDA,256,C,3,0,C03,335,58,3,2,2,2,30,0,0,1,0,0,0,0,0,0,433,0,2,435,606,ACTA DE CASILLA,,,
,31,YUCATAN,4,MERIDA,50,MERIDA,256,C,4,0,C04,331,67,3,1,1,0,26,1,0,0,0,0,0,0,0,0,430,0,4,434,606,ACTA DE CASILLA,,,
,31,YUCATAN,4,MERIDA,50,MERIDA,257,B,1,0,B,110,34,3,3,8,17,69,5,1,4,3,0,0,0,0,0,257,0,8,265,471,ACTA DE CASILLA,,,
,31,YUCATAN,4,MERIDA,50,MERIDA,257,C,1,0,C01,85,45,1,3,4,9,81,4,1,2,2,0,0,0,0,0,237,0,6,243,471,GRUPO DE RECUENTO,,,
,31,YUCATAN,4,MERIDA,50,MERIDA,258,B,1,0,B,98,44,8,4,11,9,68,1,2,2,0,0,0,0,0,0,247,0,6,253,490,ACTA DE CASILLA,,,
,31,YUCATAN,4,MERIDA,50,MERIDA,258,C,1,0,C01,82,50,3,0,6,5,89,4,2,4,1,0,0,0,0,0,246,0,3,249,489,ACTA DE CASILLA,,,
,31,YUCATAN,4,MERIDA,50,MERIDA,259,B,1,0,B,125,51,3,0,11,13,82,1,0,10,1,0,0,0,0,0,297,0,8,305,552,ACTA DE CASILLA,,,
,31,YUCATAN,4,MERIDA,50,MERIDA,259,C,1,0,C01,129,42,2,4,8,9,84,1,2,9,3,0,0,0,0,0,293,0,9,302,551,ACTA DE CASILLA,,,
,31,YUCATAN,4,MERIDA,50,MERIDA,260,B,1,0,B,245,27,3,3,5,4,53,1,0,3,2,0,0,0,0,0,346,1,7,354,591,ACTA DE CASILLA,,,
,31,YUCATAN,4,MERIDA,50,MERIDA,260,C,1,0,C01,248,55,3,5,3,8,47,6,0,3,1,0,0,2,0,0,381,0,4,385,591,ACTA DE CASILLA,,,
,31,YUCATAN,4,MERIDA,50,MERIDA,260,C,2,0,C02,204,40,2,7,5,5,62,3,0,8,0,0,0,0,0,0,336,0,3,339,591,ACTA DE CASILLA,,,
,31,YUCATAN,4,MERIDA,50,MERIDA,260,C,3,0,C03,204,52,4,0,0,13,68,1,0,1,0,0,0,0,0,0,343,0,6,349,591,ACTA DE CASILLA,,,
,31,YUCATAN,5,MERIDA,50,MERIDA,261,B,1,0,B,342,73,7,5,0,6,27,1,1,1,1,0,0,0,0,0,464,0,2,466,634,ACTA DE CASILLA,,,
,31,YUCATAN,5,MERIDA,50,MERIDA,261,C,1,0,C01,314,69,4,4,0,3,37,2,2,3,2,0,0,0,0,0,440,0,1,441,634,ACTA DE CASILLA,,,
,31,YUCATAN,5,MERIDA,50,MERIDA,261,C,2,0,C02,357,43,5,5,0,9,42,0,0,2,0,0,0,0,0,0,463,0,2,465,634,ACTA DE CASILLA,,,
,31,YUCATAN,5,MERIDA,50,MERIDA,261,C,3,0,C03,361,68,0,5,0,5,27,1,0,2,0,0,0,0,0,0,469,0,1,470,633,ACTA DE CASILLA,,,
,31,YUCATAN,5,MERIDA,50,MERIDA,261,C,4,0,C04,349,68,3,3,0,10,27,1,0,0,1,0,0,0,0,0,462,0,2,464,633,ACTA DE CASILLA,,,
,31,YUCATAN,5,MERIDA,50,MERIDA,261,C,5,0,C05,367,55,2,3,2,2,34,1,0,1,0,0,0,0,0,0,467,0,1,468,633,ACTA DE CASILLA,,,
,31,YUCATAN,5,MERIDA,50,MERIDA,262,B,1,0,B,216,47,1,4,1,13,61,2,2,5,2,0,0,0,0,0,354,0,3,357,644,GRUPO DE RECUENTO,,,
,31,YUCATAN,5,MERIDA,50,MERIDA,262,C,1,0,C01,393,55,2,5,0,3,18,1,0,0,0,0,0,0,0,0,477,0,2,479,643,GRUPO DE RECUENTO,,,
,31,YUCATAN,5,MERIDA,50,MERIDA,263,B,1,0,B,268,54,5,0,1,9,5,4,2,6,3,0,0,0,0,0,357,0,12,369,704,GRUPO DE RECUENTO,,,
,31,YUCATAN,5,MERIDA,50,MERIDA,263,C,1,0,C01,254,59,8,11,2,8,65,2,0,6,1,0,0,0,0,0,416,0,3,419,703,GRUPO DE RECUENTO,,,
,31,YUCATAN,5,MERIDA,50,MERIDA,263,C,2,0,C02,262,59,1,8,6,13,69,0,1,2,3,0,0,0,0,0,424,0,1,425,703,GRUPO DE RECUENTO,,,
,31,YUCATAN,5,MERIDA,50,MERIDA,263,C,3,0,C03,271,61,5,7,1,5,77,4,0,4,3,0,0,0,0,0,438,0,3,441,703,GRUPO DE RECUENTO,,,
,31,YUCATAN,5,MERIDA,50,MERIDA,263,C,4,0,C04,262,68,5,8,0,7,71,1,1,4,1,0,0,0,0,0,428,0,4,432,703,GRUPO DE RECUENTO,,,
,31,YUCATAN,5,MERIDA,50,MERIDA,264,B,1,0,B,116,55,1,12,7,9,71,2,3,3,1,0,0,0,0,0,280,0,10,290,494,ACTA DE CASILLA,,,
,31,YUCATAN,5,MERIDA,50,MERIDA,264,C,1,0,C01,108,53,2,4,2,10,79,4,1,2,1,0,0,0,0,0,266,1,4,271,494,ACTA DE CASILLA,,,
,31,YUCATAN,5,MERIDA,50,MERIDA,265,B,1,0,B,269,72,5,10,1,10,73,1,4,5,2,0,0,0,0,0,452,0,5,457,732,ACTA DE CASILLA,,,
,31,YUCATAN,5,MERIDA,50,MERIDA,265,C,1,0,C01,263,63,0,2,4,9,63,1,3,3,2,0,0,0,0,0,413,1,3,417,732,ACTA DE CASILLA,,,
,31,YUCATAN,5,MERIDA,50,MERIDA,265,C,2,0,C02,269,67,5,6,0,7,45,9,1,5,2,0,0,0,0,0,416,1,2,419,732,ACTA DE CASILLA,,,
,31,YUCATAN,5,MERIDA,50,MERIDA,265,C,3,0,C03,220,57,4,8,1,8,77,4,1,3,3,0,0,0,0,0,386,0,2,388,732,ACTA DE CASILLA,,,
,31,YUCATAN,5,MERIDA,50,MERIDA,265,C,4,0,C04,259,62,0,6,1,10,63,1,1,5,3,0,0,0,0,0,411,0,1,412,732,ACTA DE CASILLA,,,
,31,YUCATAN,5,MERIDA,50,MERIDA,265,C,5,0,C05,251,69,1,4,1,6,69,1,2,4,0,0,0,0,0,0,408,1,3,412,732,ACTA DE CASILLA,,,
,31,YUCATAN,5,MERIDA,50,MERIDA,265,C,6,0,C06,245,58,3,8,1,9,79,1,2,2,4,0,0,0,0,0,412,0,6,418,732,ACTA DE CASILLA,,,
,31,YUCATAN,5,MERIDA,50,MERIDA,265,C,7,0,C07,293,69,1,3,1,5,72,3,4,2,2,0,0,0,0,0,455,0,11,466,732,ACTA DE CASILLA,,,
,31,YUCATAN,5,MERIDA,50,MERIDA,265,C,8,0,C08,266,74,3,6,1,8,74,2,2,5,1,0,0,0,0,0,442,1,6,449,732,ACTA DE CASILLA,,,
,31,YUCATAN,5,MERIDA,50,MERIDA,265,C,9,0,C09,263,81,4,6,4,12,69,1,0,2,3,0,0,0,0,0,445,1,6,452,732,ACTA DE CASILLA,,,
,31,YUCATAN,5,MERIDA,50,MERIDA,265,C,10,0,C10,238,75,4,9,1,12,73,1,0,4,4,0,0,0,0,0,421,0,4,425,732,ACTA DE CASILLA,,,
,31,YUCATAN,5,MERIDA,50,MERIDA,265,C,11,0,C11,263,51,4,4,2,6,70,4,1,4,1,0,0,0,0,0,410,1,3,414,732,ACTA DE CASILLA,,,
,31,YUCATAN,5,MERIDA,50,MERIDA,265,C,12,0,C12,232,66,2,7,2,16,72,3,2,1,6,0,0,0,0,0,409,0,4,413,732,ACTA DE CASILLA,,,
,31,YUCATAN,5,MERIDA,50,MERIDA,266,B,1,0,B,249,68,2,7,1,9,46,1,5,7,2,0,0,0,0,0,397,0,5,402,695,ACTA DE CASILLA,,,
,31,YUCATAN,5,MERIDA,50,MERIDA,266,C,1,0,C01,247,59,2,7,1,7,52,1,0,0,0,0,0,0,0,0,376,0,2,378,695,ACTA DE CASILLA,,,
,31,YUCATAN,5,MERIDA,50,MERIDA,266,C,2,0,C02,248,36,2,5,1,4,62,1,1,6,1,0,0,0,0,0,367,0,2,369,695,ACTA DE CASILLA,,,
,31,YUCATAN,5,MERIDA,50,MERIDA,266,C,3,0,C03,238,61,2,4,2,15,52,4,1,1,2,0,0,0,0,0,382,1,2,385,695,ACTA DE CASILLA,,,
,31,YUCATAN,5,MERIDA,50,MERIDA,266,C,4,0,C04,236,55,2,4,0,10,49,0,2,1,2,0,0,0,0,0,361,0,4,365,695,ACTA DE CASILLA,,,
,31,YUCATAN,5,MERIDA,50,MERIDA,266,C,5,0,C05,283,49,4,3,2,9,52,1,2,4,1,0,0,0,0,0,410,1,2,413,695,GRUPO DE RECUENTO,,,
,31,YUCATAN,5,MERIDA,50,MERIDA,266,C,6,0,C06,257,36,4,7,3,13,48,4,0,7,3,0,0,0,0,0,382,1,3,386,695,ACTA DE CASILLA,,,
,31,YUCATAN,4,MERIDA,50,MERIDA,267,B,1,0,B,343,78,4,5,1,8,42,2,0,2,4,0,0,0,0,0,489,0,3,492,706,GRUPO DE RECUENTO,,,
,31,YUCATAN,4,MERIDA,50,MERIDA,267,C,1,0,C01,314,58,5,4,0,6,53,3,0,3,1,0,0,1,0,0,448,0,5,453,705,ACTA DE CASILLA,,,
,31,YUCATAN,4,MERIDA,50,MERIDA,267,C,2,0,C02,312,69,5,4,4,5,48,3,0,1,1,0,0,1,0,0,453,0,5,458,705,ACTA DE CASILLA,,,
,31,YUCATAN,4,MERIDA,50,MERIDA,268,B,1,0,B,202,51,2,1,4,5,78,1,0,3,3,0,0,0,0,0,350,0,3,353,643,ACTA DE CASILLA,,,
,31,YUCATAN,4,MERIDA,50,MERIDA,268,C,1,0,C01,227,57,1,6,0,9,85,0,0,1,0,0,0,0,0,0,386,0,7,393,643,ACTA DE CASILLA,,,
,31,YUCATAN,4,MERIDA,50,MERIDA,270,B,1,0,B,147,37,1,4,6,4,71,3,0,1,3,0,0,0,0,0,277,0,10,287,565,ACTA DE CASILLA,,,
,31,YUCATAN,4,MERIDA,50,MERIDA,270,C,1,0,C01,161,41,5,3,0,5,86,1,0,4,3,0,0,0,0,0,309,0,6,315,565,ACTA DE CASILLA,,,
,31,YUCATAN,4,MERIDA,50,MERIDA,270,C,2,0,C02,158,41,6,3,4,7,77,6,0,2,3,0,0,0,0,0,307,0,6,313,564,ACTA DE CASILLA,,,
,31,YUCATAN,4,MERIDA,50,MERIDA,271,B,1,0,B,120,37,3,3,3,4,62,3,0,3,2,0,0,0,0,0,240,0,6,246,501,ACTA DE CASILLA,,,
,31,YUCATAN,4,MERIDA,50,MERIDA,271,C,1,0,C01,115,55,2,2,0,5,62,5,1,3,2,0,0,0,0,0,252,0,4,256,501,ACTA DE CASILLA,,,
,31,YUCATAN,4,MERIDA,50,MERIDA,271,C,2,0,C02,108,37,2,5,0,4,79,5,2,0,1,0,0,1,0,0,244,1,11,256,501,ACTA DE CASILLA,,,
,31,YUCATAN,4,MERIDA,50,MERIDA,272,B,1,0,B,281,80,0,4,0,5,35,1,0,1,1,0,0,0,0,0,408,1,5,414,578,ACTA DE CASILLA,,,
,31,YUCATAN,4,MERIDA,50,MERIDA,272,C,1,0,C01,300,72,4,2,1,5,35,0,0,1,2,0,0,0,0,0,422,0,0,422,578,ACTA DE CASILLA,,,
,31,YUCATAN,4,MERIDA,50,MERIDA,273,B,1,0,B,177,44,1,3,1,3,29,0,1,2,0,0,0,0,0,0,261,0,2,263,419,ACTA DE CASILLA,,,
,31,YUCATAN,4,MERIDA,50,MERIDA,273,C,1,0,C01,161,39,1,2,1,12,34,2,1,2,0,0,0,1,0,0,256,0,3,259,419,ACTA DE CASILLA,,,
,31,YUCATAN,4,MERIDA,50,MERIDA,274,B,1,0,B,339,101,1,5,1,3,52,2,1,1,0,0,0,0,0,0,506,0,4,510,669,ACTA DE CASILLA,,,
,31,YUCATAN,4,MERIDA,50,MERIDA,274,C,1,0,C01,354,78,4,1,0,11,39,1,0,1,0,0,0,0,0,0,489,0,5,494,669,ACTA DE CASILLA,,,
,31,YUCATAN,5,MERIDA,50,MERIDA,275,B,1,0,B,335,67,4,4,2,9,32,1,0,1,1,0,0,0,0,0,456,1,2,459,642,ACTA DE CASILLA,,,
,31,YUCATAN,5,MERIDA,50,MERIDA,275,C,1,0,C01,337,54,2,6,0,6,27,2,0,3,0,0,0,0,0,0,437,0,2,439,641,ACTA DE CASILLA,,,
,31,YUCATAN,5,MERIDA,50,MERIDA,275,C,2,0,C02,374,47,1,4,1,1,33,0,0,1,0,0,0,0,0,0,462,0,3,465,641,ACTA DE CASILLA,,,
,31,YUCATAN,5,MERIDA,50,MERIDA,275,C,3,0,C03,342,58,3,2,0,8,34,1,1,2,0,0,0,0,0,0,451,0,4,455,641,ACTA DE CASILLA,,,
,31,YUCATAN,5,MERIDA,50,MERIDA,276,B,1,0,B,282,61,3,8,0,14,57,2,0,0,0,0,0,0,0,0,427,1,4,432,663,ACTA DE CASILLA,,,
,31,YUCATAN,5,MERIDA,50,MERIDA,276,C,1,0,C01,298,35,4,4,6,8,56,2,0,3,1,0,0,0,0,0,417,0,4,421,663,ACTA DE CASILLA,,,
,31,YUCATAN,5,MERIDA,50,MERIDA,276,C,2,0,C02,273,59,2,3,2,12,67,0,2,0,1,0,0,0,0,0,421,0,0,421,663,ACTA DE CASILLA,,,
,31,YUCATAN,5,MERIDA,50,MERIDA,277,B,1,0,B,254,53,7,9,1,14,72,2,4,5,4,0,0,0,0,0,425,1,10,436,689,ACTA DE CASILLA,,,
,31,YUCATAN,5,MERIDA,50,MERIDA,277,C,1,0,C01,239,42,3,10,0,12,57,4,2,5,2,0,0,0,0,0,376,0,5,381,689,ACTA DE CASILLA,,,
,31,YUCATAN,5,MERIDA,50,MERIDA,277,C,2,0,C02,20,2,0,0,0,0,4,2,3,2,1,0,0,0,0,0,34,0,3,37,688,ACTA DE CASILLA,,,
,31,YUCATAN,5,MERIDA,50,MERIDA,277,C,3,0,C03,227,75,2,6,1,14,51,1,0,0,0,0,0,0,0,0,377,0,4,381,688,ACTA DE CASILLA,,,
,31,YUCATAN,5,MERIDA,50,MERIDA,277,C,4,0,C04,3,0,0,0,0,0,0,0,0,0,0,0,0,0,0,0,3,0,4,7,688,ACTA DE CASILLA,,,
,31,YUCATAN,5,MERIDA,50,MERIDA,277,S,1,0,SMR01,243,48,3,7,1,9,71,0,2,1,1,0,0,0,0,0,386,0,0,386,0,ACTA DE CASILLA,,,
,31,YUCATAN,5,MERIDA,50,MERIDA,277,S,2,0,SMR02,267,54,1,7,1,11,54,3,2,2,0,0,0,0,0,0,402,0,0,402,0,ACTA DE CASILLA,,,
,31,YUCATAN,5,MERIDA,50,MERIDA,278,B,1,0,B,142,56,6,3,3,15,91,1,2,10,4,0,0,0,0,0,333,0,11,344,722,ACTA DE CASILLA,,,
,31,YUCATAN,5,MERIDA,50,MERIDA,278,C,1,0,C01,150,48,1,8,2,12,96,3,3,6,1,0,0,0,0,0,330,1,5,336,722,ACTA DE CASILLA,,,
,31,YUCATAN,5,MERIDA,50,MERIDA,278,C,2,0,C02,132,33,3,9,2,14,71,1,1,7,2,0,0,0,0,0,275,0,4,279,721,ACTA DE CASILLA,,,
,31,YUCATAN,5,MERIDA,50,MERIDA,278,C,3,0,C03,143,52,1,10,2,8,85,3,2,7,5,0,0,0,0,0,318,0,4,322,721,GRUPO DE RECUENTO,,,
,31,YUCATAN,5,MERIDA,50,MERIDA,278,C,4,0,C04,140,47,3,3,5,11,80,5,3,6,1,0,0,0,0,0,304,0,12,316,721,ACTA DE CASILLA,,,
,31,YUCATAN,5,MERIDA,50,MERIDA,278,C,5,0,C05,148,59,3,8,3,7,66,4,2,8,0,0,0,0,0,0,308,0,2,310,721,ACTA DE CASILLA,,,
,31,YUCATAN,5,MERIDA,50,MERIDA,278,C,6,0,C06,129,59,2,3,1,3,85,6,3,5,3,0,0,0,0,0,299,0,10,309,721,ACTA DE CASILLA,,,
,31,YUCATAN,5,MERIDA,50,MERIDA,278,C,7,0,C07,153,53,1,8,2,14,81,3,4,5,3,0,0,0,0,0,327,0,6,333,721,ACTA DE CASILLA,,,
,31,YUCATAN,5,MERIDA,50,MERIDA,278,C,8,0,C08,164,49,3,3,4,10,82,2,1,10,0,0,0,0,0,0,328,0,6,334,721,ACTA DE CASILLA,,,
,31,YUCATAN,5,MERIDA,50,MERIDA,279,B,1,0,B,266,71,7,6,1,4,59,1,1,3,0,0,0,0,0,0,419,1,4,424,606,ACTA DE CASILLA,,,
,31,YUCATAN,5,MERIDA,50,MERIDA,279,C,1,0,C01,248,88,2,3,2,7,53,4,3,0,0,0,0,0,0,0,410,0,5,415,605,ACTA DE CASILLA,,,
,31,YUCATAN,5,MERIDA,50,MERIDA,280,B,1,0,B,249,59,5,0,1,2,42,1,0,4,1,0,0,0,0,0,364,0,10,374,558,GRUPO DE RECUENTO,,,
,31,YUCATAN,5,MERIDA,50,MERIDA,280,C,1,0,C01,250,73,3,5,1,4,61,1,0,3,1,0,0,0,0,0,402,1,4,407,558,ACTA DE CASILLA,,,
,31,YUCATAN,5,MERIDA,50,MERIDA,281,B,1,0,B,171,52,2,4,0,2,56,2,0,0,3,0,0,0,0,0,292,1,4,297,463,ACTA DE CASILLA,,,
,31,YUCATAN,5,MERIDA,50,MERIDA,281,C,1,0,C01,187,50,1,2,0,5,40,1,0,2,2,0,0,0,0,0,290,0,0,290,463,GRUPO DE RECUENTO,,,
,31,YUCATAN,5,MERIDA,50,MERIDA,282,B,1,0,B,196,65,0,3,0,8,70,4,4,3,1,0,0,0,0,0,354,0,4,358,643,ACTA DE CASILLA,,,
,31,YUCATAN,5,MERIDA,50,MERIDA,282,C,1,0,C01,194,49,2,2,1,6,79,1,3,6,2,0,0,0,0,0,345,0,0,345,642,ACTA DE CASILLA,,,
,31,YUCATAN,5,MERIDA,50,MERIDA,283,B,1,0,B,154,80,2,7,1,7,51,2,0,1,0,0,0,0,0,0,305,1,6,312,480,GRUPO DE RECUENTO,,,
,31,YUCATAN,5,MERIDA,50,MERIDA,283,C,1,0,C01,184,57,1,7,2,1,44,5,1,1,2,0,0,0,0,0,305,1,2,308,480,GRUPO DE RECUENTO,,,
,31,YUCATAN,4,MERIDA,50,MERIDA,284,B,1,0,B,362,89,6,2,0,7,42,7,0,0,0,0,0,0,0,0,515,2,11,528,743,ACTA DE CASILLA,,,
,31,YUCATAN,4,MERIDA,50,MERIDA,285,B,1,0,B,159,57,0,4,2,9,94,3,2,2,2,0,0,0,0,0,334,1,10,345,630,ACTA DE CASILLA,,,
,31,YUCATAN,4,MERIDA,50,MERIDA,285,C,1,0,C01,145,50,0,3,1,9,86,1,2,6,1,0,0,0,0,0,304,1,16,321,629,ACTA DE CASILLA,,,
,31,YUCATAN,4,MERIDA,50,MERIDA,286,B,1,0,B,145,53,0,3,2,4,68,2,1,4,2,0,0,0,0,0,284,0,8,292,560,ACTA DE CASILLA,,,
,31,YUCATAN,4,MERIDA,50,MERIDA,286,C,1,0,C01,165,46,4,1,3,1,63,6,2,5,3,0,0,1,0,0,300,0,8,308,559,ACTA DE CASILLA,,,
,31,YUCATAN,4,MERIDA,50,MERIDA,287,B,1,0,B,229,74,2,5,1,5,98,3,2,4,0,0,0,0,0,0,423,0,13,436,738,ACTA DE CASILLA,,,
,31,YUCATAN,4,MERIDA,50,MERIDA,287,C,1,0,C01,264,62,5,2,0,6,79,3,0,0,2,0,0,0,0,0,423,0,9,432,737,ACTA DE CASILLA,,,
,31,YUCATAN,4,MERIDA,50,MERIDA,288,B,1,0,B,231,46,2,2,3,7,70,2,2,4,5,0,0,0,0,0,374,1,5,380,712,ACTA DE CASILLA,,,
,31,YUCATAN,4,MERIDA,50,MERIDA,288,C,1,0,C01,202,50,8,8,2,10,65,1,1,5,2,0,0,0,0,0,354,0,3,357,711,ACTA DE CASILLA,,,
,31,YUCATAN,4,MERIDA,50,MERIDA,288,C,2,0,C02,219,46,5,5,1,11,68,2,2,1,3,0,0,0,0,0,363,0,8,371,711,GRUPO DE RECUENTO,,,
,31,YUCATAN,4,MERIDA,50,MERIDA,288,C,3,0,C03,219,43,3,3,3,11,89,0,2,8,3,0,0,0,0,0,384,0,10,394,711,ACTA DE CASILLA,,,
,31,YUCATAN,4,MERIDA,50,MERIDA,288,C,4,0,C04,220,51,5,4,2,11,86,2,0,4,3,0,0,1,0,0,389,0,9,398,711,ACTA DE CASILLA,,,
,31,YUCATAN,4,MERIDA,50,MERIDA,289,B,1,0,B,113,39,1,4,1,18,78,5,1,5,2,0,0,0,0,0,267,1,15,283,643,ACTA DE CASILLA,,,
,31,YUCATAN,4,MERIDA,50,MERIDA,289,C,1,0,C01,94,58,0,3,2,6,88,10,4,4,3,0,0,0,0,0,272,0,7,279,643,GRUPO DE RECUENTO,,,
,31,YUCATAN,4,MERIDA,50,MERIDA,289,C,2,0,C02,115,35,1,4,2,11,67,1,2,10,1,0,0,0,0,0,249,0,6,255,642,ACTA DE CASILLA,,,
,31,YUCATAN,4,MERIDA,50,MERIDA,289,C,3,0,C03,111,53,0,4,1,14,79,4,0,5,2,0,0,0,0,0,273,0,3,276,642,ACTA DE CASILLA,,,
,31,YUCATAN,4,MERIDA,50,MERIDA,289,C,4,0,C04,126,32,3,6,3,9,95,6,2,5,4,0,0,0,0,0,291,0,6,297,642,ACTA DE CASILLA,,,
,31,YUCATAN,4,MERIDA,50,MERIDA,289,C,5,0,C05,110,44,1,5,3,12,85,11,1,1,4,0,0,0,0,0,277,0,3,280,642,ACTA DE CASILLA,,,
,31,YUCATAN,4,MERIDA,50,MERIDA,290,B,1,0,B,138,67,3,5,0,6,53,6,1,3,2,0,0,0,0,0,284,0,9,293,553,ACTA DE CASILLA,,,
,31,YUCATAN,4,MERIDA,50,MERIDA,290,C,1,0,C01,124,37,4,5,5,9,73,5,2,3,0,0,0,0,0,0,267,0,12,279,553,ACTA DE CASILLA,,,
,31,YUCATAN,4,MERIDA,50,MERIDA,291,B,1,0,B,236,79,5,4,6,9,73,5,0,2,1,0,0,0,0,0,420,0,11,431,691,ACTA DE CASILLA,,,
,31,YUCATAN,4,MERIDA,50,MERIDA,291,C,1,0,C01,239,65,6,7,3,10,83,5,0,3,3,0,0,0,0,0,424,1,9,434,691,ACTA DE CASILLA,,,
,31,YUCATAN,4,MERIDA,50,MERIDA,291,C,2,0,C02,247,59,4,2,4,5,75,3,0,4,2,0,0,0,0,0,405,0,5,410,691,ACTA DE CASILLA,,,
,31,YUCATAN,4,MERIDA,50,MERIDA,292,B,1,0,B,165,65,3,4,2,5,45,3,0,1,0,0,0,0,0,0,293,0,6,299,514,ACTA DE CASILLA,,,
,31,YUCATAN,4,MERIDA,50,MERIDA,292,C,1,0,C01,158,53,0,1,4,9,53,4,1,5,0,0,0,0,0,0,288,0,6,294,513,ACTA DE CASILLA,,,
,31,YUCATAN,4,MERIDA,50,MERIDA,292,C,2,0,C02,183,44,1,1,0,10,53,2,1,9,3,0,0,0,0,0,307,0,7,314,513,ACTA DE CASILLA,,,
,31,YUCATAN,4,MERIDA,50,MERIDA,293,B,1,0,B,151,53,0,5,2,7,79,2,1,1,0,0,0,0,0,0,301,1,5,307,508,ACTA DE CASILLA,,,
,31,YUCATAN,4,MERIDA,50,MERIDA,293,C,1,0,C01,162,37,3,3,2,11,72,1,4,2,0,0,0,0,0,0,297,0,4,301,507,ACTA DE CASILLA,,,
,31,YUCATAN,4,MERIDA,50,MERIDA,294,B,1,0,B,159,57,3,2,2,11,83,8,2,1,4,0,0,0,0,0,332,4,12,348,556,ACTA DE CASILLA,,,
,31,YUCATAN,4,MERIDA,50,MERIDA,294,C,1,0,C01,133,56,5,4,5,6,69,11,1,2,1,0,0,0,0,0,293,0,11,304,555,ACTA DE CASILLA,,,
,31,YUCATAN,4,MERIDA,50,MERIDA,295,B,1,0,B,203,47,3,2,2,11,56,2,2,0,1,0,0,0,0,0,329,1,6,336,514,ACTA DE CASILLA,,,
,31,YUCATAN,4,MERIDA,50,MERIDA,295,C,1,0,C01,198,47,1,2,0,6,57,4,0,2,1,0,0,0,0,0,318,0,5,323,514,ACTA DE CASILLA,,,
,31,YUCATAN,4,MERIDA,50,MERIDA,295,C,2,0,C02,179,42,3,4,3,3,51,3,3,1,0,0,0,0,0,0,292,0,7,299,513,ACTA DE CASILLA,,,
,31,YUCATAN,4,MERIDA,50,MERIDA,296,B,1,0,B,196,43,1,2,0,4,21,0,0,2,1,0,0,0,0,0,270,0,1,271,378,ACTA DE CASILLA,,,
,31,YUCATAN,4,MERIDA,50,MERIDA,296,C,1,0,C01,185,47,2,2,3,2,28,1,0,1,0,0,0,0,0,0,271,1,5,277,377,ACTA DE CASILLA,,,
,31,YUCATAN,5,MERIDA,50,MERIDA,297,B,1,0,B,173,43,2,4,1,2,64,1,1,1,1,0,0,0,0,0,293,0,3,296,494,ACTA DE CASILLA,,,
,31,YUCATAN,5,MERIDA,50,MERIDA,297,C,1,0,C01,221,48,1,4,1,3,52,7,3,3,1,0,0,0,0,0,344,0,3,347,493,ACTA DE CASILLA,,,
,31,YUCATAN,5,MERIDA,50,MERIDA,298,B,1,0,B,328,91,4,3,6,19,57,2,0,3,1,0,0,0,0,0,514,1,2,517,741,ACTA DE CASILLA,,,
,31,YUCATAN,5,MERIDA,50,MERIDA,298,C,1,0,C01,343,75,2,4,1,17,39,2,0,0,1,0,0,0,0,0,484,0,0,484,741,ACTA DE CASILLA,,,
,31,YUCATAN,5,MERIDA,50,MERIDA,298,C,2,0,C02,325,84,6,5,1,4,63,1,0,3,1,0,0,0,0,0,493,1,1,495,740,ACTA DE CASILLA,,,
,31,YUCATAN,5,MERIDA,50,MERIDA,299,B,1,0,B,153,73,2,5,3,9,75,1,3,4,1,0,0,0,0,0,329,1,2,332,591,ACTA DE CASILLA,,,
,31,YUCATAN,5,MERIDA,50,MERIDA,299,C,1,0,C01,184,63,2,4,2,6,74,2,1,3,0,0,0,0,0,0,341,0,4,345,590,GRUPO DE RECUENTO,,,
,31,YUCATAN,5,MERIDA,50,MERIDA,299,C,2,0,C02,163,52,1,6,1,3,95,2,2,1,1,0,0,0,0,0,327,0,4,331,590,ACTA DE CASILLA,,,
,31,YUCATAN,5,MERIDA,50,MERIDA,300,B,1,0,B,103,25,1,4,2,5,44,2,2,4,2,0,0,0,0,0,194,1,5,200,388,GRUPO DE RECUENTO,,,
,31,YUCATAN,5,MERIDA,50,MERIDA,300,C,1,0,C01,110,30,3,4,1,1,52,0,1,4,1,0,0,0,0,0,207,0,2,209,388,ACTA DE CASILLA,,,
,31,YUCATAN,5,MERIDA,50,MERIDA,301,B,1,0,B,231,57,3,7,1,5,40,1,1,2,0,0,0,0,0,0,348,0,5,353,533,GRUPO DE RECUENTO,,,
,31,YUCATAN,5,MERIDA,50,MERIDA,301,C,1,0,C01,232,74,2,6,0,4,55,1,0,4,0,0,0,0,0,0,378,1,3,382,532,GRUPO DE RECUENTO,,,
,31,YUCATAN,5,MERIDA,50,MERIDA,302,B,1,0,B,227,69,4,4,2,5,55,5,0,2,0,0,0,0,0,0,373,0,4,377,598,ACTA DE CASILLA,,,
,31,YUCATAN,5,MERIDA,50,MERIDA,302,C,1,0,C01,248,49,3,3,1,9,46,0,0,4,0,0,0,0,0,0,363,1,4,368,598,ACTA DE CASILLA,,,
,31,YUCATAN,5,MERIDA,50,MERIDA,302,C,2,0,C02,227,58,4,2,1,7,57,2,1,3,2,0,0,0,0,0,364,0,2,366,597,ACTA DE CASILLA,,,
,31,YUCATAN,5,MERIDA,50,MERIDA,302,C,3,0,C03,244,65,5,3,6,6,58,0,1,1,3,0,0,0,0,0,392,0,12,404,597,ACTA DE CASILLA,,,
,31,YUCATAN,5,MERIDA,50,MERIDA,303,B,1,0,B,154,66,3,4,1,17,89,3,1,10,3,0,0,0,0,0,351,1,10,362,740,GRUPO DE RECUENTO,,,
,31,YUCATAN,5,MERIDA,50,MERIDA,303,C,1,0,C01,155,54,14,5,1,16,95,2,0,3,2,0,0,0,0,0,347,1,2,350,740,GRUPO DE RECUENTO,,,
,31,YUCATAN,5,MERIDA,50,MERIDA,303,C,2,0,C02,142,62,1,9,5,12,93,6,1,7,0,0,0,0,0,0,338,0,4,342,739,ACTA DE CASILLA,,,
,31,YUCATAN,5,MERIDA,50,MERIDA,303,C,3,0,C03,147,58,9,7,1,10,86,3,1,8,1,0,0,0,0,0,331,0,10,341,739,ACTA DE CASILLA,,,
,31,YUCATAN,5,MERIDA,50,MERIDA,303,C,4,0,C04,164,61,7,6,5,13,91,1,3,3,3,0,0,0,0,0,357,0,4,361,739,ACTA DE CASILLA,,,
,31,YUCATAN,5,MERIDA,50,MERIDA,303,C,5,0,C05,137,45,3,6,4,16,108,6,2,7,2,0,0,0,0,0,336,0,6,342,739,GRUPO DE RECUENTO,,,
,31,YUCATAN,5,MERIDA,50,MERIDA,303,C,6,0,C06,124,50,5,7,1,19,99,7,2,3,1,0,0,0,0,0,318,0,10,328,739,GRUPO DE RECUENTO,,,
,31,YUCATAN,5,MERIDA,50,MERIDA,303,C,7,0,C07,156,51,2,6,4,15,87,2,1,6,2,0,0,0,0,0,332,0,6,338,739,ACTA DE CASILLA,,,
,31,YUCATAN,5,MERIDA,50,MERIDA,303,C,8,0,C08,148,50,7,7,2,8,106,5,2,2,1,0,0,0,0,0,338,1,3,342,739,ACTA DE CASILLA,,,
,31,YUCATAN,5,MERIDA,50,MERIDA,303,C,9,0,C09,162,57,4,7,6,12,88,6,0,4,5,0,0,0,0,0,351,2,10,363,739,ACTA DE CASILLA,,,
,31,YUCATAN,5,MERIDA,50,MERIDA,303,C,10,0,C10,161,60,5,2,2,9,67,11,3,7,1,0,0,0,0,0,328,0,10,338,739,ACTA DE CASILLA,,,
,31,YUCATAN,5,MERIDA,50,MERIDA,304,B,1,0,B,147,40,0,5,0,13,61,1,2,2,1,0,0,0,0,0,272,0,12,284,491,ACTA DE CASILLA,,,
,31,YUCATAN,5,MERIDA,50,MERIDA,304,C,1,0,C01,158,57,10,7,3,11,54,3,1,6,1,0,0,0,0,0,311,0,6,317,491,GRUPO DE RECUENTO,,,
,31,YUCATAN,5,MERIDA,50,MERIDA,305,B,1,0,B,260,66,3,7,2,4,37,0,1,5,1,0,0,0,0,0,386,0,4,390,668,ACTA DE CASILLA,,,
,31,YUCATAN,5,MERIDA,50,MERIDA,305,C,1,0,C01,273,61,3,1,2,6,48,2,0,4,0,0,0,0,0,0,400,0,11,411,667,GRUPO DE RECUENTO,,,
,31,YUCATAN,5,MERIDA,50,MERIDA,306,B,1,0,B,332,78,1,6,0,10,23,1,1,8,0,0,0,0,0,0,460,0,3,463,623,ACTA DE CASILLA,,,
,31,YUCATAN,4,MERIDA,50,MERIDA,307,B,1,0,B,200,61,1,2,0,4,14,1,4,1,0,0,0,0,0,0,288,0,1,289,406,ACTA DE CASILLA,,,
,31,YUCATAN,4,MERIDA,50,MERIDA,307,C,1,0,C01,194,57,1,5,0,4,8,3,0,2,2,0,0,0,0,0,276,0,0,276,406,ACTA DE CASILLA,,,
,31,YUCATAN,3,MERIDA,50,MERIDA,308,B,1,0,B,154,60,3,7,5,11,89,2,2,8,5,0,0,1,0,0,347,0,6,353,747,ACTA DE CASILLA,,,
,31,YUCATAN,3,MERIDA,50,MERIDA,308,C,1,0,C01,162,68,7,7,6,10,106,2,1,6,4,0,0,0,0,0,379,1,8,388,746,GRUPO DE RECUENTO,,,
,31,YUCATAN,3,MERIDA,50,MERIDA,308,C,2,0,C02,152,4,1,6,1,10,95,5,3,5,2,0,0,0,0,0,284,0,8,292,746,ACTA DE CASILLA,,,
,31,YUCATAN,3,MERIDA,50,MERIDA,308,C,3,0,C03,166,59,3,8,2,13,92,7,0,5,5,0,0,0,0,0,360,2,9,371,746,ACTA DE CASILLA,,,
,31,YUCATAN,3,MERIDA,50,MERIDA,308,C,4,0,C04,152,72,0,9,1,11,109,5,0,2,1,0,0,0,0,0,362,0,4,366,746,ACTA DE CASILLA,,,
,31,YUCATAN,3,MERIDA,50,MERIDA,308,C,5,0,C05,148,99,2,5,2,15,73,1,1,5,2,0,0,0,0,1,354,2,7,363,746,ACTA DE CASILLA,,,
,31,YUCATAN,3,MERIDA,50,MERIDA,308,C,6,0,C06,160,74,2,12,2,13,113,3,1,6,3,0,0,0,0,0,389,2,10,401,746,ACTA DE CASILLA,,,
,31,YUCATAN,3,MERIDA,50,MERIDA,308,C,7,0,C07,146,53,4,11,7,9,97,3,0,9,1,0,0,0,0,0,340,1,8,349,746,ACTA DE CASILLA,,,
,31,YUCATAN,3,MERIDA,50,MERIDA,308,C,8,0,C08,137,58,1,8,7,14,145,4,2,4,2,0,0,1,0,0,383,1,6,390,746,GRUPO DE RECUENTO,,,
,31,YUCATAN,3,MERIDA,50,MERIDA,308,C,9,0,C09,168,58,5,8,5,20,114,11,3,10,0,0,0,0,0,0,402,0,6,408,746,ACTA DE CASILLA,,,
,31,YUCATAN,3,MERIDA,50,MERIDA,308,C,10,0,C10,148,49,0,10,3,11,111,5,1,5,3,0,0,0,0,0,346,1,8,355,746,GRUPO DE RECUENTO,,,
,31,YUCATAN,3,MERIDA,50,MERIDA,309,B,1,0,B,48,100,1,4,3,2,73,6,2,6,7,0,0,0,0,0,252,0,7,259,507,GRUPO DE RECUENTO,,,
,31,YUCATAN,3,MERIDA,50,MERIDA,309,C,1,0,C01,63,57,4,1,4,10,83,5,1,2,2,0,0,0,0,0,232,1,3,236,507,ACTA DE CASILLA,,,
,31,YUCATAN,3,MERIDA,50,MERIDA,310,B,1,0,B,101,95,4,7,3,9,99,6,2,5,3,0,0,0,0,0,334,4,4,342,633,ACTA DE CASILLA,,,
,31,YUCATAN,3,MERIDA,50,MERIDA,310,C,1,0,C01,107,96,2,11,6,6,81,4,0,7,2,0,0,0,0,0,322,2,8,332,632,ACTA DE CASILLA,,,
,31,YUCATAN,2,MERIDA,50,MERIDA,311,B,1,0,B,171,58,6,10,5,11,84,3,2,1,4,0,0,0,0,0,355,,9,364,645,ACTA DE CASILLA,,,
,31,YUCATAN,2,MERIDA,50,MERIDA,311,C,1,0,C01,169,51,2,7,1,9,71,3,2,3,1,0,0,0,0,0,319,1,5,325,645,ACTA DE CASILLA,,,
,31,YUCATAN,2,MERIDA,50,MERIDA,311,C,2,0,C02,163,67,5,10,4,11,72,0,2,1,5,0,0,0,0,0,340,1,9,350,645,ACTA DE CASILLA,,,
,31,YUCATAN,2,MERIDA,50,MERIDA,311,C,3,0,C03,196,63,2,12,4,12,75,1,1,1,4,0,0,0,0,0,371,0,8,379,645,ACTA DE CASILLA,,,
,31,YUCATAN,2,MERIDA,50,MERIDA,311,C,4,0,C04,160,57,9,6,3,10,85,1,1,6,3,0,0,0,0,0,341,1,4,346,644,ACTA DE CASILLA,,,
,31,YUCATAN,2,MERIDA,50,MERIDA,312,B,1,0,B,126,32,0,1,1,6,72,1,1,2,1,0,0,0,0,0,243,0,5,248,409,ACTA DE CASILLA,,,
,31,YUCATAN,2,MERIDA,50,MERIDA,312,C,1,0,C01,142,43,2,2,2,4,51,1,0,0,1,0,0,0,0,0,248,0,2,250,408,ACTA DE CASILLA,,,
,31,YUCATAN,2,MERIDA,50,MERIDA,313,B,1,0,B,101,60,1,6,0,10,98,8,0,2,1,0,0,0,0,0,287,0,9,296,529,ACTA DE CASILLA,,,
,31,YUCATAN,2,MERIDA,50,MERIDA,313,C,1,0,C01,129,52,2,8,1,14,81,2,2,4,2,0,0,0,0,0,297,0,5,302,529,ACTA DE CASILLA,,,
,31,YUCATAN,2,MERIDA,50,MERIDA,314,B,1,0,B,122,57,4,4,7,3,67,1,1,2,2,0,0,0,0,0,270,0,7,277,501,ACTA DE CASILLA,,,
,31,YUCATAN,2,MERIDA,50,MERIDA,314,C,1,0,C01,111,32,0,4,2,7,80,1,2,0,0,0,0,0,0,0,239,1,10,250,501,ACTA DE CASILLA,,,
,31,YUCATAN,2,MERIDA,50,MERIDA,315,B,1,0,B,108,55,2,2,0,6,84,3,0,1,2,0,0,0,0,0,263,1,5,269,468,ACTA DE CASILLA,,,
,31,YUCATAN,2,MERIDA,50,MERIDA,315,C,1,0,C01,123,43,0,8,1,10,69,5,0,2,1,0,0,0,0,0,262,0,5,267,467,ACTA DE CASILLA,,,
,31,YUCATAN,2,MERIDA,50,MERIDA,316,B,1,0,B,173,47,5,4,0,9,67,1,0,1,1,0,0,0,0,0,308,0,5,313,484,ACTA DE CASILLA,,,
,31,YUCATAN,2,MERIDA,50,MERIDA,316,C,1,0,C01,188,50,3,3,1,12,39,0,1,3,1,0,0,0,0,0,301,0,4,305,484,GRUPO DE RECUENTO,,,
,31,YUCATAN,4,MERIDA,50,MERIDA,317,B,1,0,B,341,81,2,6,1,11,44,0,0,0,1,0,0,0,0,0,487,0,9,496,715,ACTA DE CASILLA,,,
,31,YUCATAN,5,MERIDA,50,MERIDA,318,B,1,0,B,276,59,2,4,2,8,25,0,0,3,0,0,0,0,0,0,379,0,2,381,604,ACTA DE CASILLA,,,
,31,YUCATAN,5,MERIDA,50,MERIDA,319,B,1,0,B,213,50,2,3,1,5,55,2,3,4,2,0,0,0,0,0,340,1,3,344,524,ACTA DE CASILLA,,,
,31,YUCATAN,5,MERIDA,50,MERIDA,319,C,1,0,C01,179,60,4,4,1,5,47,2,2,0,2,0,0,0,0,0,306,0,4,310,523,ACTA DE CASILLA,,,
,31,YUCATAN,5,MERIDA,50,MERIDA,320,B,1,0,B,110,63,1,4,1,4,67,3,5,2,2,0,0,0,0,0,262,0,5,267,471,GRUPO DE RECUENTO,,,
,31,YUCATAN,5,MERIDA,50,MERIDA,320,C,1,0,C01,97,81,1,6,1,10,50,0,1,3,1,0,0,0,0,0,251,2,5,258,470,ACTA DE CASILLA,,,
,31,YUCATAN,5,MERIDA,50,MERIDA,321,B,1,0,B,254,86,5,4,1,9,50,0,0,5,3,0,0,0,0,0,417,0,2,419,604,ACTA DE CASILLA,,,
,31,YUCATAN,5,MERIDA,50,MERIDA,321,C,1,0,C01,278,61,1,3,0,7,45,0,0,2,1,0,0,0,0,0,398,0,2,400,603,ACTA DE CASILLA,,,
,31,YUCATAN,5,MERIDA,50,MERIDA,322,B,1,0,B,167,66,1,7,2,12,67,2,1,3,0,0,0,0,0,0,328,0,5,333,572,ACTA DE CASILLA,,,
,31,YUCATAN,5,MERIDA,50,MERIDA,322,C,1,0,C01,164,57,0,2,4,5,86,11,1,1,0,0,0,0,0,0,331,0,12,343,572,GRUPO DE RECUENTO,,,
,31,YUCATAN,5,MERIDA,50,MERIDA,322,C,2,0,C02,167,58,3,5,2,12,78,2,2,5,1,0,0,0,0,0,335,0,5,340,571,ACTA DE CASILLA,,,
,31,YUCATAN,5,MERIDA,50,MERIDA,323,B,1,0,B,180,42,2,8,5,6,58,2,2,2,4,0,0,0,0,0,311,0,1,312,512,ACTA DE CASILLA,,,
,31,YUCATAN,5,MERIDA,50,MERIDA,323,C,1,0,C01,159,55,2,4,5,8,87,2,0,3,0,0,0,0,0,0,325,0,6,331,511,GRUPO DE RECUENTO,,,
,31,YUCATAN,5,MERIDA,50,MERIDA,324,B,1,0,B,77,57,6,2,3,3,111,2,4,7,4,0,0,0,0,0,276,1,10,287,555,GRUPO DE RECUENTO,,,
,31,YUCATAN,5,MERIDA,50,MERIDA,324,C,1,0,C01,86,49,0,9,2,11,107,5,1,5,1,0,0,0,0,0,276,0,3,279,554,GRUPO DE RECUENTO,,,
,31,YUCATAN,5,MERIDA,50,MERIDA,325,B,1,0,B,111,35,1,5,3,4,97,5,3,3,1,0,0,0,0,0,268,0,6,274,623,ACTA DE CASILLA,,,
,31,YUCATAN,5,MERIDA,50,MERIDA,325,C,1,0,C01,101,34,4,6,4,6,88,4,1,7,3,0,0,0,0,0,258,1,6,265,622,ACTA DE CASILLA,,,
,31,YUCATAN,5,MERIDA,50,MERIDA,325,C,2,0,C02,99,39,1,4,3,7,91,3,4,2,2,0,0,0,0,0,255,0,6,261,622,GRUPO DE RECUENTO,,,
,31,YUCATAN,5,MERIDA,50,MERIDA,325,C,3,0,C03,107,33,4,3,3,13,112,1,0,5,2,0,0,0,0,0,283,0,11,294,622,ACTA DE CASILLA,,,
,31,YUCATAN,5,MERIDA,50,MERIDA,326,B,1,0,B,216,47,1,4,1,13,61,2,2,5,2,0,0,0,0,0,354,0,3,357,544,ACTA DE CASILLA,,,
,31,YUCATAN,5,MERIDA,50,MERIDA,326,C,1,0,C01,194,48,3,7,3,10,70,2,1,1,1,0,0,0,0,0,340,0,4,344,543,ACTA DE CASILLA,,,
,31,YUCATAN,5,MERIDA,50,MERIDA,327,B,1,0,B,133,47,1,4,3,6,78,8,0,1,1,0,0,0,0,0,282,0,10,292,514,ACTA DE CASILLA,,,
,31,YUCATAN,5,MERIDA,50,MERIDA,327,C,1,0,C01,148,49,3,6,10,6,87,4,2,2,2,0,0,0,0,0,319,0,6,325,514,ACTA DE CASILLA,,,
,31,YUCATAN,5,MERIDA,50,MERIDA,327,C,2,0,C02,118,55,2,6,5,7,76,3,1,5,5,0,0,0,0,0,283,0,6,289,514,ACTA DE CASILLA,,,
,31,YUCATAN,5,MERIDA,50,MERIDA,328,B,1,0,B,166,67,2,3,2,1,52,0,2,4,0,0,0,0,0,0,299,0,8,307,473,ACTA DE CASILLA,,,
,31,YUCATAN,5,MERIDA,50,MERIDA,328,C,1,0,C01,172,49,3,3,1,8,62,2,1,2,0,0,0,0,0,0,303,0,3,306,473,ACTA DE CASILLA,,,
,31,YUCATAN,5,MERIDA,50,MERIDA,329,B,1,0,B,182,51,5,1,2,7,61,2,0,0,0,0,0,0,0,0,311,0,1,312,480,ACTA DE CASILLA,,,
,31,YUCATAN,5,MERIDA,50,MERIDA,329,C,1,0,C01,177,56,4,4,1,17,52,3,0,1,0,0,0,0,0,0,315,0,9,324,480,ACTA DE CASILLA,,,
,31,YUCATAN,5,MERIDA,50,MERIDA,330,B,1,0,B,259,87,1,5,4,5,60,4,2,1,0,0,0,0,0,0,428,0,5,433,671,ACTA DE CASILLA,,,
,31,YUCATAN,5,MERIDA,50,MERIDA,331,B,1,0,B,132,60,4,5,3,4,46,0,1,0,0,0,0,0,0,0,255,0,4,259,416,ACTA DE CASILLA,,,
,31,YUCATAN,5,MERIDA,50,MERIDA,331,C,1,0,C01,141,60,60,1,1,3,4,2,0,0,36,0,0,0,0,0,308,0,10,318,415,GRUPO DE RECUENTO,,,
,31,YUCATAN,5,MERIDA,50,MERIDA,332,B,1,0,B,147,45,6,6,0,5,35,1,0,0,0,0,0,0,0,0,245,1,2,248,382,ACTA DE CASILLA,,,
,31,YUCATAN,5,MERIDA,50,MERIDA,332,C,1,0,C01,145,44,3,3,2,3,41,0,0,0,2,0,0,0,0,0,243,0,2,245,382,ACTA DE CASILLA,,,
,31,YUCATAN,5,MERIDA,50,MERIDA,333,B,1,0,B,188,55,1,3,0,8,22,0,0,1,2,0,0,0,0,0,280,0,2,282,400,ACTA DE CASILLA,,,
,31,YUCATAN,5,MERIDA,50,MERIDA,333,C,1,0,C01,187,38,5,1,2,6,31,1,0,2,0,0,0,0,0,0,273,0,1,274,400,ACTA DE CASILLA,,,
,31,YUCATAN,4,MERIDA,50,MERIDA,334,B,1,0,B,254,72,1,2,2,1,30,0,1,2,0,0,0,0,0,0,365,0,4,369,506,ACTA DE CASILLA,,,
,31,YUCATAN,2,MERIDA,50,MERIDA,335,B,1,0,B,136,45,0,3,0,2,52,1,1,2,1,0,0,0,0,0,243,0,5,248,397,ACTA DE CASILLA,,,
,31,YUCATAN,2,MERIDA,50,MERIDA,335,C,1,0,C01,156,37,3,0,1,3,31,0,0,3,0,0,0,0,0,0,234,0,0,234,397,ACTA DE CASILLA,,,
,31,YUCATAN,2,MERIDA,50,MERIDA,335,S,1,0,SMR01,3,3,0,0,0,-1,0,0,0,0,0,0,0,0,0,0,5,0,0,5,0,ACTA DE CASILLA,,,
,31,YUCATAN,2,MERIDA,50,MERIDA,336,B,1,0,B,142,35,2,1,0,5,42,0,1,1,0,0,0,0,0,0,229,0,5,234,377,ACTA DE CASILLA,,,
,31,YUCATAN,2,MERIDA,50,MERIDA,336,C,1,0,C01,115,37,2,6,2,7,31,2,0,1,0,0,0,0,0,0,203,0,5,208,376,ACTA DE CASILLA,,,
,31,YUCATAN,2,MERIDA,50,MERIDA,337,B,1,0,B,167,74,3,5,2,24,81,12,3,4,1,0,0,0,0,0,376,1,7,384,667,ACTA DE CASILLA,,,
,31,YUCATAN,2,MERIDA,50,MERIDA,338,B,1,0,B,127,66,3,4,2,7,46,1,1,1,0,0,0,0,0,0,258,0,3,261,418,ACTA DE CASILLA,,,
,31,YUCATAN,2,MERIDA,50,MERIDA,338,C,1,0,C01,132,43,1,7,2,8,39,3,3,3,0,0,0,0,0,0,241,1,6,248,417,ACTA DE CASILLA,,,
,31,YUCATAN,2,MERIDA,50,MERIDA,339,B,1,0,B,181,112,3,3,2,5,72,2,0,1,2,0,0,0,0,0,383,0,15,398,689,ACTA DE CASILLA,,,
,31,YUCATAN,2,MERIDA,50,MERIDA,340,B,1,0,B,114,49,1,2,1,3,1,3,0,0,2,0,0,0,0,0,176,,1,177,394,GRUPO DE RECUENTO,,,
,31,YUCATAN,2,MERIDA,50,MERIDA,340,C,1,0,C01,94,54,1,3,0,10,55,1,1,0,3,0,0,0,0,0,222,0,3,225,393,ACTA DE CASILLA,,,
,31,YUCATAN,2,MERIDA,50,MERIDA,341,B,1,0,B,120,63,2,3,0,5,68,1,2,2,2,0,0,0,0,0,268,1,6,275,434,ACTA DE CASILLA,,,
,31,YUCATAN,2,MERIDA,50,MERIDA,341,C,1,0,C01,104,65,4,12,1,3,58,1,2,1,0,0,0,0,0,0,251,0,4,255,434,ACTA DE CASILLA,,,
,31,YUCATAN,2,MERIDA,50,MERIDA,342,B,1,0,B,126,72,1,4,3,3,63,1,1,2,1,0,0,0,0,0,277,,7,284,459,GRUPO DE RECUENTO,,,
,31,YUCATAN,2,MERIDA,50,MERIDA,342,C,1,0,C01,139,75,2,6,3,2,61,1,0,3,2,0,0,0,0,0,294,0,7,301,459,ACTA DE CASILLA,,,
,31,YUCATAN,3,MERIDA,50,MERIDA,343,B,1,0,B,68,72,1,7,2,7,75,2,6,5,1,0,0,0,0,0,246,1,8,255,458,ACTA DE CASILLA,,,
,31,YUCATAN,3,MERIDA,50,MERIDA,343,C,1,0,C01,70,65,2,5,2,3,81,1,4,4,3,0,0,0,0,0,240,1,2,243,458,ACTA DE CASILLA,,,
,31,YUCATAN,3,MERIDA,50,MERIDA,344,B,1,0,B,91,56,1,8,3,12,107,2,4,6,3,0,0,0,0,0,293,0,7,300,477,ACTA DE CASILLA,,,
,31,YUCATAN,3,MERIDA,50,MERIDA,344,C,1,0,C01,99,64,2,4,2,10,86,7,0,2,4,0,0,0,0,0,280,1,6,287,476,ACTA DE CASILLA,,,
,31,YUCATAN,3,MERIDA,50,MERIDA,345,B,1,0,B,84,54,3,2,3,9,70,2,0,3,1,0,0,0,0,1,232,0,4,236,388,ACTA DE CASILLA,,,
,31,YUCATAN,3,MERIDA,50,MERIDA,345,C,1,0,C01,96,44,2,3,3,7,58,5,2,3,1,0,0,0,0,0,224,1,3,228,388,ACTA DE CASILLA,,,
,31,YUCATAN,2,MERIDA,50,MERIDA,346,B,1,0,B,138,65,2,10,1,12,64,1,1,2,2,0,0,0,0,0,298,1,12,311,559,GRUPO DE RECUENTO,,,
,31,YUCATAN,2,MERIDA,50,MERIDA,346,C,1,0,C01,171,55,3,9,3,6,79,1,0,2,2,0,0,0,0,0,331,2,6,339,559,ACTA DE CASILLA,,,
,31,YUCATAN,2,MERIDA,50,MERIDA,347,B,1,0,B,152,63,3,6,1,9,57,0,1,1,2,0,0,0,0,0,295,0,5,300,493,ACTA DE CASILLA,,,
,31,YUCATAN,2,MERIDA,50,MERIDA,347,C,1,0,C01,139,67,2,7,0,5,47,3,0,2,4,0,0,0,0,0,276,0,5,281,492,ACTA DE CASILLA,,,
,31,YUCATAN,2,MERIDA,50,MERIDA,348,B,1,0,B,112,66,2,3,2,10,70,3,1,2,1,0,0,0,0,0,272,1,6,279,396,ACTA DE CASILLA,,,
,31,YUCATAN,2,MERIDA,50,MERIDA,348,C,1,0,C01,117,50,2,4,1,10,49,1,1,1,1,0,0,0,0,0,237,0,5,242,396,ACTA DE CASILLA,,,
,31,YUCATAN,2,MERIDA,50,MERIDA,349,B,1,0,B,148,63,2,6,0,4,54,3,0,2,2,0,0,0,0,0,284,0,6,290,455,ACTA DE CASILLA,,,
,31,YUCATAN,2,MERIDA,50,MERIDA,349,C,1,0,C01,116,52,1,2,1,5,83,1,0,1,3,0,0,0,0,0,265,0,7,272,455,ACTA DE CASILLA,,,
,31,YUCATAN,2,MERIDA,50,MERIDA,350,B,1,0,B,250,88,4,5,1,7,52,2,1,5,3,0,0,0,0,0,418,0,6,424,714,ACTA DE CASILLA,,,
,31,YUCATAN,2,MERIDA,50,MERIDA,351,B,1,0,B,188,52,0,3,0,9,40,1,1,6,2,0,0,0,0,0,302,0,9,311,502,ACTA DE CASILLA,,,
,31,YUCATAN,2,MERIDA,50,MERIDA,351,C,1,0,C01,178,46,3,5,0,5,46,2,0,1,1,0,0,0,0,0,287,0,8,295,501,ACTA DE CASILLA,,,
,31,YUCATAN,2,MERIDA,50,MERIDA,352,B,1,0,B,240,69,5,10,2,11,73,0,4,1,0,0,0,0,0,0,415,0,6,421,708,ACTA DE CASILLA,,,
,31,YUCATAN,2,MERIDA,50,MERIDA,353,B,1,0,B,172,49,2,1,1,6,50,1,1,0,0,0,0,0,0,0,283,1,7,291,578,ACTA DE CASILLA,,,
,31,YUCATAN,2,MERIDA,50,MERIDA,354,B,1,0,B,212,70,4,6,3,11,79,3,2,8,2,0,0,0,0,0,400,1,15,416,749,ACTA DE CASILLA,,,
,31,YUCATAN,5,MERIDA,50,MERIDA,355,B,1,0,B,144,66,1,0,3,7,67,2,2,6,2,0,0,0,0,0,300,0,0,300,592,GRUPO DE RECUENTO,,,
,31,YUCATAN,5,MERIDA,50,MERIDA,355,C,1,0,C01,151,61,1,7,1,9,91,0,1,5,2,0,0,0,0,0,329,1,11,341,591,ACTA DE CASILLA,,,
,31,YUCATAN,5,MERIDA,50,MERIDA,356,B,1,0,B,150,55,3,7,3,9,78,2,0,1,0,0,0,0,0,0,308,1,6,315,536,ACTA DE CASILLA,,,
,31,YUCATAN,5,MERIDA,50,MERIDA,356,C,1,0,C01,133,75,5,5,1,9,68,2,0,3,1,0,0,0,0,0,302,0,10,312,536,ACTA DE CASILLA,,,
,31,YUCATAN,5,MERIDA,50,MERIDA,357,B,1,0,B,243,98,4,8,5,10,75,14,1,3,0,0,0,0,0,0,461,0,2,463,746,ACTA DE CASILLA,,,
,31,YUCATAN,5,MERIDA,50,MERIDA,358,B,1,0,B,129,82,3,7,4,12,80,3,4,1,0,0,0,0,0,0,325,0,18,343,561,ACTA DE CASILLA,,,
,31,YUCATAN,5,MERIDA,50,MERIDA,358,C,1,0,C01,128,74,3,6,0,5,89,5,2,3,1,0,0,0,0,0,316,1,8,325,560,ACTA DE CASILLA,,,
,31,YUCATAN,5,MERIDA,50,MERIDA,359,B,1,0,B,171,76,4,9,4,4,68,4,2,2,0,0,0,0,0,0,344,0,5,349,619,ACTA DE CASILLA,,,
,31,YUCATAN,5,MERIDA,50,MERIDA,359,C,1,0,C01,142,90,4,6,2,5,87,7,1,3,2,0,0,0,0,0,349,1,4,354,619,ACTA DE CASILLA,,,
,31,YUCATAN,5,MERIDA,50,MERIDA,360,B,1,0,B,140,62,0,4,9,5,62,2,0,0,0,0,0,0,0,0,284,1,3,288,450,ACTA DE CASILLA,,,
,31,YUCATAN,5,MERIDA,50,MERIDA,360,C,1,0,C01,150,48,3,5,10,9,61,4,1,2,1,0,0,0,0,0,294,0,8,302,450,ACTA DE CASILLA,,,
,31,YUCATAN,5,MERIDA,50,MERIDA,361,B,1,0,B,74,42,3,2,9,10,119,7,2,1,1,0,0,0,0,0,270,0,4,274,556,ACTA DE CASILLA,,,
,31,YUCATAN,5,MERIDA,50,MERIDA,361,C,1,0,C01,86,26,3,5,5,10,98,2,1,3,0,0,0,0,0,0,239,0,9,248,555,ACTA DE CASILLA,,,
,31,YUCATAN,5,MERIDA,50,MERIDA,362,B,1,0,B,94,59,4,8,5,8,85,4,0,4,7,0,0,0,0,0,278,0,9,287,603,ACTA DE CASILLA,,,
,31,YUCATAN,5,MERIDA,50,MERIDA,362,C,1,0,C01,95,54,0,7,5,8,92,2,1,4,2,0,0,0,0,0,270,0,8,278,602,ACTA DE CASILLA,,,
,31,YUCATAN,5,MERIDA,50,MERIDA,363,B,1,0,B,138,63,0,8,1,6,76,5,0,11,3,0,0,0,0,0,311,0,6,317,609,ACTA DE CASILLA,,,
,31,YUCATAN,5,MERIDA,50,MERIDA,363,C,1,0,C01,149,71,2,7,4,8,82,3,1,5,2,0,0,0,0,0,334,1,5,340,609,ACTA DE CASILLA,,,
,31,YUCATAN,2,MERIDA,50,MERIDA,364,B,1,0,B,79,68,2,4,1,3,47,2,0,0,1,0,0,0,0,0,207,0,3,210,386,ACTA DE CASILLA,,,
,31,YUCATAN,2,MERIDA,50,MERIDA,365,B,1,0,B,130,49,2,2,1,5,89,2,0,2,0,0,0,0,0,0,282,1,9,292,580,ACTA DE CASILLA,,,
,31,YUCATAN,2,MERIDA,50,MERIDA,366,B,1,0,B,218,65,4,4,1,6,91,3,2,2,0,0,0,0,0,0,396,1,10,407,677,ACTA DE CASILLA,,,
,31,YUCATAN,2,MERIDA,50,MERIDA,367,B,1,0,B,167,43,4,5,1,8,37,0,0,2,1,0,0,0,0,0,268,0,8,276,470,ACTA DE CASILLA,,,
,31,YUCATAN,2,MERIDA,50,MERIDA,367,C,1,0,C01,159,61,5,2,2,4,32,0,0,3,3,0,0,0,0,0,271,0,6,277,470,GRUPO DE RECUENTO,,,
,31,YUCATAN,2,MERIDA,50,MERIDA,367,S,1,0,SMR01,14,12,0,0,0,0,10,0,0,1,1,0,0,0,0,0,38,,1,39,0,ACTA DE CASILLA,,,
,31,YUCATAN,2,MERIDA,50,MERIDA,368,B,1,0,B,80,42,1,4,0,1,65,2,2,2,1,0,0,0,0,0,200,1,4,205,411,ACTA DE CASILLA,,,
,31,YUCATAN,2,MERIDA,50,MERIDA,368,C,1,0,C01,99,54,3,1,2,1,56,1,2,0,0,0,0,0,0,0,219,0,5,224,410,ACTA DE CASILLA,,,
,31,YUCATAN,2,MERIDA,50,MERIDA,369,B,1,0,B,74,46,1,6,3,5,79,4,1,2,2,0,0,0,0,0,223,0,4,227,431,ACTA DE CASILLA,,,
,31,YUCATAN,2,MERIDA,50,MERIDA,369,C,1,0,C01,84,50,0,3,1,6,69,1,1,0,2,0,0,0,0,0,217,0,8,225,430,ACTA DE CASILLA,,,
,31,YUCATAN,2,MERIDA,50,MERIDA,370,B,1,0,B,142,41,0,5,0,4,47,2,0,4,1,0,0,0,0,0,246,,3,249,397,ACTA DE CASILLA,,,
,31,YUCATAN,2,MERIDA,50,MERIDA,370,C,1,0,C01,123,38,3,2,3,5,49,3,0,2,3,0,0,0,0,0,231,,8,239,396,ACTA DE CASILLA,,,
,31,YUCATAN,2,MERIDA,50,MERIDA,371,B,1,0,B,127,60,1,2,1,6,54,1,1,2,1,0,0,0,0,0,256,1,6,263,439,ACTA DE CASILLA,,,
,31,YUCATAN,2,MERIDA,50,MERIDA,371,C,1,0,C01,142,49,3,3,0,6,58,4,1,3,3,0,0,0,0,0,272,1,3,276,438,ACTA DE CASILLA,,,
,31,YUCATAN,2,MERIDA,50,MERIDA,372,B,1,0,B,123,48,1,5,0,4,75,3,1,1,2,0,0,0,0,0,263,0,3,266,410,ACTA DE CASILLA,,,
,31,YUCATAN,2,MERIDA,50,MERIDA,372,C,1,0,C01,121,35,2,3,4,9,50,4,0,5,4,0,0,0,0,0,237,1,7,245,409,ACTA DE CASILLA,,,
,31,YUCATAN,2,MERIDA,50,MERIDA,373,B,1,0,B,161,55,2,9,2,21,68,2,1,3,2,0,0,0,0,0,326,0,6,332,557,ACTA DE CASILLA,,,
,31,YUCATAN,2,MERIDA,50,MERIDA,373,C,1,0,C01,156,59,2,10,3,10,71,3,1,2,6,0,0,0,0,0,323,0,7,330,556,ACTA DE CASILLA,,,
,31,YUCATAN,2,MERIDA,50,MERIDA,373,C,2,0,C02,197,65,1,11,3,13,56,3,0,2,4,0,0,0,0,0,355,0,10,365,556,ACTA DE CASILLA,,,
,31,YUCATAN,3,MERIDA,50,MERIDA,374,B,1,0,B,59,43,3,7,3,4,93,1,2,4,2,0,0,0,0,0,221,0,7,228,440,GRUPO DE RECUENTO,,,
,31,YUCATAN,3,MERIDA,50,MERIDA,374,C,1,0,C01,47,64,1,7,2,5,78,2,2,1,2,0,0,49,0,64,324,0,6,330,439,ACTA DE CASILLA,,,
,31,YUCATAN,3,MERIDA,50,MERIDA,375,B,1,0,B,71,47,1,7,7,5,115,2,4,5,0,0,0,0,0,0,264,0,10,274,611,ACTA DE CASILLA,,,
,31,YUCATAN,3,MERIDA,50,MERIDA,375,C,1,0,C01,70,34,4,9,6,3,115,1,3,5,4,0,0,74,0,38,366,,11,377,610,GRUPO DE RECUENTO,,,
,31,YUCATAN,2,MERIDA,50,MERIDA,376,B,1,0,B,128,57,2,11,3,13,70,6,3,3,0,0,0,0,0,0,296,0,12,308,547,GRUPO DE RECUENTO,,,
,31,YUCATAN,2,MERIDA,50,MERIDA,376,C,1,0,C01,119,77,2,8,3,6,57,4,3,4,4,0,0,0,0,0,287,0,6,293,546,GRUPO DE RECUENTO,,,
,31,YUCATAN,2,MERIDA,50,MERIDA,377,B,1,0,B,132,76,3,11,1,16,86,4,0,3,3,0,0,0,0,0,335,0,10,345,605,ACTA DE CASILLA,,,
,31,YUCATAN,2,MERIDA,50,MERIDA,377,C,1,0,C01,134,70,0,9,2,11,87,2,1,2,3,0,0,0,0,0,321,0,12,333,605,GRUPO DE RECUENTO,,,
,31,YUCATAN,2,MERIDA,50,MERIDA,378,B,1,0,B,75,61,3,6,3,5,87,7,1,5,2,0,0,0,0,0,255,1,19,275,595,ACTA DE CASILLA,,,
,31,YUCATAN,2,MERIDA,50,MERIDA,378,C,1,0,C01,75,72,3,16,3,4,85,5,3,2,2,0,0,0,0,0,270,,13,283,594,ACTA DE CASILLA,,,
,31,YUCATAN,2,MERIDA,50,MERIDA,379,B,1,0,B,103,43,3,4,3,6,94,4,0,3,1,0,0,0,0,0,264,0,9,273,528,ACTA DE CASILLA,,,
,31,YUCATAN,2,MERIDA,50,MERIDA,379,C,1,0,C01,93,52,1,7,1,5,89,6,0,3,5,0,0,0,0,0,262,2,6,270,528,ACTA DE CASILLA,,,
,31,YUCATAN,2,MERIDA,50,MERIDA,380,B,1,0,B,124,94,3,7,4,9,101,7,1,1,3,0,0,0,0,0,354,2,10,366,643,GRUPO DE RECUENTO,,,
,31,YUCATAN,3,MERIDA,50,MERIDA,381,B,1,0,B,70,71,0,9,3,1,76,0,1,4,0,0,0,0,0,0,235,0,6,241,428,ACTA DE CASILLA,,,
,31,YUCATAN,3,MERIDA,50,MERIDA,381,C,1,0,C01,62,49,1,8,3,4,79,0,1,2,1,0,0,0,0,0,210,0,8,218,428,ACTA DE CASILLA,,,
,31,YUCATAN,3,MERIDA,50,MERIDA,382,B,1,0,B,96,50,0,5,5,5,101,2,1,10,3,0,0,0,0,0,278,2,8,288,728,ACTA DE CASILLA,,,
,31,YUCATAN,3,MERIDA,50,MERIDA,382,C,1,0,C01,130,41,4,9,2,3,90,9,4,9,0,0,0,0,0,0,301,0,8,309,727,ACTA DE CASILLA,,,
,31,YUCATAN,3,MERIDA,50,MERIDA,382,C,2,0,C02,102,48,2,14,4,6,102,3,0,4,3,0,0,0,0,0,288,0,8,296,727,GRUPO DE RECUENTO,,,
,31,YUCATAN,3,MERIDA,50,MERIDA,382,C,3,0,C03,122,46,4,7,8,8,91,4,0,1,1,0,0,0,0,0,292,0,7,299,727,ACTA DE CASILLA,,,
,31,YUCATAN,3,MERIDA,50,MERIDA,382,C,4,0,C04,96,56,3,9,4,6,102,5,1,9,1,0,0,0,0,0,292,0,4,296,727,GRUPO DE RECUENTO,,,
,31,YUCATAN,3,MERIDA,50,MERIDA,382,C,5,0,C05,104,59,0,7,0,12,96,7,2,10,4,0,0,1,0,0,302,0,4,306,727,ACTA DE CASILLA,,,
,31,YUCATAN,3,MERIDA,50,MERIDA,382,C,6,0,C06,91,65,3,9,8,7,101,2,1,2,1,0,0,0,0,0,290,1,7,298,727,ACTA DE CASILLA,,,
,31,YUCATAN,3,MERIDA,50,MERIDA,382,C,7,0,C07,109,52,1,7,7,6,103,6,2,5,2,0,0,0,0,0,300,0,5,305,727,ACTA DE CASILLA,,,
,31,YUCATAN,3,MERIDA,50,MERIDA,382,C,8,0,C08,105,60,3,9,1,6,92,4,1,7,3,0,0,0,0,0,291,0,8,299,727,ACTA DE CASILLA,,,
,31,YUCATAN,3,MERIDA,50,MERIDA,382,C,9,0,C09,105,52,2,7,4,7,70,2,1,3,4,0,0,0,0,0,257,1,4,262,727,GRUPO DE RECUENTO,,,
,31,YUCATAN,3,MERIDA,50,MERIDA,382,C,10,0,C10,123,56,2,6,2,6,91,4,1,4,0,0,0,0,0,0,295,,8,303,727,ACTA DE CASILLA,,,
,31,YUCATAN,3,MERIDA,50,MERIDA,382,C,11,0,C11,110,55,1,11,2,10,88,4,1,9,3,0,0,0,0,0,294,,2,296,727,ACTA DE CASILLA,,,
,31,YUCATAN,3,MERIDA,50,MERIDA,382,C,12,0,C12,94,50,4,6,1,6,90,8,2,5,3,0,0,0,0,0,269,1,4,274,727,ACTA DE CASILLA,,,
,31,YUCATAN,3,MERIDA,50,MERIDA,382,C,13,0,C13,123,65,3,4,2,3,87,6,0,8,1,0,0,0,0,0,302,,6,308,727,GRUPO DE RECUENTO,,,
,31,YUCATAN,3,MERIDA,50,MERIDA,382,C,14,0,C14,118,45,0,10,3,3,89,2,2,1,4,0,0,0,0,0,277,,5,282,727,ACTA DE CASILLA,,,
,31,YUCATAN,2,MERIDA,50,MERIDA,383,B,1,0,B,140,63,4,21,6,14,115,5,0,3,1,0,0,0,0,0,372,0,9,381,630,ACTA DE CASILLA,,,
,31,YUCATAN,2,MERIDA,50,MERIDA,383,C,1,0,C01,120,61,4,24,2,9,106,4,3,2,2,0,0,0,0,0,337,1,10,348,630,ACTA DE CASILLA,,,
,31,YUCATAN,2,MERIDA,50,MERIDA,384,B,1,0,B,143,90,0,21,2,7,109,4,3,0,8,0,0,0,0,0,387,0,12,399,713,ACTA DE CASILLA,,,
,31,YUCATAN,2,MERIDA,50,MERIDA,385,B,1,0,B,140,60,3,17,4,10,99,7,1,5,4,0,0,0,0,0,350,0,11,361,644,ACTA DE CASILLA,,,
,31,YUCATAN,2,MERIDA,50,MERIDA,386,B,1,0,B,70,58,1,6,2,7,82,4,2,1,4,0,0,0,0,0,237,,11,248,490,ACTA DE CASILLA,,,
,31,YUCATAN,2,MERIDA,50,MERIDA,386,C,1,0,C01,68,69,3,10,5,14,84,2,3,3,1,0,0,0,0,0,262,0,10,272,490,GRUPO DE RECUENTO,,,
,31,YUCATAN,2,MERIDA,50,MERIDA,387,B,1,0,B,124,52,3,11,9,13,74,4,2,3,2,0,0,0,0,0,297,0,14,311,698,ACTA DE CASILLA,,,
,31,YUCATAN,2,MERIDA,50,MERIDA,387,C,1,0,C01,122,53,1,11,4,11,92,5,1,4,0,0,0,0,0,0,304,3,11,318,698,ACTA DE CASILLA,,,
,31,YUCATAN,2,MERIDA,50,MERIDA,388,B,1,0,B,196,64,1,11,1,9,73,0,1,0,3,0,0,0,0,0,359,1,8,368,579,ACTA DE CASILLA,,,
,31,YUCATAN,2,MERIDA,50,MERIDA,388,C,1,0,C01,153,49,1,6,2,11,63,4,0,3,0,0,0,0,0,0,292,0,7,299,579,ACTA DE CASILLA,,,
,31,YUCATAN,2,MERIDA,50,MERIDA,388,C,2,0,C02,169,67,1,6,1,10,93,2,1,4,2,0,0,0,0,0,356,0,3,359,579,ACTA DE CASILLA,,,
,31,YUCATAN,2,MERIDA,50,MERIDA,389,B,1,0,B,81,55,3,6,1,6,50,3,0,1,1,0,0,0,0,0,207,0,10,217,424,ACTA DE CASILLA,,,
,31,YUCATAN,2,MERIDA,50,MERIDA,389,C,1,0,C01,73,61,0,6,0,6,63,1,2,2,2,0,0,0,0,0,216,0,7,223,423,GRUPO DE RECUENTO,,,
,31,YUCATAN,2,MERIDA,50,MERIDA,389,S,1,0,SMR01,88,51,2,0,3,5,61,1,0,2,1,0,0,0,0,0,214,0,12,226,0,ACTA DE CASILLA,,,
,31,YUCATAN,2,MERIDA,50,MERIDA,390,B,1,0,B,121,69,9,22,3,7,129,2,2,2,3,0,0,0,0,0,369,1,13,383,669,ACTA DE CASILLA,,,
,31,YUCATAN,2,MERIDA,50,MERIDA,391,B,1,0,B,110,51,4,3,2,9,59,2,2,4,2,0,0,0,0,0,248,0,3,251,551,GRUPO DE RECUENTO,,,
,31,YUCATAN,2,MERIDA,50,MERIDA,391,C,1,0,C01,131,61,2,2,2,9,61,4,1,1,0,0,0,0,0,0,274,0,8,282,550,ACTA DE CASILLA,,,
,31,YUCATAN,2,MERIDA,50,MERIDA,392,B,1,0,B,140,101,8,5,6,7,83,3,1,1,1,0,0,0,0,0,356,0,12,368,736,ACTA DE CASILLA,,,
,31,YUCATAN,2,MERIDA,50,MERIDA,393,B,1,0,B,73,65,1,4,1,3,59,2,0,3,2,0,0,0,0,0,213,1,6,220,394,ACTA DE CASILLA,,,
,31,YUCATAN,2,MERIDA,50,MERIDA,393,C,1,0,C01,82,53,0,5,1,2,61,2,0,1,1,0,0,0,0,0,208,0,8,216,393,ACTA DE CASILLA,,,
,31,YUCATAN,2,MERIDA,50,MERIDA,394,B,1,0,B,103,73,8,6,2,4,60,1,0,2,2,0,0,0,0,0,261,1,10,272,460,ACTA DE CASILLA,,,
,31,YUCATAN,2,MERIDA,50,MERIDA,395,B,1,0,B,101,68,5,1,5,9,53,0,2,10,0,0,0,0,0,0,254,0,4,258,506,ACTA DE CASILLA,,,
,31,YUCATAN,2,MERIDA,50,MERIDA,396,B,1,0,B,86,54,1,3,10,10,67,1,1,2,2,0,0,0,0,0,237,0,8,245,491,ACTA DE CASILLA,,,
,31,YUCATAN,5,MERIDA,50,MERIDA,397,B,1,0,B,149,91,8,3,3,12,104,2,0,5,0,0,0,0,0,0,377,0,10,387,672,ACTA DE CASILLA,,,
,31,YUCATAN,5,MERIDA,50,MERIDA,398,B,1,0,B,74,28,1,7,4,13,60,1,1,4,1,0,0,0,0,0,194,1,4,199,376,GRUPO DE RECUENTO,,,
,31,YUCATAN,5,MERIDA,50,MERIDA,398,C,1,0,C01,86,44,2,6,0,10,63,2,0,5,2,0,0,0,0,0,220,0,0,220,376,GRUPO DE RECUENTO,,,
,31,YUCATAN,5,MERIDA,50,MERIDA,399,B,1,0,B,79,24,2,5,1,11,71,0,2,4,3,0,0,0,0,0,202,0,4,206,440,ACTA DE CASILLA,,,
,31,YUCATAN,5,MERIDA,50,MERIDA,399,C,1,0,C01,85,36,1,7,3,11,67,3,1,2,0,0,0,0,0,0,216,0,3,219,439,ACTA DE CASILLA,,,
,31,YUCATAN,5,MERIDA,50,MERIDA,400,B,1,0,B,80,39,2,7,0,17,77,5,0,5,3,0,0,0,0,0,235,0,11,246,521,ACTA DE CASILLA,,,
,31,YUCATAN,5,MERIDA,50,MERIDA,400,C,1,0,C01,81,36,2,6,3,17,76,3,2,4,3,0,0,0,0,0,233,0,5,238,521,ACTA DE CASILLA,,,
,31,YUCATAN,5,MERIDA,50,MERIDA,401,B,1,0,B,123,53,6,5,7,7,127,6,3,8,1,0,0,0,0,0,346,1,11,358,694,ACTA DE CASILLA,,,
,31,YUCATAN,5,MERIDA,50,MERIDA,401,C,1,0,C01,122,58,3,8,2,10,113,2,0,3,6,0,0,0,0,0,327,0,11,338,693,ACTA DE CASILLA,,,
,31,YUCATAN,5,MERIDA,50,MERIDA,402,B,1,0,B,75,47,0,5,2,7,79,3,1,5,2,0,0,0,0,0,226,0,10,236,503,GRUPO DE RECUENTO,,,
,31,YUCATAN,5,MERIDA,50,MERIDA,402,C,1,0,C01,75,40,1,6,8,3,97,0,0,4,1,0,0,0,0,0,235,0,12,247,502,ACTA DE CASILLA,,,
,31,YUCATAN,5,MERIDA,50,MERIDA,402,C,2,0,C02,79,54,1,7,4,6,85,4,2,16,2,0,0,0,0,0,260,0,11,271,502,ACTA DE CASILLA,,,
,31,YUCATAN,5,MERIDA,50,MERIDA,403,B,1,0,B,97,63,2,11,5,7,94,5,2,8,0,0,0,0,0,0,294,0,10,304,733,ACTA DE CASILLA,,,
,31,YUCATAN,5,MERIDA,50,MERIDA,403,C,1,0,C01,107,64,4,6,1,8,108,4,2,12,5,0,0,0,0,0,321,0,8,329,732,ACTA DE CASILLA,,,
,31,YUCATAN,5,MERIDA,50,MERIDA,403,C,2,0,C02,112,50,1,7,5,5,117,4,0,9,2,0,0,0,0,0,312,0,12,324,732,ACTA DE CASILLA,,,
,31,YUCATAN,5,MERIDA,50,MERIDA,404,B,1,0,B,102,48,3,5,2,6,89,4,2,10,2,0,0,0,0,0,273,0,11,284,581,ACTA DE CASILLA,,,
,31,YUCATAN,5,MERIDA,50,MERIDA,404,C,1,0,C01,82,58,2,10,3,7,86,5,0,10,2,0,0,0,0,0,265,0,9,274,581,ACTA DE CASILLA,,,
,31,YUCATAN,5,MERIDA,50,MERIDA,404,C,2,0,C02,98,41,2,8,1,9,95,3,3,8,0,0,0,0,0,0,268,0,5,273,580,GRUPO DE RECUENTO,,,
,31,YUCATAN,5,MERIDA,50,MERIDA,405,B,1,0,B,127,36,3,11,1,8,105,4,4,9,3,0,0,0,0,0,311,0,6,317,612,ACTA DE CASILLA,,,
,31,YUCATAN,5,MERIDA,50,MERIDA,405,C,1,0,C01,109,45,5,5,2,5,87,3,2,7,2,0,0,0,0,0,272,0,3,275,611,ACTA DE CASILLA,,,
,31,YUCATAN,5,MERIDA,50,MERIDA,406,B,1,0,B,119,54,3,7,1,9,99,2,1,7,0,0,0,0,0,0,302,0,10,312,553,GRUPO DE RECUENTO,,,
,31,YUCATAN,5,MERIDA,50,MERIDA,406,C,1,0,C01,128,54,3,4,4,11,89,0,2,0,0,0,0,0,0,0,295,0,5,300,552,ACTA DE CASILLA,,,
,31,YUCATAN,5,MERIDA,50,MERIDA,407,B,1,0,B,88,50,0,5,2,8,72,5,2,4,2,0,0,0,0,0,238,0,4,242,445,ACTA DE CASILLA,,,
,31,YUCATAN,5,MERIDA,50,MERIDA,407,C,1,0,C01,90,54,1,6,4,9,77,6,0,5,0,0,0,0,0,0,252,0,4,256,444,ACTA DE CASILLA,,,
,31,YUCATAN,5,MERIDA,50,MERIDA,408,B,1,0,B,113,33,2,7,5,7,60,1,1,2,0,0,0,0,0,0,231,0,4,235,481,ACTA DE CASILLA,,,
,31,YUCATAN,5,MERIDA,50,MERIDA,408,C,1,0,C01,105,31,2,4,5,9,78,2,1,3,2,0,0,0,0,0,242,0,4,246,480,ACTA DE CASILLA,,,
,31,YUCATAN,2,MERIDA,50,MERIDA,409,B,1,0,B,90,39,1,3,9,7,56,2,0,0,1,0,0,0,0,0,208,0,8,216,401,GRUPO DE RECUENTO,,,
,31,YUCATAN,2,MERIDA,50,MERIDA,409,C,1,0,C01,78,37,2,5,7,8,58,3,0,3,0,0,0,0,0,0,201,0,9,210,401,GRUPO DE RECUENTO,,,
,31,YUCATAN,2,MERIDA,50,MERIDA,410,B,1,0,B,133,60,2,9,0,14,92,3,0,2,1,0,0,0,0,0,316,0,10,326,666,ACTA DE CASILLA,,,
,31,YUCATAN,2,MERIDA,50,MERIDA,411,B,1,0,B,83,38,1,5,0,7,75,8,2,8,2,0,0,0,0,0,229,,5,234,432,ACTA DE CASILLA,,,
,31,YUCATAN,2,MERIDA,50,MERIDA,411,C,1,0,C01,96,47,1,5,3,3,61,5,0,6,3,0,0,0,0,0,230,0,5,235,432,ACTA DE CASILLA,,,
,31,YUCATAN,2,MERIDA,50,MERIDA,412,B,1,0,B,65,51,1,2,1,8,71,1,0,1,2,0,0,0,0,0,203,0,6,209,398,ACTA DE CASILLA,,,
,31,YUCATAN,2,MERIDA,50,MERIDA,412,C,1,0,C01,59,58,3,3,2,1,61,1,0,2,2,0,0,0,0,0,192,0,3,195,397,ACTA DE CASILLA,,,
,31,YUCATAN,2,MERIDA,50,MERIDA,413,B,1,0,B,110,71,1,15,5,7,92,6,1,4,3,0,0,0,0,0,315,,8,323,588,GRUPO DE RECUENTO,,,
,31,YUCATAN,2,MERIDA,50,MERIDA,413,C,1,0,C01,87,76,5,4,3,9,86,2,1,5,2,0,0,0,0,0,280,0,10,290,588,GRUPO DE RECUENTO,,,
,31,YUCATAN,2,MERIDA,50,MERIDA,414,B,1,0,B,169,65,0,31,1,17,81,3,1,1,3,0,0,0,0,0,372,0,8,380,564,GRUPO DE RECUENTO,,,
,31,YUCATAN,2,MERIDA,50,MERIDA,414,C,1,0,C01,125,69,2,34,4,14,89,1,3,6,2,0,0,0,0,0,349,1,3,353,563,ACTA DE CASILLA,,,
,31,YUCATAN,2,MERIDA,50,MERIDA,415,B,1,0,B,140,62,1,16,4,14,67,1,0,1,2,0,0,0,0,0,308,0,6,314,526,GRUPO DE RECUENTO,,,
,31,YUCATAN,2,MERIDA,50,MERIDA,415,C,1,0,C01,121,77,3,10,4,13,75,5,0,0,1,0,0,0,0,0,309,1,8,318,526,ACTA DE CASILLA,,,
,31,YUCATAN,2,MERIDA,50,MERIDA,416,B,1,0,B,116,57,1,23,0,11,78,1,2,3,0,0,0,0,0,0,292,1,9,302,527,ACTA DE CASILLA,,,
,31,YUCATAN,2,MERIDA,50,MERIDA,416,C,1,0,C01,129,60,4,10,1,6,70,2,1,3,2,0,0,0,0,0,288,0,5,293,527,ACTA DE CASILLA,,,
,31,YUCATAN,2,MERIDA,50,MERIDA,417,B,1,0,B,94,52,5,12,4,6,64,4,1,2,1,0,0,0,0,0,245,0,12,257,432,ACTA DE CASILLA,,,
,31,YUCATAN,2,MERIDA,50,MERIDA,417,C,1,0,C01,93,55,1,4,3,4,69,6,0,2,0,0,0,0,0,0,237,0,7,244,431,ACTA DE CASILLA,,,
,31,YUCATAN,2,MERIDA,50,MERIDA,418,B,1,0,B,60,43,2,4,2,5,72,1,3,3,0,0,0,0,0,0,195,1,3,199,477,GRUPO DE RECUENTO,,,
,31,YUCATAN,2,MERIDA,50,MERIDA,418,C,1,0,C01,55,40,1,2,1,4,88,1,1,2,2,0,0,0,0,0,197,0,9,206,477,ACTA DE CASILLA,,,
,31,YUCATAN,2,MERIDA,50,MERIDA,419,B,1,0,B,64,48,3,5,4,3,78,2,1,3,2,0,0,0,0,0,213,0,9,222,487,ACTA DE CASILLA,,,
,31,YUCATAN,2,MERIDA,50,MERIDA,419,C,1,0,C01,76,56,1,2,7,7,75,3,1,1,1,0,0,0,0,0,230,0,11,241,487,ACTA DE CASILLA,,,
,31,YUCATAN,2,MERIDA,50,MERIDA,420,B,1,0,B,86,47,3,7,1,2,76,5,2,4,1,0,0,0,0,0,234,1,6,241,510,ACTA DE CASILLA,,,
,31,YUCATAN,2,MERIDA,50,MERIDA,420,C,1,0,C01,64,46,0,2,0,6,93,0,1,3,1,0,0,0,0,0,216,0,7,223,509,ACTA DE CASILLA,,,
,31,YUCATAN,2,MERIDA,50,MERIDA,421,B,1,0,B,72,52,3,2,4,5,73,1,1,10,3,0,0,0,0,0,226,0,10,236,422,ACTA DE CASILLA,,,
,31,YUCATAN,2,MERIDA,50,MERIDA,421,C,1,0,C01,70,46,1,3,3,8,71,2,0,6,0,0,0,0,0,0,210,0,8,218,422,ACTA DE CASILLA,,,
,31,YUCATAN,2,MERIDA,50,MERIDA,422,B,1,0,B,82,67,4,4,1,5,74,3,0,3,0,0,0,0,0,0,243,0,9,252,487,ACTA DE CASILLA,,,
,31,YUCATAN,2,MERIDA,50,MERIDA,422,C,1,0,C01,83,49,2,5,1,6,73,3,1,4,3,0,0,0,0,0,230,0,14,244,486,ACTA DE CASILLA,,,
,31,YUCATAN,2,MERIDA,50,MERIDA,423,B,1,0,B,148,85,6,7,14,14,73,3,3,10,2,0,0,0,0,0,365,2,11,378,735,ACTA DE CASILLA,,,
,31,YUCATAN,2,MERIDA,50,MERIDA,424,B,1,0,B,75,69,8,12,2,7,52,3,2,6,2,0,0,0,0,0,238,0,4,242,441,ACTA DE CASILLA,,,
,31,YUCATAN,2,MERIDA,50,MERIDA,425,B,1,0,B,104,48,0,4,2,9,74,0,1,3,0,0,0,0,0,0,245,,7,252,464,GRUPO DE RECUENTO,,,
,31,YUCATAN,2,MERIDA,50,MERIDA,426,B,1,0,B,98,72,4,3,5,3,68,2,2,1,0,0,0,0,0,0,258,0,6,264,509,GRUPO DE RECUENTO,,,
,31,YUCATAN,2,MERIDA,50,MERIDA,427,B,1,0,B,105,27,2,1,1,1,44,0,0,3,1,0,0,0,0,0,185,0,4,189,397,ACTA DE CASILLA,,,
,31,YUCATAN,2,MERIDA,50,MERIDA,428,B,1,0,B,111,51,0,5,5,6,96,2,3,16,1,0,0,0,0,0,296,2,9,307,557,ACTA DE CASILLA,,,
,31,YUCATAN,2,MERIDA,50,MERIDA,429,B,1,0,B,69,41,2,3,1,3,56,1,1,9,1,0,0,0,0,0,187,1,9,197,396,ACTA DE CASILLA,,,
,31,YUCATAN,2,MERIDA,50,MERIDA,429,C,1,0,C01,57,41,2,1,2,6,62,6,0,11,1,0,0,0,0,0,189,0,4,193,395,ACTA DE CASILLA,,,
,31,YUCATAN,2,MERIDA,50,MERIDA,430,B,1,0,B,114,66,4,1,3,2,110,1,0,9,3,0,0,0,0,0,313,0,10,323,563,ACTA DE CASILLA,,,
,31,YUCATAN,2,MERIDA,50,MERIDA,431,B,1,0,B,101,80,2,8,1,9,98,9,0,34,5,0,0,0,0,0,347,0,4,351,675,ACTA DE CASILLA,,,
,31,YUCATAN,2,MERIDA,50,MERIDA,432,B,1,0,B,104,54,2,4,0,6,56,1,0,9,1,0,0,0,0,0,237,0,7,244,414,ACTA DE CASILLA,,,
,31,YUCATAN,2,MERIDA,50,MERIDA,432,C,1,0,C01,86,37,1,4,4,6,83,0,0,5,0,0,0,0,0,0,226,1,9,236,414,ACTA DE CASILLA,,,
,31,YUCATAN,1,MERIDA,50,MERIDA,433,B,1,0,B,114,50,1,1,4,3,72,2,2,5,1,0,0,0,0,0,255,0,9,264,445,ACTA DE CASILLA,,,
,31,YUCATAN,1,MERIDA,50,MERIDA,433,C,1,0,C01,100,54,5,3,4,5,75,2,1,6,1,0,0,0,0,0,256,0,8,264,445,ACTA DE CASILLA,,,
,31,YUCATAN,1,MERIDA,50,MERIDA,434,B,1,0,B,140,58,3,4,5,11,95,3,2,8,2,0,0,0,0,1,332,2,17,351,590,ACTA DE CASILLA,,,
,31,YUCATAN,1,MERIDA,50,MERIDA,434,C,1,0,C01,129,77,2,7,4,10,83,3,1,4,1,0,0,0,0,2,323,0,7,330,589,ACTA DE CASILLA,,,
,31,YUCATAN,1,MERIDA,50,MERIDA,435,B,1,0,B,100,52,2,2,0,5,78,2,1,0,2,0,0,0,0,0,244,0,5,249,523,ACTA DE CASILLA,,,
,31,YUCATAN,1,MERIDA,50,MERIDA,435,C,1,0,C01,92,52,2,4,2,7,83,4,0,4,0,0,0,0,0,0,250,0,6,256,522,ACTA DE CASILLA,,,
,31,YUCATAN,1,MERIDA,50,MERIDA,436,B,1,0,B,118,70,2,3,3,15,73,5,0,7,0,0,0,0,0,0,296,0,6,302,529,ACTA DE CASILLA,,,
,31,YUCATAN,1,MERIDA,50,MERIDA,436,C,1,0,C01,108,67,6,4,2,8,95,5,2,3,1,0,0,0,0,0,301,0,9,310,529,ACTA DE CASILLA,,,
,31,YUCATAN,1,MERIDA,50,MERIDA,436,C,2,0,C02,96,81,4,2,2,2,77,3,1,7,1,0,0,0,0,0,276,0,8,284,529,ACTA DE CASILLA,,,
,31,YUCATAN,1,MERIDA,50,MERIDA,437,B,1,0,B,111,41,0,6,1,7,83,1,1,15,1,0,0,1,0,0,268,0,6,274,485,ACTA DE CASILLA,,,
,31,YUCATAN,1,MERIDA,50,MERIDA,437,C,1,0,C01,116,41,2,3,0,3,79,0,1,6,0,0,0,0,0,0,251,0,14,265,484,ACTA DE CASILLA,,,
,31,YUCATAN,1,MERIDA,50,MERIDA,438,B,1,0,B,128,72,1,3,1,3,93,4,1,12,1,0,0,0,0,0,319,2,8,329,620,ACTA DE CASILLA,,,
,31,YUCATAN,1,MERIDA,50,MERIDA,438,C,1,0,C01,128,53,3,5,2,4,81,6,1,15,0,0,0,0,0,0,298,0,4,302,619,ACTA DE CASILLA,,,
,31,YUCATAN,5,MERIDA,50,MERIDA,439,B,1,0,B,131,42,1,6,7,11,145,4,0,4,0,0,0,0,0,0,351,0,6,357,699,GRUPO DE RECUENTO,,,
,31,YUCATAN,5,MERIDA,50,MERIDA,439,C,1,0,C01,97,41,5,2,5,10,131,5,2,8,2,0,0,0,0,0,308,1,9,318,699,GRUPO DE RECUENTO,,,
,31,YUCATAN,5,MERIDA,50,MERIDA,440,B,1,0,B,92,53,4,7,1,3,122,2,1,11,2,0,0,0,0,0,298,0,9,307,739,ACTA DE CASILLA,,,
,31,YUCATAN,5,MERIDA,50,MERIDA,440,C,1,0,C01,113,43,3,8,0,2,147,4,0,7,1,0,0,0,0,0,328,0,4,332,738,ACTA DE CASILLA,,,
,31,YUCATAN,5,MERIDA,50,MERIDA,441,B,1,0,B,71,52,0,8,1,5,86,3,1,6,1,0,0,0,0,0,234,0,6,240,503,ACTA DE CASILLA,,,
,31,YUCATAN,5,MERIDA,50,MERIDA,441,C,1,0,C01,69,47,1,5,3,10,71,2,1,10,1,0,0,0,0,0,220,0,3,223,503,GRUPO DE RECUENTO,,,
,31,YUCATAN,5,MERIDA,50,MERIDA,441,C,2,0,C02,74,51,4,5,2,7,72,3,3,7,0,0,0,0,0,0,228,0,8,236,503,ACTA DE CASILLA,,,
,31,YUCATAN,5,MERIDA,50,MERIDA,442,B,1,0,B,76,35,1,3,3,4,84,4,0,1,6,0,0,0,0,0,217,0,2,219,469,ACTA DE CASILLA,,,
,31,YUCATAN,5,MERIDA,50,MERIDA,442,C,1,0,C01,74,26,0,7,1,6,92,1,1,1,6,0,0,0,0,0,215,0,2,217,468,ACTA DE CASILLA,,,
,31,YUCATAN,5,MERIDA,50,MERIDA,443,B,1,0,B,52,47,4,3,2,1,77,1,1,13,1,0,0,0,0,0,202,1,4,207,433,ACTA DE CASILLA,,,
,31,YUCATAN,5,MERIDA,50,MERIDA,443,C,1,0,C01,68,43,2,10,2,6,85,1,1,0,0,0,0,0,0,0,218,0,12,230,433,ACTA DE CASILLA,,,
,31,YUCATAN,5,MERIDA,50,MERIDA,444,B,1,0,B,70,20,2,3,1,6,74,1,1,8,2,0,0,0,0,0,188,0,6,194,384,ACTA DE CASILLA,,,
,31,YUCATAN,5,MERIDA,50,MERIDA,444,C,1,0,C01,63,32,1,10,2,5,56,1,0,18,0,0,0,0,0,0,188,0,4,192,383,GRUPO DE RECUENTO,,,
,31,YUCATAN,5,MERIDA,50,MERIDA,445,B,1,0,B,65,52,1,2,2,7,88,2,3,14,1,0,0,0,0,0,237,0,4,241,504,GRUPO DE RECUENTO,,,
,31,YUCATAN,5,MERIDA,50,MERIDA,445,C,1,0,C01,67,64,0,5,3,7,93,3,0,7,2,0,0,0,0,0,251,1,9,261,503,ACTA DE CASILLA,,,
,31,YUCATAN,5,MERIDA,50,MERIDA,446,B,1,0,B,74,77,1,7,5,6,104,3,1,11,0,0,0,0,0,0,289,0,6,295,612,GRUPO DE RECUENTO,,,
,31,YUCATAN,5,MERIDA,50,MERIDA,446,C,1,0,C01,99,71,1,7,2,5,88,7,3,5,0,0,0,0,0,0,288,0,6,294,611,ACTA DE CASILLA,,,
,31,YUCATAN,1,MERIDA,50,MERIDA,447,B,1,0,B,102,59,0,0,0,10,124,5,2,11,0,0,0,0,0,0,313,0,7,320,565,ACTA DE CASILLA,,,
,31,YUCATAN,1,MERIDA,50,MERIDA,447,C,1,0,C01,110,59,2,1,0,3,97,5,0,8,4,0,0,0,0,0,289,0,13,302,565,ACTA DE CASILLA,,,
,31,YUCATAN,1,MERIDA,50,MERIDA,448,B,1,0,B,118,73,2,2,3,4,138,4,1,13,1,0,0,0,0,0,359,0,9,368,681,ACTA DE CASILLA,,,
,31,YUCATAN,1,MERIDA,50,MERIDA,448,C,1,0,C01,168,80,2,1,3,3,97,3,2,29,3,0,0,0,0,0,391,0,12,403,681,ACTA DE CASILLA,,,
,31,YUCATAN,1,MERIDA,50,MERIDA,449,B,1,0,B,121,68,1,4,1,8,133,2,0,14,3,0,0,0,0,0,355,0,9,364,629,ACTA DE CASILLA,,,
,31,YUCATAN,1,MERIDA,50,MERIDA,449,C,1,0,C01,121,63,1,5,1,7,128,7,4,10,3,0,0,0,0,0,350,1,15,366,629,ACTA DE CASILLA,,,
,31,YUCATAN,1,MERIDA,50,MERIDA,450,B,1,0,B,147,57,0,2,2,8,69,5,2,18,1,0,0,1,0,0,312,0,13,325,563,ACTA DE CASILLA,,,
,31,YUCATAN,1,MERIDA,50,MERIDA,450,C,1,0,C01,125,68,3,4,2,7,89,2,1,6,2,0,0,0,0,0,309,0,14,323,562,ACTA DE CASILLA,,,
,31,YUCATAN,1,MERIDA,50,MERIDA,451,B,1,0,B,158,86,7,6,4,15,121,5,2,8,2,0,0,0,0,0,414,0,10,424,686,ACTA DE CASILLA,,,
,31,YUCATAN,1,MERIDA,50,MERIDA,451,C,1,0,C01,136,60,5,3,1,5,112,6,4,8,0,0,0,0,0,1,341,0,7,348,685,ACTA DE CASILLA,,,
,31,YUCATAN,1,MERIDA,50,MERIDA,452,B,1,0,B,142,92,3,3,6,6,67,1,4,5,0,0,0,1,0,0,330,0,12,342,621,ACTA DE CASILLA,,,
,31,YUCATAN,1,MERIDA,50,MERIDA,452,C,1,0,C01,119,91,2,7,3,14,85,3,3,2,2,0,0,0,0,0,331,0,7,338,620,ACTA DE CASILLA,,,
,31,YUCATAN,1,MERIDA,50,MERIDA,453,B,1,0,B,69,44,0,1,0,6,69,3,1,5,0,0,0,1,0,0,199,1,7,207,442,ACTA DE CASILLA,,,
,31,YUCATAN,1,MERIDA,50,MERIDA,453,C,1,0,C01,87,43,1,8,3,2,69,2,0,1,0,0,0,0,0,0,216,0,6,222,441,ACTA DE CASILLA,,,
,31,YUCATAN,1,MERIDA,50,MERIDA,454,B,1,0,B,109,45,7,2,6,10,97,3,1,9,1,0,0,0,0,0,290,0,13,303,517,ACTA DE CASILLA,,,
,31,YUCATAN,1,MERIDA,50,MERIDA,454,C,1,0,C01,109,72,3,4,4,7,90,5,0,2,2,0,0,1,0,0,299,0,6,305,517,ACTA DE CASILLA,,,
,31,YUCATAN,1,MERIDA,50,MERIDA,455,B,1,0,B,120,74,2,1,3,11,93,2,2,11,0,0,0,0,0,0,319,0,8,327,627,ACTA DE CASILLA,,,
,31,YUCATAN,1,MERIDA,50,MERIDA,455,C,1,0,C01,150,67,0,10,4,13,96,2,1,11,1,0,0,0,0,0,355,0,6,361,627,ACTA DE CASILLA,,,
,31,YUCATAN,1,MERIDA,50,MERIDA,456,B,1,0,B,59,49,2,3,1,3,76,1,3,2,2,0,0,0,0,0,201,0,7,208,379,ACTA DE CASILLA,,,
,31,YUCATAN,1,MERIDA,50,MERIDA,456,C,1,0,C01,51,42,1,4,3,4,87,1,0,2,2,0,0,0,0,0,197,0,5,202,379,ACTA DE CASILLA,,,
,31,YUCATAN,2,MERIDA,50,MERIDA,457,B,1,0,B,76,37,3,2,3,9,88,4,1,7,0,0,0,0,0,0,230,,12,242,494,GRUPO DE RECUENTO,,,
,31,YUCATAN,2,MERIDA,50,MERIDA,458,B,1,0,B,115,50,4,3,2,14,103,1,1,6,3,0,0,0,0,0,302,1,11,314,635,ACTA DE CASILLA,,,
,31,YUCATAN,2,MERIDA,50,MERIDA,459,B,1,0,B,50,28,0,0,2,2,39,2,0,2,0,0,0,0,0,0,125,0,4,129,353,ACTA DE CASILLA,,,
,31,YUCATAN,2,MERIDA,50,MERIDA,460,B,1,0,B,113,16,1,4,0,5,42,2,0,0,1,0,0,0,0,0,184,0,2,186,443,GRUPO DE RECUENTO,,,
,31,YUCATAN,2,MERIDA,50,MERIDA,461,B,1,0,B,99,61,2,2,4,9,68,3,2,2,5,0,0,0,0,0,257,1,6,264,526,ACTA DE CASILLA,,,
,31,YUCATAN,2,MERIDA,50,MERIDA,462,B,1,0,B,105,52,10,2,2,4,52,2,1,2,1,0,0,0,0,0,233,,7,240,460,ACTA DE CASILLA,,,
,31,YUCATAN,2,MERIDA,50,MERIDA,463,B,1,0,B,131,55,1,6,3,17,73,2,2,1,3,0,0,0,0,0,294,0,6,300,515,ACTA DE CASILLA,,,
,31,YUCATAN,2,MERIDA,50,MERIDA,464,B,1,0,B,96,56,2,3,0,4,44,4,2,1,1,0,0,0,0,0,213,2,3,218,341,ACTA DE CASILLA,,,
,31,YUCATAN,2,MERIDA,50,MERIDA,465,B,1,0,B,104,44,3,8,3,8,77,3,2,2,2,0,0,0,0,0,256,0,9,265,520,ACTA DE CASILLA,,,
,31,YUCATAN,2,MERIDA,50,MERIDA,465,C,1,0,C01,98,52,1,6,0,7,74,1,0,2,2,0,0,0,0,0,243,1,12,256,520,ACTA DE CASILLA,,,
,31,YUCATAN,2,MERIDA,50,MERIDA,466,B,1,0,B,85,56,4,8,1,14,85,2,2,2,0,0,0,0,0,0,259,0,2,261,480,ACTA DE CASILLA,,,
,31,YUCATAN,2,MERIDA,50,MERIDA,466,C,1,0,C01,85,56,4,8,1,14,85,2,2,2,0,0,0,0,0,0,259,0,2,261,479,ACTA DE CASILLA,,,
,31,YUCATAN,2,MERIDA,50,MERIDA,467,B,1,0,B,74,39,4,7,1,10,87,3,0,3,4,0,0,0,0,0,232,0,2,234,461,ACTA DE CASILLA,,,
,31,YUCATAN,2,MERIDA,50,MERIDA,467,C,1,0,C01,91,49,4,6,6,5,91,2,0,2,2,0,0,0,0,0,258,1,9,268,460,ACTA DE CASILLA,,,
,31,YUCATAN,2,MERIDA,50,MERIDA,468,B,1,0,B,119,69,4,15,2,8,109,3,3,4,0,0,0,0,0,0,336,1,16,353,646,ACTA DE CASILLA,,,
,31,YUCATAN,2,MERIDA,50,MERIDA,468,C,1,0,C01,138,46,2,13,1,4,96,5,0,3,1,0,0,0,0,0,309,0,14,323,646,ACTA DE CASILLA,,,
,31,YUCATAN,3,MERIDA,50,MERIDA,469,B,1,0,B,54,48,0,2,2,7,93,5,0,3,0,0,0,0,0,0,214,,6,220,431,ACTA DE CASILLA,,,
,31,YUCATAN,3,MERIDA,50,MERIDA,469,C,1,0,C01,70,40,1,7,2,0,72,2,0,1,1,0,0,0,0,0,196,,6,202,430,ACTA DE CASILLA,,,
,31,YUCATAN,3,MERIDA,50,MERIDA,470,B,1,0,B,86,54,4,4,0,7,63,3,1,4,0,0,0,0,0,0,226,,6,232,455,ACTA DE CASILLA,,,
,31,YUCATAN,3,MERIDA,50,MERIDA,470,C,1,0,C01,81,48,2,4,1,6,74,3,1,4,2,0,0,0,0,0,226,,6,232,454,ACTA DE CASILLA,,,
,31,YUCATAN,3,MERIDA,50,MERIDA,471,B,1,0,B,83,55,3,4,3,9,96,4,1,3,1,0,0,0,0,1,263,,8,271,726,ACTA DE CASILLA,,,
,31,YUCATAN,3,MERIDA,50,MERIDA,471,C,1,0,C01,80,50,2,10,2,7,97,2,0,4,2,0,0,0,0,0,256,,9,265,726,ACTA DE CASILLA,,,
,31,YUCATAN,3,MERIDA,50,MERIDA,471,C,2,0,C02,103,42,2,4,5,5,88,1,2,5,1,0,0,104,0,44,406,,4,410,725,GRUPO DE RECUENTO,,,
,31,YUCATAN,3,MERIDA,50,MERIDA,471,C,3,0,C03,88,58,2,9,4,3,84,2,4,6,2,0,0,0,0,0,262,1,6,269,725,ACTA DE CASILLA,,,
,31,YUCATAN,3,MERIDA,50,MERIDA,471,C,4,0,C04,95,60,1,4,2,7,98,2,0,7,2,0,0,0,0,0,278,,3,281,725,ACTA DE CASILLA,,,
,31,YUCATAN,3,MERIDA,50,MERIDA,472,B,1,0,B,102,46,2,4,10,9,83,2,1,6,4,0,0,0,0,0,269,,5,274,581,ACTA DE CASILLA,,,
,31,YUCATAN,3,MERIDA,50,MERIDA,472,C,1,0,C01,104,50,3,6,3,8,98,2,0,6,2,0,0,0,0,1,283,1,4,288,581,ACTA DE CASILLA,,,
,31,YUCATAN,3,MERIDA,50,MERIDA,472,C,2,0,C02,104,65,2,4,3,14,88,6,1,6,3,0,0,0,0,1,297,,6,303,581,ACTA DE CASILLA,,,
,31,YUCATAN,3,MERIDA,50,MERIDA,473,B,1,0,B,80,48,2,5,2,5,97,1,0,9,1,0,0,0,0,1,251,,7,258,721,GRUPO DE RECUENTO,,,
,31,YUCATAN,3,MERIDA,50,MERIDA,473,C,1,0,C01,91,80,3,10,2,6,112,3,0,8,2,0,0,0,0,0,317,,9,326,721,ACTA DE CASILLA,,,
,31,YUCATAN,3,MERIDA,50,MERIDA,473,C,2,0,C02,94,50,0,7,1,4,94,11,4,5,1,0,0,0,0,0,271,,8,279,721,ACTA DE CASILLA,,,
,31,YUCATAN,3,MERIDA,50,MERIDA,473,C,3,0,C03,100,40,2,3,1,17,91,0,0,5,1,0,0,101,0,42,403,,4,407,721,ACTA DE CASILLA,,,
,31,YUCATAN,3,MERIDA,50,MERIDA,473,C,4,0,C04,94,50,5,4,2,8,91,5,0,9,2,0,0,0,0,0,270,,6,276,720,ACTA DE CASILLA,,,
,31,YUCATAN,3,MERIDA,50,MERIDA,473,C,5,0,C05,89,33,1,7,1,10,94,2,2,5,4,0,0,0,0,0,248,1,7,256,720,ACTA DE CASILLA,,,
,31,YUCATAN,3,MERIDA,50,MERIDA,473,C,6,0,C06,80,58,3,7,4,12,107,6,1,5,2,0,0,0,0,0,285,,2,287,720,ACTA DE CASILLA,,,
,31,YUCATAN,3,MERIDA,50,MERIDA,473,C,7,0,C07,91,61,0,5,3,9,93,4,2,6,1,0,0,0,0,0,275,,2,277,720,GRUPO DE RECUENTO,,,
,31,YUCATAN,3,MERIDA,50,MERIDA,473,C,8,0,C08,78,63,1,5,4,5,87,2,3,0,2,0,0,0,0,0,250,,2,252,720,GRUPO DE RECUENTO,,,
,31,YUCATAN,3,MERIDA,50,MERIDA,473,C,9,0,C09,80,48,2,6,4,8,98,7,2,6,3,0,0,0,0,0,264,,4,268,720,ACTA DE CASILLA,,,
,31,YUCATAN,3,MERIDA,50,MERIDA,473,C,10,0,C10,83,41,2,4,5,5,87,1,1,4,1,0,0,0,0,0,234,,5,239,720,ACTA DE CASILLA,,,
,31,YUCATAN,3,MERIDA,50,MERIDA,473,C,11,0,C11,92,42,1,5,2,7,91,4,2,5,0,0,0,0,0,1,252,,4,256,720,GRUPO DE RECUENTO,,,
,31,YUCATAN,3,MERIDA,50,MERIDA,473,C,12,0,C12,70,52,1,7,1,8,66,1,0,5,4,0,0,0,0,0,215,,6,221,720,ACTA DE CASILLA,,,
,31,YUCATAN,3,MERIDA,50,MERIDA,473,C,13,0,C13,76,59,0,10,3,3,92,2,2,4,1,0,0,0,0,1,253,1,9,263,720,ACTA DE CASILLA,,,
,31,YUCATAN,3,MERIDA,50,MERIDA,473,C,14,0,C14,77,67,0,10,2,10,82,1,0,6,0,0,0,0,0,0,255,,4,259,720,ACTA DE CASILLA,,,
,31,YUCATAN,3,MERIDA,50,MERIDA,473,C,15,0,C15,78,55,1,10,4,5,91,4,4,5,3,0,0,0,0,0,260,,6,266,720,GRUPO DE RECUENTO,,,
,31,YUCATAN,3,MERIDA,50,MERIDA,473,C,16,0,C16,76,63,0,8,3,4,93,3,0,5,1,0,0,0,0,0,256,,8,264,720,GRUPO DE RECUENTO,,,
,31,YUCATAN,3,MERIDA,50,MERIDA,475,B,1,0,B,68,61,0,10,2,10,67,2,0,5,0,0,0,0,0,0,225,,5,230,535,ACTA DE CASILLA,,,
,31,YUCATAN,3,MERIDA,50,MERIDA,475,C,1,0,C01,76,40,3,3,3,7,88,1,1,2,1,0,0,0,0,0,225,,0,225,534,GRUPO DE RECUENTO,,,
,31,YUCATAN,3,MERIDA,50,MERIDA,475,C,2,0,C02,0,0,0,0,0,0,0,0,0,0,0,0,0,0,0,0,0,1,6,7,534,GRUPO DE RECUENTO,,,
,31,YUCATAN,3,MERIDA,50,MERIDA,476,B,1,0,B,79,53,1,8,1,7,95,3,0,5,2,0,0,0,0,1,255,,0,255,659,ACTA DE CASILLA,,,
,31,YUCATAN,3,MERIDA,50,MERIDA,476,C,1,0,C01,95,41,3,6,3,7,83,6,1,1,0,0,0,0,0,0,246,,4,250,659,ACTA DE CASILLA,,,
,31,YUCATAN,3,MERIDA,50,MERIDA,476,C,2,0,C02,162,61,2,14,1,5,109,3,2,2,6,0,0,2,0,0,369,,4,373,658,ACTA DE CASILLA,,,
,31,YUCATAN,3,MERIDA,50,MERIDA,476,C,3,0,C03,164,55,0,8,5,7,100,2,2,3,10,0,0,0,0,0,356,,4,360,658,ACTA DE CASILLA,,,
,31,YUCATAN,3,MERIDA,50,MERIDA,476,C,4,0,C04,98,39,0,3,6,9,99,0,0,2,1,0,0,0,0,0,257,,4,261,658,ACTA DE CASILLA,,,
,31,YUCATAN,3,MERIDA,50,MERIDA,476,C,5,0,C05,70,38,2,8,3,8,103,3,2,2,1,0,0,0,0,0,240,,6,246,658,ACTA DE CASILLA,,,
,31,YUCATAN,3,MERIDA,50,MERIDA,476,C,6,0,C06,77,41,1,7,3,6,94,5,1,2,2,0,0,0,0,0,239,1,6,246,658,ACTA DE CASILLA,,,
,31,YUCATAN,3,MERIDA,50,MERIDA,476,E,1,0,E01,87,35,0,3,2,3,90,3,3,7,3,0,0,0,0,0,236,,8,244,650,ACTA DE CASILLA,,,
,31,YUCATAN,3,MERIDA,50,MERIDA,476,E,1,1,E01C01,76,28,2,9,3,5,79,5,0,1,2,0,0,0,0,0,210,,2,212,649,GRUPO DE RECUENTO,,,
,31,YUCATAN,3,MERIDA,50,MERIDA,476,E,2,0,E02,87,32,2,6,3,3,90,5,1,3,0,0,0,0,0,0,232,,12,244,715,ACTA DE CASILLA,,,
,31,YUCATAN,3,MERIDA,50,MERIDA,476,E,2,1,E02C01,0,0,0,0,0,0,0,0,0,0,0,0,0,0,0,0,0,,1,1,715,GRUPO DE RECUENTO,,,
,31,YUCATAN,3,MERIDA,50,MERIDA,476,E,2,2,E02C02,69,35,2,5,2,4,97,6,0,1,1,0,0,0,0,1,223,,4,227,715,ACTA DE CASILLA,,,
,31,YUCATAN,3,MERIDA,50,MERIDA,476,E,2,3,E02C03,78,29,0,2,2,5,82,3,1,2,0,0,0,0,0,0,204,1,5,210,715,ACTA DE CASILLA,,,
,31,YUCATAN,3,MERIDA,50,MERIDA,476,E,2,4,E02C04,70,34,2,7,5,5,95,7,1,5,0,0,0,0,0,0,231,0,0,231,715,ACTA DE CASILLA,,,
,31,YUCATAN,3,MERIDA,50,MERIDA,476,E,2,5,E02C05,82,35,1,3,0,8,98,1,2,1,2,0,0,0,0,0,233,,7,240,715,ACTA DE CASILLA,,,
,31,YUCATAN,3,MERIDA,50,MERIDA,476,E,2,6,E02C06,103,45,4,7,2,6,71,4,0,4,2,0,0,0,0,0,248,,7,255,714,GRUPO DE RECUENTO,,,
,31,YUCATAN,3,MERIDA,50,MERIDA,476,E,2,7,E02C07,91,36,0,2,2,7,85,4,1,6,1,0,0,0,0,0,235,,2,237,714,ACTA DE CASILLA,,,
,31,YUCATAN,3,MERIDA,50,MERIDA,476,E,2,8,E02C08,86,41,1,10,5,5,75,2,1,7,2,0,0,88,0,42,365,,3,368,714,GRUPO DE RECUENTO,,,
,31,YUCATAN,3,MERIDA,50,MERIDA,476,E,3,0,E03,77,36,3,3,4,6,89,3,1,4,7,0,0,0,0,0,233,,4,237,677,ACTA DE CASILLA,,,
,31,YUCATAN,3,MERIDA,50,MERIDA,476,E,3,1,E03C01,88,33,1,5,2,6,92,2,0,7,4,0,0,0,0,0,240,,2,242,677,GRUPO DE RECUENTO,,,
,31,YUCATAN,3,MERIDA,50,MERIDA,476,E,3,2,E03C02,69,47,1,2,3,7,93,4,1,5,4,0,0,0,0,0,236,,7,243,677,ACTA DE CASILLA,,,
,31,YUCATAN,3,MERIDA,50,MERIDA,476,E,3,3,E03C03,89,44,2,6,6,11,89,5,0,2,2,0,0,0,0,0,256,,4,260,677,ACTA DE CASILLA,,,
,31,YUCATAN,3,MERIDA,50,MERIDA,476,E,3,4,E03C04,89,43,1,9,3,5,81,3,2,2,0,0,0,0,0,0,238,,4,242,677,GRUPO DE RECUENTO,,,
,31,YUCATAN,3,MERIDA,50,MERIDA,476,E,3,5,E03C05,86,50,0,6,2,4,107,1,0,4,1,0,0,0,0,0,261,,3,264,676,GRUPO DE RECUENTO,,,
,31,YUCATAN,3,MERIDA,50,MERIDA,476,E,3,6,E03C06,76,43,0,7,6,6,112,3,2,2,0,0,0,0,0,1,258,1,7,266,676,ACTA DE CASILLA,,,
,31,YUCATAN,3,MERIDA,50,MERIDA,476,E,3,7,E03C07,84,51,0,9,2,9,89,2,0,1,2,0,0,0,0,1,250,,8,258,676,GRUPO DE RECUENTO,,,
,31,YUCATAN,3,MERIDA,50,MERIDA,477,B,1,0,B,97,47,0,9,4,8,92,2,2,0,1,0,0,0,0,0,262,,3,265,625,ACTA DE CASILLA,,,
,31,YUCATAN,3,MERIDA,50,MERIDA,477,C,1,0,C01,82,48,2,7,4,10,86,0,2,7,1,0,0,0,0,0,249,,5,254,625,ACTA DE CASILLA,,,
,31,YUCATAN,3,MERIDA,50,MERIDA,477,C,2,0,C02,87,56,3,9,2,10,76,4,2,4,1,0,0,2,0,0,256,1,6,263,624,ACTA DE CASILLA,,,
,31,YUCATAN,3,MERIDA,50,MERIDA,477,C,3,0,C03,79,47,5,5,1,5,87,4,1,1,2,0,0,0,0,0,237,,5,242,624,ACTA DE CASILLA,,,
,31,YUCATAN,3,MERIDA,50,MERIDA,477,C,4,0,C04,111,53,2,4,0,2,86,1,2,5,2,0,0,0,0,0,268,1,4,273,624,ACTA DE CASILLA,,,
,31,YUCATAN,2,MERIDA,50,MERIDA,478,B,1,0,B,83,37,4,8,4,4,98,4,0,12,2,0,0,0,0,0,256,1,19,276,616,ACTA DE CASILLA,,,
,31,YUCATAN,2,MERIDA,50,MERIDA,478,C,1,0,C01,83,42,4,6,6,5,105,3,2,5,0,0,0,0,0,0,261,0,9,270,615,ACTA DE CASILLA,,,
,31,YUCATAN,2,MERIDA,50,MERIDA,479,B,1,0,B,74,85,5,8,3,1,60,1,0,2,3,0,0,0,0,0,242,0,6,248,436,ACTA DE CASILLA,,,
,31,YUCATAN,2,MERIDA,50,MERIDA,479,C,1,0,C01,70,73,2,4,1,3,79,0,0,2,1,0,0,0,0,0,235,0,9,244,436,ACTA DE CASILLA,,,
,31,YUCATAN,2,MERIDA,50,MERIDA,480,B,1,0,B,88,41,3,7,2,7,100,2,2,3,1,0,0,0,0,0,256,0,12,268,490,ACTA DE CASILLA,,,
,31,YUCATAN,2,MERIDA,50,MERIDA,480,C,1,0,C01,77,38,3,6,4,0,72,1,4,3,1,0,0,0,0,0,209,0,7,216,489,ACTA DE CASILLA,,,
,31,YUCATAN,1,MERIDA,50,MERIDA,481,B,1,0,B,151,57,1,4,3,4,91,2,4,6,0,0,0,0,0,1,324,0,4,328,617,ACTA DE CASILLA,,,
,31,YUCATAN,1,MERIDA,50,MERIDA,482,B,1,0,B,73,34,0,3,0,6,64,4,3,5,1,0,0,1,0,0,194,1,4,199,383,ACTA DE CASILLA,,,
,31,YUCATAN,1,MERIDA,50,MERIDA,482,C,1,0,C01,76,28,2,5,1,11,89,1,3,4,2,0,0,0,0,0,222,0,1,223,382,ACTA DE CASILLA,,,
,31,YUCATAN,1,MERIDA,50,MERIDA,483,B,1,0,B,116,53,2,3,1,6,64,2,3,4,0,0,0,0,0,1,255,0,8,263,474,ACTA DE CASILLA,,,
,31,YUCATAN,1,MERIDA,50,MERIDA,483,C,1,0,C01,121,57,2,2,6,8,78,1,3,4,4,0,0,0,0,1,287,0,6,293,474,ACTA DE CASILLA,,,
,31,YUCATAN,1,MERIDA,50,MERIDA,484,B,1,0,B,104,67,2,6,1,6,51,1,1,3,0,0,0,0,0,1,243,0,5,248,411,ACTA DE CASILLA,,,
,31,YUCATAN,1,MERIDA,50,MERIDA,484,C,1,0,C01,115,39,1,1,4,11,46,2,2,1,0,0,0,0,0,0,222,0,6,228,410,ACTA DE CASILLA,,,
,31,YUCATAN,1,MERIDA,50,MERIDA,485,B,1,0,B,197,124,6,5,6,8,106,4,4,9,2,0,0,0,0,1,472,1,15,488,747,ACTA DE CASILLA,,,
,31,YUCATAN,1,MERIDA,50,MERIDA,486,B,1,0,B,143,85,2,5,4,13,70,1,2,9,3,0,0,0,0,1,338,0,7,345,586,ACTA DE CASILLA,,,
,31,YUCATAN,1,MERIDA,50,MERIDA,486,C,1,0,C01,157,78,2,3,6,11,62,6,1,8,1,0,0,0,0,0,335,1,5,341,586,ACTA DE CASILLA,,,
,31,YUCATAN,1,MERIDA,50,MERIDA,487,B,1,0,B,111,80,3,4,2,5,88,3,0,5,1,0,0,0,0,0,302,0,11,313,544,ACTA DE CASILLA,,,
,31,YUCATAN,1,MERIDA,50,MERIDA,487,C,1,0,C01,140,56,1,3,3,9,79,2,2,4,3,0,0,0,0,0,302,0,9,311,544,ACTA DE CASILLA,,,
,31,YUCATAN,1,MERIDA,50,MERIDA,488,B,1,0,B,119,73,5,3,3,8,109,1,2,4,2,0,0,0,0,0,329,0,13,342,705,ACTA DE CASILLA,,,
,31,YUCATAN,1,MERIDA,50,MERIDA,488,C,1,0,C01,128,71,2,2,2,10,95,3,1,8,2,0,0,0,0,0,324,0,0,324,705,ACTA DE CASILLA,,,
,31,YUCATAN,1,MERIDA,50,MERIDA,488,C,2,0,C02,113,78,2,7,2,6,117,5,1,7,0,0,0,0,0,1,339,0,7,346,705,ACTA DE CASILLA,,,
,31,YUCATAN,1,MERIDA,50,MERIDA,489,B,1,0,B,91,81,2,4,1,6,78,4,0,9,1,0,0,0,0,0,277,0,11,288,543,ACTA DE CASILLA,,,
,31,YUCATAN,1,MERIDA,50,MERIDA,489,C,1,0,C01,94,59,0,1,10,5,92,3,1,0,3,0,0,0,0,0,268,0,8,276,542,ACTA DE CASILLA,,,
,31,YUCATAN,1,MERIDA,50,MERIDA,490,B,1,0,B,102,86,2,2,5,9,94,2,1,22,2,0,0,0,0,0,327,0,9,336,616,ACTA DE CASILLA,,,
,31,YUCATAN,1,MERIDA,50,MERIDA,490,C,1,0,C01,117,60,1,4,1,9,104,4,2,11,3,0,0,0,0,1,317,0,17,334,615,ACTA DE CASILLA,,,
,31,YUCATAN,1,MERIDA,50,MERIDA,491,B,1,0,B,75,52,1,3,2,4,100,1,1,29,0,0,0,0,0,0,268,1,14,283,582,GRUPO DE RECUENTO,,,
,31,YUCATAN,1,MERIDA,50,MERIDA,491,C,1,0,C01,86,64,3,9,2,4,95,3,0,29,3,0,0,0,0,0,298,0,14,312,581,ACTA DE CASILLA,,,
,31,YUCATAN,1,MERIDA,50,MERIDA,491,C,2,0,C02,74,76,3,5,2,4,90,0,3,15,1,0,0,0,0,1,274,0,13,287,581,GRUPO DE RECUENTO,,,
,31,YUCATAN,1,MERIDA,50,MERIDA,492,B,1,0,B,87,67,3,2,0,2,78,0,1,13,5,0,0,0,0,0,258,0,13,271,531,ACTA DE CASILLA,,,
,31,YUCATAN,1,MERIDA,50,MERIDA,492,C,1,0,C01,96,68,3,1,1,3,61,1,0,15,1,0,0,0,0,0,250,0,9,259,531,ACTA DE CASILLA,,,
,31,YUCATAN,1,MERIDA,50,MERIDA,492,C,2,0,C02,68,48,2,2,2,6,84,4,0,15,2,0,0,0,0,1,234,0,6,240,530,ACTA DE CASILLA,,,
,31,YUCATAN,1,MERIDA,50,MERIDA,493,B,1,0,B,94,51,1,3,6,4,86,1,1,6,1,0,0,0,0,0,254,1,9,264,524,ACTA DE CASILLA,,,
,31,YUCATAN,1,MERIDA,50,MERIDA,493,C,1,0,C01,108,56,4,3,1,6,61,2,2,4,0,0,0,0,0,0,247,0,10,257,524,ACTA DE CASILLA,,,
,31,YUCATAN,1,MERIDA,50,MERIDA,493,C,2,0,C02,89,51,4,6,2,6,98,2,2,8,2,0,0,0,0,0,270,0,13,283,524,ACTA DE CASILLA,,,
,31,YUCATAN,1,MERIDA,50,MERIDA,494,B,1,0,B,102,77,5,5,2,11,65,7,5,10,3,0,0,0,0,0,292,0,4,296,616,ACTA DE CASILLA,,,
,31,YUCATAN,1,MERIDA,50,MERIDA,494,C,1,0,C01,104,61,1,2,10,6,77,4,1,12,2,0,0,1,0,0,281,0,5,286,615,ACTA DE CASILLA,,,
,31,YUCATAN,1,MERIDA,50,MERIDA,494,C,2,0,C02,114,56,2,7,3,6,84,5,2,2,1,0,0,0,0,0,282,0,7,289,615,ACTA DE CASILLA,,,
,31,YUCATAN,1,MERIDA,50,MERIDA,494,C,3,0,C03,129,74,1,3,1,9,70,5,0,2,1,0,0,0,0,0,295,0,11,306,615,ACTA DE CASILLA,,,
,31,YUCATAN,1,MERIDA,50,MERIDA,494,C,4,0,C04,119,63,2,4,1,1,80,5,0,9,3,0,0,0,0,1,288,0,4,292,615,ACTA DE CASILLA,,,
,31,YUCATAN,1,MERIDA,50,MERIDA,495,B,1,0,B,111,61,1,4,3,4,75,7,1,10,2,0,0,0,0,0,279,0,10,289,590,ACTA DE CASILLA,,,
,31,YUCATAN,1,MERIDA,50,MERIDA,495,C,1,0,C01,115,73,3,3,0,2,85,2,1,5,1,0,0,0,0,0,290,1,7,298,589,ACTA DE CASILLA,,,
,31,YUCATAN,1,MERIDA,50,MERIDA,496,B,1,0,B,165,74,2,1,5,8,125,5,2,9,0,0,0,0,0,0,396,1,8,405,746,ACTA DE CASILLA,,,
,31,YUCATAN,1,MERIDA,50,MERIDA,496,C,1,0,C01,187,65,0,6,2,8,100,2,0,4,1,0,0,0,0,1,376,0,10,386,746,ACTA DE CASILLA,,,
,31,YUCATAN,1,MERIDA,50,MERIDA,497,B,1,0,B,137,88,2,3,3,5,105,7,2,2,1,0,0,0,0,0,355,0,10,365,607,ACTA DE CASILLA,,,
,31,YUCATAN,2,MERIDA,50,MERIDA,498,B,1,0,B,64,46,1,10,3,3,90,2,0,1,2,0,0,0,0,0,222,0,8,230,489,GRUPO DE RECUENTO,,,
,31,YUCATAN,2,MERIDA,50,MERIDA,498,C,1,0,C01,66,53,2,2,4,4,81,2,0,3,0,0,0,0,0,0,217,0,0,217,489,ACTA DE CASILLA,,,
,31,YUCATAN,2,MERIDA,50,MERIDA,499,B,1,0,B,62,39,0,3,1,2,99,4,0,4,0,0,0,0,0,0,214,0,6,220,476,ACTA DE CASILLA,,,
,31,YUCATAN,2,MERIDA,50,MERIDA,499,C,1,0,C01,68,41,5,5,2,4,79,6,2,5,0,0,0,0,0,0,217,0,10,227,475,ACTA DE CASILLA,,,
,31,YUCATAN,2,MERIDA,50,MERIDA,500,B,1,0,B,76,57,3,6,3,4,103,2,2,1,3,0,0,0,0,0,260,0,9,269,607,ACTA DE CASILLA,,,
,31,YUCATAN,2,MERIDA,50,MERIDA,500,C,1,0,C01,81,40,6,11,0,8,86,5,2,5,1,0,0,0,0,0,245,0,12,257,606,ACTA DE CASILLA,,,
,31,YUCATAN,2,MERIDA,50,MERIDA,500,C,2,0,C02,71,39,4,6,3,5,93,4,4,10,1,0,0,0,0,0,240,0,14,254,606,ACTA DE CASILLA,,,
,31,YUCATAN,2,MERIDA,50,MERIDA,501,B,1,0,B,131,67,2,7,0,9,73,3,2,3,4,0,0,0,0,0,301,1,7,309,596,ACTA DE CASILLA,,,
,31,YUCATAN,1,MERIDA,50,MERIDA,502,B,1,0,B,120,76,3,6,6,7,114,1,1,1,4,0,0,0,0,0,339,0,16,355,653,ACTA DE CASILLA,,,
,31,YUCATAN,1,MERIDA,50,MERIDA,503,B,1,0,B,141,77,4,5,3,12,95,3,1,2,1,0,0,0,0,1,345,1,8,354,674,ACTA DE CASILLA,,,
,31,YUCATAN,1,MERIDA,50,MERIDA,504,B,1,0,B,102,70,1,4,2,6,89,5,2,0,0,0,0,0,0,0,281,0,10,291,572,ACTA DE CASILLA,,,
,31,YUCATAN,1,MERIDA,50,MERIDA,504,C,1,0,C01,95,65,0,4,1,10,114,1,2,1,1,0,0,0,0,2,296,0,15,311,572,ACTA DE CASILLA,,,
,31,YUCATAN,1,MERIDA,50,MERIDA,505,B,1,0,B,92,45,1,4,2,7,88,2,1,2,2,0,0,0,0,1,247,0,8,255,463,ACTA DE CASILLA,,,
,31,YUCATAN,1,MERIDA,50,MERIDA,505,C,1,0,C01,70,53,0,0,2,7,72,4,2,6,1,0,0,0,0,0,217,0,4,221,463,ACTA DE CASILLA,,,
,31,YUCATAN,1,MERIDA,50,MERIDA,506,B,1,0,B,114,64,3,4,1,3,65,4,1,6,2,0,0,0,0,0,267,0,8,275,460,ACTA DE CASILLA,,,
,31,YUCATAN,1,MERIDA,50,MERIDA,506,C,1,0,C01,102,63,2,2,1,9,69,11,0,4,1,0,0,0,0,0,264,1,10,275,459,ACTA DE CASILLA,,,
,31,YUCATAN,1,MERIDA,50,MERIDA,507,B,1,0,B,73,61,0,2,0,1,69,4,2,6,1,0,0,0,0,0,219,0,11,230,425,ACTA DE CASILLA,,,
,31,YUCATAN,1,MERIDA,50,MERIDA,507,C,1,0,C01,96,46,0,4,2,4,55,3,0,2,2,0,0,0,0,0,214,0,10,224,424,ACTA DE CASILLA,,,
,31,YUCATAN,1,MERIDA,50,MERIDA,508,B,1,0,B,137,51,0,3,0,10,88,3,4,7,0,0,0,0,0,1,304,0,13,317,639,ACTA DE CASILLA,,,
,31,YUCATAN,1,MERIDA,50,MERIDA,508,C,1,0,C01,133,48,1,4,2,8,96,2,0,4,3,0,0,0,0,1,302,0,8,310,638,ACTA DE CASILLA,,,
,31,YUCATAN,1,MERIDA,50,MERIDA,508,C,2,0,C02,98,69,1,2,1,4,106,2,0,4,2,0,0,0,0,0,289,0,10,299,638,ACTA DE CASILLA,,,
,31,YUCATAN,1,MERIDA,50,MERIDA,508,C,3,0,C03,137,42,3,4,0,6,92,4,1,4,0,0,0,0,0,0,293,0,16,309,638,ACTA DE CASILLA,,,
,31,YUCATAN,1,MERIDA,50,MERIDA,508,C,4,0,C04,93,55,3,2,5,7,87,5,0,5,1,0,0,0,0,0,263,0,7,270,638,ACTA DE CASILLA,,,
,31,YUCATAN,1,MERIDA,50,MERIDA,509,B,1,0,B,82,55,2,3,1,2,65,1,1,2,0,0,0,0,0,1,215,0,3,218,398,ACTA DE CASILLA,,,
,31,YUCATAN,1,MERIDA,50,MERIDA,509,C,1,0,C01,78,49,0,6,0,3,67,2,0,11,2,0,0,0,0,0,218,0,5,223,397,ACTA DE CASILLA,,,
,31,YUCATAN,1,MERIDA,50,MERIDA,510,B,1,0,B,131,80,0,10,6,10,78,7,3,11,2,0,0,0,0,0,338,1,11,350,750,ACTA DE CASILLA,,,
,31,YUCATAN,1,MERIDA,50,MERIDA,510,C,1,0,C01,113,65,1,4,5,4,91,2,3,7,2,0,0,0,0,1,298,0,11,309,750,ACTA DE CASILLA,,,
,31,YUCATAN,1,MERIDA,50,MERIDA,510,C,2,0,C02,135,64,0,4,4,7,81,4,4,8,2,0,0,0,0,0,313,0,12,325,750,ACTA DE CASILLA,,,
,31,YUCATAN,1,MERIDA,50,MERIDA,510,C,3,0,C03,118,86,2,2,5,2,79,5,4,3,2,0,0,0,0,2,310,0,9,319,750,ACTA DE CASILLA,,,
,31,YUCATAN,1,MERIDA,50,MERIDA,510,C,4,0,C04,109,57,1,2,2,7,98,7,1,4,0,0,0,1,0,3,292,0,9,301,749,ACTA DE CASILLA,,,
,31,YUCATAN,1,MERIDA,50,MERIDA,510,C,5,0,C05,113,73,1,6,0,2,81,10,1,5,1,0,0,0,0,0,293,0,3,296,749,ACTA DE CASILLA,,,
,31,YUCATAN,1,MERIDA,50,MERIDA,510,C,6,0,C06,108,66,2,7,4,4,76,5,2,5,0,0,0,0,0,0,279,0,11,290,749,ACTA DE CASILLA,,,
,31,YUCATAN,1,MERIDA,50,MERIDA,510,C,7,0,C07,120,56,0,4,6,2,93,6,4,7,1,0,0,0,0,0,299,0,8,307,749,ACTA DE CASILLA,,,
,31,YUCATAN,1,MERIDA,50,MERIDA,510,C,8,0,C08,135,79,0,1,1,3,88,3,3,2,0,0,0,0,0,0,315,0,6,321,749,ACTA DE CASILLA,,,
,31,YUCATAN,1,MERIDA,50,MERIDA,510,C,9,0,C09,113,68,3,2,3,6,95,3,2,10,1,0,0,0,0,0,306,0,10,316,749,ACTA DE CASILLA,,,
,31,YUCATAN,1,MERIDA,50,MERIDA,510,C,10,0,C10,121,77,6,5,3,2,85,5,1,6,1,0,0,0,0,0,312,0,11,323,749,ACTA DE CASILLA,,,
,31,YUCATAN,1,MERIDA,50,MERIDA,510,C,11,0,C11,112,66,2,3,1,8,88,5,1,10,6,0,0,0,0,0,302,0,7,309,749,ACTA DE CASILLA,,,
,31,YUCATAN,1,MERIDA,50,MERIDA,510,C,12,0,C12,117,73,1,4,6,5,92,4,2,3,1,0,0,0,0,0,308,0,11,319,749,ACTA DE CASILLA,,,
,31,YUCATAN,1,MERIDA,50,MERIDA,510,C,13,0,C13,133,75,0,2,3,6,83,2,2,6,3,0,0,0,0,0,315,0,5,320,749,ACTA DE CASILLA,,,
,31,YUCATAN,1,MERIDA,50,MERIDA,511,B,1,0,B,87,62,0,2,5,12,59,1,1,4,1,0,0,0,0,0,234,0,4,238,475,ACTA DE CASILLA,,,
,31,YUCATAN,1,MERIDA,50,MERIDA,511,C,1,0,C01,92,41,1,3,3,13,80,1,2,2,1,0,0,0,0,0,239,0,8,247,475,ACTA DE CASILLA,,,
,31,YUCATAN,1,MERIDA,50,MERIDA,512,B,1,0,B,119,46,0,5,3,5,67,4,1,8,1,0,0,0,0,1,260,0,14,274,508,ACTA DE CASILLA,,,
,31,YUCATAN,1,MERIDA,50,MERIDA,512,C,1,0,C01,114,51,1,4,5,4,79,2,0,4,1,0,0,0,0,0,265,0,5,270,508,ACTA DE CASILLA,,,
,31,YUCATAN,1,MERIDA,50,MERIDA,512,C,2,0,C02,108,37,3,3,3,7,88,1,2,10,0,0,0,0,0,0,262,0,9,271,507,ACTA DE CASILLA,,,
,31,YUCATAN,1,MERIDA,50,MERIDA,513,B,1,0,B,145,44,3,3,3,8,100,2,1,4,3,0,0,1,0,0,317,0,8,325,673,ACTA DE CASILLA,,,
,31,YUCATAN,1,MERIDA,50,MERIDA,513,C,1,0,C01,139,58,0,2,4,7,80,8,0,6,1,0,0,0,0,1,306,0,15,321,672,ACTA DE CASILLA,,,
,31,YUCATAN,1,MERIDA,50,MERIDA,514,B,1,0,B,112,52,3,4,4,8,88,5,2,4,1,0,0,0,0,1,284,0,10,294,542,ACTA DE CASILLA,,,
,31,YUCATAN,1,MERIDA,50,MERIDA,514,C,1,0,C01,115,46,2,2,3,9,90,5,3,4,2,0,0,0,0,0,281,0,9,290,542,ACTA DE CASILLA,,,
,31,YUCATAN,1,MERIDA,50,MERIDA,515,B,1,0,B,99,50,2,3,6,7,106,7,1,6,1,0,0,0,0,0,288,0,7,295,566,ACTA DE CASILLA,,,
,31,YUCATAN,1,MERIDA,50,MERIDA,515,C,1,0,C01,103,51,0,5,1,14,93,3,2,0,3,0,0,0,0,0,275,1,6,282,566,ACTA DE CASILLA,,,
,31,YUCATAN,1,MERIDA,50,MERIDA,515,C,2,0,C02,85,43,1,4,4,11,102,4,3,1,2,0,0,1,0,0,261,0,2,263,565,ACTA DE CASILLA,,,
,31,YUCATAN,1,MERIDA,50,MERIDA,516,B,1,0,B,107,43,2,8,2,4,79,4,2,1,3,0,0,0,0,0,255,0,11,266,505,ACTA DE CASILLA,,,
,31,YUCATAN,1,MERIDA,50,MERIDA,516,C,1,0,C01,86,71,0,4,1,6,68,3,2,0,3,0,0,0,0,0,244,0,9,253,505,ACTA DE CASILLA,,,
,31,YUCATAN,1,MERIDA,50,MERIDA,517,B,1,0,B,147,77,1,2,2,8,130,6,0,3,1,0,0,0,0,1,378,0,11,389,735,ACTA DE CASILLA,,,
,31,YUCATAN,1,MERIDA,50,MERIDA,517,C,1,0,C01,0,0,0,0,0,0,0,0,0,0,0,0,0,0,0,0,0,,,0,735,GRUPO DE RECUENTO,,,
,31,YUCATAN,1,MERIDA,50,MERIDA,518,B,1,0,B,78,61,1,5,2,2,82,7,3,1,0,0,0,0,0,0,242,0,10,252,408,ACTA DE CASILLA,,,
,31,YUCATAN,1,MERIDA,50,MERIDA,518,C,1,0,C01,63,65,0,1,3,7,71,3,0,1,3,0,0,0,0,0,217,1,6,224,407,ACTA DE CASILLA,,,
,31,YUCATAN,1,MERIDA,50,MERIDA,519,B,1,0,B,116,102,1,6,4,7,118,2,5,3,3,0,0,0,0,0,367,0,13,380,730,ACTA DE CASILLA,,,
,31,YUCATAN,1,MERIDA,50,MERIDA,519,C,1,0,C01,121,87,2,6,4,7,92,2,2,5,0,0,0,0,0,0,328,0,12,340,730,ACTA DE CASILLA,,,
,31,YUCATAN,1,MERIDA,50,MERIDA,520,B,1,0,B,106,72,5,3,1,4,89,3,2,2,3,0,0,0,0,1,291,0,3,294,532,ACTA DE CASILLA,,,
,31,YUCATAN,1,MERIDA,50,MERIDA,520,C,1,0,C01,104,79,1,2,1,7,89,3,1,7,7,0,0,0,0,2,303,0,7,310,531,ACTA DE CASILLA,,,
,31,YUCATAN,2,MERIDA,50,MERIDA,521,B,1,0,B,98,71,2,5,3,8,98,4,2,2,3,0,0,0,0,0,296,0,8,304,586,ACTA DE CASILLA,,,
,31,YUCATAN,2,MERIDA,50,MERIDA,522,B,1,0,B,85,75,2,3,0,3,73,3,1,5,1,0,0,0,0,0,251,0,5,256,454,ACTA DE CASILLA,,,
,31,YUCATAN,2,MERIDA,50,MERIDA,522,C,1,0,C01,82,74,0,0,3,4,62,2,0,3,4,0,0,0,0,0,234,0,12,246,454,ACTA DE CASILLA,,,
,31,YUCATAN,2,MERIDA,50,MERIDA,523,B,1,0,B,113,71,3,2,4,2,118,1,0,1,1,0,0,0,0,0,316,0,7,323,616,ACTA DE CASILLA,,,
,31,YUCATAN,2,MERIDA,50,MERIDA,523,C,1,0,C01,101,63,4,1,2,7,127,3,2,0,2,0,0,0,0,0,312,0,16,328,615,ACTA DE CASILLA,,,
,31,YUCATAN,2,MERIDA,50,MERIDA,524,B,1,0,B,144,67,1,5,3,5,121,1,5,9,4,0,0,0,0,0,365,0,13,378,734,ACTA DE CASILLA,,,
,31,YUCATAN,1,MERIDA,50,MERIDA,525,B,1,0,B,59,58,0,23,1,2,69,1,2,4,0,0,0,0,0,0,219,1,7,227,433,ACTA DE CASILLA,,,
,31,YUCATAN,1,MERIDA,50,MERIDA,525,C,1,0,C01,55,65,2,2,0,4,68,2,1,4,0,0,0,0,0,0,203,0,8,211,432,ACTA DE CASILLA,,,
,31,YUCATAN,1,MERIDA,50,MERIDA,526,B,1,0,B,126,55,2,10,3,8,99,7,1,2,4,0,0,0,0,1,318,0,9,327,684,ACTA DE CASILLA,,,
,31,YUCATAN,1,MERIDA,50,MERIDA,526,C,1,0,C01,119,55,3,8,5,3,109,6,2,8,0,0,0,1,0,0,319,0,7,326,684,ACTA DE CASILLA,,,
,31,YUCATAN,1,MERIDA,50,MERIDA,527,B,1,0,B,116,42,7,4,2,8,98,1,0,3,6,0,0,0,0,0,287,0,5,292,562,ACTA DE CASILLA,,,
,31,YUCATAN,1,MERIDA,50,MERIDA,527,C,1,0,C01,129,49,1,5,3,14,83,1,0,3,3,0,0,0,0,0,291,0,7,298,562,ACTA DE CASILLA,,,
,31,YUCATAN,1,MERIDA,50,MERIDA,527,C,2,0,C02,133,56,1,3,4,10,77,2,2,2,1,0,0,0,0,0,291,0,9,300,561,ACTA DE CASILLA,,,
,31,YUCATAN,1,MERIDA,50,MERIDA,528,B,1,0,B,164,79,2,6,4,16,115,5,9,3,6,0,0,0,0,0,409,0,7,416,748,ACTA DE CASILLA,,,
,31,YUCATAN,1,MERIDA,50,MERIDA,528,C,1,0,C01,142,87,3,7,2,9,116,1,8,7,2,0,0,0,0,0,384,0,7,391,747,ACTA DE CASILLA,,,
,31,YUCATAN,1,MERIDA,50,MERIDA,529,B,1,0,B,104,58,3,3,3,7,123,6,3,1,0,0,0,0,0,2,313,0,9,322,649,ACTA DE CASILLA,,,
,31,YUCATAN,1,MERIDA,50,MERIDA,529,C,1,0,C01,87,60,2,1,4,5,112,15,1,3,4,0,0,0,0,0,294,0,6,300,648,ACTA DE CASILLA,,,
,31,YUCATAN,1,MERIDA,50,MERIDA,530,B,1,0,B,104,51,2,2,3,5,89,9,1,3,1,0,0,0,0,0,270,0,11,281,600,ACTA DE CASILLA,,,
,31,YUCATAN,1,MERIDA,50,MERIDA,530,C,1,0,C01,112,61,1,3,1,3,75,10,0,3,0,0,0,0,0,1,270,0,11,281,599,ACTA DE CASILLA,,,
,31,YUCATAN,1,MERIDA,50,MERIDA,530,C,2,0,C02,98,50,3,10,1,3,86,6,0,9,3,0,0,0,0,0,269,0,9,278,599,ACTA DE CASILLA,,,
,31,YUCATAN,1,MERIDA,50,MERIDA,531,B,1,0,B,102,57,3,4,2,3,81,4,0,6,0,0,0,0,0,0,262,0,4,266,451,ACTA DE CASILLA,,,
,31,YUCATAN,1,MERIDA,50,MERIDA,531,C,1,0,C01,107,37,1,1,4,7,78,5,1,5,2,0,0,0,0,0,248,0,10,258,451,ACTA DE CASILLA,,,
,31,YUCATAN,1,MERIDA,50,MERIDA,532,B,1,0,B,81,66,1,5,4,7,101,2,3,1,1,0,0,0,0,0,272,0,4,276,657,ACTA DE CASILLA,,,
,31,YUCATAN,1,MERIDA,50,MERIDA,532,C,1,0,C01,79,56,1,3,3,2,109,3,0,4,2,0,0,1,0,0,263,0,13,276,657,ACTA DE CASILLA,,,
,31,YUCATAN,1,MERIDA,50,MERIDA,532,C,2,0,C02,90,53,2,7,4,6,107,3,0,1,2,0,0,0,0,0,275,0,9,284,657,ACTA DE CASILLA,,,
,31,YUCATAN,1,MERIDA,50,MERIDA,533,B,1,0,B,119,50,2,7,6,3,85,8,2,0,2,0,0,0,0,0,284,0,7,291,558,ACTA DE CASILLA,,,
,31,YUCATAN,1,MERIDA,50,MERIDA,533,C,1,0,C01,106,45,1,5,3,8,88,3,2,2,3,0,0,0,0,0,266,0,8,274,557,ACTA DE CASILLA,,,
,31,YUCATAN,1,MERIDA,50,MERIDA,534,B,1,0,B,122,94,1,2,5,14,94,8,1,3,5,0,0,0,0,0,349,0,19,368,562,ACTA DE CASILLA,,,
,31,YUCATAN,1,MERIDA,50,MERIDA,534,C,1,0,C01,112,67,1,5,1,10,123,7,2,0,1,0,0,0,0,1,330,1,11,342,561,ACTA DE CASILLA,,,
,31,YUCATAN,1,MERIDA,50,MERIDA,535,B,1,0,B,95,47,1,5,9,3,80,4,3,1,0,0,0,0,0,0,248,0,13,261,529,ACTA DE CASILLA,,,
,31,YUCATAN,1,MERIDA,50,MERIDA,535,C,1,0,C01,105,51,6,2,5,4,75,0,2,2,3,0,0,0,0,0,255,0,17,272,529,ACTA DE CASILLA,,,
,31,YUCATAN,1,MERIDA,50,MERIDA,536,B,1,0,B,104,54,2,2,3,4,83,0,2,4,0,0,0,0,0,1,259,0,7,266,527,ACTA DE CASILLA,,,
,31,YUCATAN,1,MERIDA,50,MERIDA,536,C,1,0,C01,103,48,1,3,1,8,102,3,0,9,1,0,0,0,0,0,279,0,9,288,526,ACTA DE CASILLA,,,
,31,YUCATAN,1,MERIDA,50,MERIDA,537,B,1,0,B,144,87,2,4,4,5,92,5,1,9,5,0,0,0,0,0,358,0,15,373,713,ACTA DE CASILLA,,,
,31,YUCATAN,1,MERIDA,50,MERIDA,537,C,1,0,C01,132,100,4,3,3,8,98,6,1,13,1,0,0,0,0,0,369,0,19,388,712,ACTA DE CASILLA,,,
,31,YUCATAN,1,MERIDA,50,MERIDA,538,B,1,0,B,128,86,1,0,5,12,93,4,1,16,3,0,0,0,0,0,349,1,11,361,667,ACTA DE CASILLA,,,
,31,YUCATAN,1,MERIDA,50,MERIDA,538,C,1,0,C01,107,97,0,8,8,12,112,6,2,15,2,0,0,0,0,1,370,0,9,379,667,ACTA DE CASILLA,,,
,31,YUCATAN,1,MERIDA,50,MERIDA,539,B,1,0,B,98,43,1,3,4,5,72,1,5,5,1,0,0,0,0,0,238,0,10,248,476,ACTA DE CASILLA,,,
,31,YUCATAN,1,MERIDA,50,MERIDA,539,C,1,0,C01,106,57,1,3,3,9,59,2,0,8,2,0,0,0,0,0,250,0,4,254,476,ACTA DE CASILLA,,,
,31,YUCATAN,2,MERIDA,50,MERIDA,540,B,1,0,B,97,72,0,5,2,6,89,0,3,5,1,0,0,0,0,0,280,1,3,284,499,ACTA DE CASILLA,,,
,31,YUCATAN,2,MERIDA,50,MERIDA,540,C,1,0,C01,74,79,1,10,2,4,74,2,1,4,5,0,0,0,0,0,256,0,14,270,499,ACTA DE CASILLA,,,
,31,YUCATAN,7,MERIDA,50,MERIDA,541,B,1,0,B,91,58,1,4,8,5,100,3,0,3,0,0,0,0,0,0,273,0,6,279,476,ACTA DE CASILLA,,,
,31,YUCATAN,7,MERIDA,50,MERIDA,541,C,1,0,C01,86,58,2,7,1,8,80,3,1,1,0,0,0,0,0,0,247,0,7,254,476,GRUPO DE RECUENTO,,,
,31,YUCATAN,7,MERIDA,50,MERIDA,542,B,1,0,B,89,53,3,6,3,4,96,0,0,4,0,0,0,0,0,0,258,1,6,265,468,ACTA DE CASILLA,,,
,31,YUCATAN,7,MERIDA,50,MERIDA,542,C,1,0,C01,78,63,7,7,5,3,76,0,1,4,2,0,0,0,0,0,246,0,7,253,468,GRUPO DE RECUENTO,,,
,31,YUCATAN,1,MERIDA,50,MERIDA,543,B,1,0,B,70,60,2,0,2,7,76,1,1,2,0,0,0,0,0,0,221,0,6,227,415,ACTA DE CASILLA,,,
,31,YUCATAN,1,MERIDA,50,MERIDA,543,C,1,0,C01,85,68,1,4,1,12,65,2,0,5,4,0,0,0,0,0,247,0,7,254,415,ACTA DE CASILLA,,,
,31,YUCATAN,7,MERIDA,50,MERIDA,544,B,1,0,B,85,73,2,2,3,4,78,2,4,1,4,0,0,0,0,0,258,0,9,267,493,GRUPO DE RECUENTO,,,
,31,YUCATAN,7,MERIDA,50,MERIDA,544,C,1,0,C01,79,63,1,7,4,7,78,5,1,3,0,0,0,0,0,0,248,0,7,255,492,GRUPO DE RECUENTO,,,
,31,YUCATAN,7,MERIDA,50,MERIDA,545,B,1,0,B,97,68,1,7,2,7,72,3,0,5,2,0,0,0,0,0,264,0,12,276,511,ACTA DE CASILLA,,,
,31,YUCATAN,7,MERIDA,50,MERIDA,545,C,1,0,C01,89,53,1,5,6,3,86,5,1,0,1,0,0,0,0,0,250,0,7,257,511,GRUPO DE RECUENTO,,,
,31,YUCATAN,1,MERIDA,50,MERIDA,546,B,1,0,B,91,109,2,4,2,6,117,3,6,4,0,0,0,0,0,0,344,0,12,356,641,ACTA DE CASILLA,,,
,31,YUCATAN,1,MERIDA,50,MERIDA,546,C,1,0,C01,101,104,2,2,2,7,99,9,0,2,4,0,0,1,0,0,333,0,16,349,640,ACTA DE CASILLA,,,
,31,YUCATAN,1,MERIDA,50,MERIDA,547,B,1,0,B,89,41,5,3,4,5,85,4,3,7,3,0,0,0,0,1,250,1,4,255,502,ACTA DE CASILLA,,,
,31,YUCATAN,1,MERIDA,50,MERIDA,547,C,1,0,C01,79,49,0,2,5,4,114,5,3,6,3,0,0,0,0,1,271,0,9,280,501,ACTA DE CASILLA,,,
,31,YUCATAN,1,MERIDA,50,MERIDA,548,B,1,0,B,79,31,0,4,2,8,98,3,1,5,1,0,0,0,0,0,232,0,9,241,452,ACTA DE CASILLA,,,
,31,YUCATAN,1,MERIDA,50,MERIDA,548,C,1,0,C01,86,35,0,2,10,8,93,1,3,2,0,0,0,0,0,0,240,0,8,248,452,ACTA DE CASILLA,,,
,31,YUCATAN,1,MERIDA,50,MERIDA,549,B,1,0,B,111,79,3,6,7,5,146,6,6,3,3,0,0,0,0,0,375,0,5,380,656,ACTA DE CASILLA,,,
,31,YUCATAN,1,MERIDA,50,MERIDA,549,C,1,0,C01,102,102,3,1,1,6,140,6,3,4,2,0,0,1,0,0,371,2,6,379,656,ACTA DE CASILLA,,,
,31,YUCATAN,1,MERIDA,50,MERIDA,550,B,1,0,B,159,107,6,4,6,12,107,1,4,3,10,0,0,0,0,0,419,0,14,433,696,ACTA DE CASILLA,,,
,31,YUCATAN,1,MERIDA,50,MERIDA,551,B,1,0,B,112,57,4,3,3,10,93,4,1,8,0,0,0,0,0,1,296,0,9,305,577,ACTA DE CASILLA,,,
,31,YUCATAN,1,MERIDA,50,MERIDA,551,C,1,0,C01,128,62,2,4,3,9,81,2,0,8,0,0,0,0,0,0,299,0,14,313,577,ACTA DE CASILLA,,,
,31,YUCATAN,1,MERIDA,50,MERIDA,552,B,1,0,B,87,36,1,3,1,5,55,2,2,3,3,0,0,1,0,0,199,0,9,208,473,ACTA DE CASILLA,,,
,31,YUCATAN,1,MERIDA,50,MERIDA,552,C,1,0,C01,98,43,1,2,2,3,54,2,1,3,2,0,0,0,0,0,211,0,4,215,472,ACTA DE CASILLA,,,
,31,YUCATAN,1,MERIDA,50,MERIDA,553,B,1,0,B,89,45,4,3,7,11,67,3,2,3,1,0,0,0,0,0,235,0,6,241,553,ACTA DE CASILLA,,,
,31,YUCATAN,1,MERIDA,50,MERIDA,553,C,1,0,C01,99,37,5,2,4,3,75,3,2,3,0,0,0,0,0,0,233,0,4,237,553,ACTA DE CASILLA,,,
,31,YUCATAN,1,MERIDA,50,MERIDA,554,B,1,0,B,52,55,3,6,3,6,78,2,5,3,2,0,0,0,0,0,215,0,5,220,500,ACTA DE CASILLA,,,
,31,YUCATAN,1,MERIDA,50,MERIDA,554,C,1,0,C01,49,53,4,5,6,8,98,0,2,1,1,0,0,0,0,0,227,0,8,235,499,ACTA DE CASILLA,,,
,31,YUCATAN,1,MERIDA,50,MERIDA,555,B,1,0,B,90,51,4,5,3,6,69,5,1,2,5,0,0,0,0,0,241,0,6,247,505,ACTA DE CASILLA,,,
,31,YUCATAN,1,MERIDA,50,MERIDA,555,C,1,0,C01,76,55,3,5,4,3,84,9,0,6,0,0,0,0,0,0,245,1,8,254,505,ACTA DE CASILLA,,,
,31,YUCATAN,1,MERIDA,50,MERIDA,556,B,1,0,B,104,70,4,2,2,2,75,2,1,2,2,0,0,0,0,0,266,0,5,271,536,ACTA DE CASILLA,,,
,31,YUCATAN,1,MERIDA,50,MERIDA,556,C,1,0,C01,93,65,2,1,3,6,67,3,4,1,0,0,0,0,0,0,245,1,6,252,536,ACTA DE CASILLA,,,
,31,YUCATAN,1,MERIDA,50,MERIDA,557,B,1,0,B,120,70,2,6,1,7,100,5,1,5,0,0,0,0,0,0,317,0,8,325,645,ACTA DE CASILLA,,,
,31,YUCATAN,1,MERIDA,50,MERIDA,557,C,1,0,C01,99,72,3,3,2,6,102,0,0,2,0,0,0,0,0,0,289,0,12,301,644,ACTA DE CASILLA,,,
,31,YUCATAN,1,MERIDA,50,MERIDA,558,B,1,0,B,71,85,1,5,0,7,90,4,0,4,0,0,0,0,0,0,267,0,8,275,492,ACTA DE CASILLA,,,
,31,YUCATAN,1,MERIDA,50,MERIDA,558,C,1,0,C01,64,65,1,4,1,6,77,1,4,1,4,0,0,1,0,0,229,0,7,236,492,ACTA DE CASILLA,,,
,31,YUCATAN,1,MERIDA,50,MERIDA,559,B,1,0,B,93,64,2,4,5,1,93,5,5,5,1,0,0,0,0,0,278,0,11,289,544,ACTA DE CASILLA,,,
,31,YUCATAN,1,MERIDA,50,MERIDA,559,C,1,0,C01,74,57,0,7,3,3,90,3,3,4,1,0,0,0,0,0,245,0,12,257,544,ACTA DE CASILLA,,,
,31,YUCATAN,7,MERIDA,50,MERIDA,560,B,1,0,B,92,49,2,4,0,1,68,3,1,4,0,0,0,0,0,0,224,0,18,242,463,ACTA DE CASILLA,,,
,31,YUCATAN,7,MERIDA,50,MERIDA,560,C,1,0,C01,61,61,3,0,4,5,70,3,1,8,1,0,0,1,0,0,218,0,7,225,463,ACTA DE CASILLA,,,
,31,YUCATAN,7,MERIDA,50,MERIDA,561,B,1,0,B,105,58,1,6,2,12,109,2,4,5,4,0,0,0,0,0,308,0,13,321,547,GRUPO DE RECUENTO,,,
,31,YUCATAN,7,MERIDA,50,MERIDA,561,C,1,0,C01,89,78,3,0,4,9,92,4,4,2,1,0,0,0,0,0,286,2,12,300,547,GRUPO DE RECUENTO,,,
,31,YUCATAN,7,MERIDA,50,MERIDA,562,B,1,0,B,95,66,1,0,7,6,64,1,3,2,0,0,0,0,0,0,245,0,10,255,487,ACTA DE CASILLA,,,
,31,YUCATAN,7,MERIDA,50,MERIDA,562,C,1,0,C01,88,66,1,2,10,4,91,1,0,4,1,0,0,0,0,0,268,0,2,270,486,GRUPO DE RECUENTO,,,
,31,YUCATAN,7,MERIDA,50,MERIDA,563,B,1,0,B,98,78,2,2,4,10,66,2,2,2,0,0,0,0,0,0,266,0,14,280,508,ACTA DE CASILLA,,,
,31,YUCATAN,7,MERIDA,50,MERIDA,563,C,1,0,C01,81,75,1,3,2,8,103,2,0,2,0,0,0,1,0,0,278,0,8,286,508,ACTA DE CASILLA,,,
,31,YUCATAN,7,MERIDA,50,MERIDA,564,B,1,0,B,100,56,2,5,3,7,111,3,3,10,3,0,0,0,0,0,303,1,13,317,646,ACTA DE CASILLA,,,
,31,YUCATAN,7,MERIDA,50,MERIDA,564,C,1,0,C01,104,70,1,7,3,10,119,0,1,4,5,0,0,0,0,0,324,0,12,336,645,ACTA DE CASILLA,,,
,31,YUCATAN,7,MERIDA,50,MERIDA,565,B,1,0,B,70,41,0,5,0,5,69,2,0,13,1,0,0,0,0,0,206,0,6,212,473,GRUPO DE RECUENTO,,,
,31,YUCATAN,7,MERIDA,50,MERIDA,565,C,1,0,C01,69,55,2,5,2,4,72,3,1,10,2,0,0,0,0,0,225,0,8,233,473,GRUPO DE RECUENTO,,,
,31,YUCATAN,7,MERIDA,50,MERIDA,566,B,1,0,B,86,38,4,4,1,16,99,3,0,6,1,0,0,0,0,0,258,0,15,273,639,GRUPO DE RECUENTO,,,
,31,YUCATAN,7,MERIDA,50,MERIDA,566,C,1,0,C01,83,42,0,5,3,6,105,2,1,8,3,0,0,0,0,0,258,0,9,267,639,GRUPO DE RECUENTO,,,
,31,YUCATAN,7,MERIDA,50,MERIDA,567,B,1,0,B,87,74,3,4,3,11,92,1,0,5,0,0,0,0,0,0,280,0,10,290,571,GRUPO DE RECUENTO,,,
,31,YUCATAN,7,MERIDA,50,MERIDA,567,C,1,0,C01,74,78,0,6,3,11,100,3,4,4,1,0,0,0,0,0,284,0,12,296,570,GRUPO DE RECUENTO,,,
,31,YUCATAN,7,MERIDA,50,MERIDA,568,B,1,0,B,58,72,4,2,2,0,71,5,0,4,3,0,0,0,0,0,221,0,8,229,478,ACTA DE CASILLA,,,
,31,YUCATAN,7,MERIDA,50,MERIDA,568,C,1,0,C01,63,67,1,2,0,3,84,1,0,2,1,0,0,0,0,0,224,1,10,235,478,ACTA DE CASILLA,,,
,31,YUCATAN,1,MERIDA,50,MERIDA,569,B,1,0,B,101,73,4,5,5,3,103,1,2,8,3,0,0,0,0,0,308,0,1,309,630,ACTA DE CASILLA,,,
,31,YUCATAN,1,MERIDA,50,MERIDA,569,C,1,0,C01,115,48,1,1,4,5,107,4,0,3,2,0,0,0,0,0,290,0,13,303,630,ACTA DE CASILLA,,,
,31,YUCATAN,1,MERIDA,50,MERIDA,570,B,1,0,B,116,54,0,4,4,14,87,4,0,5,1,0,0,0,0,1,290,0,7,297,703,ACTA DE CASILLA,,,
,31,YUCATAN,1,MERIDA,50,MERIDA,570,C,1,0,C01,103,71,3,3,5,10,56,4,0,5,0,0,0,0,0,0,260,0,7,267,702,ACTA DE CASILLA,,,
,31,YUCATAN,1,MERIDA,50,MERIDA,570,C,2,0,C02,103,58,0,7,0,7,69,4,2,0,4,0,0,0,0,0,254,0,13,267,702,ACTA DE CASILLA,,,
,31,YUCATAN,1,MERIDA,50,MERIDA,570,C,3,0,C03,102,57,3,4,3,9,70,3,1,5,0,0,0,0,0,0,257,0,11,268,702,ACTA DE CASILLA,,,
,31,YUCATAN,7,MERIDA,50,MERIDA,571,B,1,0,B,74,56,1,1,5,5,62,1,0,4,0,0,0,0,0,0,209,0,5,214,482,ACTA DE CASILLA,,,
,31,YUCATAN,7,MERIDA,50,MERIDA,571,C,1,0,C01,65,39,3,3,0,6,68,3,4,1,0,0,0,0,0,0,192,0,10,202,482,GRUPO DE RECUENTO,,,
,31,YUCATAN,7,MERIDA,50,MERIDA,572,B,1,0,B,64,63,1,0,1,4,62,0,1,2,0,0,0,0,0,0,198,0,5,203,382,GRUPO DE RECUENTO,,,
,31,YUCATAN,7,MERIDA,50,MERIDA,572,C,1,0,C01,52,54,3,3,2,12,54,0,1,1,2,0,0,0,0,0,184,0,11,195,381,GRUPO DE RECUENTO,,,
,31,YUCATAN,7,MERIDA,50,MERIDA,573,B,1,0,B,77,40,2,4,0,4,61,3,2,0,1,0,0,0,0,0,194,0,12,206,402,ACTA DE CASILLA,,,
,31,YUCATAN,7,MERIDA,50,MERIDA,573,C,1,0,C01,54,55,1,1,2,6,64,0,3,4,2,0,0,0,0,0,192,0,7,199,401,ACTA DE CASILLA,,,
,31,YUCATAN,7,MERIDA,50,MERIDA,574,B,1,0,B,73,43,0,4,1,5,87,3,1,2,3,0,0,0,0,0,222,0,8,230,504,ACTA DE CASILLA,,,
,31,YUCATAN,7,MERIDA,50,MERIDA,574,C,1,0,C01,59,58,0,5,5,10,81,3,1,2,0,0,0,0,0,0,224,0,15,239,504,ACTA DE CASILLA,,,
,31,YUCATAN,7,MERIDA,50,MERIDA,575,B,1,0,B,66,64,2,2,0,10,89,0,0,4,0,0,0,0,0,0,237,2,5,244,611,ACTA DE CASILLA,,,
,31,YUCATAN,7,MERIDA,50,MERIDA,575,C,1,0,C01,82,62,0,1,2,8,92,3,3,4,2,0,0,0,0,0,259,0,14,273,611,GRUPO DE RECUENTO,,,
,31,YUCATAN,7,MERIDA,50,MERIDA,576,B,1,0,B,88,68,7,6,0,3,74,3,1,3,1,0,0,0,0,0,254,0,17,271,556,GRUPO DE RECUENTO,,,
,31,YUCATAN,7,MERIDA,50,MERIDA,576,C,1,0,C01,73,63,1,6,2,0,81,1,1,7,1,0,0,0,0,0,236,0,5,241,556,ACTA DE CASILLA,,,
,31,YUCATAN,7,MERIDA,50,MERIDA,577,B,1,0,B,85,63,6,2,3,10,91,3,0,8,3,0,0,0,0,0,274,0,16,290,656,GRUPO DE RECUENTO,,,
,31,YUCATAN,7,MERIDA,50,MERIDA,577,C,1,0,C01,59,67,1,4,3,7,91,0,0,4,2,0,0,0,0,0,238,0,14,252,655,GRUPO DE RECUENTO,,,
,31,YUCATAN,7,MERIDA,50,MERIDA,578,B,1,0,B,102,66,1,0,5,8,126,2,0,13,7,0,0,0,0,0,330,0,8,338,740,ACTA DE CASILLA,,,
,31,YUCATAN,7,MERIDA,50,MERIDA,578,C,1,0,C01,108,84,1,1,3,4,107,3,3,10,3,0,0,0,0,0,327,0,10,337,740,GRUPO DE RECUENTO,,,
,31,YUCATAN,7,MERIDA,50,MERIDA,578,C,2,0,C02,81,62,1,4,4,6,127,0,2,5,3,0,0,0,0,0,295,1,8,304,740,GRUPO DE RECUENTO,,,
,31,YUCATAN,7,MERIDA,50,MERIDA,578,C,3,0,C03,111,71,3,4,2,9,108,7,3,7,2,0,0,1,0,0,328,0,9,337,740,GRUPO DE RECUENTO,,,
,31,YUCATAN,7,MERIDA,50,MERIDA,578,C,4,0,C04,98,70,2,4,5,6,118,3,1,4,2,0,0,0,0,0,313,0,11,324,740,ACTA DE CASILLA,,,
,31,YUCATAN,7,MERIDA,50,MERIDA,578,C,5,0,C05,91,62,1,2,4,7,113,9,1,14,2,0,0,0,0,0,306,0,9,315,740,ACTA DE CASILLA,,,
,31,YUCATAN,7,MERIDA,50,MERIDA,578,C,6,0,C06,114,59,2,5,3,3,127,6,4,7,4,0,0,118,0,0,452,0,9,461,740,ACTA DE CASILLA,,,
,31,YUCATAN,7,MERIDA,50,MERIDA,578,C,7,0,C07,109,65,3,2,5,3,118,5,1,8,1,0,0,0,0,0,320,0,8,328,740,ACTA DE CASILLA,,,
,31,YUCATAN,7,MERIDA,50,MERIDA,578,C,8,0,C08,109,64,3,2,7,3,121,3,0,10,1,0,0,0,0,0,323,0,10,333,739,GRUPO DE RECUENTO,,,
,31,YUCATAN,7,MERIDA,50,MERIDA,579,B,1,0,B,81,53,0,4,1,7,68,3,1,3,0,0,0,6,0,0,227,0,11,238,438,ACTA DE CASILLA,,,
,31,YUCATAN,7,MERIDA,50,MERIDA,579,C,1,0,C01,69,44,0,5,7,7,85,3,1,3,5,0,0,0,0,0,229,0,8,237,438,GRUPO DE RECUENTO,,,
,31,YUCATAN,7,MERIDA,50,MERIDA,580,B,1,0,B,98,65,3,1,5,3,86,0,2,3,2,0,0,0,0,0,268,0,10,278,684,GRUPO DE RECUENTO,,,
,31,YUCATAN,7,MERIDA,50,MERIDA,580,C,1,0,C01,80,51,3,5,0,4,74,4,0,0,1,0,0,0,0,0,222,1,9,232,684,GRUPO DE RECUENTO,,,
,31,YUCATAN,7,MERIDA,50,MERIDA,580,C,2,0,C02,77,58,3,4,6,12,72,1,5,0,1,0,0,0,0,0,239,0,13,252,683,GRUPO DE RECUENTO,,,
,31,YUCATAN,7,MERIDA,50,MERIDA,581,B,1,0,B,67,36,1,3,0,6,73,2,1,4,2,0,0,0,0,0,195,0,8,203,633,GRUPO DE RECUENTO,,,
,31,YUCATAN,7,MERIDA,50,MERIDA,581,C,1,0,C01,69,40,2,5,4,5,88,6,0,5,0,0,0,0,0,0,224,0,6,230,633,ACTA DE CASILLA,,,
,31,YUCATAN,7,MERIDA,50,MERIDA,581,C,2,0,C02,68,43,1,2,4,7,80,2,1,4,0,0,0,0,0,0,212,0,12,224,633,GRUPO DE RECUENTO,,,
,31,YUCATAN,7,MERIDA,50,MERIDA,581,C,3,0,C03,65,50,0,6,2,3,78,1,0,2,2,0,0,1,0,0,210,0,10,220,633,ACTA DE CASILLA,,,
,31,YUCATAN,7,MERIDA,50,MERIDA,581,C,4,0,C04,57,44,4,1,2,8,63,2,0,4,5,0,0,0,0,0,190,1,9,200,633,GRUPO DE RECUENTO,,,
,31,YUCATAN,7,MERIDA,50,MERIDA,581,C,5,0,C05,85,34,1,3,1,13,85,6,0,6,4,0,0,0,0,0,238,0,9,247,632,GRUPO DE RECUENTO,,,
,31,YUCATAN,2,MERIDA,50,MERIDA,582,B,1,0,B,63,33,1,4,0,3,69,2,0,6,1,0,0,0,0,0,182,0,7,189,413,ACTA DE CASILLA,,,
,31,YUCATAN,2,MERIDA,50,MERIDA,582,C,1,0,C01,59,40,1,4,0,4,74,1,2,2,1,0,0,0,0,0,188,0,6,194,412,ACTA DE CASILLA,,,
,31,YUCATAN,2,MERIDA,50,MERIDA,583,B,1,0,B,160,68,2,11,1,16,75,2,3,1,3,0,0,0,0,0,342,0,11,353,702,ACTA DE CASILLA,,,
,31,YUCATAN,2,MERIDA,50,MERIDA,584,B,1,0,B,53,27,1,2,0,3,51,3,1,4,1,0,0,0,0,0,146,0,1,147,320,ACTA DE CASILLA,,,
,31,YUCATAN,2,MERIDA,50,MERIDA,585,B,1,0,B,59,25,0,0,2,7,58,0,0,1,1,0,0,0,0,0,153,,2,155,403,GRUPO DE RECUENTO,,,
,31,YUCATAN,2,MERIDA,50,MERIDA,586,B,1,0,B,76,63,3,8,9,10,68,5,3,3,2,0,0,0,0,0,250,0,12,262,562,ACTA DE CASILLA,,,
,31,YUCATAN,2,MERIDA,50,MERIDA,587,B,1,0,B,117,74,4,4,2,13,104,5,1,4,2,0,0,0,0,0,330,0,8,338,744,ACTA DE CASILLA,,,
,31,YUCATAN,2,MERIDA,50,MERIDA,588,B,1,0,B,78,42,2,11,2,7,88,1,0,6,3,0,0,0,0,0,240,6,16,262,544,ACTA DE CASILLA,,,
,31,YUCATAN,2,MERIDA,50,MERIDA,588,C,1,0,C01,63,39,1,15,0,3,86,4,2,4,0,0,0,0,0,0,217,0,11,228,543,ACTA DE CASILLA,,,
,31,YUCATAN,2,MERIDA,50,MERIDA,588,S,1,0,SMR01,6,2,0,4,0,3,9,1,1,0,0,0,0,0,0,0,26,0,2,28,0,ACTA DE CASILLA,,,
,31,YUCATAN,2,MERIDA,50,MERIDA,589,B,1,0,B,95,60,4,10,0,3,96,3,1,6,0,0,0,0,0,0,278,0,17,295,592,ACTA DE CASILLA,,,
,31,YUCATAN,2,MERIDA,50,MERIDA,589,C,1,0,C01,104,48,2,13,0,6,92,1,0,6,3,0,0,0,0,0,275,0,7,282,591,ACTA DE CASILLA,,,
,31,YUCATAN,2,MERIDA,50,MERIDA,590,B,1,0,B,92,65,1,6,3,9,110,3,1,1,3,0,0,0,0,0,294,0,5,299,584,ACTA DE CASILLA,,,
,31,YUCATAN,2,MERIDA,50,MERIDA,590,C,1,0,C01,84,61,0,1,1,13,113,3,0,10,1,0,0,0,0,0,287,0,9,296,583,ACTA DE CASILLA,,,
,31,YUCATAN,2,MERIDA,50,MERIDA,591,B,1,0,B,99,60,3,5,3,13,107,3,2,4,3,0,0,0,0,0,302,0,9,311,521,ACTA DE CASILLA,,,
,31,YUCATAN,2,MERIDA,50,MERIDA,592,B,1,0,B,94,48,3,4,1,10,65,4,0,4,3,0,0,0,0,0,236,0,7,243,565,GRUPO DE RECUENTO,,,
,31,YUCATAN,2,MERIDA,50,MERIDA,593,B,1,0,B,78,94,2,4,6,6,108,3,2,5,1,0,0,0,0,0,309,2,7,318,708,ACTA DE CASILLA,,,
,31,YUCATAN,2,MERIDA,50,MERIDA,594,B,1,0,B,117,70,2,8,2,13,107,2,2,2,5,0,0,0,0,0,330,1,16,347,719,ACTA DE CASILLA,,,
,31,YUCATAN,2,MERIDA,50,MERIDA,594,C,1,0,C01,114,73,3,6,5,8,100,3,1,2,0,0,0,0,0,0,315,0,10,325,719,GRUPO DE RECUENTO,,,
,31,YUCATAN,2,MERIDA,50,MERIDA,595,B,1,0,B,67,86,7,4,2,1,97,0,0,6,0,0,0,0,0,0,270,0,8,278,568,ACTA DE CASILLA,,,
,31,YUCATAN,2,MERIDA,50,MERIDA,596,B,1,0,B,83,56,1,4,2,5,109,3,1,1,3,0,0,0,0,0,268,1,6,275,538,ACTA DE CASILLA,,,
,31,YUCATAN,2,MERIDA,50,MERIDA,596,C,1,0,C01,95,63,1,9,1,6,104,4,1,3,0,0,0,0,0,0,287,0,3,290,538,ACTA DE CASILLA,,,
,31,YUCATAN,2,MERIDA,50,MERIDA,597,B,1,0,B,45,36,2,4,6,9,96,0,0,1,0,0,0,0,0,0,199,0,9,208,433,ACTA DE CASILLA,,,
,31,YUCATAN,2,MERIDA,50,MERIDA,597,C,1,0,C01,58,45,2,4,2,6,2,0,0,0,0,0,0,0,0,0,119,1,10,130,432,GRUPO DE RECUENTO,,,
,31,YUCATAN,2,MERIDA,50,MERIDA,598,B,1,0,B,98,48,10,3,0,4,76,4,1,2,1,0,0,0,0,0,247,0,10,257,547,ACTA DE CASILLA,,,
,31,YUCATAN,2,MERIDA,50,MERIDA,598,C,1,0,C01,89,39,5,4,0,3,76,3,1,1,0,0,0,0,0,0,221,0,8,229,546,ACTA DE CASILLA,,,
,31,YUCATAN,2,MERIDA,50,MERIDA,599,B,1,0,B,62,59,18,4,3,3,70,4,1,6,0,0,0,0,0,0,230,0,5,235,487,ACTA DE CASILLA,,,
,31,YUCATAN,2,MERIDA,50,MERIDA,599,C,1,0,C01,75,53,11,6,5,2,71,1,0,8,3,0,0,0,0,0,235,0,7,242,486,ACTA DE CASILLA,,,
,31,YUCATAN,2,MERIDA,50,MERIDA,600,B,1,0,B,104,66,2,2,6,7,95,4,1,5,4,0,0,0,0,0,296,0,6,302,668,ACTA DE CASILLA,,,
,31,YUCATAN,2,MERIDA,50,MERIDA,600,C,1,0,C01,100,59,2,11,3,9,103,0,2,7,3,0,0,0,0,0,299,,6,305,667,ACTA DE CASILLA,,,
,31,YUCATAN,2,MERIDA,50,MERIDA,600,C,2,0,C02,107,61,2,3,0,12,103,3,1,5,0,0,0,0,0,0,297,0,9,306,667,ACTA DE CASILLA,,,
,31,YUCATAN,2,MERIDA,50,MERIDA,601,B,1,0,B,96,52,2,9,1,8,93,4,0,4,0,0,0,0,0,0,269,0,4,273,481,ACTA DE CASILLA,,,
,31,YUCATAN,2,MERIDA,50,MERIDA,601,C,1,0,C01,59,54,3,5,1,7,86,3,0,2,1,0,0,0,0,0,221,0,8,229,480,ACTA DE CASILLA,,,
,31,YUCATAN,2,MERIDA,50,MERIDA,602,B,1,0,B,44,46,0,5,0,12,106,1,1,4,0,0,0,0,0,0,219,,10,229,497,ACTA DE CASILLA,,,
,31,YUCATAN,2,MERIDA,50,MERIDA,602,C,1,0,C01,77,87,2,1,0,3,63,1,1,2,0,0,0,0,0,0,237,0,7,244,497,ACTA DE CASILLA,,,
,31,YUCATAN,2,MERIDA,50,MERIDA,603,B,1,0,B,66,59,3,4,1,5,115,1,2,3,0,0,0,0,0,0,259,,11,270,588,ACTA DE CASILLA,,,
,31,YUCATAN,2,MERIDA,50,MERIDA,603,C,1,0,C01,70,51,3,4,5,3,123,2,2,6,0,0,0,0,0,0,269,,7,276,587,ACTA DE CASILLA,,,
,31,YUCATAN,2,MERIDA,50,MERIDA,603,C,2,0,C02,72,50,3,4,5,3,123,2,2,6,0,0,0,0,0,0,270,,7,277,587,ACTA DE CASILLA,,,
,31,YUCATAN,2,MERIDA,50,MERIDA,604,B,1,0,B,60,68,1,3,1,8,69,5,1,7,1,0,0,0,0,0,224,0,19,243,519,GRUPO DE RECUENTO,,,
,31,YUCATAN,2,MERIDA,50,MERIDA,604,C,1,0,C01,76,54,1,5,4,5,87,3,0,7,4,0,0,0,0,0,246,1,3,250,519,ACTA DE CASILLA,,,
,31,YUCATAN,2,MERIDA,50,MERIDA,604,C,2,0,C02,78,51,3,2,1,4,85,3,1,3,3,0,0,0,0,0,234,0,9,243,518,ACTA DE CASILLA,,,
,31,YUCATAN,2,MERIDA,50,MERIDA,605,B,1,0,B,87,90,1,4,0,2,95,2,0,15,3,0,0,0,0,0,299,0,12,311,663,ACTA DE CASILLA,,,
,31,YUCATAN,2,MERIDA,50,MERIDA,605,C,1,0,C01,83,109,3,7,4,5,79,1,1,3,1,0,0,0,0,0,296,,9,305,662,ACTA DE CASILLA,,,
,31,YUCATAN,2,MERIDA,50,MERIDA,606,B,1,0,B,78,76,4,4,2,5,108,0,0,5,4,0,0,0,0,0,286,0,8,294,715,ACTA DE CASILLA,,,
,31,YUCATAN,2,MERIDA,50,MERIDA,606,C,1,0,C01,70,77,1,4,3,9,142,2,2,6,3,0,0,0,0,0,319,1,6,326,714,ACTA DE CASILLA,,,
,31,YUCATAN,2,MERIDA,50,MERIDA,607,B,1,0,B,88,60,1,2,5,6,96,3,0,4,5,0,0,0,0,0,270,1,13,284,624,GRUPO DE RECUENTO,,,
,31,YUCATAN,2,MERIDA,50,MERIDA,607,C,1,0,C01,96,81,5,6,2,6,70,3,1,3,3,0,0,0,0,0,276,,12,288,623,ACTA DE CASILLA,,,
,31,YUCATAN,2,MERIDA,50,MERIDA,608,B,1,0,B,109,90,4,13,6,4,102,3,0,2,2,0,0,0,0,0,335,0,10,345,667,ACTA DE CASILLA,,,
,31,YUCATAN,2,MERIDA,50,MERIDA,608,C,1,0,C01,115,75,2,4,1,11,93,0,1,3,6,0,0,0,0,0,311,0,9,320,667,GRUPO DE RECUENTO,,,
,31,YUCATAN,2,MERIDA,50,MERIDA,608,C,2,0,C02,106,86,3,7,2,8,108,1,2,3,2,0,0,0,0,0,328,0,14,342,666,ACTA DE CASILLA,,,
,31,YUCATAN,2,MERIDA,50,MERIDA,608,C,3,0,C03,106,79,3,10,7,6,89,3,1,2,2,0,0,0,0,0,308,,14,322,666,ACTA DE CASILLA,,,
,31,YUCATAN,7,MERIDA,50,MERIDA,609,B,1,0,B,106,53,5,1,3,8,125,2,2,2,5,0,0,0,0,0,312,0,9,321,709,ACTA DE CASILLA,,,
,31,YUCATAN,7,MERIDA,50,MERIDA,609,C,1,0,C01,113,84,7,2,8,6,121,2,2,1,5,0,0,0,0,0,351,0,17,368,709,GRUPO DE RECUENTO,,,
,31,YUCATAN,7,MERIDA,50,MERIDA,610,B,1,0,B,87,70,5,1,5,4,114,3,2,4,1,0,0,0,0,0,296,0,17,313,684,ACTA DE CASILLA,,,
,31,YUCATAN,7,MERIDA,50,MERIDA,610,C,1,0,C01,95,56,9,4,5,9,123,2,2,8,3,0,0,0,0,0,316,0,10,326,684,ACTA DE CASILLA,,,
,31,YUCATAN,7,MERIDA,50,MERIDA,611,B,1,0,B,57,39,6,4,3,5,84,5,2,3,0,0,0,0,0,0,208,1,5,214,670,ACTA DE CASILLA,,,
,31,YUCATAN,7,MERIDA,50,MERIDA,611,C,1,0,C01,71,37,1,2,5,5,115,1,2,4,2,0,0,0,0,0,245,0,11,256,670,ACTA DE CASILLA,,,
,31,YUCATAN,7,MERIDA,50,MERIDA,611,C,2,0,C02,83,34,2,1,3,6,103,6,4,6,2,0,0,0,0,0,250,0,9,259,670,ACTA DE CASILLA,,,
,31,YUCATAN,7,MERIDA,50,MERIDA,611,C,3,0,C03,68,32,1,3,1,2,91,3,2,5,1,0,0,0,0,0,209,0,11,220,670,ACTA DE CASILLA,,,
,31,YUCATAN,7,MERIDA,50,MERIDA,611,C,4,0,C04,67,32,4,2,5,5,123,0,3,5,1,0,0,0,0,0,247,0,18,265,670,GRUPO DE RECUENTO,,,
,31,YUCATAN,7,MERIDA,50,MERIDA,611,C,5,0,C05,63,48,3,6,3,6,97,6,1,3,2,0,0,0,0,0,238,0,8,246,670,ACTA DE CASILLA,,,
,31,YUCATAN,7,MERIDA,50,MERIDA,611,C,6,0,C06,69,35,0,4,0,5,97,1,2,6,1,0,0,0,0,0,220,0,9,229,670,ACTA DE CASILLA,,,
,31,YUCATAN,7,MERIDA,50,MERIDA,611,C,7,0,C07,64,31,5,2,7,7,104,3,2,1,1,0,0,0,0,0,227,1,8,236,669,ACTA DE CASILLA,,,
,31,YUCATAN,7,MERIDA,50,MERIDA,611,C,8,0,C08,65,28,4,1,3,9,73,1,2,1,1,0,0,0,0,0,188,0,0,188,669,ACTA DE CASILLA,,,
,31,YUCATAN,7,MERIDA,50,MERIDA,612,B,1,0,B,70,77,2,3,11,13,106,1,7,2,1,0,0,0,0,0,293,0,7,300,579,GRUPO DE RECUENTO,,,
,31,YUCATAN,7,MERIDA,50,MERIDA,612,C,1,0,C01,70,54,3,10,2,10,110,5,2,4,5,0,0,1,0,0,276,0,12,288,578,ACTA DE CASILLA,,,
,31,YUCATAN,7,MERIDA,50,MERIDA,612,C,2,0,C02,68,67,3,7,4,18,76,2,2,2,2,0,0,0,0,0,251,0,6,257,578,ACTA DE CASILLA,,,
,31,YUCATAN,7,MERIDA,50,MERIDA,613,B,1,0,B,88,79,2,7,8,3,70,5,1,5,0,0,0,0,0,0,268,0,9,277,593,GRUPO DE RECUENTO,,,
,31,YUCATAN,7,MERIDA,50,MERIDA,613,C,1,0,C01,73,75,0,3,2,3,83,3,2,1,2,0,0,0,0,0,247,0,11,258,592,GRUPO DE RECUENTO,,,
,31,YUCATAN,7,MERIDA,50,MERIDA,614,B,1,0,B,102,70,3,5,5,7,101,2,0,1,0,0,0,0,0,0,296,0,14,310,697,GRUPO DE RECUENTO,,,
,31,YUCATAN,7,MERIDA,50,MERIDA,614,C,1,0,C01,83,92,2,5,6,6,80,3,1,4,0,0,0,0,0,0,282,2,9,293,697,ACTA DE CASILLA,,,
,31,YUCATAN,7,MERIDA,50,MERIDA,615,B,1,0,B,131,74,4,3,6,3,94,4,1,6,1,0,0,0,0,0,327,1,9,337,608,ACTA DE CASILLA,,,
,31,YUCATAN,7,MERIDA,50,MERIDA,615,C,1,0,C01,101,59,0,2,10,7,101,5,2,4,0,0,0,0,0,0,291,1,8,300,607,GRUPO DE RECUENTO,,,
,31,YUCATAN,7,MERIDA,50,MERIDA,616,B,1,0,B,115,59,1,5,7,6,78,2,1,5,0,0,0,1,0,0,280,0,9,289,551,ACTA DE CASILLA,,,
,31,YUCATAN,7,MERIDA,50,MERIDA,616,C,1,0,C01,97,58,3,1,5,6,99,3,0,7,0,0,0,0,0,0,279,1,9,289,551,GRUPO DE RECUENTO,,,
,31,YUCATAN,7,MERIDA,50,MERIDA,617,B,1,0,B,86,68,3,4,59,12,85,1,0,3,1,0,0,0,0,0,322,0,10,332,644,GRUPO DE RECUENTO,,,
,31,YUCATAN,7,MERIDA,50,MERIDA,618,B,1,0,B,96,65,2,3,35,9,102,3,2,3,2,0,0,0,0,0,322,0,15,337,608,GRUPO DE RECUENTO,,,
,31,YUCATAN,7,MERIDA,50,MERIDA,618,C,1,0,C01,99,76,3,5,34,10,96,0,1,0,2,0,0,0,0,0,326,0,12,338,607,GRUPO DE RECUENTO,,,
,31,YUCATAN,7,MERIDA,50,MERIDA,619,B,1,0,B,88,66,0,3,16,5,108,0,0,1,8,0,0,0,0,0,295,0,10,305,573,ACTA DE CASILLA,,,
,31,YUCATAN,7,MERIDA,50,MERIDA,619,C,1,0,C01,96,71,4,2,13,6,104,2,1,5,1,0,0,0,0,0,305,0,10,315,572,GRUPO DE RECUENTO,,,
,31,YUCATAN,7,MERIDA,50,MERIDA,620,B,1,0,B,83,72,1,2,9,3,77,4,0,10,5,0,0,0,0,0,266,1,11,278,684,GRUPO DE RECUENTO,,,
,31,YUCATAN,7,MERIDA,50,MERIDA,620,C,1,0,C01,68,67,3,3,2,7,88,3,1,4,0,0,0,0,0,0,246,0,10,256,684,GRUPO DE RECUENTO,,,
,31,YUCATAN,7,MERIDA,50,MERIDA,620,C,2,0,C02,95,49,2,2,2,8,108,5,1,6,3,0,0,1,0,0,282,0,15,297,684,GRUPO DE RECUENTO,,,
,31,YUCATAN,7,MERIDA,50,MERIDA,621,B,1,0,B,61,69,2,3,4,13,83,3,1,7,1,0,0,0,0,0,247,0,11,258,531,GRUPO DE RECUENTO,,,
,31,YUCATAN,7,MERIDA,50,MERIDA,621,C,1,0,C01,65,49,0,4,1,6,97,2,0,7,5,0,0,0,0,0,236,0,11,247,530,ACTA DE CASILLA,,,
,31,YUCATAN,7,MERIDA,50,MERIDA,621,C,2,0,C02,65,49,0,4,1,6,97,2,1,6,5,0,0,0,0,0,236,0,12,248,530,ACTA DE CASILLA,,,
,31,YUCATAN,7,MERIDA,50,MERIDA,622,B,1,0,B,69,63,4,1,0,6,81,1,0,4,3,0,0,0,0,0,232,0,19,251,543,GRUPO DE RECUENTO,,,
,31,YUCATAN,7,MERIDA,50,MERIDA,622,C,1,0,C01,87,63,1,12,6,9,93,2,1,1,5,0,0,0,0,0,280,0,15,295,542,GRUPO DE RECUENTO,,,
,31,YUCATAN,7,MERIDA,50,MERIDA,623,B,1,0,B,87,63,1,12,6,9,93,2,1,1,5,0,0,0,0,0,280,0,15,295,689,GRUPO DE RECUENTO,,,
,31,YUCATAN,7,MERIDA,50,MERIDA,623,C,1,0,C01,78,65,7,3,4,7,99,2,1,0,3,0,0,0,0,0,269,1,8,278,688,GRUPO DE RECUENTO,,,
,31,YUCATAN,7,MERIDA,50,MERIDA,624,B,1,0,B,62,33,2,5,0,2,62,2,2,4,1,0,0,0,0,0,175,0,13,188,505,GRUPO DE RECUENTO,,,
,31,YUCATAN,7,MERIDA,50,MERIDA,624,C,1,0,C01,63,45,4,3,2,6,74,4,0,1,1,0,0,0,0,0,203,0,11,214,504,ACTA DE CASILLA,,,
,31,YUCATAN,7,MERIDA,50,MERIDA,624,C,2,0,C02,57,37,3,4,1,4,71,0,0,3,3,0,0,1,0,0,184,0,13,197,504,GRUPO DE RECUENTO,,,
,31,YUCATAN,7,MERIDA,50,MERIDA,625,B,1,0,B,68,48,4,6,2,4,68,2,0,0,2,0,0,0,0,0,204,0,7,211,689,GRUPO DE RECUENTO,,,
,31,YUCATAN,7,MERIDA,50,MERIDA,625,C,1,0,C01,84,41,4,7,3,5,79,5,1,2,0,0,0,0,0,0,231,0,4,235,689,GRUPO DE RECUENTO,,,
,31,YUCATAN,7,MERIDA,50,MERIDA,625,C,2,0,C02,55,44,1,5,4,4,66,1,2,4,1,0,0,0,0,0,187,0,6,193,689,GRUPO DE RECUENTO,,,
,31,YUCATAN,7,MERIDA,50,MERIDA,625,C,3,0,C03,70,50,0,1,0,7,64,5,1,11,1,0,0,0,0,0,210,0,6,216,689,ACTA DE CASILLA,,,
,31,YUCATAN,7,MERIDA,50,MERIDA,625,C,4,0,C04,79,56,1,4,0,3,64,1,3,4,4,0,0,0,0,0,219,0,15,234,689,GRUPO DE RECUENTO,,,
,31,YUCATAN,7,MERIDA,50,MERIDA,625,C,5,0,C05,52,40,0,2,1,3,65,3,0,3,0,0,0,0,0,0,169,0,9,178,689,ACTA DE CASILLA,,,
,31,YUCATAN,7,MERIDA,50,MERIDA,625,C,6,0,C06,76,41,6,5,1,1,67,3,2,5,1,0,0,0,0,0,208,0,5,213,689,GRUPO DE RECUENTO,,,
,31,YUCATAN,7,MERIDA,50,MERIDA,625,C,7,0,C07,57,58,3,6,1,9,61,2,1,8,2,0,0,0,0,0,208,0,7,215,689,GRUPO DE RECUENTO,,,
,31,YUCATAN,7,MERIDA,50,MERIDA,625,C,8,0,C08,52,34,0,0,1,7,85,2,1,8,0,0,0,0,0,0,190,0,10,200,689,ACTA DE CASILLA,,,
,31,YUCATAN,7,MERIDA,50,MERIDA,625,C,9,0,C09,62,51,4,5,2,9,60,6,1,5,0,0,0,0,0,0,205,1,4,210,688,GRUPO DE RECUENTO,,,
,31,YUCATAN,7,MERIDA,50,MERIDA,625,C,10,0,C10,78,39,1,4,2,2,57,1,1,4,1,0,0,0,0,0,190,0,7,197,688,ACTA DE CASILLA,,,
,31,YUCATAN,7,MERIDA,50,MERIDA,625,C,11,0,C11,78,43,1,8,2,2,69,5,0,2,0,0,0,0,0,0,210,0,7,217,688,ACTA DE CASILLA,,,
,31,YUCATAN,7,MERIDA,50,MERIDA,625,E,1,0,E01,71,45,2,2,5,3,55,4,0,4,1,0,0,0,0,0,192,0,9,201,684,GRUPO DE RECUENTO,,,
,31,YUCATAN,7,MERIDA,50,MERIDA,625,E,1,1,E01C01,79,40,3,3,1,4,62,10,1,2,2,0,0,0,0,0,207,0,12,219,684,ACTA DE CASILLA,,,
,31,YUCATAN,7,MERIDA,50,MERIDA,625,E,1,2,E01C02,80,38,1,3,4,3,70,3,0,9,1,0,0,0,0,0,212,0,7,219,684,ACTA DE CASILLA,,,
,31,YUCATAN,7,MERIDA,50,MERIDA,625,E,1,3,E01C03,62,46,1,10,3,5,69,4,1,2,0,0,0,0,0,0,203,0,4,207,684,ACTA DE CASILLA,,,
,31,YUCATAN,7,MERIDA,50,MERIDA,625,E,1,4,E01C04,95,40,0,14,1,11,71,2,1,5,0,0,0,0,0,0,240,0,8,248,684,ACTA DE CASILLA,,,
,31,YUCATAN,7,MERIDA,50,MERIDA,625,E,1,5,E01C05,63,39,4,9,2,3,66,3,2,2,0,0,0,0,0,0,193,1,9,203,683,GRUPO DE RECUENTO,,,
,31,YUCATAN,7,MERIDA,50,MERIDA,625,E,1,6,E01C06,43,39,3,12,5,2,78,7,1,5,2,0,0,0,0,0,197,0,5,202,683,ACTA DE CASILLA,,,
,31,YUCATAN,7,MERIDA,50,MERIDA,625,E,1,7,E01C07,78,30,0,6,2,2,59,6,2,3,1,0,0,0,0,0,189,0,8,197,683,GRUPO DE RECUENTO,,,
,31,YUCATAN,7,MERIDA,50,MERIDA,626,B,1,0,B,95,50,6,3,4,5,107,2,1,2,4,0,0,0,0,0,279,0,7,286,725,ACTA DE CASILLA,,,
,31,YUCATAN,7,MERIDA,50,MERIDA,626,C,1,0,C01,97,33,3,3,3,5,104,0,1,2,1,0,0,11,0,0,263,1,11,275,725,GRUPO DE RECUENTO,,,
,31,YUCATAN,7,MERIDA,50,MERIDA,626,C,2,0,C02,96,30,2,3,7,4,114,3,0,3,3,0,0,0,0,0,265,0,6,271,725,ACTA DE CASILLA,,,
,31,YUCATAN,7,MERIDA,50,MERIDA,626,C,3,0,C03,97,39,1,1,2,7,93,7,4,3,1,0,0,0,0,0,255,0,8,263,725,GRUPO DE RECUENTO,,,
,31,YUCATAN,7,MERIDA,50,MERIDA,626,C,4,0,C04,93,47,3,9,4,3,93,4,1,3,1,0,0,0,0,0,261,0,7,268,724,ACTA DE CASILLA,,,
,31,YUCATAN,7,MERIDA,50,MERIDA,626,C,5,0,C05,93,45,2,2,7,9,92,2,0,2,2,0,0,0,0,0,256,0,12,268,724,ACTA DE CASILLA,,,
,31,YUCATAN,7,MERIDA,50,MERIDA,627,B,1,0,B,93,52,2,4,4,21,128,4,2,2,2,0,0,1,0,0,315,0,17,332,703,ACTA DE CASILLA,,,
,31,YUCATAN,7,MERIDA,50,MERIDA,627,C,1,0,C01,106,46,3,2,4,4,117,1,2,3,1,0,0,0,0,0,289,0,12,301,702,GRUPO DE RECUENTO,,,
,31,YUCATAN,7,MERIDA,50,MERIDA,627,C,2,0,C02,88,43,0,5,1,13,142,2,1,5,1,0,0,0,0,0,301,0,19,320,702,GRUPO DE RECUENTO,,,
,31,YUCATAN,7,MERIDA,50,MERIDA,627,C,3,0,C03,103,51,2,5,5,6,135,4,2,7,1,0,0,7,0,0,328,0,11,339,702,ACTA DE CASILLA,,,
,31,YUCATAN,7,MERIDA,50,MERIDA,628,B,1,0,B,62,57,2,7,3,2,89,4,0,4,1,0,0,0,0,0,231,0,12,243,745,ACTA DE CASILLA,,,
,31,YUCATAN,7,MERIDA,50,MERIDA,628,C,1,0,C01,87,51,2,7,8,10,92,6,0,4,1,0,0,0,0,0,268,0,0,268,745,GRUPO DE RECUENTO,,,
,31,YUCATAN,7,MERIDA,50,MERIDA,628,C,2,0,C02,66,61,3,10,2,6,80,6,2,10,1,0,0,0,0,0,247,0,7,254,745,ACTA DE CASILLA,,,
,31,YUCATAN,7,MERIDA,50,MERIDA,628,C,3,0,C03,70,49,3,7,4,1,86,6,0,6,1,0,0,0,0,0,233,0,14,247,745,ACTA DE CASILLA,,,
,31,YUCATAN,7,MERIDA,50,MERIDA,628,C,4,0,C04,67,60,2,9,3,4,77,4,2,7,1,0,0,0,0,0,236,0,6,242,745,GRUPO DE RECUENTO,,,
,31,YUCATAN,7,MERIDA,50,MERIDA,628,C,5,0,C05,72,36,3,9,4,6,72,3,0,5,2,0,0,0,0,0,212,0,11,223,745,GRUPO DE RECUENTO,,,
,31,YUCATAN,7,MERIDA,50,MERIDA,628,C,6,0,C06,72,54,2,5,3,7,81,3,2,7,2,0,0,0,0,0,238,0,15,253,744,GRUPO DE RECUENTO,,,
,31,YUCATAN,7,MERIDA,50,MERIDA,628,C,7,0,C07,66,67,5,9,0,4,75,6,0,7,1,0,0,0,0,0,240,0,10,250,744,GRUPO DE RECUENTO,,,
,31,YUCATAN,7,MERIDA,50,MERIDA,628,C,8,0,C08,78,50,0,4,6,8,72,0,0,3,1,0,0,0,0,0,222,0,11,233,744,ACTA DE CASILLA,,,
,31,YUCATAN,7,MERIDA,50,MERIDA,628,C,9,0,C09,86,41,3,6,1,8,82,2,2,4,0,0,0,0,0,0,235,0,13,248,744,GRUPO DE RECUENTO,,,
,31,YUCATAN,4,MERIDA,50,MERIDA,629,B,1,0,B,137,51,2,0,3,11,57,2,3,0,0,0,0,0,0,0,266,0,7,273,459,ACTA DE CASILLA,,,
,31,YUCATAN,4,MERIDA,50,MERIDA,630,B,1,0,B,188,71,4,2,1,11,88,1,4,2,2,0,0,0,0,0,374,0,8,382,591,ACTA DE CASILLA,,,
,31,YUCATAN,4,MERIDA,50,MERIDA,631,B,1,0,B,97,62,0,7,5,23,82,5,0,2,4,0,0,0,0,0,287,0,14,301,528,ACTA DE CASILLA,,,
,31,YUCATAN,4,MERIDA,50,MERIDA,631,C,1,0,C01,107,73,1,6,2,9,64,0,1,1,2,0,0,0,0,0,266,0,7,273,527,ACTA DE CASILLA,,,
,31,YUCATAN,4,MERIDA,50,MERIDA,632,B,1,0,B,94,82,3,7,1,8,107,0,3,7,3,0,0,0,0,0,315,0,7,322,512,ACTA DE CASILLA,,,
,31,YUCATAN,4,MERIDA,50,MERIDA,632,C,1,0,C01,117,57,0,7,4,7,105,3,3,3,4,0,0,0,0,0,310,0,10,320,512,ACTA DE CASILLA,,,
,31,YUCATAN,4,MERIDA,50,MERIDA,633,B,1,0,B,155,83,3,2,0,6,124,3,1,4,1,0,0,0,0,0,382,0,10,392,635,ACTA DE CASILLA,,,
,31,YUCATAN,4,MERIDA,50,MERIDA,633,C,1,0,C01,192,69,0,5,5,15,94,2,4,1,4,0,0,0,0,0,391,0,16,407,634,ACTA DE CASILLA,,,
,31,YUCATAN,4,MERIDA,50,MERIDA,634,B,1,0,B,81,78,5,4,1,7,89,4,1,5,1,0,0,0,0,0,276,0,9,285,625,GRUPO DE RECUENTO,,,
,31,YUCATAN,4,MERIDA,50,MERIDA,634,C,1,0,C01,88,64,1,1,1,8,104,5,3,3,1,0,0,0,0,0,279,1,8,288,625,ACTA DE CASILLA,,,
,31,YUCATAN,4,MERIDA,50,MERIDA,634,C,2,0,C02,90,51,3,3,1,11,106,6,4,0,1,0,0,0,0,0,276,0,7,283,625,ACTA DE CASILLA,,,
,31,YUCATAN,4,MERIDA,50,MERIDA,635,B,1,0,B,86,74,0,5,1,9,84,6,2,2,0,0,0,0,0,0,269,0,8,277,587,GRUPO DE RECUENTO,,,
,31,YUCATAN,4,MERIDA,50,MERIDA,635,C,1,0,C01,66,88,0,2,1,2,82,5,0,1,1,0,0,0,0,0,248,0,6,254,587,ACTA DE CASILLA,,,
,31,YUCATAN,4,MERIDA,50,MERIDA,635,C,2,0,C02,92,68,0,4,6,6,95,4,4,5,1,0,0,2,0,0,287,0,8,295,587,ACTA DE CASILLA,,,
,31,YUCATAN,4,MERIDA,50,MERIDA,636,B,1,0,B,275,21,1,1,0,6,10,1,0,2,1,0,0,0,0,0,318,0,0,318,409,ACTA DE CASILLA,,,
,31,YUCATAN,4,MERIDA,50,MERIDA,636,C,1,0,C01,238,29,3,3,1,0,21,3,1,0,1,0,0,0,0,0,300,1,3,304,409,ACTA DE CASILLA,,,
,31,YUCATAN,4,MERIDA,50,MERIDA,636,E,1,0,E01,315,20,7,2,0,1,16,0,0,0,0,0,0,0,0,0,361,0,0,361,474,ACTA DE CASILLA,,,
,31,YUCATAN,4,MERIDA,50,MERIDA,636,E,1,1,E01C01,296,37,7,0,0,0,23,0,0,0,0,0,0,0,0,0,363,0,2,365,474,ACTA DE CASILLA,,,
,31,YUCATAN,4,MERIDA,50,MERIDA,637,B,1,0,B,132,83,0,1,1,3,64,1,1,2,3,0,0,0,0,0,291,0,5,296,643,ACTA DE CASILLA,,,
,31,YUCATAN,4,MERIDA,50,MERIDA,637,C,1,0,C01,132,54,6,1,0,2,78,4,1,2,1,0,0,0,0,0,281,0,6,287,643,ACTA DE CASILLA,,,
,31,YUCATAN,4,MERIDA,50,MERIDA,637,C,2,0,C02,114,57,4,0,1,4,75,1,0,2,2,0,0,1,0,0,261,0,9,270,643,ACTA DE CASILLA,,,
,31,YUCATAN,4,MERIDA,50,MERIDA,637,C,3,0,C03,103,61,0,3,4,9,73,2,2,1,0,0,0,0,0,0,258,0,9,267,643,ACTA DE CASILLA,,,
,31,YUCATAN,4,MERIDA,50,MERIDA,637,C,4,0,C04,104,61,2,3,3,4,87,1,1,2,0,0,0,0,0,0,268,0,12,280,642,ACTA DE CASILLA,,,
,31,YUCATAN,4,MERIDA,50,MERIDA,638,B,1,0,B,195,73,5,3,1,7,85,0,2,1,0,0,0,0,0,0,372,0,7,379,659,ACTA DE CASILLA,,,
,31,YUCATAN,4,MERIDA,50,MERIDA,638,C,1,0,C01,202,58,4,0,4,6,72,1,1,0,3,0,0,0,0,0,351,0,6,357,658,ACTA DE CASILLA,,,
,31,YUCATAN,4,MERIDA,50,MERIDA,638,C,2,0,C02,201,34,2,3,5,8,69,2,1,3,1,0,0,0,0,0,329,0,8,337,658,ACTA DE CASILLA,,,
,31,YUCATAN,4,MERIDA,50,MERIDA,638,E,1,0,E01,195,52,2,8,3,13,66,1,1,5,0,0,0,0,0,0,346,0,5,351,703,ACTA DE CASILLA,,,
,31,YUCATAN,4,MERIDA,50,MERIDA,638,E,1,1,E01C01,192,41,3,4,3,5,61,1,0,1,3,0,0,0,0,0,314,0,7,321,703,ACTA DE CASILLA,,,
,31,YUCATAN,4,MERIDA,50,MERIDA,638,E,1,2,E01C02,174,36,5,4,2,15,76,2,1,2,0,0,0,0,0,0,317,0,5,322,703,ACTA DE CASILLA,,,
,31,YUCATAN,4,MERIDA,50,MERIDA,638,E,1,3,E01C03,193,41,0,5,1,14,80,2,0,5,2,0,0,0,0,0,343,0,7,350,703,ACTA DE CASILLA,,,
,31,YUCATAN,4,MERIDA,50,MERIDA,638,E,1,4,E01C04,186,30,2,8,5,13,64,3,0,2,3,0,0,0,0,0,316,1,1,318,703,ACTA DE CASILLA,,,
,31,YUCATAN,4,MERIDA,50,MERIDA,638,E,1,5,E01C05,201,45,3,2,1,14,67,2,2,2,2,0,0,0,0,0,341,0,8,349,703,ACTA DE CASILLA,,,
,31,YUCATAN,4,MERIDA,50,MERIDA,638,E,1,6,E01C06,199,48,2,4,1,11,80,2,1,1,1,0,0,2,0,0,352,0,2,354,703,ACTA DE CASILLA,,,
,31,YUCATAN,4,MERIDA,50,MERIDA,638,E,1,7,E01C07,208,38,4,6,0,3,75,3,0,7,1,0,0,0,0,0,345,0,5,350,703,ACTA DE CASILLA,,,
,31,YUCATAN,4,MERIDA,50,MERIDA,638,E,1,8,E01C08,198,52,3,2,2,10,69,6,1,4,1,0,0,0,0,0,348,0,5,353,703,ACTA DE CASILLA,,,
,31,YUCATAN,4,MERIDA,50,MERIDA,638,E,1,9,E01C09,196,66,1,3,3,8,83,1,0,0,0,0,0,1,0,0,362,0,6,368,703,ACTA DE CASILLA,,,
,31,YUCATAN,4,MERIDA,50,MERIDA,639,B,1,0,B,187,51,4,6,2,6,78,3,1,2,1,0,0,0,0,0,341,0,8,349,695,ACTA DE CASILLA,,,
,31,YUCATAN,4,MERIDA,50,MERIDA,639,C,1,0,C01,207,43,2,4,2,4,73,1,1,3,1,0,0,0,0,0,341,0,5,346,695,ACTA DE CASILLA,,,
,31,YUCATAN,4,MERIDA,50,MERIDA,639,C,2,0,C02,190,58,2,3,0,10,54,4,1,1,1,0,0,0,0,0,324,0,5,329,695,ACTA DE CASILLA,,,
,31,YUCATAN,4,MERIDA,50,MERIDA,639,C,3,0,C03,170,74,2,4,2,4,56,1,0,2,0,0,0,0,0,0,315,0,1,316,695,ACTA DE CASILLA,,,
,31,YUCATAN,4,MERIDA,50,MERIDA,639,C,4,0,C04,155,55,1,6,3,6,47,4,0,2,2,0,0,0,0,0,281,0,4,285,695,ACTA DE CASILLA,,,
,31,YUCATAN,4,MERIDA,50,MERIDA,639,C,5,0,C05,171,59,2,4,0,9,72,5,1,1,0,0,0,1,0,0,325,1,2,328,695,ACTA DE CASILLA,,,
,31,YUCATAN,4,MERIDA,50,MERIDA,639,C,6,0,C06,184,47,0,5,3,4,79,2,1,3,2,0,0,0,0,0,330,0,8,338,694,ACTA DE CASILLA,,,
,31,YUCATAN,4,MERIDA,50,MERIDA,639,C,7,0,C07,262,43,8,4,2,7,82,1,0,4,4,0,0,0,0,0,417,0,5,422,694,ACTA DE CASILLA,,,
,31,YUCATAN,4,MERIDA,50,MERIDA,639,C,8,0,C08,262,56,4,4,2,7,74,1,0,1,1,0,0,0,0,0,412,0,5,417,694,ACTA DE CASILLA,,,
,31,YUCATAN,4,MERIDA,50,MERIDA,639,C,9,0,C09,189,41,6,2,1,10,79,1,1,3,1,0,0,0,0,0,334,0,4,338,694,ACTA DE CASILLA,,,
,31,YUCATAN,4,MERIDA,50,MERIDA,639,C,10,0,C10,176,31,6,2,5,7,82,2,1,3,1,0,0,0,0,0,316,0,11,327,694,ACTA DE CASILLA,,,
,31,YUCATAN,4,MERIDA,50,MERIDA,639,E,1,0,E01,155,47,0,3,2,6,77,1,1,2,1,0,0,0,0,0,295,0,7,302,584,ACTA DE CASILLA,,,
,31,YUCATAN,4,MERIDA,50,MERIDA,639,E,1,1,E01C01,178,33,3,6,2,6,60,6,2,2,1,0,0,0,0,0,299,0,5,304,584,ACTA DE CASILLA,,,
,31,YUCATAN,4,MERIDA,50,MERIDA,639,E,1,2,E01C02,168,41,0,4,3,11,76,2,1,7,0,0,0,0,0,0,313,1,7,321,584,ACTA DE CASILLA,,,
,31,YUCATAN,4,MERIDA,50,MERIDA,639,E,1,3,E01C03,181,37,4,0,0,6,69,4,0,1,1,0,0,0,0,0,303,0,6,309,583,ACTA DE CASILLA,,,
,31,YUCATAN,4,MERIDA,50,MERIDA,639,E,2,0,E02,205,38,5,3,1,7,62,2,0,1,1,0,0,0,0,0,325,0,5,330,719,ACTA DE CASILLA,,,
,31,YUCATAN,4,MERIDA,50,MERIDA,639,E,2,1,E02C01,187,37,3,7,1,9,87,1,3,2,1,0,0,0,0,0,338,0,13,351,719,ACTA DE CASILLA,,,
,31,YUCATAN,4,MERIDA,50,MERIDA,640,B,1,0,B,160,57,4,4,1,4,80,3,0,1,2,0,0,0,0,0,316,0,8,324,573,ACTA DE CASILLA,,,
,31,YUCATAN,4,MERIDA,50,MERIDA,640,C,1,0,C01,176,78,0,3,1,8,61,0,0,2,2,0,0,0,0,0,331,0,11,342,573,ACTA DE CASILLA,,,
,31,YUCATAN,4,MERIDA,50,MERIDA,640,E,1,0,E01,295,59,3,0,1,3,34,4,1,0,4,0,0,0,0,0,404,0,5,409,579,ACTA DE CASILLA,,,
,31,YUCATAN,4,MERIDA,50,MERIDA,640,E,1,1,E01C01,308,54,1,2,0,3,32,1,2,3,1,0,0,0,0,0,407,0,2,409,578,ACTA DE CASILLA,,,
,31,YUCATAN,4,MERIDA,50,MERIDA,640,E,1,2,E01C02,324,46,3,0,1,6,39,0,1,1,0,0,0,0,0,0,421,0,6,427,578,ACTA DE CASILLA,,,
,31,YUCATAN,4,MERIDA,50,MERIDA,641,B,1,0,B,200,72,2,1,1,5,88,1,0,5,0,0,0,0,0,0,375,0,11,386,725,ACTA DE CASILLA,,,
,31,YUCATAN,4,MERIDA,50,MERIDA,641,C,1,0,C01,210,74,6,7,3,5,78,2,0,1,1,0,0,1,0,0,388,0,6,394,725,ACTA DE CASILLA,,,
,31,YUCATAN,4,MERIDA,50,MERIDA,641,C,2,0,C02,221,64,10,9,3,6,56,0,1,2,0,0,0,0,0,0,372,0,10,382,725,ACTA DE CASILLA,,,
,31,YUCATAN,4,MERIDA,50,MERIDA,641,C,3,0,C03,169,71,2,3,1,7,73,1,0,3,0,0,0,0,0,0,330,0,15,345,725,ACTA DE CASILLA,,,
,31,YUCATAN,4,MERIDA,50,MERIDA,641,C,4,0,C04,256,71,4,4,1,5,78,3,2,3,1,0,0,1,0,0,429,0,8,437,724,ACTA DE CASILLA,,,
,31,YUCATAN,4,MERIDA,50,MERIDA,642,B,1,0,B,196,53,0,4,1,9,79,4,0,7,0,0,0,1,0,0,354,0,7,361,661,ACTA DE CASILLA,,,
,31,YUCATAN,4,MERIDA,50,MERIDA,642,C,1,0,C01,170,67,1,4,1,3,76,0,1,2,2,0,0,0,0,0,327,0,6,333,661,ACTA DE CASILLA,,,
,31,YUCATAN,4,MERIDA,50,MERIDA,642,C,2,0,C02,189,91,9,1,0,2,77,1,0,0,4,0,0,0,0,0,374,0,6,380,660,ACTA DE CASILLA,,,
,31,YUCATAN,4,MERIDA,50,MERIDA,642,C,3,0,C03,227,78,4,1,1,0,48,1,0,1,0,0,0,1,0,0,362,0,5,367,660,ACTA DE CASILLA,,,
,31,YUCATAN,4,MERIDA,50,MERIDA,642,C,4,0,C04,225,65,1,1,2,4,61,2,0,0,2,0,0,0,0,0,363,0,3,366,660,ACTA DE CASILLA,,,
,31,YUCATAN,4,MERIDA,50,MERIDA,642,C,5,0,C05,201,60,2,2,0,4,60,3,0,3,4,0,0,0,0,0,339,0,5,344,660,ACTA DE CASILLA,,,
,31,YUCATAN,4,MERIDA,50,MERIDA,642,E,1,0,E01,209,37,2,5,1,9,57,1,1,2,0,0,0,0,0,0,324,1,6,331,558,ACTA DE CASILLA,,,
,31,YUCATAN,4,MERIDA,50,MERIDA,642,E,1,1,E01C01,196,50,4,2,6,10,56,2,0,3,1,0,0,0,0,0,330,0,3,333,557,ACTA DE CASILLA,,,
,31,YUCATAN,4,MERIDA,50,MERIDA,642,E,1,2,E01C02,220,42,4,3,1,9,48,2,1,0,0,0,0,1,0,0,331,0,4,335,557,GRUPO DE RECUENTO,,,
,31,YUCATAN,4,MERIDA,50,MERIDA,642,E,2,0,E02,203,80,3,4,1,6,68,4,1,2,0,0,0,0,0,0,372,0,6,378,527,ACTA DE CASILLA,,,
,31,YUCATAN,4,MERIDA,50,MERIDA,642,E,2,1,E02C01,173,53,7,3,4,7,71,2,1,2,2,0,0,0,0,0,325,0,3,328,527,ACTA DE CASILLA,,,
,31,YUCATAN,4,MERIDA,50,MERIDA,642,E,2,2,E02C02,219,53,3,5,1,10,66,0,1,4,2,0,0,0,0,0,364,2,4,370,527,ACTA DE CASILLA,,,
,31,YUCATAN,4,MERIDA,50,MERIDA,643,B,1,0,B,146,65,4,9,1,6,89,1,1,3,2,0,0,0,0,0,327,0,5,332,699,ACTA DE CASILLA,,,
,31,YUCATAN,4,MERIDA,50,MERIDA,643,C,1,0,C01,170,61,4,2,3,9,96,1,3,1,1,0,0,1,0,0,352,0,9,361,699,ACTA DE CASILLA,,,
,31,YUCATAN,4,MERIDA,50,MERIDA,643,C,2,0,C02,160,46,4,8,1,9,91,5,0,3,1,0,0,1,0,0,329,0,8,337,698,ACTA DE CASILLA,,,
,31,YUCATAN,4,MERIDA,50,MERIDA,643,E,1,0,E01,141,50,5,2,0,8,78,5,0,11,2,0,0,0,0,0,302,0,3,305,668,ACTA DE CASILLA,,,
,31,YUCATAN,4,MERIDA,50,MERIDA,643,E,1,1,E01C01,181,40,1,10,0,9,87,8,0,6,3,0,0,0,0,0,345,0,12,357,668,ACTA DE CASILLA,,,
,31,YUCATAN,4,MERIDA,50,MERIDA,643,E,1,2,E01C02,146,45,4,7,1,5,100,2,0,2,4,0,0,0,0,0,316,0,9,325,668,ACTA DE CASILLA,,,
,31,YUCATAN,4,MERIDA,50,MERIDA,643,E,1,3,E01C03,159,28,2,3,2,17,104,6,2,11,2,0,0,0,0,0,336,1,4,341,668,ACTA DE CASILLA,,,
,31,YUCATAN,4,MERIDA,50,MERIDA,643,E,1,4,E01C04,165,37,3,3,2,10,102,3,2,9,2,0,0,0,0,0,338,1,7,346,668,ACTA DE CASILLA,,,
,31,YUCATAN,4,MERIDA,50,MERIDA,643,E,1,5,E01C05,162,45,2,2,2,12,96,6,0,10,0,0,0,2,0,0,339,0,8,347,668,ACTA DE CASILLA,,,
,31,YUCATAN,4,MERIDA,50,MERIDA,643,E,1,6,E01C06,155,27,2,6,4,7,99,6,2,6,2,0,0,0,0,0,316,0,8,324,667,ACTA DE CASILLA,,,
,31,YUCATAN,4,MERIDA,50,MERIDA,643,E,1,7,E01C07,210,53,2,2,0,1,91,1,2,2,1,0,0,0,0,0,365,0,2,367,667,ACTA DE CASILLA,,,
,31,YUCATAN,3,MERIDA,50,MERIDA,644,B,1,0,B,121,57,2,5,7,7,79,2,3,4,1,0,0,1,0,0,289,,5,294,694,ACTA DE CASILLA,,,
,31,YUCATAN,3,MERIDA,50,MERIDA,644,C,1,0,C01,117,37,2,3,3,5,68,3,1,0,1,0,0,0,0,0,240,,2,242,693,GRUPO DE RECUENTO,,,
,31,YUCATAN,3,MERIDA,50,MERIDA,644,C,2,0,C02,97,52,3,5,0,8,85,3,2,1,2,0,0,0,0,0,258,,7,265,693,ACTA DE CASILLA,,,
,31,YUCATAN,3,MERIDA,50,MERIDA,644,C,3,0,C03,93,47,1,2,2,2,84,3,2,2,4,0,0,0,0,0,242,,4,246,693,ACTA DE CASILLA,,,
,31,YUCATAN,3,MERIDA,50,MERIDA,644,C,4,0,C04,107,46,1,4,1,8,66,0,0,4,2,0,0,0,0,0,239,,4,243,693,ACTA DE CASILLA,,,
,31,YUCATAN,3,MERIDA,50,MERIDA,644,C,5,0,C05,95,45,3,6,3,3,69,2,3,3,1,0,0,0,0,0,233,,9,242,693,ACTA DE CASILLA,,,
,31,YUCATAN,4,MERIDA,50,MERIDA,646,B,1,0,B,152,70,3,2,0,9,87,5,3,4,3,0,0,0,0,0,338,0,10,348,715,ACTA DE CASILLA,,,
,31,YUCATAN,4,MERIDA,50,MERIDA,646,C,1,0,C01,136,66,3,9,1,3,73,2,2,5,0,0,0,0,0,0,300,0,11,311,715,ACTA DE CASILLA,,,
,31,YUCATAN,4,MERIDA,50,MERIDA,646,C,2,0,C02,143,49,4,8,1,8,86,4,1,4,2,0,0,0,0,0,310,0,8,318,715,ACTA DE CASILLA,,,
,31,YUCATAN,4,MERIDA,50,MERIDA,646,C,3,0,C03,135,91,3,3,2,8,66,1,0,9,2,0,0,0,0,0,320,1,4,325,714,ACTA DE CASILLA,,,
,31,YUCATAN,4,MERIDA,50,MERIDA,647,B,1,0,B,125,103,3,2,4,5,104,4,4,4,4,0,0,0,0,0,362,0,21,383,554,ACTA DE CASILLA,,,
,31,YUCATAN,3,MERIDA,50,MERIDA,648,B,1,0,B,158,81,3,9,4,7,87,1,0,9,1,0,0,0,0,0,360,1,8,369,734,ACTA DE CASILLA,,,
,31,YUCATAN,3,MERIDA,50,MERIDA,648,C,1,0,C01,165,63,1,8,0,5,85,1,1,8,4,0,0,169,0,64,574,,6,580,733,ACTA DE CASILLA,,,
,31,YUCATAN,3,MERIDA,50,MERIDA,648,E,1,0,E01,164,83,1,6,3,3,35,0,1,4,4,0,0,0,0,0,304,,12,316,438,ACTA DE CASILLA,,,
,31,YUCATAN,7,MERIDA,50,MERIDA,649,B,1,0,B,81,49,5,4,5,4,61,2,1,5,1,0,0,0,0,0,218,0,13,231,695,ACTA DE CASILLA,,,
,31,YUCATAN,7,MERIDA,50,MERIDA,649,C,1,0,C01,81,54,2,7,1,5,82,3,2,5,0,0,0,0,0,0,242,0,7,249,695,GRUPO DE RECUENTO,,,
,31,YUCATAN,7,MERIDA,50,MERIDA,649,C,2,0,C02,78,69,3,2,3,8,91,5,4,5,1,0,0,0,0,0,269,0,11,280,695,GRUPO DE RECUENTO,,,
,31,YUCATAN,7,MERIDA,50,MERIDA,649,C,3,0,C03,88,45,3,2,6,4,65,0,3,4,2,0,0,0,0,0,222,0,12,234,695,ACTA DE CASILLA,,,
,31,YUCATAN,7,MERIDA,50,MERIDA,649,C,4,0,C04,87,57,3,8,4,3,86,1,1,6,0,0,0,0,0,0,256,0,15,271,695,GRUPO DE RECUENTO,,,
,31,YUCATAN,7,MERIDA,50,MERIDA,649,C,5,0,C05,60,43,2,4,1,4,70,2,2,3,3,0,0,0,0,0,194,0,4,198,695,ACTA DE CASILLA,,,
,31,YUCATAN,7,MERIDA,50,MERIDA,649,C,6,0,C06,83,55,2,5,5,6,70,5,4,3,1,0,0,0,0,0,239,1,7,247,695,ACTA DE CASILLA,,,
,31,YUCATAN,7,MERIDA,50,MERIDA,649,C,7,0,C07,76,63,0,6,7,5,71,1,0,7,1,0,0,0,0,0,237,0,9,246,695,GRUPO DE RECUENTO,,,
,31,YUCATAN,7,MERIDA,50,MERIDA,649,C,8,0,C08,100,52,3,4,3,6,93,1,2,3,1,0,0,0,0,0,268,0,14,282,694,GRUPO DE RECUENTO,,,
,31,YUCATAN,7,MERIDA,50,MERIDA,649,C,9,0,C09,91,51,3,2,4,4,76,3,1,1,72,0,0,0,0,0,308,0,9,317,694,ACTA DE CASILLA,,,
,31,YUCATAN,7,MERIDA,50,MERIDA,649,C,10,0,C10,66,60,1,2,2,7,85,2,2,3,2,0,0,1,0,0,233,0,9,242,694,GRUPO DE RECUENTO,,,
,31,YUCATAN,7,MERIDA,50,MERIDA,649,C,11,0,C11,95,64,1,3,4,5,68,0,1,4,0,0,0,0,0,0,245,0,7,252,694,ACTA DE CASILLA,,,
,31,YUCATAN,7,MERIDA,50,MERIDA,650,B,1,0,B,111,71,4,3,3,6,106,3,4,2,1,0,0,0,0,0,314,0,11,325,512,GRUPO DE RECUENTO,,,
,31,YUCATAN,7,MERIDA,50,MERIDA,650,C,1,0,C01,111,80,6,2,3,2,94,2,3,5,2,0,0,0,0,0,310,0,11,321,512,GRUPO DE RECUENTO,,,
,31,YUCATAN,7,MERIDA,50,MERIDA,650,C,2,0,C02,49,72,1,6,2,10,99,10,1,5,1,0,0,0,0,0,256,0,17,273,512,GRUPO DE RECUENTO,,,
,31,YUCATAN,7,MERIDA,50,MERIDA,650,E,1,0,E01,52,86,3,3,2,4,80,4,2,6,1,0,0,0,0,0,243,0,7,250,636,ACTA DE CASILLA,,,
,31,YUCATAN,7,MERIDA,50,MERIDA,650,E,1,1,E01C01,54,94,1,3,2,4,81,6,2,5,1,0,0,0,0,0,253,0,6,259,636,ACTA DE CASILLA,,,
,31,YUCATAN,7,MERIDA,50,MERIDA,650,E,1,2,E01C02,57,91,1,2,3,3,81,7,0,6,0,0,0,0,0,0,251,0,7,258,635,ACTA DE CASILLA,,,
,31,YUCATAN,7,MERIDA,50,MERIDA,650,E,1,3,E01C03,59,63,1,2,1,5,71,5,1,5,3,0,0,0,0,0,216,0,6,222,635,ACTA DE CASILLA,,,
,31,YUCATAN,7,MERIDA,50,MERIDA,650,E,1,4,E01C04,98,82,4,4,2,2,98,2,1,2,1,0,0,0,0,0,296,0,4,300,635,ACTA DE CASILLA,,,
,31,YUCATAN,7,MERIDA,50,MERIDA,650,E,2,0,E02,82,60,1,4,3,16,95,5,4,2,2,0,0,0,0,0,274,0,12,286,735,GRUPO DE RECUENTO,,,
,31,YUCATAN,7,MERIDA,50,MERIDA,650,E,2,1,E02C01,78,52,3,3,3,9,69,8,4,8,0,0,0,0,0,0,237,0,7,244,735,ACTA DE CASILLA,,,
,31,YUCATAN,7,MERIDA,50,MERIDA,650,E,3,0,E03,97,57,4,2,3,3,53,1,2,0,0,0,0,0,0,0,222,0,10,232,572,GRUPO DE RECUENTO,,,
,31,YUCATAN,7,MERIDA,50,MERIDA,650,E,3,1,E03C01,111,32,1,4,3,3,63,1,0,4,1,0,0,0,0,0,223,0,15,238,572,ACTA DE CASILLA,,,
,31,YUCATAN,7,MERIDA,50,MERIDA,650,E,3,2,E03C02,85,38,3,1,2,7,61,1,1,2,0,0,0,0,0,0,201,0,8,209,571,ACTA DE CASILLA,,,
,31,YUCATAN,7,MERIDA,50,MERIDA,651,B,1,0,B,122,66,1,1,6,1,61,1,1,3,3,0,0,0,0,0,266,0,17,283,522,ACTA DE CASILLA,,,
,31,YUCATAN,7,MERIDA,50,MERIDA,652,B,1,0,B,155,199,1,3,1,1,69,9,2,1,3,0,0,0,0,0,444,0,15,459,653,ACTA DE CASILLA,,,
,31,YUCATAN,7,MERIDA,50,MERIDA,652,C,1,0,C01,143,160,2,1,3,6,67,16,5,3,0,0,0,0,0,0,406,0,30,436,633,GRUPO DE RECUENTO,,,
,31,YUCATAN,7,MERIDA,50,MERIDA,652,E,1,0,E01,111,64,3,5,0,1,48,12,0,7,1,0,0,0,0,0,252,0,11,263,336,ACTA DE CASILLA,,,
,31,YUCATAN,7,MERIDA,50,MERIDA,652,E,2,0,E02,89,108,2,0,5,2,30,3,0,8,3,0,0,0,0,0,250,1,13,264,394,GRUPO DE RECUENTO,,,
,31,YUCATAN,7,MERIDA,50,MERIDA,652,E,2,1,E02C01,99,108,5,2,1,3,36,2,1,2,1,0,0,0,0,0,260,0,9,269,393,ACTA DE CASILLA,,,
,31,YUCATAN,7,MERIDA,50,MERIDA,653,B,1,0,B,119,139,3,2,15,9,53,3,1,7,10,0,0,0,0,0,361,0,12,373,722,ACTA DE CASILLA,,,
,31,YUCATAN,7,MERIDA,50,MERIDA,653,C,1,0,C01,135,123,0,2,4,10,57,3,1,3,6,0,0,0,0,0,344,0,0,344,722,ACTA DE CASILLA,,,
,31,YUCATAN,7,MERIDA,50,MERIDA,653,C,2,0,C02,125,140,0,1,2,5,21,1,2,10,0,0,0,0,0,0,307,0,9,316,722,GRUPO DE RECUENTO,,,
,31,YUCATAN,7,MERIDA,50,MERIDA,653,C,3,0,C03,142,129,0,3,5,14,68,5,0,5,2,0,0,1,0,0,374,0,14,388,722,GRUPO DE RECUENTO,,,
,31,YUCATAN,7,MERIDA,50,MERIDA,653,E,1,0,E01,126,127,1,1,6,12,69,6,2,6,4,0,0,0,0,0,360,0,14,374,436,GRUPO DE RECUENTO,,,
,31,YUCATAN,7,MERIDA,50,MERIDA,654,B,1,0,B,174,87,3,3,0,4,89,7,2,8,2,0,0,0,0,0,379,0,4,383,583,ACTA DE CASILLA,,,
,31,YUCATAN,7,MERIDA,50,MERIDA,654,C,1,0,C01,137,90,3,3,3,1,92,4,1,11,2,0,0,0,0,0,347,0,16,363,582,ACTA DE CASILLA,,,
,31,YUCATAN,7,MERIDA,50,MERIDA,654,C,2,0,C02,166,99,2,8,1,4,90,2,0,9,3,0,0,0,0,0,384,0,4,388,582,ACTA DE CASILLA,,,
,31,YUCATAN,7,MERIDA,50,MERIDA,655,B,1,0,B,225,139,0,11,2,2,53,5,3,5,2,0,0,0,0,0,447,0,20,467,644,ACTA DE CASILLA,,,
,31,YUCATAN,7,MERIDA,50,MERIDA,655,E,1,0,E01,100,176,2,2,0,1,27,0,3,6,2,0,0,0,0,0,319,0,6,325,394,ACTA DE CASILLA,,,
,31,YUCATAN,7,MERIDA,50,MERIDA,656,B,1,0,B,141,225,1,17,3,5,83,0,3,3,1,0,0,0,0,0,482,0,20,502,729,ACTA DE CASILLA,,,
,31,YUCATAN,9,PROGRESO,51,MOCOCHA,657,B,1,0,B,279,227,1,5,0,13,83,3,0,2,17,0,0,3,0,0,633,0,12,645,742,ACTA DE CASILLA,,,
,31,YUCATAN,9,PROGRESO,51,MOCOCHA,658,B,1,0,B,234,232,2,5,1,8,76,0,0,1,8,0,0,1,0,0,568,0,9,577,656,GRUPO DE RECUENTO,,,
,31,YUCATAN,9,PROGRESO,51,MOCOCHA,658,C,1,0,C01,206,239,1,3,1,13,81,1,0,1,20,0,0,1,0,0,567,0,14,581,655,ACTA DE CASILLA,,,
,31,YUCATAN,9,PROGRESO,51,MOCOCHA,659,B,1,0,B,155,164,1,0,1,0,31,0,0,0,2,0,0,0,0,0,354,0,1,355,390,ACTA DE CASILLA,,,
,31,YUCATAN,9,PROGRESO,51,MOCOCHA,660,B,1,0,B,169,166,1,1,1,0,102,1,1,2,2,0,0,1,0,0,447,0,17,464,524,GRUPO DE RECUENTO,,,
,31,YUCATAN,9,PROGRESO,52,MOTUL,661,B,1,0,B,100,119,2,55,3,12,129,2,2,3,3,0,0,1,0,0,431,0,20,451,673,GRUPO DE RECUENTO,,,
,31,YUCATAN,9,PROGRESO,52,MOTUL,661,C,1,0,C01,80,156,1,57,3,14,127,4,2,2,4,0,0,1,0,0,451,0,13,464,673,ACTA DE CASILLA,,,
,31,YUCATAN,9,PROGRESO,52,MOTUL,661,C,2,0,C02,83,167,5,54,2,9,123,4,2,6,9,0,0,1,0,0,465,0,11,476,673,ACTA DE CASILLA,,,
,31,YUCATAN,9,PROGRESO,52,MOTUL,661,C,3,0,C03,96,159,3,49,0,6,130,2,2,1,7,0,0,1,0,0,456,0,14,470,673,ACTA DE CASILLA,,,
,31,YUCATAN,9,PROGRESO,52,MOTUL,661,C,4,0,C04,94,131,2,55,2,11,144,2,1,1,4,0,0,0,0,0,447,0,11,458,672,ACTA DE CASILLA,,,
,31,YUCATAN,9,PROGRESO,52,MOTUL,662,B,1,0,B,102,112,3,59,2,7,159,2,2,3,0,0,0,0,0,0,451,1,13,465,709,GRUPO DE RECUENTO,,,
,31,YUCATAN,9,PROGRESO,52,MOTUL,662,C,1,0,C01,94,126,4,65,6,6,132,4,4,1,2,0,0,0,0,0,444,0,16,460,708,GRUPO DE RECUENTO,,,
,31,YUCATAN,9,PROGRESO,52,MOTUL,662,C,2,0,C02,117,158,3,56,5,7,122,3,1,2,1,0,0,0,0,0,475,0,6,481,708,ACTA DE CASILLA,,,
,31,YUCATAN,9,PROGRESO,52,MOTUL,662,C,3,0,C03,87,133,4,55,0,12,143,9,4,3,3,0,0,0,0,0,453,0,24,477,708,GRUPO DE RECUENTO,,,
,31,YUCATAN,9,PROGRESO,52,MOTUL,663,B,1,0,B,131,138,7,80,3,8,110,0,4,2,7,0,0,0,0,0,490,0,7,497,724,ACTA DE CASILLA,,,
,31,YUCATAN,9,PROGRESO,52,MOTUL,663,C,1,0,C01,121,143,3,67,2,10,140,1,2,7,4,0,0,0,0,1,501,0,24,525,723,GRUPO DE RECUENTO,,,
,31,YUCATAN,9,PROGRESO,52,MOTUL,664,B,1,0,B,79,86,0,45,1,1,77,1,4,0,3,0,0,0,0,0,297,0,6,303,399,ACTA DE CASILLA,,,
,31,YUCATAN,9,PROGRESO,52,MOTUL,664,C,1,0,C01,72,84,0,33,0,0,89,1,1,5,1,0,0,0,0,0,286,0,9,295,399,GRUPO DE RECUENTO,,,
,31,YUCATAN,9,PROGRESO,52,MOTUL,665,B,1,0,B,81,90,1,55,3,9,95,2,1,1,1,0,0,0,0,0,339,0,9,348,534,GRUPO DE RECUENTO,,,
,31,YUCATAN,9,PROGRESO,52,MOTUL,665,C,1,0,C01,81,85,2,55,2,11,87,0,4,3,1,0,0,0,0,0,331,0,17,348,533,GRUPO DE RECUENTO,,,
,31,YUCATAN,9,PROGRESO,52,MOTUL,665,C,2,0,C02,74,89,4,70,2,11,116,0,1,1,1,0,0,0,0,0,369,0,10,379,533,ACTA DE CASILLA,,,
,31,YUCATAN,9,PROGRESO,52,MOTUL,666,B,1,0,B,78,110,2,66,3,8,113,1,2,1,3,0,0,0,0,0,387,0,6,393,556,GRUPO DE RECUENTO,,,
,31,YUCATAN,9,PROGRESO,52,MOTUL,666,C,1,0,C01,98,123,4,61,1,8,104,1,1,3,1,0,0,0,0,0,405,0,10,415,556,ACTA DE CASILLA,,,
,31,YUCATAN,9,PROGRESO,52,MOTUL,667,B,1,0,B,94,130,1,52,3,10,115,7,3,2,3,0,0,0,0,0,420,0,6,426,606,ACTA DE CASILLA,,,
,31,YUCATAN,9,PROGRESO,52,MOTUL,667,C,1,0,C01,117,100,1,42,0,20,153,1,3,4,3,0,0,0,0,0,444,0,0,444,606,ACTA DE CASILLA,,,
,31,YUCATAN,9,PROGRESO,52,MOTUL,667,C,2,0,C02,120,141,0,35,1,19,117,1,2,4,1,0,0,0,0,0,441,0,11,452,606,ACTA DE CASILLA,,,
,31,YUCATAN,9,PROGRESO,52,MOTUL,668,B,1,0,B,103,111,3,62,1,12,139,1,0,4,6,0,0,0,0,0,442,0,17,459,634,ACTA DE CASILLA,,,
,31,YUCATAN,9,PROGRESO,52,MOTUL,668,C,1,0,C01,90,101,3,77,0,10,123,6,8,8,0,0,0,0,0,0,426,0,18,444,634,ACTA DE CASILLA,,,
,31,YUCATAN,9,PROGRESO,52,MOTUL,668,C,2,0,C02,78,115,2,76,2,7,133,2,4,0,5,0,0,1,0,0,425,0,13,438,634,ACTA DE CASILLA,,,
,31,YUCATAN,9,PROGRESO,52,MOTUL,668,C,3,0,C03,97,93,2,65,2,13,129,6,2,4,1,0,0,0,0,0,414,0,5,419,634,ACTA DE CASILLA,,,
,31,YUCATAN,9,PROGRESO,52,MOTUL,668,C,4,0,C04,78,106,0,67,2,10,136,2,1,6,4,0,0,0,0,0,412,0,13,425,633,ACTA DE CASILLA,,,
,31,YUCATAN,9,PROGRESO,52,MOTUL,669,B,1,0,B,67,84,3,56,1,13,113,2,1,0,3,0,0,1,0,0,344,0,11,355,512,ACTA DE CASILLA,,,
,31,YUCATAN,9,PROGRESO,52,MOTUL,669,C,1,0,C01,76,86,4,44,2,8,109,1,0,2,2,0,0,0,0,0,334,0,11,345,512,ACTA DE CASILLA,,,
,31,YUCATAN,9,PROGRESO,52,MOTUL,669,C,2,0,C02,77,87,3,50,3,5,102,1,1,3,7,0,0,0,0,0,339,0,13,352,511,GRUPO DE RECUENTO,,,
,31,YUCATAN,9,PROGRESO,52,MOTUL,670,B,1,0,B,97,176,6,48,5,11,133,4,3,1,2,0,0,0,0,0,486,0,17,503,716,ACTA DE CASILLA,,,
,31,YUCATAN,9,PROGRESO,52,MOTUL,670,C,1,0,C01,87,141,6,62,2,11,112,5,6,5,3,0,0,0,0,0,440,0,0,440,716,ACTA DE CASILLA,,,
,31,YUCATAN,9,PROGRESO,52,MOTUL,671,B,1,0,B,38,73,1,54,2,16,116,1,1,2,5,0,0,0,0,0,309,0,2,311,385,ACTA DE CASILLA,,,
,31,YUCATAN,9,PROGRESO,52,MOTUL,671,C,1,0,C01,46,73,2,70,2,8,86,1,1,5,5,0,0,0,0,0,299,0,15,314,385,GRUPO DE RECUENTO,,,
,31,YUCATAN,9,PROGRESO,52,MOTUL,672,B,1,0,B,100,78,1,99,2,4,126,1,0,1,3,0,0,0,0,0,415,0,20,435,535,ACTA DE CASILLA,,,
,31,YUCATAN,9,PROGRESO,52,MOTUL,673,B,1,0,B,20,40,0,37,0,1,22,0,3,1,2,0,0,0,0,0,126,0,6,132,158,GRUPO DE RECUENTO,,,
,31,YUCATAN,9,PROGRESO,52,MOTUL,674,B,1,0,B,104,68,1,62,3,5,229,2,3,6,3,0,0,1,0,0,487,0,18,505,664,ACTA DE CASILLA,,,
,31,YUCATAN,9,PROGRESO,52,MOTUL,674,C,1,0,C01,109,85,0,58,2,6,219,1,3,11,5,0,0,0,0,0,499,0,10,509,663,ACTA DE CASILLA,,,
,31,YUCATAN,9,PROGRESO,52,MOTUL,675,B,1,0,B,44,81,2,21,0,3,47,2,0,0,2,0,0,0,0,0,202,0,6,208,242,ACTA DE CASILLA,,,
,31,YUCATAN,9,PROGRESO,52,MOTUL,676,B,1,0,B,75,78,1,50,3,5,121,8,4,2,6,0,0,0,0,1,354,0,10,364,522,ACTA DE CASILLA,,,
,31,YUCATAN,9,PROGRESO,52,MOTUL,676,C,1,0,C01,64,101,2,47,4,3,115,3,3,1,5,0,0,1,0,0,349,0,10,359,522,ACTA DE CASILLA,,,
,31,YUCATAN,9,PROGRESO,52,MOTUL,676,C,2,0,C02,80,67,1,34,4,6,142,3,5,2,4,0,0,0,0,0,348,0,13,361,521,ACTA DE CASILLA,,,
,31,YUCATAN,9,PROGRESO,52,MOTUL,677,B,1,0,B,129,111,1,96,2,16,160,1,1,1,4,0,0,0,0,0,522,0,10,532,692,ACTA DE CASILLA,,,
,31,YUCATAN,9,PROGRESO,52,MOTUL,677,C,1,0,C01,115,119,4,110,0,6,176,4,4,2,3,0,0,0,0,0,543,0,16,559,692,ACTA DE CASILLA,,,
,31,YUCATAN,9,PROGRESO,52,MOTUL,677,C,2,0,C02,148,124,1,99,3,14,119,2,3,3,1,0,0,0,0,0,517,0,16,533,692,ACTA DE CASILLA,,,
,31,YUCATAN,9,PROGRESO,52,MOTUL,678,B,1,0,B,90,123,4,35,1,10,225,0,1,3,3,0,0,0,0,0,495,0,12,507,610,ACTA DE CASILLA,,,
,31,YUCATAN,9,PROGRESO,52,MOTUL,679,B,1,0,B,74,68,1,13,0,8,202,3,1,3,4,0,0,1,0,0,378,0,13,391,437,ACTA DE CASILLA,,,
,31,YUCATAN,9,PROGRESO,52,MOTUL,679,C,1,0,C01,51,65,2,20,1,3,216,2,3,1,2,0,0,0,0,1,367,0,5,372,437,ACTA DE CASILLA,,,
,31,YUCATAN,13,TICUL,53,MUNA,680,B,1,0,B,180,78,13,3,4,53,164,0,4,4,1,0,0,0,0,0,504,,9,513,641,GRUPO DE RECUENTO,,,
,31,YUCATAN,13,TICUL,53,MUNA,680,C,1,0,C01,198,54,14,1,4,72,138,5,7,4,0,0,0,0,0,0,497,,3,500,641,ACTA DE CASILLA,,,
,31,YUCATAN,13,TICUL,53,MUNA,681,B,1,0,B,136,54,9,0,10,42,174,0,7,0,0,0,0,0,0,0,432,,13,445,600,ACTA DE CASILLA,,,
,31,YUCATAN,13,TICUL,53,MUNA,681,C,1,0,C01,157,83,6,1,13,39,149,1,7,0,0,0,0,0,0,0,456,,9,465,600,ACTA DE CASILLA,,,
,31,YUCATAN,13,TICUL,53,MUNA,681,C,2,0,C02,166,59,11,2,4,55,126,0,6,3,1,0,0,0,0,0,433,,6,439,599,ACTA DE CASILLA,,,
,31,YUCATAN,13,TICUL,53,MUNA,681,C,3,0,C03,143,62,7,1,13,40,132,2,12,3,1,0,0,0,0,0,416,1,13,430,599,GRUPO DE RECUENTO,,,
,31,YUCATAN,13,TICUL,53,MUNA,682,B,1,0,B,152,97,8,1,7,37,183,2,12,10,4,0,0,2,0,0,515,,8,523,741,ACTA DE CASILLA,,,
,31,YUCATAN,13,TICUL,53,MUNA,682,C,1,0,C01,178,73,12,0,11,27,147,8,14,5,1,0,0,0,0,0,476,,15,491,740,GRUPO DE RECUENTO,,,
,31,YUCATAN,13,TICUL,53,MUNA,682,C,2,0,C02,177,102,10,1,20,40,141,2,7,1,1,0,0,0,0,0,502,,13,515,740,ACTA DE CASILLA,,,
,31,YUCATAN,13,TICUL,53,MUNA,683,B,1,0,B,120,59,9,1,13,33,211,3,8,5,2,0,0,0,0,0,464,,14,478,669,ACTA DE CASILLA,,,
,31,YUCATAN,13,TICUL,53,MUNA,683,C,1,0,C01,144,63,15,1,10,40,202,0,9,5,0,0,0,2,0,0,491,,8,499,668,GRUPO DE RECUENTO,,,
,31,YUCATAN,13,TICUL,53,MUNA,684,B,1,0,B,149,73,11,5,14,50,139,3,4,10,0,0,0,0,0,0,458,,17,475,743,ACTA DE CASILLA,,,
,31,YUCATAN,13,TICUL,53,MUNA,684,C,1,0,C01,201,67,10,1,12,40,202,6,10,8,1,0,0,0,0,0,558,,14,572,743,GRUPO DE RECUENTO,,,
,31,YUCATAN,13,TICUL,53,MUNA,684,C,2,0,C02,196,74,7,1,12,36,182,4,7,5,1,0,0,1,0,0,526,1,15,542,743,ACTA DE CASILLA,,,
,31,YUCATAN,13,TICUL,53,MUNA,685,B,1,0,B,110,27,4,2,0,42,30,0,0,0,1,0,0,0,0,0,216,,5,221,257,ACTA DE CASILLA,,,
,31,YUCATAN,13,TICUL,53,MUNA,686,B,1,0,B,154,45,3,0,0,61,84,3,2,0,1,0,0,0,0,0,353,,6,359,449,ACTA DE CASILLA,,,
,31,YUCATAN,9,PROGRESO,54,MUXUPIP,687,B,1,0,B,115,18,0,73,2,1,106,0,0,14,0,0,0,0,0,0,329,1,10,340,389,GRUPO DE RECUENTO,,,
,31,YUCATAN,9,PROGRESO,54,MUXUPIP,687,C,1,0,C01,106,12,0,76,0,4,129,2,1,13,3,0,0,0,0,0,346,0,9,355,388,ACTA DE CASILLA,,,
,31,YUCATAN,9,PROGRESO,54,MUXUPIP,688,B,1,0,B,227,20,0,94,0,5,219,0,5,22,2,0,0,0,0,0,594,1,8,603,684,ACTA DE CASILLA,,,
,31,YUCATAN,9,PROGRESO,54,MUXUPIP,688,C,1,0,C01,214,14,0,100,0,0,228,1,3,45,1,0,0,0,0,0,606,0,11,617,684,ACTA DE CASILLA,,,
,31,YUCATAN,9,PROGRESO,54,MUXUPIP,689,B,1,0,B,104,0,1,54,1,0,102,0,0,2,1,0,0,0,0,0,265,0,1,266,297,ACTA DE CASILLA,,,
,31,YUCATAN,13,TICUL,55,OPICHEN,690,B,1,0,B,232,19,1,3,0,2,266,2,4,1,3,0,0,0,0,0,533,,10,543,636,ACTA DE CASILLA,,,
,31,YUCATAN,13,TICUL,55,OPICHEN,690,C,1,0,C01,291,7,2,0,1,4,215,0,3,0,2,0,0,0,0,0,525,,7,532,636,ACTA DE CASILLA,,,
,31,YUCATAN,13,TICUL,55,OPICHEN,690,C,2,0,C02,264,6,0,2,1,5,242,0,2,0,0,0,0,0,0,0,522,,7,529,636,ACTA DE CASILLA,,,
,31,YUCATAN,13,TICUL,55,OPICHEN,691,B,1,0,B,283,11,5,2,1,3,280,2,2,1,0,0,0,2,0,0,592,,5,597,681,GRUPO DE RECUENTO,,,
,31,YUCATAN,13,TICUL,55,OPICHEN,691,C,1,0,C01,288,12,1,3,2,10,242,3,5,0,1,0,0,0,0,0,567,,7,574,681,ACTA DE CASILLA,,,
,31,YUCATAN,13,TICUL,55,OPICHEN,691,C,2,0,C02,252,7,0,1,1,0,295,2,2,0,0,0,0,1,0,0,561,,14,575,680,ACTA DE CASILLA,,,
,31,YUCATAN,13,TICUL,55,OPICHEN,692,B,1,0,B,254,7,2,0,3,2,233,1,3,0,1,0,0,1,0,0,507,,11,518,597,ACTA DE CASILLA,,,
,31,YUCATAN,13,TICUL,55,OPICHEN,692,C,1,0,C01,222,3,1,2,1,4,275,1,3,3,1,0,0,0,0,0,516,,4,520,596,ACTA DE CASILLA,,,
,31,YUCATAN,12,TEKAX,56,OXKUTZCAB,693,B,1,0,B,30,144,97,16,9,20,27,2,0,4,5,0,2,0,0,0,356,0,6,362,513,ACTA DE CASILLA,,,
,31,YUCATAN,12,TEKAX,56,OXKUTZCAB,693,C,1,0,C01,26,125,75,8,9,28,36,0,0,4,7,0,4,0,0,0,322,0,5,327,512,ACTA DE CASILLA,,,
,31,YUCATAN,12,TEKAX,56,OXKUTZCAB,693,C,2,0,C02,37,122,79,6,8,22,49,2,0,1,7,0,1,0,0,0,334,0,3,337,512,ACTA DE CASILLA,,,
,31,YUCATAN,12,TEKAX,56,OXKUTZCAB,694,B,1,0,B,20,186,155,10,5,35,33,1,1,2,6,0,9,0,0,0,463,0,10,473,675,ACTA DE CASILLA,,,
,31,YUCATAN,12,TEKAX,56,OXKUTZCAB,694,C,1,0,C01,27,150,158,7,17,26,31,1,1,3,8,0,5,0,0,0,434,0,3,437,675,ACTA DE CASILLA,,,
,31,YUCATAN,12,TEKAX,56,OXKUTZCAB,694,C,2,0,C02,36,152,158,2,17,32,29,0,0,9,6,0,5,0,0,0,446,0,25,471,674,ACTA DE CASILLA,,,
,31,YUCATAN,12,TEKAX,56,OXKUTZCAB,695,B,1,0,B,19,143,95,9,8,27,37,0,1,3,1,0,8,0,0,0,351,0,10,361,546,ACTA DE CASILLA,,,
,31,YUCATAN,12,TEKAX,56,OXKUTZCAB,695,C,1,0,C01,22,141,88,5,13,33,49,1,1,2,4,0,4,0,0,0,363,0,4,367,545,ACTA DE CASILLA,,,
,31,YUCATAN,12,TEKAX,56,OXKUTZCAB,695,C,2,0,C02,27,141,88,7,21,28,37,1,1,1,4,0,3,0,0,0,359,0,13,372,545,ACTA DE CASILLA,,,
,31,YUCATAN,12,TEKAX,56,OXKUTZCAB,696,B,1,0,B,22,137,158,4,12,24,32,1,1,3,6,0,3,0,0,0,403,0,12,415,721,ACTA DE CASILLA,,,
,31,YUCATAN,12,TEKAX,56,OXKUTZCAB,696,C,1,0,C01,39,108,125,2,15,17,37,1,2,0,7,0,6,0,0,0,359,0,25,384,721,ACTA DE CASILLA,,,
,31,YUCATAN,12,TEKAX,56,OXKUTZCAB,696,C,2,0,C02,43,155,128,18,14,12,40,0,0,3,7,0,7,0,0,0,427,0,6,433,720,ACTA DE CASILLA,,,
,31,YUCATAN,12,TEKAX,56,OXKUTZCAB,697,B,1,0,B,17,101,73,19,12,24,21,0,1,7,4,0,6,0,0,0,285,0,2,287,457,ACTA DE CASILLA,,,
,31,YUCATAN,12,TEKAX,56,OXKUTZCAB,697,C,1,0,C01,15,81,94,7,8,23,37,0,0,6,2,0,0,0,0,0,273,0,2,275,456,ACTA DE CASILLA,,,
,31,YUCATAN,12,TEKAX,56,OXKUTZCAB,698,B,1,0,B,26,157,111,2,11,19,48,2,0,2,17,0,4,0,0,0,399,0,29,428,629,GRUPO DE RECUENTO,,,
,31,YUCATAN,12,TEKAX,56,OXKUTZCAB,698,C,1,0,C01,31,97,143,11,15,29,52,1,0,6,11,0,1,0,0,0,397,0,10,407,629,ACTA DE CASILLA,,,
,31,YUCATAN,12,TEKAX,56,OXKUTZCAB,698,C,2,0,C02,30,146,107,11,17,25,32,1,0,0,10,0,2,0,0,0,381,0,7,388,628,ACTA DE CASILLA,,,
,31,YUCATAN,12,TEKAX,56,OXKUTZCAB,699,B,1,0,B,32,146,83,8,9,25,47,2,1,1,3,0,3,0,0,0,360,0,5,365,543,ACTA DE CASILLA,,,
,31,YUCATAN,12,TEKAX,56,OXKUTZCAB,699,C,1,0,C01,27,132,102,14,19,29,45,2,0,6,4,0,5,0,0,0,385,0,10,395,543,ACTA DE CASILLA,,,
,31,YUCATAN,12,TEKAX,56,OXKUTZCAB,699,C,2,0,C02,25,145,101,12,16,23,44,0,0,1,0,0,8,0,0,0,375,0,7,382,543,ACTA DE CASILLA,,,
,31,YUCATAN,12,TEKAX,56,OXKUTZCAB,700,B,1,0,B,27,133,98,6,7,9,49,0,0,0,11,0,1,0,0,0,341,0,10,351,574,ACTA DE CASILLA,,,
,31,YUCATAN,12,TEKAX,56,OXKUTZCAB,700,C,1,0,C01,22,135,117,2,14,5,36,0,0,2,6,0,2,0,0,0,341,0,16,357,574,ACTA DE CASILLA,,,
,31,YUCATAN,12,TEKAX,56,OXKUTZCAB,700,C,2,0,C02,34,144,108,1,3,21,35,2,1,3,2,0,1,0,0,0,355,0,12,367,574,ACTA DE CASILLA,,,
,31,YUCATAN,12,TEKAX,56,OXKUTZCAB,700,C,3,0,C03,30,133,101,3,4,8,44,1,1,1,7,0,6,0,0,0,339,0,12,351,573,ACTA DE CASILLA,,,
,31,YUCATAN,12,TEKAX,56,OXKUTZCAB,701,B,1,0,B,32,125,77,5,14,16,53,1,1,3,6,0,3,0,0,0,336,0,10,346,498,ACTA DE CASILLA,,,
,31,YUCATAN,12,TEKAX,56,OXKUTZCAB,701,C,1,0,C01,38,106,79,11,21,18,63,0,1,5,5,0,3,0,0,0,350,0,10,360,498,ACTA DE CASILLA,,,
,31,YUCATAN,12,TEKAX,56,OXKUTZCAB,702,B,1,0,B,30,122,156,13,25,18,47,1,0,1,10,0,6,0,0,0,429,0,5,434,707,ACTA DE CASILLA,,,
,31,YUCATAN,12,TEKAX,56,OXKUTZCAB,702,C,1,0,C01,42,122,137,11,23,18,63,1,1,3,2,0,5,0,0,0,428,0,7,435,707,ACTA DE CASILLA,,,
,31,YUCATAN,12,TEKAX,56,OXKUTZCAB,702,C,2,0,C02,38,144,114,7,35,17,45,0,2,1,10,0,5,0,0,0,418,0,7,425,706,ACTA DE CASILLA,,,
,31,YUCATAN,12,TEKAX,56,OXKUTZCAB,703,B,1,0,B,25,136,181,9,13,25,42,0,0,2,6,0,8,0,0,0,447,0,10,457,678,ACTA DE CASILLA,,,
,31,YUCATAN,12,TEKAX,56,OXKUTZCAB,703,C,1,0,C01,31,165,125,4,19,26,40,1,2,0,10,0,6,0,0,0,429,0,10,439,678,ACTA DE CASILLA,,,
,31,YUCATAN,12,TEKAX,56,OXKUTZCAB,704,B,1,0,B,13,253,230,10,7,28,23,0,0,4,5,0,3,0,0,0,576,0,11,587,720,ACTA DE CASILLA,,,
,31,YUCATAN,12,TEKAX,56,OXKUTZCAB,704,C,1,0,C01,16,278,177,5,1,20,35,1,0,2,2,0,4,0,0,0,541,0,7,548,719,ACTA DE CASILLA,,,
,31,YUCATAN,12,TEKAX,56,OXKUTZCAB,705,B,1,0,B,28,191,144,1,12,3,14,0,0,0,38,0,4,0,0,0,435,0,19,454,558,ACTA DE CASILLA,,,
,31,YUCATAN,12,TEKAX,56,OXKUTZCAB,705,C,1,0,C01,23,237,99,10,10,3,15,0,1,1,22,0,7,0,0,0,428,0,11,439,557,ACTA DE CASILLA,,,
,31,YUCATAN,12,TEKAX,56,OXKUTZCAB,706,B,1,0,B,35,186,137,2,2,8,11,0,0,2,0,0,4,0,0,0,387,0,1,388,465,ACTA DE CASILLA,,,
,31,YUCATAN,12,TEKAX,56,OXKUTZCAB,706,C,1,0,C01,28,202,145,0,5,6,3,0,0,0,1,0,1,0,0,0,391,0,7,398,465,ACTA DE CASILLA,,,
,31,YUCATAN,12,TEKAX,56,OXKUTZCAB,707,B,1,0,B,14,224,180,1,9,47,9,0,1,0,7,0,2,0,0,0,494,0,14,508,649,ACTA DE CASILLA,,,
,31,YUCATAN,12,TEKAX,56,OXKUTZCAB,707,C,1,0,C01,11,206,159,3,3,82,9,0,0,0,24,0,0,0,0,0,497,0,16,513,649,ACTA DE CASILLA,,,
,31,YUCATAN,12,TEKAX,56,OXKUTZCAB,708,B,1,0,B,13,96,56,2,4,1,13,0,0,0,0,0,5,0,0,0,190,0,7,197,224,ACTA DE CASILLA,,,
,31,YUCATAN,10,TIZIMIN,57,PANABA,709,B,1,0,B,194,156,2,0,0,6,61,0,1,3,0,0,0,0,0,0,423,0,5,428,477,ACTA DE CASILLA,,,
,31,YUCATAN,10,TIZIMIN,57,PANABA,709,C,1,0,C01,124,215,0,1,0,7,54,0,1,4,0,0,0,0,0,0,406,0,10,416,476,ACTA DE CASILLA,,,
,31,YUCATAN,10,TIZIMIN,57,PANABA,710,B,1,0,B,230,158,1,1,2,14,55,0,0,6,0,0,0,0,0,0,467,0,7,474,549,ACTA DE CASILLA,,,
,31,YUCATAN,10,TIZIMIN,57,PANABA,710,C,1,0,C01,204,157,3,0,0,4,88,1,0,3,0,0,0,0,0,0,460,0,8,468,548,ACTA DE CASILLA,,,
,31,YUCATAN,10,TIZIMIN,57,PANABA,711,B,1,0,B,235,202,1,2,0,10,65,0,0,7,2,0,0,0,0,0,524,0,5,529,619,ACTA DE CASILLA,,,
,31,YUCATAN,10,TIZIMIN,57,PANABA,711,C,1,0,C01,227,203,0,2,1,6,85,1,1,3,2,0,0,0,0,0,531,0,4,535,619,ACTA DE CASILLA,,,
,31,YUCATAN,10,TIZIMIN,57,PANABA,712,B,1,0,B,233,188,1,0,0,5,49,2,1,5,0,0,0,0,0,0,484,0,5,489,564,ACTA DE CASILLA,,,
,31,YUCATAN,10,TIZIMIN,57,PANABA,712,C,1,0,C01,245,179,1,0,1,11,65,0,1,2,2,0,0,0,0,0,507,0,4,511,563,ACTA DE CASILLA,,,
,31,YUCATAN,10,TIZIMIN,57,PANABA,713,B,1,0,B,206,102,0,1,0,2,55,1,0,1,1,0,0,0,0,0,369,0,5,374,426,ACTA DE CASILLA,,,
,31,YUCATAN,10,TIZIMIN,57,PANABA,714,B,1,0,B,257,183,0,2,1,3,56,0,0,0,2,0,0,0,0,0,504,0,8,512,573,ACTA DE CASILLA,,,
,31,YUCATAN,10,TIZIMIN,57,PANABA,714,C,1,0,C01,230,186,1,0,1,2,64,0,0,1,1,0,0,0,0,0,486,0,4,490,572,ACTA DE CASILLA,,,
,31,YUCATAN,12,TEKAX,58,PETO,715,B,1,0,B,93,101,5,117,4,3,143,2,3,4,1,0,0,0,0,0,476,0,23,499,721,ACTA DE CASILLA,,,
,31,YUCATAN,12,TEKAX,58,PETO,715,C,1,0,C01,121,88,5,121,4,1,153,4,3,5,0,0,1,0,0,0,506,0,11,517,720,ACTA DE CASILLA,,,
,31,YUCATAN,12,TEKAX,58,PETO,715,C,2,0,C02,125,107,4,111,2,1,136,5,1,2,4,0,0,0,0,0,498,0,11,509,720,ACTA DE CASILLA,,,
,31,YUCATAN,12,TEKAX,58,PETO,716,B,1,0,B,104,96,3,102,0,2,94,5,2,6,3,0,0,0,0,0,417,0,13,430,581,ACTA DE CASILLA,,,
,31,YUCATAN,12,TEKAX,58,PETO,716,C,1,0,C01,104,100,3,136,2,4,82,0,2,3,2,0,0,0,0,0,438,0,10,448,581,ACTA DE CASILLA,,,
,31,YUCATAN,12,TEKAX,58,PETO,716,C,2,0,C02,96,81,1,144,4,3,82,2,2,1,1,0,0,0,0,0,417,0,19,436,580,ACTA DE CASILLA,,,
,31,YUCATAN,12,TEKAX,58,PETO,717,B,1,0,B,123,91,3,86,6,0,141,2,1,0,0,0,1,0,0,0,454,0,6,460,600,ACTA DE CASILLA,,,
,31,YUCATAN,12,TEKAX,58,PETO,717,C,1,0,C01,102,90,4,93,1,0,101,3,6,5,3,0,2,0,0,0,410,0,11,421,600,ACTA DE CASILLA,,,
,31,YUCATAN,12,TEKAX,58,PETO,718,B,1,0,B,125,93,5,140,10,4,164,2,1,4,2,0,1,0,0,0,551,0,12,563,718,ACTA DE CASILLA,,,
,31,YUCATAN,12,TEKAX,58,PETO,718,C,1,0,C01,151,106,11,95,5,4,150,0,2,2,2,0,1,0,0,0,529,0,13,542,717,ACTA DE CASILLA,,,
,31,YUCATAN,12,TEKAX,58,PETO,719,B,1,0,B,112,106,6,105,4,5,195,0,0,4,1,0,0,0,0,0,538,0,18,556,716,ACTA DE CASILLA,,,
,31,YUCATAN,12,TEKAX,58,PETO,719,C,1,0,C01,141,78,2,87,1,3,182,0,0,11,3,0,0,0,0,0,508,0,14,522,715,ACTA DE CASILLA,,,
,31,YUCATAN,12,TEKAX,58,PETO,720,B,1,0,B,91,62,3,89,2,0,146,0,0,0,4,0,0,0,0,0,397,0,10,407,535,ACTA DE CASILLA,,,
,31,YUCATAN,12,TEKAX,58,PETO,720,C,1,0,C01,88,79,2,74,3,4,138,0,3,2,3,0,0,0,0,0,396,0,11,407,535,ACTA DE CASILLA,,,
,31,YUCATAN,12,TEKAX,58,PETO,720,C,2,0,C02,82,83,2,74,2,0,146,1,1,1,0,0,0,0,0,0,392,0,12,404,534,ACTA DE CASILLA,,,
,31,YUCATAN,12,TEKAX,58,PETO,721,B,1,0,B,85,76,6,87,1,6,113,3,2,3,1,0,0,0,0,0,383,0,11,394,507,ACTA DE CASILLA,,,
,31,YUCATAN,12,TEKAX,58,PETO,721,C,1,0,C01,70,76,3,99,5,0,133,3,0,1,2,0,0,0,0,0,392,1,4,397,506,ACTA DE CASILLA,,,
,31,YUCATAN,12,TEKAX,58,PETO,722,B,1,0,B,132,141,3,77,6,2,119,1,1,8,1,0,0,0,0,0,491,0,61,552,717,ACTA DE CASILLA,,,
,31,YUCATAN,12,TEKAX,58,PETO,723,B,1,0,B,105,115,4,88,4,1,130,7,2,5,2,0,0,0,0,0,463,0,15,478,610,ACTA DE CASILLA,,,
,31,YUCATAN,12,TEKAX,58,PETO,723,C,1,0,C01,71,88,6,112,4,3,131,0,0,7,4,0,0,0,0,0,426,0,7,433,610,ACTA DE CASILLA,,,
,31,YUCATAN,12,TEKAX,58,PETO,723,C,2,0,C02,102,107,12,103,2,3,101,4,2,10,1,0,0,0,0,0,447,0,14,461,609,ACTA DE CASILLA,,,
,31,YUCATAN,12,TEKAX,58,PETO,724,B,1,0,B,87,126,0,145,5,1,102,2,2,11,2,0,2,0,0,0,485,0,11,496,680,ACTA DE CASILLA,,,
,31,YUCATAN,12,TEKAX,58,PETO,724,C,1,0,C01,90,120,0,152,3,5,99,2,2,10,0,0,0,0,0,0,483,0,15,498,680,ACTA DE CASILLA,,,
,31,YUCATAN,12,TEKAX,58,PETO,725,B,1,0,B,115,71,1,118,0,0,16,1,0,1,0,0,0,0,0,0,323,0,3,326,403,ACTA DE CASILLA,,,
,31,YUCATAN,12,TEKAX,58,PETO,726,B,1,0,B,24,42,1,43,0,0,25,1,2,2,3,0,0,0,0,0,143,0,6,149,173,ACTA DE CASILLA,,,
,31,YUCATAN,12,TEKAX,58,PETO,727,B,1,0,B,41,15,1,42,1,5,83,1,4,1,0,0,0,0,0,0,194,0,13,207,221,ACTA DE CASILLA,,,
,31,YUCATAN,12,TEKAX,58,PETO,728,B,1,0,B,125,77,2,101,5,1,116,2,3,3,5,0,2,0,0,0,442,0,19,461,543,ACTA DE CASILLA,,,
,31,YUCATAN,12,TEKAX,58,PETO,729,B,1,0,B,112,99,2,51,1,0,69,1,2,0,5,0,0,0,0,0,342,0,13,355,411,ACTA DE CASILLA,,,
,31,YUCATAN,12,TEKAX,58,PETO,730,B,1,0,B,175,146,1,162,0,0,63,2,0,1,2,0,2,0,0,0,554,0,16,570,709,ACTA DE CASILLA,,,
,31,YUCATAN,12,TEKAX,58,PETO,732,B,1,0,B,81,86,3,100,2,1,85,2,3,2,4,0,0,0,0,0,369,0,12,381,461,ACTA DE CASILLA,,,
,31,YUCATAN,9,PROGRESO,59,PROGRESO,734,B,1,0,B,104,92,1,2,10,6,193,27,7,2,2,0,0,0,0,0,446,0,14,460,649,ACTA DE CASILLA,,,
,31,YUCATAN,9,PROGRESO,59,PROGRESO,734,C,1,0,C01,133,140,4,3,7,14,127,13,2,6,2,0,0,0,0,0,451,0,17,468,648,GRUPO DE RECUENTO,,,
,31,YUCATAN,9,PROGRESO,59,PROGRESO,735,B,1,0,B,0,0,0,0,0,0,0,0,0,0,0,0,0,0,0,0,0,,,0,481,ACTA DE CASILLA,,,
,31,YUCATAN,9,PROGRESO,59,PROGRESO,736,B,1,0,B,139,38,0,4,0,13,68,9,0,1,1,0,0,0,0,0,273,0,5,278,444,ACTA DE CASILLA,,,
,31,YUCATAN,9,PROGRESO,59,PROGRESO,737,B,1,0,B,212,60,2,2,6,13,121,15,1,2,2,0,0,0,0,0,436,0,9,445,671,ACTA DE CASILLA,,,
,31,YUCATAN,9,PROGRESO,59,PROGRESO,737,C,1,0,C01,191,66,2,1,10,13,130,19,1,5,2,0,0,0,0,0,440,0,6,446,670,ACTA DE CASILLA,,,
,31,YUCATAN,9,PROGRESO,59,PROGRESO,737,C,2,0,C02,226,62,0,1,0,14,127,16,1,7,1,0,0,1,0,0,456,0,12,468,670,ACTA DE CASILLA,,,
,31,YUCATAN,9,PROGRESO,59,PROGRESO,737,S,1,0,SMR01,23,7,0,0,1,1,17,4,0,1,2,0,0,0,0,0,56,0,0,56,0,ACTA DE CASILLA,,,
,31,YUCATAN,9,PROGRESO,59,PROGRESO,738,B,1,0,B,168,54,0,4,3,8,81,7,1,3,1,0,0,0,0,0,330,0,10,340,525,ACTA DE CASILLA,,,
,31,YUCATAN,9,PROGRESO,59,PROGRESO,739,B,1,0,B,120,66,1,3,1,24,87,61,2,4,1,0,0,0,0,0,370,0,12,382,663,ACTA DE CASILLA,,,
,31,YUCATAN,9,PROGRESO,59,PROGRESO,739,C,1,0,C01,150,67,3,2,2,11,74,46,3,1,2,0,0,0,0,0,361,0,9,370,662,ACTA DE CASILLA,,,
,31,YUCATAN,9,PROGRESO,59,PROGRESO,739,C,2,0,C02,125,70,2,4,3,7,72,40,2,1,0,0,0,0,0,0,326,0,12,338,662,ACTA DE CASILLA,,,
,31,YUCATAN,9,PROGRESO,59,PROGRESO,740,B,1,0,B,151,95,1,3,1,5,87,47,1,4,1,0,0,0,0,0,396,0,12,408,663,ACTA DE CASILLA,,,
,31,YUCATAN,9,PROGRESO,59,PROGRESO,740,C,1,0,C01,143,79,2,2,2,6,79,36,2,4,1,0,0,0,0,0,356,0,13,369,663,ACTA DE CASILLA,,,
,31,YUCATAN,9,PROGRESO,59,PROGRESO,740,C,2,0,C02,124,85,0,2,1,5,95,31,3,5,2,0,0,0,0,0,353,0,13,366,663,ACTA DE CASILLA,,,
,31,YUCATAN,9,PROGRESO,59,PROGRESO,740,C,3,0,C03,136,70,3,3,2,8,93,32,4,2,2,0,0,0,0,0,355,0,13,368,663,ACTA DE CASILLA,,,
,31,YUCATAN,9,PROGRESO,59,PROGRESO,741,B,1,0,B,103,67,0,1,2,7,92,57,1,3,2,0,0,0,0,0,335,0,8,343,634,ACTA DE CASILLA,,,
,31,YUCATAN,9,PROGRESO,59,PROGRESO,741,C,1,0,C01,121,82,1,5,1,13,60,39,4,5,3,0,0,0,0,0,334,0,8,342,634,ACTA DE CASILLA,,,
,31,YUCATAN,9,PROGRESO,59,PROGRESO,741,C,2,0,C02,132,72,3,2,1,10,82,54,4,0,0,0,0,0,0,0,360,0,19,379,634,ACTA DE CASILLA,,,
,31,YUCATAN,9,PROGRESO,59,PROGRESO,741,C,3,0,C03,95,84,0,5,2,6,90,40,2,4,4,0,0,0,0,0,332,0,9,341,634,GRUPO DE RECUENTO,,,
,31,YUCATAN,9,PROGRESO,59,PROGRESO,742,B,1,0,B,215,88,4,5,4,10,111,41,5,6,2,0,0,0,0,0,491,0,14,505,749,ACTA DE CASILLA,,,
,31,YUCATAN,9,PROGRESO,59,PROGRESO,742,C,1,0,C01,219,74,3,9,5,15,119,44,2,3,1,0,0,0,0,1,495,1,6,502,749,ACTA DE CASILLA,,,
,31,YUCATAN,9,PROGRESO,59,PROGRESO,743,B,1,0,B,191,79,2,7,3,8,109,58,6,3,0,0,0,0,0,0,466,0,13,479,750,ACTA DE CASILLA,,,
,31,YUCATAN,9,PROGRESO,59,PROGRESO,744,B,1,0,B,275,53,2,2,1,13,77,28,1,0,1,0,0,1,0,0,454,0,8,462,711,ACTA DE CASILLA,,,
,31,YUCATAN,9,PROGRESO,59,PROGRESO,745,B,1,0,B,104,42,1,1,1,12,77,21,4,1,1,0,0,0,0,0,265,0,9,274,456,ACTA DE CASILLA,,,
,31,YUCATAN,9,PROGRESO,59,PROGRESO,745,C,1,0,C01,143,47,1,2,2,10,62,12,3,1,1,0,0,0,0,0,284,0,4,288,455,ACTA DE CASILLA,,,
,31,YUCATAN,9,PROGRESO,59,PROGRESO,746,B,1,0,B,165,37,1,2,3,15,110,26,9,2,2,0,0,0,0,0,372,0,13,385,719,ACTA DE CASILLA,,,
,31,YUCATAN,9,PROGRESO,59,PROGRESO,746,C,1,0,C01,187,59,0,3,0,17,94,17,3,2,0,0,0,0,0,0,382,0,11,393,718,ACTA DE CASILLA,,,
,31,YUCATAN,9,PROGRESO,59,PROGRESO,747,B,1,0,B,118,55,1,3,3,5,78,39,3,1,3,0,0,0,0,0,309,0,11,320,550,ACTA DE CASILLA,,,
,31,YUCATAN,9,PROGRESO,59,PROGRESO,747,C,1,0,C01,134,62,0,2,3,7,93,31,7,2,2,0,0,0,0,0,343,0,11,354,550,ACTA DE CASILLA,,,
,31,YUCATAN,9,PROGRESO,59,PROGRESO,748,B,1,0,B,108,64,2,0,1,15,73,29,6,4,3,0,0,0,0,0,305,0,14,319,566,ACTA DE CASILLA,,,
,31,YUCATAN,9,PROGRESO,59,PROGRESO,748,C,1,0,C01,124,50,2,3,1,8,69,44,1,3,1,0,0,0,0,0,306,0,15,321,566,ACTA DE CASILLA,,,
,31,YUCATAN,9,PROGRESO,59,PROGRESO,748,C,2,0,C02,107,71,0,0,2,12,84,23,2,3,3,0,0,0,0,0,307,0,14,321,566,ACTA DE CASILLA,,,
,31,YUCATAN,9,PROGRESO,59,PROGRESO,748,C,3,0,C03,115,43,0,3,2,9,85,34,2,0,5,0,0,0,0,0,298,0,9,307,566,ACTA DE CASILLA,,,
,31,YUCATAN,9,PROGRESO,59,PROGRESO,749,B,1,0,B,152,49,1,5,3,11,79,85,3,7,5,0,0,1,0,0,401,0,17,418,654,ACTA DE CASILLA,,,
,31,YUCATAN,9,PROGRESO,59,PROGRESO,749,C,1,0,C01,156,55,1,1,1,15,85,70,4,3,6,0,0,0,0,0,397,0,10,407,654,ACTA DE CASILLA,,,
,31,YUCATAN,9,PROGRESO,59,PROGRESO,749,C,2,0,C02,144,56,1,4,1,17,81,65,4,9,3,0,0,0,0,0,385,0,12,397,654,ACTA DE CASILLA,,,
,31,YUCATAN,9,PROGRESO,59,PROGRESO,750,B,1,0,B,161,62,1,6,1,7,122,55,6,12,2,0,0,1,0,1,437,0,17,454,747,ACTA DE CASILLA,,,
,31,YUCATAN,9,PROGRESO,59,PROGRESO,750,C,1,0,C01,149,84,3,4,1,15,105,47,4,9,2,0,0,0,0,0,423,3,17,443,747,ACTA DE CASILLA,,,
,31,YUCATAN,9,PROGRESO,59,PROGRESO,752,B,1,0,B,63,21,1,1,2,4,29,15,2,2,0,0,0,0,0,0,140,0,9,149,232,ACTA DE CASILLA,,,
,31,YUCATAN,9,PROGRESO,59,PROGRESO,753,B,1,0,B,138,65,3,3,4,14,96,46,3,2,2,0,0,0,0,0,376,0,15,391,657,ACTA DE CASILLA,,,
,31,YUCATAN,9,PROGRESO,59,PROGRESO,753,C,1,0,C01,142,88,1,1,1,12,80,40,0,3,3,0,0,0,0,0,371,0,15,386,657,ACTA DE CASILLA,,,
,31,YUCATAN,9,PROGRESO,59,PROGRESO,753,C,2,0,C02,146,56,0,1,4,11,73,40,1,2,2,0,0,1,0,0,337,0,20,357,657,ACTA DE CASILLA,,,
,31,YUCATAN,9,PROGRESO,59,PROGRESO,753,C,3,0,C03,146,60,2,3,1,7,82,39,4,6,2,0,0,0,0,0,352,0,7,359,657,ACTA DE CASILLA,,,
,31,YUCATAN,9,PROGRESO,59,PROGRESO,753,C,4,0,C04,162,60,1,5,1,8,94,26,1,2,2,0,0,0,0,0,362,0,9,371,657,ACTA DE CASILLA,,,
,31,YUCATAN,9,PROGRESO,59,PROGRESO,753,C,5,0,C05,110,68,1,4,6,11,84,47,5,5,0,0,0,0,0,0,341,0,7,348,657,ACTA DE CASILLA,,,
,31,YUCATAN,9,PROGRESO,59,PROGRESO,754,B,1,0,B,142,67,1,7,2,9,97,39,4,3,4,0,0,0,0,0,375,0,10,385,725,ACTA DE CASILLA,,,
,31,YUCATAN,9,PROGRESO,59,PROGRESO,754,C,1,0,C01,149,69,0,2,1,7,92,37,3,4,1,0,0,1,0,0,366,0,12,378,725,ACTA DE CASILLA,,,
,31,YUCATAN,9,PROGRESO,59,PROGRESO,754,C,2,0,C02,141,72,0,5,1,4,92,50,6,2,0,0,0,2,0,1,376,0,19,395,724,ACTA DE CASILLA,,,
,31,YUCATAN,9,PROGRESO,59,PROGRESO,754,C,3,0,C03,135,49,4,3,3,8,127,44,4,4,3,0,0,0,0,1,385,0,11,396,724,GRUPO DE RECUENTO,,,
,31,YUCATAN,9,PROGRESO,59,PROGRESO,755,B,1,0,B,161,69,1,3,1,16,94,35,3,4,4,0,0,0,0,0,391,0,14,405,654,ACTA DE CASILLA,,,
,31,YUCATAN,9,PROGRESO,59,PROGRESO,755,C,1,0,C01,163,56,3,8,2,13,94,35,5,5,4,0,0,0,0,0,388,0,9,397,653,ACTA DE CASILLA,,,
,31,YUCATAN,9,PROGRESO,59,PROGRESO,755,C,2,0,C02,131,63,0,5,0,7,88,39,0,1,4,0,0,1,0,0,339,0,12,351,653,ACTA DE CASILLA,,,
,31,YUCATAN,9,PROGRESO,59,PROGRESO,756,B,1,0,B,135,51,5,1,2,5,85,35,4,1,3,0,0,0,0,0,327,0,9,336,506,ACTA DE CASILLA,,,
,31,YUCATAN,9,PROGRESO,59,PROGRESO,756,C,1,0,C01,132,53,1,1,1,8,100,29,1,1,2,0,0,0,0,0,329,0,6,335,506,ACTA DE CASILLA,,,
,31,YUCATAN,9,PROGRESO,59,PROGRESO,756,S,1,0,SMR01,16,2,0,1,0,2,11,2,0,2,0,0,0,0,0,0,36,0,0,36,0,ACTA DE CASILLA,,,
,31,YUCATAN,9,PROGRESO,59,PROGRESO,757,B,1,0,B,155,83,0,5,0,10,114,54,0,5,4,0,0,0,0,0,430,1,6,437,680,ACTA DE CASILLA,,,
,31,YUCATAN,9,PROGRESO,59,PROGRESO,757,C,1,0,C01,124,76,0,4,0,11,118,58,0,5,0,0,0,0,0,0,396,0,11,407,680,GRUPO DE RECUENTO,,,
,31,YUCATAN,9,PROGRESO,59,PROGRESO,757,C,2,0,C02,127,86,0,3,2,17,114,53,2,2,0,0,0,0,0,0,406,0,10,416,680,ACTA DE CASILLA,,,
,31,YUCATAN,9,PROGRESO,59,PROGRESO,758,B,1,0,B,125,107,0,5,1,10,114,91,1,1,3,0,0,0,0,0,458,0,20,478,732,GRUPO DE RECUENTO,,,
,31,YUCATAN,9,PROGRESO,59,PROGRESO,758,C,1,0,C01,151,90,0,3,0,14,113,74,2,1,2,0,0,0,0,0,450,0,15,465,732,ACTA DE CASILLA,,,
,31,YUCATAN,9,PROGRESO,59,PROGRESO,758,C,2,0,C02,137,110,3,1,1,97,96,83,2,2,1,0,0,0,0,0,533,0,8,541,731,ACTA DE CASILLA,,,
,31,YUCATAN,9,PROGRESO,59,PROGRESO,759,B,1,0,B,67,27,1,3,3,3,46,35,2,2,1,0,0,0,0,0,190,0,11,201,435,ACTA DE CASILLA,,,
,31,YUCATAN,9,PROGRESO,59,PROGRESO,760,B,1,0,B,111,79,1,1,3,8,79,55,2,2,1,0,0,0,0,0,342,0,14,356,670,ACTA DE CASILLA,,,
,31,YUCATAN,9,PROGRESO,59,PROGRESO,760,C,1,0,C01,110,62,2,5,2,10,89,48,3,3,0,0,0,0,0,0,334,0,12,346,670,ACTA DE CASILLA,,,
,31,YUCATAN,9,PROGRESO,59,PROGRESO,760,C,2,0,C02,94,65,0,3,0,14,88,57,4,3,2,0,0,0,0,0,330,0,18,348,669,GRUPO DE RECUENTO,,,
,31,YUCATAN,9,PROGRESO,59,PROGRESO,761,B,1,0,B,95,55,1,3,2,9,92,53,0,0,3,0,0,1,0,0,314,0,18,332,636,GRUPO DE RECUENTO,,,
,31,YUCATAN,9,PROGRESO,59,PROGRESO,761,C,1,0,C01,101,44,0,3,1,16,71,49,2,0,3,0,0,0,0,0,290,0,10,300,636,ACTA DE CASILLA,,,
,31,YUCATAN,9,PROGRESO,59,PROGRESO,761,C,2,0,C02,75,47,2,3,2,8,96,47,1,0,1,0,0,0,0,0,282,0,14,296,635,ACTA DE CASILLA,,,
,31,YUCATAN,9,PROGRESO,59,PROGRESO,762,B,1,0,B,149,85,2,2,1,16,143,46,4,18,6,0,0,0,0,0,472,0,16,488,660,GRUPO DE RECUENTO,,,
,31,YUCATAN,9,PROGRESO,59,PROGRESO,763,B,1,0,B,115,68,2,3,0,13,98,51,1,1,1,0,0,0,0,0,353,0,18,371,688,GRUPO DE RECUENTO,,,
,31,YUCATAN,9,PROGRESO,59,PROGRESO,763,C,1,0,C01,116,78,1,2,5,6,77,46,4,2,4,0,0,0,0,0,341,1,14,356,688,ACTA DE CASILLA,,,
,31,YUCATAN,9,PROGRESO,59,PROGRESO,763,C,2,0,C02,115,75,2,2,2,10,89,51,4,4,2,0,0,0,0,0,356,0,12,368,687,ACTA DE CASILLA,,,
,31,YUCATAN,9,PROGRESO,59,PROGRESO,764,B,1,0,B,164,54,3,2,0,16,127,80,1,6,2,0,0,0,0,0,455,0,20,475,707,ACTA DE CASILLA,,,
,31,YUCATAN,9,PROGRESO,59,PROGRESO,764,C,1,0,C01,151,54,0,3,3,21,152,55,2,9,4,0,0,0,0,0,454,0,10,464,707,GRUPO DE RECUENTO,,,
,31,YUCATAN,14,TECOH,60,QUINTANA ROO,765,B,1,0,B,176,85,1,4,1,115,74,2,0,0,0,0,0,1,0,0,459,0,0,459,518,ACTA DE CASILLA,,,
,31,YUCATAN,14,TECOH,60,QUINTANA ROO,765,C,1,0,C01,173,75,1,4,0,143,63,0,0,0,1,0,0,0,0,0,460,0,0,460,517,GRUPO DE RECUENTO,,,
,31,YUCATAN,10,TIZIMIN,61,RIO LAGARTOS,766,B,1,0,B,123,132,1,0,39,5,90,0,1,1,0,0,0,0,0,0,392,0,10,402,463,ACTA DE CASILLA,,,
,31,YUCATAN,10,TIZIMIN,61,RIO LAGARTOS,766,C,1,0,C01,127,118,2,0,47,2,103,2,0,0,0,0,0,0,0,0,401,0,6,407,462,ACTA DE CASILLA,,,
,31,YUCATAN,10,TIZIMIN,61,RIO LAGARTOS,767,B,1,0,B,162,134,2,0,58,1,125,0,2,1,0,0,0,0,0,0,485,0,13,498,593,GRUPO DE RECUENTO,,,
,31,YUCATAN,10,TIZIMIN,61,RIO LAGARTOS,767,C,1,0,C01,137,156,1,2,69,4,118,1,1,2,1,0,0,0,0,0,492,0,19,511,593,ACTA DE CASILLA,,,
,31,YUCATAN,10,TIZIMIN,61,RIO LAGARTOS,768,B,1,0,B,164,54,0,1,31,1,123,1,1,0,1,0,0,0,0,0,377,0,5,382,465,GRUPO DE RECUENTO,,,
,31,YUCATAN,10,TIZIMIN,61,RIO LAGARTOS,768,C,1,0,C01,150,41,3,1,25,0,166,0,3,2,0,0,0,0,0,0,391,,5,396,465,ACTA DE CASILLA,,,
,31,YUCATAN,13,TICUL,62,SACALUM,769,B,1,0,B,140,17,90,8,89,150,123,6,2,7,4,0,0,0,0,0,636,,13,649,748,ACTA DE CASILLA,,,
,31,YUCATAN,13,TICUL,62,SACALUM,769,C,1,0,C01,132,21,87,5,122,125,140,6,0,7,0,0,0,1,0,0,646,,13,659,747,ACTA DE CASILLA,,,
,31,YUCATAN,13,TICUL,62,SACALUM,770,B,1,0,B,89,21,84,2,112,98,103,6,0,5,0,0,0,0,0,0,520,,18,538,628,ACTA DE CASILLA,,,
,31,YUCATAN,13,TICUL,62,SACALUM,770,C,1,0,C01,103,20,93,6,100,87,114,8,0,4,2,0,0,0,0,0,537,,10,547,628,ACTA DE CASILLA,,,
,31,YUCATAN,13,TICUL,62,SACALUM,770,C,2,0,C02,95,34,106,3,111,81,85,7,2,0,0,0,0,0,0,0,524,,22,546,627,ACTA DE CASILLA,,,
,31,YUCATAN,13,TICUL,62,SACALUM,771,B,1,0,B,34,15,52,4,64,94,122,4,1,0,2,0,0,0,0,0,392,,20,412,468,ACTA DE CASILLA,,,
,31,YUCATAN,8,UMAN,63,SAMAHIL,772,B,1,0,B,76,117,86,126,17,24,81,13,0,3,3,0,0,0,0,0,546,0,19,565,626,ACTA DE CASILLA,,,
,31,YUCATAN,8,UMAN,63,SAMAHIL,772,C,1,0,C01,52,153,105,97,13,36,70,16,1,2,0,0,0,0,0,0,545,0,9,554,626,ACTA DE CASILLA,,,
,31,YUCATAN,8,UMAN,63,SAMAHIL,772,C,2,0,C02,81,86,108,105,9,48,90,24,0,1,2,0,0,0,0,0,554,0,9,563,626,ACTA DE CASILLA,,,
,31,YUCATAN,8,UMAN,63,SAMAHIL,772,C,3,0,C03,72,107,120,82,12,28,110,0,14,0,0,0,0,0,0,0,545,0,11,556,625,ACTA DE CASILLA,,,
,31,YUCATAN,8,UMAN,63,SAMAHIL,773,B,1,0,B,31,109,40,69,19,24,50,16,0,0,0,0,0,0,0,0,358,0,3,361,381,ACTA DE CASILLA,,,
,31,YUCATAN,8,UMAN,63,SAMAHIL,773,C,1,0,C01,23,63,35,70,41,63,53,12,0,0,0,0,0,0,0,0,360,0,2,362,380,ACTA DE CASILLA,,,
,31,YUCATAN,8,UMAN,63,SAMAHIL,774,B,1,0,B,43,71,82,64,24,5,103,1,0,0,0,0,0,0,0,0,393,0,0,393,506,ACTA DE CASILLA,,,
,31,YUCATAN,8,UMAN,63,SAMAHIL,774,C,1,0,C01,54,62,80,104,15,11,75,4,2,0,0,0,0,0,0,0,407,0,16,423,505,ACTA DE CASILLA,,,
,31,YUCATAN,14,TECOH,64,SANAHCAT,775,B,1,0,B,274,282,1,5,0,16,80,3,1,1,0,0,0,0,0,0,663,0,6,669,722,GRUPO DE RECUENTO,,,
,31,YUCATAN,14,TECOH,64,SANAHCAT,775,C,1,0,C01,300,269,1,9,0,3,98,0,0,0,0,0,0,0,0,0,680,0,0,680,722,GRUPO DE RECUENTO,,,
,31,YUCATAN,10,TIZIMIN,65,SAN FELIPE,776,B,1,0,B,100,265,1,1,0,2,161,2,3,0,2,0,0,0,0,0,537,0,7,544,620,GRUPO DE RECUENTO,,,
,31,YUCATAN,10,TIZIMIN,65,SAN FELIPE,776,C,1,0,C01,96,283,1,0,0,3,125,1,1,1,2,0,0,0,0,0,513,1,6,520,619,ACTA DE CASILLA,,,
,31,YUCATAN,10,TIZIMIN,65,SAN FELIPE,777,B,1,0,B,82,134,0,0,0,2,135,1,1,1,2,0,0,0,0,0,358,,4,362,384,ACTA DE CASILLA,,,
,31,YUCATAN,10,TIZIMIN,65,SAN FELIPE,777,C,1,0,C01,70,176,0,0,1,1,96,0,0,1,0,0,0,0,0,0,345,,6,351,384,ACTA DE CASILLA,,,
,31,YUCATAN,13,TICUL,66,SANTA ELENA,778,B,1,0,B,202,211,5,0,2,1,76,0,1,3,0,0,0,1,0,0,502,,8,510,603,ACTA DE CASILLA,,,
,31,YUCATAN,13,TICUL,66,SANTA ELENA,778,C,1,0,C01,240,191,3,1,1,3,63,0,0,0,0,0,0,0,0,0,502,,4,506,603,ACTA DE CASILLA,,,
,31,YUCATAN,13,TICUL,66,SANTA ELENA,778,C,2,0,C02,252,188,7,1,2,3,50,1,0,0,0,0,0,0,0,0,504,,5,509,603,ACTA DE CASILLA,,,
,31,YUCATAN,13,TICUL,66,SANTA ELENA,779,B,1,0,B,185,225,3,1,1,2,55,5,0,0,0,0,0,0,0,0,477,,6,483,564,ACTA DE CASILLA,,,
,31,YUCATAN,13,TICUL,66,SANTA ELENA,779,C,1,0,C01,193,198,4,1,0,1,72,0,0,1,0,0,0,0,0,0,470,,4,474,564,ACTA DE CASILLA,,,
,31,YUCATAN,13,TICUL,66,SANTA ELENA,780,B,1,0,B,142,89,15,0,0,1,27,1,0,1,0,0,0,0,0,0,276,,4,280,297,ACTA DE CASILLA,,,
,31,YUCATAN,6,KANASIN,67,SEYE,781,B,1,0,B,132,16,150,9,2,16,101,78,10,40,5,0,0,0,0,0,559,0,7,566,700,GRUPO DE RECUENTO,,,
,31,YUCATAN,6,KANASIN,67,SEYE,781,C,1,0,C01,111,25,171,12,3,19,115,78,13,24,4,0,0,0,0,0,575,0,9,584,700,GRUPO DE RECUENTO,,,
,31,YUCATAN,6,KANASIN,67,SEYE,781,C,2,0,C02,108,24,133,13,3,19,121,85,15,32,7,0,0,0,0,0,560,0,7,567,699,ACTA DE CASILLA,,,
,31,YUCATAN,6,KANASIN,67,SEYE,782,B,1,0,B,92,14,127,3,2,21,113,83,5,47,4,0,0,0,0,0,511,0,16,527,617,ACTA DE CASILLA,,,
,31,YUCATAN,6,KANASIN,67,SEYE,782,C,1,0,C01,85,15,143,4,0,23,110,68,16,30,0,0,0,0,0,0,494,0,14,508,617,ACTA DE CASILLA,,,
,31,YUCATAN,6,KANASIN,67,SEYE,783,B,1,0,B,120,17,124,11,2,30,127,107,3,29,2,0,0,0,0,0,572,0,6,578,695,ACTA DE CASILLA,,,
,31,YUCATAN,6,KANASIN,67,SEYE,783,C,1,0,C01,109,13,123,3,3,24,131,97,14,36,0,0,0,0,0,0,553,1,12,566,695,ACTA DE CASILLA,,,
,31,YUCATAN,6,KANASIN,67,SEYE,783,C,2,0,C02,103,19,128,3,6,20,121,96,7,37,3,0,0,0,0,0,543,0,26,569,695,ACTA DE CASILLA,,,
,31,YUCATAN,6,KANASIN,67,SEYE,784,B,1,0,B,81,15,108,5,1,19,107,60,8,28,0,0,0,0,0,0,432,0,9,441,525,ACTA DE CASILLA,,,
,31,YUCATAN,6,KANASIN,67,SEYE,784,C,1,0,C01,77,18,124,8,3,22,76,60,12,25,1,0,0,0,0,0,426,0,7,433,524,ACTA DE CASILLA,,,
,31,YUCATAN,6,KANASIN,67,SEYE,784,C,2,0,C02,83,6,120,6,3,17,104,50,9,22,0,0,0,0,0,0,420,0,7,427,524,ACTA DE CASILLA,,,
,31,YUCATAN,6,KANASIN,67,SEYE,785,B,1,0,B,134,8,121,5,2,5,60,58,4,5,1,0,0,0,0,0,403,0,11,414,494,ACTA DE CASILLA,,,
,31,YUCATAN,6,KANASIN,67,SEYE,785,E,1,0,E01,52,15,22,4,2,12,34,28,7,22,0,0,0,0,0,0,198,0,1,199,232,ACTA DE CASILLA,,,
,31,YUCATAN,15,IZAMAL,68,SINANCHE,786,B,1,0,B,204,169,1,0,0,3,106,0,0,2,1,0,0,1,0,0,487,,9,496,556,ACTA DE CASILLA,,,
,31,YUCATAN,15,IZAMAL,68,SINANCHE,786,C,1,0,C01,172,175,2,0,1,3,113,1,1,9,0,0,0,0,0,0,477,,17,494,555,GRUPO DE RECUENTO,,,
,31,YUCATAN,15,IZAMAL,68,SINANCHE,787,B,1,0,B,248,121,1,2,2,1,132,3,3,4,1,0,0,0,0,0,518,0,20,538,581,ACTA DE CASILLA,,,
,31,YUCATAN,15,IZAMAL,68,SINANCHE,787,C,1,0,C01,219,136,0,1,4,2,153,1,0,2,0,0,0,0,0,0,518,0,5,523,580,ACTA DE CASILLA,,,
,31,YUCATAN,15,IZAMAL,68,SINANCHE,788,B,1,0,B,129,137,1,0,0,0,132,0,0,0,0,0,0,0,0,0,399,0,5,404,445,ACTA DE CASILLA,,,
,31,YUCATAN,14,TECOH,69,SOTUTA,789,B,1,0,B,70,73,4,247,3,4,78,1,0,0,3,0,0,0,0,0,483,0,4,487,613,ACTA DE CASILLA,,,
,31,YUCATAN,14,TECOH,69,SOTUTA,789,C,1,0,C01,59,84,2,274,0,4,72,0,1,0,7,0,0,0,0,0,503,0,19,522,612,ACTA DE CASILLA,,,
,31,YUCATAN,14,TECOH,69,SOTUTA,790,B,1,0,B,65,123,11,286,3,1,74,0,1,0,9,0,0,0,0,0,573,0,11,584,710,ACTA DE CASILLA,,,
,31,YUCATAN,14,TECOH,69,SOTUTA,791,B,1,0,B,53,67,13,179,3,3,76,0,1,1,3,0,0,0,0,0,399,0,2,401,478,ACTA DE CASILLA,,,
,31,YUCATAN,14,TECOH,69,SOTUTA,791,C,1,0,C01,36,56,11,219,1,3,53,0,2,0,9,0,0,0,0,0,390,0,5,395,478,ACTA DE CASILLA,,,
,31,YUCATAN,14,TECOH,69,SOTUTA,792,B,1,0,B,56,99,14,256,1,5,61,1,1,0,15,0,0,0,0,0,509,0,6,515,653,ACTA DE CASILLA,,,
,31,YUCATAN,14,TECOH,69,SOTUTA,792,C,1,0,C01,54,96,12,263,0,4,57,0,0,0,9,0,0,0,0,0,495,0,4,499,652,ACTA DE CASILLA,,,
,31,YUCATAN,14,TECOH,69,SOTUTA,793,B,1,0,B,69,82,7,259,0,5,53,2,0,0,15,0,0,0,0,0,492,0,1,493,603,ACTA DE CASILLA,,,
,31,YUCATAN,14,TECOH,69,SOTUTA,793,C,1,0,C01,67,43,10,284,3,11,41,1,1,0,23,0,0,1,0,0,485,0,4,489,602,ACTA DE CASILLA,,,
,31,YUCATAN,14,TECOH,69,SOTUTA,794,B,1,0,B,77,53,4,214,0,3,28,0,1,0,10,0,0,0,0,0,390,0,11,401,518,ACTA DE CASILLA,,,
,31,YUCATAN,14,TECOH,69,SOTUTA,795,B,1,0,B,75,54,1,135,0,2,44,0,0,0,5,0,0,0,0,0,316,0,0,316,421,ACTA DE CASILLA,,,
,31,YUCATAN,10,TIZIMIN,70,SUCILA,796,B,1,0,B,232,186,2,0,0,7,150,1,5,0,5,0,0,0,0,0,588,0,7,595,691,ACTA DE CASILLA,,,
,31,YUCATAN,10,TIZIMIN,70,SUCILA,796,C,1,0,C01,244,141,2,0,2,9,185,1,2,0,3,0,0,0,0,0,589,0,7,596,691,ACTA DE CASILLA,,,
,31,YUCATAN,10,TIZIMIN,70,SUCILA,797,B,1,0,B,220,161,0,0,1,5,113,0,6,0,2,0,0,0,0,0,508,0,5,513,609,ACTA DE CASILLA,,,
,31,YUCATAN,10,TIZIMIN,70,SUCILA,797,C,1,0,C01,187,154,1,2,0,6,175,2,3,1,0,0,0,0,0,0,531,0,4,535,609,ACTA DE CASILLA,,,
,31,YUCATAN,10,TIZIMIN,70,SUCILA,797,C,2,0,C02,207,141,1,0,0,5,143,1,6,0,3,0,0,0,0,0,507,1,5,513,608,GRUPO DE RECUENTO,,,
,31,YUCATAN,14,TECOH,71,SUDZAL,798,B,1,0,B,182,238,2,6,0,1,141,0,2,0,0,0,0,0,0,0,572,0,14,586,641,ACTA DE CASILLA,,,
,31,YUCATAN,14,TECOH,71,SUDZAL,798,C,1,0,C01,202,203,2,15,0,2,139,0,0,0,0,0,0,0,0,0,563,0,13,576,640,GRUPO DE RECUENTO,,,
,31,YUCATAN,14,TECOH,71,SUDZAL,799,B,1,0,B,76,158,1,9,0,3,111,0,1,0,1,0,0,0,0,0,360,0,3,363,374,ACTA DE CASILLA,,,
,31,YUCATAN,15,IZAMAL,72,SUMA,800,B,1,0,B,85,124,4,3,3,6,60,1,0,11,71,0,0,0,0,0,368,0,9,377,454,ACTA DE CASILLA,,,
,31,YUCATAN,15,IZAMAL,72,SUMA,800,C,1,0,C01,60,130,2,4,5,7,80,0,0,5,64,0,0,0,0,0,357,0,19,376,454,ACTA DE CASILLA,,,
,31,YUCATAN,15,IZAMAL,72,SUMA,801,B,1,0,B,75,118,1,7,3,7,79,1,1,6,48,0,0,1,0,0,347,0,18,365,435,ACTA DE CASILLA,,,
,31,YUCATAN,15,IZAMAL,72,SUMA,801,C,1,0,C01,84,148,1,1,4,2,67,0,3,5,50,0,0,0,0,0,365,0,12,377,434,ACTA DE CASILLA,,,
,31,YUCATAN,12,TEKAX,73,TAHDZIU,802,B,1,0,B,106,316,174,4,1,0,25,0,0,0,0,0,0,0,0,0,626,0,3,629,659,ACTA DE CASILLA,,,
,31,YUCATAN,12,TEKAX,73,TAHDZIU,802,C,1,0,C01,112,297,187,11,1,0,13,0,0,0,1,0,4,0,0,0,626,0,5,631,659,ACTA DE CASILLA,,,
,31,YUCATAN,12,TEKAX,73,TAHDZIU,802,C,2,0,C02,107,294,206,1,0,0,0,0,0,0,0,0,2,0,0,0,610,0,2,612,659,ACTA DE CASILLA,,,
,31,YUCATAN,12,TEKAX,73,TAHDZIU,802,C,3,0,C03,119,303,179,0,0,0,14,0,0,0,0,0,0,0,0,0,615,0,6,621,659,ACTA DE CASILLA,,,
,31,YUCATAN,12,TEKAX,73,TAHDZIU,802,C,4,0,C04,110,322,160,4,0,1,13,0,0,0,0,0,4,0,0,0,614,0,3,617,658,ACTA DE CASILLA,,,
,31,YUCATAN,15,IZAMAL,74,TAHMEK,803,B,1,0,B,219,23,124,2,0,21,210,0,7,21,0,0,0,0,0,0,627,0,13,640,728,ACTA DE CASILLA,,,
,31,YUCATAN,15,IZAMAL,74,TAHMEK,803,C,1,0,C01,235,18,160,8,1,32,169,0,1,20,0,0,0,0,0,0,644,,9,653,727,GRUPO DE RECUENTO,,,
,31,YUCATAN,15,IZAMAL,74,TAHMEK,804,B,1,0,B,204,17,118,3,0,11,157,0,2,16,0,0,0,0,0,0,528,0,8,536,582,ACTA DE CASILLA,,,
,31,YUCATAN,15,IZAMAL,74,TAHMEK,804,C,1,0,C01,205,14,94,2,0,17,155,0,3,13,1,0,0,0,0,0,504,0,3,507,582,ACTA DE CASILLA,,,
,31,YUCATAN,15,IZAMAL,74,TAHMEK,804,C,2,0,C02,201,9,99,1,1,20,181,1,0,3,0,0,0,0,0,0,516,,9,525,581,GRUPO DE RECUENTO,,,
,31,YUCATAN,14,TECOH,75,TEABO,805,B,1,0,B,278,233,3,3,1,0,42,0,1,0,0,0,0,0,0,0,561,0,5,566,653,ACTA DE CASILLA,,,
,31,YUCATAN,14,TECOH,75,TEABO,805,C,1,0,C01,290,229,2,3,3,3,29,0,1,1,1,0,0,0,0,0,562,0,8,570,652,ACTA DE CASILLA,,,
,31,YUCATAN,14,TECOH,75,TEABO,805,C,2,0,C02,316,226,3,4,0,0,24,0,1,0,1,0,0,0,0,0,575,0,2,577,652,ACTA DE CASILLA,,,
,31,YUCATAN,14,TECOH,75,TEABO,806,B,1,0,B,371,234,6,3,0,2,42,0,0,0,1,0,0,0,0,0,659,0,7,666,750,ACTA DE CASILLA,,,
,31,YUCATAN,14,TECOH,75,TEABO,806,C,1,0,C01,302,282,6,5,0,3,30,1,0,0,0,0,0,0,0,0,629,0,3,632,750,ACTA DE CASILLA,,,
,31,YUCATAN,14,TECOH,75,TEABO,806,C,2,0,C02,309,269,2,4,1,1,25,1,1,2,1,0,0,0,0,0,616,0,11,627,749,GRUPO DE RECUENTO,,,
,31,YUCATAN,14,TECOH,75,TEABO,806,C,3,0,C03,333,254,1,11,2,35,0,0,0,0,0,0,0,0,0,0,636,0,0,636,749,GRUPO DE RECUENTO,,,
,31,YUCATAN,14,TECOH,76,TECOH,807,B,1,0,B,159,169,6,102,2,23,102,3,1,0,2,0,0,0,0,0,569,0,6,575,705,ACTA DE CASILLA,,,
,31,YUCATAN,14,TECOH,76,TECOH,807,C,1,0,C01,132,191,1,112,4,17,101,3,1,0,1,0,0,0,0,0,563,0,4,567,705,ACTA DE CASILLA,,,
,31,YUCATAN,14,TECOH,76,TECOH,807,C,2,0,C02,156,159,2,105,5,17,129,3,2,0,0,0,0,0,0,0,578,0,5,583,705,GRUPO DE RECUENTO,,,
,31,YUCATAN,14,TECOH,76,TECOH,807,C,3,0,C03,156,174,5,123,0,15,92,1,2,3,1,0,0,0,0,0,572,0,4,576,704,ACTA DE CASILLA,,,
,31,YUCATAN,14,TECOH,76,TECOH,808,B,1,0,B,123,129,6,105,5,25,121,0,4,1,0,0,0,0,0,0,519,0,3,522,634,GRUPO DE RECUENTO,,,
,31,YUCATAN,14,TECOH,76,TECOH,808,C,1,0,C01,130,144,3,79,3,11,137,3,1,0,2,0,0,0,0,0,513,0,6,519,633,GRUPO DE RECUENTO,,,
,31,YUCATAN,14,TECOH,76,TECOH,809,B,1,0,B,112,157,1,95,1,18,65,5,1,1,1,0,0,0,0,0,457,0,0,457,562,ACTA DE CASILLA,,,
,31,YUCATAN,14,TECOH,76,TECOH,809,C,1,0,C01,119,150,1,93,0,22,63,0,0,0,1,0,0,0,0,0,449,0,6,455,562,ACTA DE CASILLA,,,
,31,YUCATAN,14,TECOH,76,TECOH,809,C,2,0,C02,105,129,2,102,4,28,76,3,1,0,0,0,0,0,0,0,450,0,9,459,562,ACTA DE CASILLA,,,
,31,YUCATAN,14,TECOH,76,TECOH,810,B,1,0,B,115,122,3,153,3,35,71,3,3,1,4,0,0,0,0,0,513,1,11,525,640,ACTA DE CASILLA,,,
,31,YUCATAN,14,TECOH,76,TECOH,810,C,1,0,C01,122,164,4,119,2,26,79,2,1,1,1,0,0,1,0,0,522,0,1,523,640,GRUPO DE RECUENTO,,,
,31,YUCATAN,14,TECOH,76,TECOH,810,C,2,0,C02,127,123,3,140,0,30,66,0,1,0,2,0,0,0,0,0,492,0,3,495,639,ACTA DE CASILLA,,,
,31,YUCATAN,14,TECOH,76,TECOH,811,B,1,0,B,169,142,1,122,2,3,70,0,1,0,0,0,0,1,0,0,511,0,2,513,582,ACTA DE CASILLA,,,
,31,YUCATAN,14,TECOH,76,TECOH,812,B,1,0,B,103,157,0,99,0,2,53,0,0,1,0,0,0,0,0,0,415,0,11,426,494,ACTA DE CASILLA,,,
,31,YUCATAN,14,TECOH,76,TECOH,812,C,1,0,C01,90,191,0,89,2,6,55,1,1,0,2,0,0,0,0,0,437,0,1,438,494,ACTA DE CASILLA,,,
,31,YUCATAN,14,TECOH,76,TECOH,813,B,1,0,B,97,141,3,65,1,7,53,1,2,0,0,0,0,0,0,0,370,0,0,370,395,ACTA DE CASILLA,,,
,31,YUCATAN,14,TECOH,76,TECOH,814,B,1,0,B,101,128,2,113,3,6,74,2,0,0,0,0,0,0,0,0,429,0,9,438,563,ACTA DE CASILLA,,,
,31,YUCATAN,14,TECOH,76,TECOH,814,C,1,0,C01,118,102,3,93,1,9,92,2,0,0,1,0,0,1,0,0,422,0,4,426,562,ACTA DE CASILLA,,,
,31,YUCATAN,14,TECOH,76,TECOH,814,E,1,0,E01,204,131,1,276,1,3,8,0,0,0,0,0,0,2,0,0,626,0,0,626,702,ACTA DE CASILLA,,,
,31,YUCATAN,14,TECOH,76,TECOH,815,B,1,0,B,159,149,0,99,1,30,40,4,1,4,1,0,0,0,0,0,488,0,2,490,598,ACTA DE CASILLA,,,
,31,YUCATAN,14,TECOH,76,TECOH,815,C,1,0,C01,156,141,0,75,0,42,45,3,2,0,0,0,0,0,0,0,464,0,6,470,597,ACTA DE CASILLA,,,
,31,YUCATAN,14,TECOH,76,TECOH,816,B,1,0,B,112,106,0,34,0,2,6,0,0,0,0,0,0,0,0,0,260,0,0,260,288,GRUPO DE RECUENTO,,,
,31,YUCATAN,15,IZAMAL,77,TEKAL DE VENEGAS,817,B,1,0,B,277,18,0,71,0,2,38,0,1,24,1,0,0,1,0,0,433,0,11,444,550,ACTA DE CASILLA,,,
,31,YUCATAN,15,IZAMAL,77,TEKAL DE VENEGAS,817,C,1,0,C01,252,8,2,76,0,2,73,0,0,26,2,0,0,0,0,0,441,0,13,454,549,GRUPO DE RECUENTO,,,
,31,YUCATAN,15,IZAMAL,77,TEKAL DE VENEGAS,817,C,2,0,C02,276,26,1,67,1,3,57,0,0,16,1,0,0,0,0,0,448,0,5,453,549,GRUPO DE RECUENTO,,,
,31,YUCATAN,15,IZAMAL,77,TEKAL DE VENEGAS,818,B,1,0,B,365,44,2,62,1,1,41,3,1,11,1,0,0,0,0,0,532,0,13,545,738,ACTA DE CASILLA,,,
,31,YUCATAN,15,IZAMAL,78,TEKANTO,819,B,1,0,B,142,144,0,0,0,2,103,2,2,2,2,0,0,0,0,0,399,,7,406,462,ACTA DE CASILLA,,,
,31,YUCATAN,15,IZAMAL,78,TEKANTO,819,C,1,0,C01,173,111,1,0,1,0,98,0,0,3,0,0,0,3,0,0,390,0,7,397,462,ACTA DE CASILLA,,,
,31,YUCATAN,15,IZAMAL,78,TEKANTO,820,B,1,0,B,147,141,0,0,0,1,97,0,0,7,0,0,0,0,0,0,393,0,4,397,454,ACTA DE CASILLA,,,
,31,YUCATAN,15,IZAMAL,78,TEKANTO,821,B,1,0,B,130,126,0,0,0,1,60,0,0,8,0,0,0,0,0,0,325,,3,328,367,ACTA DE CASILLA,,,
,31,YUCATAN,15,IZAMAL,78,TEKANTO,822,B,1,0,B,182,190,1,0,1,0,81,1,0,3,0,0,0,0,0,0,459,0,8,467,532,ACTA DE CASILLA,,,
,31,YUCATAN,15,IZAMAL,78,TEKANTO,822,C,1,0,C01,214,148,2,1,1,2,74,2,1,3,1,0,0,1,0,0,450,0,5,455,531,ACTA DE CASILLA,,,
,31,YUCATAN,15,IZAMAL,78,TEKANTO,824,B,1,0,B,112,58,2,1,0,2,89,2,3,10,0,0,0,0,0,0,279,,11,290,320,GRUPO DE RECUENTO,,,
,31,YUCATAN,15,IZAMAL,78,TEKANTO,825,B,1,0,B,76,34,0,1,0,0,14,1,2,0,0,0,0,0,0,0,128,,1,129,130,ACTA DE CASILLA,,,
,31,YUCATAN,12,TEKAX,79,TEKAX,826,B,1,0,B,161,41,48,20,39,14,48,10,0,6,3,0,11,0,0,0,401,0,10,411,676,ACTA DE CASILLA,,,
,31,YUCATAN,12,TEKAX,79,TEKAX,826,C,1,0,C01,158,53,55,21,40,8,39,6,0,5,8,0,11,0,0,0,404,0,9,413,676,ACTA DE CASILLA,,,
,31,YUCATAN,12,TEKAX,79,TEKAX,826,C,2,0,C02,158,52,33,18,31,7,73,13,0,4,5,0,9,0,0,0,403,0,19,422,676,ACTA DE CASILLA,,,
,31,YUCATAN,12,TEKAX,79,TEKAX,826,C,3,0,C03,128,49,43,11,30,6,68,15,1,13,5,0,5,0,0,0,374,0,18,392,675,ACTA DE CASILLA,,,
,31,YUCATAN,12,TEKAX,79,TEKAX,827,B,1,0,B,135,64,43,17,26,4,54,6,0,11,12,0,7,0,0,0,379,0,5,384,607,GRUPO DE RECUENTO,,,
,31,YUCATAN,12,TEKAX,79,TEKAX,827,C,1,0,C01,141,64,41,19,36,13,54,5,2,9,4,0,5,0,0,0,393,0,9,402,607,ACTA DE CASILLA,,,
,31,YUCATAN,12,TEKAX,79,TEKAX,827,C,2,0,C02,146,68,36,20,30,10,65,1,0,8,5,0,10,0,0,0,399,0,20,419,607,ACTA DE CASILLA,,,
,31,YUCATAN,12,TEKAX,79,TEKAX,827,C,3,0,C03,155,57,52,16,37,9,60,6,2,2,10,0,4,0,0,0,410,1,11,422,607,ACTA DE CASILLA,,,
,31,YUCATAN,12,TEKAX,79,TEKAX,828,B,1,0,B,176,55,34,20,29,6,60,6,1,5,9,0,3,0,0,0,404,0,13,417,620,ACTA DE CASILLA,,,
,31,YUCATAN,12,TEKAX,79,TEKAX,828,C,1,0,C01,169,36,38,11,28,3,44,4,3,16,3,0,8,0,0,0,363,0,12,375,619,ACTA DE CASILLA,,,
,31,YUCATAN,12,TEKAX,79,TEKAX,828,C,2,0,C02,146,50,38,20,32,9,60,3,0,12,10,0,6,0,0,0,386,0,10,396,619,ACTA DE CASILLA,,,
,31,YUCATAN,12,TEKAX,79,TEKAX,829,B,1,0,B,138,57,59,18,39,7,56,12,1,6,9,0,7,0,0,0,409,0,11,420,633,ACTA DE CASILLA,,,
,31,YUCATAN,12,TEKAX,79,TEKAX,829,C,1,0,C01,141,58,60,24,36,2,40,5,1,18,7,0,17,0,0,0,409,0,14,423,632,ACTA DE CASILLA,,,
,31,YUCATAN,12,TEKAX,79,TEKAX,829,C,2,0,C02,127,54,52,10,54,5,44,9,0,18,6,0,4,0,0,0,383,0,5,388,632,ACTA DE CASILLA,,,
,31,YUCATAN,12,TEKAX,79,TEKAX,829,C,3,0,C03,129,57,72,17,41,5,33,6,3,8,6,0,7,0,0,0,384,0,10,394,632,ACTA DE CASILLA,,,
,31,YUCATAN,12,TEKAX,79,TEKAX,830,B,1,0,B,129,50,39,5,25,13,78,10,0,10,3,0,6,0,0,0,368,0,6,374,554,ACTA DE CASILLA,,,
,31,YUCATAN,12,TEKAX,79,TEKAX,830,C,1,0,C01,151,47,52,11,35,3,54,4,0,15,4,0,5,0,0,0,381,0,15,396,554,ACTA DE CASILLA,,,
,31,YUCATAN,12,TEKAX,79,TEKAX,830,C,2,0,C02,150,54,52,13,11,10,48,17,0,7,4,0,5,0,0,0,371,0,13,384,554,ACTA DE CASILLA,,,
,31,YUCATAN,12,TEKAX,79,TEKAX,831,B,1,0,B,176,56,38,12,32,11,67,4,2,2,15,0,7,0,0,0,422,0,6,428,610,ACTA DE CASILLA,,,
,31,YUCATAN,12,TEKAX,79,TEKAX,831,C,1,0,C01,155,57,40,19,35,5,73,9,1,13,7,0,9,0,0,0,423,0,14,437,609,ACTA DE CASILLA,,,
,31,YUCATAN,12,TEKAX,79,TEKAX,832,B,1,0,B,163,40,40,18,34,4,56,2,0,4,14,0,4,0,0,0,379,0,21,400,595,ACTA DE CASILLA,,,
,31,YUCATAN,12,TEKAX,79,TEKAX,832,C,1,0,C01,170,29,38,19,26,11,61,4,1,10,16,0,7,0,0,0,392,1,15,408,594,ACTA DE CASILLA,,,
,31,YUCATAN,12,TEKAX,79,TEKAX,833,B,1,0,B,190,69,46,19,22,7,86,6,1,10,11,0,8,0,0,0,475,0,15,490,677,ACTA DE CASILLA,,,
,31,YUCATAN,12,TEKAX,79,TEKAX,833,C,1,0,C01,169,73,49,10,16,11,107,8,0,5,10,0,9,0,0,0,467,0,9,476,677,ACTA DE CASILLA,,,
,31,YUCATAN,12,TEKAX,79,TEKAX,834,B,1,0,B,113,64,40,19,15,4,73,7,1,10,15,0,5,0,0,0,366,0,10,376,475,ACTA DE CASILLA,,,
,31,YUCATAN,12,TEKAX,79,TEKAX,834,C,1,0,C01,113,65,24,16,15,18,48,11,2,1,18,0,6,0,0,0,337,0,6,343,475,ACTA DE CASILLA,,,
,31,YUCATAN,12,TEKAX,79,TEKAX,835,B,1,0,B,192,61,42,12,24,10,67,3,3,11,11,0,2,0,0,0,438,0,14,452,680,ACTA DE CASILLA,,,
,31,YUCATAN,12,TEKAX,79,TEKAX,835,C,1,0,C01,160,73,52,7,29,14,67,3,0,8,9,0,13,0,0,0,435,1,13,449,680,ACTA DE CASILLA,,,
,31,YUCATAN,12,TEKAX,79,TEKAX,835,C,2,0,C02,175,62,49,21,31,16,72,7,1,4,15,0,4,0,0,0,457,0,22,479,679,ACTA DE CASILLA,,,
,31,YUCATAN,12,TEKAX,79,TEKAX,836,B,1,0,B,153,70,40,23,23,7,56,5,0,17,4,0,8,0,0,0,406,0,7,413,598,ACTA DE CASILLA,,,
,31,YUCATAN,12,TEKAX,79,TEKAX,836,C,1,0,C01,148,39,33,9,26,11,57,6,0,12,3,0,10,0,0,0,354,0,15,369,597,ACTA DE CASILLA,,,
,31,YUCATAN,12,TEKAX,79,TEKAX,836,C,2,0,C02,47,23,7,17,14,9,51,3,0,1,1,0,0,0,0,0,173,1,17,191,597,ACTA DE CASILLA,,,
,31,YUCATAN,12,TEKAX,79,TEKAX,836,C,3,0,C03,104,39,29,14,42,13,47,11,1,7,3,0,3,0,0,0,313,1,19,333,597,ACTA DE CASILLA,,,
,31,YUCATAN,12,TEKAX,79,TEKAX,836,S,1,0,SMR01,101,54,57,12,47,5,53,8,2,13,10,0,5,0,0,0,367,0,0,367,0,ACTA DE CASILLA,,,
,31,YUCATAN,12,TEKAX,79,TEKAX,837,B,1,0,B,102,168,33,5,3,7,49,4,1,2,12,0,3,0,0,0,389,0,4,393,432,ACTA DE CASILLA,,,
,31,YUCATAN,12,TEKAX,79,TEKAX,837,C,1,0,C01,88,199,22,3,5,4,26,3,0,2,5,0,0,0,0,0,357,0,5,362,432,ACTA DE CASILLA,,,
,31,YUCATAN,12,TEKAX,79,TEKAX,838,B,1,0,B,204,196,49,4,9,26,20,1,1,8,5,0,11,0,0,0,534,0,18,552,659,ACTA DE CASILLA,,,
,31,YUCATAN,12,TEKAX,79,TEKAX,838,C,1,0,C01,204,213,36,12,5,21,26,3,2,23,3,0,4,0,0,0,552,0,14,566,659,ACTA DE CASILLA,,,
,31,YUCATAN,12,TEKAX,79,TEKAX,839,B,1,0,B,236,110,34,26,10,10,44,3,1,8,3,0,5,0,0,0,490,0,7,497,595,ACTA DE CASILLA,,,
,31,YUCATAN,12,TEKAX,79,TEKAX,839,C,1,0,C01,241,104,35,33,11,8,29,6,0,8,2,0,6,0,0,0,483,0,4,487,594,ACTA DE CASILLA,,,
,31,YUCATAN,12,TEKAX,79,TEKAX,840,B,1,0,B,214,209,22,2,24,2,30,3,3,2,3,0,4,0,0,0,518,0,9,527,682,ACTA DE CASILLA,,,
,31,YUCATAN,12,TEKAX,79,TEKAX,840,C,1,0,C01,284,175,23,6,26,0,12,2,0,1,0,0,5,0,0,0,534,0,3,537,682,ACTA DE CASILLA,,,
,31,YUCATAN,12,TEKAX,79,TEKAX,840,C,2,0,C02,154,87,56,5,1,0,1,1,0,0,0,0,5,0,0,0,310,0,5,315,681,ACTA DE CASILLA,,,
,31,YUCATAN,12,TEKAX,79,TEKAX,840,C,3,0,C03,189,244,29,8,11,1,12,2,2,3,0,0,3,0,0,0,504,0,3,507,681,ACTA DE CASILLA,,,
,31,YUCATAN,12,TEKAX,79,TEKAX,840,E,1,0,E01,232,211,25,4,27,1,12,2,1,1,5,0,0,0,0,0,521,0,3,524,365,ACTA DE CASILLA,,,
,31,YUCATAN,12,TEKAX,79,TEKAX,841,B,1,0,B,152,43,32,15,8,4,109,1,0,2,10,0,1,0,0,0,377,0,3,380,444,ACTA DE CASILLA,,,
,31,YUCATAN,12,TEKAX,79,TEKAX,842,B,1,0,B,122,73,31,15,39,15,77,4,1,16,9,0,4,0,0,0,406,0,6,412,557,ACTA DE CASILLA,,,
,31,YUCATAN,12,TEKAX,79,TEKAX,842,C,1,0,C01,123,64,40,17,20,7,91,6,3,17,7,0,4,0,0,0,399,0,2,401,556,ACTA DE CASILLA,,,
,31,YUCATAN,12,TEKAX,79,TEKAX,842,E,1,0,E01,94,49,52,9,10,7,105,1,1,15,57,0,1,0,0,0,401,0,5,406,463,ACTA DE CASILLA,,,
,31,YUCATAN,12,TEKAX,79,TEKAX,843,B,1,0,B,74,38,38,14,19,16,70,3,1,7,5,0,7,0,0,0,292,0,21,313,501,ACTA DE CASILLA,,,
,31,YUCATAN,12,TEKAX,79,TEKAX,843,C,1,0,C01,91,51,47,13,12,14,73,4,3,12,6,0,8,0,0,0,334,0,5,339,500,ACTA DE CASILLA,,,
,31,YUCATAN,12,TEKAX,79,TEKAX,844,B,1,0,B,226,104,39,16,4,7,36,6,3,83,3,0,4,0,0,0,531,0,8,539,743,ACTA DE CASILLA,,,
,31,YUCATAN,12,TEKAX,79,TEKAX,844,C,1,0,C01,193,97,43,15,11,9,34,5,1,82,4,0,1,0,0,0,495,0,17,512,742,ACTA DE CASILLA,,,
,31,YUCATAN,12,TEKAX,79,TEKAX,845,B,1,0,B,44,16,5,1,0,1,5,2,0,6,1,0,4,0,0,0,85,0,2,87,136,ACTA DE CASILLA,,,
,31,YUCATAN,14,TECOH,80,TEKIT,846,B,1,0,B,298,20,3,4,202,0,56,0,3,0,0,0,0,0,0,0,586,0,1,587,667,GRUPO DE RECUENTO,,,
,31,YUCATAN,14,TECOH,80,TEKIT,846,C,1,0,C01,259,18,0,6,1,2,296,2,1,0,0,0,0,2,0,0,587,0,3,590,667,ACTA DE CASILLA,,,
,31,YUCATAN,14,TECOH,80,TEKIT,846,C,2,0,C02,281,28,6,5,0,4,244,2,3,0,3,0,0,0,0,0,576,0,0,576,667,ACTA DE CASILLA,,,
,31,YUCATAN,14,TECOH,80,TEKIT,846,C,3,0,C03,268,38,3,4,0,4,258,0,5,1,3,0,0,0,0,0,584,0,1,585,667,ACTA DE CASILLA,,,
,31,YUCATAN,14,TECOH,80,TEKIT,847,B,1,0,B,231,23,5,4,0,2,216,0,1,1,1,0,0,0,0,0,484,0,2,486,558,ACTA DE CASILLA,,,
,31,YUCATAN,14,TECOH,80,TEKIT,847,C,1,0,C01,254,20,1,4,1,1,219,0,4,0,0,0,0,1,0,0,505,89,3,597,558,ACTA DE CASILLA,,,
,31,YUCATAN,14,TECOH,80,TEKIT,847,C,2,0,C02,209,44,0,8,2,3,217,3,5,1,2,0,0,0,0,0,494,0,1,495,557,GRUPO DE RECUENTO,,,
,31,YUCATAN,14,TECOH,80,TEKIT,848,B,1,0,B,230,26,1,4,1,0,266,2,8,1,0,0,0,0,0,0,539,0,3,542,590,ACTA DE CASILLA,,,
,31,YUCATAN,14,TECOH,80,TEKIT,848,C,1,0,C01,250,31,1,6,3,3,225,2,4,0,1,0,0,0,0,0,526,0,2,528,590,ACTA DE CASILLA,,,
,31,YUCATAN,14,TECOH,80,TEKIT,848,C,2,0,C02,232,18,2,5,1,2,242,1,5,1,4,0,0,0,0,0,513,0,2,515,590,ACTA DE CASILLA,,,
,31,YUCATAN,14,TECOH,80,TEKIT,848,C,3,0,C03,222,13,2,4,1,3,271,3,4,0,0,0,0,1,0,0,524,0,2,526,590,ACTA DE CASILLA,,,
,31,YUCATAN,14,TECOH,80,TEKIT,849,B,1,0,B,314,26,4,5,4,3,270,1,1,0,1,0,0,0,0,0,629,0,4,633,713,ACTA DE CASILLA,,,
,31,YUCATAN,14,TECOH,80,TEKIT,849,C,1,0,C01,318,18,2,9,4,1,271,2,1,4,0,0,0,0,0,0,630,0,5,635,713,GRUPO DE RECUENTO,,,
,31,YUCATAN,11,VALLADOLID,81,TEKOM,851,B,1,0,B,249,247,3,1,1,2,53,3,0,1,3,0,0,0,0,0,563,0,4,567,631,ACTA DE CASILLA,,,
,31,YUCATAN,11,VALLADOLID,81,TEKOM,851,C,1,0,C01,194,311,1,2,1,4,51,1,1,0,0,0,0,0,0,0,566,,4,570,631,ACTA DE CASILLA,,,
,31,YUCATAN,11,VALLADOLID,81,TEKOM,852,B,1,0,B,199,282,0,1,2,2,39,5,0,1,0,0,0,0,0,0,531,0,3,534,587,ACTA DE CASILLA,,,
,31,YUCATAN,11,VALLADOLID,81,TEKOM,852,C,1,0,C01,224,282,1,2,0,0,23,2,0,2,2,0,0,0,0,0,538,,4,542,587,ACTA DE CASILLA,,,
,31,YUCATAN,11,VALLADOLID,81,TEKOM,853,B,1,0,B,66,145,0,0,0,2,23,0,0,0,1,0,0,67,0,0,304,0,0,304,250,ACTA DE CASILLA,,,
,31,YUCATAN,11,VALLADOLID,81,TEKOM,854,B,1,0,B,65,113,0,0,0,0,1,0,0,0,0,0,0,0,0,0,179,0,0,179,183,ACTA DE CASILLA,,,
,31,YUCATAN,9,PROGRESO,82,TELCHAC PUEBLO,855,B,1,0,B,68,188,1,5,0,27,79,0,2,0,9,0,0,0,0,0,379,0,10,389,463,ACTA DE CASILLA,,,
,31,YUCATAN,9,PROGRESO,82,TELCHAC PUEBLO,855,C,1,0,C01,89,160,4,11,0,13,84,1,0,0,2,0,0,0,0,0,364,0,14,378,462,ACTA DE CASILLA,,,
,31,YUCATAN,9,PROGRESO,82,TELCHAC PUEBLO,856,B,1,0,B,96,250,5,11,0,22,113,1,2,1,2,0,0,0,0,0,503,0,16,519,623,ACTA DE CASILLA,,,
,31,YUCATAN,9,PROGRESO,82,TELCHAC PUEBLO,857,B,1,0,B,136,235,2,7,4,17,113,2,2,3,4,0,0,0,0,0,525,0,23,548,658,ACTA DE CASILLA,,,
,31,YUCATAN,9,PROGRESO,82,TELCHAC PUEBLO,858,B,1,0,B,75,141,3,6,1,8,81,1,1,2,2,0,0,0,0,0,321,0,7,328,392,ACTA DE CASILLA,,,
,31,YUCATAN,9,PROGRESO,82,TELCHAC PUEBLO,858,C,1,0,C01,74,147,1,4,1,9,79,2,0,0,0,0,0,0,0,0,317,0,8,325,392,ACTA DE CASILLA,,,
,31,YUCATAN,9,PROGRESO,83,TELCHAC PUERTO,859,B,1,0,B,115,167,0,1,8,23,101,2,1,1,1,0,0,0,0,0,420,0,19,439,523,ACTA DE CASILLA,,,
,31,YUCATAN,9,PROGRESO,83,TELCHAC PUERTO,859,C,1,0,C01,129,141,1,1,10,21,112,1,1,1,3,0,0,0,0,0,421,0,8,429,522,ACTA DE CASILLA,,,
,31,YUCATAN,9,PROGRESO,83,TELCHAC PUERTO,860,B,1,0,B,123,148,4,3,19,16,82,2,2,4,3,0,0,0,0,0,406,0,16,422,480,ACTA DE CASILLA,,,
,31,YUCATAN,9,PROGRESO,83,TELCHAC PUERTO,860,C,1,0,C01,113,177,0,2,11,10,86,1,0,1,0,0,0,0,0,0,401,0,15,416,480,ACTA DE CASILLA,,,
,31,YUCATAN,15,IZAMAL,84,TEMAX,861,B,1,0,B,264,67,1,0,7,4,123,2,1,2,0,0,0,0,0,0,471,,20,491,610,ACTA DE CASILLA,,,
,31,YUCATAN,15,IZAMAL,84,TEMAX,861,C,1,0,C01,299,45,4,5,9,2,126,1,1,1,3,0,0,1,0,0,497,0,15,512,609,ACTA DE CASILLA,,,
,31,YUCATAN,15,IZAMAL,84,TEMAX,861,C,2,0,C02,256,76,2,0,5,5,131,2,2,1,1,0,0,0,0,0,481,0,11,492,609,GRUPO DE RECUENTO,,,
,31,YUCATAN,15,IZAMAL,84,TEMAX,862,B,1,0,B,224,41,1,1,9,10,89,1,1,2,1,0,0,0,0,0,380,,5,385,494,ACTA DE CASILLA,,,
,31,YUCATAN,15,IZAMAL,84,TEMAX,862,C,1,0,C01,216,64,2,2,7,3,91,2,1,1,0,0,0,0,0,0,389,0,9,398,493,GRUPO DE RECUENTO,,,
,31,YUCATAN,15,IZAMAL,84,TEMAX,863,B,1,0,B,307,45,1,2,17,6,99,1,1,2,1,0,0,0,0,0,482,0,9,491,592,ACTA DE CASILLA,,,
,31,YUCATAN,15,IZAMAL,84,TEMAX,863,C,1,0,C01,265,46,4,0,17,6,109,3,0,1,1,0,0,0,0,0,452,,25,477,591,ACTA DE CASILLA,,,
,31,YUCATAN,15,IZAMAL,84,TEMAX,864,B,1,0,B,272,46,4,0,16,12,86,1,1,4,0,0,0,0,0,0,442,,18,460,590,ACTA DE CASILLA,,,
,31,YUCATAN,15,IZAMAL,84,TEMAX,864,C,1,0,C01,261,70,3,0,8,13,105,1,0,3,0,0,0,0,0,0,464,,21,485,589,ACTA DE CASILLA,,,
,31,YUCATAN,15,IZAMAL,84,TEMAX,865,B,1,0,B,61,6,3,0,1,8,59,1,0,0,0,0,0,0,0,0,139,,3,142,180,ACTA DE CASILLA,,,
,31,YUCATAN,15,IZAMAL,84,TEMAX,866,B,1,0,B,95,2,5,0,0,1,77,0,1,2,0,0,0,0,0,0,183,0,5,188,220,ACTA DE CASILLA,,,
,31,YUCATAN,10,TIZIMIN,85,TEMOZON,867,B,1,0,B,61,16,4,2,25,4,365,1,4,0,181,0,0,0,0,0,663,0,5,668,736,ACTA DE CASILLA,,,
,31,YUCATAN,10,TIZIMIN,85,TEMOZON,867,C,1,0,C01,68,10,0,0,16,1,321,3,4,1,206,0,0,0,0,0,630,,7,637,736,GRUPO DE RECUENTO,,,
,31,YUCATAN,10,TIZIMIN,85,TEMOZON,867,C,2,0,C02,63,20,1,2,28,5,344,0,9,2,195,0,0,0,0,0,669,0,5,674,736,ACTA DE CASILLA,,,
,31,YUCATAN,10,TIZIMIN,85,TEMOZON,868,B,1,0,B,31,4,1,0,14,1,280,3,7,1,152,0,0,0,0,0,494,0,5,499,565,ACTA DE CASILLA,,,
,31,YUCATAN,10,TIZIMIN,85,TEMOZON,868,C,1,0,C01,45,21,3,2,18,2,219,2,8,2,165,0,0,0,0,0,487,0,13,500,565,ACTA DE CASILLA,,,
,31,YUCATAN,10,TIZIMIN,85,TEMOZON,868,C,2,0,C02,59,8,1,1,20,5,241,0,4,3,152,0,0,0,0,0,494,0,3,497,565,ACTA DE CASILLA,,,
,31,YUCATAN,10,TIZIMIN,85,TEMOZON,869,B,1,0,B,61,14,1,3,10,2,249,1,9,0,184,0,0,0,0,0,534,0,6,540,629,ACTA DE CASILLA,,,
,31,YUCATAN,10,TIZIMIN,85,TEMOZON,869,C,1,0,C01,55,19,0,4,15,0,264,1,5,1,174,0,0,0,0,0,538,0,6,544,628,GRUPO DE RECUENTO,,,
,31,YUCATAN,10,TIZIMIN,85,TEMOZON,869,C,2,0,C02,67,17,3,0,8,2,247,2,4,0,217,0,0,0,0,0,567,0,2,569,628,ACTA DE CASILLA,,,
,31,YUCATAN,10,TIZIMIN,85,TEMOZON,870,B,1,0,B,20,1,2,2,25,5,194,0,4,0,207,0,0,0,0,0,460,0,7,467,564,GRUPO DE RECUENTO,,,
,31,YUCATAN,10,TIZIMIN,85,TEMOZON,870,C,1,0,C01,33,1,1,4,27,1,188,3,4,0,211,0,0,0,0,0,473,,2,475,564,ACTA DE CASILLA,,,
,31,YUCATAN,10,TIZIMIN,85,TEMOZON,870,C,2,0,C02,29,2,2,2,16,5,199,0,8,0,210,0,0,0,0,0,473,,6,479,563,ACTA DE CASILLA,,,
,31,YUCATAN,10,TIZIMIN,85,TEMOZON,871,B,1,0,B,10,7,0,0,2,2,161,0,5,1,111,0,0,0,0,0,299,,4,303,349,ACTA DE CASILLA,,,
,31,YUCATAN,10,TIZIMIN,85,TEMOZON,872,B,1,0,B,17,11,2,1,10,1,82,0,5,0,105,0,0,0,0,0,234,0,6,240,274,GRUPO DE RECUENTO,,,
,31,YUCATAN,10,TIZIMIN,85,TEMOZON,873,B,1,0,B,21,0,2,1,1,3,273,1,7,1,124,0,0,0,0,0,434,0,6,440,481,ACTA DE CASILLA,,,
,31,YUCATAN,10,TIZIMIN,85,TEMOZON,873,C,1,0,C01,25,4,0,5,3,2,268,0,3,0,128,0,0,0,0,0,438,,5,443,481,GRUPO DE RECUENTO,,,
,31,YUCATAN,10,TIZIMIN,85,TEMOZON,874,B,1,0,B,24,7,4,4,6,3,321,1,16,0,202,0,0,0,0,0,588,0,3,591,687,ACTA DE CASILLA,,,
,31,YUCATAN,10,TIZIMIN,85,TEMOZON,874,C,1,0,C01,33,3,3,0,12,2,320,3,10,1,217,0,0,0,0,0,604,0,5,609,687,ACTA DE CASILLA,,,
,31,YUCATAN,10,TIZIMIN,85,TEMOZON,874,C,2,0,C02,26,5,1,3,6,4,324,6,17,1,188,0,0,0,0,0,581,0,6,587,686,GRUPO DE RECUENTO,,,
,31,YUCATAN,10,TIZIMIN,85,TEMOZON,874,C,3,0,C03,21,7,4,0,5,1,364,3,5,4,168,0,0,0,0,0,582,,3,585,686,GRUPO DE RECUENTO,,,
,31,YUCATAN,15,IZAMAL,86,TEPAKAN,875,B,1,0,B,75,14,165,72,2,106,34,1,1,6,2,0,0,0,0,0,478,0,18,496,552,ACTA DE CASILLA,,,
,31,YUCATAN,15,IZAMAL,86,TEPAKAN,876,B,1,0,B,105,10,223,53,0,114,61,0,0,4,8,0,0,0,0,0,578,1,12,591,686,ACTA DE CASILLA,,,
,31,YUCATAN,15,IZAMAL,86,TEPAKAN,876,C,1,0,C01,76,17,214,70,2,117,71,1,3,9,6,0,0,0,0,0,586,2,6,594,686,ACTA DE CASILLA,,,
,31,YUCATAN,15,IZAMAL,86,TEPAKAN,877,B,1,0,B,25,2,59,8,0,12,17,0,0,0,0,0,0,0,0,0,123,1,1,125,139,ACTA DE CASILLA,,,
,31,YUCATAN,8,UMAN,87,TETIZ,878,B,1,0,B,50,114,4,1,130,14,100,11,3,0,0,0,0,0,0,0,427,0,6,433,508,ACTA DE CASILLA,,,
,31,YUCATAN,8,UMAN,87,TETIZ,878,C,1,0,C01,76,84,7,2,129,12,96,14,2,3,3,0,0,0,0,0,428,0,6,434,508,ACTA DE CASILLA,,,
,31,YUCATAN,8,UMAN,87,TETIZ,878,C,2,0,C02,42,136,5,1,165,42,58,35,1,0,1,0,0,0,0,0,486,0,9,495,507,ACTA DE CASILLA,,,
,31,YUCATAN,8,UMAN,87,TETIZ,878,E,1,0,E01,83,124,11,1,132,6,46,18,1,0,1,0,0,0,0,0,423,0,0,423,593,ACTA DE CASILLA,,,
,31,YUCATAN,8,UMAN,87,TETIZ,879,B,1,0,B,107,136,8,2,144,9,88,7,0,1,0,0,0,0,0,0,502,0,9,511,602,ACTA DE CASILLA,,,
,31,YUCATAN,8,UMAN,87,TETIZ,879,C,1,0,C01,79,151,7,5,159,13,72,5,1,0,1,0,0,0,0,0,493,0,10,503,602,ACTA DE CASILLA,,,
,31,YUCATAN,8,UMAN,87,TETIZ,879,C,2,0,C02,82,158,6,1,177,25,54,3,0,1,2,0,0,0,0,0,509,1,17,527,601,ACTA DE CASILLA,,,
,31,YUCATAN,15,IZAMAL,88,TEYA,880,B,1,0,B,267,178,5,3,1,6,98,1,0,11,2,0,0,0,0,0,572,0,13,585,676,ACTA DE CASILLA,,,
,31,YUCATAN,15,IZAMAL,88,TEYA,881,B,1,0,B,229,125,1,0,1,3,68,1,0,12,1,0,0,0,0,0,441,0,2,443,507,ACTA DE CASILLA,,,
,31,YUCATAN,15,IZAMAL,88,TEYA,881,C,1,0,C01,217,119,3,2,2,3,71,0,1,11,2,0,0,0,0,0,431,0,9,440,507,ACTA DE CASILLA,,,
,31,YUCATAN,13,TICUL,89,TICUL,882,B,1,0,B,118,44,20,7,3,3,126,3,1,12,1,0,0,0,0,0,338,,15,353,613,ACTA DE CASILLA,,,
,31,YUCATAN,13,TICUL,89,TICUL,882,C,1,0,C01,116,37,41,9,1,5,122,3,2,7,2,0,0,0,0,0,345,,9,354,613,ACTA DE CASILLA,,,
,31,YUCATAN,13,TICUL,89,TICUL,882,C,2,0,C02,127,33,31,9,6,3,131,9,3,9,2,0,0,1,0,0,364,,10,374,613,GRUPO DE RECUENTO,,,
,31,YUCATAN,13,TICUL,89,TICUL,882,C,3,0,C03,153,30,31,2,1,4,126,1,2,8,6,0,0,0,0,0,364,,7,371,612,ACTA DE CASILLA,,,
,31,YUCATAN,13,TICUL,89,TICUL,882,C,4,0,C04,126,27,19,2,1,4,151,5,1,12,3,0,0,0,0,0,351,,9,360,612,ACTA DE CASILLA,,,
,31,YUCATAN,13,TICUL,89,TICUL,883,B,1,0,B,135,36,44,5,2,1,156,15,0,10,1,0,0,0,0,0,405,,15,420,694,ACTA DE CASILLA,,,
,31,YUCATAN,13,TICUL,89,TICUL,883,C,1,0,C01,162,30,37,7,0,6,130,6,0,12,6,0,0,1,0,0,397,,21,418,694,ACTA DE CASILLA,,,
,31,YUCATAN,13,TICUL,89,TICUL,884,B,1,0,B,158,35,36,1,1,6,132,10,2,10,0,0,0,1,0,0,392,,6,398,580,ACTA DE CASILLA,,,
,31,YUCATAN,13,TICUL,89,TICUL,884,C,1,0,C01,130,44,31,3,2,10,153,9,1,6,3,0,0,0,0,0,392,,6,398,580,ACTA DE CASILLA,,,
,31,YUCATAN,13,TICUL,89,TICUL,884,C,2,0,C02,147,58,33,0,0,6,124,12,1,8,0,0,0,0,0,0,389,1,8,398,580,GRUPO DE RECUENTO,,,
,31,YUCATAN,13,TICUL,89,TICUL,885,B,1,0,B,109,41,38,0,0,10,152,9,0,7,2,0,0,0,0,0,368,,10,378,548,ACTA DE CASILLA,,,
,31,YUCATAN,13,TICUL,89,TICUL,885,C,1,0,C01,147,29,42,4,5,4,112,6,2,11,0,0,0,0,0,0,362,1,14,377,548,ACTA DE CASILLA,,,
,31,YUCATAN,13,TICUL,89,TICUL,885,C,2,0,C02,109,33,46,0,2,6,149,7,1,10,1,0,0,0,0,0,364,,8,372,548,ACTA DE CASILLA,,,
,31,YUCATAN,13,TICUL,89,TICUL,886,B,1,0,B,131,29,35,15,4,1,122,4,1,19,1,0,0,0,0,0,362,,7,369,559,ACTA DE CASILLA,,,
,31,YUCATAN,13,TICUL,89,TICUL,886,C,1,0,C01,110,25,34,8,4,2,135,11,3,26,1,0,0,1,0,0,360,,5,365,558,ACTA DE CASILLA,,,
,31,YUCATAN,13,TICUL,89,TICUL,886,C,2,0,C02,127,32,55,13,0,1,118,6,0,12,3,0,0,0,0,0,367,,6,373,558,ACTA DE CASILLA,,,
,31,YUCATAN,13,TICUL,89,TICUL,887,B,1,0,B,118,36,29,8,1,3,108,12,0,21,2,0,0,0,0,0,338,,9,347,586,ACTA DE CASILLA,,,
,31,YUCATAN,13,TICUL,89,TICUL,887,C,1,0,C01,123,27,23,7,3,4,139,5,1,9,0,0,0,1,0,0,342,,8,350,586,GRUPO DE RECUENTO,,,
,31,YUCATAN,13,TICUL,89,TICUL,887,C,2,0,C02,105,42,27,11,2,1,132,7,0,19,3,0,0,0,0,0,349,,1,350,585,ACTA DE CASILLA,,,
,31,YUCATAN,13,TICUL,89,TICUL,887,C,3,0,C03,103,30,22,4,3,5,143,2,0,16,1,0,0,0,0,0,329,,7,336,585,ACTA DE CASILLA,,,
,31,YUCATAN,13,TICUL,89,TICUL,888,B,1,0,B,125,35,54,4,1,3,160,5,0,7,2,0,0,0,0,0,396,,7,403,622,GRUPO DE RECUENTO,,,
,31,YUCATAN,13,TICUL,89,TICUL,888,C,1,0,C01,125,54,43,4,1,3,134,7,1,10,0,0,0,0,0,0,382,,9,391,622,ACTA DE CASILLA,,,
,31,YUCATAN,13,TICUL,89,TICUL,889,B,1,0,B,114,40,23,7,0,1,134,8,1,12,4,0,0,0,0,0,344,,11,355,556,GRUPO DE RECUENTO,,,
,31,YUCATAN,13,TICUL,89,TICUL,889,C,1,0,C01,102,32,14,7,7,6,177,4,0,16,2,0,0,0,0,0,367,,12,379,556,ACTA DE CASILLA,,,
,31,YUCATAN,13,TICUL,89,TICUL,890,B,1,0,B,115,41,15,2,3,8,156,8,5,17,0,0,0,0,0,0,370,,8,378,582,ACTA DE CASILLA,,,
,31,YUCATAN,13,TICUL,89,TICUL,890,C,1,0,C01,136,39,18,8,1,3,162,6,1,22,0,0,0,0,0,0,396,,11,407,582,ACTA DE CASILLA,,,
,31,YUCATAN,13,TICUL,89,TICUL,890,C,2,0,C02,114,38,18,5,1,6,160,6,2,9,1,0,0,0,0,0,360,1,6,367,582,ACTA DE CASILLA,,,
,31,YUCATAN,13,TICUL,89,TICUL,891,B,1,0,B,152,46,17,5,3,4,175,14,2,7,1,0,0,0,0,0,426,,,426,676,ACTA DE CASILLA,,,
,31,YUCATAN,13,TICUL,89,TICUL,891,C,1,0,C01,140,32,34,5,4,6,182,2,2,13,2,0,0,2,0,0,424,,14,438,676,ACTA DE CASILLA,,,
,31,YUCATAN,13,TICUL,89,TICUL,891,C,2,0,C02,141,45,31,3,7,2,187,7,3,6,0,0,0,1,0,0,433,,14,447,676,ACTA DE CASILLA,,,
,31,YUCATAN,13,TICUL,89,TICUL,892,B,1,0,B,120,41,35,1,4,1,111,3,1,6,3,0,0,3,0,0,329,,6,335,612,ACTA DE CASILLA,,,
,31,YUCATAN,13,TICUL,89,TICUL,892,C,1,0,C01,122,49,23,1,3,1,113,3,1,12,3,0,0,0,0,0,331,,9,340,611,ACTA DE CASILLA,,,
,31,YUCATAN,13,TICUL,89,TICUL,892,C,2,0,C02,133,46,34,7,0,4,98,6,1,6,2,0,0,0,0,0,337,,8,345,611,ACTA DE CASILLA,,,
,31,YUCATAN,13,TICUL,89,TICUL,893,B,1,0,B,155,45,27,3,1,2,154,9,0,17,0,0,0,0,0,0,413,1,10,424,629,GRUPO DE RECUENTO,,,
,31,YUCATAN,13,TICUL,89,TICUL,893,C,1,0,C01,155,32,44,9,0,1,162,7,0,10,6,0,0,0,0,0,426,1,11,438,629,GRUPO DE RECUENTO,,,
,31,YUCATAN,13,TICUL,89,TICUL,893,C,2,0,C02,22,4,7,1,0,1,32,1,0,1,0,0,0,0,0,0,69,,10,79,629,ACTA DE CASILLA,,,
,31,YUCATAN,13,TICUL,89,TICUL,893,S,1,0,SMR01,159,34,20,4,1,4,150,5,1,10,5,0,0,1,0,0,394,,1,395,0,GRUPO DE RECUENTO,,,
,31,YUCATAN,13,TICUL,89,TICUL,894,B,1,0,B,150,42,28,7,2,4,133,7,1,10,3,0,0,0,0,0,387,,10,397,637,ACTA DE CASILLA,,,
,31,YUCATAN,13,TICUL,89,TICUL,894,C,1,0,C01,149,53,30,6,2,4,117,2,0,9,1,0,0,0,0,0,373,,4,377,637,ACTA DE CASILLA,,,
,31,YUCATAN,13,TICUL,89,TICUL,894,C,2,0,C02,144,39,41,10,1,4,133,6,4,8,0,0,0,0,0,0,390,1,11,402,637,GRUPO DE RECUENTO,,,
,31,YUCATAN,13,TICUL,89,TICUL,895,B,1,0,B,163,44,27,3,4,3,137,3,0,10,0,0,0,1,0,0,395,,9,404,736,ACTA DE CASILLA,,,
,31,YUCATAN,13,TICUL,89,TICUL,895,C,1,0,C01,161,40,38,2,3,2,155,5,1,10,2,0,0,0,0,0,419,,11,430,735,GRUPO DE RECUENTO,,,
,31,YUCATAN,13,TICUL,89,TICUL,895,C,2,0,C02,168,33,31,1,2,5,152,2,3,17,0,0,0,1,0,0,415,,14,429,735,ACTA DE CASILLA,,,
,31,YUCATAN,13,TICUL,89,TICUL,896,B,1,0,B,160,36,16,26,0,1,83,5,0,11,2,0,0,0,0,0,340,,14,354,642,ACTA DE CASILLA,,,
,31,YUCATAN,13,TICUL,89,TICUL,896,C,1,0,C01,164,23,27,21,2,1,77,8,0,12,1,0,0,1,0,0,337,,10,347,642,ACTA DE CASILLA,,,
,31,YUCATAN,13,TICUL,89,TICUL,896,C,2,0,C02,150,29,21,14,3,1,77,9,2,15,1,0,0,0,0,0,322,,5,327,642,ACTA DE CASILLA,,,
,31,YUCATAN,13,TICUL,89,TICUL,897,B,1,0,B,195,60,8,2,2,2,64,4,0,6,1,0,0,0,0,0,344,,11,355,588,ACTA DE CASILLA,,,
,31,YUCATAN,13,TICUL,89,TICUL,897,C,1,0,C01,193,55,12,2,6,1,54,2,0,7,3,0,0,0,0,0,335,,5,340,587,ACTA DE CASILLA,,,
,31,YUCATAN,13,TICUL,89,TICUL,897,C,2,0,C02,172,52,7,5,2,5,80,4,1,6,4,0,0,0,0,0,338,,6,344,587,ACTA DE CASILLA,,,
,31,YUCATAN,6,KANASIN,90,TIMUCUY,898,B,1,0,B,186,236,4,14,0,115,37,0,1,7,1,0,0,0,0,0,601,0,10,611,673,GRUPO DE RECUENTO,,,
,31,YUCATAN,6,KANASIN,90,TIMUCUY,898,C,1,0,C01,188,197,21,0,0,97,70,1,1,5,1,0,0,0,0,0,581,0,8,589,672,ACTA DE CASILLA,,,
,31,YUCATAN,6,KANASIN,90,TIMUCUY,898,C,2,0,C02,240,198,22,3,2,89,41,1,1,7,1,0,0,0,0,0,605,0,7,612,672,ACTA DE CASILLA,,,
,31,YUCATAN,6,KANASIN,90,TIMUCUY,899,B,1,0,B,144,202,20,4,0,111,50,1,1,6,4,0,0,0,0,0,543,0,4,547,594,ACTA DE CASILLA,,,
,31,YUCATAN,6,KANASIN,90,TIMUCUY,899,C,1,0,C01,152,173,32,8,1,105,47,2,1,7,0,0,0,0,0,0,528,0,2,530,593,GRUPO DE RECUENTO,,,
,31,YUCATAN,6,KANASIN,90,TIMUCUY,899,E,1,0,E01,128,136,1,1,4,54,55,2,1,1,0,0,0,0,0,0,383,0,2,385,431,GRUPO DE RECUENTO,,,
,31,YUCATAN,6,KANASIN,90,TIMUCUY,899,E,1,1,E01C01,145,143,3,1,6,34,46,0,0,2,0,0,0,0,0,0,380,0,5,385,431,ACTA DE CASILLA,,,
,31,YUCATAN,6,KANASIN,90,TIMUCUY,900,B,1,0,B,180,179,4,1,1,96,27,1,0,0,0,0,0,0,0,0,489,6,6,501,520,ACTA DE CASILLA,,,
,31,YUCATAN,6,KANASIN,90,TIMUCUY,900,C,1,0,C01,185,161,1,2,1,78,37,0,1,0,0,0,0,0,0,0,466,0,9,475,520,ACTA DE CASILLA,,,
,31,YUCATAN,6,KANASIN,90,TIMUCUY,900,C,2,0,C02,189,143,2,1,2,82,31,2,4,0,0,0,0,0,0,0,456,0,0,456,520,GRUPO DE RECUENTO,,,
,31,YUCATAN,14,TECOH,91,TINUM,901,B,1,0,B,84,49,4,6,2,2,191,2,3,1,8,0,0,1,0,0,353,0,7,360,461,ACTA DE CASILLA,,,
,31,YUCATAN,14,TECOH,91,TINUM,901,C,1,0,C01,80,52,3,6,3,1,188,2,3,0,11,0,0,0,0,0,349,0,4,353,461,ACTA DE CASILLA,,,
,31,YUCATAN,14,TECOH,91,TINUM,902,B,1,0,B,72,62,5,5,5,1,350,3,3,1,12,0,0,0,0,0,519,0,14,533,656,ACTA DE CASILLA,,,
,31,YUCATAN,14,TECOH,91,TINUM,903,B,1,0,B,240,197,0,4,12,2,71,0,1,0,11,0,0,0,0,0,538,0,1,539,646,ACTA DE CASILLA,,,
,31,YUCATAN,14,TECOH,91,TINUM,903,C,1,0,C01,247,202,5,5,14,2,54,0,1,0,10,0,0,0,0,0,540,0,4,544,646,ACTA DE CASILLA,,,
,31,YUCATAN,14,TECOH,91,TINUM,903,C,2,0,C02,199,193,4,14,8,1,90,3,1,0,9,0,0,0,0,0,522,0,7,529,646,GRUPO DE RECUENTO,,,
,31,YUCATAN,14,TECOH,91,TINUM,903,C,3,0,C03,252,202,3,8,3,0,64,0,1,0,9,0,0,0,0,0,542,0,5,547,646,ACTA DE CASILLA,,,
,31,YUCATAN,14,TECOH,91,TINUM,904,B,1,0,B,274,187,0,4,2,0,75,0,0,1,7,0,0,0,0,0,550,0,0,550,665,ACTA DE CASILLA,,,
,31,YUCATAN,14,TECOH,91,TINUM,904,C,1,0,C01,267,196,3,4,2,3,62,2,1,0,7,0,0,0,0,0,547,0,0,547,665,ACTA DE CASILLA,,,
,31,YUCATAN,14,TECOH,91,TINUM,904,C,2,0,C02,2,0,0,4,0,0,1,0,0,0,0,0,0,0,0,0,7,0,5,12,665,ACTA DE CASILLA,,,
,31,YUCATAN,14,TECOH,91,TINUM,904,S,1,0,SMR01,263,198,1,6,6,2,73,0,0,1,7,0,0,0,0,0,557,0,0,557,0,ACTA DE CASILLA,,,
,31,YUCATAN,14,TECOH,91,TINUM,905,B,1,0,B,250,64,3,16,2,0,143,1,2,0,23,0,0,0,0,0,504,1,8,513,585,ACTA DE CASILLA,,,
,31,YUCATAN,14,TECOH,91,TINUM,905,C,1,0,C01,214,81,2,5,3,0,161,3,3,0,20,0,0,1,0,0,493,0,15,508,585,ACTA DE CASILLA,,,
,31,YUCATAN,14,TECOH,91,TINUM,906,B,1,0,B,148,112,3,4,1,1,85,0,1,0,13,0,0,0,0,0,368,0,5,373,431,ACTA DE CASILLA,,,
,31,YUCATAN,14,TECOH,91,TINUM,907,B,1,0,B,191,143,4,5,5,1,102,0,5,0,20,0,0,0,0,0,476,0,8,484,559,ACTA DE CASILLA,,,
,31,YUCATAN,14,TECOH,91,TINUM,907,C,1,0,C01,205,167,2,5,8,0,63,1,4,0,25,0,0,0,0,0,480,0,15,495,558,ACTA DE CASILLA,,,
,31,YUCATAN,11,VALLADOLID,92,TIXCACALCUPUL,908,B,1,0,B,195,254,1,2,1,5,121,30,3,0,3,0,0,0,0,0,615,0,4,619,723,ACTA DE CASILLA,,,
,31,YUCATAN,11,VALLADOLID,92,TIXCACALCUPUL,908,C,1,0,C01,211,269,3,2,2,6,104,28,2,1,0,0,0,0,0,0,628,0,4,632,723,ACTA DE CASILLA,,,
,31,YUCATAN,11,VALLADOLID,92,TIXCACALCUPUL,909,B,1,0,B,185,252,0,2,2,2,80,0,0,0,6,0,0,0,0,0,529,0,4,533,627,ACTA DE CASILLA,,,
,31,YUCATAN,11,VALLADOLID,92,TIXCACALCUPUL,909,C,1,0,C01,203,249,4,3,5,7,52,10,2,2,0,0,0,0,0,0,537,0,5,542,627,ACTA DE CASILLA,,,
,31,YUCATAN,11,VALLADOLID,92,TIXCACALCUPUL,910,B,1,0,B,190,268,1,6,2,1,65,8,2,1,0,0,0,0,0,0,544,,2,546,600,GRUPO DE RECUENTO,,,
,31,YUCATAN,11,VALLADOLID,92,TIXCACALCUPUL,911,B,1,0,B,220,247,2,4,1,0,33,5,1,0,0,0,0,2,0,0,515,,6,521,583,ACTA DE CASILLA,,,
,31,YUCATAN,11,VALLADOLID,92,TIXCACALCUPUL,911,C,1,0,C01,169,299,0,1,0,0,54,3,0,1,0,0,0,0,0,0,527,0,2,529,583,ACTA DE CASILLA,,,
,31,YUCATAN,11,VALLADOLID,92,TIXCACALCUPUL,911,C,2,0,C02,209,271,2,2,1,0,37,4,0,1,0,0,0,0,0,0,527,,4,531,583,ACTA DE CASILLA,,,
,31,YUCATAN,15,IZAMAL,93,TIXKOKOB,912,B,1,0,B,79,114,1,42,1,5,113,3,0,22,95,0,0,1,0,0,476,0,14,490,644,ACTA DE CASILLA,,,
,31,YUCATAN,15,IZAMAL,93,TIXKOKOB,912,C,1,0,C01,106,115,1,40,4,3,108,2,2,16,84,0,0,0,0,0,481,0,16,497,644,ACTA DE CASILLA,,,
,31,YUCATAN,15,IZAMAL,93,TIXKOKOB,913,B,1,0,B,86,102,2,39,2,3,141,3,1,22,63,0,0,1,0,0,465,0,6,471,650,ACTA DE CASILLA,,,
,31,YUCATAN,15,IZAMAL,93,TIXKOKOB,913,C,1,0,C01,73,136,1,37,2,2,101,0,2,23,84,0,0,6,0,0,467,0,14,481,650,GRUPO DE RECUENTO,,,
,31,YUCATAN,15,IZAMAL,93,TIXKOKOB,913,C,2,0,C02,76,114,1,21,1,1,120,1,2,22,103,0,0,0,0,0,462,,15,477,650,GRUPO DE RECUENTO,,,
,31,YUCATAN,15,IZAMAL,93,TIXKOKOB,914,B,1,0,B,83,170,4,39,4,4,128,1,1,24,99,0,0,3,0,0,560,0,22,582,740,GRUPO DE RECUENTO,,,
,31,YUCATAN,15,IZAMAL,93,TIXKOKOB,914,C,1,0,C01,164,201,0,21,5,7,142,2,0,30,0,0,0,0,0,0,572,,18,590,740,ACTA DE CASILLA,,,
,31,YUCATAN,15,IZAMAL,93,TIXKOKOB,915,B,1,0,B,78,83,0,23,1,4,121,2,1,14,104,0,0,5,0,0,436,0,21,457,617,GRUPO DE RECUENTO,,,
,31,YUCATAN,15,IZAMAL,93,TIXKOKOB,915,C,1,0,C01,70,126,0,23,0,8,100,3,0,11,100,0,0,2,0,0,443,0,7,450,617,GRUPO DE RECUENTO,,,
,31,YUCATAN,15,IZAMAL,93,TIXKOKOB,916,B,1,0,B,66,157,1,24,2,2,104,0,2,25,51,0,0,3,0,0,437,0,16,453,617,ACTA DE CASILLA,,,
,31,YUCATAN,15,IZAMAL,93,TIXKOKOB,916,C,1,0,C01,68,118,1,38,3,0,126,0,2,16,65,0,0,1,0,0,438,0,7,445,617,ACTA DE CASILLA,,,
,31,YUCATAN,15,IZAMAL,93,TIXKOKOB,916,C,2,0,C02,65,141,0,27,1,3,101,3,1,15,76,0,0,0,0,0,433,1,7,441,616,ACTA DE CASILLA,,,
,31,YUCATAN,15,IZAMAL,93,TIXKOKOB,917,B,1,0,B,72,123,2,26,3,6,117,2,1,12,71,0,0,0,0,0,435,0,10,445,596,ACTA DE CASILLA,,,
,31,YUCATAN,15,IZAMAL,93,TIXKOKOB,917,C,1,0,C01,53,86,1,20,1,8,125,2,3,12,80,0,0,3,0,0,394,0,15,409,596,ACTA DE CASILLA,,,
,31,YUCATAN,15,IZAMAL,93,TIXKOKOB,917,E,1,0,E01,67,101,1,6,2,2,170,1,1,16,63,0,0,0,0,0,430,,21,451,519,ACTA DE CASILLA,,,
,31,YUCATAN,15,IZAMAL,93,TIXKOKOB,918,B,1,0,B,67,96,4,34,4,24,109,2,2,31,100,0,0,3,0,0,476,0,14,490,627,ACTA DE CASILLA,,,
,31,YUCATAN,15,IZAMAL,93,TIXKOKOB,918,C,1,0,C01,87,118,4,84,2,24,105,0,1,27,14,0,0,2,0,0,468,1,16,485,627,GRUPO DE RECUENTO,,,
,31,YUCATAN,15,IZAMAL,93,TIXKOKOB,919,B,1,0,B,61,93,1,40,3,3,105,1,4,4,100,0,0,1,0,0,416,0,6,422,500,ACTA DE CASILLA,,,
,31,YUCATAN,15,IZAMAL,93,TIXKOKOB,919,C,1,0,C01,43,86,3,39,2,1,118,0,4,21,111,0,0,6,0,0,434,0,3,437,499,ACTA DE CASILLA,,,
,31,YUCATAN,15,IZAMAL,93,TIXKOKOB,920,B,1,0,B,54,90,1,101,2,2,163,1,4,6,84,0,0,11,0,0,519,0,11,530,666,ACTA DE CASILLA,,,
,31,YUCATAN,15,IZAMAL,93,TIXKOKOB,920,C,1,0,C01,47,86,2,111,2,6,167,0,1,5,74,0,0,10,0,0,511,0,11,522,666,ACTA DE CASILLA,,,
,31,YUCATAN,15,IZAMAL,93,TIXKOKOB,920,C,2,0,C02,68,82,4,114,7,12,154,2,1,10,81,0,0,0,0,0,535,0,8,543,666,GRUPO DE RECUENTO,,,
,31,YUCATAN,15,IZAMAL,93,TIXKOKOB,921,B,1,0,B,27,102,0,33,0,4,47,2,1,7,48,0,0,1,0,0,272,0,6,278,315,ACTA DE CASILLA,,,
,31,YUCATAN,12,TEKAX,94,TIXMEHUAC,922,B,1,0,B,42,164,106,5,1,1,18,0,0,1,127,0,2,0,0,0,467,0,2,469,519,ACTA DE CASILLA,,,
,31,YUCATAN,12,TEKAX,94,TIXMEHUAC,922,C,1,0,C01,40,188,105,9,1,1,19,0,0,0,92,0,0,0,0,0,455,0,2,457,519,ACTA DE CASILLA,,,
,31,YUCATAN,12,TEKAX,94,TIXMEHUAC,923,B,1,0,B,37,212,163,16,1,1,16,2,0,0,96,0,0,0,0,0,544,0,3,547,594,ACTA DE CASILLA,,,
,31,YUCATAN,12,TEKAX,94,TIXMEHUAC,923,C,1,0,C01,28,246,163,3,0,0,18,0,1,3,63,0,0,0,0,0,525,0,2,527,594,ACTA DE CASILLA,,,
,31,YUCATAN,12,TEKAX,94,TIXMEHUAC,924,B,1,0,B,16,320,125,7,0,0,7,0,1,0,58,0,0,0,0,0,534,0,1,535,566,ACTA DE CASILLA,,,
,31,YUCATAN,12,TEKAX,94,TIXMEHUAC,925,B,1,0,B,10,380,164,11,0,0,2,0,0,0,46,0,0,0,0,0,613,0,1,614,655,ACTA DE CASILLA,,,
,31,YUCATAN,12,TEKAX,94,TIXMEHUAC,925,C,1,0,C01,8,323,203,0,0,0,4,0,0,0,46,0,0,0,0,0,584,0,3,587,654,ACTA DE CASILLA,,,
,31,YUCATAN,6,KANASIN,95,TIXPEHUAL,926,B,1,0,B,67,40,59,11,0,36,149,1,0,10,1,0,0,0,0,0,374,1,14,389,449,ACTA DE CASILLA,,,
,31,YUCATAN,6,KANASIN,95,TIXPEHUAL,926,C,1,0,C01,94,45,60,14,1,26,144,2,0,8,0,0,0,0,0,0,394,0,4,398,448,ACTA DE CASILLA,,,
,31,YUCATAN,6,KANASIN,95,TIXPEHUAL,927,B,1,0,B,112,56,29,8,1,25,101,1,1,5,3,0,0,0,0,0,342,0,8,350,391,ACTA DE CASILLA,,,
,31,YUCATAN,6,KANASIN,95,TIXPEHUAL,928,B,1,0,B,138,52,72,26,2,38,212,2,1,14,2,0,0,0,0,0,559,0,5,564,674,GRUPO DE RECUENTO,,,
,31,YUCATAN,6,KANASIN,95,TIXPEHUAL,928,C,1,0,C01,113,65,74,6,0,43,211,2,1,23,0,0,0,0,0,0,538,0,18,556,673,ACTA DE CASILLA,,,
,31,YUCATAN,6,KANASIN,95,TIXPEHUAL,928,C,2,0,C02,156,54,67,18,5,52,187,2,0,12,5,0,0,0,0,0,558,0,6,564,673,GRUPO DE RECUENTO,,,
,31,YUCATAN,6,KANASIN,95,TIXPEHUAL,929,B,1,0,B,115,28,21,6,2,50,158,2,3,9,1,0,0,0,0,0,395,0,18,413,467,ACTA DE CASILLA,,,
,31,YUCATAN,6,KANASIN,95,TIXPEHUAL,930,B,1,0,B,101,23,24,5,1,13,83,0,2,9,0,0,0,0,0,0,261,0,5,266,316,ACTA DE CASILLA,,,
,31,YUCATAN,6,KANASIN,95,TIXPEHUAL,931,B,1,0,B,74,55,56,4,1,3,154,1,1,7,2,0,0,0,0,0,358,0,13,371,417,ACTA DE CASILLA,,,
,31,YUCATAN,10,TIZIMIN,96,TIZIMIN,932,B,1,0,B,222,113,1,1,0,2,92,3,2,1,4,0,0,0,0,0,441,,17,458,725,ACTA DE CASILLA,,,
,31,YUCATAN,10,TIZIMIN,96,TIZIMIN,932,C,1,0,C01,270,109,0,0,4,4,79,10,1,3,1,0,0,0,0,0,481,,11,492,725,GRUPO DE RECUENTO,,,
,31,YUCATAN,10,TIZIMIN,96,TIZIMIN,933,B,1,0,B,161,82,2,1,1,5,63,4,2,1,0,0,0,0,0,0,322,0,8,330,517,ACTA DE CASILLA,,,
,31,YUCATAN,10,TIZIMIN,96,TIZIMIN,933,C,1,0,C01,149,83,0,1,3,4,77,3,1,3,0,0,0,0,0,0,324,0,4,328,516,ACTA DE CASILLA,,,
,31,YUCATAN,10,TIZIMIN,96,TIZIMIN,933,C,2,0,C02,162,69,3,1,3,4,70,3,1,3,1,0,0,0,0,0,320,0,10,330,516,ACTA DE CASILLA,,,
,31,YUCATAN,10,TIZIMIN,96,TIZIMIN,934,B,1,0,B,129,107,4,1,2,9,79,4,1,2,3,0,0,0,0,0,341,0,14,355,571,ACTA DE CASILLA,,,
,31,YUCATAN,10,TIZIMIN,96,TIZIMIN,934,C,1,0,C01,173,96,1,0,1,6,77,0,4,2,3,0,0,0,0,0,363,0,8,371,571,GRUPO DE RECUENTO,,,
,31,YUCATAN,10,TIZIMIN,96,TIZIMIN,935,B,1,0,B,223,156,0,1,3,12,115,1,0,3,2,0,0,0,0,0,516,0,8,524,746,GRUPO DE RECUENTO,,,
,31,YUCATAN,10,TIZIMIN,96,TIZIMIN,935,C,1,0,C01,212,127,1,2,4,14,122,3,2,3,3,0,0,0,0,0,493,0,7,500,745,ACTA DE CASILLA,,,
,31,YUCATAN,10,TIZIMIN,96,TIZIMIN,935,C,2,0,C02,214,126,1,2,1,16,123,2,1,0,6,0,0,0,0,0,492,1,11,504,745,ACTA DE CASILLA,,,
,31,YUCATAN,10,TIZIMIN,96,TIZIMIN,935,C,3,0,C03,230,122,2,2,4,13,109,2,0,6,9,0,0,0,0,0,499,,8,507,745,GRUPO DE RECUENTO,,,
,31,YUCATAN,10,TIZIMIN,96,TIZIMIN,936,B,1,0,B,161,67,1,1,1,2,69,6,1,2,0,0,0,0,0,0,311,0,5,316,473,ACTA DE CASILLA,,,
,31,YUCATAN,10,TIZIMIN,96,TIZIMIN,936,C,1,0,C01,122,93,1,1,0,4,68,1,2,2,1,0,0,0,0,0,295,0,7,302,472,GRUPO DE RECUENTO,,,
,31,YUCATAN,10,TIZIMIN,96,TIZIMIN,936,E,1,0,E01,82,43,0,0,0,0,13,0,0,0,1,0,0,0,0,0,139,0,0,139,167,ACTA DE CASILLA,,,
,31,YUCATAN,10,TIZIMIN,96,TIZIMIN,937,B,1,0,B,170,98,2,2,3,9,107,0,3,4,3,0,0,0,0,0,401,0,4,405,586,ACTA DE CASILLA,,,
,31,YUCATAN,10,TIZIMIN,96,TIZIMIN,937,C,1,0,C01,177,79,0,0,0,4,111,6,0,1,1,0,0,0,0,0,379,0,4,383,586,GRUPO DE RECUENTO,,,
,31,YUCATAN,10,TIZIMIN,96,TIZIMIN,937,C,2,0,C02,162,85,3,1,4,6,99,9,1,5,2,0,0,0,0,0,377,,9,386,585,GRUPO DE RECUENTO,,,
,31,YUCATAN,10,TIZIMIN,96,TIZIMIN,938,B,1,0,B,136,88,0,1,3,11,102,3,0,1,1,0,0,0,0,0,346,0,9,355,528,ACTA DE CASILLA,,,
,31,YUCATAN,10,TIZIMIN,96,TIZIMIN,938,C,1,0,C01,160,99,2,1,0,6,69,1,2,2,2,0,0,0,0,0,344,0,7,351,528,ACTA DE CASILLA,,,
,31,YUCATAN,10,TIZIMIN,96,TIZIMIN,938,C,2,0,C02,126,94,1,1,0,11,88,1,1,1,3,0,0,0,0,0,327,0,7,334,527,ACTA DE CASILLA,,,
,31,YUCATAN,10,TIZIMIN,96,TIZIMIN,939,B,1,0,B,196,136,1,3,1,6,89,5,0,5,0,0,0,0,0,0,442,0,15,457,745,GRUPO DE RECUENTO,,,
,31,YUCATAN,10,TIZIMIN,96,TIZIMIN,939,C,1,0,C01,178,165,0,0,2,5,113,14,1,3,0,0,0,0,0,0,481,0,15,496,744,ACTA DE CASILLA,,,
,31,YUCATAN,10,TIZIMIN,96,TIZIMIN,940,B,1,0,B,158,97,0,2,0,6,88,2,0,4,0,0,0,0,0,0,357,0,9,366,513,ACTA DE CASILLA,,,
,31,YUCATAN,10,TIZIMIN,96,TIZIMIN,940,C,1,0,C01,118,128,0,2,1,19,94,3,1,1,5,0,0,0,0,0,372,0,7,379,513,ACTA DE CASILLA,,,
,31,YUCATAN,10,TIZIMIN,96,TIZIMIN,941,B,1,0,B,210,95,1,0,3,7,74,4,0,8,4,0,0,0,0,0,406,,6,412,647,GRUPO DE RECUENTO,,,
,31,YUCATAN,10,TIZIMIN,96,TIZIMIN,941,C,1,0,C01,196,98,4,2,0,5,76,6,0,2,0,0,0,0,0,0,389,0,6,395,646,ACTA DE CASILLA,,,
,31,YUCATAN,10,TIZIMIN,96,TIZIMIN,942,B,1,0,B,210,95,1,0,3,7,74,4,0,8,4,0,0,0,0,0,406,0,6,412,580,GRUPO DE RECUENTO,,,
,31,YUCATAN,10,TIZIMIN,96,TIZIMIN,942,C,1,0,C01,149,107,3,0,0,7,109,8,4,1,1,0,0,0,0,0,389,0,6,395,580,ACTA DE CASILLA,,,
,31,YUCATAN,10,TIZIMIN,96,TIZIMIN,943,B,1,0,B,196,129,3,1,0,13,120,3,0,2,3,0,0,0,0,0,470,0,16,486,707,ACTA DE CASILLA,,,
,31,YUCATAN,10,TIZIMIN,96,TIZIMIN,944,B,1,0,B,100,95,0,2,0,7,63,2,1,0,2,0,0,0,0,0,272,0,3,275,390,ACTA DE CASILLA,,,
,31,YUCATAN,10,TIZIMIN,96,TIZIMIN,944,C,1,0,C01,94,71,1,1,1,8,75,3,0,1,1,0,0,0,0,0,256,0,3,259,390,ACTA DE CASILLA,,,
,31,YUCATAN,10,TIZIMIN,96,TIZIMIN,945,B,1,0,B,168,87,1,1,1,7,115,3,2,2,2,0,0,0,0,0,389,,4,393,728,GRUPO DE RECUENTO,,,
,31,YUCATAN,10,TIZIMIN,96,TIZIMIN,945,C,1,0,C01,190,123,1,3,2,12,125,7,1,0,0,0,0,0,0,0,464,0,12,476,727,ACTA DE CASILLA,,,
,31,YUCATAN,10,TIZIMIN,96,TIZIMIN,946,B,1,0,B,201,107,2,0,13,5,106,9,0,0,0,0,0,0,0,0,443,0,5,448,695,ACTA DE CASILLA,,,
,31,YUCATAN,10,TIZIMIN,96,TIZIMIN,946,C,1,0,C01,197,98,3,2,2,5,88,14,1,4,2,0,0,0,0,0,416,,8,424,695,GRUPO DE RECUENTO,,,
,31,YUCATAN,10,TIZIMIN,96,TIZIMIN,946,C,2,0,C02,165,112,4,0,3,8,120,7,3,0,0,0,0,0,0,0,422,0,8,430,694,ACTA DE CASILLA,,,
,31,YUCATAN,10,TIZIMIN,96,TIZIMIN,947,B,1,0,B,192,85,2,1,3,2,69,3,2,1,1,0,0,0,0,0,361,0,9,370,528,GRUPO DE RECUENTO,,,
,31,YUCATAN,10,TIZIMIN,96,TIZIMIN,947,C,1,0,C01,160,78,3,1,1,5,78,5,2,1,0,0,0,0,0,0,334,0,12,346,527,ACTA DE CASILLA,,,
,31,YUCATAN,10,TIZIMIN,96,TIZIMIN,947,C,2,0,C02,175,87,1,1,2,5,63,3,2,3,2,0,0,0,0,0,344,0,3,347,527,ACTA DE CASILLA,,,
,31,YUCATAN,10,TIZIMIN,96,TIZIMIN,948,B,1,0,B,202,135,2,1,2,7,111,0,1,4,1,0,0,0,0,0,466,,14,480,722,GRUPO DE RECUENTO,,,
,31,YUCATAN,10,TIZIMIN,96,TIZIMIN,948,C,1,0,C01,210,115,3,2,2,7,115,3,3,2,3,0,0,0,0,0,465,0,10,475,722,ACTA DE CASILLA,,,
,31,YUCATAN,10,TIZIMIN,96,TIZIMIN,949,B,1,0,B,130,98,1,0,2,4,99,4,1,0,1,0,0,0,0,0,340,,6,346,511,ACTA DE CASILLA,,,
,31,YUCATAN,10,TIZIMIN,96,TIZIMIN,949,C,1,0,C01,120,84,4,0,2,6,85,4,0,2,0,0,0,0,0,0,307,0,11,318,510,GRUPO DE RECUENTO,,,
,31,YUCATAN,10,TIZIMIN,96,TIZIMIN,949,C,2,0,C02,145,82,1,0,0,8,79,3,2,1,2,0,0,0,0,0,323,0,13,336,510,ACTA DE CASILLA,,,
,31,YUCATAN,10,TIZIMIN,96,TIZIMIN,950,B,1,0,B,159,104,3,0,2,9,77,4,0,2,1,0,0,0,0,0,361,0,7,368,549,GRUPO DE RECUENTO,,,
,31,YUCATAN,10,TIZIMIN,96,TIZIMIN,950,C,1,0,C01,161,102,0,1,2,5,86,1,2,1,0,0,0,0,0,0,361,1,8,370,548,ACTA DE CASILLA,,,
,31,YUCATAN,10,TIZIMIN,96,TIZIMIN,951,B,1,0,B,115,70,1,3,1,9,77,5,2,1,0,0,0,0,0,0,284,0,8,292,428,ACTA DE CASILLA,,,
,31,YUCATAN,10,TIZIMIN,96,TIZIMIN,951,C,1,0,C01,104,96,0,2,1,4,86,6,1,3,3,0,0,0,0,0,306,0,7,313,427,ACTA DE CASILLA,,,
,31,YUCATAN,10,TIZIMIN,96,TIZIMIN,952,B,1,0,B,157,77,1,1,0,6,61,2,1,2,2,0,0,0,0,0,310,0,5,315,507,ACTA DE CASILLA,,,
,31,YUCATAN,10,TIZIMIN,96,TIZIMIN,952,C,1,0,C01,131,80,4,1,1,8,87,2,0,0,1,0,0,0,0,0,315,0,3,318,507,ACTA DE CASILLA,,,
,31,YUCATAN,10,TIZIMIN,96,TIZIMIN,952,C,2,0,C02,139,90,1,0,1,3,65,1,1,2,3,0,0,0,0,0,306,0,11,317,507,GRUPO DE RECUENTO,,,
,31,YUCATAN,10,TIZIMIN,96,TIZIMIN,953,B,1,0,B,259,89,1,1,2,5,84,0,2,2,3,0,0,0,0,0,448,0,9,457,703,ACTA DE CASILLA,,,
,31,YUCATAN,10,TIZIMIN,96,TIZIMIN,953,C,1,0,C01,208,93,3,2,2,8,90,3,0,1,4,0,0,0,0,0,414,0,14,428,702,ACTA DE CASILLA,,,
,31,YUCATAN,10,TIZIMIN,96,TIZIMIN,953,C,2,0,C02,212,99,1,2,1,5,103,2,1,2,0,0,0,0,0,0,428,0,8,436,702,ACTA DE CASILLA,,,
,31,YUCATAN,10,TIZIMIN,96,TIZIMIN,954,B,1,0,B,199,80,1,1,3,8,81,4,0,2,1,0,0,0,0,0,380,,14,394,606,GRUPO DE RECUENTO,,,
,31,YUCATAN,10,TIZIMIN,96,TIZIMIN,954,C,1,0,C01,168,97,3,1,1,8,60,1,2,1,4,0,0,0,0,0,346,0,3,349,605,ACTA DE CASILLA,,,
,31,YUCATAN,10,TIZIMIN,96,TIZIMIN,954,C,2,0,C02,181,97,3,2,2,7,79,2,0,3,2,0,0,0,0,0,378,0,9,387,605,GRUPO DE RECUENTO,,,
,31,YUCATAN,10,TIZIMIN,96,TIZIMIN,955,B,1,0,B,192,88,3,1,0,2,74,7,1,0,1,0,0,0,0,0,369,0,2,371,568,ACTA DE CASILLA,,,
,31,YUCATAN,10,TIZIMIN,96,TIZIMIN,955,C,1,0,C01,178,93,0,3,0,5,58,2,0,0,1,0,0,0,0,0,340,,8,348,567,GRUPO DE RECUENTO,,,
,31,YUCATAN,10,TIZIMIN,96,TIZIMIN,955,C,2,0,C02,199,76,2,1,0,3,58,3,0,1,4,0,0,0,0,0,347,0,5,352,567,GRUPO DE RECUENTO,,,
,31,YUCATAN,10,TIZIMIN,96,TIZIMIN,956,B,1,0,B,198,69,5,1,1,11,81,3,1,3,2,0,0,0,0,0,375,0,11,386,605,ACTA DE CASILLA,,,
,31,YUCATAN,10,TIZIMIN,96,TIZIMIN,956,C,1,0,C01,207,59,5,0,0,4,69,4,0,3,1,0,0,0,0,0,352,0,11,363,605,ACTA DE CASILLA,,,
,31,YUCATAN,10,TIZIMIN,96,TIZIMIN,956,C,2,0,C02,173,85,8,1,0,12,84,3,2,1,1,0,0,0,0,0,370,,13,383,605,GRUPO DE RECUENTO,,,
,31,YUCATAN,10,TIZIMIN,96,TIZIMIN,957,B,1,0,B,216,125,3,1,3,3,68,4,1,2,0,0,0,0,0,0,426,0,7,433,667,ACTA DE CASILLA,,,
,31,YUCATAN,10,TIZIMIN,96,TIZIMIN,957,C,1,0,C01,221,114,0,1,5,4,67,7,1,0,1,0,0,0,0,0,421,0,4,425,666,ACTA DE CASILLA,,,
,31,YUCATAN,10,TIZIMIN,96,TIZIMIN,958,B,1,0,B,184,179,0,1,4,2,109,4,0,0,0,0,0,0,0,0,483,0,9,492,651,ACTA DE CASILLA,,,
,31,YUCATAN,10,TIZIMIN,96,TIZIMIN,958,C,1,0,C01,228,194,1,1,4,2,72,2,1,0,1,0,0,0,0,0,506,0,12,518,650,ACTA DE CASILLA,,,
,31,YUCATAN,10,TIZIMIN,96,TIZIMIN,959,B,1,0,B,165,185,3,0,3,2,78,18,2,3,3,0,0,0,0,0,462,,13,475,590,ACTA DE CASILLA,,,
,31,YUCATAN,10,TIZIMIN,96,TIZIMIN,959,C,1,0,C01,178,171,4,0,7,2,65,13,1,2,0,0,0,0,0,0,443,0,10,453,590,GRUPO DE RECUENTO,,,
,31,YUCATAN,10,TIZIMIN,96,TIZIMIN,959,C,2,0,C02,213,151,4,0,7,2,75,9,0,1,1,0,0,0,0,0,463,,,463,589,ACTA DE CASILLA,,,
,31,YUCATAN,10,TIZIMIN,96,TIZIMIN,960,B,1,0,B,154,68,0,2,3,4,32,1,1,2,0,0,0,0,0,0,267,0,4,271,383,ACTA DE CASILLA,,,
,31,YUCATAN,10,TIZIMIN,96,TIZIMIN,960,C,1,0,C01,143,107,0,0,2,4,18,3,0,0,0,0,0,0,0,0,277,,3,280,383,ACTA DE CASILLA,,,
,31,YUCATAN,10,TIZIMIN,96,TIZIMIN,960,E,1,0,E01,112,58,1,0,1,1,19,0,1,0,3,0,0,0,0,0,196,,1,197,221,ACTA DE CASILLA,,,
,31,YUCATAN,10,TIZIMIN,96,TIZIMIN,961,B,1,0,B,175,107,2,0,5,4,87,3,0,0,0,0,0,0,0,0,383,0,10,393,531,ACTA DE CASILLA,,,
,31,YUCATAN,10,TIZIMIN,96,TIZIMIN,961,C,1,0,C01,166,117,3,1,10,5,65,2,1,0,0,0,0,0,0,0,370,0,8,378,531,ACTA DE CASILLA,,,
,31,YUCATAN,10,TIZIMIN,96,TIZIMIN,962,B,1,0,B,110,33,0,0,3,0,4,0,0,1,0,0,0,0,0,0,151,0,2,153,210,ACTA DE CASILLA,,,
,31,YUCATAN,10,TIZIMIN,96,TIZIMIN,963,B,1,0,B,94,69,1,1,0,0,10,1,1,0,0,0,0,0,0,0,177,0,5,182,231,ACTA DE CASILLA,,,
,31,YUCATAN,10,TIZIMIN,96,TIZIMIN,964,B,1,0,B,161,114,1,0,2,1,119,9,1,2,2,0,0,0,0,0,412,0,12,424,540,ACTA DE CASILLA,,,
,31,YUCATAN,10,TIZIMIN,96,TIZIMIN,964,C,1,0,C01,164,106,3,0,1,2,110,14,1,4,1,0,0,0,0,0,406,,13,419,540,GRUPO DE RECUENTO,,,
,31,YUCATAN,10,TIZIMIN,96,TIZIMIN,965,B,1,0,B,162,183,1,2,0,4,56,3,1,5,1,0,0,0,0,0,418,0,7,425,577,GRUPO DE RECUENTO,,,
,31,YUCATAN,10,TIZIMIN,96,TIZIMIN,966,B,1,0,B,127,113,0,0,3,1,121,4,3,1,2,0,0,0,0,0,375,0,9,384,521,ACTA DE CASILLA,,,
,31,YUCATAN,10,TIZIMIN,96,TIZIMIN,966,C,1,0,C01,180,87,5,1,1,1,86,1,3,0,0,0,0,0,0,0,365,0,8,373,521,ACTA DE CASILLA,,,
,31,YUCATAN,10,TIZIMIN,96,TIZIMIN,966,C,2,0,C02,138,77,3,2,2,2,114,1,0,0,2,0,0,0,0,0,341,0,11,352,520,ACTA DE CASILLA,,,
,31,YUCATAN,10,TIZIMIN,96,TIZIMIN,967,B,1,0,B,102,77,1,0,0,2,106,3,0,1,0,0,0,0,0,0,292,0,4,296,448,ACTA DE CASILLA,,,
,31,YUCATAN,10,TIZIMIN,96,TIZIMIN,968,B,1,0,B,231,90,2,3,2,4,81,1,2,3,4,0,0,0,0,0,423,0,7,430,610,ACTA DE CASILLA,,,
,31,YUCATAN,10,TIZIMIN,96,TIZIMIN,968,C,1,0,C01,184,104,3,2,1,1,105,4,1,3,0,0,0,0,0,0,408,0,11,419,610,ACTA DE CASILLA,,,
,31,YUCATAN,10,TIZIMIN,96,TIZIMIN,969,B,1,0,B,176,161,0,1,3,1,116,1,1,2,0,0,0,0,0,0,462,,14,476,611,ACTA DE CASILLA,,,
,31,YUCATAN,10,TIZIMIN,96,TIZIMIN,969,C,1,0,C01,137,165,2,1,2,2,113,3,2,1,9,0,0,0,0,0,437,0,8,445,611,ACTA DE CASILLA,,,
,31,YUCATAN,10,TIZIMIN,96,TIZIMIN,970,B,1,0,B,285,87,1,0,2,4,84,1,2,1,2,0,0,0,0,0,469,0,7,476,714,ACTA DE CASILLA,,,
,31,YUCATAN,10,TIZIMIN,96,TIZIMIN,970,C,1,0,C01,279,127,2,4,4,0,53,3,1,3,1,0,0,0,0,0,477,0,7,484,714,ACTA DE CASILLA,,,
,31,YUCATAN,10,TIZIMIN,96,TIZIMIN,970,C,2,0,C02,266,104,3,0,2,3,77,3,1,0,7,0,0,0,0,0,466,0,8,474,714,ACTA DE CASILLA,,,
,31,YUCATAN,10,TIZIMIN,96,TIZIMIN,971,B,1,0,B,259,140,1,1,1,0,25,2,1,0,3,0,0,0,0,0,433,,10,443,600,GRUPO DE RECUENTO,,,
,31,YUCATAN,10,TIZIMIN,96,TIZIMIN,971,C,1,0,C01,234,154,0,3,4,0,50,1,1,0,1,0,0,0,0,0,448,,6,454,600,ACTA DE CASILLA,,,
,31,YUCATAN,10,TIZIMIN,96,TIZIMIN,971,C,2,0,C02,232,148,1,1,3,0,35,1,1,1,1,0,0,0,0,0,424,,3,427,600,GRUPO DE RECUENTO,,,
,31,YUCATAN,10,TIZIMIN,96,TIZIMIN,972,B,1,0,B,235,192,0,1,0,2,31,0,4,3,1,0,0,0,0,0,469,,24,493,694,ACTA DE CASILLA,,,
,31,YUCATAN,10,TIZIMIN,96,TIZIMIN,972,C,1,0,C01,230,200,1,3,1,3,25,2,1,1,2,0,0,0,0,0,469,0,9,478,694,ACTA DE CASILLA,,,
,31,YUCATAN,10,TIZIMIN,96,TIZIMIN,972,C,2,0,C02,253,169,1,1,0,2,56,1,0,3,2,0,0,0,0,0,488,0,6,494,694,GRUPO DE RECUENTO,,,
,31,YUCATAN,10,TIZIMIN,96,TIZIMIN,972,C,3,0,C03,268,156,2,1,2,0,45,1,0,2,1,0,0,0,0,0,478,,6,484,694,GRUPO DE RECUENTO,,,
,31,YUCATAN,15,IZAMAL,97,TUNKAS,973,B,1,0,B,216,11,0,0,0,45,103,0,4,1,3,0,0,0,0,0,383,0,4,387,423,ACTA DE CASILLA,,,
,31,YUCATAN,15,IZAMAL,97,TUNKAS,973,C,1,0,C01,788,5,0,0,0,50,129,0,2,3,2,0,0,0,0,0,979,,3,982,422,GRUPO DE RECUENTO,,,
,31,YUCATAN,15,IZAMAL,97,TUNKAS,974,B,1,0,B,184,9,0,0,0,77,131,0,0,7,0,0,0,0,0,0,408,0,7,415,481,ACTA DE CASILLA,,,
,31,YUCATAN,15,IZAMAL,97,TUNKAS,974,C,1,0,C01,194,11,0,0,1,83,104,1,1,5,1,0,0,0,0,0,401,0,1,402,481,ACTA DE CASILLA,,,
,31,YUCATAN,15,IZAMAL,97,TUNKAS,975,B,1,0,B,167,25,1,0,3,99,131,1,2,4,0,0,0,0,0,0,433,0,9,442,517,GRUPO DE RECUENTO,,,
,31,YUCATAN,15,IZAMAL,97,TUNKAS,975,C,1,0,C01,176,21,2,2,0,90,123,1,1,1,0,0,0,0,0,0,417,,5,422,516,ACTA DE CASILLA,,,
,31,YUCATAN,15,IZAMAL,97,TUNKAS,976,B,1,0,B,51,1,0,0,0,24,41,0,1,0,1,0,0,0,0,0,119,0,1,120,131,ACTA DE CASILLA,,,
,31,YUCATAN,12,TEKAX,98,TZUCACAB,977,B,1,0,B,82,94,46,12,157,20,55,0,4,30,2,0,0,0,0,0,502,0,6,508,659,ACTA DE CASILLA,,,
,31,YUCATAN,12,TEKAX,98,TZUCACAB,977,C,1,0,C01,115,73,45,9,148,4,52,0,0,59,0,0,1,0,0,0,506,0,3,509,658,ACTA DE CASILLA,,,
,31,YUCATAN,12,TEKAX,98,TZUCACAB,977,C,2,0,C02,106,71,39,10,146,10,82,0,0,41,2,0,0,0,0,0,507,0,5,512,658,ACTA DE CASILLA,,,
,31,YUCATAN,12,TEKAX,98,TZUCACAB,978,B,1,0,B,104,73,53,14,203,9,81,0,2,34,2,0,0,0,0,0,575,0,8,583,725,ACTA DE CASILLA,,,
,31,YUCATAN,12,TEKAX,98,TZUCACAB,978,C,1,0,C01,126,83,53,6,145,12,75,0,2,19,1,0,0,0,0,0,522,0,7,529,724,ACTA DE CASILLA,,,
,31,YUCATAN,12,TEKAX,98,TZUCACAB,978,C,2,0,C02,101,74,46,3,187,11,85,2,0,24,2,0,1,0,0,0,536,0,15,551,724,ACTA DE CASILLA,,,
,31,YUCATAN,12,TEKAX,98,TZUCACAB,979,B,1,0,B,104,71,75,0,151,9,68,0,1,51,1,0,3,0,0,0,534,0,7,541,663,ACTA DE CASILLA,,,
,31,YUCATAN,12,TEKAX,98,TZUCACAB,979,C,1,0,C01,93,78,48,9,160,7,62,0,1,47,3,0,0,0,0,0,508,1,6,515,663,ACTA DE CASILLA,,,
,31,YUCATAN,12,TEKAX,98,TZUCACAB,979,C,2,0,C02,108,61,67,16,165,1,35,2,0,31,2,0,0,0,0,0,488,0,3,491,662,ACTA DE CASILLA,,,
,31,YUCATAN,12,TEKAX,98,TZUCACAB,980,B,1,0,B,102,112,57,6,172,2,55,1,1,39,1,0,0,0,0,0,548,0,10,558,704,ACTA DE CASILLA,,,
,31,YUCATAN,12,TEKAX,98,TZUCACAB,980,C,1,0,C01,75,79,76,4,179,3,70,1,2,45,1,0,2,0,0,0,537,0,3,540,703,ACTA DE CASILLA,,,
,31,YUCATAN,12,TEKAX,98,TZUCACAB,980,C,2,0,C02,101,125,60,10,134,7,54,0,0,59,0,0,0,0,0,0,550,0,5,555,703,ACTA DE CASILLA,,,
,31,YUCATAN,12,TEKAX,98,TZUCACAB,981,B,1,0,B,107,77,41,0,88,33,46,1,0,10,1,0,0,0,0,0,404,0,3,407,449,ACTA DE CASILLA,,,
,31,YUCATAN,12,TEKAX,98,TZUCACAB,982,B,1,0,B,78,32,35,16,99,4,71,2,1,22,1,0,1,0,0,0,362,0,6,368,425,ACTA DE CASILLA,,,
,31,YUCATAN,12,TEKAX,98,TZUCACAB,982,C,1,0,C01,68,36,35,8,90,1,87,0,0,23,3,0,0,0,0,0,351,0,2,353,425,ACTA DE CASILLA,,,
,31,YUCATAN,12,TEKAX,98,TZUCACAB,983,B,1,0,B,171,119,10,13,143,2,72,2,1,0,0,0,0,0,0,0,533,0,1,534,609,ACTA DE CASILLA,,,
,31,YUCATAN,12,TEKAX,98,TZUCACAB,984,B,1,0,B,72,157,30,3,139,7,66,0,2,18,0,0,0,0,0,0,494,0,3,497,563,ACTA DE CASILLA,,,
,31,YUCATAN,14,TECOH,99,UAYMA,985,B,1,0,B,0,0,0,4,0,0,0,0,0,0,0,0,0,0,0,0,4,0,0,4,627,ACTA DE CASILLA,,,
,31,YUCATAN,14,TECOH,99,UAYMA,985,C,1,0,C01,0,0,0,4,0,0,0,0,0,0,0,0,0,0,0,0,4,0,0,4,626,ACTA DE CASILLA,,,
,31,YUCATAN,14,TECOH,99,UAYMA,986,B,1,0,B,67,252,95,4,1,3,199,2,3,0,2,0,0,0,0,0,628,0,1,629,701,ACTA DE CASILLA,,,
,31,YUCATAN,14,TECOH,99,UAYMA,986,C,1,0,C01,72,222,125,5,0,1,182,1,2,0,2,0,0,0,0,0,612,0,2,614,701,ACTA DE CASILLA,,,
,31,YUCATAN,14,TECOH,99,UAYMA,987,B,1,0,B,72,173,71,4,0,0,94,1,1,0,0,0,0,0,0,0,416,0,0,416,451,ACTA DE CASILLA,,,
,31,YUCATAN,8,UMAN,100,UCU,988,B,1,0,B,153,42,2,126,7,28,80,6,0,18,10,0,0,4,0,0,476,0,14,490,591,ACTA DE CASILLA,,,
,31,YUCATAN,8,UMAN,100,UCU,988,C,1,0,C01,142,66,2,114,3,32,81,4,0,17,8,0,0,5,0,0,474,0,10,484,591,ACTA DE CASILLA,,,
,31,YUCATAN,8,UMAN,100,UCU,988,C,2,0,C02,165,35,0,126,4,34,71,6,0,12,3,0,0,4,0,0,460,0,14,474,591,ACTA DE CASILLA,,,
,31,YUCATAN,8,UMAN,100,UCU,988,C,3,0,C03,151,35,5,119,8,38,79,9,1,9,9,0,0,4,0,0,467,0,18,485,591,ACTA DE CASILLA,,,
,31,YUCATAN,8,UMAN,100,UCU,989,B,1,0,B,173,32,3,215,10,14,106,15,0,4,7,0,0,10,0,0,589,0,21,610,701,ACTA DE CASILLA,,,
,31,YUCATAN,8,UMAN,101,UMAN,990,B,1,0,B,91,58,4,3,23,49,86,7,10,7,1,0,0,0,0,0,339,0,10,349,634,ACTA DE CASILLA,,,
,31,YUCATAN,8,UMAN,101,UMAN,990,C,1,0,C01,97,49,2,3,17,57,104,3,7,8,1,0,0,0,0,0,348,0,8,356,634,ACTA DE CASILLA,,,
,31,YUCATAN,8,UMAN,101,UMAN,990,C,2,0,C02,70,55,9,7,13,49,112,7,9,8,2,0,0,0,0,0,341,0,6,347,634,ACTA DE CASILLA,,,
,31,YUCATAN,8,UMAN,101,UMAN,990,C,3,0,C03,113,54,4,7,17,57,113,9,2,4,3,0,0,0,0,0,383,0,15,398,634,ACTA DE CASILLA,,,
,31,YUCATAN,8,UMAN,101,UMAN,990,C,4,0,C04,78,73,1,8,17,66,113,5,5,2,1,0,0,0,0,0,369,0,9,378,634,ACTA DE CASILLA,,,
,31,YUCATAN,8,UMAN,101,UMAN,990,C,5,0,C05,120,39,1,2,13,66,94,10,7,3,5,0,0,0,0,0,360,0,11,371,633,ACTA DE CASILLA,,,
,31,YUCATAN,8,UMAN,101,UMAN,991,B,1,0,B,75,47,5,5,12,70,127,10,5,8,2,0,0,0,0,0,366,0,11,377,639,ACTA DE CASILLA,,,
,31,YUCATAN,8,UMAN,101,UMAN,991,C,1,0,C01,79,44,8,9,15,71,104,12,5,4,2,0,0,0,0,0,353,0,10,363,630,ACTA DE CASILLA,,,
,31,YUCATAN,8,UMAN,101,UMAN,991,C,2,0,C02,147,50,0,3,7,163,107,16,3,5,2,0,0,0,0,0,503,0,6,509,630,ACTA DE CASILLA,,,
,31,YUCATAN,8,UMAN,101,UMAN,991,C,3,0,C03,96,39,5,4,8,64,116,13,7,3,2,0,0,0,0,0,357,0,17,374,630,ACTA DE CASILLA,,,
,31,YUCATAN,8,UMAN,101,UMAN,991,C,4,0,C04,111,33,6,10,4,22,61,2,12,4,4,0,0,0,0,0,269,0,10,279,630,ACTA DE CASILLA,,,
,31,YUCATAN,8,UMAN,101,UMAN,991,E,1,0,E01,75,49,7,8,18,93,108,0,6,4,0,0,0,0,0,0,368,0,19,387,698,ACTA DE CASILLA,,,
,31,YUCATAN,8,UMAN,101,UMAN,991,E,2,0,E02,119,39,3,8,9,68,112,10,4,4,1,0,0,0,0,0,377,0,14,391,368,ACTA DE CASILLA,,,
,31,YUCATAN,8,UMAN,101,UMAN,992,B,1,0,B,73,35,5,2,4,66,79,15,1,6,2,0,0,0,0,0,288,0,5,293,470,ACTA DE CASILLA,,,
,31,YUCATAN,8,UMAN,101,UMAN,992,C,1,0,C01,70,26,3,7,5,59,84,13,1,0,0,0,0,1,0,0,269,0,5,274,469,ACTA DE CASILLA,,,
,31,YUCATAN,8,UMAN,101,UMAN,993,B,1,0,B,76,48,3,3,9,40,122,13,5,6,1,0,0,0,0,0,326,0,14,340,539,ACTA DE CASILLA,,,
,31,YUCATAN,8,UMAN,101,UMAN,993,C,1,0,C01,101,39,2,3,11,55,113,16,3,5,1,0,0,0,0,0,349,0,5,354,539,ACTA DE CASILLA,,,
,31,YUCATAN,8,UMAN,101,UMAN,994,B,1,0,B,102,52,3,6,10,51,133,14,7,5,6,0,0,1,0,0,390,0,5,395,656,ACTA DE CASILLA,,,
,31,YUCATAN,8,UMAN,101,UMAN,994,C,1,0,C01,91,47,4,4,6,75,136,14,5,6,1,0,0,0,0,0,389,0,12,401,655,ACTA DE CASILLA,,,
,31,YUCATAN,8,UMAN,101,UMAN,995,B,1,0,B,69,49,3,6,10,102,110,9,1,14,1,0,0,0,0,0,374,0,14,388,663,ACTA DE CASILLA,,,
,31,YUCATAN,8,UMAN,101,UMAN,995,C,1,0,C01,78,59,2,6,12,107,110,8,6,5,4,0,0,1,0,0,398,0,10,408,662,ACTA DE CASILLA,,,
,31,YUCATAN,8,UMAN,101,UMAN,995,C,2,0,C02,110,68,1,12,11,103,111,4,6,6,1,0,0,0,0,0,433,0,8,441,662,ACTA DE CASILLA,,,
,31,YUCATAN,8,UMAN,101,UMAN,995,C,3,0,C03,84,56,2,11,12,128,100,13,2,9,0,0,0,0,0,0,417,0,12,429,662,ACTA DE CASILLA,,,
,31,YUCATAN,8,UMAN,101,UMAN,996,B,1,0,B,75,63,4,8,13,90,105,11,5,12,2,0,0,1,0,0,389,0,6,395,607,ACTA DE CASILLA,,,
,31,YUCATAN,8,UMAN,101,UMAN,996,C,1,0,C01,114,36,2,3,23,99,88,7,4,11,3,0,0,0,0,0,390,2,11,403,607,ACTA DE CASILLA,,,
,31,YUCATAN,8,UMAN,101,UMAN,996,C,2,0,C02,78,58,7,15,26,108,88,10,2,4,2,0,0,0,0,0,398,0,10,408,607,ACTA DE CASILLA,,,
,31,YUCATAN,8,UMAN,101,UMAN,997,B,1,0,B,55,52,2,3,19,64,94,9,6,6,0,0,0,1,0,0,311,0,11,322,641,ACTA DE CASILLA,,,
,31,YUCATAN,8,UMAN,101,UMAN,997,C,1,0,C01,57,45,5,3,25,50,142,8,9,6,1,0,0,0,0,0,351,0,12,363,641,ACTA DE CASILLA,,,
,31,YUCATAN,8,UMAN,101,UMAN,997,C,2,0,C02,63,34,4,6,8,58,102,15,9,6,0,0,0,0,0,0,305,0,5,310,641,ACTA DE CASILLA,,,
,31,YUCATAN,8,UMAN,101,UMAN,997,C,3,0,C03,62,59,3,7,14,65,119,7,4,7,1,0,0,1,0,0,349,0,3,352,641,ACTA DE CASILLA,,,
,31,YUCATAN,8,UMAN,101,UMAN,997,C,4,0,C04,69,56,5,3,16,70,101,11,6,3,1,0,0,1,0,0,342,0,10,352,640,ACTA DE CASILLA,,,
,31,YUCATAN,8,UMAN,101,UMAN,998,B,1,0,B,91,63,6,5,25,67,129,17,3,12,0,0,0,0,0,0,418,0,9,427,749,ACTA DE CASILLA,,,
,31,YUCATAN,8,UMAN,101,UMAN,998,C,1,0,C01,86,69,5,4,24,115,133,10,5,3,0,0,0,0,0,0,454,0,4,458,749,ACTA DE CASILLA,,,
,31,YUCATAN,8,UMAN,101,UMAN,998,C,2,0,C02,104,48,5,9,33,107,122,11,6,7,1,0,0,0,0,0,453,0,9,462,749,ACTA DE CASILLA,,,
,31,YUCATAN,8,UMAN,101,UMAN,998,C,3,0,C03,94,62,1,5,26,110,139,12,3,3,1,0,0,0,0,0,456,0,16,472,749,ACTA DE CASILLA,,,
,31,YUCATAN,8,UMAN,101,UMAN,999,B,1,0,B,50,56,1,13,18,80,103,7,3,16,4,0,0,0,0,0,351,0,7,358,593,ACTA DE CASILLA,,,
,31,YUCATAN,8,UMAN,101,UMAN,999,C,1,0,C01,66,48,3,5,15,86,102,16,1,3,1,0,0,0,0,0,346,0,0,346,593,ACTA DE CASILLA,,,
,31,YUCATAN,8,UMAN,101,UMAN,999,C,2,0,C02,62,56,2,6,27,100,103,7,5,6,1,0,0,1,0,0,376,0,7,383,593,ACTA DE CASILLA,,,
,31,YUCATAN,8,UMAN,101,UMAN,1000,B,1,0,B,92,29,3,5,12,117,115,7,3,8,3,0,0,0,0,0,394,0,13,407,665,ACTA DE CASILLA,,,
,31,YUCATAN,8,UMAN,101,UMAN,1000,C,1,0,C01,108,45,4,4,13,94,127,11,11,12,0,0,0,0,0,0,429,0,5,434,665,ACTA DE CASILLA,,,
,31,YUCATAN,8,UMAN,101,UMAN,1000,C,2,0,C02,102,47,2,6,10,84,126,10,6,4,2,0,0,0,0,0,399,0,20,419,665,ACTA DE CASILLA,,,
,31,YUCATAN,8,UMAN,101,UMAN,1000,C,3,0,C03,99,48,1,2,12,81,134,9,6,4,1,0,0,1,0,0,398,0,15,413,665,ACTA DE CASILLA,,,
,31,YUCATAN,8,UMAN,101,UMAN,1000,C,4,0,C04,112,58,4,4,11,88,109,15,3,14,1,0,0,0,0,0,419,0,7,426,665,ACTA DE CASILLA,,,
,31,YUCATAN,8,UMAN,101,UMAN,1000,C,5,0,C05,112,51,2,6,11,98,100,14,1,6,2,0,0,0,0,0,403,0,9,412,665,ACTA DE CASILLA,,,
,31,YUCATAN,8,UMAN,101,UMAN,1000,C,6,0,C06,109,48,3,6,17,102,97,9,1,8,2,0,0,0,0,0,402,0,12,414,664,ACTA DE CASILLA,,,
,31,YUCATAN,8,UMAN,101,UMAN,1001,B,1,0,B,129,49,11,0,20,64,76,6,3,2,1,0,0,0,0,0,361,1,12,374,482,ACTA DE CASILLA,,,
,31,YUCATAN,8,UMAN,101,UMAN,1001,C,1,0,C01,117,54,6,6,23,50,60,4,2,2,1,0,0,0,0,0,325,0,12,337,481,ACTA DE CASILLA,,,
,31,YUCATAN,8,UMAN,101,UMAN,1002,B,1,0,B,84,25,2,3,7,50,141,5,2,13,0,0,0,0,0,0,332,0,9,341,744,ACTA DE CASILLA,,,
,31,YUCATAN,8,UMAN,101,UMAN,1002,C,1,0,C01,85,29,5,7,8,42,120,6,1,13,2,0,0,0,0,0,318,0,8,326,743,ACTA DE CASILLA,,,
,31,YUCATAN,8,UMAN,101,UMAN,1002,C,2,0,C02,99,35,4,8,10,43,116,3,1,6,3,0,0,1,0,0,329,0,5,334,743,ACTA DE CASILLA,,,
,31,YUCATAN,8,UMAN,101,UMAN,1003,B,1,0,B,97,55,8,8,6,27,97,7,1,1,5,0,0,0,0,0,312,0,9,321,606,ACTA DE CASILLA,,,
,31,YUCATAN,8,UMAN,101,UMAN,1003,C,1,0,C01,98,39,4,1,9,37,101,6,2,3,3,0,0,0,0,0,303,0,8,311,605,ACTA DE CASILLA,,,
,31,YUCATAN,8,UMAN,101,UMAN,1004,B,1,0,B,67,32,2,4,7,37,89,4,3,3,3,0,0,0,0,0,251,0,6,257,694,ACTA DE CASILLA,,,
,31,YUCATAN,8,UMAN,101,UMAN,1004,C,1,0,C01,63,45,0,5,8,43,96,5,0,4,1,0,0,0,0,0,270,0,5,275,694,ACTA DE CASILLA,,,
,31,YUCATAN,8,UMAN,101,UMAN,1004,C,2,0,C02,57,31,2,5,6,26,97,1,0,0,1,0,0,0,0,0,226,0,0,226,694,ACTA DE CASILLA,,,
,31,YUCATAN,8,UMAN,101,UMAN,1004,C,3,0,C03,53,38,1,2,6,37,92,4,0,2,3,0,0,0,0,0,238,0,9,247,694,ACTA DE CASILLA,,,
,31,YUCATAN,8,UMAN,101,UMAN,1004,C,4,0,C04,64,26,2,6,10,33,119,3,0,2,1,0,0,0,0,0,266,0,7,273,693,ACTA DE CASILLA,,,
,31,YUCATAN,8,UMAN,101,UMAN,1004,C,5,0,C05,59,42,1,3,9,44,80,5,0,0,3,0,0,0,0,0,246,0,9,255,693,ACTA DE CASILLA,,,
,31,YUCATAN,8,UMAN,101,UMAN,1004,C,6,0,C06,69,36,4,4,13,35,92,3,0,1,0,0,0,1,0,0,258,0,4,262,693,ACTA DE CASILLA,,,
,31,YUCATAN,8,UMAN,101,UMAN,1004,C,7,0,C07,62,33,6,5,7,26,111,4,1,2,0,0,0,0,0,0,257,1,6,264,693,ACTA DE CASILLA,,,
,31,YUCATAN,8,UMAN,101,UMAN,1005,B,1,0,B,86,81,4,3,17,79,118,8,11,5,1,0,0,0,0,0,413,0,10,423,535,ACTA DE CASILLA,,,
,31,YUCATAN,8,UMAN,101,UMAN,1005,C,1,0,C01,66,84,6,6,11,59,136,11,3,4,1,0,0,0,0,0,387,1,15,403,534,ACTA DE CASILLA,,,
,31,YUCATAN,8,UMAN,101,UMAN,1005,E,1,0,E01,0,0,0,0,0,0,0,0,0,0,0,0,0,0,0,0,0,0,15,15,718,ACTA DE CASILLA,,,
,31,YUCATAN,8,UMAN,101,UMAN,1006,B,1,0,B,151,78,3,13,14,72,109,9,3,3,3,0,0,0,0,0,458,0,11,469,597,ACTA DE CASILLA,,,
,31,YUCATAN,8,UMAN,101,UMAN,1006,C,1,0,C01,149,72,3,16,8,63,97,22,9,9,2,0,0,1,0,0,451,1,17,469,597,ACTA DE CASILLA,,,
,31,YUCATAN,8,UMAN,101,UMAN,1006,C,2,0,C02,0,0,0,0,0,0,0,0,0,0,0,0,0,0,0,0,0,0,16,16,597,ACTA DE CASILLA,,,
,31,YUCATAN,8,UMAN,101,UMAN,1006,E,1,0,E01,104,99,2,18,7,61,100,16,5,12,2,0,0,0,0,0,426,0,18,444,703,ACTA DE CASILLA,,,
,31,YUCATAN,8,UMAN,101,UMAN,1007,B,1,0,B,117,80,3,2,7,34,59,4,3,7,3,0,0,0,0,0,319,0,8,327,383,ACTA DE CASILLA,,,
,31,YUCATAN,8,UMAN,101,UMAN,1008,B,1,0,B,95,48,6,0,4,32,96,4,9,2,2,0,0,0,0,0,298,0,9,307,380,ACTA DE CASILLA,,,
,31,YUCATAN,8,UMAN,101,UMAN,1008,C,1,0,C01,64,59,6,2,2,31,98,9,2,3,2,0,0,0,0,0,278,0,17,295,379,ACTA DE CASILLA,,,
,31,YUCATAN,8,UMAN,101,UMAN,1009,B,1,0,B,72,71,4,3,17,96,96,11,1,8,0,0,0,0,0,0,379,0,15,394,504,ACTA DE CASILLA,,,
,31,YUCATAN,8,UMAN,101,UMAN,1009,C,1,0,C01,102,63,4,2,7,91,91,23,2,3,2,0,0,1,0,0,391,0,13,404,503,ACTA DE CASILLA,,,
,31,YUCATAN,11,VALLADOLID,102,VALLADOLID,1010,B,1,0,B,106,56,3,18,22,12,153,14,4,2,25,0,0,3,0,0,418,0,10,428,644,ACTA DE CASILLA,,,
,31,YUCATAN,11,VALLADOLID,102,VALLADOLID,1010,C,1,0,C01,117,52,2,6,16,15,140,5,4,2,37,0,0,3,0,0,399,1,8,408,644,ACTA DE CASILLA,,,
,31,YUCATAN,11,VALLADOLID,102,VALLADOLID,1010,C,2,0,C02,114,62,3,13,15,16,136,13,7,5,25,0,0,1,0,0,410,0,9,419,644,ACTA DE CASILLA,,,
,31,YUCATAN,11,VALLADOLID,102,VALLADOLID,1010,C,3,0,C03,107,76,1,24,9,25,124,11,6,1,26,0,0,3,0,0,413,0,8,421,644,ACTA DE CASILLA,,,
,31,YUCATAN,11,VALLADOLID,102,VALLADOLID,1011,B,1,0,B,133,72,5,13,22,16,153,13,5,7,5,0,0,0,0,0,444,0,6,450,743,ACTA DE CASILLA,,,
,31,YUCATAN,11,VALLADOLID,102,VALLADOLID,1011,C,1,0,C01,138,62,4,15,21,14,143,17,7,6,17,0,0,3,0,0,447,2,10,459,742,ACTA DE CASILLA,,,
,31,YUCATAN,11,VALLADOLID,102,VALLADOLID,1011,C,2,0,C02,126,63,1,8,21,21,144,17,4,4,15,0,0,0,0,0,424,2,4,430,742,ACTA DE CASILLA,,,
,31,YUCATAN,11,VALLADOLID,102,VALLADOLID,1011,C,3,0,C03,118,87,4,6,19,20,170,24,6,6,15,0,0,0,0,0,475,2,7,484,742,ACTA DE CASILLA,,,
,31,YUCATAN,11,VALLADOLID,102,VALLADOLID,1012,B,1,0,B,111,56,1,10,22,15,123,6,3,0,16,0,0,1,0,0,364,0,8,372,554,ACTA DE CASILLA,,,
,31,YUCATAN,11,VALLADOLID,102,VALLADOLID,1012,C,1,0,C01,100,52,2,6,11,12,121,7,5,0,26,0,0,0,0,0,342,0,8,350,553,ACTA DE CASILLA,,,
,31,YUCATAN,11,VALLADOLID,102,VALLADOLID,1012,C,2,0,C02,103,48,0,2,13,9,151,14,3,1,28,0,0,0,0,0,372,0,4,376,553,ACTA DE CASILLA,,,
,31,YUCATAN,11,VALLADOLID,102,VALLADOLID,1013,B,1,0,B,118,64,2,6,10,10,129,15,4,5,22,0,0,2,0,0,387,0,8,395,597,ACTA DE CASILLA,,,
,31,YUCATAN,11,VALLADOLID,102,VALLADOLID,1013,C,1,0,C01,106,63,2,7,12,8,141,9,5,0,33,0,0,1,0,0,387,1,6,394,596,ACTA DE CASILLA,,,
,31,YUCATAN,11,VALLADOLID,102,VALLADOLID,1014,B,1,0,B,85,58,2,6,5,7,100,14,1,0,14,0,0,3,0,0,295,0,6,301,515,ACTA DE CASILLA,,,
,31,YUCATAN,11,VALLADOLID,102,VALLADOLID,1014,C,1,0,C01,92,72,2,7,13,13,96,5,4,6,30,0,0,3,0,0,343,0,6,349,515,ACTA DE CASILLA,,,
,31,YUCATAN,11,VALLADOLID,102,VALLADOLID,1014,C,2,0,C02,69,69,1,13,6,14,97,14,4,2,26,0,0,2,0,0,317,1,11,329,514,ACTA DE CASILLA,,,
,31,YUCATAN,11,VALLADOLID,102,VALLADOLID,1015,B,1,0,B,104,65,0,8,24,18,133,11,6,2,17,0,0,0,0,0,388,0,5,393,639,GRUPO DE RECUENTO,,,
,31,YUCATAN,11,VALLADOLID,102,VALLADOLID,1015,C,1,0,C01,95,62,0,10,5,16,108,10,1,4,18,0,0,3,0,0,332,0,6,338,639,ACTA DE CASILLA,,,
,31,YUCATAN,11,VALLADOLID,102,VALLADOLID,1015,C,2,0,C02,109,44,0,7,16,10,122,8,3,0,13,0,0,1,0,1,334,1,8,343,639,ACTA DE CASILLA,,,
,31,YUCATAN,11,VALLADOLID,102,VALLADOLID,1015,C,3,0,C03,96,62,2,6,12,16,98,8,0,2,16,0,0,2,0,0,320,,8,328,639,ACTA DE CASILLA,,,
,31,YUCATAN,11,VALLADOLID,102,VALLADOLID,1015,C,4,0,C04,96,59,2,7,7,17,112,3,7,2,24,0,0,1,0,0,337,1,6,344,638,ACTA DE CASILLA,,,
,31,YUCATAN,11,VALLADOLID,102,VALLADOLID,1016,B,1,0,B,83,63,1,12,19,19,119,7,4,3,17,0,0,0,0,0,347,,6,353,680,ACTA DE CASILLA,,,
,31,YUCATAN,11,VALLADOLID,102,VALLADOLID,1016,C,1,0,C01,98,44,0,13,16,15,139,4,0,6,16,0,0,0,0,0,351,0,7,358,680,ACTA DE CASILLA,,,
,31,YUCATAN,11,VALLADOLID,102,VALLADOLID,1016,C,2,0,C02,96,35,2,9,11,8,130,7,4,2,11,0,0,3,0,0,318,0,7,325,679,ACTA DE CASILLA,,,
,31,YUCATAN,11,VALLADOLID,102,VALLADOLID,1016,C,3,0,C03,89,50,2,11,12,12,117,8,3,2,15,0,0,2,0,0,323,0,6,329,679,ACTA DE CASILLA,,,
,31,YUCATAN,11,VALLADOLID,102,VALLADOLID,1016,C,4,0,C04,80,44,2,10,17,21,125,4,3,2,19,0,0,0,0,0,327,1,10,338,679,ACTA DE CASILLA,,,
,31,YUCATAN,11,VALLADOLID,102,VALLADOLID,1016,C,5,0,C05,70,50,3,9,14,17,122,5,2,0,36,0,0,1,0,0,329,0,3,332,679,ACTA DE CASILLA,,,
,31,YUCATAN,11,VALLADOLID,102,VALLADOLID,1016,C,6,0,C06,79,33,2,10,9,25,120,6,4,1,12,0,0,0,0,0,301,0,5,306,679,ACTA DE CASILLA,,,
,31,YUCATAN,11,VALLADOLID,102,VALLADOLID,1017,B,1,0,B,117,41,1,10,26,10,174,15,5,4,15,0,0,0,0,0,418,1,11,430,687,ACTA DE CASILLA,,,
,31,YUCATAN,11,VALLADOLID,102,VALLADOLID,1017,C,1,0,C01,93,62,2,9,19,11,145,7,4,2,20,0,0,3,0,1,378,0,12,390,686,ACTA DE CASILLA,,,
,31,YUCATAN,11,VALLADOLID,102,VALLADOLID,1018,B,1,0,B,98,42,0,11,14,12,131,7,5,4,20,0,0,0,0,1,345,1,10,356,611,ACTA DE CASILLA,,,
,31,YUCATAN,11,VALLADOLID,102,VALLADOLID,1018,C,1,0,C01,91,62,1,9,15,23,107,10,3,2,9,0,0,3,0,0,335,1,10,346,610,ACTA DE CASILLA,,,
,31,YUCATAN,11,VALLADOLID,102,VALLADOLID,1018,C,2,0,C02,79,46,0,8,18,14,124,6,3,0,25,0,0,4,0,0,327,3,4,334,610,ACTA DE CASILLA,,,
,31,YUCATAN,11,VALLADOLID,102,VALLADOLID,1018,C,3,0,C03,88,47,2,10,20,12,125,5,4,1,26,0,0,2,0,0,342,,7,349,610,GRUPO DE RECUENTO,,,
,31,YUCATAN,11,VALLADOLID,102,VALLADOLID,1019,B,1,0,B,67,43,0,5,31,10,91,6,2,2,24,0,0,3,0,0,284,0,6,290,429,ACTA DE CASILLA,,,
,31,YUCATAN,11,VALLADOLID,102,VALLADOLID,1019,C,1,0,C01,70,62,1,9,12,13,73,5,5,0,20,0,0,5,0,0,275,1,4,280,429,ACTA DE CASILLA,,,
,31,YUCATAN,11,VALLADOLID,102,VALLADOLID,1019,S,1,0,SMR01,6,2,0,1,1,2,2,0,0,0,2,0,0,0,0,0,16,1,0,17,0,ACTA DE CASILLA,,,
,31,YUCATAN,11,VALLADOLID,102,VALLADOLID,1020,B,1,0,B,95,58,1,15,24,10,72,11,2,1,19,0,0,1,0,1,310,0,8,318,500,ACTA DE CASILLA,,,
,31,YUCATAN,11,VALLADOLID,102,VALLADOLID,1021,B,1,0,B,94,70,1,8,16,17,133,9,4,2,10,0,0,0,0,1,365,,5,370,589,ACTA DE CASILLA,,,
,31,YUCATAN,11,VALLADOLID,102,VALLADOLID,1021,C,1,0,C01,91,70,3,5,13,21,112,12,0,1,25,0,0,0,0,0,353,1,4,358,589,ACTA DE CASILLA,,,
,31,YUCATAN,11,VALLADOLID,102,VALLADOLID,1022,B,1,0,B,75,38,2,12,15,8,132,8,3,3,25,0,0,0,0,0,321,0,4,325,524,ACTA DE CASILLA,,,
,31,YUCATAN,11,VALLADOLID,102,VALLADOLID,1022,C,1,0,C01,88,69,1,6,5,17,79,5,2,1,37,0,0,1,0,0,311,,3,314,524,ACTA DE CASILLA,,,
,31,YUCATAN,11,VALLADOLID,102,VALLADOLID,1022,C,2,0,C02,82,35,1,12,19,20,108,7,3,4,33,0,0,3,0,0,327,0,6,333,523,ACTA DE CASILLA,,,
,31,YUCATAN,11,VALLADOLID,102,VALLADOLID,1023,B,1,0,B,120,59,2,19,19,15,147,14,1,12,21,0,0,4,0,0,433,0,8,441,702,ACTA DE CASILLA,,,
,31,YUCATAN,11,VALLADOLID,102,VALLADOLID,1023,C,1,0,C01,100,72,4,19,25,11,134,5,4,3,29,0,0,4,0,0,410,0,9,419,701,ACTA DE CASILLA,,,
,31,YUCATAN,11,VALLADOLID,102,VALLADOLID,1024,B,1,0,B,120,84,3,18,26,17,158,19,2,2,20,0,0,2,0,1,472,1,8,481,734,ACTA DE CASILLA,,,
,31,YUCATAN,11,VALLADOLID,102,VALLADOLID,1025,B,1,0,B,86,82,2,5,12,4,167,5,6,3,26,0,0,2,0,0,400,0,5,405,664,ACTA DE CASILLA,,,
,31,YUCATAN,11,VALLADOLID,102,VALLADOLID,1025,C,1,0,C01,116,55,1,8,16,15,149,10,6,2,16,0,0,3,0,0,397,1,10,408,664,ACTA DE CASILLA,,,
,31,YUCATAN,11,VALLADOLID,102,VALLADOLID,1026,B,1,0,B,100,55,2,6,14,9,135,11,4,1,14,0,0,0,0,4,355,1,8,364,705,ACTA DE CASILLA,,,
,31,YUCATAN,11,VALLADOLID,102,VALLADOLID,1026,C,1,0,C01,109,70,4,16,14,7,130,10,11,2,22,0,0,0,0,0,395,,8,403,704,GRUPO DE RECUENTO,,,
,31,YUCATAN,11,VALLADOLID,102,VALLADOLID,1026,C,2,0,C02,85,83,4,7,18,18,118,16,5,1,21,0,0,2,0,0,378,,7,385,704,ACTA DE CASILLA,,,
,31,YUCATAN,11,VALLADOLID,102,VALLADOLID,1027,B,1,0,B,106,60,2,7,11,5,138,16,7,3,34,0,0,8,0,0,397,0,8,405,744,ACTA DE CASILLA,,,
,31,YUCATAN,11,VALLADOLID,102,VALLADOLID,1027,C,1,0,C01,113,65,4,9,8,5,110,8,11,2,27,0,0,4,0,0,366,0,10,376,744,ACTA DE CASILLA,,,
,31,YUCATAN,11,VALLADOLID,102,VALLADOLID,1027,C,2,0,C02,84,60,2,10,10,7,127,8,5,2,39,0,0,3,0,0,357,0,6,363,744,ACTA DE CASILLA,,,
,31,YUCATAN,11,VALLADOLID,102,VALLADOLID,1028,B,1,0,B,68,102,2,10,11,9,132,6,7,1,27,0,0,1,0,0,376,0,10,386,595,ACTA DE CASILLA,,,
,31,YUCATAN,11,VALLADOLID,102,VALLADOLID,1028,C,1,0,C01,73,66,3,15,18,5,144,15,4,4,25,0,0,0,0,0,372,2,11,385,594,ACTA DE CASILLA,,,
,31,YUCATAN,11,VALLADOLID,102,VALLADOLID,1029,B,1,0,B,81,44,2,10,26,8,134,11,7,2,25,0,0,1,0,0,351,1,13,365,588,ACTA DE CASILLA,,,
,31,YUCATAN,11,VALLADOLID,102,VALLADOLID,1029,C,1,0,C01,98,44,2,6,24,9,159,10,3,1,20,0,0,5,0,0,381,0,10,391,587,ACTA DE CASILLA,,,
,31,YUCATAN,11,VALLADOLID,102,VALLADOLID,1030,B,1,0,B,121,56,1,18,13,13,102,7,5,4,37,0,0,2,0,0,379,0,9,388,660,ACTA DE CASILLA,,,
,31,YUCATAN,11,VALLADOLID,102,VALLADOLID,1030,C,1,0,C01,109,64,1,12,13,11,152,9,10,3,38,0,0,2,0,0,424,0,5,429,659,ACTA DE CASILLA,,,
,31,YUCATAN,11,VALLADOLID,102,VALLADOLID,1031,B,1,0,B,103,67,4,6,10,18,146,13,17,3,21,0,0,0,0,0,408,0,7,415,702,ACTA DE CASILLA,,,
,31,YUCATAN,11,VALLADOLID,102,VALLADOLID,1031,C,1,0,C01,105,59,3,10,17,9,153,8,1,3,24,0,0,3,0,0,395,0,9,404,701,ACTA DE CASILLA,,,
,31,YUCATAN,11,VALLADOLID,102,VALLADOLID,1031,C,2,0,C02,105,61,3,11,12,16,159,14,5,2,26,0,0,0,0,0,414,0,3,417,701,ACTA DE CASILLA,,,
,31,YUCATAN,11,VALLADOLID,102,VALLADOLID,1032,B,1,0,B,146,114,2,10,5,5,62,4,5,1,54,0,0,0,0,0,408,0,6,414,602,ACTA DE CASILLA,,,
,31,YUCATAN,11,VALLADOLID,102,VALLADOLID,1032,C,1,0,C01,153,87,0,13,1,15,74,2,7,0,57,0,0,0,0,0,409,0,8,417,602,ACTA DE CASILLA,,,
,31,YUCATAN,11,VALLADOLID,102,VALLADOLID,1032,C,2,0,C02,130,86,2,15,2,5,85,6,7,0,42,0,0,0,0,0,380,0,10,390,601,ACTA DE CASILLA,,,
,31,YUCATAN,11,VALLADOLID,102,VALLADOLID,1032,C,3,0,C03,124,105,1,16,1,15,68,0,9,1,46,0,0,0,0,0,386,,8,394,601,ACTA DE CASILLA,,,
,31,YUCATAN,11,VALLADOLID,102,VALLADOLID,1033,B,1,0,B,130,146,1,15,5,5,83,19,6,2,65,0,0,4,0,0,481,0,10,491,670,ACTA DE CASILLA,,,
,31,YUCATAN,11,VALLADOLID,102,VALLADOLID,1033,C,1,0,C01,143,134,1,12,2,9,77,21,2,2,71,0,0,3,0,0,477,0,10,487,670,ACTA DE CASILLA,,,
,31,YUCATAN,11,VALLADOLID,102,VALLADOLID,1033,C,2,0,C02,130,98,0,12,2,21,81,14,2,1,51,0,0,5,0,1,418,0,8,426,670,ACTA DE CASILLA,,,
,31,YUCATAN,11,VALLADOLID,102,VALLADOLID,1033,C,3,0,C03,164,125,1,11,1,4,70,23,5,5,54,0,0,1,0,0,464,,6,470,670,ACTA DE CASILLA,,,
,31,YUCATAN,11,VALLADOLID,102,VALLADOLID,1033,C,4,0,C04,111,138,0,16,3,6,101,15,5,1,41,0,0,2,0,0,439,0,7,446,669,ACTA DE CASILLA,,,
,31,YUCATAN,11,VALLADOLID,102,VALLADOLID,1034,B,1,0,B,177,205,1,14,1,7,62,5,1,4,76,0,0,0,0,0,553,,10,563,700,ACTA DE CASILLA,,,
,31,YUCATAN,11,VALLADOLID,102,VALLADOLID,1034,C,1,0,C01,182,176,2,13,3,9,95,0,6,2,91,0,0,0,0,0,579,0,9,588,700,GRUPO DE RECUENTO,,,
,31,YUCATAN,11,VALLADOLID,102,VALLADOLID,1034,C,2,0,C02,162,212,0,12,9,5,70,2,4,1,69,0,0,2,0,0,548,0,10,558,699,ACTA DE CASILLA,,,
,31,YUCATAN,11,VALLADOLID,102,VALLADOLID,1035,B,1,0,B,99,61,0,16,1,2,47,14,6,0,42,0,0,5,0,0,293,0,11,304,403,ACTA DE CASILLA,,,
,31,YUCATAN,11,VALLADOLID,102,VALLADOLID,1035,C,1,0,C01,99,72,0,7,4,7,142,10,2,2,46,0,0,2,0,0,393,1,6,400,402,ACTA DE CASILLA,,,
,31,YUCATAN,11,VALLADOLID,102,VALLADOLID,1036,B,1,0,B,125,124,1,16,10,8,98,32,2,2,43,0,0,4,0,0,465,0,16,481,665,ACTA DE CASILLA,,,
,31,YUCATAN,11,VALLADOLID,102,VALLADOLID,1036,C,1,0,C01,0,0,0,18,4,0,95,9,4,3,0,0,0,180,0,122,435,2,18,455,664,ACTA DE CASILLA,,,
,31,YUCATAN,11,VALLADOLID,102,VALLADOLID,1037,B,1,0,B,159,87,0,17,4,10,128,20,4,1,64,0,0,2,0,0,496,0,11,507,640,ACTA DE CASILLA,,,
,31,YUCATAN,11,VALLADOLID,102,VALLADOLID,1038,B,1,0,B,108,74,0,15,5,6,107,22,4,0,57,0,0,1,0,0,399,0,15,414,515,ACTA DE CASILLA,,,
,31,YUCATAN,11,VALLADOLID,102,VALLADOLID,1038,C,1,0,C01,115,72,1,10,2,12,102,21,0,2,72,0,0,9,0,0,418,,14,432,514,ACTA DE CASILLA,,,
,31,YUCATAN,11,VALLADOLID,102,VALLADOLID,1039,B,1,0,B,158,99,2,8,1,0,96,4,4,1,74,0,0,3,0,0,450,1,2,453,627,ACTA DE CASILLA,,,
,31,YUCATAN,11,VALLADOLID,102,VALLADOLID,1039,C,1,0,C01,118,80,2,16,0,2,121,22,4,0,108,0,0,1,0,0,474,0,11,485,627,ACTA DE CASILLA,,,
,31,YUCATAN,11,VALLADOLID,102,VALLADOLID,1040,B,1,0,B,93,117,2,9,2,10,105,7,11,3,30,0,0,0,0,0,389,,3,392,581,ACTA DE CASILLA,,,
,31,YUCATAN,11,VALLADOLID,102,VALLADOLID,1040,C,1,0,C01,66,136,3,14,1,4,53,7,5,2,58,0,0,3,0,0,352,6,3,361,581,ACTA DE CASILLA,,,
,31,YUCATAN,11,VALLADOLID,102,VALLADOLID,1040,C,2,0,C02,78,98,0,8,2,9,88,4,15,0,53,0,0,3,0,0,358,1,6,365,581,ACTA DE CASILLA,,,
,31,YUCATAN,11,VALLADOLID,102,VALLADOLID,1040,C,3,0,C03,81,116,0,12,2,3,72,7,12,2,49,0,0,130,0,0,486,,6,492,580,ACTA DE CASILLA,,,
,31,YUCATAN,11,VALLADOLID,102,VALLADOLID,1041,B,1,0,B,113,69,1,10,18,7,131,33,6,2,40,0,0,4,0,0,434,0,6,440,609,ACTA DE CASILLA,,,
,31,YUCATAN,11,VALLADOLID,102,VALLADOLID,1041,C,1,0,C01,114,57,4,13,9,13,114,28,7,0,44,0,0,4,0,0,407,0,22,429,609,ACTA DE CASILLA,,,
,31,YUCATAN,11,VALLADOLID,102,VALLADOLID,1041,C,2,0,C02,96,63,2,17,16,9,109,22,6,0,74,0,0,5,0,0,419,0,16,435,608,ACTA DE CASILLA,,,
,31,YUCATAN,11,VALLADOLID,102,VALLADOLID,1042,B,1,0,B,149,70,3,5,2,4,45,8,1,0,31,0,0,0,0,0,318,,6,324,394,ACTA DE CASILLA,,,
,31,YUCATAN,11,VALLADOLID,102,VALLADOLID,1042,C,1,0,C01,113,69,1,5,4,3,65,3,5,0,35,0,0,0,0,0,303,0,6,309,394,ACTA DE CASILLA,,,
,31,YUCATAN,14,TECOH,103,XOCCHEL,1043,B,1,0,B,132,71,151,5,3,4,60,0,0,0,0,0,0,0,0,0,426,0,7,433,509,ACTA DE CASILLA,,,
,31,YUCATAN,14,TECOH,103,XOCCHEL,1043,C,1,0,C01,149,64,152,6,4,4,43,0,0,0,2,0,0,1,0,0,425,0,8,433,509,ACTA DE CASILLA,,,
,31,YUCATAN,14,TECOH,103,XOCCHEL,1044,B,1,0,B,205,70,156,16,2,13,54,1,0,1,0,0,0,0,0,0,518,0,0,518,578,ACTA DE CASILLA,,,
,31,YUCATAN,14,TECOH,103,XOCCHEL,1044,C,1,0,C01,205,70,156,6,2,3,54,1,0,1,0,0,0,0,0,0,498,0,0,498,578,GRUPO DE RECUENTO,,,
,31,YUCATAN,14,TECOH,103,XOCCHEL,1044,C,2,0,C02,180,70,153,17,2,0,71,2,2,0,0,0,0,0,0,0,497,0,1,498,578,ACTA DE CASILLA,,,
,31,YUCATAN,14,TECOH,104,YAXCABA,1045,B,1,0,B,215,178,3,10,0,0,43,16,1,0,0,0,0,0,0,0,466,0,0,466,538,ACTA DE CASILLA,,,
,31,YUCATAN,14,TECOH,104,YAXCABA,1045,C,1,0,C01,211,183,4,7,0,0,37,18,0,0,0,0,0,0,0,0,460,0,1,461,538,ACTA DE CASILLA,,,
,31,YUCATAN,14,TECOH,104,YAXCABA,1046,B,1,0,B,275,259,9,7,1,1,30,29,0,0,0,0,0,0,0,0,611,0,1,612,732,ACTA DE CASILLA,,,
,31,YUCATAN,14,TECOH,104,YAXCABA,1046,C,1,0,C01,292,229,11,7,0,0,29,8,1,0,0,0,0,1,0,0,578,0,7,585,732,ACTA DE CASILLA,,,
,31,YUCATAN,14,TECOH,104,YAXCABA,1047,B,1,0,B,182,209,3,12,1,4,52,26,0,4,1,0,0,0,0,0,494,0,15,509,695,ACTA DE CASILLA,,,
,31,YUCATAN,14,TECOH,104,YAXCABA,1047,C,1,0,C01,171,202,2,9,2,1,56,22,3,3,0,0,0,173,0,0,644,0,10,654,695,GRUPO DE RECUENTO,,,
,31,YUCATAN,14,TECOH,104,YAXCABA,1048,B,1,0,B,171,200,7,7,0,0,67,6,2,3,4,0,0,0,0,0,467,0,8,475,677,ACTA DE CASILLA,,,
,31,YUCATAN,14,TECOH,104,YAXCABA,1049,B,1,0,B,196,74,146,6,2,3,66,1,1,0,0,0,0,0,0,0,495,0,2,497,740,ACTA DE CASILLA,,,
,31,YUCATAN,14,TECOH,104,YAXCABA,1050,B,1,0,B,98,115,1,7,0,0,5,0,0,0,0,0,0,0,0,0,226,1,0,227,239,ACTA DE CASILLA,,,
,31,YUCATAN,14,TECOH,104,YAXCABA,1051,B,1,0,B,164,172,7,9,3,0,8,0,0,0,0,0,0,0,0,0,363,1,0,364,407,GRUPO DE RECUENTO,,,
,31,YUCATAN,14,TECOH,104,YAXCABA,1051,C,1,0,C01,167,170,20,7,1,0,2,5,0,0,0,0,0,0,0,0,372,0,0,372,406,ACTA DE CASILLA,,,
,31,YUCATAN,14,TECOH,104,YAXCABA,1052,B,1,0,B,157,126,12,16,1,1,31,31,1,0,0,0,0,0,0,0,376,0,1,377,509,GRUPO DE RECUENTO,,,
,31,YUCATAN,14,TECOH,104,YAXCABA,1052,C,1,0,C01,183,122,9,5,0,1,4,14,0,0,0,0,0,0,0,0,338,0,3,341,509,ACTA DE CASILLA,,,
,31,YUCATAN,14,TECOH,104,YAXCABA,1052,C,2,0,C02,149,138,26,14,3,0,17,20,0,0,0,0,0,0,0,0,367,0,10,377,509,ACTA DE CASILLA,,,
,31,YUCATAN,14,TECOH,104,YAXCABA,1053,B,1,0,B,231,141,25,18,1,0,21,4,0,0,1,0,0,0,0,0,442,2,6,450,612,GRUPO DE RECUENTO,,,
,31,YUCATAN,14,TECOH,104,YAXCABA,1053,C,1,0,C01,231,141,25,18,2,0,21,4,0,0,1,0,0,0,0,0,443,2,8,453,612,ACTA DE CASILLA,,,
,31,YUCATAN,14,TECOH,104,YAXCABA,1054,B,1,0,B,98,99,43,10,2,0,6,0,0,0,0,0,0,0,0,0,258,0,0,258,304,GRUPO DE RECUENTO,,,
,31,YUCATAN,14,TECOH,104,YAXCABA,1055,B,1,0,B,201,259,4,5,2,0,4,1,1,0,0,0,0,0,0,0,477,0,0,477,561,ACTA DE CASILLA,,,
,31,YUCATAN,14,TECOH,104,YAXCABA,1055,C,1,0,C01,214,223,7,16,2,1,6,1,0,0,0,0,0,0,0,0,470,0,1,471,561,GRUPO DE RECUENTO,,,
,31,YUCATAN,14,TECOH,104,YAXCABA,1055,C,2,0,C02,229,221,17,12,0,0,9,1,0,0,0,0,0,0,0,0,489,0,0,489,561,GRUPO DE RECUENTO,,,
,31,YUCATAN,9,PROGRESO,105,YAXKUKUL,1056,B,1,0,B,0,0,0,0,0,0,0,0,0,0,0,0,0,0,0,0,0,0,0,0,677,ACTA DE CASILLA,,,
,31,YUCATAN,9,PROGRESO,105,YAXKUKUL,1056,C,1,0,C01,66,40,1,114,25,17,134,66,1,2,98,0,0,0,0,0,564,1,15,580,677,ACTA DE CASILLA,,,
,31,YUCATAN,9,PROGRESO,105,YAXKUKUL,1056,C,2,0,C02,0,0,0,0,0,0,0,0,0,0,0,0,0,0,0,0,0,0,0,0,677,ACTA DE CASILLA,,,
,31,YUCATAN,9,PROGRESO,105,YAXKUKUL,1056,C,3,0,C03,52,25,5,102,25,35,141,65,2,1,112,0,0,0,0,0,565,0,17,582,676,ACTA DE CASILLA,,,
,31,YUCATAN,15,IZAMAL,106,YOBAIN,1057,B,1,0,B,51,23,0,23,1,32,148,162,1,35,91,0,0,0,0,0,567,0,14,581,681,ACTA DE CASILLA,,,
,31,YUCATAN,15,IZAMAL,106,YOBAIN,1058,B,1,0,B,79,12,1,22,1,19,133,120,3,27,59,0,0,2,0,0,478,0,13,491,559,ACTA DE CASILLA,,,
,31,YUCATAN,15,IZAMAL,106,YOBAIN,1058,C,1,0,C01,61,7,0,26,2,25,103,142,1,38,83,0,0,0,0,0,488,0,11,499,558,ACTA DE CASILLA,,,
,31,YUCATAN,15,IZAMAL,106,YOBAIN,1059,B,1,0,B,24,8,1,25,0,3,48,51,0,70,65,0,0,0,0,0,295,0,6,301,320,ACTA DE CASILLA,,,
,31,YUCATAN,4,MERIDA,50,MERIDA,1060,B,1,0,B,142,43,3,0,3,8,85,3,4,5,0,0,0,0,0,0,296,0,11,307,574,ACTA DE CASILLA,,,
,31,YUCATAN,4,MERIDA,50,MERIDA,1060,C,1,0,C01,160,52,3,5,9,12,71,5,2,5,3,0,0,0,0,0,327,1,4,332,574,ACTA DE CASILLA,,,
,31,YUCATAN,4,MERIDA,50,MERIDA,1061,B,1,0,B,147,34,3,4,1,10,71,4,1,11,3,0,0,0,0,0,289,0,5,294,523,ACTA DE CASILLA,,,
,31,YUCATAN,4,MERIDA,50,MERIDA,1061,C,1,0,C01,137,39,6,2,1,5,74,3,2,5,0,0,0,0,0,0,274,0,8,282,523,ACTA DE CASILLA,,,
,31,YUCATAN,4,MERIDA,50,MERIDA,1062,B,1,0,B,159,50,4,4,1,6,71,5,2,2,3,0,0,0,0,0,307,0,6,313,521,ACTA DE CASILLA,,,
,31,YUCATAN,4,MERIDA,50,MERIDA,1062,C,1,0,C01,144,29,7,8,0,10,73,3,2,2,3,0,0,0,0,0,281,0,3,284,521,ACTA DE CASILLA,,,
,31,YUCATAN,4,MERIDA,50,MERIDA,1063,B,1,0,B,136,54,1,6,4,7,77,5,0,3,2,0,0,0,0,0,295,0,6,301,578,ACTA DE CASILLA,,,
,31,YUCATAN,4,MERIDA,50,MERIDA,1063,C,1,0,C01,133,51,3,4,4,13,59,9,2,2,2,0,0,0,0,0,282,1,5,288,578,ACTA DE CASILLA,,,
,31,YUCATAN,4,MERIDA,50,MERIDA,1064,B,1,0,B,134,41,4,5,1,6,59,2,1,2,6,0,0,0,0,0,261,0,10,271,437,ACTA DE CASILLA,,,
,31,YUCATAN,4,MERIDA,50,MERIDA,1064,C,1,0,C01,124,43,2,5,4,7,45,5,1,3,3,0,0,0,0,0,242,0,4,246,437,ACTA DE CASILLA,,,
,31,YUCATAN,4,MERIDA,50,MERIDA,1065,B,1,0,B,128,30,3,4,1,8,77,3,0,4,4,0,0,0,0,0,262,0,8,270,473,ACTA DE CASILLA,,,
,31,YUCATAN,4,MERIDA,50,MERIDA,1065,C,1,0,C01,120,35,3,6,3,10,66,4,2,5,1,0,0,0,0,0,255,3,4,262,472,ACTA DE CASILLA,,,
,31,YUCATAN,4,MERIDA,50,MERIDA,1066,B,1,0,B,133,35,4,2,4,6,73,1,1,1,2,0,0,0,0,0,262,0,5,267,442,ACTA DE CASILLA,,,
,31,YUCATAN,4,MERIDA,50,MERIDA,1066,C,1,0,C01,120,33,1,6,7,3,83,3,2,3,0,0,0,0,0,0,261,0,7,268,441,ACTA DE CASILLA,,,
,31,YUCATAN,4,MERIDA,50,MERIDA,1067,B,1,0,B,123,50,6,2,0,6,61,2,3,3,1,0,0,0,0,0,257,2,3,262,435,ACTA DE CASILLA,,,
,31,YUCATAN,4,MERIDA,50,MERIDA,1067,C,1,0,C01,150,49,2,5,0,5,46,2,0,4,3,0,0,0,0,0,266,0,8,274,435,ACTA DE CASILLA,,,
,31,YUCATAN,4,MERIDA,50,MERIDA,1068,B,1,0,B,116,29,2,2,1,11,52,3,1,6,1,0,0,0,0,0,224,0,7,231,403,ACTA DE CASILLA,,,
,31,YUCATAN,4,MERIDA,50,MERIDA,1068,C,1,0,C01,118,51,0,1,1,5,52,0,0,6,1,0,0,0,0,0,235,0,10,245,402,ACTA DE CASILLA,,,
,31,YUCATAN,4,MERIDA,50,MERIDA,1069,B,1,0,B,194,69,4,4,5,8,97,0,0,3,0,0,0,0,0,0,384,0,0,384,670,ACTA DE CASILLA,,,
,31,YUCATAN,4,MERIDA,50,MERIDA,1070,B,1,0,B,171,39,4,2,1,8,57,4,0,7,0,0,0,0,0,0,293,0,3,296,512,ACTA DE CASILLA,,,
,31,YUCATAN,4,MERIDA,50,MERIDA,1070,C,1,0,C01,157,38,0,3,1,13,72,6,2,2,2,0,0,0,0,0,296,1,8,305,512,ACTA DE CASILLA,,,
,31,YUCATAN,4,MERIDA,50,MERIDA,1071,B,1,0,B,151,53,3,2,1,9,75,4,3,4,2,0,0,0,0,0,307,0,13,320,493,ACTA DE CASILLA,,,
,31,YUCATAN,4,MERIDA,50,MERIDA,1071,C,1,0,C01,136,54,5,5,1,20,65,4,1,7,2,0,0,0,0,0,300,0,2,302,492,GRUPO DE RECUENTO,,,
,31,YUCATAN,4,MERIDA,50,MERIDA,1072,B,1,0,B,120,39,1,4,4,10,73,1,0,3,1,0,0,0,0,0,256,1,7,264,442,ACTA DE CASILLA,,,
,31,YUCATAN,4,MERIDA,50,MERIDA,1072,C,1,0,C01,140,44,5,9,2,9,66,3,2,1,0,0,0,0,0,0,281,0,5,286,441,ACTA DE CASILLA,,,
,31,YUCATAN,4,MERIDA,50,MERIDA,1073,B,1,0,B,112,49,4,5,4,9,72,2,4,4,0,0,0,0,0,0,265,0,2,267,435,ACTA DE CASILLA,,,
,31,YUCATAN,4,MERIDA,50,MERIDA,1073,C,1,0,C01,110,47,6,4,2,5,66,3,0,4,2,0,0,0,0,0,249,0,4,253,434,ACTA DE CASILLA,,,
,31,YUCATAN,4,MERIDA,50,MERIDA,1074,B,1,0,B,116,56,4,4,0,15,69,2,1,4,2,0,0,1,0,0,274,0,5,279,518,ACTA DE CASILLA,,,
,31,YUCATAN,4,MERIDA,50,MERIDA,1074,C,1,0,C01,102,53,2,6,3,14,74,4,2,4,1,0,0,1,0,0,266,0,7,273,517,ACTA DE CASILLA,,,
,31,YUCATAN,4,MERIDA,50,MERIDA,1075,B,1,0,B,115,58,3,6,0,10,57,5,1,5,1,0,0,0,0,0,261,0,11,272,424,ACTA DE CASILLA,,,
,31,YUCATAN,4,MERIDA,50,MERIDA,1075,C,1,0,C01,105,45,2,8,5,14,64,2,3,3,3,0,0,0,0,0,254,1,9,264,423,ACTA DE CASILLA,,,
,31,YUCATAN,4,MERIDA,50,MERIDA,1076,B,1,0,B,136,31,1,3,0,11,81,2,1,7,1,0,0,0,0,0,274,0,3,277,448,ACTA DE CASILLA,,,
,31,YUCATAN,4,MERIDA,50,MERIDA,1076,C,1,0,C01,115,47,2,6,2,5,61,1,0,6,1,0,0,0,0,0,246,0,2,248,447,ACTA DE CASILLA,,,
,31,YUCATAN,4,MERIDA,50,MERIDA,1077,B,1,0,B,94,17,3,3,4,11,69,5,3,3,0,0,0,0,0,0,212,0,6,218,468,ACTA DE CASILLA,,,
,31,YUCATAN,4,MERIDA,50,MERIDA,1077,C,1,0,C01,97,28,1,2,2,4,67,4,1,2,4,0,0,0,0,0,212,0,5,217,468,ACTA DE CASILLA,,,
,31,YUCATAN,4,MERIDA,50,MERIDA,1078,B,1,0,B,216,54,1,6,2,6,65,3,2,3,0,0,0,0,0,0,358,1,11,370,576,ACTA DE CASILLA,,,
,31,YUCATAN,4,MERIDA,50,MERIDA,1078,C,1,0,C01,239,31,6,3,1,11,56,4,1,6,1,0,0,0,0,0,359,0,4,363,576,ACTA DE CASILLA,,,
,31,YUCATAN,4,MERIDA,50,MERIDA,1079,B,1,0,B,106,50,1,5,0,4,59,1,0,2,1,0,0,1,0,0,230,0,8,238,451,GRUPO DE RECUENTO,,,
,31,YUCATAN,4,MERIDA,50,MERIDA,1079,C,1,0,C01,100,33,2,3,2,4,74,3,2,4,1,0,0,0,0,0,228,1,7,236,451,ACTA DE CASILLA,,,
,31,YUCATAN,4,MERIDA,50,MERIDA,1080,B,1,0,B,100,38,0,4,2,3,71,5,1,4,2,0,0,0,0,0,230,0,7,237,441,ACTA DE CASILLA,,,
,31,YUCATAN,4,MERIDA,50,MERIDA,1080,C,1,0,C01,105,43,3,7,2,8,62,3,2,4,3,0,0,0,0,0,242,0,7,249,441,ACTA DE CASILLA,,,
,31,YUCATAN,4,MERIDA,50,MERIDA,1081,B,1,0,B,149,46,0,3,2,11,79,5,1,4,1,0,0,0,0,0,301,0,4,305,523,ACTA DE CASILLA,,,
,31,YUCATAN,4,MERIDA,50,MERIDA,1081,C,1,0,C01,129,35,3,4,1,9,96,1,3,5,3,0,0,0,0,0,289,0,10,299,523,ACTA DE CASILLA,,,
,31,YUCATAN,3,MERIDA,50,MERIDA,1082,B,1,0,B,52,40,0,2,1,8,80,2,2,1,1,0,0,0,0,0,189,,2,191,616,GRUPO DE RECUENTO,,,
,31,YUCATAN,3,MERIDA,50,MERIDA,1082,C,1,0,C01,44,34,0,3,1,6,90,6,0,1,1,0,0,0,0,0,186,,2,188,615,GRUPO DE RECUENTO,,,
,31,YUCATAN,3,MERIDA,50,MERIDA,1083,B,1,0,B,95,46,0,6,0,8,123,1,2,10,1,0,0,0,0,0,292,1,8,301,679,ACTA DE CASILLA,,,
,31,YUCATAN,3,MERIDA,50,MERIDA,1083,C,1,0,C01,99,59,1,11,2,7,111,1,0,4,6,0,0,0,0,0,301,,8,309,678,GRUPO DE RECUENTO,,,
,31,YUCATAN,3,MERIDA,50,MERIDA,1084,B,1,0,B,45,54,0,10,2,9,90,7,4,3,2,0,0,0,0,0,226,,6,232,590,GRUPO DE RECUENTO,,,
,31,YUCATAN,3,MERIDA,50,MERIDA,1085,B,1,0,B,107,60,1,3,4,7,122,4,2,9,3,0,0,0,0,0,322,,4,326,647,ACTA DE CASILLA,,,
,31,YUCATAN,3,MERIDA,50,MERIDA,1086,B,1,0,B,70,34,1,5,2,8,5,4,0,4,2,0,0,0,0,1,136,,4,140,402,ACTA DE CASILLA,,,
,31,YUCATAN,3,MERIDA,50,MERIDA,1086,C,1,0,C01,52,38,4,2,3,6,64,4,1,5,5,0,0,0,0,0,184,,4,188,401,ACTA DE CASILLA,,,
,31,YUCATAN,3,MERIDA,50,MERIDA,1087,B,1,0,B,63,38,3,3,2,8,89,8,6,10,2,0,0,1,0,0,233,,3,236,556,GRUPO DE RECUENTO,,,
,31,YUCATAN,3,MERIDA,50,MERIDA,1088,B,1,0,B,87,34,1,4,4,8,97,6,1,5,1,0,0,0,0,0,248,2,4,254,521,ACTA DE CASILLA,,,
,31,YUCATAN,3,MERIDA,50,MERIDA,1088,C,1,0,C01,110,40,0,3,5,5,78,3,2,5,1,0,0,0,0,0,252,,4,256,521,ACTA DE CASILLA,,,
,31,YUCATAN,3,MERIDA,50,MERIDA,1089,B,1,0,B,95,80,0,12,0,16,96,2,2,5,9,0,0,0,0,0,317,,16,333,704,ACTA DE CASILLA,,,
,31,YUCATAN,3,MERIDA,50,MERIDA,1090,B,1,0,B,110,80,1,5,6,6,124,2,2,4,2,0,0,1,0,0,343,0,6,349,726,ACTA DE CASILLA,,,
,31,YUCATAN,3,MERIDA,50,MERIDA,1091,B,1,0,B,73,63,5,4,1,3,70,3,0,8,1,0,0,0,0,0,231,,6,237,555,ACTA DE CASILLA,,,
,31,YUCATAN,3,MERIDA,50,MERIDA,1091,C,1,0,C01,50,63,0,3,2,3,100,2,1,6,0,0,0,0,0,0,230,,5,235,554,GRUPO DE RECUENTO,,,
,31,YUCATAN,3,MERIDA,50,MERIDA,1092,B,1,0,B,104,67,2,7,1,7,122,3,3,6,0,0,0,0,0,0,322,,9,331,636,ACTA DE CASILLA,,,
,31,YUCATAN,3,MERIDA,50,MERIDA,1093,B,1,0,B,0,0,0,0,0,0,0,0,0,0,0,0,0,0,0,0,0,0,0,0,391,ACTA DE CASILLA,,,
,31,YUCATAN,3,MERIDA,50,MERIDA,1093,C,1,0,C01,40,31,1,8,1,7,64,1,0,4,0,0,0,0,0,0,157,,2,159,391,ACTA DE CASILLA,,,
,31,YUCATAN,3,MERIDA,50,MERIDA,1094,B,1,0,B,91,50,4,5,1,8,97,2,1,3,0,0,0,0,0,0,262,,4,266,491,ACTA DE CASILLA,,,
,31,YUCATAN,3,MERIDA,50,MERIDA,1095,B,1,0,B,62,32,1,4,2,5,8,3,1,1,2,0,0,0,0,0,121,,4,125,454,GRUPO DE RECUENTO,,,
,31,YUCATAN,3,MERIDA,50,MERIDA,1095,C,1,0,C01,60,31,1,1,5,6,90,3,1,2,1,0,0,0,0,0,201,,3,204,454,ACTA DE CASILLA,,,
,31,YUCATAN,3,MERIDA,50,MERIDA,1096,B,1,0,B,120,56,2,5,2,5,108,3,2,10,1,0,0,0,0,0,314,,6,320,738,ACTA DE CASILLA,,,
,31,YUCATAN,3,MERIDA,50,MERIDA,1097,B,1,0,B,87,49,2,7,1,9,97,0,0,0,1,0,0,0,0,0,253,,4,257,623,ACTA DE CASILLA,,,
,31,YUCATAN,3,MERIDA,50,MERIDA,1098,B,1,0,B,44,44,1,3,3,5,52,2,2,5,0,0,0,0,0,0,161,,2,163,376,ACTA DE CASILLA,,,
,31,YUCATAN,3,MERIDA,50,MERIDA,1098,C,1,0,C01,57,31,1,2,0,0,50,2,0,6,0,0,0,0,0,0,149,,2,151,376,ACTA DE CASILLA,,,
,31,YUCATAN,3,MERIDA,50,MERIDA,1099,B,1,0,B,91,63,6,9,4,9,113,3,2,10,1,0,0,0,0,0,311,,6,317,669,ACTA DE CASILLA,,,
,31,YUCATAN,3,MERIDA,50,MERIDA,1100,B,1,0,B,71,93,1,6,3,4,94,2,1,9,3,0,0,0,0,2,289,,4,293,678,ACTA DE CASILLA,,,
,31,YUCATAN,3,MERIDA,50,MERIDA,1101,B,1,0,B,57,39,5,1,4,8,58,3,0,7,2,0,0,0,0,0,184,,2,186,406,ACTA DE CASILLA,,,
,31,YUCATAN,3,MERIDA,50,MERIDA,1101,C,1,0,C01,57,54,0,5,7,2,80,2,0,0,2,0,0,0,0,0,209,,8,217,405,ACTA DE CASILLA,,,
,31,YUCATAN,3,MERIDA,50,MERIDA,1102,B,1,0,B,116,75,1,5,1,6,116,4,3,2,0,0,0,0,0,0,329,,3,332,726,ACTA DE CASILLA,,,
,31,YUCATAN,3,MERIDA,50,MERIDA,1103,B,1,0,B,68,27,0,5,1,5,73,1,0,4,2,0,0,0,0,0,186,,6,192,410,ACTA DE CASILLA,,,
,31,YUCATAN,3,MERIDA,50,MERIDA,1103,C,1,0,C01,36,30,1,6,1,14,83,3,1,5,0,0,0,0,0,0,180,,7,187,410,ACTA DE CASILLA,,,
,31,YUCATAN,3,MERIDA,50,MERIDA,1104,B,1,0,B,56,34,1,8,3,5,80,3,0,4,0,0,0,0,0,0,194,,8,202,444,ACTA DE CASILLA,,,
,31,YUCATAN,3,MERIDA,50,MERIDA,1104,C,1,0,C01,67,38,0,6,1,4,66,1,1,1,0,0,0,0,0,0,185,,4,189,443,GRUPO DE RECUENTO,,,
,31,YUCATAN,3,MERIDA,50,MERIDA,1105,B,1,0,B,39,28,1,3,0,1,49,1,2,4,0,0,0,0,0,0,128,,6,134,295,ACTA DE CASILLA,,,
,31,YUCATAN,3,MERIDA,50,MERIDA,1106,B,1,0,B,78,36,3,6,4,8,110,2,15,13,0,0,0,0,0,0,275,,7,282,692,GRUPO DE RECUENTO,,,
,31,YUCATAN,3,MERIDA,50,MERIDA,1107,B,1,0,B,89,55,3,9,4,0,67,1,1,0,0,0,0,0,0,0,229,,6,235,687,ACTA DE CASILLA,,,
,31,YUCATAN,3,MERIDA,50,MERIDA,1107,C,1,0,C01,71,62,1,7,2,4,78,2,3,3,2,0,0,0,0,0,235,,3,238,686,ACTA DE CASILLA,,,
,31,YUCATAN,3,MERIDA,50,MERIDA,1108,B,1,0,B,220,48,0,6,5,8,111,6,2,7,1,0,0,0,0,1,415,,4,419,703,ACTA DE CASILLA,,,
,31,YUCATAN,3,MERIDA,50,MERIDA,1108,C,1,0,C01,196,45,0,6,4,16,110,4,0,6,1,0,0,0,0,0,388,,4,392,703,ACTA DE CASILLA,,,
,31,YUCATAN,3,MERIDA,50,MERIDA,1108,C,2,0,C02,198,30,1,7,7,12,107,2,0,3,2,0,0,0,0,0,369,,6,375,703,GRUPO DE RECUENTO,,,
,31,YUCATAN,3,MERIDA,50,MERIDA,1108,C,3,0,C03,227,42,2,11,5,13,117,4,1,3,3,0,0,0,0,0,428,,4,432,702,GRUPO DE RECUENTO,,,
,31,YUCATAN,3,MERIDA,50,MERIDA,1108,C,4,0,C04,201,56,4,11,5,7,98,3,2,5,4,0,0,0,0,0,396,,4,400,702,ACTA DE CASILLA,,,
,31,YUCATAN,3,MERIDA,50,MERIDA,1108,C,5,0,C05,212,47,1,6,0,14,98,5,1,7,1,0,0,1,0,1,394,,2,396,702,ACTA DE CASILLA,,,
,31,YUCATAN,3,MERIDA,50,MERIDA,1109,B,1,0,B,216,48,2,8,2,10,86,5,2,7,4,0,0,0,0,0,390,,7,397,661,ACTA DE CASILLA,,,
,31,YUCATAN,3,MERIDA,50,MERIDA,1109,C,1,0,C01,197,48,5,7,1,6,86,1,0,2,6,0,0,1,0,1,361,,10,371,661,ACTA DE CASILLA,,,
,31,YUCATAN,3,MERIDA,50,MERIDA,1109,C,2,0,C02,0,0,0,0,0,0,0,0,0,0,0,0,0,0,0,0,0,1,2,3,660,ACTA DE CASILLA,,,
,31,YUCATAN,3,MERIDA,50,MERIDA,1109,E,1,0,E01,232,51,1,4,2,18,75,2,0,1,1,0,0,0,0,0,387,,4,391,264,GRUPO DE RECUENTO,,,
,31,YUCATAN,3,MERIDA,50,MERIDA,1110,B,1,0,B,90,39,2,5,3,7,104,2,3,3,0,0,0,0,0,0,258,,5,263,712,ACTA DE CASILLA,,,
,31,YUCATAN,3,MERIDA,50,MERIDA,1110,C,1,0,C01,82,32,2,6,2,12,104,6,2,2,3,0,0,0,0,0,253,,4,257,712,ACTA DE CASILLA,,,
,31,YUCATAN,3,MERIDA,50,MERIDA,1110,C,2,0,C02,72,38,3,3,0,2,85,3,0,2,2,0,0,0,0,0,210,,0,210,712,GRUPO DE RECUENTO,,,
,31,YUCATAN,3,MERIDA,50,MERIDA,1110,C,3,0,C03,75,33,1,4,0,5,103,0,3,5,3,0,0,0,0,0,232,,3,235,712,ACTA DE CASILLA,,,
,31,YUCATAN,3,MERIDA,50,MERIDA,1110,C,4,0,C04,75,32,2,4,3,3,84,5,4,7,3,0,0,0,0,1,223,,5,228,712,ACTA DE CASILLA,,,
,31,YUCATAN,3,MERIDA,50,MERIDA,1111,B,1,0,B,63,74,3,5,1,2,33,2,0,3,1,0,0,0,0,0,187,,6,193,453,ACTA DE CASILLA,,,
,31,YUCATAN,3,MERIDA,50,MERIDA,1111,C,1,0,C01,64,62,4,8,1,1,64,0,3,1,1,0,0,0,0,0,209,,8,217,453,GRUPO DE RECUENTO,,,
,31,YUCATAN,3,MERIDA,50,MERIDA,1112,B,1,0,B,78,41,0,4,3,5,72,1,2,7,0,0,0,0,0,0,213,,7,220,596,GRUPO DE RECUENTO,,,
,31,YUCATAN,3,MERIDA,50,MERIDA,1112,C,1,0,C01,45,28,1,10,1,4,79,2,2,3,1,0,0,0,0,0,176,,17,193,595,GRUPO DE RECUENTO,,,
,31,YUCATAN,3,MERIDA,50,MERIDA,1112,C,2,0,C02,56,32,1,4,2,3,73,6,0,2,0,0,0,0,0,0,179,,3,182,595,ACTA DE CASILLA,,,
,31,YUCATAN,3,MERIDA,50,MERIDA,1113,B,1,0,B,67,35,3,7,1,8,108,4,2,1,5,0,0,0,0,0,241,,3,244,573,ACTA DE CASILLA,,,
,31,YUCATAN,3,MERIDA,50,MERIDA,1113,C,1,0,C01,68,43,1,8,1,2,94,2,2,3,0,0,0,0,0,0,224,,4,228,573,ACTA DE CASILLA,,,
,31,YUCATAN,3,MERIDA,50,MERIDA,1114,B,1,0,B,96,30,0,69,4,5,109,2,0,4,2,0,0,0,0,0,321,,7,328,730,GRUPO DE RECUENTO,,,
,31,YUCATAN,3,MERIDA,50,MERIDA,1114,C,1,0,C01,106,37,3,9,5,10,96,1,0,7,3,0,0,0,0,0,277,1,6,284,730,ACTA DE CASILLA,,,
,31,YUCATAN,3,MERIDA,50,MERIDA,1114,C,2,0,C02,109,45,1,5,6,7,92,5,1,6,3,0,0,0,0,0,280,,0,280,730,GRUPO DE RECUENTO,,,
,31,YUCATAN,3,MERIDA,50,MERIDA,1114,C,3,0,C03,98,35,6,5,1,4,102,5,3,6,6,0,0,0,0,0,271,,5,276,730,GRUPO DE RECUENTO,,,
,31,YUCATAN,3,MERIDA,50,MERIDA,1114,C,4,0,C04,99,41,5,9,3,9,103,5,3,3,0,0,0,0,0,0,280,1,4,285,730,GRUPO DE RECUENTO,,,
,31,YUCATAN,3,MERIDA,50,MERIDA,1114,C,5,0,C05,96,32,1,5,4,6,111,2,2,8,1,0,0,0,0,0,268,1,6,275,730,ACTA DE CASILLA,,,
,31,YUCATAN,3,MERIDA,50,MERIDA,1114,C,6,0,C06,88,48,0,9,1,8,118,5,0,0,2,0,0,1,0,0,280,,7,287,730,ACTA DE CASILLA,,,
,31,YUCATAN,3,MERIDA,50,MERIDA,1115,B,1,0,B,64,43,1,4,2,6,90,3,0,3,0,0,0,0,0,0,216,,5,221,546,ACTA DE CASILLA,,,
,31,YUCATAN,3,MERIDA,50,MERIDA,1115,C,1,0,C01,42,39,1,16,0,1,74,2,0,2,2,0,0,0,0,0,179,1,24,204,545,ACTA DE CASILLA,,,
,31,YUCATAN,3,MERIDA,50,MERIDA,1116,B,1,0,B,83,47,2,5,2,5,73,2,2,4,3,0,0,0,0,0,228,,4,232,563,ACTA DE CASILLA,,,
,31,YUCATAN,3,MERIDA,50,MERIDA,1116,C,1,0,C01,84,50,0,5,1,1,68,5,4,1,1,0,0,0,0,0,220,,9,229,562,GRUPO DE RECUENTO,,,
,31,YUCATAN,3,MERIDA,50,MERIDA,1117,B,1,0,B,63,40,0,4,1,4,82,3,1,4,2,0,0,0,0,0,204,,3,207,522,ACTA DE CASILLA,,,
,31,YUCATAN,3,MERIDA,50,MERIDA,1117,C,1,0,C01,57,41,0,5,2,1,71,2,0,2,0,0,0,0,0,0,181,,2,183,521,ACTA DE CASILLA,,,
,31,YUCATAN,3,MERIDA,50,MERIDA,1117,C,2,0,C02,66,38,1,2,3,4,62,2,2,1,2,0,0,0,0,0,183,,6,189,521,ACTA DE CASILLA,,,
,31,YUCATAN,3,MERIDA,50,MERIDA,1118,B,1,0,B,54,40,1,3,3,3,69,3,0,3,2,0,0,0,0,1,182,,6,188,502,ACTA DE CASILLA,,,
,31,YUCATAN,3,MERIDA,50,MERIDA,1118,C,1,0,C01,74,36,1,2,5,7,81,4,1,8,3,0,0,0,0,0,222,,4,226,501,GRUPO DE RECUENTO,,,
,31,YUCATAN,3,MERIDA,50,MERIDA,1118,C,2,0,C02,59,33,1,4,1,7,84,3,0,2,1,0,0,0,0,0,195,,0,195,501,GRUPO DE RECUENTO,,,
,31,YUCATAN,3,MERIDA,50,MERIDA,1119,B,1,0,B,81,58,2,5,1,5,86,4,3,7,0,0,0,0,0,1,253,,4,257,644,GRUPO DE RECUENTO,,,
,31,YUCATAN,3,MERIDA,50,MERIDA,1119,C,1,0,C01,92,63,1,6,2,5,80,3,2,6,1,0,0,0,0,0,261,,6,267,644,GRUPO DE RECUENTO,,,
,31,YUCATAN,3,MERIDA,50,MERIDA,1120,B,1,0,B,99,43,0,6,1,6,103,8,0,5,1,0,0,0,0,0,272,,3,275,582,GRUPO DE RECUENTO,,,
,31,YUCATAN,3,MERIDA,50,MERIDA,1120,C,1,0,C01,111,45,3,5,8,6,91,1,0,7,2,0,0,0,0,0,279,,2,281,582,GRUPO DE RECUENTO,,,
,31,YUCATAN,3,MERIDA,50,MERIDA,1121,B,1,0,B,98,37,0,7,1,5,76,3,2,2,1,0,0,0,0,0,232,,2,234,537,GRUPO DE RECUENTO,,,
,31,YUCATAN,3,MERIDA,50,MERIDA,1121,C,1,0,C01,86,40,1,2,3,5,66,4,1,4,4,0,0,0,0,0,216,,1,217,537,ACTA DE CASILLA,,,
,31,YUCATAN,3,MERIDA,50,MERIDA,1121,C,2,0,C02,91,44,0,4,3,6,70,3,1,3,1,0,0,0,0,0,226,,3,229,537,GRUPO DE RECUENTO,,,
,31,YUCATAN,3,MERIDA,50,MERIDA,1122,B,1,0,B,97,50,3,4,2,4,93,4,4,5,2,0,0,0,0,0,268,1,5,274,586,ACTA DE CASILLA,,,
,31,YUCATAN,3,MERIDA,50,MERIDA,1122,C,1,0,C01,99,35,1,4,5,8,95,4,1,4,1,0,0,0,0,0,257,,7,264,585,ACTA DE CASILLA,,,
,31,YUCATAN,3,MERIDA,50,MERIDA,1122,C,2,0,C02,110,43,1,4,6,1,88,9,1,7,0,0,0,0,0,0,270,,4,274,585,ACTA DE CASILLA,,,
,31,YUCATAN,3,MERIDA,50,MERIDA,1123,B,1,0,B,108,63,3,6,1,5,96,1,0,3,3,0,0,0,0,0,289,,4,293,529,ACTA DE CASILLA,,,
,31,YUCATAN,3,MERIDA,50,MERIDA,1123,C,1,0,C01,89,50,2,4,1,5,84,1,1,7,2,0,0,0,0,0,246,3,4,253,529,ACTA DE CASILLA,,,
,31,YUCATAN,3,MERIDA,50,MERIDA,1123,C,2,0,C02,93,37,1,4,4,6,80,2,0,0,0,0,0,0,0,0,227,,4,231,528,ACTA DE CASILLA,,,
,31,YUCATAN,3,MERIDA,50,MERIDA,1124,B,1,0,B,155,44,2,9,1,9,104,6,0,4,4,0,0,0,0,0,338,1,12,351,727,ACTA DE CASILLA,,,
,31,YUCATAN,3,MERIDA,50,MERIDA,1124,C,1,0,C01,140,51,4,6,4,10,112,3,2,8,3,0,0,0,0,0,343,1,8,352,727,ACTA DE CASILLA,,,
,31,YUCATAN,3,MERIDA,50,MERIDA,1124,C,2,0,C02,155,55,3,8,7,12,109,6,0,7,3,0,0,0,0,0,365,,5,370,726,ACTA DE CASILLA,,,
,31,YUCATAN,3,MERIDA,50,MERIDA,1125,B,1,0,B,112,56,0,1,1,9,111,3,0,2,0,0,0,1,0,1,297,1,2,300,697,ACTA DE CASILLA,,,
,31,YUCATAN,3,MERIDA,50,MERIDA,1125,C,1,0,C01,106,42,1,8,1,11,113,4,1,5,3,0,0,0,0,0,295,,5,300,697,ACTA DE CASILLA,,,
,31,YUCATAN,3,MERIDA,50,MERIDA,1125,C,2,0,C02,121,50,1,6,1,4,106,1,2,3,1,0,0,0,0,0,296,2,10,308,697,GRUPO DE RECUENTO,,,
,31,YUCATAN,3,MERIDA,50,MERIDA,1125,C,3,0,C03,114,40,2,7,0,6,124,2,2,5,1,0,0,0,0,0,303,,2,305,697,ACTA DE CASILLA,,,
,31,YUCATAN,3,MERIDA,50,MERIDA,1126,B,1,0,B,94,50,1,6,3,10,99,9,0,7,0,0,0,0,0,0,279,,7,286,667,ACTA DE CASILLA,,,
,31,YUCATAN,3,MERIDA,50,MERIDA,1126,C,1,0,C01,110,48,2,7,4,12,104,2,1,10,4,0,0,0,0,0,304,,5,309,666,GRUPO DE RECUENTO,,,
,31,YUCATAN,3,MERIDA,50,MERIDA,1127,B,1,0,B,107,27,2,6,1,3,116,3,3,4,2,0,0,0,0,0,274,,4,278,576,GRUPO DE RECUENTO,,,
,31,YUCATAN,3,MERIDA,50,MERIDA,1127,C,1,0,C01,103,33,0,4,2,6,88,4,3,4,3,0,0,0,0,0,250,1,2,253,576,ACTA DE CASILLA,,,
,31,YUCATAN,3,MERIDA,50,MERIDA,1127,C,2,0,C02,84,51,2,2,2,8,82,3,0,5,3,0,0,0,0,0,242,,4,246,576,ACTA DE CASILLA,,,
,31,YUCATAN,3,MERIDA,50,MERIDA,1128,B,1,0,B,80,41,2,4,2,5,88,5,1,5,1,0,0,0,0,1,235,1,2,238,526,ACTA DE CASILLA,,,
,31,YUCATAN,3,MERIDA,50,MERIDA,1128,C,1,0,C01,78,30,0,8,1,6,62,5,0,4,2,0,0,0,0,0,196,,5,201,526,ACTA DE CASILLA,,,
,31,YUCATAN,3,MERIDA,50,MERIDA,1128,C,2,0,C02,80,34,1,3,0,7,80,3,2,4,0,0,0,0,0,0,214,,4,218,526,ACTA DE CASILLA,,,
,31,YUCATAN,3,MERIDA,50,MERIDA,1129,B,1,0,B,109,45,1,4,2,9,89,7,1,9,2,0,0,0,0,0,278,1,6,285,623,ACTA DE CASILLA,,,
,31,YUCATAN,3,MERIDA,50,MERIDA,1129,C,1,0,C01,99,46,1,9,2,3,87,3,0,6,1,0,0,1,0,0,258,,6,264,623,ACTA DE CASILLA,,,
,31,YUCATAN,6,KANASIN,50,MERIDA,1130,B,1,0,B,62,58,0,4,1,4,78,2,1,14,1,0,0,0,0,0,225,0,4,229,488,ACTA DE CASILLA,,,
,31,YUCATAN,8,UMAN,50,MERIDA,1133,B,1,0,B,28,21,2,4,4,10,81,3,2,4,3,0,0,0,0,0,162,0,3,165,535,ACTA DE CASILLA,,,
