{"type":"FeatureCollection","metadata":{"source":"Resultados 2023-2024 Diputados Locales.xlsx","source_sheet":"DIP LOCAL","geography":"Cartografía electoral publicada por INE/IEE Chihuahua; geometrías simplificadas para visualización GIS.","candidate_categories":{"JDCH":"Juntos Defendamos a Chihuahua","SHH":"Sigamos Haciendo Historia en Chihuahua"},"note":"Las columnas de partido son marcas individuales y no deben sumarse a las columnas de candidatura/alianza.","inegi_source":"INEGI, Estadísticas Censales a Escalas Geoelectorales 2020 (Censo de Población y Vivienda 2020).","ramo28_source":"avance_participaciones_municipales_2025.xlsx, hoja Municipios; pagos de Ramo 28 acumulados 2025.","pmd_source":"Periódico Oficial del Estado de Chihuahua; consulta de PMD 2024-2027 publicada entre diciembre de 2024 y mayo de 2025."},"features":[{"type":"Feature","properties":{"municipio":"Ahumada","votes_jdch":2161,"votes_shh":3206,"votes_pvem":134,"votes_mc":670,"votes_mxrep":63,"votes_pueblo":18,"votes_no_reg":2,"votes_pan":1300,"votes_pri":643,"votes_prd":190,"votes_pt":1956,"votes_morena":1250,"votes_nulos":428,"votes_total":6682,"lista_nominal":10165,"participacion_pct":65.74,"ganador_candidatura":"SHH","votos_ganador":3206,"segundo_lugar":"JDCH","margen_votos":1045,"partido_mayor_votacion":"PT","votos_partido_ganador":1956,"inegi_anio":2020,"inegi_disponible":true,"inegi_poblacion_total":14630,"inegi_poblacion_18ymas":9208,"inegi_poblacion_18a24":1749,"inegi_escolaridad_promedio":7.78,"inegi_pea_pct":63.09,"inegi_ocupacion_pct":97.98,"inegi_afiliacion_salud_pct":84.4,"inegi_discapacidad_pct":4.42,"inegi_lengua_indigena_pct":0.74,"inegi_internet_pct":44.37,"inegi_agua_entubada_pct":99.43,"inegi_drenaje_pct":98.86,"ramo28_disponible":true,"ramo28_2025_pesos":53573593,"ramo28_estatus":"Integrado; diferencia estatal de $2","pmd_periodo":"2024-2027","pmd_url":"https://chihuahua.gob.mx/sites/default/atach2/periodico-oficial/anexos/2025-01/ANEXO 08-2025 ACUERDO N° 036-2025 PMD AHUMADA.pdf","pmd_disponible":true,"pmd_estatus":"Documento oficial localizado"},"geometry":{"type":"Polygon","coordinates":[[[-106.593515,29.694385],[-106.660931,29.749494],[-106.632616,29.804765],[-106.653814,29.88265],[-106.772727,29.945747],[-106.787894,30.027989],[-106.780311,30.174304],[-106.806891,30.222749],[-106.868136,30.277423],[-106.950278,30.298512],[-107.017326,30.323116],[-107.144961,30.376462],[-107.118521,30.466638],[-107.089466,30.527787],[-107.099725,30.614809],[-107.099034,30.708627],[-107.090051,30.801566],[-107.034313,30.861874],[-107.00354,30.897493],[-106.993056,30.940433],[-107.034176,31.031609],[-106.896195,31.083582],[-106.73784,31.160723],[-106.603224,31.118313],[-106.459721,31.165944],[-106.321069,31.125938],[-106.176764,30.989459],[-106.068651,30.889462],[-105.879336,30.835255],[-105.700662,30.698828],[-105.708651,30.535895],[-105.634996,30.330667],[-105.664387,30.22197],[-105.723989,30.179939],[-105.814549,30.136651],[-105.899012,30.063181],[-105.846862,29.984378],[-105.791358,29.864282],[-105.786505,29.75363],[-105.808489,29.72543],[-105.83152,29.699686],[-105.87415,29.695853],[-105.889803,29.709075],[-105.911212,29.720229],[-105.92999,29.731832],[-105.958173,29.735367],[-105.98372,29.733655],[-106.01523,29.738926],[-106.193387,29.770757],[-106.326006,29.749498],[-106.420668,29.711979],[-106.482848,29.679095],[-106.593515,29.694385]]]}},{"type":"Feature","properties":{"municipio":"Aldama","votes_jdch":4562,"votes_shh":4502,"votes_pvem":598,"votes_mc":736,"votes_mxrep":1127,"votes_pueblo":150,"votes_no_reg":16,"votes_pan":2973,"votes_pri":1188,"votes_prd":357,"votes_pt":335,"votes_morena":4167,"votes_nulos":833,"votes_total":12524,"lista_nominal":23317,"participacion_pct":53.71,"ganador_candidatura":"JDCH","votos_ganador":4562,"segundo_lugar":"SHH","margen_votos":60,"partido_mayor_votacion":"MOR","votos_partido_ganador":4167,"inegi_anio":2020,"inegi_disponible":true,"inegi_poblacion_total":26040,"inegi_poblacion_18ymas":17871,"inegi_poblacion_18a24":2835,"inegi_escolaridad_promedio":9.41,"inegi_pea_pct":60.8,"inegi_ocupacion_pct":97.93,"inegi_afiliacion_salud_pct":92.02,"inegi_discapacidad_pct":5.38,"inegi_lengua_indigena_pct":1.39,"inegi_internet_pct":39.35,"inegi_agua_entubada_pct":99.77,"inegi_drenaje_pct":99.49,"ramo28_disponible":true,"ramo28_2025_pesos":60806204,"ramo28_estatus":"Integrado; diferencia estatal de $2","pmd_periodo":"2024-2027","pmd_url":"https://chihuahua.gob.mx/sites/default/atach2/periodico-oficial/anexos/2025-01/ANEXO 04-2025 ACUERDO N° 003-2025 PMD ALDAMA.pdf","pmd_disponible":true,"pmd_estatus":"Documento oficial localizado"},"geometry":{"type":"Polygon","coordinates":[[[-105.992345,29.730469],[-105.969656,29.730323],[-105.941938,29.736438],[-105.919389,29.725389],[-105.896929,29.712354],[-105.881816,29.700858],[-105.854861,29.695225],[-105.815057,29.707842],[-105.800158,29.743206],[-105.755729,29.815533],[-105.724794,29.794828],[-105.698905,29.780072],[-105.662882,29.775511],[-105.636045,29.743179],[-105.621143,29.708049],[-105.592166,29.701398],[-105.520641,29.73206],[-105.461194,29.712372],[-105.430397,29.694402],[-105.42435,29.656839],[-105.453486,29.652054],[-105.459343,29.604205],[-105.37606,29.614706],[-105.354085,29.594641],[-105.380981,29.449438],[-105.328991,29.363],[-105.307056,29.34028],[-105.28067,29.340718],[-105.266762,29.327776],[-105.255888,29.309542],[-105.242798,29.278723],[-105.207985,29.251815],[-105.22086,29.231244],[-105.186266,29.218647],[-105.154217,29.199512],[-105.094012,29.194501],[-105.05626,29.19179],[-105.058636,29.168213],[-105.065143,29.146059],[-105.067252,29.125129],[-105.078082,29.115323],[-105.095557,29.104961],[-105.103638,29.092163],[-105.126869,29.082232],[-105.12633,29.062202],[-105.134034,29.047994],[-105.10957,29.027217],[-105.082504,29.002785],[-105.028561,28.996361],[-104.985294,28.985578],[-104.928227,28.980589],[-104.855533,28.990967],[-104.73278,28.758619],[-104.768724,28.771854],[-104.824215,28.787357],[-104.893648,28.813022],[-104.935524,28.780377],[-104.954531,28.771316],[-104.975995,28.74722],[-104.992608,28.736086],[-105.028403,28.73521],[-105.06846,28.736308],[-105.089688,28.724007],[-105.103073,28.692867],[-105.124878,28.700718],[-105.161583,28.709967],[-105.178528,28.720453],[-105.19219,28.724413],[-105.208556,28.742991],[-105.235342,28.764616],[-105.24704,28.775263],[-105.270633,28.784245],[-105.290051,28.764893],[-105.307977,28.758263],[-105.325141,28.750391],[-105.366715,28.73976],[-105.391589,28.728967],[-105.428921,28.733763],[-105.442954,28.718945],[-105.460766,28.724355],[-105.465019,28.707823],[-105.463618,28.688166],[-105.463528,28.676353],[-105.482909,28.675313],[-105.4894,28.657701],[-105.498043,28.643634],[-105.498807,28.629671],[-105.50481,28.598594],[-105.533161,28.595622],[-105.543188,28.583944],[-105.540075,28.570323],[-105.529617,28.559946],[-105.539222,28.558099],[-105.566194,28.574632],[-105.589511,28.585139],[-105.609263,28.599809],[-105.625588,28.619881],[-105.650101,28.624493],[-105.67201,28.651386],[-105.706786,28.667575],[-105.73404,28.680591],[-105.774233,28.689267],[-105.802941,28.669396],[-105.83249,28.666396],[-105.857307,28.68272],[-105.88587,28.689485],[-105.902482,28.698595],[-105.963962,28.731623],[-106.094236,28.832069],[-106.113035,28.887162],[-106.116532,28.891306],[-106.11876,28.894276],[-106.121652,28.897641],[-106.124634,28.902601],[-106.124261,28.906417],[-106.12434,28.910968],[-106.127093,28.9146],[-106.125084,28.919702],[-106.126596,28.921518],[-106.133945,28.921846],[-106.142036,28.925601],[-106.154128,28.929062],[-106.165282,28.930609],[-106.180539,28.938788],[-106.197742,28.964729],[-106.162406,28.977257],[-106.160844,28.999336],[-106.211147,29.086091],[-106.190019,29.092238],[-106.171546,29.108219],[-106.141656,29.117181],[-106.126572,29.14109],[-106.099062,29.156325],[-106.067359,29.145509],[-106.041953,29.152298],[-106.045496,29.172885],[-106.038897,29.194716],[-106.051083,29.2134],[-106.071048,29.234146],[-106.059053,29.25259],[-106.046313,29.276489],[-106.026805,29.306425],[-106.053894,29.30708],[-106.078183,29.346344],[-106.078377,29.380947],[-106.067563,29.391353],[-106.052272,29.398282],[-106.025718,29.396143],[-106.004229,29.401348],[-105.989115,29.405213],[-105.967331,29.397213],[-105.945287,29.377081],[-105.932728,29.371328],[-105.938067,29.380078],[-105.944196,29.390467],[-105.949609,29.402516],[-105.954868,29.418941],[-105.962934,29.431527],[-105.963288,29.459085],[-105.962005,29.469338],[-105.968674,29.492425],[-105.96236,29.508366],[-105.949623,29.529686],[-105.948479,29.552149],[-105.958253,29.567516],[-105.97535,29.566842],[-105.977462,29.57696],[-105.978849,29.594103],[-105.979079,29.627109],[-105.995802,29.643025],[-105.974304,29.6559],[-105.954596,29.664535],[-105.949926,29.675581],[-105.974335,29.696995],[-105.99573,29.704422],[-105.994144,29.720786],[-105.992345,29.730469]]]}},{"type":"Feature","properties":{"municipio":"Allende","votes_jdch":2243,"votes_shh":2162,"votes_pvem":0,"votes_mc":236,"votes_mxrep":29,"votes_pueblo":32,"votes_no_reg":1,"votes_pan":592,"votes_pri":1514,"votes_prd":114,"votes_pt":212,"votes_morena":1950,"votes_nulos":210,"votes_total":4913,"lista_nominal":7344,"participacion_pct":66.9,"ganador_candidatura":"JDCH","votos_ganador":2243,"segundo_lugar":"SHH","margen_votos":81,"partido_mayor_votacion":"MOR","votos_partido_ganador":1950,"inegi_anio":2020,"inegi_disponible":true,"inegi_poblacion_total":8362,"inegi_poblacion_18ymas":6054,"inegi_poblacion_18a24":831,"inegi_escolaridad_promedio":9.19,"inegi_pea_pct":53.95,"inegi_ocupacion_pct":97.71,"inegi_afiliacion_salud_pct":82.15,"inegi_discapacidad_pct":6.19,"inegi_lengua_indigena_pct":2.47,"inegi_internet_pct":40.45,"inegi_agua_entubada_pct":99.52,"inegi_drenaje_pct":98.67,"ramo28_disponible":true,"ramo28_2025_pesos":40380223,"ramo28_estatus":"Integrado; diferencia estatal de $2","pmd_periodo":"2024-2027","pmd_url":"https://chihuahua.gob.mx/sites/default/atach2/periodico-oficial/anexos/2025-01/ANEXO 05-2025 ACUERDO N° 212-2024  PMD 2024-2027 ALLENDE.pdf","pmd_disponible":true,"pmd_estatus":"Documento oficial localizado"},"geometry":{"type":"Polygon","coordinates":[[[-105.266521,27.440375],[-105.212655,27.396503],[-105.190134,27.376294],[-105.153661,27.346408],[-105.092813,27.368926],[-105.091583,27.369501],[-105.090947,27.368593],[-105.090479,27.367925],[-105.086482,27.362216],[-105.082351,27.356315],[-105.077864,27.349905],[-105.076763,27.348332],[-105.072671,27.342484],[-105.066929,27.334279],[-105.063822,27.329838],[-105.055465,27.318007],[-105.043196,27.301249],[-105.03119,27.285456],[-105.047428,27.261865],[-105.038001,27.202213],[-105.044534,27.203287],[-105.160036,27.142949],[-105.194472,27.141191],[-105.214893,27.132179],[-105.211258,27.114283],[-105.209015,27.084789],[-105.209191,27.067005],[-105.2118,27.054893],[-105.244086,27.020525],[-105.247146,26.99968],[-105.264286,26.990708],[-105.24834,26.977457],[-105.228503,26.917859],[-105.182292,26.890967],[-105.16171,26.884717],[-105.154467,26.862734],[-105.187868,26.831257],[-105.204469,26.827633],[-105.218933,26.820978],[-105.232773,26.813834],[-105.249287,26.805575],[-105.261576,26.79415],[-105.283552,26.783492],[-105.29874,26.783434],[-105.333453,26.772994],[-105.335813,26.787847],[-105.349214,26.796909],[-105.365565,26.806421],[-105.364527,26.816279],[-105.367546,26.83964],[-105.367339,26.84808],[-105.362735,26.863782],[-105.379427,26.864934],[-105.400487,26.870069],[-105.423336,26.866324],[-105.441358,26.860252],[-105.520794,26.925569],[-105.507274,26.933747],[-105.492952,26.944238],[-105.483785,26.957042],[-105.488766,26.974827],[-105.504409,26.974069],[-105.517522,27.014888],[-105.505963,27.018935],[-105.501108,27.022582],[-105.507673,27.030255],[-105.520448,27.044138],[-105.485255,27.067679],[-105.486833,27.085609],[-105.493091,27.09974],[-105.481143,27.112378],[-105.471161,27.125429],[-105.451245,27.11286],[-105.433885,27.120699],[-105.425358,27.142919],[-105.422123,27.163408],[-105.424547,27.186297],[-105.420819,27.206454],[-105.400727,27.217208],[-105.409037,27.253128],[-105.409016,27.264612],[-105.381043,27.267808],[-105.357362,27.278853],[-105.339829,27.291435],[-105.318366,27.303552],[-105.312768,27.322486],[-105.30346,27.341019],[-105.290011,27.353348],[-105.275616,27.370075],[-105.269815,27.394316],[-105.274453,27.412877],[-105.265669,27.435636],[-105.266521,27.440375]]]}},{"type":"Feature","properties":{"municipio":"Aquiles Serdan","votes_jdch":3042,"votes_shh":2474,"votes_pvem":756,"votes_mc":354,"votes_mxrep":123,"votes_pueblo":56,"votes_no_reg":3,"votes_pan":656,"votes_pri":2278,"votes_prd":83,"votes_pt":111,"votes_morena":2363,"votes_nulos":420,"votes_total":7228,"lista_nominal":15706,"participacion_pct":46.02,"ganador_candidatura":"JDCH","votos_ganador":3042,"segundo_lugar":"SHH","margen_votos":568,"partido_mayor_votacion":"MOR","votos_partido_ganador":2363,"inegi_anio":2020,"inegi_disponible":true,"inegi_poblacion_total":1525,"inegi_poblacion_18ymas":1076,"inegi_poblacion_18a24":133,"inegi_escolaridad_promedio":9.44,"inegi_pea_pct":54.82,"inegi_ocupacion_pct":97.62,"inegi_afiliacion_salud_pct":93.25,"inegi_discapacidad_pct":5.64,"inegi_lengua_indigena_pct":0.74,"inegi_internet_pct":27.71,"inegi_agua_entubada_pct":99.0,"inegi_drenaje_pct":97.59,"ramo28_disponible":true,"ramo28_2025_pesos":43034895,"ramo28_estatus":"Integrado; diferencia estatal de $2","pmd_periodo":"2024-2027","pmd_url":"https://chihuahua.gob.mx/sites/default/atach2/periodico-oficial/anexos/2025-01/ANEXO 08-2025 ACUERDO N° 033-2025 PMD AQUILES SERDÁN.pdf","pmd_disponible":true,"pmd_estatus":"Documento oficial localizado"},"geometry":{"type":"Polygon","coordinates":[[[-105.950761,28.646846],[-105.918705,28.697775],[-105.895379,28.690801],[-105.871087,28.685984],[-105.847904,28.679911],[-105.823821,28.662337],[-105.785182,28.676589],[-105.761343,28.687062],[-105.727577,28.672865],[-105.688836,28.659527],[-105.662697,28.644921],[-105.642848,28.623225],[-105.617019,28.61258],[-105.602439,28.592079],[-105.582875,28.582871],[-105.551296,28.569606],[-105.549076,28.558334],[-105.567613,28.547628],[-105.579397,28.533453],[-105.593535,28.516955],[-105.616605,28.517743],[-105.63864,28.511409],[-105.748101,28.458971],[-105.77377,28.458998],[-105.815726,28.465909],[-105.835491,28.471689],[-105.84746,28.490616],[-105.844373,28.501985],[-105.862378,28.505956],[-105.877619,28.526505],[-105.888288,28.522678],[-105.905289,28.508112],[-105.923103,28.516133],[-105.95102,28.549957],[-105.941606,28.598575],[-105.950761,28.646846]]]}},{"type":"Feature","properties":{"municipio":"Guadalupe Y Calvo","votes_jdch":5574,"votes_shh":5980,"votes_pvem":348,"votes_mc":252,"votes_mxrep":49,"votes_pueblo":141,"votes_no_reg":3,"votes_pan":425,"votes_pri":4991,"votes_prd":126,"votes_pt":348,"votes_morena":5632,"votes_nulos":1119,"votes_total":13466,"lista_nominal":24436,"participacion_pct":55.11,"ganador_candidatura":"SHH","votos_ganador":5980,"segundo_lugar":"JDCH","margen_votos":406,"partido_mayor_votacion":"MOR","votos_partido_ganador":5632,"inegi_anio":2020,"inegi_disponible":true,"inegi_poblacion_total":36706,"inegi_poblacion_18ymas":20958,"inegi_poblacion_18a24":4241,"inegi_escolaridad_promedio":6.22,"inegi_pea_pct":62.97,"inegi_ocupacion_pct":99.11,"inegi_afiliacion_salud_pct":87.79,"inegi_discapacidad_pct":4.59,"inegi_lengua_indigena_pct":43.78,"inegi_internet_pct":9.77,"inegi_agua_entubada_pct":92.51,"inegi_drenaje_pct":54.12,"ramo28_disponible":true,"ramo28_2025_pesos":133600938,"ramo28_estatus":"Integrado; diferencia estatal de $2","pmd_periodo":"2024-2027","pmd_url":"https://chihuahua.gob.mx/sites/default/atach2/periodico-oficial/anexos/2025-01/ANEXO 04-2025 ACUERDO N° 007-2025 PMD GUADALUPE Y CALVO.pdf","pmd_disponible":true,"pmd_estatus":"Documento oficial localizado"},"geometry":{"type":"Polygon","coordinates":[[[-107.309784,26.665366],[-107.295614,26.653341],[-107.274155,26.637695],[-107.252746,26.623708],[-107.228342,26.621731],[-107.216231,26.637395],[-107.207412,26.635758],[-107.178389,26.636795],[-107.163449,26.636651],[-107.149981,26.642699],[-107.130023,26.652223],[-107.108347,26.662984],[-107.060407,26.668565],[-107.02076,26.664201],[-106.97911,26.662724],[-106.959403,26.646698],[-106.917805,26.611992],[-106.91276,26.590279],[-106.881096,26.575562],[-106.855203,26.563041],[-106.848895,26.550325],[-106.836636,26.546253],[-106.818365,26.538568],[-106.808022,26.525457],[-106.786461,26.519607],[-106.768459,26.515888],[-106.752991,26.503709],[-106.742903,26.490344],[-106.718479,26.46984],[-106.705179,26.4463],[-106.690912,26.424254],[-106.680229,26.411383],[-106.666507,26.402498],[-106.63836,26.39218],[-106.615501,26.391111],[-106.598487,26.382563],[-106.567543,26.3734],[-106.546145,26.368588],[-106.529607,26.351086],[-106.505725,26.324164],[-106.495404,26.327362],[-106.481705,26.317627],[-106.475867,26.303077],[-106.483439,26.301529],[-106.479701,26.290364],[-106.483204,26.28331],[-106.490114,26.277452],[-106.468103,26.264589],[-106.460142,26.251374],[-106.450588,26.233945],[-106.448367,26.219564],[-106.446268,26.204274],[-106.435881,26.197426],[-106.431098,26.181394],[-106.42723,26.155395],[-106.431971,26.13454],[-106.448683,26.076974],[-106.453057,26.059953],[-106.454124,26.03481],[-106.475347,26.001592],[-106.460177,25.983699],[-106.474142,25.97295],[-106.488177,25.950639],[-106.515931,25.935494],[-106.527145,25.914406],[-106.529988,25.887084],[-106.538027,25.866475],[-106.534584,25.85176],[-106.519047,25.863827],[-106.502312,25.852846],[-106.491244,25.831899],[-106.498909,25.813189],[-106.505476,25.794557],[-106.514235,25.775274],[-106.512301,25.752959],[-106.534069,25.721418],[-106.529801,25.693974],[-106.52114,25.670629],[-106.543611,25.663049],[-106.556917,25.652734],[-106.569676,25.645442],[-106.571062,25.644539],[-106.572211,25.643719],[-106.575793,25.640877],[-106.576258,25.640386],[-106.589882,25.627116],[-106.590968,25.625924],[-106.591593,25.625239],[-106.593026,25.623685],[-106.594351,25.622309],[-106.598988,25.616845],[-106.605271,25.608873],[-106.608399,25.602581],[-106.613551,25.593684],[-106.613758,25.584734],[-106.618683,25.58185],[-106.630397,25.578902],[-106.641444,25.566064],[-106.647808,25.559306],[-106.660071,25.566061],[-106.677159,25.573724],[-106.682784,25.590922],[-106.709264,25.59143],[-106.714612,25.590706],[-106.734226,25.577973],[-106.744396,25.585687],[-106.754785,25.59918],[-106.766737,25.600977],[-106.772869,25.588718],[-106.775554,25.575255],[-106.783086,25.565248],[-106.793584,25.5681],[-106.804361,25.573923],[-106.812238,25.580783],[-106.822359,25.580544],[-106.827043,25.586343],[-106.834913,25.602817],[-106.902123,25.645075],[-106.91416,25.642872],[-106.929834,25.643399],[-106.943914,25.649537],[-106.959721,25.645891],[-106.967958,25.679383],[-106.98786,25.699079],[-107.010522,25.699286],[-107.028317,25.747443],[-107.021437,25.790767],[-107.047766,25.822198],[-107.098537,25.848562],[-107.112258,25.837359],[-107.144274,25.832423],[-107.151345,25.855154],[-107.152634,25.869015],[-107.152476,25.879654],[-107.164081,25.899487],[-107.178986,25.915205],[-107.1936,25.908075],[-107.204017,25.921715],[-107.207647,25.927746],[-107.23244,25.93359],[-107.244387,25.946076],[-107.265861,25.943411],[-107.277175,25.941872],[-107.285713,25.958263],[-107.285826,25.989231],[-107.298829,25.996684],[-107.299414,26.007983],[-107.292936,26.020916],[-107.296327,26.028924],[-107.311539,26.029782],[-107.32357,26.039539],[-107.353247,26.053864],[-107.355282,26.075062],[-107.366599,26.0797],[-107.395475,26.085152],[-107.493211,26.109717],[-107.516471,26.10454],[-107.522198,26.078487],[-107.524756,26.066945],[-107.542408,26.056731],[-107.561277,26.070592],[-107.57162,26.056001],[-107.588664,26.064994],[-107.600722,26.078189],[-107.61363,26.085116],[-107.622275,26.085446],[-107.633848,26.094432],[-107.644082,26.102841],[-107.644086,26.106304],[-107.657856,26.116689],[-107.667491,26.130702],[-107.673227,26.140264],[-107.691491,26.136298],[-107.686395,26.150894],[-107.696274,26.160123],[-107.696714,26.169769],[-107.678764,26.185361],[-107.658798,26.200128],[-107.636388,26.213821],[-107.616894,26.222234],[-107.607175,26.235948],[-107.610428,26.264351],[-107.578776,26.273928],[-107.563054,26.289562],[-107.558754,26.32285],[-107.558952,26.333843],[-107.536539,26.33804],[-107.531706,26.392915],[-107.518335,26.412091],[-107.518132,26.429942],[-107.525004,26.454603],[-107.536189,26.474324],[-107.539315,26.488223],[-107.507797,26.493947],[-107.512882,26.50769],[-107.497384,26.519684],[-107.501362,26.534166],[-107.513979,26.536456],[-107.520449,26.542519],[-107.5043,26.562115],[-107.479432,26.583073],[-107.483717,26.610698],[-107.46174,26.614558],[-107.444331,26.612323],[-107.440665,26.584371],[-107.427502,26.569258],[-107.414667,26.538526],[-107.398251,26.513808],[-107.388813,26.535825],[-107.351354,26.568015],[-107.36505,26.596196],[-107.379604,26.62595],[-107.383664,26.646057],[-107.363091,26.651517],[-107.351314,26.643125],[-107.340032,26.636052],[-107.3234,26.646088],[-107.314858,26.660894],[-107.309784,26.665366]]]}},{"type":"Feature","properties":{"municipio":"Guazapares","votes_jdch":578,"votes_shh":1423,"votes_pvem":1357,"votes_mc":502,"votes_mxrep":13,"votes_pueblo":70,"votes_no_reg":0,"votes_pan":362,"votes_pri":183,"votes_prd":21,"votes_pt":64,"votes_morena":1359,"votes_nulos":305,"votes_total":4248,"lista_nominal":6954,"participacion_pct":61.09,"ganador_candidatura":"SHH","votos_ganador":1423,"segundo_lugar":"PVEM","margen_votos":66,"partido_mayor_votacion":"MOR","votos_partido_ganador":1359,"inegi_anio":2020,"inegi_disponible":true,"inegi_poblacion_total":10262,"inegi_poblacion_18ymas":6123,"inegi_poblacion_18a24":969,"inegi_escolaridad_promedio":6.09,"inegi_pea_pct":49.82,"inegi_ocupacion_pct":95.15,"inegi_afiliacion_salud_pct":84.66,"inegi_discapacidad_pct":5.19,"inegi_lengua_indigena_pct":44.21,"inegi_internet_pct":7.3,"inegi_agua_entubada_pct":86.77,"inegi_drenaje_pct":51.67,"ramo28_disponible":true,"ramo28_2025_pesos":38499772,"ramo28_estatus":"Integrado; diferencia estatal de $2","pmd_periodo":"2024-2027","pmd_url":"https://chihuahua.gob.mx/sites/default/atach2/periodico-oficial/anexos/2025-01/ANEXO 06-2025 ACUERDO N° 019-2025 PMD 2024-2027 GUAZAPARES.pdf","pmd_disponible":true,"pmd_estatus":"Documento oficial localizado"},"geometry":{"type":"Polygon","coordinates":[[[-108.137743,27.799743],[-108.091685,27.792136],[-108.064021,27.773142],[-108.034704,27.748364],[-108.00749,27.72397],[-108.03854,27.692542],[-108.001235,27.672718],[-107.976459,27.660893],[-107.959327,27.624666],[-107.988567,27.607574],[-108.034869,27.599055],[-107.969569,27.553871],[-107.972583,27.519497],[-108.005471,27.529829],[-108.04017,27.523129],[-108.064229,27.525257],[-108.037185,27.482278],[-108.031586,27.438225],[-108.057312,27.42391],[-108.074805,27.399664],[-108.073806,27.360944],[-108.127766,27.341939],[-108.159659,27.355424],[-108.168214,27.317136],[-108.181644,27.283116],[-108.166062,27.251953],[-108.14259,27.229522],[-108.102543,27.208042],[-108.092897,27.189703],[-108.091869,27.160934],[-108.095725,27.122776],[-108.155033,27.105978],[-108.184306,27.075652],[-108.19948,27.069402],[-108.23956,27.044885],[-108.272749,27.023467],[-108.290949,27.031373],[-108.302703,27.028139],[-108.321043,27.047963],[-108.332194,27.043072],[-108.34726,27.032014],[-108.359031,27.050699],[-108.380657,27.051153],[-108.384374,27.043801],[-108.381562,27.036198],[-108.393542,27.025463],[-108.406988,27.018282],[-108.404542,27.01134],[-108.415971,27.012163],[-108.440801,27.022299],[-108.464321,27.025727],[-108.476822,27.026977],[-108.481347,27.053874],[-108.477591,27.084912],[-108.498951,27.108107],[-108.500394,27.136358],[-108.494647,27.162533],[-108.488019,27.184797],[-108.474059,27.200317],[-108.454032,27.22038],[-108.429639,27.232132],[-108.395179,27.234775],[-108.374586,27.261626],[-108.352628,27.28335],[-108.341547,27.295207],[-108.346679,27.316759],[-108.360972,27.335548],[-108.364795,27.382752],[-108.379873,27.397569],[-108.398242,27.402551],[-108.412134,27.411645],[-108.43363,27.428888],[-108.439227,27.458134],[-108.453563,27.475917],[-108.456483,27.518143],[-108.427991,27.524958],[-108.40974,27.551354],[-108.411425,27.557654],[-108.428092,27.579754],[-108.432929,27.595504],[-108.416507,27.607508],[-108.398757,27.622815],[-108.414223,27.632328],[-108.389747,27.644124],[-108.373731,27.666308],[-108.37185,27.685667],[-108.343658,27.695368],[-108.334725,27.712785],[-108.315953,27.720711],[-108.309045,27.716865],[-108.286016,27.70093],[-108.292186,27.717845],[-108.272227,27.733705],[-108.278289,27.749717],[-108.185277,27.75527],[-108.187345,27.773],[-108.153751,27.77253],[-108.137743,27.799743]]]}},{"type":"Feature","properties":{"municipio":"Guerrero","votes_jdch":7097,"votes_shh":6143,"votes_pvem":438,"votes_mc":581,"votes_mxrep":106,"votes_pueblo":104,"votes_no_reg":7,"votes_pan":3200,"votes_pri":3463,"votes_prd":342,"votes_pt":740,"votes_morena":5403,"votes_nulos":1236,"votes_total":15712,"lista_nominal":30790,"participacion_pct":51.03,"ganador_candidatura":"JDCH","votos_ganador":7097,"segundo_lugar":"SHH","margen_votos":954,"partido_mayor_votacion":"MOR","votos_partido_ganador":5403,"inegi_anio":2020,"inegi_disponible":true,"inegi_poblacion_total":35251,"inegi_poblacion_18ymas":24251,"inegi_poblacion_18a24":3396,"inegi_escolaridad_promedio":7.76,"inegi_pea_pct":60.01,"inegi_ocupacion_pct":98.6,"inegi_afiliacion_salud_pct":84.16,"inegi_discapacidad_pct":6.64,"inegi_lengua_indigena_pct":3.67,"inegi_internet_pct":23.47,"inegi_agua_entubada_pct":96.57,"inegi_drenaje_pct":86.2,"ramo28_disponible":true,"ramo28_2025_pesos":111228125,"ramo28_estatus":"Integrado; diferencia estatal de $2","pmd_periodo":"2024-2027","pmd_url":"https://chihuahua.gob.mx/sites/default/atach2/periodico-oficial/anexos/2025-01/ANEXO 09-2025 ACUERDO N° 051-2025 PMD 2024-2027 GUERRERO.pdf","pmd_disponible":true,"pmd_estatus":"Documento oficial localizado"},"geometry":{"type":"Polygon","coordinates":[[[-107.538758,28.912383],[-107.501457,28.870575],[-107.509581,28.855043],[-107.51507,28.838762],[-107.507781,28.823702],[-107.481727,28.794414],[-107.466496,28.781847],[-107.456265,28.76144],[-107.452054,28.738151],[-107.425987,28.750335],[-107.371011,28.717491],[-107.343792,28.689479],[-107.286594,28.669737],[-107.266986,28.641119],[-107.224929,28.623061],[-107.207124,28.573274],[-107.177026,28.590239],[-107.172035,28.544861],[-107.100522,28.500221],[-107.087159,28.467748],[-107.083805,28.437919],[-107.081111,28.417265],[-107.071391,28.403015],[-107.07178,28.35225],[-107.098559,28.333211],[-107.127913,28.311958],[-107.140139,28.287961],[-107.153153,28.311477],[-107.185993,28.288765],[-107.191491,28.262112],[-107.184123,28.249339],[-107.210262,28.219327],[-107.21151,28.192759],[-107.196092,28.173658],[-107.167311,28.15402],[-107.165404,28.134163],[-107.183901,28.110798],[-107.210914,28.094283],[-107.22025,28.071876],[-107.233246,28.062255],[-107.218747,28.032575],[-107.235187,28.027175],[-107.25138,28.012729],[-107.273602,28.012618],[-107.297335,28.016376],[-107.313736,28.018792],[-107.339757,28.00987],[-107.358738,28.00779],[-107.387934,28.011729],[-107.418983,28.032761],[-107.442332,28.033686],[-107.46786,28.044425],[-107.477878,28.020307],[-107.513191,28.030719],[-107.530775,28.02745],[-107.525268,28.0377],[-107.531381,28.050945],[-107.530278,28.063098],[-107.544268,28.078495],[-107.551395,28.098573],[-107.583444,28.085945],[-107.598444,28.06933],[-107.604821,28.061773],[-107.615114,28.078698],[-107.626637,28.091589],[-107.641777,28.105823],[-107.658407,28.104762],[-107.672603,28.094421],[-107.682206,28.097122],[-107.705879,28.107344],[-107.713134,28.087946],[-107.721061,28.079634],[-107.723827,28.058226],[-107.741626,28.041345],[-107.766443,28.035288],[-107.784926,28.035297],[-107.795799,28.054703],[-107.804976,28.04474],[-107.811108,28.042618],[-107.82855,28.049977],[-107.844757,28.055343],[-107.860364,28.068698],[-107.884408,28.083401],[-107.895045,28.097662],[-107.910398,28.102235],[-107.914703,28.116444],[-107.914134,28.132921],[-107.93815,28.15198],[-107.95184,28.172274],[-107.948119,28.193095],[-107.967417,28.202058],[-108.015142,28.239403],[-108.020562,28.26754],[-108.046689,28.279834],[-108.030108,28.320612],[-108.013228,28.340866],[-107.985647,28.352655],[-107.964828,28.36133],[-107.931773,28.364539],[-107.923589,28.385908],[-107.923702,28.416003],[-107.874353,28.424267],[-107.831141,28.433813],[-107.845218,28.466936],[-107.875665,28.506986],[-107.877855,28.521286],[-107.863657,28.529897],[-107.869684,28.536671],[-107.870881,28.552294],[-107.869291,28.568781],[-107.85464,28.608037],[-107.859393,28.634809],[-107.885184,28.641892],[-107.865624,28.656875],[-107.825933,28.674683],[-107.802729,28.673273],[-107.765558,28.674361],[-107.728085,28.675254],[-107.703739,28.685568],[-107.688444,28.697701],[-107.671301,28.708934],[-107.660205,28.723398],[-107.642481,28.74133],[-107.631813,28.75812],[-107.62251,28.771269],[-107.609022,28.775837],[-107.592874,28.780896],[-107.576368,28.792124],[-107.572488,28.850558],[-107.565001,28.877711],[-107.549133,28.895694],[-107.54101,28.909658],[-107.538758,28.912383]]]}},{"type":"Feature","properties":{"municipio":"Hidalgo Del Parral","votes_jdch":20681,"votes_shh":14656,"votes_pvem":1080,"votes_mc":12951,"votes_mxrep":299,"votes_pueblo":306,"votes_no_reg":10,"votes_pan":10562,"votes_pri":9026,"votes_prd":912,"votes_pt":2288,"votes_morena":12368,"votes_nulos":2599,"votes_total":52582,"lista_nominal":91236,"participacion_pct":57.63,"ganador_candidatura":"JDCH","votos_ganador":20681,"segundo_lugar":"SHH","margen_votos":6025,"partido_mayor_votacion":"MC","votos_partido_ganador":12951,"inegi_anio":2020,"inegi_disponible":true,"inegi_poblacion_total":109043,"inegi_poblacion_18ymas":76764,"inegi_poblacion_18a24":12900,"inegi_escolaridad_promedio":10.44,"inegi_pea_pct":58.4,"inegi_ocupacion_pct":97.67,"inegi_afiliacion_salud_pct":87.9,"inegi_discapacidad_pct":5.48,"inegi_lengua_indigena_pct":1.02,"inegi_internet_pct":61.22,"inegi_agua_entubada_pct":99.44,"inegi_drenaje_pct":99.37,"ramo28_disponible":true,"ramo28_2025_pesos":316545899,"ramo28_estatus":"Integrado; diferencia estatal de $2","pmd_periodo":"2024-2027","pmd_url":"https://chihuahua.gob.mx/sites/default/atach2/periodico-oficial/anexos/2025-01/ANEXO 07-2025 ACUERDO N° 029-2025 PMD 2024-2027 HIDALGO DEL PARRAL..pdf","pmd_disponible":true,"pmd_estatus":"Documento oficial localizado"},"geometry":{"type":"Polygon","coordinates":[[[-105.444547,27.339795],[-105.425366,27.335175],[-105.434099,27.323182],[-105.429517,27.311261],[-105.42872,27.295921],[-105.413577,27.288198],[-105.378895,27.287199],[-105.357362,27.278853],[-105.381043,27.267808],[-105.409016,27.264612],[-105.409037,27.253128],[-105.400727,27.217208],[-105.420819,27.206454],[-105.424547,27.186297],[-105.422123,27.163408],[-105.425358,27.142919],[-105.433885,27.120699],[-105.451245,27.11286],[-105.471161,27.125429],[-105.481143,27.112378],[-105.493091,27.09974],[-105.486833,27.085609],[-105.485255,27.067679],[-105.520448,27.044138],[-105.507673,27.030255],[-105.501108,27.022582],[-105.505963,27.018935],[-105.517522,27.014888],[-105.504409,26.974069],[-105.488766,26.974827],[-105.483785,26.957042],[-105.492952,26.944238],[-105.507274,26.933747],[-105.520794,26.925569],[-105.577439,26.86665],[-105.596221,26.874657],[-105.60457,26.870026],[-105.614391,26.871095],[-105.627406,26.880259],[-105.645085,26.875536],[-105.686813,26.850709],[-105.697252,26.858795],[-105.708969,26.871303],[-105.717897,26.884631],[-105.742105,26.902445],[-105.749114,26.910862],[-105.765576,26.914719],[-105.787348,26.937361],[-105.790193,26.950204],[-105.79525,26.962919],[-105.796505,26.979689],[-105.804245,26.978517],[-105.809671,26.989991],[-105.846797,26.995697],[-105.874332,26.998276],[-105.88623,26.988415],[-105.890998,26.977993],[-105.900456,26.976481],[-105.90982,26.986205],[-105.927704,26.996891],[-105.933577,27.015834],[-105.942448,27.028685],[-105.946528,27.041507],[-105.935037,27.050024],[-105.941577,27.062778],[-105.947227,27.07949],[-105.937192,27.106345],[-105.934505,27.120199],[-105.94525,27.146684],[-105.929934,27.155426],[-105.917379,27.172605],[-105.912877,27.182072],[-105.921483,27.198802],[-105.91003,27.215748],[-105.912989,27.253388],[-105.930999,27.26226],[-105.946484,27.250235],[-105.931651,27.274816],[-105.932544,27.285388],[-105.936635,27.293803],[-105.944796,27.303197],[-105.942497,27.317414],[-105.919803,27.316644],[-105.90376,27.310502],[-105.883455,27.284549],[-105.862205,27.267102],[-105.845076,27.264343],[-105.822667,27.265889],[-105.794072,27.25861],[-105.776288,27.241059],[-105.749403,27.225011],[-105.730301,27.246006],[-105.719606,27.267751],[-105.692289,27.231065],[-105.676341,27.230955],[-105.660577,27.232706],[-105.641093,27.245761],[-105.618188,27.245294],[-105.60145,27.252333],[-105.581741,27.247561],[-105.555897,27.265835],[-105.564297,27.292178],[-105.529196,27.306572],[-105.511454,27.306993],[-105.486444,27.312782],[-105.458967,27.334922],[-105.444547,27.339795]]]}},{"type":"Feature","properties":{"municipio":"Huejotitan","votes_jdch":133,"votes_shh":850,"votes_pvem":5,"votes_mc":134,"votes_mxrep":5,"votes_pueblo":7,"votes_no_reg":0,"votes_pan":55,"votes_pri":66,"votes_prd":8,"votes_pt":162,"votes_morena":688,"votes_nulos":49,"votes_total":1183,"lista_nominal":1558,"participacion_pct":75.93,"ganador_candidatura":"SHH","votos_ganador":850,"segundo_lugar":"MC","margen_votos":716,"partido_mayor_votacion":"MOR","votos_partido_ganador":688,"inegi_anio":2020,"inegi_disponible":true,"inegi_poblacion_total":863,"inegi_poblacion_18ymas":620,"inegi_poblacion_18a24":74,"inegi_escolaridad_promedio":7.07,"inegi_pea_pct":44.41,"inegi_ocupacion_pct":99.02,"inegi_afiliacion_salud_pct":94.44,"inegi_discapacidad_pct":6.6,"inegi_lengua_indigena_pct":1.6,"inegi_internet_pct":20.68,"inegi_agua_entubada_pct":98.64,"inegi_drenaje_pct":96.27,"ramo28_disponible":true,"ramo28_2025_pesos":23698626,"ramo28_estatus":"Integrado; diferencia estatal de $2","pmd_periodo":"2024-2027","pmd_url":"https://chihuahua.gob.mx/sites/default/atach2/periodico-oficial/anexos/2025-01/ANEXO 02-2025 ACUERDO N° 195-2024 PMD 2024-2027 HUEJOTITÁN.pdf","pmd_disponible":true,"pmd_estatus":"Documento oficial localizado"},"geometry":{"type":"Polygon","coordinates":[[[-106.113981,27.274407],[-106.076873,27.267804],[-106.031663,27.24165],[-105.989784,27.238346],[-105.962666,27.231591],[-105.942373,27.236784],[-105.926546,27.220732],[-105.91604,27.202567],[-105.919964,27.188307],[-105.911558,27.17777],[-105.922005,27.162891],[-105.938462,27.149863],[-105.937662,27.12542],[-105.93196,27.115395],[-105.943942,27.091442],[-105.937969,27.068536],[-105.938056,27.05706],[-105.939766,27.042209],[-105.946209,27.0349],[-105.938939,27.021563],[-105.930475,27.003926],[-105.93536,26.991323],[-105.948069,26.983391],[-105.960787,26.974054],[-105.946091,26.9525],[-105.95994,26.939042],[-105.972983,26.901098],[-106.043102,26.874862],[-106.098256,26.886708],[-106.132443,26.903833],[-106.178188,26.919242],[-106.19134,26.933126],[-106.214409,26.944367],[-106.227206,26.95883],[-106.229468,26.974947],[-106.208289,27.003411],[-106.22127,27.02292],[-106.211109,27.057709],[-106.193241,27.069792],[-106.19385,27.089452],[-106.193931,27.097105],[-106.187351,27.102451],[-106.171993,27.102816],[-106.165617,27.116103],[-106.169154,27.137093],[-106.174001,27.146018],[-106.160388,27.148076],[-106.1408,27.154026],[-106.12158,27.160136],[-106.103596,27.166977],[-106.101414,27.180304],[-106.10182,27.204812],[-106.108432,27.223731],[-106.11153,27.236437],[-106.112074,27.251478],[-106.116214,27.268971],[-106.113981,27.274407]]]}},{"type":"Feature","properties":{"municipio":"Ignacio Zaragoza","votes_jdch":417,"votes_shh":1196,"votes_pvem":35,"votes_mc":1262,"votes_mxrep":44,"votes_pueblo":13,"votes_no_reg":0,"votes_pan":305,"votes_pri":67,"votes_prd":32,"votes_pt":364,"votes_morena":829,"votes_nulos":195,"votes_total":3162,"lista_nominal":5385,"participacion_pct":58.72,"ganador_candidatura":"MC","votos_ganador":1262,"segundo_lugar":"SHH","margen_votos":66,"partido_mayor_votacion":"MC","votos_partido_ganador":1262,"inegi_anio":2020,"inegi_disponible":true,"inegi_poblacion_total":4214,"inegi_poblacion_18ymas":3171,"inegi_poblacion_18a24":326,"inegi_escolaridad_promedio":7.4,"inegi_pea_pct":57.46,"inegi_ocupacion_pct":99.41,"inegi_afiliacion_salud_pct":91.53,"inegi_discapacidad_pct":10.06,"inegi_lengua_indigena_pct":0.31,"inegi_internet_pct":34.74,"inegi_agua_entubada_pct":99.13,"inegi_drenaje_pct":92.4,"ramo28_disponible":true,"ramo28_2025_pesos":30669508,"ramo28_estatus":"Integrado; diferencia estatal de $2","pmd_periodo":"2024-2027","pmd_url":"https://chihuahua.gob.mx/sites/default/atach2/periodico-oficial/anexos/2025-01/ANEXO 06-2025 ACUERDO N° 020-2025 PMD 2024-2027 IGNACIO ZARAGOZA.pdf","pmd_disponible":true,"pmd_estatus":"Documento oficial localizado"},"geometry":{"type":"Polygon","coordinates":[[[-107.985925,30.029736],[-107.958152,30.010655],[-107.922547,30.000997],[-107.875142,30.01094],[-107.787697,29.991387],[-107.619793,29.946948],[-107.57279,29.925282],[-107.583727,29.900092],[-107.600701,29.872651],[-107.562365,29.858202],[-107.494027,29.846393],[-107.438183,29.762361],[-107.429031,29.723956],[-107.417381,29.688278],[-107.389251,29.654533],[-107.384583,29.626257],[-107.380802,29.598308],[-107.394251,29.567931],[-107.391834,29.562411],[-107.394141,29.544841],[-107.407548,29.515163],[-107.456185,29.505054],[-107.508934,29.485882],[-107.555487,29.456811],[-107.618147,29.455831],[-107.673796,29.479751],[-107.725968,29.473889],[-107.795511,29.500055],[-107.813036,29.525872],[-107.839427,29.528192],[-107.874887,29.510599],[-107.905314,29.520835],[-107.935853,29.573343],[-107.919097,29.629863],[-107.965707,29.681861],[-107.992241,29.75523],[-107.989956,29.809363],[-107.992276,29.842208],[-108.001396,29.881475],[-107.996047,29.904653],[-107.991825,29.930411],[-107.990349,29.97031],[-108.011127,29.999135],[-108.006566,30.005939],[-107.988333,30.026252],[-107.985925,30.029736]]]}},{"type":"Feature","properties":{"municipio":"Janos","votes_jdch":1905,"votes_shh":1589,"votes_pvem":64,"votes_mc":544,"votes_mxrep":36,"votes_pueblo":140,"votes_no_reg":2,"votes_pan":1437,"votes_pri":387,"votes_prd":54,"votes_pt":71,"votes_morena":1511,"votes_nulos":251,"votes_total":4531,"lista_nominal":8854,"participacion_pct":51.17,"ganador_candidatura":"JDCH","votos_ganador":1905,"segundo_lugar":"SHH","margen_votos":316,"partido_mayor_votacion":"MOR","votos_partido_ganador":1511,"inegi_anio":2020,"inegi_disponible":true,"inegi_poblacion_total":10265,"inegi_poblacion_18ymas":6454,"inegi_poblacion_18a24":1068,"inegi_escolaridad_promedio":6.97,"inegi_pea_pct":56.36,"inegi_ocupacion_pct":95.89,"inegi_afiliacion_salud_pct":73.47,"inegi_discapacidad_pct":3.96,"inegi_lengua_indigena_pct":5.92,"inegi_internet_pct":23.13,"inegi_agua_entubada_pct":99.73,"inegi_drenaje_pct":94.68,"ramo28_disponible":true,"ramo28_2025_pesos":35576953,"ramo28_estatus":"Integrado; diferencia estatal de $2","pmd_periodo":"2024-2027","pmd_url":"https://chihuahua.gob.mx/sites/default/atach2/periodico-oficial/anexos/2025-01/ANEXO 06-2025 ACUERDO N° 017-2025 PMD 2024-2027 JANOS.pdf","pmd_disponible":true,"pmd_estatus":"Documento oficial localizado"},"geometry":{"type":"Polygon","coordinates":[[[-108.805775,31.250783],[-108.781519,31.265994],[-108.754073,31.283193],[-108.747427,31.302444],[-108.744326,31.317875],[-108.784518,31.326144],[-108.207681,31.27975],[-108.100167,31.110088],[-108.095454,31.1],[-108.096351,31.055753],[-108.087411,31.04534],[-108.026424,30.950983],[-108.006337,30.926426],[-107.984623,30.907054],[-107.999098,30.861674],[-107.989335,30.835278],[-107.981982,30.805172],[-107.979967,30.775553],[-107.965543,30.74717],[-107.946792,30.715086],[-108.073518,30.616967],[-108.109217,30.605517],[-108.172586,30.572805],[-108.143832,30.501815],[-108.148401,30.463266],[-108.16272,30.432923],[-108.205775,30.403055],[-108.260124,30.385164],[-108.311706,30.393061],[-108.351962,30.389204],[-108.369514,30.369315],[-108.392361,30.346654],[-108.436912,30.362161],[-108.488339,30.368336],[-108.504072,30.342813],[-108.533946,30.353243],[-108.573879,30.368439],[-108.622988,30.370402],[-108.60114,30.48441],[-108.632279,30.537152],[-108.730139,30.570288],[-108.835402,30.606394],[-108.842424,30.648285],[-108.796036,30.701692],[-108.831414,30.873926],[-108.858068,30.891543],[-108.88757,30.927844],[-108.914297,30.972713],[-108.882515,31.080589],[-108.910376,31.119005],[-108.916057,31.138626],[-108.931257,31.156975],[-108.941934,31.213508],[-108.946072,31.236681],[-108.949859,31.257703],[-108.90521,31.230418],[-108.832401,31.197401],[-108.80706,31.22751],[-108.805775,31.250783]]]}},{"type":"Feature","properties":{"municipio":"Jimenez","votes_jdch":5084,"votes_shh":6566,"votes_pvem":0,"votes_mc":5079,"votes_mxrep":124,"votes_pueblo":135,"votes_no_reg":1,"votes_pan":2355,"votes_pri":1778,"votes_prd":882,"votes_pt":593,"votes_morena":5973,"votes_nulos":892,"votes_total":17881,"lista_nominal":31073,"participacion_pct":57.55,"ganador_candidatura":"SHH","votos_ganador":6566,"segundo_lugar":"JDCH","margen_votos":1482,"partido_mayor_votacion":"MOR","votos_partido_ganador":5973,"inegi_anio":2020,"inegi_disponible":true,"inegi_poblacion_total":40863,"inegi_poblacion_18ymas":27365,"inegi_poblacion_18a24":4555,"inegi_escolaridad_promedio":9.55,"inegi_pea_pct":57.27,"inegi_ocupacion_pct":97.19,"inegi_afiliacion_salud_pct":87.41,"inegi_discapacidad_pct":3.9,"inegi_lengua_indigena_pct":1.43,"inegi_internet_pct":42.07,"inegi_agua_entubada_pct":99.03,"inegi_drenaje_pct":98.2,"ramo28_disponible":true,"ramo28_2025_pesos":121989054,"ramo28_estatus":"Integrado; diferencia estatal de $2","pmd_periodo":"2024-2027","pmd_url":"https://chihuahua.gob.mx/sites/default/atach2/periodico-oficial/anexos/2025-01/ANEXO 09-2025 ACUERDO N° 044-2025 PMD 2024-2027 JIMÉNEZ.pdf","pmd_disponible":true,"pmd_estatus":"Documento oficial localizado"},"geometry":{"type":"Polygon","coordinates":[[[-104.104547,27.611134],[-104.072172,27.599455],[-104.016566,27.604642],[-104.006323,27.587911],[-103.992989,27.577717],[-103.978177,27.566196],[-103.963361,27.561048],[-103.94586,27.532301],[-103.935458,27.552736],[-103.905653,27.576206],[-103.807647,27.223899],[-103.86351,26.7585],[-104.065932,26.738184],[-104.212338,26.77401],[-104.238607,26.797615],[-104.262518,26.820997],[-104.304771,26.793778],[-104.276541,26.776458],[-104.291784,26.723349],[-104.305819,26.69656],[-104.355849,26.644692],[-104.405091,26.623763],[-104.430166,26.603804],[-104.440918,26.570412],[-104.470175,26.511274],[-104.49552,26.470599],[-104.499351,26.445292],[-104.548704,26.364452],[-104.583908,26.360413],[-104.607195,26.370973],[-104.634056,26.381946],[-104.655669,26.397266],[-104.670422,26.420843],[-104.689472,26.441097],[-104.713994,26.466944],[-104.747245,26.484358],[-104.75916,26.522297],[-104.798987,26.556608],[-104.789229,26.575233],[-104.77605,26.599184],[-104.770569,26.616279],[-104.752571,26.616939],[-104.725495,26.604216],[-104.698197,26.607178],[-104.705806,26.624607],[-104.70864,26.641124],[-104.725317,26.658803],[-104.729372,26.668322],[-104.723508,26.681512],[-104.717033,26.697449],[-104.701841,26.699672],[-104.704061,26.713629],[-104.697574,26.720894],[-104.702864,26.737677],[-104.717169,26.754748],[-104.722746,26.781706],[-104.787363,26.86611],[-104.808967,26.868813],[-104.827786,26.845476],[-104.843253,26.845349],[-104.863972,26.866387],[-104.870948,26.885905],[-104.872393,26.911195],[-104.879371,26.932447],[-104.905286,26.939277],[-104.940888,26.986363],[-104.951452,26.99952],[-104.950829,27.018029],[-105.001261,27.029436],[-105.006164,27.045964],[-104.994096,27.134194],[-105.018346,27.172732],[-105.036326,27.192501],[-105.03519,27.203242],[-105.044148,27.270198],[-105.040355,27.297456],[-105.044291,27.302745],[-105.05642,27.31931],[-105.064958,27.331462],[-105.068087,27.335933],[-105.073052,27.343029],[-105.077293,27.349089],[-105.079141,27.351729],[-105.084012,27.358688],[-105.087363,27.363475],[-105.090543,27.368016],[-105.091181,27.368927],[-105.091752,27.369743],[-105.06788,27.37657],[-104.987189,27.38509],[-104.950158,27.421064],[-104.864,27.446815],[-104.853748,27.459202],[-104.833288,27.441742],[-104.819373,27.423995],[-104.802681,27.410772],[-104.786654,27.402432],[-104.755243,27.409951],[-104.725447,27.398411],[-104.704133,27.403223],[-104.663855,27.366957],[-104.651826,27.378099],[-104.652058,27.399378],[-104.633214,27.405246],[-104.615982,27.413341],[-104.626707,27.437313],[-104.629706,27.444919],[-104.589481,27.445809],[-104.569308,27.46078],[-104.550085,27.468128],[-104.520385,27.480058],[-104.503313,27.469923],[-104.465316,27.475324],[-104.448727,27.498382],[-104.43483,27.515885],[-104.408446,27.52977],[-104.372671,27.544827],[-104.34776,27.561348],[-104.344711,27.578243],[-104.329562,27.600704],[-104.313476,27.589219],[-104.301332,27.570691],[-104.284376,27.552498],[-104.260283,27.547268],[-104.237115,27.564074],[-104.20473,27.572443],[-104.168897,27.561864],[-104.132952,27.559887],[-104.101086,27.603435],[-104.104547,27.611134]]]}},{"type":"Feature","properties":{"municipio":"Juarez","votes_jdch":118145,"votes_shh":355598,"votes_pvem":25110,"votes_mc":37306,"votes_mxrep":4649,"votes_pueblo":23526,"votes_no_reg":433,"votes_pan":77895,"votes_pri":33177,"votes_prd":5206,"votes_pt":20269,"votes_morena":334306,"votes_nulos":33925,"votes_total":598692,"lista_nominal":1249284,"participacion_pct":47.92,"ganador_candidatura":"SHH","votos_ganador":355598,"segundo_lugar":"JDCH","margen_votos":237453,"partido_mayor_votacion":"MOR","votos_partido_ganador":334306,"inegi_anio":2020,"inegi_disponible":true,"inegi_poblacion_total":1438915,"inegi_poblacion_18ymas":995291,"inegi_poblacion_18a24":182126,"inegi_escolaridad_promedio":10.11,"inegi_pea_pct":64.62,"inegi_ocupacion_pct":98.57,"inegi_afiliacion_salud_pct":80.66,"inegi_discapacidad_pct":4.36,"inegi_lengua_indigena_pct":0.69,"inegi_internet_pct":63.18,"inegi_agua_entubada_pct":99.13,"inegi_drenaje_pct":99.32,"ramo28_disponible":true,"ramo28_2025_pesos":3855333060,"ramo28_estatus":"Integrado; diferencia estatal de $2","pmd_periodo":"2024-2027","pmd_url":"https://chihuahua.gob.mx/sites/default/atach2/periodico-oficial/anexos/2025-01/ANEXO 08-2025 ACUERDO Nº 038-2025 PMD JUÁREZ.pdf","pmd_disponible":true,"pmd_estatus":"Documento oficial localizado"},"geometry":{"type":"Polygon","coordinates":[[[-106.604226,31.783905],[-106.599454,31.78389],[-106.597526,31.783896],[-106.596376,31.784001],[-106.593083,31.783999],[-106.588507,31.783989],[-106.582338,31.783993],[-106.576549,31.783901],[-106.56476,31.783902],[-106.533452,31.783958],[-106.528558,31.782309],[-106.525902,31.779062],[-106.523241,31.775889],[-106.516895,31.771556],[-106.512162,31.768728],[-106.510228,31.761396],[-106.486918,31.747699],[-106.456035,31.764198],[-106.419881,31.752465],[-106.413092,31.749654],[-106.406574,31.746175],[-106.396169,31.740322],[-106.38726,31.735605],[-106.379299,31.730439],[-106.377171,31.725833],[-106.376005,31.72217],[-106.374852,31.717903],[-106.373335,31.713788],[-106.365864,31.708047],[-106.350669,31.697962],[-106.342203,31.681079],[-106.336474,31.668082],[-106.334019,31.662763],[-106.312201,31.63475],[-106.302702,31.619442],[-106.300817,31.60716],[-106.275744,31.563073],[-106.237,31.527333],[-106.2206,31.490982],[-106.184656,31.459959],[-106.196051,31.448304],[-106.242098,31.345794],[-106.256852,31.310612],[-106.284758,31.229341],[-106.412115,31.171953],[-106.517866,31.159035],[-106.686084,31.164801],[-106.817511,31.144542],[-106.878705,31.224519],[-106.919817,31.283894],[-106.948226,31.315645],[-106.706134,31.41916],[-106.749243,31.529277],[-106.72826,31.554302],[-106.723655,31.589064],[-106.896556,31.657951],[-106.848529,31.742198],[-106.868725,31.769711],[-106.792253,31.783817],[-106.699251,31.783863],[-106.650498,31.783886],[-106.604226,31.783905]]]}},{"type":"Feature","properties":{"municipio":"Julimes","votes_jdch":1542,"votes_shh":556,"votes_pvem":0,"votes_mc":644,"votes_mxrep":11,"votes_pueblo":16,"votes_no_reg":0,"votes_pan":661,"votes_pri":841,"votes_prd":30,"votes_pt":40,"votes_morena":516,"votes_nulos":140,"votes_total":2909,"lista_nominal":4997,"participacion_pct":58.21,"ganador_candidatura":"JDCH","votos_ganador":1542,"segundo_lugar":"MC","margen_votos":898,"partido_mayor_votacion":"PRI","votos_partido_ganador":841,"inegi_anio":2020,"inegi_disponible":true,"inegi_poblacion_total":4936,"inegi_poblacion_18ymas":3484,"inegi_poblacion_18a24":462,"inegi_escolaridad_promedio":7.93,"inegi_pea_pct":57.59,"inegi_ocupacion_pct":98.68,"inegi_afiliacion_salud_pct":92.04,"inegi_discapacidad_pct":7.5,"inegi_lengua_indigena_pct":0.68,"inegi_internet_pct":26.29,"inegi_agua_entubada_pct":99.22,"inegi_drenaje_pct":98.32,"ramo28_disponible":true,"ramo28_2025_pesos":27593261,"ramo28_estatus":"Integrado; diferencia estatal de $2","pmd_periodo":"2024-2027","pmd_url":"https://chihuahua.gob.mx/sites/default/atach2/periodico-oficial/anexos/2025-01/ANEXO 07-2025 ACUERDO N° 030-2025 PMD 2024-2027 JULIMES.pdf","pmd_disponible":true,"pmd_estatus":"Documento oficial localizado"},"geometry":{"type":"Polygon","coordinates":[[[-105.426505,28.364234],[-105.47138,28.392938],[-105.47245,28.410887],[-105.4549,28.422011],[-105.471176,28.451875],[-105.479789,28.478342],[-105.492009,28.489588],[-105.53165,28.563988],[-105.546147,28.579144],[-105.53936,28.589491],[-105.519305,28.597893],[-105.497718,28.61844],[-105.502222,28.634453],[-105.493473,28.650833],[-105.482968,28.666887],[-105.472041,28.677323],[-105.460808,28.680573],[-105.460194,28.698583],[-105.468477,28.71814],[-105.450997,28.72347],[-105.431729,28.724092],[-105.410885,28.732067],[-105.379384,28.737746],[-105.355184,28.740845],[-105.312557,28.759991],[-105.299286,28.760008],[-105.279238,28.778288],[-105.254326,28.779387],[-105.241996,28.768907],[-105.218738,28.750915],[-105.199089,28.727466],[-105.184942,28.726646],[-105.171111,28.713516],[-105.145936,28.708813],[-105.112673,28.685021],[-105.098664,28.715666],[-105.084326,28.728797],[-105.0453,28.735139],[-105.008125,28.734862],[-104.982491,28.74285],[-104.963768,28.761497],[-104.942019,28.774273],[-104.925027,28.78887],[-104.85898,28.827826],[-104.781122,28.774118],[-104.750316,28.768913],[-104.71337,28.747491],[-104.699604,28.75736],[-104.632367,28.696701],[-104.614738,28.648317],[-104.630313,28.622412],[-104.684209,28.604392],[-104.703725,28.584218],[-104.705492,28.555302],[-104.691581,28.536449],[-104.691065,28.512675],[-104.695709,28.499253],[-104.702284,28.4745],[-104.719446,28.449393],[-104.720261,28.423541],[-104.725767,28.395164],[-104.720582,28.360702],[-104.704546,28.332542],[-104.789177,28.322671],[-104.785607,28.30347],[-104.752858,28.237246],[-104.771346,28.238911],[-104.79316,28.246189],[-104.813226,28.234498],[-104.840689,28.231691],[-104.853155,28.247837],[-104.862663,28.257038],[-104.878375,28.275934],[-104.890315,28.286956],[-104.899533,28.291846],[-104.923056,28.29396],[-104.938585,28.29748],[-104.95214,28.294328],[-104.963408,28.283595],[-105.030653,28.270548],[-105.041186,28.276214],[-105.056278,28.280259],[-105.063568,28.285596],[-105.072779,28.297931],[-105.079068,28.305588],[-105.092292,28.310128],[-105.107453,28.314748],[-105.124235,28.321393],[-105.138902,28.323731],[-105.152259,28.326899],[-105.168794,28.334574],[-105.185281,28.331395],[-105.183605,28.321994],[-105.206268,28.321285],[-105.254157,28.307587],[-105.26614,28.314351],[-105.273441,28.326097],[-105.287864,28.332127],[-105.29754,28.323629],[-105.303969,28.314912],[-105.309088,28.309594],[-105.314392,28.30117],[-105.324189,28.292855],[-105.327809,28.286131],[-105.337519,28.293542],[-105.349871,28.303276],[-105.366842,28.306447],[-105.388476,28.310534],[-105.384752,28.330478],[-105.4008,28.346021],[-105.40895,28.355422],[-105.42376,28.364031],[-105.426505,28.364234]]]}},{"type":"Feature","properties":{"municipio":"La Cruz","votes_jdch":1366,"votes_shh":205,"votes_pvem":0,"votes_mc":732,"votes_mxrep":6,"votes_pueblo":7,"votes_no_reg":0,"votes_pan":919,"votes_pri":392,"votes_prd":45,"votes_pt":19,"votes_morena":186,"votes_nulos":79,"votes_total":2395,"lista_nominal":3713,"participacion_pct":64.5,"ganador_candidatura":"JDCH","votos_ganador":1366,"segundo_lugar":"MC","margen_votos":634,"partido_mayor_votacion":"PAN","votos_partido_ganador":919,"inegi_anio":2020,"inegi_disponible":true,"inegi_poblacion_total":3613,"inegi_poblacion_18ymas":2537,"inegi_poblacion_18a24":382,"inegi_escolaridad_promedio":8.45,"inegi_pea_pct":41.05,"inegi_ocupacion_pct":97.84,"inegi_afiliacion_salud_pct":90.06,"inegi_discapacidad_pct":4.93,"inegi_lengua_indigena_pct":2.45,"inegi_internet_pct":41.27,"inegi_agua_entubada_pct":99.74,"inegi_drenaje_pct":98.77,"ramo28_disponible":true,"ramo28_2025_pesos":25156443,"ramo28_estatus":"Integrado; diferencia estatal de $2","pmd_periodo":"2024-2027","pmd_url":"https://chihuahua.gob.mx/sites/default/atach2/periodico-oficial/anexos/2025-01/ANEXO 03-2025 ACUERDO N° 207-2024 PMD LA CRUZ.pdf","pmd_disponible":true,"pmd_estatus":"Documento oficial localizado"},"geometry":{"type":"Polygon","coordinates":[[[-104.982891,28.046908],[-104.972993,28.036061],[-104.954003,28.038247],[-104.936474,28.019529],[-104.916401,28.008939],[-104.873101,27.967251],[-104.832613,27.943822],[-104.819526,27.900421],[-104.797056,27.878317],[-104.767905,27.875079],[-104.774967,27.856372],[-104.818153,27.829979],[-104.861393,27.813601],[-104.911327,27.799551],[-104.94348,27.79328],[-104.988038,27.78978],[-105.005775,27.806679],[-105.026474,27.807962],[-105.058088,27.797525],[-105.087937,27.784447],[-105.10907,27.779911],[-105.136794,27.778284],[-105.153521,27.791114],[-105.169416,27.795164],[-105.177391,27.787863],[-105.190169,27.778187],[-105.211444,27.775789],[-105.242205,27.769049],[-105.262954,27.775187],[-105.280144,27.781282],[-105.289617,27.787876],[-105.284241,27.79419],[-105.262795,27.79394],[-105.247945,27.796317],[-105.246255,27.812994],[-105.254584,27.827394],[-105.312756,27.869713],[-105.296964,27.887642],[-105.271836,27.894714],[-105.266013,27.913438],[-105.247058,27.928602],[-105.225825,27.939874],[-105.205129,27.943096],[-105.206187,27.949727],[-105.222626,27.967668],[-105.205384,27.969136],[-105.186997,27.980724],[-105.175642,27.99432],[-105.088753,28.005551],[-105.073351,28.019688],[-105.04337,28.029044],[-105.010046,28.040307],[-104.982891,28.046908]]]}},{"type":"Feature","properties":{"municipio":"Lopez","votes_jdch":921,"votes_shh":880,"votes_pvem":0,"votes_mc":810,"votes_mxrep":24,"votes_pueblo":6,"votes_no_reg":0,"votes_pan":222,"votes_pri":660,"votes_prd":27,"votes_pt":566,"votes_morena":314,"votes_nulos":121,"votes_total":2762,"lista_nominal":3676,"participacion_pct":75.14,"ganador_candidatura":"JDCH","votos_ganador":921,"segundo_lugar":"SHH","margen_votos":41,"partido_mayor_votacion":"MC","votos_partido_ganador":810,"inegi_anio":2020,"inegi_disponible":true,"inegi_poblacion_total":3984,"inegi_poblacion_18ymas":2784,"inegi_poblacion_18a24":364,"inegi_escolaridad_promedio":8.69,"inegi_pea_pct":46.86,"inegi_ocupacion_pct":96.88,"inegi_afiliacion_salud_pct":94.3,"inegi_discapacidad_pct":6.83,"inegi_lengua_indigena_pct":4.6,"inegi_internet_pct":55.97,"inegi_agua_entubada_pct":99.67,"inegi_drenaje_pct":98.85,"ramo28_disponible":true,"ramo28_2025_pesos":29697554,"ramo28_estatus":"Integrado; diferencia estatal de $2","pmd_periodo":"2024-2027","pmd_url":"https://chihuahua.gob.mx/sites/default/atach2/periodico-oficial/anexos/2025-01/ANEXO 03-2025 ACUERDO N° 204-2024 PMD LÓPEZ.pdf","pmd_disponible":true,"pmd_estatus":"Documento oficial localizado"},"geometry":{"type":"Polygon","coordinates":[[[-105.045776,27.204098],[-105.041376,27.196968],[-105.027089,27.182658],[-104.999819,27.136433],[-104.977056,27.12673],[-104.996807,27.034623],[-104.996053,27.018328],[-104.950958,27.003981],[-104.944818,26.992402],[-104.924682,26.961895],[-104.89326,26.924874],[-104.8741,26.922685],[-104.867991,26.894575],[-104.868012,26.87623],[-104.845451,26.853618],[-104.835773,26.840207],[-104.818925,26.860245],[-104.78894,26.876691],[-104.792349,26.826881],[-104.718867,26.762522],[-104.70567,26.743223],[-104.695544,26.723356],[-104.716137,26.726153],[-104.753518,26.734453],[-104.784289,26.739336],[-104.862793,26.723919],[-104.9025,26.749539],[-104.918937,26.745356],[-104.93427,26.741252],[-104.949847,26.73566],[-104.969344,26.74131],[-105.000003,26.739867],[-105.004909,26.753508],[-105.012392,26.758063],[-105.026867,26.766922],[-105.045885,26.779751],[-105.057239,26.791702],[-105.068112,26.817371],[-105.072173,26.834728],[-105.093666,26.851642],[-105.124399,26.891861],[-105.137897,26.883933],[-105.17026,26.887121],[-105.186816,26.890242],[-105.226874,26.950304],[-105.2518,26.978813],[-105.26284,26.992135],[-105.246912,27.000304],[-105.242905,27.023106],[-105.210985,27.057386],[-105.208615,27.069163],[-105.208755,27.090913],[-105.211561,27.117505],[-105.21434,27.135661],[-105.188406,27.142144],[-105.154891,27.143847],[-105.045776,27.204098]]]}},{"type":"Feature","properties":{"municipio":"Ascension","votes_jdch":3385,"votes_shh":3408,"votes_pvem":837,"votes_mc":1518,"votes_mxrep":30,"votes_pueblo":67,"votes_no_reg":21,"votes_pan":1486,"votes_pri":1023,"votes_prd":831,"votes_pt":382,"votes_morena":3009,"votes_nulos":689,"votes_total":9955,"lista_nominal":20759,"participacion_pct":47.96,"ganador_candidatura":"SHH","votos_ganador":3408,"segundo_lugar":"JDCH","margen_votos":23,"partido_mayor_votacion":"MOR","votos_partido_ganador":3009,"inegi_anio":2020,"inegi_disponible":true,"inegi_poblacion_total":22206,"inegi_poblacion_18ymas":14168,"inegi_poblacion_18a24":2463,"inegi_escolaridad_promedio":7.74,"inegi_pea_pct":60.15,"inegi_ocupacion_pct":97.43,"inegi_afiliacion_salud_pct":66.96,"inegi_discapacidad_pct":3.94,"inegi_lengua_indigena_pct":2.7,"inegi_internet_pct":38.3,"inegi_agua_entubada_pct":99.09,"inegi_drenaje_pct":96.48,"ramo28_disponible":true,"ramo28_2025_pesos":47664114,"ramo28_estatus":"Integrado; diferencia estatal de $2","pmd_periodo":"2024-2027","pmd_url":"https://chihuahua.gob.mx/sites/default/atach2/periodico-oficial/anexos/2025-01/ANEXO 04-2025 ACUERDO N° 006-2025 PMD 2024-2027 ASCENSIÓN.pdf","pmd_disponible":true,"pmd_estatus":"Documento oficial localizado"},"geometry":{"type":"Polygon","coordinates":[[[-108.206106,31.781977],[-107.444239,31.783865],[-106.863421,31.752011],[-106.853232,31.678182],[-106.708438,31.603908],[-106.739692,31.567861],[-106.728864,31.539693],[-106.751844,31.499392],[-106.961294,31.327276],[-106.934118,31.302369],[-106.890776,31.252658],[-106.855491,31.178637],[-106.927892,31.061861],[-107.034188,30.998014],[-106.983597,30.93277],[-107.010853,30.889434],[-107.062126,30.85257],[-107.14933,30.848341],[-107.205999,30.804743],[-107.263427,30.758887],[-107.405294,30.769618],[-107.5502,30.741977],[-107.607402,30.714986],[-107.645471,30.750416],[-107.673869,30.769132],[-107.717593,30.787766],[-107.767071,30.810171],[-107.811897,30.793196],[-107.871247,30.783854],[-107.921777,30.789729],[-107.967842,30.784722],[-107.981982,30.805172],[-107.989335,30.835278],[-107.999098,30.861674],[-107.984623,30.907054],[-108.006337,30.926426],[-108.026424,30.950983],[-108.087411,31.04534],[-108.096351,31.055753],[-108.095454,31.1],[-108.100167,31.110088],[-108.207681,31.27975],[-108.206106,31.781977]]]}},{"type":"Feature","properties":{"municipio":"Bachiniva","votes_jdch":1484,"votes_shh":1056,"votes_pvem":672,"votes_mc":57,"votes_mxrep":12,"votes_pueblo":20,"votes_no_reg":0,"votes_pan":1293,"votes_pri":144,"votes_prd":26,"votes_pt":32,"votes_morena":1024,"votes_nulos":295,"votes_total":3596,"lista_nominal":5894,"participacion_pct":61.01,"ganador_candidatura":"JDCH","votos_ganador":1484,"segundo_lugar":"SHH","margen_votos":428,"partido_mayor_votacion":"PAN","votos_partido_ganador":1293,"inegi_anio":2020,"inegi_disponible":true,"inegi_poblacion_total":5814,"inegi_poblacion_18ymas":4197,"inegi_poblacion_18a24":502,"inegi_escolaridad_promedio":6.88,"inegi_pea_pct":58.17,"inegi_ocupacion_pct":98.47,"inegi_afiliacion_salud_pct":87.1,"inegi_discapacidad_pct":6.57,"inegi_lengua_indigena_pct":5.11,"inegi_internet_pct":32.31,"inegi_agua_entubada_pct":99.35,"inegi_drenaje_pct":91.42,"ramo28_disponible":true,"ramo28_2025_pesos":31912429,"ramo28_estatus":"Integrado; diferencia estatal de $2","pmd_periodo":"2024-2027","pmd_url":"https://chihuahua.gob.mx/sites/default/atach2/periodico-oficial/anexos/2025-01/ANEXO 09-2025 ACUERDO N° 050-2025 PMD 2024-2027 BACHÍNIVA.pdf","pmd_disponible":true,"pmd_estatus":"Documento oficial localizado"},"geometry":{"type":"Polygon","coordinates":[[[-107.300416,29.068211],[-107.284397,29.049786],[-107.24858,29.038687],[-107.219238,28.999745],[-107.200172,28.953768],[-107.182769,28.92183],[-107.144809,28.903769],[-107.113722,28.863255],[-107.114379,28.816502],[-107.159596,28.760341],[-107.180605,28.72601],[-107.197757,28.677132],[-107.225703,28.630331],[-107.27005,28.647556],[-107.295564,28.672604],[-107.347803,28.698224],[-107.380874,28.720421],[-107.41324,28.753609],[-107.406008,28.765359],[-107.406817,28.79331],[-107.399574,28.839059],[-107.373737,28.868558],[-107.375241,28.902742],[-107.417601,28.945303],[-107.43701,28.976165],[-107.416635,28.991227],[-107.368451,29.019824],[-107.341412,29.034372],[-107.334075,29.059402],[-107.300416,29.068211]]]}},{"type":"Feature","properties":{"municipio":"Balleza","votes_jdch":4237,"votes_shh":645,"votes_pvem":445,"votes_mc":973,"votes_mxrep":9,"votes_pueblo":5,"votes_no_reg":0,"votes_pan":308,"votes_pri":3821,"votes_prd":84,"votes_pt":85,"votes_morena":560,"votes_nulos":1061,"votes_total":7375,"lista_nominal":13759,"participacion_pct":53.6,"ganador_candidatura":"JDCH","votos_ganador":4237,"segundo_lugar":"MC","margen_votos":3264,"partido_mayor_votacion":"PRI","votos_partido_ganador":3821,"inegi_anio":2020,"inegi_disponible":true,"inegi_poblacion_total":16373,"inegi_poblacion_18ymas":9909,"inegi_poblacion_18a24":1794,"inegi_escolaridad_promedio":5.39,"inegi_pea_pct":39.46,"inegi_ocupacion_pct":83.42,"inegi_afiliacion_salud_pct":85.36,"inegi_discapacidad_pct":3.87,"inegi_lengua_indigena_pct":64.09,"inegi_internet_pct":12.3,"inegi_agua_entubada_pct":67.55,"inegi_drenaje_pct":54.23,"ramo28_disponible":true,"ramo28_2025_pesos":67564003,"ramo28_estatus":"Integrado; diferencia estatal de $2","pmd_periodo":"2024-2027","pmd_url":"https://chihuahua.gob.mx/sites/default/atach2/periodico-oficial/anexos/2025-01/ANEXO 03-2025 ACUERDO N° 205-2024 PMD BALLEZA.pdf","pmd_disponible":true,"pmd_estatus":"Documento oficial localizado"},"geometry":{"type":"Polygon","coordinates":[[[-106.759206,27.181154],[-106.745904,27.177572],[-106.731127,27.172745],[-106.715985,27.165436],[-106.705033,27.158217],[-106.690981,27.163393],[-106.681266,27.154108],[-106.692114,27.149421],[-106.705128,27.137793],[-106.695481,27.125945],[-106.678836,27.13624],[-106.664675,27.135046],[-106.660719,27.142395],[-106.638167,27.147709],[-106.618292,27.166009],[-106.601786,27.165133],[-106.583156,27.17508],[-106.562816,27.178983],[-106.514035,27.175339],[-106.499266,27.170818],[-106.500438,27.15263],[-106.493614,27.131599],[-106.473509,27.061378],[-106.420961,27.076466],[-106.403602,27.07475],[-106.388584,27.073773],[-106.38104,27.060296],[-106.355071,27.059409],[-106.34767,27.051887],[-106.347746,27.032692],[-106.318748,27.00361],[-106.311386,26.997049],[-106.298442,26.986224],[-106.28105,26.95752],[-106.267133,26.943541],[-106.258633,26.93229],[-106.250996,26.922196],[-106.245935,26.907221],[-106.243704,26.894231],[-106.232642,26.892741],[-106.208431,26.890254],[-106.197864,26.891161],[-106.187789,26.893557],[-106.180401,26.876509],[-106.161776,26.861213],[-106.1563,26.847536],[-106.147819,26.83785],[-106.137928,26.840807],[-106.130156,26.840955],[-106.117966,26.838059],[-106.106363,26.833792],[-106.093301,26.767948],[-106.096637,26.772583],[-106.10758,26.774143],[-106.114744,26.783081],[-106.121987,26.781083],[-106.131316,26.778336],[-106.140032,26.776003],[-106.147881,26.772263],[-106.157828,26.770673],[-106.164604,26.774473],[-106.173201,26.773298],[-106.184119,26.769136],[-106.179924,26.765333],[-106.178058,26.760449],[-106.173114,26.753996],[-106.17185,26.746211],[-106.168387,26.741081],[-106.169326,26.731221],[-106.122689,26.712074],[-106.127918,26.699226],[-106.131489,26.701375],[-106.133568,26.699218],[-106.131112,26.699387],[-106.134175,26.697643],[-106.136765,26.70029],[-106.140217,26.703267],[-106.142072,26.706412],[-106.147605,26.707812],[-106.153372,26.706643],[-106.157043,26.703324],[-106.16048,26.702904],[-106.166758,26.706207],[-106.173877,26.70151],[-106.187,26.697215],[-106.183435,26.687036],[-106.188673,26.680065],[-106.197873,26.679518],[-106.2057,26.673091],[-106.217771,26.654784],[-106.219784,26.637029],[-106.226576,26.618668],[-106.234134,26.607847],[-106.234196,26.593502],[-106.232429,26.58149],[-106.233969,26.568712],[-106.233412,26.552879],[-106.239615,26.541485],[-106.248066,26.483397],[-106.242132,26.470496],[-106.242097,26.433102],[-106.251917,26.439016],[-106.262206,26.439951],[-106.272377,26.441882],[-106.286741,26.401323],[-106.295306,26.398387],[-106.292395,26.373924],[-106.266822,26.36311],[-106.280374,26.337256],[-106.30735,26.343256],[-106.391451,26.251512],[-106.392231,26.237494],[-106.400781,26.236525],[-106.408978,26.237962],[-106.417412,26.237988],[-106.439507,26.254418],[-106.451948,26.270415],[-106.480783,26.287371],[-106.482557,26.297307],[-106.482262,26.308834],[-106.478967,26.310019],[-106.488743,26.323221],[-106.499743,26.326004],[-106.513698,26.339377],[-106.533171,26.359604],[-106.555451,26.375678],[-106.577829,26.381148],[-106.60779,26.387414],[-106.629694,26.395858],[-106.651701,26.398005],[-106.675314,26.404283],[-106.686001,26.418728],[-106.69755,26.433914],[-106.713666,26.459097],[-106.735046,26.483591],[-106.747702,26.497028],[-106.758397,26.508983],[-106.779619,26.521712],[-106.797839,26.519548],[-106.81638,26.533031],[-106.828163,26.54042],[-106.839723,26.551535],[-106.850514,26.555698],[-106.864525,26.566963],[-106.901717,26.585708],[-106.905224,26.611822],[-106.903207,26.629252],[-106.905882,26.642636],[-106.891048,26.650725],[-106.881601,26.659146],[-106.878476,26.672042],[-106.868323,26.692149],[-106.854583,26.713426],[-106.840797,26.731155],[-106.852773,26.759669],[-106.848245,26.785487],[-106.834061,26.840906],[-106.814544,26.845659],[-106.810885,26.854355],[-106.810385,26.886661],[-106.808823,26.906017],[-106.795245,26.913765],[-106.792978,26.931623],[-106.789036,26.952749],[-106.791429,26.96591],[-106.804191,26.987842],[-106.819349,27.007508],[-106.842093,27.018567],[-106.867356,27.01119],[-106.878636,27.02352],[-106.888493,27.022831],[-106.90598,27.032836],[-106.91939,27.038271],[-106.931399,27.05135],[-106.938282,27.068215],[-106.933081,27.080661],[-106.920869,27.092817],[-106.915542,27.10526],[-106.901011,27.114561],[-106.889359,27.113632],[-106.877618,27.121822],[-106.88231,27.137413],[-106.862676,27.169082],[-106.842619,27.168143],[-106.817122,27.165047],[-106.796555,27.15873],[-106.781269,27.170611],[-106.767342,27.176456],[-106.759206,27.181154]]]}},{"type":"Feature","properties":{"municipio":"Batopilas De Manuel Gomez Morin","votes_jdch":1639,"votes_shh":2150,"votes_pvem":147,"votes_mc":77,"votes_mxrep":24,"votes_pueblo":74,"votes_no_reg":0,"votes_pan":349,"votes_pri":1198,"votes_prd":75,"votes_pt":170,"votes_morena":1980,"votes_nulos":735,"votes_total":4846,"lista_nominal":8045,"participacion_pct":60.24,"ganador_candidatura":"SHH","votos_ganador":2150,"segundo_lugar":"JDCH","margen_votos":511,"partido_mayor_votacion":"MOR","votos_partido_ganador":1980,"inegi_anio":2020,"inegi_disponible":true,"inegi_poblacion_total":11488,"inegi_poblacion_18ymas":6435,"inegi_poblacion_18a24":1230,"inegi_escolaridad_promedio":3.6,"inegi_pea_pct":38.91,"inegi_ocupacion_pct":93.22,"inegi_afiliacion_salud_pct":86.72,"inegi_discapacidad_pct":4.05,"inegi_lengua_indigena_pct":80.33,"inegi_internet_pct":0.78,"inegi_agua_entubada_pct":76.59,"inegi_drenaje_pct":23.44,"ramo28_disponible":true,"ramo28_2025_pesos":62320487,"ramo28_estatus":"Integrado; diferencia estatal de $2","pmd_periodo":"2024-2027","pmd_url":"https://chihuahua.gob.mx/sites/default/atach2/periodico-oficial/anexos/2025-01/ANEXO%2008-2025%20ACUERDO%20N%C2%B0%20034-2025%20PMD%20BATOPILAS%20DE%20G%C3%93MEZ%20MANUEL%20MOR%C3%8DN.pdf","pmd_disponible":true,"pmd_estatus":"Documento oficial localizado"},"geometry":{"type":"Polygon","coordinates":[[[-107.620056,27.33669],[-107.610045,27.326463],[-107.607301,27.316305],[-107.589805,27.313111],[-107.576965,27.302307],[-107.566453,27.286871],[-107.553897,27.287548],[-107.536795,27.291782],[-107.531958,27.278485],[-107.525265,27.260894],[-107.523252,27.243958],[-107.532137,27.206355],[-107.547318,27.178908],[-107.559118,27.154511],[-107.552961,27.134818],[-107.542616,27.121203],[-107.529442,27.131691],[-107.515806,27.125827],[-107.498483,27.119696],[-107.484057,27.116814],[-107.468703,27.116339],[-107.453737,27.099929],[-107.436077,27.06937],[-107.413791,27.045736],[-107.407645,27.022156],[-107.3845,27.018089],[-107.393548,26.993593],[-107.404024,26.984587],[-107.419668,26.999424],[-107.451651,26.987076],[-107.468583,26.987609],[-107.485006,26.981712],[-107.492423,26.967802],[-107.499239,26.954479],[-107.507668,26.942119],[-107.505136,26.927392],[-107.517201,26.907788],[-107.537838,26.899253],[-107.533235,26.879612],[-107.540271,26.854649],[-107.559369,26.843499],[-107.557492,26.825378],[-107.557739,26.809117],[-107.564643,26.800412],[-107.569846,26.781422],[-107.575959,26.764932],[-107.581313,26.752746],[-107.597045,26.746585],[-107.61696,26.756704],[-107.628286,26.774567],[-107.635198,26.795723],[-107.670611,26.785546],[-107.707818,26.789238],[-107.737924,26.793902],[-107.736159,26.816941],[-107.773647,26.807566],[-107.79568,26.811136],[-107.808685,26.794547],[-107.805916,26.766137],[-107.783957,26.72747],[-107.800622,26.71262],[-107.794197,26.680159],[-107.806488,26.645072],[-107.829361,26.638565],[-107.842201,26.636839],[-107.868724,26.641063],[-107.880235,26.623643],[-107.903458,26.625052],[-107.906366,26.653954],[-107.91381,26.671543],[-107.929204,26.693426],[-107.899716,26.70639],[-107.873261,26.737268],[-107.882777,26.765677],[-107.924759,26.758165],[-107.962324,26.770377],[-107.99243,26.75228],[-108.042881,26.810469],[-108.021345,26.883214],[-108.001751,26.915349],[-107.959107,26.916613],[-107.940996,26.945266],[-107.913192,26.946391],[-107.903548,26.95838],[-107.890073,26.986505],[-107.860994,27.012893],[-107.871479,27.036145],[-107.871655,27.067924],[-107.866359,27.103556],[-107.876943,27.133286],[-107.864807,27.1531],[-107.80945,27.139875],[-107.755608,27.129762],[-107.725451,27.153825],[-107.726915,27.183613],[-107.709559,27.211349],[-107.691748,27.249636],[-107.685146,27.260308],[-107.670541,27.270914],[-107.660464,27.307285],[-107.649784,27.316064],[-107.639446,27.317488],[-107.631965,27.326177],[-107.620795,27.336524],[-107.620056,27.33669]]]}},{"type":"Feature","properties":{"municipio":"Bocoyna","votes_jdch":4766,"votes_shh":3593,"votes_pvem":196,"votes_mc":3224,"votes_mxrep":86,"votes_pueblo":91,"votes_no_reg":2,"votes_pan":3406,"votes_pri":1175,"votes_prd":136,"votes_pt":137,"votes_morena":3456,"votes_nulos":984,"votes_total":12942,"lista_nominal":21579,"participacion_pct":59.97,"ganador_candidatura":"JDCH","votos_ganador":4766,"segundo_lugar":"SHH","margen_votos":1173,"partido_mayor_votacion":"MOR","votos_partido_ganador":3456,"inegi_anio":2020,"inegi_disponible":true,"inegi_poblacion_total":23313,"inegi_poblacion_18ymas":15116,"inegi_poblacion_18a24":2327,"inegi_escolaridad_promedio":7.95,"inegi_pea_pct":61.11,"inegi_ocupacion_pct":97.42,"inegi_afiliacion_salud_pct":87.9,"inegi_discapacidad_pct":3.97,"inegi_lengua_indigena_pct":17.11,"inegi_internet_pct":12.28,"inegi_agua_entubada_pct":84.96,"inegi_drenaje_pct":65.21,"ramo28_disponible":true,"ramo28_2025_pesos":77164331,"ramo28_estatus":"Integrado; diferencia estatal de $2","pmd_periodo":"2024-2027","pmd_url":"https://chihuahua.gob.mx/sites/default/atach2/periodico-oficial/anexos/2025-01/ANEXO 06-2025 ACUERDO N° 024-2025 PMD 2024-2027 BOCOYNA.pdf","pmd_disponible":true,"pmd_estatus":"Documento oficial localizado"},"geometry":{"type":"Polygon","coordinates":[[[-107.703502,28.107745],[-107.679093,28.095451],[-107.670709,28.09714],[-107.655414,28.103835],[-107.637412,28.104639],[-107.625164,28.088106],[-107.617014,28.075318],[-107.602093,28.059643],[-107.59925,28.073309],[-107.576673,28.088798],[-107.549605,28.097928],[-107.543289,28.075976],[-107.525666,28.061826],[-107.529047,28.046214],[-107.525259,28.033522],[-107.525607,28.026903],[-107.509077,28.029864],[-107.476022,28.022263],[-107.463003,28.042325],[-107.458825,28.015087],[-107.447168,27.97036],[-107.427292,27.961182],[-107.405309,27.936439],[-107.381994,27.913025],[-107.356073,27.904891],[-107.339198,27.920326],[-107.317157,27.898041],[-107.297084,27.882413],[-107.284085,27.850216],[-107.290097,27.820961],[-107.294345,27.798321],[-107.263895,27.783039],[-107.247715,27.769095],[-107.271191,27.731257],[-107.286471,27.701085],[-107.274317,27.682402],[-107.299951,27.683548],[-107.317125,27.667853],[-107.310709,27.637176],[-107.320792,27.618145],[-107.32078,27.599649],[-107.324508,27.604584],[-107.331693,27.608679],[-107.341237,27.606356],[-107.355559,27.605035],[-107.367734,27.613627],[-107.374331,27.606768],[-107.385318,27.605031],[-107.390156,27.618333],[-107.40003,27.615438],[-107.412024,27.623531],[-107.422665,27.633936],[-107.427526,27.656077],[-107.43683,27.674662],[-107.460594,27.692409],[-107.4826,27.696437],[-107.508926,27.697814],[-107.526916,27.680276],[-107.549758,27.675288],[-107.554511,27.693374],[-107.578866,27.696888],[-107.587754,27.694477],[-107.605636,27.684944],[-107.615731,27.675176],[-107.633056,27.662244],[-107.652655,27.641147],[-107.671968,27.622846],[-107.69114,27.602106],[-107.708759,27.594421],[-107.732888,27.573974],[-107.747822,27.554829],[-107.755365,27.532834],[-107.783078,27.549124],[-107.819159,27.605813],[-107.831416,27.626714],[-107.858621,27.648676],[-107.892421,27.633144],[-107.890142,27.656412],[-107.888357,27.679597],[-107.867629,27.697002],[-107.862622,27.720562],[-107.851767,27.731816],[-107.837344,27.752487],[-107.849783,27.775715],[-107.860611,27.796316],[-107.858036,27.805119],[-107.862582,27.835518],[-107.84084,27.855965],[-107.82786,27.866275],[-107.835604,27.889598],[-107.837065,27.925268],[-107.858093,27.952332],[-107.852054,27.970586],[-107.872794,27.997597],[-107.872555,28.024068],[-107.86725,28.054251],[-107.850956,28.063724],[-107.841287,28.050531],[-107.824318,28.047477],[-107.808248,28.040537],[-107.806564,28.050702],[-107.793209,28.049232],[-107.778183,28.035098],[-107.758954,28.034506],[-107.732391,28.047767],[-107.728021,28.066272],[-107.717098,28.078993],[-107.713093,28.093983],[-107.703502,28.107745]]]}},{"type":"Feature","properties":{"municipio":"Buenaventura","votes_jdch":4754,"votes_shh":3777,"votes_pvem":211,"votes_mc":307,"votes_mxrep":374,"votes_pueblo":63,"votes_no_reg":1,"votes_pan":1694,"votes_pri":2861,"votes_prd":146,"votes_pt":450,"votes_morena":3309,"votes_nulos":715,"votes_total":10202,"lista_nominal":20296,"participacion_pct":50.27,"ganador_candidatura":"JDCH","votos_ganador":4754,"segundo_lugar":"SHH","margen_votos":977,"partido_mayor_votacion":"MOR","votos_partido_ganador":3309,"inegi_anio":2020,"inegi_disponible":true,"inegi_poblacion_total":25157,"inegi_poblacion_18ymas":16361,"inegi_poblacion_18a24":2801,"inegi_escolaridad_promedio":7.87,"inegi_pea_pct":58.65,"inegi_ocupacion_pct":97.91,"inegi_afiliacion_salud_pct":78.94,"inegi_discapacidad_pct":4.39,"inegi_lengua_indigena_pct":5.05,"inegi_internet_pct":23.06,"inegi_agua_entubada_pct":99.76,"inegi_drenaje_pct":96.83,"ramo28_disponible":true,"ramo28_2025_pesos":65200642,"ramo28_estatus":"Integrado; diferencia estatal de $2","pmd_periodo":"2024-2027","pmd_url":"https://chihuahua.gob.mx/sites/default/atach2/periodico-oficial/anexos/2025-01/ANEXO 08-2025 ACUERDO Nº 032-2025 PMD BUENAVENTURA.pdf","pmd_disponible":true,"pmd_estatus":"Documento oficial localizado"},"geometry":{"type":"Polygon","coordinates":[[[-107.145019,30.850847],[-107.082681,30.813247],[-107.094851,30.720249],[-107.103932,30.631843],[-107.075488,30.541237],[-107.093034,30.475767],[-107.133633,30.379972],[-107.026953,30.328719],[-106.965399,30.294747],[-106.870681,30.277999],[-106.806356,30.227706],[-106.79534,30.18252],[-106.78841,30.038291],[-106.784643,29.958138],[-106.696251,29.888983],[-106.644865,29.820051],[-106.662301,29.75566],[-106.61093,29.700115],[-106.523413,29.566987],[-106.602869,29.569396],[-106.661911,29.567023],[-106.723015,29.550543],[-106.74809,29.525968],[-106.774716,29.540662],[-106.827757,29.550211],[-106.860869,29.529597],[-106.907892,29.522375],[-106.957749,29.507442],[-106.954272,29.533308],[-106.997027,29.546307],[-107.051824,29.536021],[-107.045215,29.560667],[-107.075368,29.569332],[-107.109699,29.564919],[-107.106404,29.546854],[-107.162055,29.532359],[-107.204789,29.523788],[-107.253983,29.530274],[-107.29257,29.502855],[-107.343962,29.513791],[-107.401014,29.515017],[-107.407016,29.553718],[-107.383523,29.56111],[-107.386754,29.579246],[-107.38349,29.607951],[-107.384887,29.637224],[-107.395107,29.667632],[-107.421477,29.700968],[-107.434885,29.734661],[-107.442932,29.777851],[-107.513282,29.858701],[-107.580722,29.848486],[-107.59232,29.883403],[-107.573698,29.910354],[-107.525345,29.969897],[-107.511841,30.055123],[-107.466086,30.068875],[-107.460276,30.24423],[-107.465797,30.297301],[-107.442042,30.340686],[-107.435396,30.417714],[-107.449982,30.549137],[-107.434825,30.612125],[-107.487871,30.658825],[-107.529596,30.746502],[-107.391426,30.78681],[-107.249113,30.784732],[-107.174931,30.799026],[-107.145019,30.850847]]]}},{"type":"Feature","properties":{"municipio":"Camargo","votes_jdch":13588,"votes_shh":4228,"votes_pvem":0,"votes_mc":5389,"votes_mxrep":134,"votes_pueblo":68,"votes_no_reg":1,"votes_pan":10827,"votes_pri":2163,"votes_prd":502,"votes_pt":270,"votes_morena":3958,"votes_nulos":812,"votes_total":24220,"lista_nominal":42092,"participacion_pct":57.54,"ganador_candidatura":"JDCH","votos_ganador":13588,"segundo_lugar":"MC","margen_votos":8199,"partido_mayor_votacion":"PAN","votos_partido_ganador":10827,"inegi_anio":2020,"inegi_disponible":true,"inegi_poblacion_total":49161,"inegi_poblacion_18ymas":34414,"inegi_poblacion_18a24":5318,"inegi_escolaridad_promedio":9.5,"inegi_pea_pct":61.23,"inegi_ocupacion_pct":98.07,"inegi_afiliacion_salud_pct":85.74,"inegi_discapacidad_pct":3.09,"inegi_lengua_indigena_pct":2.45,"inegi_internet_pct":47.79,"inegi_agua_entubada_pct":99.55,"inegi_drenaje_pct":99.15,"ramo28_disponible":true,"ramo28_2025_pesos":171574375,"ramo28_estatus":"Integrado; diferencia estatal de $2","pmd_periodo":"2024-2027","pmd_url":"https://chihuahua.gob.mx/sites/default/atach2/periodico-oficial/anexos/2025-01/ANEXO 04-2025 ACUERDO N° 209-2024 PMD 2024-2027 CAMARGO.pdf","pmd_disponible":true,"pmd_estatus":"Documento oficial localizado"},"geometry":{"type":"Polygon","coordinates":[[[-104.083029,28.78222],[-104.068142,28.769585],[-104.059881,28.756666],[-104.070777,28.734898],[-104.08548,28.719053],[-104.06363,28.720736],[-104.033355,28.717422],[-103.986242,28.691231],[-103.956309,28.683193],[-103.941135,28.663363],[-103.919429,28.652393],[-103.871317,28.662654],[-103.858863,28.666745],[-103.874348,28.695415],[-103.872653,28.715976],[-103.823545,28.700302],[-103.783967,28.695396],[-103.76989,28.676123],[-103.774837,28.653655],[-103.66874,28.604163],[-103.656472,28.61748],[-103.656744,28.601961],[-103.639541,28.585902],[-103.623911,28.580816],[-103.615867,28.571422],[-103.601094,28.569476],[-103.739741,28.335203],[-103.867218,28.097718],[-103.918001,27.987802],[-103.961322,27.893569],[-103.898978,27.578679],[-103.932364,27.557451],[-103.943871,27.532426],[-103.959415,27.555166],[-103.977309,27.570169],[-103.990521,27.575397],[-104.005337,27.585675],[-104.013601,27.603646],[-104.05364,27.595308],[-104.099233,27.608319],[-104.10331,27.595239],[-104.152466,27.556406],[-104.189655,27.568478],[-104.218691,27.573923],[-104.249916,27.552784],[-104.269432,27.552847],[-104.294995,27.550415],[-104.307524,27.57863],[-104.320659,27.597488],[-104.33399,27.591093],[-104.352733,27.574752],[-104.357622,27.552803],[-104.385252,27.538346],[-104.425101,27.524435],[-104.443189,27.503943],[-104.45523,27.486196],[-104.482709,27.472133],[-104.511081,27.467666],[-104.542731,27.480736],[-104.556112,27.463224],[-104.575203,27.454302],[-104.603792,27.445096],[-104.637983,27.446793],[-104.618898,27.42989],[-104.615812,27.403488],[-104.644938,27.40636],[-104.65201,27.390022],[-104.65648,27.371706],[-104.692027,27.400044],[-104.709674,27.401294],[-104.736157,27.415999],[-104.770251,27.402842],[-104.790976,27.403074],[-104.810393,27.416168],[-104.823291,27.431601],[-104.843285,27.451717],[-104.858197,27.459591],[-104.910435,27.441786],[-104.976663,27.391378],[-105.04463,27.372592],[-105.092813,27.368926],[-105.153661,27.346408],[-105.190134,27.376294],[-105.212655,27.396503],[-105.266521,27.440375],[-105.253331,27.455685],[-105.235949,27.480704],[-105.216068,27.504415],[-105.230553,27.55362],[-105.28089,27.617271],[-105.282674,27.635742],[-105.261785,27.647737],[-105.271775,27.665267],[-105.28489,27.680655],[-105.273413,27.703693],[-105.262459,27.72007],[-105.268904,27.731847],[-105.293527,27.730888],[-105.296073,27.747685],[-105.288169,27.781765],[-105.275512,27.779596],[-105.253775,27.773803],[-105.226426,27.775533],[-105.198832,27.777674],[-105.182416,27.782833],[-105.175963,27.793433],[-105.16357,27.792743],[-105.144847,27.790712],[-105.128258,27.779123],[-105.099438,27.78275],[-105.076698,27.787716],[-105.048094,27.80169],[-105.01869,27.810196],[-104.996926,27.800468],[-104.97563,27.787167],[-104.931836,27.793142],[-104.901435,27.801674],[-104.846182,27.817135],[-104.802122,27.840809],[-104.759026,27.863217],[-104.77873,27.881165],[-104.808478,27.880954],[-104.824289,27.924748],[-104.846807,27.95124],[-104.892644,28.007273],[-104.869134,28.000026],[-104.833336,28.008881],[-104.817957,28.027415],[-104.837021,28.037444],[-104.859493,28.054402],[-104.88326,28.061234],[-104.904786,28.082504],[-104.917365,28.102362],[-104.934374,28.131544],[-104.945973,28.151657],[-104.973607,28.185954],[-104.969317,28.193041],[-104.949754,28.202429],[-104.920281,28.201464],[-104.873798,28.235541],[-104.836708,28.23156],[-104.808528,28.238516],[-104.787324,28.247564],[-104.769699,28.234449],[-104.779916,28.28315],[-104.792673,28.308927],[-104.785143,28.327008],[-104.716994,28.339766],[-104.721496,28.370684],[-104.72202,28.402055],[-104.719253,28.430404],[-104.71743,28.455606],[-104.698315,28.483375],[-104.69414,28.502489],[-104.683388,28.516136],[-104.699826,28.537111],[-104.704362,28.562414],[-104.70091,28.587631],[-104.675181,28.609681],[-104.620155,28.627543],[-104.610199,28.669496],[-104.63318,28.716426],[-104.630662,28.754677],[-104.418811,28.731395],[-104.406416,28.693431],[-104.384146,28.663466],[-104.364593,28.620928],[-104.262632,28.604309],[-104.248843,28.630159],[-104.247035,28.666083],[-104.213456,28.667723],[-104.191684,28.664453],[-104.167116,28.689451],[-104.149477,28.70945],[-104.124473,28.7195],[-104.113118,28.743834],[-104.101934,28.761397],[-104.108228,28.776842],[-104.083029,28.78222]]]}},{"type":"Feature","properties":{"municipio":"Carichi","votes_jdch":2202,"votes_shh":422,"votes_pvem":1943,"votes_mc":39,"votes_mxrep":8,"votes_pueblo":7,"votes_no_reg":1,"votes_pan":300,"votes_pri":1798,"votes_prd":82,"votes_pt":37,"votes_morena":385,"votes_nulos":479,"votes_total":5101,"lista_nominal":8013,"participacion_pct":63.66,"ganador_candidatura":"JDCH","votos_ganador":2202,"segundo_lugar":"PVEM","margen_votos":259,"partido_mayor_votacion":"PVEM","votos_partido_ganador":1943,"inegi_anio":2020,"inegi_disponible":true,"inegi_poblacion_total":7096,"inegi_poblacion_18ymas":4428,"inegi_poblacion_18a24":656,"inegi_escolaridad_promedio":5.03,"inegi_pea_pct":39.26,"inegi_ocupacion_pct":91.46,"inegi_afiliacion_salud_pct":82.99,"inegi_discapacidad_pct":4.64,"inegi_lengua_indigena_pct":53.42,"inegi_internet_pct":18.88,"inegi_agua_entubada_pct":78.32,"inegi_drenaje_pct":59.39,"ramo28_disponible":true,"ramo28_2025_pesos":41143301,"ramo28_estatus":"Integrado; diferencia estatal de $2","pmd_periodo":"2024-2027","pmd_url":"https://chihuahua.gob.mx/sites/default/atach2/periodico-oficial/anexos/2025-01/ANEXO 05-2025 ACUERDO N° 013-2025 PMD 2024-2027 CARICHÍ.pdf","pmd_disponible":true,"pmd_estatus":"Documento oficial localizado"},"geometry":{"type":"Polygon","coordinates":[[[-107.155204,28.142539],[-107.069591,28.076462],[-107.034668,28.075025],[-107.014973,28.089374],[-106.989838,28.086114],[-106.969666,28.061613],[-106.952348,28.01523],[-106.933031,27.987582],[-106.923986,27.967524],[-106.913651,27.942774],[-106.907714,27.92261],[-106.910923,27.899409],[-106.900731,27.875398],[-106.881141,27.841969],[-106.911971,27.817083],[-106.90008,27.784423],[-106.888337,27.764547],[-106.864727,27.746237],[-106.839059,27.743197],[-106.815184,27.745831],[-106.811471,27.722182],[-106.793354,27.694006],[-106.779034,27.662502],[-106.787497,27.62935],[-106.792378,27.589488],[-106.800946,27.562843],[-106.838244,27.581877],[-106.874913,27.59959],[-106.852853,27.568991],[-106.882035,27.555575],[-106.92183,27.588806],[-106.95376,27.563801],[-106.986844,27.548331],[-107.007413,27.541269],[-107.028432,27.554019],[-107.062041,27.556917],[-107.07985,27.56653],[-107.090633,27.58309],[-107.104701,27.574307],[-107.11461,27.584926],[-107.122448,27.60735],[-107.124327,27.617412],[-107.118917,27.629557],[-107.128579,27.637865],[-107.144886,27.633114],[-107.157989,27.632415],[-107.162032,27.6192],[-107.167425,27.602763],[-107.176235,27.615278],[-107.184977,27.603615],[-107.193523,27.609776],[-107.197494,27.614879],[-107.217612,27.605982],[-107.230974,27.610227],[-107.244907,27.601018],[-107.250484,27.605453],[-107.256441,27.61228],[-107.268787,27.608685],[-107.28871,27.615209],[-107.292764,27.608757],[-107.304004,27.607144],[-107.31239,27.602819],[-107.321501,27.62769],[-107.301296,27.636506],[-107.322645,27.678451],[-107.292869,27.68164],[-107.268827,27.687817],[-107.289893,27.714906],[-107.240323,27.754487],[-107.252599,27.772841],[-107.276072,27.78564],[-107.295868,27.804945],[-107.288604,27.828976],[-107.283854,27.859703],[-107.307548,27.88577],[-107.323608,27.906469],[-107.349051,27.923933],[-107.365476,27.907471],[-107.395273,27.921458],[-107.402846,27.94529],[-107.442119,27.95747],[-107.437142,27.979461],[-107.457021,28.026075],[-107.442332,28.033686],[-107.418983,28.032761],[-107.387934,28.011729],[-107.358738,28.00779],[-107.339757,28.00987],[-107.313736,28.018792],[-107.297335,28.016376],[-107.273602,28.012618],[-107.25138,28.012729],[-107.235187,28.027175],[-107.218747,28.032575],[-107.233246,28.062255],[-107.22025,28.071876],[-107.210914,28.094283],[-107.183901,28.110798],[-107.165404,28.134163],[-107.155204,28.142539]]]}},{"type":"Feature","properties":{"municipio":"Casas Grandes","votes_jdch":3069,"votes_shh":2224,"votes_pvem":191,"votes_mc":471,"votes_mxrep":38,"votes_pueblo":45,"votes_no_reg":3,"votes_pan":1365,"votes_pri":1418,"votes_prd":261,"votes_pt":265,"votes_morena":1952,"votes_nulos":365,"votes_total":6406,"lista_nominal":12176,"participacion_pct":52.61,"ganador_candidatura":"JDCH","votos_ganador":3069,"segundo_lugar":"SHH","margen_votos":845,"partido_mayor_votacion":"MOR","votos_partido_ganador":1952,"inegi_anio":2020,"inegi_disponible":true,"inegi_poblacion_total":11840,"inegi_poblacion_18ymas":7892,"inegi_poblacion_18a24":1247,"inegi_escolaridad_promedio":8.49,"inegi_pea_pct":55.32,"inegi_ocupacion_pct":97.71,"inegi_afiliacion_salud_pct":76.1,"inegi_discapacidad_pct":7.42,"inegi_lengua_indigena_pct":3.51,"inegi_internet_pct":34.4,"inegi_agua_entubada_pct":98.97,"inegi_drenaje_pct":95.81,"ramo28_disponible":true,"ramo28_2025_pesos":36261325,"ramo28_estatus":"Integrado; diferencia estatal de $2","pmd_periodo":"2024-2027","pmd_url":"https://chihuahua.gob.mx/sites/default/atach2/periodico-oficial/anexos/2025-01/ANEXO 08-2025 ACUERDO Nº 041-2025 PMD CASAS GRANDES.pdf","pmd_disponible":true,"pmd_estatus":"Documento oficial localizado"},"geometry":{"type":"Polygon","coordinates":[[[-107.945962,30.699047],[-107.933032,30.659593],[-107.919854,30.632609],[-107.916161,30.60709],[-107.908649,30.568772],[-107.910086,30.531802],[-107.919252,30.499188],[-107.925535,30.456831],[-107.937862,30.42321],[-107.935324,30.407908],[-107.932397,30.391901],[-107.930313,30.369671],[-107.934468,30.333285],[-107.943498,30.302324],[-107.957319,30.267456],[-107.965425,30.249147],[-107.979756,30.23055],[-107.959769,30.192588],[-107.961062,30.165289],[-107.933589,30.139509],[-107.918403,30.13842],[-107.93736,30.095587],[-107.934828,30.049356],[-107.96346,30.01944],[-107.98682,30.024834],[-108.003155,30.006095],[-108.009478,30.002622],[-107.999678,29.977654],[-107.988778,29.938465],[-107.992121,29.908583],[-107.996583,29.890189],[-107.995913,29.851198],[-107.984644,29.816579],[-108.01168,29.774738],[-108.17411,29.839295],[-108.192881,29.858976],[-108.214048,29.91841],[-108.245418,29.968339],[-108.327963,29.965959],[-108.39888,29.967536],[-108.494423,29.988402],[-108.553468,30.009687],[-108.575339,30.009474],[-108.562196,30.034928],[-108.591516,30.057885],[-108.603292,30.074869],[-108.615156,30.094376],[-108.614776,30.124069],[-108.576856,30.138729],[-108.569146,30.166635],[-108.58073,30.195882],[-108.575019,30.221561],[-108.552289,30.219691],[-108.538589,30.235993],[-108.531409,30.258205],[-108.505987,30.292975],[-108.495316,30.320754],[-108.49384,30.352337],[-108.468703,30.363546],[-108.415135,30.358703],[-108.378166,30.349576],[-108.357833,30.380729],[-108.332887,30.38877],[-108.287176,30.393735],[-108.245267,30.375348],[-108.191827,30.418851],[-108.158351,30.440968],[-108.141812,30.478516],[-108.1603,30.54296],[-108.143964,30.589105],[-108.091191,30.599589],[-108.023968,30.658823],[-107.945962,30.699047]]]}},{"type":"Feature","properties":{"municipio":"Chihuahua","votes_jdch":231271,"votes_shh":135403,"votes_pvem":11988,"votes_mc":24462,"votes_mxrep":4398,"votes_pueblo":4789,"votes_no_reg":322,"votes_pan":182095,"votes_pri":38116,"votes_prd":9539,"votes_pt":7734,"votes_morena":127563,"votes_nulos":17967,"votes_total":430600,"lista_nominal":755279,"participacion_pct":57.01,"ganador_candidatura":"JDCH","votos_ganador":231271,"segundo_lugar":"SHH","margen_votos":95868,"partido_mayor_votacion":"PAN","votos_partido_ganador":182095,"inegi_anio":2020,"inegi_disponible":true,"inegi_poblacion_total":875126,"inegi_poblacion_18ymas":638495,"inegi_poblacion_18a24":104711,"inegi_escolaridad_promedio":11.42,"inegi_pea_pct":63.5,"inegi_ocupacion_pct":98.14,"inegi_afiliacion_salud_pct":88.75,"inegi_discapacidad_pct":4.34,"inegi_lengua_indigena_pct":1.23,"inegi_internet_pct":69.76,"inegi_agua_entubada_pct":99.11,"inegi_drenaje_pct":99.4,"ramo28_disponible":true,"ramo28_2025_pesos":2552313207,"ramo28_estatus":"Integrado; diferencia estatal de $2","pmd_periodo":"2024-2027","pmd_url":"https://chihuahua.gob.mx/sites/default/atach2/periodico-oficial/anexos/2025-01/ANEXO 08-2025 ACUERDO Nº 037-2025 PMD CHIHUAHUA.pdf","pmd_disponible":true,"pmd_estatus":"Documento oficial localizado"},"geometry":{"type":"Polygon","coordinates":[[[-106.041731,29.756427],[-105.994209,29.718062],[-105.995162,29.704348],[-105.972932,29.696233],[-105.948892,29.674359],[-105.957222,29.66367],[-105.975437,29.655882],[-105.995476,29.642493],[-105.978159,29.62539],[-105.979967,29.593426],[-105.977329,29.576632],[-105.974473,29.56702],[-105.956357,29.567132],[-105.94859,29.551488],[-105.949827,29.527537],[-105.96335,29.507608],[-105.96822,29.488966],[-105.962869,29.468582],[-105.963006,29.457687],[-105.962759,29.429302],[-105.954318,29.416804],[-105.949092,29.401864],[-105.943672,29.389484],[-105.936656,29.378696],[-105.933715,29.370488],[-105.945817,29.378393],[-105.96924,29.398339],[-105.990012,29.406025],[-106.00535,29.400918],[-106.028276,29.398166],[-106.053274,29.398183],[-106.067912,29.39011],[-106.079309,29.377796],[-106.076799,29.344526],[-106.052136,29.306089],[-106.027553,29.303862],[-106.048061,29.272768],[-106.05955,29.250274],[-106.072925,29.232905],[-106.046694,29.211582],[-106.039771,29.193227],[-106.045241,29.17024],[-106.042704,29.151884],[-106.070614,29.145508],[-106.102696,29.157397],[-106.126939,29.137948],[-106.145285,29.116599],[-106.174549,29.107885],[-106.192145,29.091739],[-106.211898,29.086007],[-106.155215,28.998515],[-106.16465,28.975353],[-106.198967,28.963333],[-106.175913,28.937884],[-106.164071,28.931158],[-106.152935,28.928908],[-106.14128,28.925148],[-106.133526,28.921671],[-106.126203,28.921643],[-106.125152,28.918756],[-106.127073,28.914278],[-106.124306,28.910622],[-106.124196,28.906071],[-106.124125,28.901971],[-106.121311,28.8972],[-106.11812,28.894064],[-106.116414,28.891176],[-106.112962,28.887191],[-106.084963,28.817365],[-105.935132,28.729651],[-105.96301,28.643824],[-105.959722,28.584791],[-105.948302,28.543114],[-105.913087,28.513086],[-105.8991,28.511318],[-105.883253,28.52819],[-105.875269,28.518829],[-105.857865,28.504094],[-105.83669,28.505367],[-105.849352,28.483067],[-105.830988,28.470406],[-105.809462,28.4634],[-105.759817,28.459285],[-105.713254,28.414293],[-105.725346,28.394475],[-105.733464,28.377565],[-105.750263,28.355745],[-105.759716,28.334442],[-105.749048,28.319901],[-105.749094,28.286536],[-105.771428,28.296904],[-105.809475,28.293144],[-105.833189,28.285945],[-105.851507,28.272636],[-105.915606,28.261467],[-105.928569,28.232935],[-105.93279,28.216029],[-105.938502,28.167491],[-105.965484,28.138731],[-105.985453,28.134835],[-106.006478,28.138382],[-106.025538,28.144501],[-106.031422,28.121044],[-106.052961,28.140808],[-106.086276,28.115228],[-106.132364,28.111332],[-106.18383,28.10474],[-106.22837,28.104764],[-106.28613,28.126273],[-106.274631,28.144407],[-106.26131,28.146875],[-106.293322,28.169773],[-106.275968,28.189428],[-106.233553,28.182165],[-106.231053,28.208961],[-106.217178,28.229837],[-106.222962,28.26945],[-106.252633,28.372719],[-106.26389,28.428803],[-106.295139,28.456178],[-106.334017,28.458712],[-106.355908,28.484464],[-106.349581,28.515179],[-106.337956,28.538211],[-106.316415,28.55607],[-106.310286,28.579651],[-106.34095,28.604032],[-106.367169,28.636556],[-106.324502,28.662827],[-106.324795,28.693339],[-106.363477,28.668749],[-106.385402,28.670862],[-106.437234,28.707864],[-106.499023,28.712857],[-106.520606,28.735016],[-106.518017,28.762472],[-106.511499,28.798517],[-106.526306,28.818814],[-106.538622,28.833413],[-106.537489,28.863294],[-106.538334,28.891978],[-106.572721,28.913268],[-106.588579,28.934538],[-106.610314,28.954871],[-106.638782,28.96169],[-106.667339,28.972411],[-106.62834,28.988742],[-106.616135,29.004012],[-106.630699,29.033866],[-106.606778,29.046929],[-106.598353,29.069285],[-106.572704,29.07838],[-106.536047,29.09531],[-106.533015,29.124391],[-106.553072,29.152995],[-106.548467,29.190754],[-106.553725,29.207799],[-106.58239,29.191335],[-106.609818,29.210986],[-106.585264,29.238966],[-106.56296,29.252636],[-106.560135,29.275769],[-106.57845,29.314308],[-106.582102,29.360969],[-106.591226,29.386307],[-106.583036,29.421923],[-106.575289,29.460346],[-106.54675,29.488812],[-106.528104,29.529563],[-106.512324,29.568068],[-106.519265,29.660965],[-106.453505,29.725036],[-106.345684,29.711049],[-106.301864,29.779294],[-106.109474,29.744958],[-106.041731,29.756427]]]}},{"type":"Feature","properties":{"municipio":"Chinipas","votes_jdch":844,"votes_shh":2060,"votes_pvem":42,"votes_mc":45,"votes_mxrep":6,"votes_pueblo":498,"votes_no_reg":0,"votes_pan":191,"votes_pri":621,"votes_prd":17,"votes_pt":77,"votes_morena":1983,"votes_nulos":242,"votes_total":3737,"lista_nominal":5070,"participacion_pct":73.71,"ganador_candidatura":"SHH","votos_ganador":2060,"segundo_lugar":"JDCH","margen_votos":1216,"partido_mayor_votacion":"MOR","votos_partido_ganador":1983,"inegi_anio":2020,"inegi_disponible":true,"inegi_poblacion_total":5941,"inegi_poblacion_18ymas":3746,"inegi_poblacion_18a24":481,"inegi_escolaridad_promedio":7.24,"inegi_pea_pct":47.58,"inegi_ocupacion_pct":98.08,"inegi_afiliacion_salud_pct":84.31,"inegi_discapacidad_pct":8.15,"inegi_lengua_indigena_pct":12.71,"inegi_internet_pct":9.95,"inegi_agua_entubada_pct":90.93,"inegi_drenaje_pct":64.31,"ramo28_disponible":true,"ramo28_2025_pesos":31572041,"ramo28_estatus":"Integrado; diferencia estatal de $2","pmd_periodo":"2024-2027","pmd_url":"https://chihuahua.gob.mx/sites/default/atach2/periodico-oficial/anexos/2025-01/ANEXO 07-2025 ACUERDO N° 027-2025 PMD 2024-2027 CHÍNIPAS.pdf","pmd_disponible":true,"pmd_estatus":"Documento oficial localizado"},"geometry":{"type":"Polygon","coordinates":[[[-108.562731,27.7978],[-108.519287,27.782913],[-108.493102,27.775596],[-108.445077,27.776857],[-108.448493,27.748131],[-108.44076,27.704143],[-108.431639,27.674721],[-108.410902,27.681633],[-108.408671,27.732589],[-108.339017,27.730312],[-108.280701,27.74199],[-108.289045,27.723125],[-108.282608,27.707525],[-108.306077,27.701037],[-108.311803,27.728221],[-108.324266,27.719267],[-108.346663,27.707138],[-108.352378,27.688958],[-108.382534,27.681501],[-108.383712,27.656427],[-108.40918,27.644884],[-108.403508,27.624742],[-108.404733,27.609601],[-108.424714,27.602168],[-108.432818,27.585074],[-108.417919,27.566294],[-108.399581,27.553289],[-108.425661,27.539266],[-108.440165,27.51732],[-108.464105,27.506674],[-108.441481,27.471389],[-108.43637,27.442973],[-108.426386,27.422561],[-108.41124,27.399059],[-108.385865,27.405548],[-108.377636,27.383485],[-108.361519,27.345508],[-108.348965,27.324057],[-108.34134,27.305388],[-108.345925,27.288113],[-108.364505,27.275737],[-108.387035,27.254502],[-108.408679,27.228435],[-108.447816,27.238096],[-108.475099,27.218317],[-108.481361,27.196932],[-108.482528,27.170663],[-108.496609,27.155558],[-108.497017,27.124877],[-108.486538,27.097022],[-108.482877,27.07087],[-108.481372,27.039784],[-108.470904,27.035687],[-108.453308,27.025801],[-108.428671,27.020377],[-108.420858,27.011653],[-108.436017,27.00794],[-108.450177,27.009597],[-108.461646,27.002327],[-108.455521,26.987784],[-108.513708,27.008463],[-108.549798,27.034211],[-108.576836,27.026307],[-108.598672,27.028457],[-108.605878,27.042511],[-108.628976,27.056598],[-108.637309,27.08292],[-108.620526,27.105574],[-108.621907,27.145726],[-108.627921,27.164363],[-108.634713,27.187786],[-108.655117,27.242549],[-108.613814,27.290071],[-108.605058,27.313448],[-108.612928,27.360704],[-108.621549,27.373832],[-108.623772,27.434571],[-108.586643,27.426483],[-108.582785,27.456207],[-108.604819,27.456368],[-108.625213,27.477379],[-108.653628,27.481426],[-108.657757,27.506343],[-108.64633,27.526651],[-108.629068,27.542604],[-108.653935,27.5445],[-108.676047,27.555643],[-108.698404,27.566365],[-108.731135,27.610433],[-108.719753,27.632978],[-108.675836,27.638231],[-108.664955,27.669198],[-108.645189,27.695808],[-108.635719,27.715514],[-108.617365,27.72342],[-108.621863,27.747672],[-108.638476,27.768885],[-108.562731,27.7978]]]}},{"type":"Feature","properties":{"municipio":"Coronado","votes_jdch":949,"votes_shh":202,"votes_pvem":0,"votes_mc":383,"votes_mxrep":3,"votes_pueblo":1,"votes_no_reg":1,"votes_pan":830,"votes_pri":106,"votes_prd":8,"votes_pt":35,"votes_morena":167,"votes_nulos":59,"votes_total":1598,"lista_nominal":1984,"participacion_pct":80.54,"ganador_candidatura":"JDCH","votos_ganador":949,"segundo_lugar":"MC","margen_votos":566,"partido_mayor_votacion":"PAN","votos_partido_ganador":830,"inegi_anio":2020,"inegi_disponible":true,"inegi_poblacion_total":1946,"inegi_poblacion_18ymas":1392,"inegi_poblacion_18a24":152,"inegi_escolaridad_promedio":8.05,"inegi_pea_pct":50.32,"inegi_ocupacion_pct":98.09,"inegi_afiliacion_salud_pct":88.85,"inegi_discapacidad_pct":6.73,"inegi_lengua_indigena_pct":0.51,"inegi_internet_pct":20.16,"inegi_agua_entubada_pct":98.91,"inegi_drenaje_pct":97.81,"ramo28_disponible":true,"ramo28_2025_pesos":22386694,"ramo28_estatus":"Integrado; diferencia estatal de $2","pmd_periodo":"2024-2027","pmd_url":"https://chihuahua.gob.mx/sites/default/atach2/periodico-oficial/anexos/2025-01/ANEXO 04-2025 ACUERDO N° 008-2025 PMD 2024-2027 CORONADO.pdf","pmd_disponible":true,"pmd_estatus":"Documento oficial localizado"},"geometry":{"type":"Polygon","coordinates":[[[-105.102056,26.899287],[-105.078927,26.839856],[-105.069834,26.823735],[-105.059759,26.801993],[-105.051774,26.781244],[-105.033247,26.770895],[-105.017053,26.760134],[-105.007086,26.753821],[-104.997796,26.74821],[-104.973269,26.738589],[-104.954752,26.736329],[-104.93979,26.73837],[-104.923844,26.743795],[-104.906915,26.749134],[-104.873835,26.718737],[-104.83454,26.728336],[-104.760501,26.737697],[-104.731948,26.728931],[-104.697259,26.723775],[-104.703086,26.718088],[-104.703687,26.706858],[-104.709562,26.700254],[-104.719843,26.690843],[-104.726807,26.674329],[-104.725446,26.66351],[-104.719065,26.654094],[-104.707407,26.633196],[-104.703593,26.61643],[-104.711174,26.606771],[-104.739582,26.609422],[-104.767889,26.624867],[-104.770677,26.607442],[-104.778485,26.590677],[-104.795327,26.562762],[-104.794689,26.549053],[-104.858103,26.505714],[-104.976191,26.520161],[-105.100348,26.433869],[-105.114694,26.459531],[-105.117523,26.463673],[-105.120227,26.467234],[-105.125977,26.466562],[-105.134415,26.464889],[-105.144195,26.462053],[-105.196727,26.439977],[-105.206583,26.456457],[-105.212625,26.465687],[-105.228241,26.459113],[-105.234309,26.451],[-105.2434,26.45865],[-105.260913,26.463215],[-105.26869,26.475659],[-105.280378,26.487179],[-105.290556,26.486684],[-105.291386,26.481375],[-105.297997,26.481688],[-105.300789,26.477036],[-105.300648,26.473305],[-105.307119,26.470301],[-105.31349,26.471527],[-105.316255,26.4619],[-105.335184,26.470371],[-105.345378,26.477102],[-105.354031,26.49094],[-105.348792,26.512434],[-105.438622,26.534005],[-105.446806,26.548501],[-105.429026,26.560147],[-105.429258,26.575093],[-105.440219,26.584209],[-105.434653,26.592989],[-105.430562,26.602587],[-105.426606,26.605827],[-105.416758,26.606863],[-105.400271,26.612718],[-105.399529,26.62899],[-105.391081,26.646618],[-105.386514,26.659108],[-105.351856,26.659998],[-105.329972,26.666445],[-105.330559,26.68139],[-105.346573,26.694539],[-105.350758,26.715745],[-105.349026,26.749941],[-105.333453,26.772994],[-105.29874,26.783434],[-105.283552,26.783492],[-105.261576,26.79415],[-105.249287,26.805575],[-105.232773,26.813834],[-105.218933,26.820978],[-105.204469,26.827633],[-105.187868,26.831257],[-105.154467,26.862734],[-105.16171,26.884717],[-105.150423,26.884433],[-105.130782,26.88955],[-105.115931,26.897311],[-105.102056,26.899287]]]}},{"type":"Feature","properties":{"municipio":"Coyame Del Sotol","votes_jdch":917,"votes_shh":583,"votes_pvem":8,"votes_mc":4,"votes_mxrep":5,"votes_pueblo":1,"votes_no_reg":0,"votes_pan":64,"votes_pri":280,"votes_prd":569,"votes_pt":8,"votes_morena":575,"votes_nulos":68,"votes_total":1586,"lista_nominal":2290,"participacion_pct":69.26,"ganador_candidatura":"JDCH","votos_ganador":917,"segundo_lugar":"SHH","margen_votos":334,"partido_mayor_votacion":"MOR","votos_partido_ganador":575,"inegi_anio":2020,"inegi_disponible":true,"inegi_poblacion_total":1186,"inegi_poblacion_18ymas":846,"inegi_poblacion_18a24":79,"inegi_escolaridad_promedio":7.06,"inegi_pea_pct":49.95,"inegi_ocupacion_pct":98.51,"inegi_afiliacion_salud_pct":90.64,"inegi_discapacidad_pct":3.29,"inegi_lengua_indigena_pct":1.59,"inegi_internet_pct":14.45,"inegi_agua_entubada_pct":96.92,"inegi_drenaje_pct":97.39,"ramo28_disponible":true,"ramo28_2025_pesos":23703692,"ramo28_estatus":"Integrado; diferencia estatal de $2","pmd_periodo":"2024-2027","pmd_url":"https://chihuahua.gob.mx/sites/default/atach2/periodico-oficial/anexos/2025-01/ANEXO 08-2025 ACUERDO Nº 039-2025 PMD COYAME DEL SOTOL.pdf","pmd_disponible":true,"pmd_estatus":"Documento oficial localizado"},"geometry":{"type":"Polygon","coordinates":[[[-104.987732,30.486618],[-104.893736,30.369637],[-104.868427,30.343693],[-104.885638,30.317847],[-104.913916,30.293577],[-104.94326,30.303845],[-104.880025,30.186888],[-104.80259,30.116245],[-104.788341,30.096833],[-104.82246,30.080928],[-104.874462,29.929373],[-104.904264,29.880515],[-104.872263,29.866482],[-104.858451,29.861144],[-104.87509,29.805306],[-104.897143,29.765868],[-104.878358,29.735656],[-104.867309,29.674517],[-104.861133,29.604543],[-104.816779,29.560978],[-104.799718,29.525192],[-104.771333,29.470644],[-104.722981,29.408588],[-104.673282,29.373587],[-104.603241,29.318425],[-104.570126,29.273899],[-104.602108,29.223275],[-104.601182,29.187069],[-104.57373,29.161237],[-104.741914,28.983629],[-104.725106,28.94928],[-104.805581,28.956534],[-104.891937,28.977341],[-104.961623,28.986378],[-105.004928,28.990052],[-105.052364,28.994473],[-105.09384,29.015821],[-105.122325,29.032435],[-105.134265,29.052546],[-105.136945,29.070597],[-105.116738,29.077562],[-105.107618,29.099046],[-105.086388,29.108651],[-105.077416,29.119329],[-105.063704,29.132729],[-105.060462,29.154151],[-105.045279,29.180076],[-105.060981,29.201326],[-105.115069,29.199461],[-105.16987,29.207259],[-105.203056,29.226145],[-105.218185,29.242492],[-105.222371,29.266586],[-105.251175,29.290414],[-105.266285,29.319002],[-105.268361,29.339117],[-105.293502,29.334624],[-105.316326,29.35172],[-105.336971,29.388867],[-105.415779,29.467376],[-105.361598,29.631284],[-105.395528,29.612059],[-105.467246,29.646614],[-105.440139,29.652123],[-105.413841,29.661],[-105.445082,29.698527],[-105.476473,29.721521],[-105.544321,29.710238],[-105.604916,29.702724],[-105.624167,29.721461],[-105.646019,29.757327],[-105.674,29.776687],[-105.711237,29.78519],[-105.737167,29.80184],[-105.786644,29.842408],[-105.831387,29.970141],[-105.906913,30.052654],[-105.826576,30.130462],[-105.737294,30.172727],[-105.678011,30.219304],[-105.653416,30.316456],[-105.531927,30.328515],[-105.447352,30.364462],[-105.323836,30.387689],[-105.208253,30.394393],[-105.099984,30.426289],[-105.024954,30.482481],[-104.987732,30.486618]]]}},{"type":"Feature","properties":{"municipio":"Cuauhtemoc","votes_jdch":33207,"votes_shh":23821,"votes_pvem":2313,"votes_mc":5483,"votes_mxrep":582,"votes_pueblo":395,"votes_no_reg":27,"votes_pan":25664,"votes_pri":5940,"votes_prd":1281,"votes_pt":2109,"votes_morena":21598,"votes_nulos":3641,"votes_total":69469,"lista_nominal":144991,"participacion_pct":47.91,"ganador_candidatura":"JDCH","votos_ganador":33207,"segundo_lugar":"SHH","margen_votos":9386,"partido_mayor_votacion":"PAN","votos_partido_ganador":25664,"inegi_anio":2020,"inegi_disponible":true,"inegi_poblacion_total":158482,"inegi_poblacion_18ymas":108309,"inegi_poblacion_18a24":18426,"inegi_escolaridad_promedio":9.4,"inegi_pea_pct":61.62,"inegi_ocupacion_pct":98.62,"inegi_afiliacion_salud_pct":86.3,"inegi_discapacidad_pct":4.06,"inegi_lengua_indigena_pct":2.12,"inegi_internet_pct":49.77,"inegi_agua_entubada_pct":99.37,"inegi_drenaje_pct":98.75,"ramo28_disponible":true,"ramo28_2025_pesos":360689531,"ramo28_estatus":"Integrado; diferencia estatal de $2","pmd_periodo":"2024-2027","pmd_url":"https://chihuahua.gob.mx/sites/default/atach2/periodico-oficial/anexos/2025-01/ANEXO 05-2025 ACUERDO N° 210-2024 PMD 2024-2027 CUAUHTÉMOC.pdf","pmd_disponible":true,"pmd_estatus":"Documento oficial localizado"},"geometry":{"type":"Polygon","coordinates":[[[-107.07081,29.207123],[-107.070664,29.188743],[-107.073464,29.169237],[-106.991063,29.139445],[-106.952907,29.112704],[-106.920064,29.111862],[-106.898157,29.116334],[-106.852761,29.089016],[-106.825502,29.104012],[-106.801821,29.101031],[-106.782449,29.065639],[-106.785935,29.033272],[-106.809265,28.995188],[-106.785661,28.959623],[-106.789329,28.932757],[-106.803292,28.897981],[-106.840277,28.903274],[-106.888804,28.903022],[-106.811674,28.857713],[-106.799464,28.827131],[-106.84643,28.820136],[-106.878894,28.788845],[-106.884835,28.76907],[-106.822758,28.749336],[-106.801918,28.721892],[-106.778304,28.704658],[-106.761239,28.695419],[-106.754596,28.658482],[-106.705683,28.630631],[-106.686082,28.624811],[-106.659278,28.608346],[-106.61963,28.585864],[-106.598668,28.560537],[-106.598806,28.522334],[-106.621998,28.502318],[-106.55262,28.441548],[-106.551207,28.41908],[-106.569293,28.431337],[-106.579359,28.433227],[-106.592218,28.428767],[-106.606319,28.42405],[-106.616222,28.435296],[-106.629855,28.425502],[-106.642861,28.425123],[-106.648921,28.418971],[-106.654947,28.407534],[-106.65063,28.384569],[-106.659501,28.380667],[-106.727124,28.378713],[-106.758228,28.350805],[-106.799716,28.347457],[-106.899202,28.286622],[-106.950382,28.272535],[-106.979865,28.289518],[-107.05654,28.345374],[-107.070187,28.368209],[-107.070386,28.415361],[-107.085155,28.432202],[-107.082381,28.457199],[-107.097715,28.48892],[-107.152297,28.542818],[-107.173024,28.567616],[-107.191316,28.586064],[-107.223419,28.601327],[-107.207147,28.658858],[-107.199907,28.700514],[-107.179093,28.736543],[-107.149941,28.788514],[-107.110816,28.841813],[-107.123577,28.883603],[-107.161162,28.908819],[-107.202509,28.934346],[-107.204086,28.977638],[-107.24622,29.002734],[-107.24434,29.050707],[-107.238859,29.075465],[-107.236799,29.106165],[-107.228834,29.111527],[-107.205975,29.12506],[-107.173662,29.108169],[-107.137374,29.095368],[-107.105605,29.118761],[-107.112746,29.149853],[-107.094257,29.174405],[-107.073261,29.20029],[-107.07081,29.207123]]]}},{"type":"Feature","properties":{"municipio":"Cusihuiriachi","votes_jdch":1583,"votes_shh":455,"votes_pvem":259,"votes_mc":135,"votes_mxrep":299,"votes_pueblo":9,"votes_no_reg":0,"votes_pan":614,"votes_pri":907,"votes_prd":48,"votes_pt":43,"votes_morena":412,"votes_nulos":265,"votes_total":3005,"lista_nominal":5557,"participacion_pct":54.08,"ganador_candidatura":"JDCH","votos_ganador":1583,"segundo_lugar":"SHH","margen_votos":1128,"partido_mayor_votacion":"PRI","votos_partido_ganador":907,"inegi_anio":2020,"inegi_disponible":true,"inegi_poblacion_total":3955,"inegi_poblacion_18ymas":2883,"inegi_poblacion_18a24":374,"inegi_escolaridad_promedio":6.72,"inegi_pea_pct":49.66,"inegi_ocupacion_pct":98.58,"inegi_afiliacion_salud_pct":85.46,"inegi_discapacidad_pct":7.16,"inegi_lengua_indigena_pct":9.14,"inegi_internet_pct":22.52,"inegi_agua_entubada_pct":98.69,"inegi_drenaje_pct":89.36,"ramo28_disponible":true,"ramo28_2025_pesos":32333998,"ramo28_estatus":"Integrado; diferencia estatal de $2","pmd_periodo":"2024-2027","pmd_url":"https://chihuahua.gob.mx/sites/default/atach2/periodico-oficial/anexos/2025-01/ANEXO 03-2025 ACUERDO N° 202-2024 PMD CUSIHUIRIACHI.pdf","pmd_disponible":true,"pmd_estatus":"Documento oficial localizado"},"geometry":{"type":"Polygon","coordinates":[[[-106.668804,28.380738],[-106.654288,28.372292],[-106.649338,28.355463],[-106.667287,28.319095],[-106.700625,28.330041],[-106.739481,28.28944],[-106.714146,28.270765],[-106.675001,28.287066],[-106.647637,28.280681],[-106.641009,28.256941],[-106.646964,28.230277],[-106.654663,28.202297],[-106.601682,28.199352],[-106.572126,28.177821],[-106.557983,28.136911],[-106.586067,28.130144],[-106.57589,28.108491],[-106.612663,28.094118],[-106.653895,28.075355],[-106.73551,28.082502],[-106.794391,28.081887],[-106.839021,28.070052],[-106.90967,28.040483],[-106.97221,28.056315],[-106.977767,28.082081],[-107.011543,28.093279],[-107.028413,28.071449],[-107.065699,28.073278],[-107.125018,28.116928],[-107.166843,28.160722],[-107.200602,28.175082],[-107.211774,28.197317],[-107.206185,28.225315],[-107.181424,28.251736],[-107.199027,28.2601],[-107.183137,28.294795],[-107.151405,28.305281],[-107.13429,28.288421],[-107.12307,28.315139],[-107.094266,28.337029],[-107.067185,28.356171],[-107.007725,28.333341],[-106.976763,28.2777],[-106.937924,28.282096],[-106.837361,28.334008],[-106.79535,28.350006],[-106.737653,28.357927],[-106.710664,28.371637],[-106.668804,28.380738]]]}},{"type":"Feature","properties":{"municipio":"Delicias","votes_jdch":30576,"votes_shh":26550,"votes_pvem":1911,"votes_mc":4687,"votes_mxrep":545,"votes_pueblo":0,"votes_no_reg":17,"votes_pan":24351,"votes_pri":4965,"votes_prd":1016,"votes_pt":1665,"votes_morena":24885,"votes_nulos":3161,"votes_total":67447,"lista_nominal":123655,"participacion_pct":54.54,"ganador_candidatura":"JDCH","votos_ganador":30576,"segundo_lugar":"SHH","margen_votos":4026,"partido_mayor_votacion":"MOR","votos_partido_ganador":24885,"inegi_anio":2020,"inegi_disponible":true,"inegi_poblacion_total":150776,"inegi_poblacion_18ymas":105782,"inegi_poblacion_18a24":16690,"inegi_escolaridad_promedio":10.2,"inegi_pea_pct":61.9,"inegi_ocupacion_pct":97.88,"inegi_afiliacion_salud_pct":86.68,"inegi_discapacidad_pct":4.66,"inegi_lengua_indigena_pct":0.68,"inegi_internet_pct":59.08,"inegi_agua_entubada_pct":99.72,"inegi_drenaje_pct":99.74,"ramo28_disponible":true,"ramo28_2025_pesos":346534567,"ramo28_estatus":"Integrado; diferencia estatal de $2","pmd_periodo":"2024-2027","pmd_url":"https://chihuahua.gob.mx/sites/default/atach2/periodico-oficial/anexos/2025-01/ANEXO 03-2025 ACUERDO N° 203-2024 PMD DELICIAS.pdf","pmd_disponible":true,"pmd_estatus":"Documento oficial localizado"},"geometry":{"type":"Polygon","coordinates":[[[-105.388724,28.310658],[-105.366942,28.306436],[-105.351115,28.303485],[-105.338385,28.295072],[-105.328481,28.286585],[-105.322133,28.283789],[-105.312048,28.278744],[-105.314393,28.270679],[-105.314137,28.267076],[-105.32075,28.26308],[-105.327176,28.260409],[-105.342398,28.255598],[-105.350697,28.257312],[-105.353,28.248067],[-105.356864,28.240183],[-105.35318,28.234809],[-105.35249,28.227852],[-105.362215,28.218417],[-105.353533,28.193381],[-105.356645,28.183884],[-105.362045,28.156401],[-105.361973,28.123052],[-105.365685,28.06841],[-105.380154,28.069644],[-105.385006,28.080205],[-105.399594,28.079824],[-105.402892,28.066427],[-105.410021,28.058788],[-105.4192,28.049913],[-105.473527,28.05659],[-105.515886,28.011493],[-105.550227,28.006309],[-105.641438,28.014126],[-105.642068,28.086739],[-105.643908,28.096169],[-105.577753,28.127903],[-105.549237,28.146316],[-105.53697,28.158051],[-105.53427,28.170653],[-105.53048,28.176312],[-105.504861,28.181807],[-105.500419,28.231249],[-105.489067,28.254131],[-105.4764,28.260932],[-105.462885,28.25613],[-105.459551,28.24592],[-105.449958,28.243021],[-105.408386,28.264078],[-105.403466,28.292086],[-105.40231,28.305018],[-105.388724,28.310658]]]}},{"type":"Feature","properties":{"municipio":"Dr. Belisario Dominguez","votes_jdch":451,"votes_shh":749,"votes_pvem":52,"votes_mc":343,"votes_mxrep":61,"votes_pueblo":15,"votes_no_reg":0,"votes_pan":141,"votes_pri":273,"votes_prd":30,"votes_pt":374,"votes_morena":375,"votes_nulos":145,"votes_total":1816,"lista_nominal":3270,"participacion_pct":55.54,"ganador_candidatura":"SHH","votos_ganador":749,"segundo_lugar":"JDCH","margen_votos":298,"partido_mayor_votacion":"MOR","votos_partido_ganador":375,"inegi_anio":2020,"inegi_disponible":true,"inegi_poblacion_total":2430,"inegi_poblacion_18ymas":1923,"inegi_poblacion_18a24":161,"inegi_escolaridad_promedio":6.64,"inegi_pea_pct":41.51,"inegi_ocupacion_pct":96.82,"inegi_afiliacion_salud_pct":91.77,"inegi_discapacidad_pct":9.71,"inegi_lengua_indigena_pct":6.7,"inegi_internet_pct":40.02,"inegi_agua_entubada_pct":99.79,"inegi_drenaje_pct":96.5,"ramo28_disponible":true,"ramo28_2025_pesos":28171665,"ramo28_estatus":"Integrado; diferencia estatal de $2","pmd_periodo":"2024-2027","pmd_url":"https://chihuahua.gob.mx/sites/default/atach2/periodico-oficial/anexos/2025-01/ANEXO 04-2025 PMD ACUERDO N° 206 DR.BELISARIO DOMÍNGUEZ.pdf","pmd_disponible":true,"pmd_estatus":"Documento oficial localizado"},"geometry":{"type":"Polygon","coordinates":[[[-106.530837,28.199453],[-106.501275,28.175634],[-106.452343,28.181603],[-106.416986,28.180333],[-106.368892,28.174141],[-106.323655,28.170087],[-106.302369,28.138967],[-106.265167,28.096209],[-106.315653,28.09815],[-106.381195,28.099927],[-106.382197,28.06169],[-106.38701,28.027775],[-106.4445,28.035085],[-106.439785,28.007716],[-106.425173,27.976071],[-106.39657,27.953169],[-106.361979,27.946327],[-106.312532,27.94672],[-106.298103,27.913821],[-106.310846,27.860141],[-106.293775,27.830155],[-106.310269,27.809501],[-106.354809,27.809737],[-106.395314,27.784751],[-106.441864,27.814037],[-106.483645,27.790178],[-106.495432,27.801192],[-106.516713,27.82245],[-106.510991,27.839965],[-106.50367,27.847892],[-106.504131,27.874172],[-106.484273,27.891259],[-106.459697,27.907925],[-106.476788,27.92125],[-106.5048,27.932847],[-106.539773,27.935186],[-106.570145,27.956852],[-106.62522,27.96777],[-106.668148,27.980901],[-106.651527,28.020074],[-106.648553,28.059243],[-106.645452,28.093867],[-106.590925,28.098661],[-106.578864,28.123945],[-106.572398,28.13295],[-106.551991,28.173847],[-106.571497,28.190877],[-106.530837,28.199453]]]}},{"type":"Feature","properties":{"municipio":"El Tule","votes_jdch":860,"votes_shh":970,"votes_pvem":5,"votes_mc":39,"votes_mxrep":4,"votes_pueblo":9,"votes_no_reg":0,"votes_pan":796,"votes_pri":49,"votes_prd":8,"votes_pt":9,"votes_morena":961,"votes_nulos":58,"votes_total":1945,"lista_nominal":2648,"participacion_pct":73.45,"ganador_candidatura":"SHH","votos_ganador":970,"segundo_lugar":"JDCH","margen_votos":110,"partido_mayor_votacion":"MOR","votos_partido_ganador":961,"inegi_anio":2020,"inegi_disponible":true,"inegi_poblacion_total":1400,"inegi_poblacion_18ymas":1025,"inegi_poblacion_18a24":130,"inegi_escolaridad_promedio":6.85,"inegi_pea_pct":34.96,"inegi_ocupacion_pct":98.01,"inegi_afiliacion_salud_pct":83.71,"inegi_discapacidad_pct":6.0,"inegi_lengua_indigena_pct":2.78,"inegi_internet_pct":40.92,"inegi_agua_entubada_pct":98.47,"inegi_drenaje_pct":93.44,"ramo28_disponible":true,"ramo28_2025_pesos":22957033,"ramo28_estatus":"Integrado; diferencia estatal de $2","pmd_periodo":"2024-2027","pmd_url":"https://chihuahua.gob.mx/sites/default/atach2/periodico-oficial/anexos/2025-01/ANEXO 05-2025 ACUERDO N° 012-2025 PMD EL TULE .pdf","pmd_disponible":true,"pmd_estatus":"Documento oficial localizado"},"geometry":{"type":"Polygon","coordinates":[[[-106.453818,27.199533],[-106.458101,27.169459],[-106.441932,27.145619],[-106.424623,27.147601],[-106.402961,27.155496],[-106.380474,27.156611],[-106.366289,27.15285],[-106.350419,27.15208],[-106.332571,27.145245],[-106.322116,27.139584],[-106.296638,27.126356],[-106.287401,27.12482],[-106.277157,27.131938],[-106.264238,27.141891],[-106.249467,27.134729],[-106.236368,27.145343],[-106.220308,27.149525],[-106.205427,27.149145],[-106.185714,27.145325],[-106.176854,27.144565],[-106.167724,27.129657],[-106.1652,27.111472],[-106.175801,27.102622],[-106.191157,27.102091],[-106.194482,27.095467],[-106.193195,27.08561],[-106.194705,27.065822],[-106.227882,27.047639],[-106.219024,27.019628],[-106.208004,26.999773],[-106.232381,26.971945],[-106.226678,26.955359],[-106.212639,26.939582],[-106.18519,26.931766],[-106.177768,26.914197],[-106.133233,26.902279],[-106.138334,26.884948],[-106.143948,26.86993],[-106.139569,26.861274],[-106.161408,26.862598],[-106.181264,26.87924],[-106.188651,26.894964],[-106.198846,26.890251],[-106.216763,26.892176],[-106.233317,26.892162],[-106.245549,26.895555],[-106.246921,26.909538],[-106.251614,26.924761],[-106.261338,26.932951],[-106.268614,26.94685],[-106.282036,26.959009],[-106.300913,26.988514],[-106.313547,26.998975],[-106.320677,27.005329],[-106.348371,27.036498],[-106.345463,27.05528],[-106.358641,27.05982],[-106.382153,27.062363],[-106.390562,27.076998],[-106.405203,27.074934],[-106.428099,27.076208],[-106.483821,27.067601],[-106.495825,27.133179],[-106.499428,27.155241],[-106.501374,27.173028],[-106.471551,27.182401],[-106.463824,27.193397],[-106.453818,27.199533]]]}},{"type":"Feature","properties":{"municipio":"Madera","votes_jdch":3938,"votes_shh":3843,"votes_pvem":204,"votes_mc":442,"votes_mxrep":2543,"votes_pueblo":93,"votes_no_reg":2,"votes_pan":3082,"votes_pri":632,"votes_prd":165,"votes_pt":114,"votes_morena":3729,"votes_nulos":752,"votes_total":11817,"lista_nominal":20514,"participacion_pct":57.6,"ganador_candidatura":"JDCH","votos_ganador":3938,"segundo_lugar":"SHH","margen_votos":95,"partido_mayor_votacion":"MOR","votos_partido_ganador":3729,"inegi_anio":2020,"inegi_disponible":true,"inegi_poblacion_total":25050,"inegi_poblacion_18ymas":16863,"inegi_poblacion_18a24":2341,"inegi_escolaridad_promedio":8.0,"inegi_pea_pct":55.54,"inegi_ocupacion_pct":98.56,"inegi_afiliacion_salud_pct":86.58,"inegi_discapacidad_pct":6.73,"inegi_lengua_indigena_pct":1.71,"inegi_internet_pct":17.39,"inegi_agua_entubada_pct":98.42,"inegi_drenaje_pct":85.21,"ramo28_disponible":true,"ramo28_2025_pesos":123335261,"ramo28_estatus":"Integrado; diferencia estatal de $2","pmd_periodo":"2024-2027","pmd_url":"https://chihuahua.gob.mx/sites/default/atach2/periodico-oficial/anexos/2025-01/ANEXO 09-2025 ACUERDO N° 047-2025 PMD 2024-2027 MADERA.pdf","pmd_disponible":true,"pmd_estatus":"Documento oficial localizado"},"geometry":{"type":"Polygon","coordinates":[[[-108.634925,29.900626],[-108.59665,29.899188],[-108.511809,29.930163],[-108.54556,29.981229],[-108.495222,29.97927],[-108.404714,29.960478],[-108.336863,29.968782],[-108.25431,29.964411],[-108.229645,29.925748],[-108.194996,29.865263],[-108.179851,29.844996],[-108.084806,29.771434],[-107.980959,29.720142],[-107.92379,29.656596],[-107.917002,29.610168],[-107.936976,29.529774],[-107.866008,29.457144],[-107.925908,29.341043],[-107.824261,29.229773],[-107.803101,29.244533],[-107.819257,29.221439],[-107.825364,29.197346],[-107.834365,29.174961],[-107.837103,29.153775],[-107.841077,29.130356],[-107.861694,29.121308],[-107.92498,29.146162],[-107.999974,29.141525],[-107.991552,29.123727],[-107.959774,29.099452],[-107.948507,29.084886],[-107.958327,29.059605],[-107.948605,29.033908],[-107.928588,28.987292],[-107.937951,28.951722],[-107.952141,28.958361],[-107.97061,28.970115],[-107.994503,28.966823],[-108.022465,28.958844],[-108.052249,28.945243],[-108.081463,28.952475],[-108.100416,28.91854],[-108.122912,28.903592],[-108.153773,28.913923],[-108.153963,28.894817],[-108.154194,28.867147],[-108.157438,28.853694],[-108.189959,28.843745],[-108.210346,28.833169],[-108.263076,28.859169],[-108.298556,28.847076],[-108.320686,28.838451],[-108.345331,28.819708],[-108.378606,28.81081],[-108.350068,28.770944],[-108.344345,28.730373],[-108.382921,28.724189],[-108.437424,28.723933],[-108.481185,28.720109],[-108.515834,28.732713],[-108.531095,28.70201],[-108.561553,28.700628],[-108.664057,28.740216],[-108.690787,28.769113],[-108.712151,28.809008],[-108.710632,28.826824],[-108.698464,28.845867],[-108.702832,28.860625],[-108.704946,28.875048],[-108.708546,28.906546],[-108.714051,28.916168],[-108.712644,28.943597],[-108.695835,28.95687],[-108.683099,28.984869],[-108.679612,29.004183],[-108.700044,29.021062],[-108.713831,29.042863],[-108.709218,29.062073],[-108.692947,29.0852],[-108.700319,29.142279],[-108.715235,29.24101],[-108.670733,29.300812],[-108.59065,29.398308],[-108.615465,29.444654],[-108.544834,29.456381],[-108.534832,29.472452],[-108.493961,29.490368],[-108.512632,29.524707],[-108.5356,29.540315],[-108.535442,29.554527],[-108.553452,29.58511],[-108.54533,29.646778],[-108.542076,29.695552],[-108.556304,29.73107],[-108.555034,29.757008],[-108.559471,29.76699],[-108.562741,29.777598],[-108.559945,29.790583],[-108.565764,29.797795],[-108.574576,29.809732],[-108.573134,29.830369],[-108.584288,29.841054],[-108.601768,29.842833],[-108.617338,29.841407],[-108.621201,29.850046],[-108.622242,29.865879],[-108.638182,29.891963],[-108.634925,29.900626]]]}},{"type":"Feature","properties":{"municipio":"Maguarichi","votes_jdch":616,"votes_shh":189,"votes_pvem":10,"votes_mc":1,"votes_mxrep":5,"votes_pueblo":0,"votes_no_reg":0,"votes_pan":40,"votes_pri":570,"votes_prd":5,"votes_pt":6,"votes_morena":183,"votes_nulos":44,"votes_total":865,"lista_nominal":1201,"participacion_pct":72.02,"ganador_candidatura":"JDCH","votos_ganador":616,"segundo_lugar":"SHH","margen_votos":427,"partido_mayor_votacion":"PRI","votos_partido_ganador":570,"inegi_anio":2020,"inegi_disponible":true,"inegi_poblacion_total":1153,"inegi_poblacion_18ymas":743,"inegi_poblacion_18a24":120,"inegi_escolaridad_promedio":7.04,"inegi_pea_pct":40.25,"inegi_ocupacion_pct":92.84,"inegi_afiliacion_salud_pct":95.66,"inegi_discapacidad_pct":2.52,"inegi_lengua_indigena_pct":8.3,"inegi_internet_pct":1.07,"inegi_agua_entubada_pct":84.53,"inegi_drenaje_pct":62.67,"ramo28_disponible":true,"ramo28_2025_pesos":23362344,"ramo28_estatus":"Integrado; diferencia estatal de $2","pmd_periodo":"2024-2027","pmd_url":"https://chihuahua.gob.mx/sites/default/atach2/periodico-oficial/anexos/2025-01/ANEXO 04-2025 ACUERDO N° 208-2024 PMD 2024-2027 MAGUARICHI.pdf","pmd_disponible":true,"pmd_estatus":"Documento oficial localizado"},"geometry":{"type":"Polygon","coordinates":[[[-107.942842,28.058483],[-107.941043,28.0424],[-107.91874,28.027638],[-107.898645,28.015692],[-107.884197,28.009229],[-107.871513,27.994219],[-107.857259,27.963842],[-107.851009,27.946517],[-107.836043,27.914379],[-107.826153,27.876801],[-107.839768,27.871914],[-107.84962,27.850597],[-107.861056,27.822083],[-107.850236,27.805141],[-107.858361,27.788596],[-107.841095,27.76678],[-107.845746,27.74745],[-107.860186,27.733642],[-107.863104,27.715345],[-107.870397,27.691815],[-107.892662,27.672186],[-107.889256,27.649593],[-107.89105,27.629613],[-107.885017,27.616439],[-107.87945,27.593316],[-107.902742,27.597047],[-107.926789,27.596788],[-107.957036,27.623318],[-107.973819,27.649354],[-107.998888,27.673467],[-108.026099,27.675087],[-108.021678,27.711514],[-108.023644,27.737313],[-108.052981,27.767683],[-108.075119,27.790435],[-108.074336,27.807615],[-108.089305,27.830395],[-108.114549,27.874696],[-108.11874,27.917369],[-108.096681,27.941225],[-108.074904,27.972098],[-108.080275,27.992487],[-108.069769,28.011862],[-108.038971,28.035791],[-108.006682,28.036219],[-107.971558,28.045517],[-107.953065,28.055266],[-107.942842,28.058483]]]}},{"type":"Feature","properties":{"municipio":"Manuel Benavides","votes_jdch":207,"votes_shh":331,"votes_pvem":503,"votes_mc":461,"votes_mxrep":5,"votes_pueblo":2,"votes_no_reg":0,"votes_pan":66,"votes_pri":121,"votes_prd":15,"votes_pt":248,"votes_morena":83,"votes_nulos":114,"votes_total":1623,"lista_nominal":2271,"participacion_pct":71.47,"ganador_candidatura":"PVEM","votos_ganador":503,"segundo_lugar":"MC","margen_votos":42,"partido_mayor_votacion":"PVEM","votos_partido_ganador":503,"inegi_anio":2020,"inegi_disponible":true,"inegi_poblacion_total":1155,"inegi_poblacion_18ymas":911,"inegi_poblacion_18a24":87,"inegi_escolaridad_promedio":6.45,"inegi_pea_pct":46.54,"inegi_ocupacion_pct":93.75,"inegi_afiliacion_salud_pct":94.63,"inegi_discapacidad_pct":2.77,"inegi_lengua_indigena_pct":0.1,"inegi_internet_pct":10.48,"inegi_agua_entubada_pct":97.38,"inegi_drenaje_pct":98.47,"ramo28_disponible":true,"ramo28_2025_pesos":26166188,"ramo28_estatus":"Integrado; diferencia estatal de $2","pmd_periodo":"2024-2027","pmd_url":"https://chihuahua.gob.mx/sites/default/atach2/periodico-oficial/anexos/2025-01/ANEXO 09-2025 ACUERDO N° 049-2025 PMD 2024-2027 MANUEL BENAVIDES.pdf","pmd_disponible":true,"pmd_estatus":"Documento oficial localizado"},"geometry":{"type":"Polygon","coordinates":[[[-104.283794,29.332193],[-104.265504,29.311749],[-104.241979,29.302235],[-104.220594,29.293049],[-104.216018,29.273919],[-104.198145,29.259843],[-104.181429,29.254542],[-104.166829,29.240213],[-104.136956,29.245007],[-104.103045,29.240517],[-104.065368,29.233198],[-104.037857,29.218097],[-104.012487,29.202414],[-103.984869,29.192354],[-103.957505,29.175581],[-103.947469,29.185086],[-103.922874,29.179325],[-103.89803,29.176955],[-103.872173,29.194286],[-103.841538,29.212427],[-103.823064,29.235233],[-103.815259,29.254836],[-103.815994,29.272559],[-103.785233,29.266176],[-103.778378,29.230547],[-103.756281,29.231719],[-103.740989,29.218668],[-103.724976,29.191535],[-103.704913,29.184673],[-103.670311,29.172453],[-103.64287,29.159674],[-103.614506,29.16411],[-103.590964,29.15084],[-103.566617,29.154621],[-103.548566,29.151389],[-103.537428,29.144628],[-103.521811,29.12915],[-103.515574,29.12059],[-103.502823,29.111003],[-103.487704,29.098587],[-103.469115,29.077953],[-103.461635,29.06897],[-103.445128,29.061014],[-103.429788,29.045361],[-103.416525,29.041477],[-103.400412,29.031613],[-103.387289,29.025491],[-103.361272,29.01813],[-103.348231,29.043386],[-103.327336,29.038368],[-103.337835,29.020468],[-103.306248,29.023907],[-103.311128,29.003405],[-103.474743,28.725484],[-103.469438,28.709475],[-103.478553,28.679546],[-103.466503,28.664826],[-103.470613,28.637107],[-103.483152,28.622681],[-103.493579,28.60493],[-103.512948,28.597077],[-103.589661,28.570561],[-103.608866,28.569289],[-103.618913,28.57967],[-103.633536,28.583438],[-103.646395,28.584402],[-103.657549,28.610462],[-103.662425,28.611772],[-103.681148,28.593568],[-103.770159,28.662419],[-103.777381,28.691867],[-103.79726,28.693951],[-103.852161,28.701193],[-103.878602,28.710505],[-103.86573,28.681083],[-103.86125,28.653776],[-103.88404,28.660954],[-103.932449,28.655971],[-103.951334,28.672235],[-103.96517,28.68241],[-104.005457,28.70146],[-104.045266,28.721243],[-104.075965,28.71737],[-104.078934,28.72627],[-104.060776,28.74659],[-104.060303,28.761205],[-104.076476,28.777384],[-104.098483,28.777597],[-104.10598,28.765585],[-104.114213,28.752579],[-104.11389,28.723026],[-104.14188,28.711723],[-104.163574,28.696572],[-104.180978,28.66749],[-104.207194,28.666338],[-104.219116,28.697251],[-104.216565,28.722016],[-104.236605,28.737994],[-104.220902,28.751913],[-104.225122,28.783881],[-104.194145,28.793661],[-104.194072,28.812875],[-104.207647,28.837636],[-104.193958,28.863478],[-104.18274,28.879711],[-104.169552,28.910271],[-104.115604,28.908432],[-104.1155,28.919281],[-104.123576,28.952247],[-104.175512,28.991889],[-104.178346,29.023153],[-104.167579,29.026961],[-104.156199,29.036483],[-104.140586,29.060495],[-104.137864,29.077389],[-104.125479,29.090634],[-104.139042,29.101075],[-104.146231,29.120374],[-104.164076,29.136196],[-104.194946,29.141168],[-104.209395,29.149531],[-104.234164,29.167745],[-104.253529,29.180988],[-104.273443,29.20665],[-104.287799,29.219892],[-104.303088,29.246795],[-104.310969,29.272627],[-104.307848,29.277765],[-104.283617,29.280847],[-104.289874,29.310077],[-104.286294,29.328382],[-104.283794,29.332193]]]}},{"type":"Feature","properties":{"municipio":"Galeana","votes_jdch":1475,"votes_shh":408,"votes_pvem":30,"votes_mc":824,"votes_mxrep":37,"votes_pueblo":25,"votes_no_reg":0,"votes_pan":1283,"votes_pri":145,"votes_prd":36,"votes_pt":40,"votes_morena":363,"votes_nulos":154,"votes_total":2953,"lista_nominal":5561,"participacion_pct":53.1,"ganador_candidatura":"JDCH","votos_ganador":1475,"segundo_lugar":"MC","margen_votos":651,"partido_mayor_votacion":"PAN","votos_partido_ganador":1283,"inegi_anio":2020,"inegi_disponible":true,"inegi_poblacion_total":6647,"inegi_poblacion_18ymas":3907,"inegi_poblacion_18a24":753,"inegi_escolaridad_promedio":7.37,"inegi_pea_pct":54.86,"inegi_ocupacion_pct":96.91,"inegi_afiliacion_salud_pct":66.17,"inegi_discapacidad_pct":3.85,"inegi_lengua_indigena_pct":8.62,"inegi_internet_pct":21.22,"inegi_agua_entubada_pct":99.83,"inegi_drenaje_pct":97.74,"ramo28_disponible":true,"ramo28_2025_pesos":30937076,"ramo28_estatus":"Integrado; diferencia estatal de $2","pmd_periodo":"2024-2027","pmd_url":"https://chihuahua.gob.mx/sites/default/atach2/periodico-oficial/anexos/2025-01/ANEXO 06-2025 ACUERDO N° 022-2025 PMD 2024-2027 GALEANA.pdf","pmd_disponible":true,"pmd_estatus":"Documento oficial localizado"},"geometry":{"type":"Polygon","coordinates":[[[-107.684546,30.387205],[-107.561126,30.37319],[-107.465797,30.297301],[-107.460276,30.24423],[-107.466086,30.068875],[-107.511841,30.055123],[-107.525345,29.969897],[-107.619793,29.946948],[-107.787697,29.991387],[-107.875142,30.01094],[-107.922547,30.000997],[-107.958152,30.010655],[-107.951301,30.031787],[-107.943133,30.063018],[-107.925693,30.108683],[-107.920908,30.147407],[-107.888149,30.173137],[-107.848495,30.156979],[-107.814844,30.143291],[-107.799537,30.160473],[-107.741556,30.162322],[-107.729134,30.229456],[-107.771831,30.261288],[-107.718089,30.380547],[-107.684546,30.387205]]]}},{"type":"Feature","properties":{"municipio":"Praxedis G. Guerrero","votes_jdch":1418,"votes_shh":1341,"votes_pvem":230,"votes_mc":72,"votes_mxrep":10,"votes_pueblo":81,"votes_no_reg":0,"votes_pan":344,"votes_pri":800,"votes_prd":260,"votes_pt":70,"votes_morena":1271,"votes_nulos":257,"votes_total":3409,"lista_nominal":5690,"participacion_pct":59.91,"ganador_candidatura":"JDCH","votos_ganador":1418,"segundo_lugar":"SHH","margen_votos":77,"partido_mayor_votacion":"MOR","votos_partido_ganador":1271,"inegi_anio":2020,"inegi_disponible":true,"inegi_poblacion_total":5143,"inegi_poblacion_18ymas":3506,"inegi_poblacion_18a24":542,"inegi_escolaridad_promedio":7.59,"inegi_pea_pct":49.64,"inegi_ocupacion_pct":96.67,"inegi_afiliacion_salud_pct":82.46,"inegi_discapacidad_pct":6.26,"inegi_lengua_indigena_pct":0.07,"inegi_internet_pct":34.24,"inegi_agua_entubada_pct":99.47,"inegi_drenaje_pct":91.19,"ramo28_disponible":true,"ramo28_2025_pesos":24937520,"ramo28_estatus":"Integrado; diferencia estatal de $2","pmd_periodo":"2024-2027","pmd_url":"https://chihuahua.gob.mx/sites/default/atach2/periodico-oficial/anexos/2025-01/ANEXO 08-2025 ACUERDO Nº 043-2025 PMD PRAXEDIS G. GUERRERO.pdf","pmd_disponible":true,"pmd_estatus":"Documento oficial localizado"},"geometry":{"type":"Polygon","coordinates":[[[-106.004008,31.391398],[-105.949157,31.356134],[-105.948293,31.343626],[-105.939015,31.319212],[-105.917598,31.312603],[-105.897824,31.293363],[-105.87314,31.290578],[-105.851227,31.265133],[-105.832443,31.243739],[-105.807703,31.212994],[-105.826532,31.182329],[-105.864568,31.139556],[-105.979126,31.175623],[-106.055169,31.228025],[-106.071254,31.297457],[-106.025297,31.350146],[-106.02269,31.386637],[-106.004008,31.391398]]]}},{"type":"Feature","properties":{"municipio":"Riva Palacio","votes_jdch":2712,"votes_shh":592,"votes_pvem":25,"votes_mc":51,"votes_mxrep":5,"votes_pueblo":18,"votes_no_reg":0,"votes_pan":2414,"votes_pri":262,"votes_prd":18,"votes_pt":17,"votes_morena":575,"votes_nulos":106,"votes_total":3509,"lista_nominal":7847,"participacion_pct":44.72,"ganador_candidatura":"JDCH","votos_ganador":2712,"segundo_lugar":"SHH","margen_votos":2120,"partido_mayor_votacion":"PAN","votos_partido_ganador":2414,"inegi_anio":2020,"inegi_disponible":true,"inegi_poblacion_total":7487,"inegi_poblacion_18ymas":4828,"inegi_poblacion_18a24":901,"inegi_escolaridad_promedio":6.76,"inegi_pea_pct":58.61,"inegi_ocupacion_pct":97.9,"inegi_afiliacion_salud_pct":88.62,"inegi_discapacidad_pct":3.55,"inegi_lengua_indigena_pct":1.6,"inegi_internet_pct":26.22,"inegi_agua_entubada_pct":99.58,"inegi_drenaje_pct":98.78,"ramo28_disponible":true,"ramo28_2025_pesos":44755081,"ramo28_estatus":"Integrado; diferencia estatal de $2","pmd_periodo":"2024-2027","pmd_url":"https://chihuahua.gob.mx/sites/default/atach2/periodico-oficial/anexos/2025-01/ANEXO 04-2025 ACUERDO N° 009-2025 PMD RIVA PALACIO.pdf","pmd_disponible":true,"pmd_estatus":"Documento oficial localizado"},"geometry":{"type":"Polygon","coordinates":[[[-106.563825,29.073791],[-106.598671,29.078263],[-106.595577,29.045128],[-106.640042,29.036778],[-106.616202,29.012911],[-106.618413,28.987585],[-106.659839,28.973294],[-106.644851,28.964161],[-106.621568,28.953759],[-106.590746,28.942153],[-106.578094,28.918582],[-106.547997,28.898967],[-106.532928,28.866782],[-106.539055,28.842223],[-106.532924,28.81812],[-106.51318,28.807306],[-106.514362,28.773347],[-106.523538,28.741878],[-106.502747,28.725601],[-106.447639,28.709126],[-106.413591,28.673267],[-106.372579,28.662313],[-106.335671,28.689798],[-106.321292,28.671135],[-106.35367,28.640031],[-106.350861,28.608455],[-106.315704,28.586754],[-106.315573,28.562294],[-106.332347,28.541641],[-106.345723,28.518351],[-106.371325,28.537774],[-106.413294,28.539778],[-106.435,28.50659],[-106.456854,28.46885],[-106.454739,28.444095],[-106.508828,28.429362],[-106.519242,28.412257],[-106.533767,28.428229],[-106.54604,28.436349],[-106.623439,28.493036],[-106.596231,28.511705],[-106.602015,28.552881],[-106.609076,28.575931],[-106.658023,28.601751],[-106.692595,28.619586],[-106.695977,28.632433],[-106.746302,28.656131],[-106.761179,28.686573],[-106.765779,28.70932],[-106.798711,28.712187],[-106.805679,28.757549],[-106.867832,28.763564],[-106.88469,28.785111],[-106.858454,28.809274],[-106.803604,28.825655],[-106.8219,28.835292],[-106.88031,28.892649],[-106.856024,28.911235],[-106.810245,28.903544],[-106.795279,28.927991],[-106.778219,28.950894],[-106.810993,28.983181],[-106.78935,29.025716],[-106.783754,29.059673],[-106.797325,29.092469],[-106.807489,29.119502],[-106.808728,29.154511],[-106.843239,29.18329],[-106.790542,29.205205],[-106.747809,29.272],[-106.704411,29.281381],[-106.676913,29.24751],[-106.626985,29.21732],[-106.588678,29.203453],[-106.561595,29.193856],[-106.544144,29.206132],[-106.554639,29.167774],[-106.546935,29.12981],[-106.520501,29.108049],[-106.560096,29.076184],[-106.563825,29.073791]]]}},{"type":"Feature","properties":{"municipio":"Rosales","votes_jdch":3569,"votes_shh":2768,"votes_pvem":870,"votes_mc":518,"votes_mxrep":42,"votes_pueblo":247,"votes_no_reg":0,"votes_pan":2518,"votes_pri":872,"votes_prd":150,"votes_pt":806,"votes_morena":1962,"votes_nulos":560,"votes_total":8574,"lista_nominal":14477,"participacion_pct":59.22,"ganador_candidatura":"JDCH","votos_ganador":3569,"segundo_lugar":"SHH","margen_votos":801,"partido_mayor_votacion":"PAN","votos_partido_ganador":2518,"inegi_anio":2020,"inegi_disponible":true,"inegi_poblacion_total":16818,"inegi_poblacion_18ymas":11898,"inegi_poblacion_18a24":1937,"inegi_escolaridad_promedio":8.38,"inegi_pea_pct":57.84,"inegi_ocupacion_pct":98.16,"inegi_afiliacion_salud_pct":86.94,"inegi_discapacidad_pct":6.1,"inegi_lengua_indigena_pct":1.56,"inegi_internet_pct":40.46,"inegi_agua_entubada_pct":99.23,"inegi_drenaje_pct":98.46,"ramo28_disponible":true,"ramo28_2025_pesos":41077082,"ramo28_estatus":"Integrado; diferencia estatal de $2","pmd_periodo":"2024-2027","pmd_url":"https://chihuahua.gob.mx/sites/default/atach2/periodico-oficial/anexos/2025-05/ANEXO 36-2025 ACUERDO N° 087-2025 PMD 2024-2027 ROSALES.pdf","pmd_disponible":true,"pmd_estatus":"Documento oficial localizado"},"geometry":{"type":"Polygon","coordinates":[[[-105.557063,28.559317],[-105.533114,28.558934],[-105.494684,28.488936],[-105.517328,28.476079],[-105.534881,28.473493],[-105.544308,28.472742],[-105.546884,28.466032],[-105.553447,28.460592],[-105.557749,28.456952],[-105.567889,28.449792],[-105.577346,28.444365],[-105.582742,28.437421],[-105.591018,28.428695],[-105.601346,28.428713],[-105.613671,28.429825],[-105.624061,28.423787],[-105.633641,28.420337],[-105.648152,28.414323],[-105.662202,28.414235],[-105.644277,28.38932],[-105.636784,28.377869],[-105.630534,28.360843],[-105.607444,28.329885],[-105.599444,28.323859],[-105.584293,28.317793],[-105.564849,28.297121],[-105.546302,28.279168],[-105.500419,28.231249],[-105.504861,28.181807],[-105.53048,28.176312],[-105.53427,28.170653],[-105.53697,28.158051],[-105.549237,28.146316],[-105.577753,28.127903],[-105.643908,28.096169],[-105.642068,28.086739],[-105.652053,28.022188],[-105.654997,28.006401],[-105.68306,27.995445],[-105.709389,27.990457],[-105.723021,27.984188],[-105.7379,27.970001],[-105.795826,27.905564],[-105.876246,27.931088],[-105.922357,27.942673],[-105.979303,28.003046],[-105.97306,28.018599],[-105.968341,28.040776],[-105.98209,28.081222],[-106.02347,28.075171],[-106.052741,28.100884],[-106.059145,28.134893],[-106.033906,28.121032],[-106.027482,28.139442],[-106.015569,28.140989],[-105.990066,28.136801],[-105.968422,28.133337],[-105.942312,28.162094],[-105.93722,28.210215],[-105.927911,28.228301],[-105.919052,28.256651],[-105.888557,28.273129],[-105.837788,28.28535],[-105.814447,28.292465],[-105.78163,28.296873],[-105.75621,28.290573],[-105.744685,28.318671],[-105.760556,28.329389],[-105.754968,28.351675],[-105.735185,28.373752],[-105.726317,28.390168],[-105.716969,28.41031],[-105.645611,28.509242],[-105.62134,28.51732],[-105.598782,28.518933],[-105.581376,28.52989],[-105.568466,28.543074],[-105.557063,28.559317]]]}},{"type":"Feature","properties":{"municipio":"Rosario","votes_jdch":802,"votes_shh":337,"votes_pvem":24,"votes_mc":73,"votes_mxrep":5,"votes_pueblo":5,"votes_no_reg":0,"votes_pan":66,"votes_pri":707,"votes_prd":26,"votes_pt":59,"votes_morena":278,"votes_nulos":88,"votes_total":1334,"lista_nominal":2143,"participacion_pct":62.25,"ganador_candidatura":"JDCH","votos_ganador":802,"segundo_lugar":"SHH","margen_votos":465,"partido_mayor_votacion":"PRI","votos_partido_ganador":707,"inegi_anio":2020,"inegi_disponible":true,"inegi_poblacion_total":2091,"inegi_poblacion_18ymas":1576,"inegi_poblacion_18a24":180,"inegi_escolaridad_promedio":6.79,"inegi_pea_pct":37.9,"inegi_ocupacion_pct":98.36,"inegi_afiliacion_salud_pct":84.03,"inegi_discapacidad_pct":7.51,"inegi_lengua_indigena_pct":1.41,"inegi_internet_pct":34.45,"inegi_agua_entubada_pct":99.56,"inegi_drenaje_pct":93.72,"ramo28_disponible":true,"ramo28_2025_pesos":25003516,"ramo28_estatus":"Integrado; diferencia estatal de $2","pmd_periodo":"2024-2027","pmd_url":"https://chihuahua.gob.mx/sites/default/atach2/periodico-oficial/anexos/2025-01/ANEXO 09-2025 ACUERDO N° 045-2025 PMD 2024-2027 VALLE DEL ROSARIO.pdf","pmd_disponible":true,"pmd_estatus":"Documento oficial localizado"},"geometry":{"type":"Polygon","coordinates":[[[-106.216868,27.447501],[-106.193385,27.441507],[-106.188386,27.425844],[-106.163264,27.41614],[-106.144303,27.406379],[-106.122358,27.414745],[-106.097587,27.413375],[-106.101803,27.394658],[-106.08661,27.401227],[-106.063131,27.394054],[-106.052897,27.367346],[-106.070791,27.341997],[-106.111199,27.334649],[-106.123407,27.326283],[-106.123853,27.311895],[-106.121063,27.29431],[-106.117988,27.283919],[-106.120183,27.271749],[-106.109768,27.25406],[-106.109358,27.24001],[-106.109222,27.228272],[-106.103933,27.20682],[-106.0975,27.181906],[-106.104474,27.16854],[-106.118738,27.158753],[-106.138243,27.156031],[-106.158436,27.149249],[-106.171157,27.144513],[-106.181898,27.144857],[-106.197415,27.147303],[-106.21442,27.150812],[-106.229792,27.151104],[-106.246241,27.137569],[-106.258332,27.141442],[-106.27132,27.137613],[-106.282505,27.126598],[-106.292462,27.126598],[-106.304235,27.134855],[-106.328609,27.142879],[-106.343247,27.148668],[-106.360515,27.153232],[-106.374307,27.155012],[-106.395847,27.156885],[-106.413858,27.151921],[-106.434808,27.146182],[-106.453088,27.157427],[-106.456395,27.18958],[-106.463721,27.194888],[-106.470576,27.183073],[-106.495576,27.176458],[-106.513172,27.175501],[-106.560352,27.178892],[-106.582906,27.17632],[-106.600553,27.165708],[-106.615541,27.171232],[-106.599481,27.187843],[-106.574594,27.21311],[-106.536099,27.226123],[-106.582247,27.238876],[-106.575724,27.2506],[-106.542592,27.265874],[-106.57165,27.292409],[-106.546173,27.308395],[-106.520002,27.341474],[-106.5166,27.362216],[-106.495292,27.358921],[-106.431897,27.348207],[-106.402816,27.371011],[-106.369137,27.390511],[-106.383561,27.430481],[-106.365223,27.435449],[-106.329686,27.416771],[-106.315137,27.399311],[-106.304272,27.388007],[-106.292715,27.389274],[-106.277029,27.385535],[-106.269318,27.379655],[-106.276065,27.387115],[-106.285956,27.399505],[-106.274893,27.410354],[-106.261564,27.42701],[-106.241713,27.425372],[-106.227,27.43063],[-106.216868,27.447501]]]}},{"type":"Feature","properties":{"municipio":"Gomez Farias","votes_jdch":1333,"votes_shh":1355,"votes_pvem":112,"votes_mc":102,"votes_mxrep":46,"votes_pueblo":44,"votes_no_reg":4,"votes_pan":268,"votes_pri":977,"votes_prd":69,"votes_pt":194,"votes_morena":1161,"votes_nulos":408,"votes_total":3404,"lista_nominal":6854,"participacion_pct":49.66,"ganador_candidatura":"SHH","votos_ganador":1355,"segundo_lugar":"JDCH","margen_votos":22,"partido_mayor_votacion":"MOR","votos_partido_ganador":1161,"inegi_anio":2020,"inegi_disponible":true,"inegi_poblacion_total":7033,"inegi_poblacion_18ymas":4999,"inegi_poblacion_18a24":550,"inegi_escolaridad_promedio":8.0,"inegi_pea_pct":53.61,"inegi_ocupacion_pct":98.47,"inegi_afiliacion_salud_pct":92.27,"inegi_discapacidad_pct":10.29,"inegi_lengua_indigena_pct":0.49,"inegi_internet_pct":17.23,"inegi_agua_entubada_pct":99.73,"inegi_drenaje_pct":92.48,"ramo28_disponible":true,"ramo28_2025_pesos":33870512,"ramo28_estatus":"Integrado; diferencia estatal de $2","pmd_periodo":"2024-2027","pmd_url":"https://chihuahua.gob.mx/sites/default/atach2/periodico-oficial/anexos/2025-01/ANEXO 02-2025 ACUERDO N° 194-2024 PMD 2024-2027 GÓMEZ FARÍAS.pdf","pmd_disponible":true,"pmd_estatus":"Documento oficial localizado"},"geometry":{"type":"Polygon","coordinates":[[[-107.822055,29.535292],[-107.804721,29.517642],[-107.785735,29.489731],[-107.712665,29.478266],[-107.655222,29.468646],[-107.599021,29.455198],[-107.55952,29.408873],[-107.516901,29.324525],[-107.524135,29.305887],[-107.559834,29.287168],[-107.56965,29.248422],[-107.623588,29.221238],[-107.661029,29.186285],[-107.704091,29.133849],[-107.735021,29.149381],[-107.757707,29.148323],[-107.761982,29.174773],[-107.767557,29.203891],[-107.78814,29.224832],[-107.782889,29.247188],[-107.849627,29.254752],[-107.925902,29.341263],[-107.870427,29.460179],[-107.908441,29.518748],[-107.880104,29.516745],[-107.850329,29.522748],[-107.822055,29.535292]]]}},{"type":"Feature","properties":{"municipio":"San Francisco De Borja","votes_jdch":635,"votes_shh":216,"votes_pvem":61,"votes_mc":593,"votes_mxrep":5,"votes_pueblo":14,"votes_no_reg":0,"votes_pan":163,"votes_pri":451,"votes_prd":12,"votes_pt":19,"votes_morena":197,"votes_nulos":110,"votes_total":1634,"lista_nominal":2370,"participacion_pct":68.95,"ganador_candidatura":"JDCH","votos_ganador":635,"segundo_lugar":"MC","margen_votos":42,"partido_mayor_votacion":"MC","votos_partido_ganador":593,"inegi_anio":2020,"inegi_disponible":true,"inegi_poblacion_total":2166,"inegi_poblacion_18ymas":1629,"inegi_poblacion_18a24":144,"inegi_escolaridad_promedio":6.89,"inegi_pea_pct":47.95,"inegi_ocupacion_pct":93.03,"inegi_afiliacion_salud_pct":91.69,"inegi_discapacidad_pct":11.54,"inegi_lengua_indigena_pct":11.95,"inegi_internet_pct":19.33,"inegi_agua_entubada_pct":96.91,"inegi_drenaje_pct":91.62,"ramo28_disponible":true,"ramo28_2025_pesos":23909387,"ramo28_estatus":"Integrado; diferencia estatal de $2","pmd_periodo":"2024-2027","pmd_url":"https://chihuahua.gob.mx/sites/default/atach2/periodico-oficial/anexos/2025-01/ANEXO 08-2025 ACUERDO Nº 031-2025 PMD SAN FRANCISCO DE BORJA.pdf","pmd_disponible":true,"pmd_estatus":"Documento oficial localizado"},"geometry":{"type":"Polygon","coordinates":[[[-106.720948,28.11161],[-106.647435,28.056682],[-106.653636,28.016438],[-106.662315,27.975945],[-106.621499,27.966035],[-106.567169,27.954703],[-106.534069,27.934026],[-106.501205,27.931686],[-106.47307,27.920089],[-106.460692,27.905943],[-106.485639,27.890021],[-106.504754,27.872106],[-106.503175,27.84723],[-106.510865,27.841618],[-106.515849,27.81964],[-106.492957,27.799372],[-106.486962,27.77976],[-106.472431,27.741789],[-106.478382,27.660796],[-106.473159,27.64953],[-106.508395,27.641223],[-106.546177,27.653118],[-106.568489,27.641587],[-106.60615,27.638083],[-106.639545,27.636189],[-106.64366,27.600253],[-106.675288,27.587141],[-106.709984,27.606515],[-106.747218,27.628343],[-106.780593,27.643033],[-106.786742,27.664518],[-106.795161,27.701254],[-106.812989,27.725306],[-106.812523,27.751953],[-106.842127,27.740619],[-106.869349,27.749834],[-106.890602,27.767665],[-106.906072,27.788504],[-106.908446,27.82313],[-106.877491,27.848181],[-106.904731,27.878256],[-106.91246,27.903686],[-106.910611,27.926465],[-106.917781,27.945878],[-106.925784,27.97279],[-106.9352,27.992679],[-106.950938,28.018291],[-106.895509,28.048006],[-106.828726,28.076045],[-106.790217,28.080176],[-106.727341,28.092656],[-106.720948,28.11161]]]}},{"type":"Feature","properties":{"municipio":"San Francisco De Conchos","votes_jdch":911,"votes_shh":586,"votes_pvem":0,"votes_mc":256,"votes_mxrep":13,"votes_pueblo":4,"votes_no_reg":0,"votes_pan":352,"votes_pri":528,"votes_prd":23,"votes_pt":19,"votes_morena":567,"votes_nulos":76,"votes_total":1846,"lista_nominal":2742,"participacion_pct":67.32,"ganador_candidatura":"JDCH","votos_ganador":911,"segundo_lugar":"SHH","margen_votos":325,"partido_mayor_votacion":"MOR","votos_partido_ganador":567,"inegi_anio":2020,"inegi_disponible":true,"inegi_poblacion_total":2627,"inegi_poblacion_18ymas":1935,"inegi_poblacion_18a24":271,"inegi_escolaridad_promedio":8.57,"inegi_pea_pct":42.94,"inegi_ocupacion_pct":97.44,"inegi_afiliacion_salud_pct":95.47,"inegi_discapacidad_pct":4.87,"inegi_lengua_indigena_pct":0.87,"inegi_internet_pct":31.39,"inegi_agua_entubada_pct":99.33,"inegi_drenaje_pct":98.43,"ramo28_disponible":true,"ramo28_2025_pesos":24362069,"ramo28_estatus":"Integrado; diferencia estatal de $2","pmd_periodo":"2024-2027","pmd_url":"https://chihuahua.gob.mx/sites/default/atach2/periodico-oficial/anexos/2025-01/ANEXO 04-2025 ACUERDO N° 004-2025 PMD 2024-2027 SAN FRANCISCO DE CONCHOS.pdf","pmd_disponible":true,"pmd_estatus":"Documento oficial localizado"},"geometry":{"type":"Polygon","coordinates":[[[-105.342715,27.813938],[-105.325106,27.810612],[-105.308197,27.797329],[-105.289243,27.786623],[-105.296005,27.752493],[-105.294056,27.733783],[-105.274093,27.730956],[-105.259156,27.723591],[-105.270497,27.708494],[-105.281778,27.685048],[-105.274195,27.669557],[-105.264493,27.650906],[-105.275042,27.637881],[-105.279963,27.621092],[-105.269353,27.603403],[-105.203247,27.506013],[-105.236309,27.48783],[-105.250837,27.461841],[-105.255398,27.445967],[-105.27087,27.424751],[-105.269425,27.404436],[-105.27812,27.385327],[-105.280324,27.359772],[-105.294905,27.349182],[-105.308664,27.331211],[-105.313797,27.314851],[-105.333696,27.294779],[-105.348621,27.283103],[-105.369874,27.285912],[-105.400362,27.287099],[-105.427768,27.291017],[-105.430794,27.304453],[-105.434052,27.319118],[-105.431611,27.331986],[-105.428991,27.340127],[-105.427663,27.347992],[-105.426855,27.358053],[-105.436423,27.363231],[-105.425189,27.373985],[-105.420758,27.385785],[-105.416731,27.400567],[-105.417862,27.412837],[-105.412008,27.419335],[-105.40822,27.433618],[-105.405765,27.445739],[-105.401274,27.452728],[-105.402545,27.466573],[-105.409062,27.474421],[-105.416809,27.481682],[-105.41721,27.494868],[-105.420557,27.492964],[-105.428816,27.493733],[-105.429324,27.505425],[-105.420807,27.517078],[-105.429629,27.5313],[-105.444492,27.530791],[-105.456491,27.533736],[-105.461147,27.550715],[-105.466208,27.549942],[-105.475968,27.549061],[-105.478514,27.55502],[-105.485315,27.5549],[-105.501261,27.564104],[-105.513131,27.563831],[-105.533239,27.569317],[-105.552347,27.573851],[-105.573972,27.581603],[-105.595921,27.594823],[-105.606584,27.605787],[-105.602781,27.617505],[-105.608651,27.630739],[-105.619928,27.63865],[-105.607336,27.652642],[-105.589741,27.670084],[-105.583687,27.680405],[-105.484624,27.723361],[-105.34494,27.78942],[-105.342715,27.813938]]]}},{"type":"Feature","properties":{"municipio":"San Francisco Del Oro","votes_jdch":558,"votes_shh":817,"votes_pvem":517,"votes_mc":513,"votes_mxrep":280,"votes_pueblo":10,"votes_no_reg":0,"votes_pan":265,"votes_pri":258,"votes_prd":25,"votes_pt":243,"votes_morena":574,"votes_nulos":186,"votes_total":2881,"lista_nominal":4181,"participacion_pct":68.91,"ganador_candidatura":"SHH","votos_ganador":817,"segundo_lugar":"JDCH","margen_votos":259,"partido_mayor_votacion":"MOR","votos_partido_ganador":574,"inegi_anio":2020,"inegi_disponible":true,"inegi_poblacion_total":4925,"inegi_poblacion_18ymas":3396,"inegi_poblacion_18a24":435,"inegi_escolaridad_promedio":9.59,"inegi_pea_pct":46.57,"inegi_ocupacion_pct":97.45,"inegi_afiliacion_salud_pct":95.98,"inegi_discapacidad_pct":6.01,"inegi_lengua_indigena_pct":0.85,"inegi_internet_pct":43.17,"inegi_agua_entubada_pct":98.56,"inegi_drenaje_pct":97.58,"ramo28_disponible":true,"ramo28_2025_pesos":50325701,"ramo28_estatus":"Integrado; diferencia estatal de $2","pmd_periodo":"2024-2027","pmd_url":"https://chihuahua.gob.mx/sites/default/atach2/periodico-oficial/anexos/2025-01/ANEXO 05-2025 ACUERDO N° 014-2025 PMD SAN FRANCISCO DEL ORO.pdf","pmd_disponible":true,"pmd_estatus":"Documento oficial localizado"},"geometry":{"type":"Polygon","coordinates":[[[-105.954187,26.945118],[-105.956698,26.962471],[-105.958067,26.976515],[-105.942295,26.983769],[-105.928583,26.994337],[-105.912285,26.989008],[-105.902795,26.978292],[-105.892592,26.976832],[-105.886101,26.985606],[-105.878462,27.000425],[-105.848519,26.996189],[-105.811519,26.992714],[-105.805349,26.977772],[-105.797368,26.98134],[-105.79673,26.966551],[-105.789459,26.952602],[-105.787596,26.939137],[-105.814285,26.909838],[-105.819112,26.892631],[-105.834421,26.88292],[-105.829054,26.872875],[-105.816218,26.861775],[-105.825835,26.85384],[-105.832526,26.848078],[-105.851601,26.840475],[-105.877238,26.837774],[-105.88712,26.842732],[-105.902989,26.834406],[-105.913188,26.824474],[-105.91689,26.815593],[-105.925543,26.81014],[-105.917517,26.795905],[-105.919456,26.783318],[-105.932757,26.776748],[-105.944234,26.792108],[-105.953571,26.802856],[-105.961339,26.815472],[-105.975287,26.821591],[-105.98419,26.816712],[-105.999093,26.830174],[-106.009944,26.823992],[-106.015822,26.813061],[-106.031139,26.820231],[-106.066755,26.811952],[-106.112013,26.834211],[-106.120916,26.840403],[-106.132468,26.841841],[-106.141699,26.838926],[-106.151751,26.840583],[-106.157285,26.851178],[-106.152174,26.858617],[-106.137146,26.864311],[-106.141203,26.87748],[-106.137536,26.890994],[-106.113987,26.899082],[-106.045975,26.885693],[-105.985741,26.901626],[-105.971576,26.908892],[-105.955501,26.941823],[-105.954187,26.945118]]]}},{"type":"Feature","properties":{"municipio":"Santa Barbara","votes_jdch":2420,"votes_shh":1458,"votes_pvem":81,"votes_mc":1425,"votes_mxrep":38,"votes_pueblo":236,"votes_no_reg":0,"votes_pan":501,"votes_pri":1837,"votes_prd":60,"votes_pt":122,"votes_morena":1336,"votes_nulos":284,"votes_total":5942,"lista_nominal":8976,"participacion_pct":66.2,"ganador_candidatura":"JDCH","votos_ganador":2420,"segundo_lugar":"SHH","margen_votos":962,"partido_mayor_votacion":"PRI","votos_partido_ganador":1837,"inegi_anio":2020,"inegi_disponible":true,"inegi_poblacion_total":11555,"inegi_poblacion_18ymas":7937,"inegi_poblacion_18a24":1288,"inegi_escolaridad_promedio":9.46,"inegi_pea_pct":52.95,"inegi_ocupacion_pct":97.59,"inegi_afiliacion_salud_pct":92.49,"inegi_discapacidad_pct":6.52,"inegi_lengua_indigena_pct":1.1,"inegi_internet_pct":40.4,"inegi_agua_entubada_pct":98.0,"inegi_drenaje_pct":96.83,"ramo28_disponible":true,"ramo28_2025_pesos":76571183,"ramo28_estatus":"Integrado; diferencia estatal de $2","pmd_periodo":"2024-2027","pmd_url":"https://chihuahua.gob.mx/sites/default/atach2/periodico-oficial/anexos/2025-01/ANEXO 04-2025 ACUERDO N° 005-2025 PMD 2024-2027 SANTA BÁRBARA.pdf","pmd_disponible":true,"pmd_estatus":"Documento oficial localizado"},"geometry":{"type":"Polygon","coordinates":[[[-105.808692,26.937918],[-105.765699,26.915132],[-105.749852,26.911356],[-105.742474,26.90327],[-105.718144,26.886449],[-105.709415,26.871753],[-105.697253,26.859952],[-105.688163,26.851121],[-105.665121,26.835484],[-105.677046,26.824068],[-105.676176,26.810305],[-105.670997,26.79525],[-105.667085,26.777787],[-105.704058,26.761845],[-105.722109,26.750546],[-105.77177,26.73511],[-105.75883,26.717845],[-105.773076,26.695818],[-105.789008,26.683038],[-105.788037,26.672419],[-105.863502,26.709132],[-105.863645,26.721784],[-105.864301,26.736416],[-105.872823,26.741304],[-105.90722,26.755145],[-105.947713,26.764952],[-105.955638,26.77075],[-105.943097,26.779218],[-105.921529,26.782142],[-105.916747,26.793018],[-105.924785,26.808327],[-105.916505,26.81419],[-105.915264,26.823463],[-105.904455,26.833731],[-105.88857,26.840652],[-105.879464,26.839078],[-105.856634,26.840266],[-105.835936,26.845403],[-105.827429,26.853661],[-105.816815,26.860199],[-105.824544,26.870555],[-105.836956,26.881946],[-105.819577,26.890972],[-105.81105,26.906143],[-105.808692,26.937918]]]}},{"type":"Feature","properties":{"municipio":"Gran Morelos","votes_jdch":663,"votes_shh":303,"votes_pvem":46,"votes_mc":891,"votes_mxrep":9,"votes_pueblo":5,"votes_no_reg":0,"votes_pan":227,"votes_pri":388,"votes_prd":37,"votes_pt":28,"votes_morena":275,"votes_nulos":146,"votes_total":2063,"lista_nominal":3381,"participacion_pct":61.02,"ganador_candidatura":"MC","votos_ganador":891,"segundo_lugar":"JDCH","margen_votos":228,"partido_mayor_votacion":"MC","votos_partido_ganador":891,"inegi_anio":2020,"inegi_disponible":true,"inegi_poblacion_total":2451,"inegi_poblacion_18ymas":1932,"inegi_poblacion_18a24":213,"inegi_escolaridad_promedio":6.9,"inegi_pea_pct":42.44,"inegi_ocupacion_pct":98.66,"inegi_afiliacion_salud_pct":91.51,"inegi_discapacidad_pct":5.26,"inegi_lengua_indigena_pct":2.9,"inegi_internet_pct":52.92,"inegi_agua_entubada_pct":99.45,"inegi_drenaje_pct":96.7,"ramo28_disponible":true,"ramo28_2025_pesos":24573675,"ramo28_estatus":"Integrado; diferencia estatal de $2","pmd_periodo":"2024-2027","pmd_url":"https://chihuahua.gob.mx/sites/default/atach2/periodico-oficial/anexos/2025-01/ANEXO 06-2025 ACUERDO N° 018-2025 PMD 2024-2027 GRAN MORELOS.pdf","pmd_disponible":true,"pmd_estatus":"Documento oficial localizado"},"geometry":{"type":"Polygon","coordinates":[[[-106.576155,28.438945],[-106.560641,28.425544],[-106.542751,28.420701],[-106.524681,28.416889],[-106.511804,28.396921],[-106.497436,28.358161],[-106.477076,28.33484],[-106.464189,28.308585],[-106.439802,28.270711],[-106.430298,28.242143],[-106.451901,28.212995],[-106.451557,28.181419],[-106.500898,28.179104],[-106.526735,28.19879],[-106.571497,28.190877],[-106.60703,28.199706],[-106.655524,28.204862],[-106.651687,28.231783],[-106.644107,28.260424],[-106.649846,28.281105],[-106.680109,28.285928],[-106.714888,28.272007],[-106.752346,28.31749],[-106.702495,28.331706],[-106.659,28.321208],[-106.650571,28.358856],[-106.654173,28.373208],[-106.650531,28.378872],[-106.653107,28.392437],[-106.653682,28.414107],[-106.652594,28.428771],[-106.634572,28.423364],[-106.627592,28.431916],[-106.612955,28.430446],[-106.60098,28.426397],[-106.586669,28.427235],[-106.578705,28.438557],[-106.576155,28.438945]]]}},{"type":"Feature","properties":{"municipio":"Guachochi","votes_jdch":9136,"votes_shh":7587,"votes_pvem":318,"votes_mc":1131,"votes_mxrep":85,"votes_pueblo":188,"votes_no_reg":3,"votes_pan":1389,"votes_pri":7442,"votes_prd":224,"votes_pt":640,"votes_morena":6947,"votes_nulos":1967,"votes_total":20415,"lista_nominal":37596,"participacion_pct":54.3,"ganador_candidatura":"JDCH","votos_ganador":9136,"segundo_lugar":"SHH","margen_votos":1549,"partido_mayor_votacion":"PRI","votos_partido_ganador":7442,"inegi_anio":2020,"inegi_disponible":true,"inegi_poblacion_total":52141,"inegi_poblacion_18ymas":31523,"inegi_poblacion_18a24":5925,"inegi_escolaridad_promedio":6.56,"inegi_pea_pct":68.04,"inegi_ocupacion_pct":97.7,"inegi_afiliacion_salud_pct":84.14,"inegi_discapacidad_pct":3.39,"inegi_lengua_indigena_pct":72.96,"inegi_internet_pct":9.22,"inegi_agua_entubada_pct":71.53,"inegi_drenaje_pct":54.8,"ramo28_disponible":true,"ramo28_2025_pesos":126547290,"ramo28_estatus":"Integrado; diferencia estatal de $2","pmd_periodo":"2024-2027","pmd_url":"https://chihuahua.gob.mx/sites/default/atach2/periodico-oficial/anexos/2025-01/ANEXO 06-2025 ACUERDO N° 015-2025 PMD 2024-2027 GUACHOCHI.pdf","pmd_disponible":true,"pmd_estatus":"Documento oficial localizado"},"geometry":{"type":"Polygon","coordinates":[[[-107.571722,27.704005],[-107.555479,27.687094],[-107.540733,27.6734],[-107.523343,27.683462],[-107.505849,27.702196],[-107.479629,27.694375],[-107.452063,27.690184],[-107.431876,27.668716],[-107.429984,27.649879],[-107.419691,27.628733],[-107.406464,27.622459],[-107.397928,27.613621],[-107.387559,27.616268],[-107.383592,27.606601],[-107.370876,27.608587],[-107.364464,27.615115],[-107.349876,27.602638],[-107.339632,27.607347],[-107.330322,27.605962],[-107.323506,27.60137],[-107.321413,27.603359],[-107.312889,27.603972],[-107.301658,27.607648],[-107.29233,27.608511],[-107.289581,27.616608],[-107.266805,27.607455],[-107.256067,27.611456],[-107.249126,27.605623],[-107.244419,27.602835],[-107.22974,27.611056],[-107.215637,27.606814],[-107.197486,27.612486],[-107.191172,27.609041],[-107.185353,27.605512],[-107.175121,27.614456],[-107.167798,27.603834],[-107.162033,27.619695],[-107.157631,27.63228],[-107.145509,27.634928],[-107.126847,27.637292],[-107.117552,27.627498],[-107.122472,27.617334],[-107.123806,27.606356],[-107.114054,27.584679],[-107.104829,27.576369],[-107.090508,27.582265],[-107.078117,27.564966],[-107.060184,27.555188],[-107.026947,27.552454],[-107.006794,27.540197],[-106.990479,27.532552],[-106.983662,27.510117],[-106.977227,27.497666],[-106.965347,27.468719],[-106.956569,27.452061],[-106.964826,27.436946],[-106.963699,27.417224],[-106.939384,27.406695],[-106.948628,27.391332],[-106.972559,27.389398],[-106.973652,27.370415],[-106.985709,27.339366],[-106.968183,27.319009],[-106.956209,27.297486],[-106.949297,27.282558],[-106.935611,27.269536],[-106.917372,27.269392],[-106.904439,27.299365],[-106.888537,27.291788],[-106.893711,27.267519],[-106.88644,27.251019],[-106.868329,27.239727],[-106.857121,27.223311],[-106.867963,27.21637],[-106.882374,27.20761],[-106.870428,27.200852],[-106.861568,27.169413],[-106.882153,27.138895],[-106.877103,27.122802],[-106.888193,27.114405],[-106.900511,27.115044],[-106.914914,27.105826],[-106.92037,27.093138],[-106.93232,27.081637],[-106.938998,27.069217],[-106.932844,27.052778],[-106.919984,27.039188],[-106.908165,27.034112],[-106.888993,27.022469],[-106.879348,27.024687],[-106.868715,27.010968],[-106.845174,27.018293],[-106.819817,27.008506],[-106.805621,26.989766],[-106.791976,26.966167],[-106.788138,26.9543],[-106.792937,26.933355],[-106.794014,26.913825],[-106.808901,26.907916],[-106.810749,26.887289],[-106.810917,26.854954],[-106.814199,26.845951],[-106.833415,26.842296],[-106.848441,26.787636],[-106.852696,26.762967],[-106.84261,26.732343],[-106.85354,26.716047],[-106.867812,26.693047],[-106.875854,26.674056],[-106.881722,26.660138],[-106.888718,26.651963],[-106.904778,26.643297],[-106.902472,26.629499],[-106.904229,26.611821],[-106.949008,26.63224],[-106.972745,26.657189],[-106.993686,26.664952],[-107.026884,26.665272],[-107.101369,26.66834],[-107.113367,26.655958],[-107.138837,26.643539],[-107.15782,26.643432],[-107.171166,26.638705],[-107.18378,26.639513],[-107.21823,26.645073],[-107.219897,26.631194],[-107.239014,26.622214],[-107.258917,26.631706],[-107.285677,26.644113],[-107.301449,26.662289],[-107.313406,26.663474],[-107.322301,26.64766],[-107.339047,26.633824],[-107.347761,26.642308],[-107.360276,26.65202],[-107.380356,26.650311],[-107.38712,26.660863],[-107.387415,26.678366],[-107.398613,26.699224],[-107.420515,26.717012],[-107.436578,26.72458],[-107.458286,26.727181],[-107.473045,26.713889],[-107.489427,26.719135],[-107.499491,26.70947],[-107.520513,26.725441],[-107.535913,26.735897],[-107.551999,26.738583],[-107.563735,26.743655],[-107.580169,26.750869],[-107.578923,26.760711],[-107.570911,26.774388],[-107.57164,26.790466],[-107.558349,26.803578],[-107.55988,26.817248],[-107.55803,26.83296],[-107.549426,26.847885],[-107.53452,26.871338],[-107.537064,26.886559],[-107.526165,26.90424],[-107.507426,26.914561],[-107.506987,26.933507],[-107.502065,26.949231],[-107.493531,26.962419],[-107.490434,26.977657],[-107.477243,26.985561],[-107.462528,26.991097],[-107.449472,26.994046],[-107.415635,26.988599],[-107.397428,26.98577],[-107.388307,27.006719],[-107.395629,27.016582],[-107.414826,27.031029],[-107.423857,27.057448],[-107.445533,27.089508],[-107.459193,27.108087],[-107.476223,27.123387],[-107.48887,27.117967],[-107.509069,27.120995],[-107.528943,27.125924],[-107.538833,27.128965],[-107.547619,27.126662],[-107.556135,27.144828],[-107.553682,27.167663],[-107.54526,27.191221],[-107.53072,27.228913],[-107.523022,27.250237],[-107.533285,27.268404],[-107.532592,27.285425],[-107.545171,27.292929],[-107.559664,27.281096],[-107.570536,27.293806],[-107.581055,27.310893],[-107.598066,27.31632],[-107.609402,27.318533],[-107.614011,27.333644],[-107.623607,27.330653],[-107.635274,27.321544],[-107.6434,27.321281],[-107.65483,27.31531],[-107.663813,27.287842],[-107.678028,27.265528],[-107.685858,27.253945],[-107.718254,27.260563],[-107.725933,27.271697],[-107.733892,27.290017],[-107.749772,27.289893],[-107.762367,27.297955],[-107.788869,27.304653],[-107.807978,27.3098],[-107.82248,27.304881],[-107.843747,27.321581],[-107.86062,27.343909],[-107.872301,27.362124],[-107.86246,27.364306],[-107.843761,27.368584],[-107.833972,27.380759],[-107.834293,27.394306],[-107.841516,27.408159],[-107.829037,27.424722],[-107.816465,27.447521],[-107.803276,27.47123],[-107.79572,27.488188],[-107.790621,27.503734],[-107.777706,27.516825],[-107.758428,27.528612],[-107.747782,27.546651],[-107.737629,27.565183],[-107.721657,27.580592],[-107.696671,27.596599],[-107.682557,27.615964],[-107.661276,27.635179],[-107.639365,27.653236],[-107.624489,27.671607],[-107.60301,27.676192],[-107.595649,27.690663],[-107.586289,27.699519],[-107.571722,27.704005]]]}},{"type":"Feature","properties":{"municipio":"Guadalupe","votes_jdch":739,"votes_shh":1097,"votes_pvem":75,"votes_mc":70,"votes_mxrep":9,"votes_pueblo":883,"votes_no_reg":2,"votes_pan":359,"votes_pri":334,"votes_prd":35,"votes_pt":56,"votes_morena":1041,"votes_nulos":261,"votes_total":3136,"lista_nominal":4872,"participacion_pct":64.37,"ganador_candidatura":"SHH","votos_ganador":1097,"segundo_lugar":"PUEB","margen_votos":214,"partido_mayor_votacion":"MOR","votos_partido_ganador":1041,"inegi_anio":2020,"inegi_disponible":true,"inegi_poblacion_total":4204,"inegi_poblacion_18ymas":2829,"inegi_poblacion_18a24":457,"inegi_escolaridad_promedio":7.98,"inegi_pea_pct":51.36,"inegi_ocupacion_pct":97.06,"inegi_afiliacion_salud_pct":85.61,"inegi_discapacidad_pct":5.97,"inegi_lengua_indigena_pct":0.09,"inegi_internet_pct":36.05,"inegi_agua_entubada_pct":98.52,"inegi_drenaje_pct":96.07,"ramo28_disponible":true,"ramo28_2025_pesos":39737704,"ramo28_estatus":"Integrado; diferencia estatal de $2","pmd_periodo":"2024-2027","pmd_url":"https://chihuahua.gob.mx/sites/default/atach2/periodico-oficial/anexos/2025-01/ANEXO 08-2025 ACUERDO N° 035-2025 PMD GUADALUPE.pdf","pmd_disponible":true,"pmd_estatus":"Documento oficial localizado"},"geometry":{"type":"Polygon","coordinates":[[[-106.214863,31.35709],[-106.178464,31.448216],[-106.097768,31.408537],[-106.022204,31.379455],[-106.031216,31.348374],[-106.080833,31.28365],[-106.042425,31.222172],[-105.956824,31.152104],[-105.852663,31.135642],[-105.824238,31.194338],[-105.793638,31.198176],[-105.717985,31.141072],[-105.630188,31.094851],[-105.576696,31.019146],[-105.517691,30.968264],[-105.455264,30.918439],[-105.39743,30.872644],[-105.356456,30.841652],[-105.309796,30.811757],[-105.253607,30.80137],[-105.188746,30.784878],[-105.122061,30.75063],[-105.082023,30.708191],[-105.027983,30.685712],[-104.97721,30.618601],[-104.900657,30.566602],[-104.874769,30.498362],[-104.953133,30.472557],[-105.043688,30.483708],[-105.121579,30.428709],[-105.218443,30.376719],[-105.347805,30.380545],[-105.442638,30.34864],[-105.559114,30.325617],[-105.7116,30.619817],[-105.702789,30.763407],[-106.044348,30.854643],[-106.102626,30.956436],[-106.277327,31.065665],[-106.321172,31.239913],[-106.264221,31.274759],[-106.264654,31.336079],[-106.214863,31.35709]]]}},{"type":"Feature","properties":{"municipio":"Matachi","votes_jdch":712,"votes_shh":655,"votes_pvem":26,"votes_mc":141,"votes_mxrep":24,"votes_pueblo":10,"votes_no_reg":1,"votes_pan":144,"votes_pri":522,"votes_prd":35,"votes_pt":17,"votes_morena":638,"votes_nulos":116,"votes_total":1685,"lista_nominal":2630,"participacion_pct":64.07,"ganador_candidatura":"JDCH","votos_ganador":712,"segundo_lugar":"SHH","margen_votos":57,"partido_mayor_votacion":"MOR","votos_partido_ganador":638,"inegi_anio":2020,"inegi_disponible":true,"inegi_poblacion_total":2815,"inegi_poblacion_18ymas":2069,"inegi_poblacion_18a24":247,"inegi_escolaridad_promedio":7.27,"inegi_pea_pct":46.88,"inegi_ocupacion_pct":91.02,"inegi_afiliacion_salud_pct":87.03,"inegi_discapacidad_pct":5.51,"inegi_lengua_indigena_pct":0.86,"inegi_internet_pct":10.93,"inegi_agua_entubada_pct":98.72,"inegi_drenaje_pct":91.54,"ramo28_disponible":true,"ramo28_2025_pesos":23773037,"ramo28_estatus":"Integrado; diferencia estatal de $2","pmd_periodo":"2024-2027","pmd_url":null,"pmd_disponible":false,"pmd_estatus":"No localizado en la consulta al Periódico Oficial"},"geometry":{"type":"Polygon","coordinates":[[[-107.726663,28.982978],[-107.680648,28.968605],[-107.647238,28.919218],[-107.613293,28.904759],[-107.563374,28.884422],[-107.573883,28.861216],[-107.573435,28.837269],[-107.587617,28.781965],[-107.605009,28.778373],[-107.617463,28.771755],[-107.629643,28.762901],[-107.636928,28.748111],[-107.654593,28.730588],[-107.663803,28.714004],[-107.68217,28.701583],[-107.700038,28.68772],[-107.719377,28.67943],[-107.748259,28.675378],[-107.793205,28.675812],[-107.818419,28.671297],[-107.855807,28.657661],[-107.87733,28.668655],[-107.889307,28.698825],[-107.879751,28.736065],[-107.868795,28.777244],[-107.850645,28.846065],[-107.836452,28.873347],[-107.80218,28.891132],[-107.777889,28.886274],[-107.770129,28.926602],[-107.743639,28.953464],[-107.730403,28.980483],[-107.726663,28.982978]]]}},{"type":"Feature","properties":{"municipio":"Matamoros","votes_jdch":1622,"votes_shh":873,"votes_pvem":0,"votes_mc":107,"votes_mxrep":6,"votes_pueblo":7,"votes_no_reg":0,"votes_pan":1106,"votes_pri":468,"votes_prd":35,"votes_pt":37,"votes_morena":836,"votes_nulos":140,"votes_total":2755,"lista_nominal":4126,"participacion_pct":66.77,"ganador_candidatura":"JDCH","votos_ganador":1622,"segundo_lugar":"SHH","margen_votos":749,"partido_mayor_votacion":"PAN","votos_partido_ganador":1106,"inegi_anio":2020,"inegi_disponible":true,"inegi_poblacion_total":4313,"inegi_poblacion_18ymas":3049,"inegi_poblacion_18a24":427,"inegi_escolaridad_promedio":8.26,"inegi_pea_pct":48.53,"inegi_ocupacion_pct":96.66,"inegi_afiliacion_salud_pct":91.84,"inegi_discapacidad_pct":4.85,"inegi_lengua_indigena_pct":1.97,"inegi_internet_pct":24.07,"inegi_agua_entubada_pct":98.32,"inegi_drenaje_pct":97.52,"ramo28_disponible":true,"ramo28_2025_pesos":26255676,"ramo28_estatus":"Integrado; diferencia estatal de $2","pmd_periodo":"2024-2027","pmd_url":"https://chihuahua.gob.mx/sites/default/atach2/periodico-oficial/anexos/2025-01/ANEXO 06-2025 ACUERDO N° 021-2025 PMD 2024-2027 MATAMOROS.pdf","pmd_disponible":true,"pmd_estatus":"Documento oficial localizado"},"geometry":{"type":"Polygon","coordinates":[[[-105.483449,26.893246],[-105.435265,26.862084],[-105.417451,26.86625],[-105.391417,26.870126],[-105.373814,26.86626],[-105.363271,26.859721],[-105.369861,26.845395],[-105.367289,26.832614],[-105.366311,26.81344],[-105.361204,26.8026],[-105.343408,26.794349],[-105.332921,26.783837],[-105.337768,26.771623],[-105.34922,26.74226],[-105.349,26.709311],[-105.340785,26.690103],[-105.330665,26.67883],[-105.329958,26.664216],[-105.364366,26.662423],[-105.388941,26.655794],[-105.393612,26.640826],[-105.398152,26.624702],[-105.406744,26.610459],[-105.419562,26.605198],[-105.428371,26.604414],[-105.430541,26.599862],[-105.437559,26.588681],[-105.435313,26.58291],[-105.423931,26.566447],[-105.440022,26.5577],[-105.442377,26.545302],[-105.441151,26.528543],[-105.471603,26.507961],[-105.473206,26.509778],[-105.474822,26.513503],[-105.558983,26.563181],[-105.587356,26.611322],[-105.642546,26.618426],[-105.644447,26.628588],[-105.788148,26.671302],[-105.788997,26.681963],[-105.776012,26.695133],[-105.759058,26.716148],[-105.77102,26.733793],[-105.723449,26.749626],[-105.705406,26.761587],[-105.667388,26.777413],[-105.669742,26.792447],[-105.676892,26.809507],[-105.676546,26.823245],[-105.665728,26.834735],[-105.654907,26.876768],[-105.638578,26.876615],[-105.621635,26.880262],[-105.609849,26.868784],[-105.603833,26.873828],[-105.588242,26.870199],[-105.567444,26.869566],[-105.483449,26.893246]]]}},{"type":"Feature","properties":{"municipio":"Meoqui","votes_jdch":8851,"votes_shh":5076,"votes_pvem":761,"votes_mc":2867,"votes_mxrep":158,"votes_pueblo":271,"votes_no_reg":10,"votes_pan":7275,"votes_pri":1230,"votes_prd":254,"votes_pt":360,"votes_morena":4716,"votes_nulos":1015,"votes_total":19009,"lista_nominal":37877,"participacion_pct":50.19,"ganador_candidatura":"JDCH","votos_ganador":8851,"segundo_lugar":"SHH","margen_votos":3775,"partido_mayor_votacion":"PAN","votos_partido_ganador":7275,"inegi_anio":2020,"inegi_disponible":true,"inegi_poblacion_total":44529,"inegi_poblacion_18ymas":30422,"inegi_poblacion_18a24":5080,"inegi_escolaridad_promedio":8.79,"inegi_pea_pct":59.62,"inegi_ocupacion_pct":98.04,"inegi_afiliacion_salud_pct":84.84,"inegi_discapacidad_pct":5.05,"inegi_lengua_indigena_pct":1.48,"inegi_internet_pct":44.82,"inegi_agua_entubada_pct":99.24,"inegi_drenaje_pct":99.12,"ramo28_disponible":true,"ramo28_2025_pesos":91908589,"ramo28_estatus":"Integrado; diferencia estatal de $2","pmd_periodo":"2024-2027","pmd_url":"https://chihuahua.gob.mx/sites/default/atach2/periodico-oficial/anexos/2025-01/ANEXO 07-2025 ACUERDO N° 028 2025 PMD 2024-2027 MEOQUI.pdf","pmd_disponible":true,"pmd_estatus":"Documento oficial localizado"},"geometry":{"type":"Polygon","coordinates":[[[-105.426505,28.364234],[-105.414053,28.360162],[-105.410225,28.346487],[-105.387176,28.338894],[-105.389668,28.315949],[-105.401943,28.302869],[-105.399557,28.281452],[-105.423878,28.262704],[-105.455198,28.242569],[-105.458796,28.249556],[-105.465554,28.258282],[-105.480597,28.261148],[-105.508528,28.25403],[-105.557316,28.290865],[-105.574367,28.300608],[-105.594021,28.324776],[-105.603689,28.327841],[-105.621551,28.351173],[-105.633605,28.37078],[-105.641045,28.386399],[-105.640247,28.391724],[-105.654979,28.414296],[-105.639868,28.417061],[-105.627415,28.420189],[-105.619391,28.424583],[-105.607435,28.430471],[-105.59588,28.429985],[-105.587848,28.432128],[-105.579335,28.442298],[-105.57274,28.445655],[-105.561791,28.452817],[-105.555885,28.460257],[-105.549652,28.463323],[-105.545113,28.469357],[-105.541196,28.47444],[-105.529651,28.474493],[-105.504001,28.480647],[-105.487142,28.490999],[-105.474108,28.470924],[-105.462149,28.437401],[-105.460003,28.416351],[-105.474009,28.41563],[-105.463904,28.379455],[-105.426505,28.364234]]]}},{"type":"Feature","properties":{"municipio":"Morelos","votes_jdch":642,"votes_shh":1790,"votes_pvem":58,"votes_mc":43,"votes_mxrep":10,"votes_pueblo":20,"votes_no_reg":3,"votes_pan":350,"votes_pri":254,"votes_prd":26,"votes_pt":82,"votes_morena":1708,"votes_nulos":358,"votes_total":2924,"lista_nominal":5350,"participacion_pct":54.65,"ganador_candidatura":"SHH","votos_ganador":1790,"segundo_lugar":"JDCH","margen_votos":1148,"partido_mayor_votacion":"MOR","votos_partido_ganador":1708,"inegi_anio":2020,"inegi_disponible":true,"inegi_poblacion_total":8894,"inegi_poblacion_18ymas":5207,"inegi_poblacion_18a24":952,"inegi_escolaridad_promedio":5.23,"inegi_pea_pct":48.98,"inegi_ocupacion_pct":96.39,"inegi_afiliacion_salud_pct":66.79,"inegi_discapacidad_pct":4.5,"inegi_lengua_indigena_pct":38.65,"inegi_internet_pct":4.24,"inegi_agua_entubada_pct":87.93,"inegi_drenaje_pct":40.5,"ramo28_disponible":true,"ramo28_2025_pesos":37365887,"ramo28_estatus":"Integrado; diferencia estatal de $2","pmd_periodo":"2024-2027","pmd_url":"https://chihuahua.gob.mx/sites/default/atach2/periodico-oficial/anexos/2025-01/ANEXO 08-2025 ACUERDO Nº 040-2025 PMD MORELOS.pdf","pmd_disponible":true,"pmd_estatus":"Documento oficial localizado"},"geometry":{"type":"Polygon","coordinates":[[[-107.736159,26.816941],[-107.737924,26.793902],[-107.707818,26.789238],[-107.670611,26.785546],[-107.635198,26.795723],[-107.628286,26.774567],[-107.61696,26.756704],[-107.597045,26.746585],[-107.577932,26.743895],[-107.560866,26.74123],[-107.545667,26.739933],[-107.534317,26.730149],[-107.513626,26.718218],[-107.493419,26.711473],[-107.485687,26.715899],[-107.468042,26.71447],[-107.451698,26.728037],[-107.429087,26.723222],[-107.410618,26.711732],[-107.392743,26.69338],[-107.389673,26.669334],[-107.383437,26.657818],[-107.387114,26.643513],[-107.37804,26.620403],[-107.361653,26.589647],[-107.349163,26.56511],[-107.390313,26.530708],[-107.401191,26.514072],[-107.417572,26.545485],[-107.428948,26.574307],[-107.447625,26.591511],[-107.441865,26.61479],[-107.465181,26.613335],[-107.490498,26.603374],[-107.477975,26.579842],[-107.508603,26.559656],[-107.524017,26.539643],[-107.514331,26.539847],[-107.502119,26.529459],[-107.49935,26.518536],[-107.509215,26.505524],[-107.509036,26.490895],[-107.539564,26.487315],[-107.535346,26.471014],[-107.522692,26.451204],[-107.518022,26.427297],[-107.521284,26.410039],[-107.55415,26.369525],[-107.539487,26.335574],[-107.559631,26.3324],[-107.561472,26.316663],[-107.561851,26.284846],[-107.583791,26.273784],[-107.616024,26.25615],[-107.60743,26.233305],[-107.618966,26.221986],[-107.641139,26.211346],[-107.661475,26.196582],[-107.682539,26.183628],[-107.71139,26.174795],[-107.727238,26.166595],[-107.750161,26.183629],[-107.772442,26.196937],[-107.789047,26.199296],[-107.804175,26.216881],[-107.782543,26.245882],[-107.787256,26.256738],[-107.885333,26.319128],[-107.918093,26.329307],[-107.932163,26.357942],[-107.935191,26.387181],[-107.934216,26.402162],[-107.952187,26.421657],[-107.957045,26.435003],[-107.954008,26.451304],[-107.956681,26.461642],[-107.945868,26.468411],[-107.946353,26.489061],[-107.956198,26.511674],[-108.013558,26.536987],[-108.010973,26.588588],[-108.01855,26.593823],[-108.028831,26.598571],[-108.034281,26.610411],[-108.040742,26.617789],[-108.050016,26.627244],[-108.059479,26.62587],[-108.070274,26.627558],[-108.074037,26.634844],[-108.077656,26.646014],[-108.060192,26.650173],[-108.021951,26.678245],[-108.005658,26.704725],[-108.005794,26.725287],[-108.003369,26.740593],[-107.985823,26.748567],[-107.955228,26.763361],[-107.914598,26.76312],[-107.879234,26.758905],[-107.877431,26.728103],[-107.91464,26.705647],[-107.925296,26.684178],[-107.904883,26.671956],[-107.902583,26.645861],[-107.90128,26.601104],[-107.875957,26.623393],[-107.858331,26.642132],[-107.842087,26.63081],[-107.831923,26.6422],[-107.797182,26.653157],[-107.797369,26.684787],[-107.802261,26.720012],[-107.783077,26.740022],[-107.807982,26.775057],[-107.806966,26.797601],[-107.790546,26.809824],[-107.761405,26.806481],[-107.736159,26.816941]]]}},{"type":"Feature","properties":{"municipio":"Moris","votes_jdch":440,"votes_shh":1121,"votes_pvem":61,"votes_mc":43,"votes_mxrep":7,"votes_pueblo":17,"votes_no_reg":0,"votes_pan":212,"votes_pri":208,"votes_prd":13,"votes_pt":29,"votes_morena":1092,"votes_nulos":150,"votes_total":1839,"lista_nominal":3681,"participacion_pct":49.96,"ganador_candidatura":"SHH","votos_ganador":1121,"segundo_lugar":"JDCH","margen_votos":681,"partido_mayor_votacion":"MOR","votos_partido_ganador":1092,"inegi_anio":2020,"inegi_disponible":true,"inegi_poblacion_total":4747,"inegi_poblacion_18ymas":3067,"inegi_poblacion_18a24":439,"inegi_escolaridad_promedio":6.37,"inegi_pea_pct":47.01,"inegi_ocupacion_pct":96.29,"inegi_afiliacion_salud_pct":66.19,"inegi_discapacidad_pct":6.47,"inegi_lengua_indigena_pct":4.35,"inegi_internet_pct":2.15,"inegi_agua_entubada_pct":97.22,"inegi_drenaje_pct":79.38,"ramo28_disponible":true,"ramo28_2025_pesos":26278974,"ramo28_estatus":"Integrado; diferencia estatal de $2","pmd_periodo":"2024-2027","pmd_url":"https://chihuahua.gob.mx/sites/default/atach2/periodico-oficial/anexos/2025-01/ANEXO 07-2025 ACUERDO N° 025-2025 PMD 2024-2027 MORIS.pdf","pmd_disponible":true,"pmd_estatus":"Documento oficial localizado"},"geometry":{"type":"Polygon","coordinates":[[[-108.456871,28.433669],[-108.429258,28.413009],[-108.389971,28.40008],[-108.404728,28.363889],[-108.376587,28.356771],[-108.380257,28.313519],[-108.396329,28.316412],[-108.389998,28.296126],[-108.410164,28.28513],[-108.471073,28.260855],[-108.489254,28.246053],[-108.479817,28.240571],[-108.4492,28.233575],[-108.435748,28.215062],[-108.461057,28.214049],[-108.487901,28.207113],[-108.48858,28.181107],[-108.476454,28.169108],[-108.447736,28.160638],[-108.437671,28.157289],[-108.420174,28.131918],[-108.411857,28.09598],[-108.426767,28.067175],[-108.441825,28.050881],[-108.46211,28.0496],[-108.473191,28.043153],[-108.487035,28.039344],[-108.504995,28.034847],[-108.521169,28.024634],[-108.542634,28.021937],[-108.549702,28.014264],[-108.565367,28.003717],[-108.575394,27.990965],[-108.586663,27.99554],[-108.602633,27.993864],[-108.614651,27.980931],[-108.62192,27.967446],[-108.63571,27.958564],[-108.656093,27.963821],[-108.661904,27.956483],[-108.683112,27.955343],[-108.700777,27.94817],[-108.716288,27.937278],[-108.724151,27.922043],[-108.734421,27.911685],[-108.74531,27.916001],[-108.755448,27.919991],[-108.769789,27.919304],[-108.783492,27.917127],[-108.803995,27.908013],[-108.806922,27.900443],[-108.790254,27.891282],[-108.814188,27.889937],[-108.830608,27.89918],[-108.850997,27.919087],[-108.866684,27.929078],[-108.885772,27.916148],[-108.909446,27.913544],[-108.925473,27.932315],[-108.954204,27.923855],[-108.980284,27.912925],[-108.975239,27.931545],[-108.970493,27.942949],[-108.98535,27.943976],[-108.993064,27.953773],[-109.000972,27.969871],[-108.989647,27.984569],[-108.999601,28.000929],[-109.008547,28.012672],[-109.024186,28.027202],[-109.035553,28.038952],[-109.038271,28.058744],[-109.045187,28.074101],[-109.058275,28.104654],[-109.067104,28.122727],[-109.055339,28.132045],[-109.034652,28.137138],[-109.049541,28.149681],[-109.06039,28.169226],[-109.06016,28.192611],[-109.054912,28.209163],[-109.055797,28.226318],[-109.071705,28.23893],[-109.05869,28.249258],[-109.051197,28.261271],[-109.044519,28.278915],[-109.021309,28.273751],[-109.00286,28.257592],[-108.991747,28.259687],[-108.976761,28.273924],[-108.960507,28.275235],[-108.942004,28.288837],[-108.932201,28.296969],[-108.91513,28.292395],[-108.897064,28.288324],[-108.891649,28.272698],[-108.86163,28.25899],[-108.847502,28.251587],[-108.825093,28.277937],[-108.808354,28.265433],[-108.792207,28.265147],[-108.782947,28.27907],[-108.781545,28.303879],[-108.769766,28.288794],[-108.765707,28.268755],[-108.752922,28.266614],[-108.747447,28.270305],[-108.707691,28.290839],[-108.717138,28.312417],[-108.724888,28.318124],[-108.708448,28.321356],[-108.703552,28.319816],[-108.689971,28.312948],[-108.683635,28.303787],[-108.679404,28.291541],[-108.689072,28.279694],[-108.690874,28.270475],[-108.665719,28.278865],[-108.656258,28.293529],[-108.652523,28.308091],[-108.641192,28.320341],[-108.621098,28.32927],[-108.605903,28.340652],[-108.559637,28.334398],[-108.53894,28.330047],[-108.525272,28.346471],[-108.497404,28.364573],[-108.451691,28.410685],[-108.456871,28.433669]]]}},{"type":"Feature","properties":{"municipio":"Namiquipa","votes_jdch":4198,"votes_shh":3748,"votes_pvem":185,"votes_mc":825,"votes_mxrep":25,"votes_pueblo":74,"votes_no_reg":5,"votes_pan":1649,"votes_pri":2192,"votes_prd":299,"votes_pt":681,"votes_morena":3067,"votes_nulos":798,"votes_total":9858,"lista_nominal":20665,"participacion_pct":47.7,"ganador_candidatura":"JDCH","votos_ganador":4198,"segundo_lugar":"SHH","margen_votos":450,"partido_mayor_votacion":"MOR","votos_partido_ganador":3067,"inegi_anio":2020,"inegi_disponible":true,"inegi_poblacion_total":22257,"inegi_poblacion_18ymas":15606,"inegi_poblacion_18a24":2012,"inegi_escolaridad_promedio":7.62,"inegi_pea_pct":59.22,"inegi_ocupacion_pct":98.98,"inegi_afiliacion_salud_pct":84.32,"inegi_discapacidad_pct":6.04,"inegi_lengua_indigena_pct":1.25,"inegi_internet_pct":23.32,"inegi_agua_entubada_pct":99.56,"inegi_drenaje_pct":96.74,"ramo28_disponible":true,"ramo28_2025_pesos":77996580,"ramo28_estatus":"Integrado; diferencia estatal de $2","pmd_periodo":"2024-2027","pmd_url":"https://chihuahua.gob.mx/sites/default/atach2/periodico-oficial/anexos/2025-01/ANEXO 06-2025 ACUERDO N° 023-2025 PMD 2024-2027 NAMIQUIPA.pdf","pmd_disponible":true,"pmd_estatus":"Documento oficial localizado"},"geometry":{"type":"Polygon","coordinates":[[[-107.08448,29.575308],[-107.056287,29.568596],[-107.051757,29.543784],[-107.025046,29.539801],[-106.967292,29.541668],[-106.94902,29.519294],[-106.932341,29.508554],[-106.885105,29.520658],[-106.849378,29.544923],[-106.801176,29.5461],[-106.760301,29.526753],[-106.746794,29.545216],[-106.690679,29.551417],[-106.634854,29.570396],[-106.560555,29.566675],[-106.510278,29.549745],[-106.543779,29.507318],[-106.559285,29.472105],[-106.580973,29.447036],[-106.591523,29.401339],[-106.578237,29.371466],[-106.593342,29.338067],[-106.567717,29.293679],[-106.557792,29.26805],[-106.568089,29.246019],[-106.602792,29.225219],[-106.638049,29.223819],[-106.676935,29.253375],[-106.712657,29.271529],[-106.74804,29.267374],[-106.822152,29.204513],[-106.845938,29.172088],[-106.797303,29.151579],[-106.810134,29.109824],[-106.843783,29.09731],[-106.880523,29.101211],[-106.916204,29.116008],[-106.946079,29.106796],[-106.98256,29.123878],[-107.050695,29.165976],[-107.069647,29.181226],[-107.069983,29.198161],[-107.08037,29.187815],[-107.104239,29.168071],[-107.106529,29.140558],[-107.114043,29.108142],[-107.152056,29.098004],[-107.182622,29.1034],[-107.212602,29.117042],[-107.235355,29.110857],[-107.233822,29.095312],[-107.244338,29.068588],[-107.249447,29.043455],[-107.289607,29.053146],[-107.306072,29.066455],[-107.33996,29.059133],[-107.33659,29.02053],[-107.383247,29.01102],[-107.417554,28.987586],[-107.436518,28.971021],[-107.415942,28.939876],[-107.362991,28.891712],[-107.376168,28.86539],[-107.401564,28.832375],[-107.405372,28.790117],[-107.407351,28.763979],[-107.413755,28.751499],[-107.447425,28.742769],[-107.454749,28.758136],[-107.45581,28.776715],[-107.480152,28.792595],[-107.503266,28.820305],[-107.515257,28.83707],[-107.510581,28.85306],[-107.502958,28.868469],[-107.506109,28.912139],[-107.54613,28.898337],[-107.557013,28.88636],[-107.600442,28.896469],[-107.641288,28.911016],[-107.639872,28.948172],[-107.61688,28.955634],[-107.582843,28.956397],[-107.552884,28.975911],[-107.519994,28.984561],[-107.548301,28.988126],[-107.575694,29.011871],[-107.572152,29.032977],[-107.581909,29.058954],[-107.597784,29.078883],[-107.643524,29.105227],[-107.682051,29.114879],[-107.700164,29.130992],[-107.662042,29.197852],[-107.614149,29.225164],[-107.561952,29.253828],[-107.552451,29.2857],[-107.52069,29.311099],[-107.525455,29.333684],[-107.555846,29.423539],[-107.549394,29.462621],[-107.499874,29.487039],[-107.446086,29.508841],[-107.4034,29.515205],[-107.350762,29.512786],[-107.302478,29.504445],[-107.266483,29.535611],[-107.209836,29.522523],[-107.169457,29.532638],[-107.113556,29.544168],[-107.114801,29.557869],[-107.08448,29.575308]]]}},{"type":"Feature","properties":{"municipio":"Nonoava","votes_jdch":843,"votes_shh":124,"votes_pvem":1108,"votes_mc":13,"votes_mxrep":1,"votes_pueblo":3,"votes_no_reg":1,"votes_pan":703,"votes_pri":117,"votes_prd":15,"votes_pt":2,"votes_morena":122,"votes_nulos":132,"votes_total":2225,"lista_nominal":2918,"participacion_pct":76.25,"ganador_candidatura":"PVEM","votos_ganador":1108,"segundo_lugar":"JDCH","margen_votos":265,"partido_mayor_votacion":"PVEM","votos_partido_ganador":1108,"inegi_anio":2020,"inegi_disponible":true,"inegi_poblacion_total":3496,"inegi_poblacion_18ymas":2259,"inegi_poblacion_18a24":339,"inegi_escolaridad_promedio":5.85,"inegi_pea_pct":47.99,"inegi_ocupacion_pct":91.09,"inegi_afiliacion_salud_pct":81.21,"inegi_discapacidad_pct":7.41,"inegi_lengua_indigena_pct":41.62,"inegi_internet_pct":10.52,"inegi_agua_entubada_pct":81.72,"inegi_drenaje_pct":68.34,"ramo28_disponible":true,"ramo28_2025_pesos":25136526,"ramo28_estatus":"Integrado; diferencia estatal de $2","pmd_periodo":"2024-2027","pmd_url":"https://chihuahua.gob.mx/sites/default/atach2/periodico-oficial/anexos/2025-01/ANEXO 09-2025 ACUERDO N° 048-2025 PMD 2024-2027 NONOAVA.pdf","pmd_disponible":true,"pmd_estatus":"Documento oficial localizado"},"geometry":{"type":"Polygon","coordinates":[[[-106.548387,27.653759],[-106.511358,27.641555],[-106.518215,27.629015],[-106.519554,27.607141],[-106.51119,27.560186],[-106.533835,27.534282],[-106.511717,27.521668],[-106.515128,27.504565],[-106.479766,27.481067],[-106.434731,27.462324],[-106.390467,27.439536],[-106.37542,27.398408],[-106.39203,27.375492],[-106.429635,27.360297],[-106.477513,27.359198],[-106.502123,27.358945],[-106.536915,27.34584],[-106.550264,27.315539],[-106.574719,27.294934],[-106.546994,27.271952],[-106.55976,27.25164],[-106.59579,27.241073],[-106.54291,27.228796],[-106.566065,27.215351],[-106.592666,27.196335],[-106.617721,27.177105],[-106.622378,27.157421],[-106.649868,27.148237],[-106.655803,27.137338],[-106.667016,27.134846],[-106.687589,27.131549],[-106.699047,27.128517],[-106.700507,27.139436],[-106.686324,27.149986],[-106.683232,27.157007],[-106.697018,27.162828],[-106.707367,27.162191],[-106.721157,27.166522],[-106.735805,27.174988],[-106.751944,27.175517],[-106.770542,27.179687],[-106.785459,27.169378],[-106.800128,27.157413],[-106.821309,27.166129],[-106.844959,27.170544],[-106.874616,27.201509],[-106.881143,27.207694],[-106.8671,27.218517],[-106.856259,27.223641],[-106.870177,27.240138],[-106.88952,27.251429],[-106.895067,27.26826],[-106.886195,27.293606],[-106.906287,27.296145],[-106.918111,27.267328],[-106.93709,27.269782],[-106.949176,27.284951],[-106.955471,27.299963],[-106.968985,27.320245],[-106.98608,27.340933],[-106.974023,27.371653],[-106.970954,27.388741],[-106.947394,27.391746],[-106.942593,27.408094],[-106.967527,27.419611],[-106.964211,27.438433],[-106.957558,27.453133],[-106.966336,27.469542],[-106.97797,27.498986],[-106.984775,27.512261],[-106.990233,27.532965],[-106.968582,27.556586],[-106.935462,27.577079],[-106.90538,27.568189],[-106.864787,27.551856],[-106.85893,27.583987],[-106.853907,27.593613],[-106.818953,27.56755],[-106.800815,27.57677],[-106.786695,27.611398],[-106.780593,27.643033],[-106.747218,27.628343],[-106.709984,27.606515],[-106.675288,27.587141],[-106.64366,27.600253],[-106.639545,27.636189],[-106.60615,27.638083],[-106.568489,27.641587],[-106.548387,27.653759]]]}},{"type":"Feature","properties":{"municipio":"Nuevo Casas Grandes","votes_jdch":9116,"votes_shh":11073,"votes_pvem":1104,"votes_mc":4107,"votes_mxrep":469,"votes_pueblo":458,"votes_no_reg":4,"votes_pan":5984,"votes_pri":2323,"votes_prd":688,"votes_pt":1952,"votes_morena":9078,"votes_nulos":1540,"votes_total":27871,"lista_nominal":53863,"participacion_pct":51.74,"ganador_candidatura":"SHH","votos_ganador":11073,"segundo_lugar":"JDCH","margen_votos":1957,"partido_mayor_votacion":"MOR","votos_partido_ganador":9078,"inegi_anio":2020,"inegi_disponible":true,"inegi_poblacion_total":65657,"inegi_poblacion_18ymas":45011,"inegi_poblacion_18a24":7679,"inegi_escolaridad_promedio":9.9,"inegi_pea_pct":60.19,"inegi_ocupacion_pct":98.3,"inegi_afiliacion_salud_pct":80.96,"inegi_discapacidad_pct":5.79,"inegi_lengua_indigena_pct":1.17,"inegi_internet_pct":54.58,"inegi_agua_entubada_pct":99.45,"inegi_drenaje_pct":99.48,"ramo28_disponible":true,"ramo28_2025_pesos":152286043,"ramo28_estatus":"Integrado; diferencia estatal de $2","pmd_periodo":"2024-2027","pmd_url":"https://chihuahua.gob.mx/sites/default/atach2/periodico-oficial/anexos/2025-01/ANEXO 08-2025 ACUERDO Nº 042-2025 PMD NUEVO CASAS GRANDES.pdf","pmd_disponible":true,"pmd_estatus":"Documento oficial localizado"},"geometry":{"type":"Polygon","coordinates":[[[-107.767071,30.810171],[-107.717593,30.787766],[-107.673869,30.769132],[-107.645471,30.750416],[-107.607402,30.714986],[-107.5502,30.741977],[-107.489237,30.660038],[-107.448101,30.621534],[-107.440287,30.549836],[-107.439776,30.427518],[-107.441333,30.342344],[-107.625039,30.370767],[-107.694902,30.383538],[-107.772087,30.271586],[-107.736794,30.233161],[-107.737983,30.160549],[-107.773619,30.163509],[-107.807257,30.143962],[-107.84087,30.155342],[-107.881539,30.171738],[-107.920133,30.153057],[-107.96281,30.146838],[-107.956955,30.174651],[-107.972478,30.2104],[-107.989242,30.242504],[-107.959388,30.256368],[-107.952081,30.28633],[-107.946771,30.322442],[-107.926269,30.356543],[-107.933945,30.378666],[-107.935198,30.405278],[-107.935465,30.410746],[-107.933945,30.443244],[-107.920121,30.480334],[-107.9121,30.512612],[-107.908798,30.54611],[-107.91256,30.586934],[-107.917669,30.620311],[-107.922184,30.642695],[-107.943903,30.67864],[-107.952913,30.721664],[-107.963503,30.753184],[-107.977545,30.782226],[-107.927009,30.791369],[-107.881714,30.777916],[-107.818729,30.7899],[-107.768232,30.803089],[-107.767071,30.810171]]]}},{"type":"Feature","properties":{"municipio":"Ocampo","votes_jdch":973,"votes_shh":1243,"votes_pvem":62,"votes_mc":57,"votes_mxrep":8,"votes_pueblo":13,"votes_no_reg":2,"votes_pan":179,"votes_pri":751,"votes_prd":33,"votes_pt":691,"votes_morena":552,"votes_nulos":169,"votes_total":2527,"lista_nominal":4416,"participacion_pct":57.22,"ganador_candidatura":"SHH","votos_ganador":1243,"segundo_lugar":"JDCH","margen_votos":270,"partido_mayor_votacion":"PRI","votos_partido_ganador":751,"inegi_anio":2020,"inegi_disponible":true,"inegi_poblacion_total":6266,"inegi_poblacion_18ymas":3810,"inegi_poblacion_18a24":613,"inegi_escolaridad_promedio":7.25,"inegi_pea_pct":55.44,"inegi_ocupacion_pct":98.44,"inegi_afiliacion_salud_pct":73.08,"inegi_discapacidad_pct":4.92,"inegi_lengua_indigena_pct":1.37,"inegi_internet_pct":4.05,"inegi_agua_entubada_pct":93.54,"inegi_drenaje_pct":74.12,"ramo28_disponible":true,"ramo28_2025_pesos":36513465,"ramo28_estatus":"Integrado; diferencia estatal de $2","pmd_periodo":"2024-2027","pmd_url":null,"pmd_disponible":false,"pmd_estatus":"No localizado en la consulta al Periódico Oficial"},"geometry":{"type":"Polygon","coordinates":[[[-108.195469,28.043645],[-108.221875,28.020812],[-108.262717,27.992204],[-108.280272,27.956708],[-108.337661,27.977929],[-108.360562,27.98997],[-108.397791,28.000903],[-108.391952,28.03116],[-108.420523,28.037422],[-108.449075,28.046642],[-108.430922,28.060943],[-108.413791,28.087349],[-108.414898,28.121434],[-108.430872,28.150171],[-108.445948,28.166637],[-108.470857,28.167761],[-108.485605,28.178869],[-108.488841,28.197406],[-108.473136,28.215596],[-108.448598,28.213405],[-108.443866,28.229923],[-108.472452,28.241931],[-108.489694,28.236507],[-108.478081,28.257188],[-108.414216,28.277004],[-108.390744,28.293423],[-108.401175,28.318992],[-108.38514,28.311243],[-108.364837,28.322811],[-108.342904,28.358209],[-108.296031,28.350861],[-108.262979,28.347075],[-108.238928,28.321101],[-108.22491,28.325147],[-108.203379,28.318908],[-108.167544,28.322842],[-108.161761,28.307854],[-108.135801,28.294183],[-108.103826,28.311835],[-108.068628,28.292508],[-108.048788,28.281496],[-108.023372,28.272422],[-108.014607,28.24286],[-107.971658,28.201018],[-107.948063,28.197957],[-107.951932,28.175077],[-107.939737,28.154464],[-107.91772,28.134515],[-107.910181,28.11735],[-107.912107,28.105197],[-107.898617,28.100246],[-107.886741,28.085728],[-107.866043,28.071548],[-107.872431,28.047124],[-107.8734,28.018864],[-107.873652,27.996605],[-107.883546,28.011696],[-107.90136,28.017033],[-107.922939,28.029649],[-107.949558,28.04708],[-107.945965,28.057024],[-107.958191,28.041543],[-107.995915,28.044051],[-108.019956,28.037304],[-108.061353,28.021115],[-108.084143,28.002484],[-108.077018,27.983483],[-108.081586,27.962008],[-108.096984,27.972906],[-108.122108,27.991858],[-108.133627,28.019206],[-108.159695,28.045077],[-108.195469,28.043645]]]}},{"type":"Feature","properties":{"municipio":"Ojinaga","votes_jdch":8987,"votes_shh":3409,"votes_pvem":317,"votes_mc":219,"votes_mxrep":89,"votes_pueblo":40,"votes_no_reg":1,"votes_pan":4675,"votes_pri":4072,"votes_prd":193,"votes_pt":144,"votes_morena":3265,"votes_nulos":643,"votes_total":13705,"lista_nominal":27154,"participacion_pct":50.47,"ganador_candidatura":"JDCH","votos_ganador":8987,"segundo_lugar":"SHH","margen_votos":5578,"partido_mayor_votacion":"PAN","votos_partido_ganador":4675,"inegi_anio":2020,"inegi_disponible":true,"inegi_poblacion_total":24245,"inegi_poblacion_18ymas":16929,"inegi_poblacion_18a24":2434,"inegi_escolaridad_promedio":8.63,"inegi_pea_pct":57.81,"inegi_ocupacion_pct":98.63,"inegi_afiliacion_salud_pct":83.61,"inegi_discapacidad_pct":3.9,"inegi_lengua_indigena_pct":0.43,"inegi_internet_pct":42.74,"inegi_agua_entubada_pct":99.64,"inegi_drenaje_pct":99.73,"ramo28_disponible":true,"ramo28_2025_pesos":85349206,"ramo28_estatus":"Integrado; diferencia estatal de $2","pmd_periodo":"2024-2027","pmd_url":"https://chihuahua.gob.mx/sites/default/atach2/periodico-oficial/anexos/2025-01/ANEXO 05-2025 ACUERDO N° 211-2024 PMD OJINAGA.pdf","pmd_disponible":true,"pmd_estatus":"Documento oficial localizado"},"geometry":{"type":"Polygon","coordinates":[[[-104.963507,30.49019],[-104.865747,30.455195],[-104.859558,30.424051],[-104.854536,30.388746],[-104.814615,30.365849],[-104.784544,30.317106],[-104.759481,30.277586],[-104.733274,30.255467],[-104.699447,30.205527],[-104.685363,30.145528],[-104.689156,30.105103],[-104.691128,30.068021],[-104.695097,30.035251],[-104.685948,29.995868],[-104.678492,29.96101],[-104.678487,29.92044],[-104.657029,29.894089],[-104.622209,29.848907],[-104.592959,29.811494],[-104.578302,29.791026],[-104.564173,29.751505],[-104.546698,29.717003],[-104.531847,29.672316],[-104.506598,29.641239],[-104.471559,29.622725],[-104.450667,29.587847],[-104.414833,29.575126],[-104.382495,29.54827],[-104.349849,29.53652],[-104.311633,29.528979],[-104.240628,29.500754],[-104.212558,29.463039],[-104.182512,29.419341],[-104.145729,29.383795],[-104.08197,29.34836],[-104.001603,29.311847],[-103.902384,29.289772],[-103.817,29.271237],[-103.815516,29.250117],[-103.825956,29.230852],[-103.847568,29.205404],[-103.878326,29.188089],[-103.905559,29.175729],[-103.926011,29.181982],[-103.953367,29.185014],[-103.961019,29.177409],[-103.990894,29.194848],[-104.016505,29.205318],[-104.049034,29.222499],[-104.073784,29.236105],[-104.111338,29.243586],[-104.140467,29.243021],[-104.172617,29.245183],[-104.184699,29.256281],[-104.203678,29.262492],[-104.217665,29.279136],[-104.21809,29.296031],[-104.248764,29.302398],[-104.268406,29.315474],[-104.286294,29.328382],[-104.289874,29.310077],[-104.283617,29.280847],[-104.307848,29.277765],[-104.310969,29.272627],[-104.303088,29.246795],[-104.287799,29.219892],[-104.273443,29.20665],[-104.253529,29.180988],[-104.234164,29.167745],[-104.209395,29.149531],[-104.194946,29.141168],[-104.164076,29.136196],[-104.146231,29.120374],[-104.139042,29.101075],[-104.125479,29.090634],[-104.137864,29.077389],[-104.140586,29.060495],[-104.156199,29.036483],[-104.167579,29.026961],[-104.178346,29.023153],[-104.175512,28.991889],[-104.123576,28.952247],[-104.1155,28.919281],[-104.115604,28.908432],[-104.169552,28.910271],[-104.18274,28.879711],[-104.193958,28.863478],[-104.207647,28.837636],[-104.194072,28.812875],[-104.194145,28.793661],[-104.225122,28.783881],[-104.220902,28.751913],[-104.236605,28.737994],[-104.216565,28.722016],[-104.219116,28.697251],[-104.219738,28.6708],[-104.259604,28.652213],[-104.254839,28.620212],[-104.269911,28.597325],[-104.375418,28.627453],[-104.371839,28.68651],[-104.416765,28.700946],[-104.418347,28.74304],[-104.635821,28.748849],[-104.710492,28.748803],[-104.804929,28.95818],[-104.724279,28.951958],[-104.745885,28.989679],[-104.575122,29.162291],[-104.603655,29.189172],[-104.6002,29.224695],[-104.574453,29.277684],[-104.608802,29.323674],[-104.682955,29.377648],[-104.727678,29.409685],[-104.77253,29.474382],[-104.798119,29.526826],[-104.823059,29.562091],[-104.861407,29.607235],[-104.870085,29.67848],[-104.887128,29.739691],[-104.895222,29.767706],[-104.872478,29.811065],[-104.859012,29.8657],[-104.874773,29.867547],[-104.904431,29.890443],[-104.871303,29.929335],[-104.819286,30.081509],[-104.78922,30.101187],[-104.806678,30.117951],[-104.881517,30.192903],[-104.9423,30.304454],[-104.910074,30.296013],[-104.882431,30.320083],[-104.869312,30.348046],[-104.897261,30.367405],[-104.982188,30.4873],[-104.963507,30.49019]]]}},{"type":"Feature","properties":{"municipio":"Santa Isabel","votes_jdch":1725,"votes_shh":358,"votes_pvem":34,"votes_mc":487,"votes_mxrep":8,"votes_pueblo":9,"votes_no_reg":1,"votes_pan":1544,"votes_pri":148,"votes_prd":22,"votes_pt":26,"votes_morena":332,"votes_nulos":160,"votes_total":2782,"lista_nominal":4665,"participacion_pct":59.64,"ganador_candidatura":"JDCH","votos_ganador":1725,"segundo_lugar":"MC","margen_votos":1238,"partido_mayor_votacion":"PAN","votos_partido_ganador":1544,"inegi_anio":2020,"inegi_disponible":true,"inegi_poblacion_total":3756,"inegi_poblacion_18ymas":2835,"inegi_poblacion_18a24":375,"inegi_escolaridad_promedio":7.9,"inegi_pea_pct":49.31,"inegi_ocupacion_pct":98.08,"inegi_afiliacion_salud_pct":89.78,"inegi_discapacidad_pct":6.6,"inegi_lengua_indigena_pct":1.93,"inegi_internet_pct":35.99,"inegi_agua_entubada_pct":99.69,"inegi_drenaje_pct":98.75,"ramo28_disponible":true,"ramo28_2025_pesos":25813457,"ramo28_estatus":"Integrado; diferencia estatal de $2","pmd_periodo":"2024-2027","pmd_url":"https://chihuahua.gob.mx/sites/default/atach2/periodico-oficial/anexos/2025-01/ANEXO 09-2025 ACUERDO N° 046-2025 PMD 2024-2027 SANTA ISABEL.pdf","pmd_disponible":true,"pmd_estatus":"Documento oficial localizado"},"geometry":{"type":"Polygon","coordinates":[[[-106.296408,28.138744],[-106.322295,28.167605],[-106.365532,28.175458],[-106.411021,28.179498],[-106.451557,28.181419],[-106.451901,28.212995],[-106.430298,28.242143],[-106.439802,28.270711],[-106.464189,28.308585],[-106.477076,28.33484],[-106.497436,28.358161],[-106.511804,28.396921],[-106.509289,28.433736],[-106.453526,28.444927],[-106.457768,28.470986],[-106.433888,28.507183],[-106.410462,28.5418],[-106.367074,28.537333],[-106.349554,28.510287],[-106.356131,28.479736],[-106.331238,28.453171],[-106.289114,28.451068],[-106.252125,28.424299],[-106.250754,28.371318],[-106.223558,28.263062],[-106.218032,28.225438],[-106.236149,28.205455],[-106.238032,28.180237],[-106.281852,28.194624],[-106.295652,28.162132],[-106.252698,28.143931],[-106.281355,28.143462],[-106.296408,28.138744]]]}},{"type":"Feature","properties":{"municipio":"Satevo","votes_jdch":1425,"votes_shh":810,"votes_pvem":28,"votes_mc":95,"votes_mxrep":7,"votes_pueblo":18,"votes_no_reg":0,"votes_pan":1295,"votes_pri":106,"votes_prd":11,"votes_pt":42,"votes_morena":768,"votes_nulos":146,"votes_total":2529,"lista_nominal":4269,"participacion_pct":59.24,"ganador_candidatura":"JDCH","votos_ganador":1425,"segundo_lugar":"SHH","margen_votos":615,"partido_mayor_votacion":"PAN","votos_partido_ganador":1295,"inegi_anio":2020,"inegi_disponible":true,"inegi_poblacion_total":3435,"inegi_poblacion_18ymas":2635,"inegi_poblacion_18a24":291,"inegi_escolaridad_promedio":6.99,"inegi_pea_pct":46.17,"inegi_ocupacion_pct":98.01,"inegi_afiliacion_salud_pct":91.73,"inegi_discapacidad_pct":6.64,"inegi_lengua_indigena_pct":2.69,"inegi_internet_pct":3.59,"inegi_agua_entubada_pct":99.67,"inegi_drenaje_pct":98.04,"ramo28_disponible":true,"ramo28_2025_pesos":31933218,"ramo28_estatus":"Integrado; diferencia estatal de $2","pmd_periodo":"2024-2027","pmd_url":"https://chihuahua.gob.mx/sites/default/atach2/periodico-oficial/anexos/2025-01/ANEXO 04-2025 ACUERDO N° 011-2025 PMD 2024-2027 SATEVÓ.pdf","pmd_disponible":true,"pmd_estatus":"Documento oficial localizado"},"geometry":{"type":"Polygon","coordinates":[[[-106.067019,28.134152],[-106.068114,28.114818],[-106.036006,28.08677],[-106.012413,28.074159],[-105.974093,28.065697],[-105.962449,28.026261],[-105.985756,28.013022],[-105.957439,27.975158],[-105.894353,27.946104],[-105.875651,27.916582],[-105.779147,27.915483],[-105.773007,27.902033],[-105.774283,27.897748],[-105.762094,27.889379],[-105.777549,27.87808],[-105.778867,27.861744],[-105.782707,27.847074],[-105.78563,27.838259],[-105.794845,27.831874],[-105.806047,27.824593],[-105.816724,27.820691],[-105.824811,27.808025],[-105.832046,27.801008],[-105.839003,27.790027],[-105.866315,27.756733],[-105.85937,27.74156],[-105.776227,27.751984],[-105.759351,27.751056],[-105.74902,27.744307],[-105.746706,27.733355],[-105.746302,27.72324],[-105.74408,27.708987],[-105.745257,27.701895],[-105.766096,27.686706],[-105.798621,27.675503],[-105.824149,27.667605],[-105.847179,27.66901],[-105.877437,27.66979],[-105.928257,27.667197],[-105.956886,27.666611],[-105.996975,27.680904],[-106.024467,27.691865],[-106.079435,27.687416],[-106.102357,27.697865],[-106.147771,27.663565],[-106.175653,27.611674],[-106.109351,27.575332],[-106.127335,27.542941],[-106.211673,27.517879],[-106.183899,27.470561],[-106.202867,27.441259],[-106.220855,27.441431],[-106.238554,27.419201],[-106.256006,27.425821],[-106.270884,27.414524],[-106.289102,27.4046],[-106.279423,27.389646],[-106.26689,27.38224],[-106.273486,27.378294],[-106.29146,27.387467],[-106.301958,27.389848],[-106.313099,27.403381],[-106.326715,27.405597],[-106.362691,27.429153],[-106.38027,27.431948],[-106.410649,27.446327],[-106.448454,27.466359],[-106.494155,27.491235],[-106.521495,27.506647],[-106.519699,27.516106],[-106.533327,27.54601],[-106.518013,27.578653],[-106.532012,27.608815],[-106.505693,27.632961],[-106.47427,27.64995],[-106.474308,27.659202],[-106.471705,27.739803],[-106.487233,27.77748],[-106.466862,27.807586],[-106.419322,27.797206],[-106.377763,27.784951],[-106.331729,27.798092],[-106.301104,27.821827],[-106.304076,27.84324],[-106.302232,27.887832],[-106.298077,27.927781],[-106.332134,27.961151],[-106.385031,27.939215],[-106.413452,27.967487],[-106.429396,27.989314],[-106.460454,28.030724],[-106.409575,28.034036],[-106.366489,28.040934],[-106.387226,28.081382],[-106.358906,28.09261],[-106.276485,28.084977],[-106.243155,28.095545],[-106.206316,28.107564],[-106.146804,28.110794],[-106.104385,28.109935],[-106.067019,28.134152]]]}},{"type":"Feature","properties":{"municipio":"Saucillo","votes_jdch":6515,"votes_shh":5279,"votes_pvem":0,"votes_mc":752,"votes_mxrep":588,"votes_pueblo":104,"votes_no_reg":0,"votes_pan":4778,"votes_pri":1388,"votes_prd":295,"votes_pt":247,"votes_morena":5032,"votes_nulos":526,"votes_total":13764,"lista_nominal":25680,"participacion_pct":53.6,"ganador_candidatura":"JDCH","votos_ganador":6515,"segundo_lugar":"SHH","margen_votos":1236,"partido_mayor_votacion":"MOR","votos_partido_ganador":5032,"inegi_anio":2020,"inegi_disponible":true,"inegi_poblacion_total":29856,"inegi_poblacion_18ymas":20812,"inegi_poblacion_18a24":3186,"inegi_escolaridad_promedio":8.86,"inegi_pea_pct":52.81,"inegi_ocupacion_pct":96.91,"inegi_afiliacion_salud_pct":85.68,"inegi_discapacidad_pct":6.54,"inegi_lengua_indigena_pct":0.69,"inegi_internet_pct":42.93,"inegi_agua_entubada_pct":99.69,"inegi_drenaje_pct":99.14,"ramo28_disponible":true,"ramo28_2025_pesos":93002074,"ramo28_estatus":"Integrado; diferencia estatal de $2","pmd_periodo":"2024-2027","pmd_url":"https://chihuahua.gob.mx/sites/default/atach2/periodico-oficial/anexos/2025-01/ANEXO 04-2025 ACUERDO N° 010-2025 PMD 2024-2027 SAUCILLO.pdf","pmd_disponible":true,"pmd_estatus":"Documento oficial localizado"},"geometry":{"type":"Polygon","coordinates":[[[-105.177527,28.341973],[-105.159059,28.330491],[-105.144459,28.323556],[-105.132411,28.322582],[-105.114813,28.318631],[-105.098535,28.30983],[-105.085431,28.307361],[-105.076329,28.301945],[-105.067676,28.29106],[-105.062705,28.280874],[-105.051356,28.276867],[-105.033329,28.273487],[-104.969042,28.277876],[-104.955958,28.290682],[-104.94358,28.29694],[-104.929354,28.295492],[-104.909086,28.290936],[-104.893046,28.291017],[-104.883479,28.279291],[-104.866886,28.262052],[-104.8572,28.25049],[-104.844715,28.238037],[-104.871355,28.225203],[-104.933499,28.207839],[-104.964391,28.198476],[-104.973741,28.18703],[-104.957728,28.175084],[-104.942168,28.142493],[-104.924258,28.109923],[-104.907199,28.094189],[-104.892228,28.064799],[-104.866466,28.056992],[-104.846001,28.043167],[-104.822249,28.037489],[-104.824186,28.013519],[-104.857342,27.999552],[-104.889789,28.007133],[-104.917146,28.008939],[-104.936596,28.020524],[-104.955622,28.038825],[-104.973863,28.036142],[-104.988476,28.046235],[-105.03875,28.041131],[-105.050514,28.021813],[-105.076759,28.011635],[-105.094718,28.006034],[-105.178502,27.988298],[-105.192057,27.977557],[-105.214329,27.96977],[-105.218484,27.963121],[-105.204167,27.946251],[-105.211392,27.94888],[-105.236328,27.934748],[-105.258826,27.928024],[-105.261884,27.898111],[-105.278085,27.893156],[-105.301428,27.883278],[-105.315009,27.865806],[-105.253534,27.821675],[-105.249915,27.807175],[-105.253253,27.794142],[-105.273492,27.79259],[-105.290183,27.793503],[-105.318366,27.803508],[-105.334872,27.810903],[-105.344926,27.786779],[-105.523787,27.720535],[-105.587787,27.685225],[-105.59474,27.682263],[-105.607335,27.683716],[-105.62497,27.681861],[-105.635171,27.684678],[-105.636556,27.691621],[-105.653598,27.699727],[-105.65839,27.702814],[-105.705339,27.693345],[-105.744615,27.704533],[-105.744696,27.716131],[-105.745594,27.726414],[-105.745799,27.737972],[-105.752626,27.749158],[-105.766028,27.751345],[-105.789767,27.752518],[-105.866475,27.750224],[-105.867943,27.76022],[-105.838659,27.794317],[-105.828807,27.803673],[-105.823219,27.813505],[-105.81224,27.824009],[-105.801995,27.828036],[-105.790538,27.836142],[-105.783749,27.841137],[-105.780393,27.849908],[-105.776898,27.867469],[-105.773527,27.88499],[-105.761178,27.894945],[-105.772226,27.899304],[-105.776313,27.90651],[-105.739284,27.967657],[-105.727333,27.980253],[-105.714802,27.988263],[-105.696219,27.993591],[-105.670162,27.995937],[-105.652057,28.015461],[-105.559024,28.006953],[-105.551399,28.012633],[-105.483814,28.035549],[-105.423362,28.047232],[-105.413246,28.055527],[-105.406684,28.064366],[-105.401666,28.070478],[-105.393493,28.081672],[-105.382913,28.072877],[-105.371982,28.068549],[-105.362166,28.075634],[-105.362002,28.136432],[-105.362267,28.17758],[-105.347231,28.185862],[-105.357524,28.194321],[-105.354297,28.223496],[-105.356422,28.231858],[-105.354305,28.238327],[-105.357615,28.244738],[-105.351131,28.253417],[-105.346173,28.258072],[-105.334662,28.258605],[-105.323808,28.26568],[-105.318691,28.266441],[-105.312021,28.268615],[-105.313894,28.273705],[-105.315643,28.286003],[-105.325629,28.285353],[-105.325687,28.290324],[-105.316888,28.297765],[-105.311584,28.306232],[-105.30759,28.313907],[-105.300973,28.319767],[-105.293044,28.330643],[-105.279563,28.333827],[-105.270633,28.320056],[-105.261958,28.310177],[-105.246602,28.311003],[-105.191534,28.322144],[-105.18385,28.326758],[-105.177527,28.341973]]]}},{"type":"Feature","properties":{"municipio":"Temosachic","votes_jdch":928,"votes_shh":1821,"votes_pvem":55,"votes_mc":48,"votes_mxrep":42,"votes_pueblo":24,"votes_no_reg":0,"votes_pan":351,"votes_pri":372,"votes_prd":189,"votes_pt":39,"votes_morena":1782,"votes_nulos":253,"votes_total":3171,"lista_nominal":5223,"participacion_pct":60.71,"ganador_candidatura":"SHH","votos_ganador":1821,"segundo_lugar":"JDCH","margen_votos":893,"partido_mayor_votacion":"MOR","votos_partido_ganador":1782,"inegi_anio":2020,"inegi_disponible":true,"inegi_poblacion_total":5148,"inegi_poblacion_18ymas":3634,"inegi_poblacion_18a24":399,"inegi_escolaridad_promedio":7.01,"inegi_pea_pct":48.89,"inegi_ocupacion_pct":96.79,"inegi_afiliacion_salud_pct":87.26,"inegi_discapacidad_pct":5.94,"inegi_lengua_indigena_pct":8.01,"inegi_internet_pct":7.45,"inegi_agua_entubada_pct":96.41,"inegi_drenaje_pct":79.43,"ramo28_disponible":true,"ramo28_2025_pesos":32199469,"ramo28_estatus":"Integrado; diferencia estatal de $2","pmd_periodo":"2024-2027","pmd_url":"https://chihuahua.gob.mx/sites/default/atach2/periodico-oficial/anexos/2025-01/ANEXO 07-2025 ACUERDO N° 026-2025 PMD 2024-2027 TEMÓSACHIC.pdf","pmd_disponible":true,"pmd_estatus":"Documento oficial localizado"},"geometry":{"type":"Polygon","coordinates":[[[-107.787339,29.256052],[-107.783067,29.235821],[-107.781776,29.210793],[-107.764456,29.189334],[-107.752795,29.165241],[-107.752037,29.143667],[-107.717189,29.144391],[-107.696143,29.124675],[-107.669754,29.112154],[-107.632958,29.097382],[-107.588867,29.074155],[-107.571352,29.050938],[-107.574115,29.023329],[-107.566403,29.005907],[-107.537642,28.983485],[-107.526199,28.96995],[-107.564887,28.972472],[-107.593461,28.951891],[-107.629908,28.958278],[-107.635812,28.936581],[-107.667942,28.955914],[-107.705714,28.974957],[-107.734351,28.970409],[-107.751217,28.944189],[-107.779195,28.915751],[-107.785021,28.886967],[-107.819008,28.882778],[-107.840901,28.865655],[-107.853917,28.830887],[-107.875934,28.762037],[-107.888985,28.721143],[-107.886411,28.687727],[-107.875817,28.65786],[-107.876411,28.637768],[-107.850052,28.615224],[-107.855523,28.590459],[-107.858263,28.552223],[-107.874957,28.54237],[-107.870734,28.530704],[-107.866785,28.526157],[-107.880067,28.513596],[-107.857976,28.487438],[-107.838047,28.454923],[-107.855555,28.429515],[-107.895743,28.428302],[-107.926184,28.400582],[-107.916356,28.370457],[-107.947586,28.364148],[-107.97981,28.357894],[-107.998911,28.345697],[-108.022264,28.336953],[-108.047368,28.291836],[-108.075484,28.297982],[-108.112417,28.312228],[-108.13936,28.296604],[-108.162828,28.309311],[-108.175051,28.324494],[-108.210764,28.316099],[-108.226247,28.323495],[-108.242767,28.325313],[-108.265973,28.352521],[-108.305302,28.352188],[-108.349857,28.356506],[-108.376587,28.356771],[-108.404728,28.363889],[-108.389971,28.40008],[-108.429258,28.413009],[-108.456871,28.433669],[-108.474183,28.364814],[-108.507325,28.372983],[-108.520161,28.411041],[-108.531634,28.435244],[-108.549799,28.453014],[-108.57397,28.469761],[-108.573295,28.49332],[-108.569003,28.524068],[-108.570639,28.563674],[-108.559437,28.596446],[-108.55993,28.619643],[-108.555478,28.647381],[-108.53649,28.697416],[-108.52783,28.731361],[-108.492328,28.724781],[-108.451127,28.720682],[-108.392916,28.728167],[-108.347059,28.723255],[-108.347436,28.760384],[-108.37065,28.803296],[-108.355522,28.821007],[-108.323675,28.832218],[-108.303955,28.852627],[-108.273119,28.85391],[-108.227402,28.840928],[-108.195058,28.841307],[-108.163907,28.850585],[-108.149268,28.861842],[-108.153253,28.886095],[-108.166259,28.911909],[-108.130452,28.907556],[-108.105991,28.912889],[-108.089235,28.954134],[-108.060752,28.944838],[-108.027947,28.956161],[-108.001,28.965533],[-107.974773,28.971929],[-107.953298,28.962222],[-107.939667,28.947097],[-107.928906,28.979795],[-107.946273,29.023962],[-107.951262,29.05324],[-107.954976,29.079233],[-107.949613,29.097971],[-107.985235,29.117604],[-107.994423,29.13729],[-107.940667,29.14528],[-107.858244,29.12957],[-107.843143,29.120952],[-107.836937,29.147929],[-107.835328,29.169107],[-107.827219,29.193462],[-107.821718,29.214421],[-107.807211,29.239809],[-107.787339,29.256052]]]}},{"type":"Feature","properties":{"municipio":"Urique","votes_jdch":3349,"votes_shh":4440,"votes_pvem":154,"votes_mc":106,"votes_mxrep":30,"votes_pueblo":68,"votes_no_reg":17,"votes_pan":2680,"votes_pri":502,"votes_prd":145,"votes_pt":260,"votes_morena":4180,"votes_nulos":626,"votes_total":8790,"lista_nominal":14047,"participacion_pct":62.58,"ganador_candidatura":"SHH","votos_ganador":4440,"segundo_lugar":"JDCH","margen_votos":1091,"partido_mayor_votacion":"MOR","votos_partido_ganador":4180,"inegi_anio":2020,"inegi_disponible":true,"inegi_poblacion_total":14367,"inegi_poblacion_18ymas":8728,"inegi_poblacion_18a24":1455,"inegi_escolaridad_promedio":5.8,"inegi_pea_pct":37.38,"inegi_ocupacion_pct":79.68,"inegi_afiliacion_salud_pct":82.32,"inegi_discapacidad_pct":5.05,"inegi_lengua_indigena_pct":56.37,"inegi_internet_pct":4.49,"inegi_agua_entubada_pct":86.15,"inegi_drenaje_pct":53.11,"ramo28_disponible":true,"ramo28_2025_pesos":62061321,"ramo28_estatus":"Integrado; diferencia estatal de $2","pmd_periodo":"2024-2027","pmd_url":"https://chihuahua.gob.mx/sites/default/atach2/periodico-oficial/anexos/2025-01/ANEXO 06-2025 ACUERDO N° 016-2025 PMD 2024-2027 URIQUE.pdf","pmd_disponible":true,"pmd_estatus":"Documento oficial localizado"},"geometry":{"type":"Polygon","coordinates":[[[-107.858621,27.648676],[-107.831416,27.626714],[-107.819159,27.605813],[-107.783078,27.549124],[-107.775649,27.518649],[-107.785826,27.506723],[-107.796849,27.491902],[-107.798975,27.47397],[-107.812192,27.455259],[-107.828207,27.430672],[-107.840326,27.415763],[-107.832841,27.399102],[-107.828931,27.382593],[-107.840212,27.372891],[-107.859269,27.366383],[-107.867244,27.36082],[-107.863231,27.348361],[-107.846499,27.329337],[-107.835515,27.301948],[-107.811294,27.308138],[-107.793058,27.305385],[-107.767059,27.300833],[-107.757649,27.289459],[-107.738333,27.291988],[-107.728417,27.276812],[-107.716163,27.260981],[-107.709559,27.211349],[-107.726915,27.183613],[-107.725451,27.153825],[-107.755608,27.129762],[-107.80945,27.139875],[-107.864807,27.1531],[-107.876943,27.133286],[-107.866359,27.103556],[-107.871655,27.067924],[-107.871479,27.036145],[-107.860994,27.012893],[-107.890073,26.986505],[-107.903548,26.95838],[-107.913192,26.946391],[-107.940996,26.945266],[-107.959107,26.916613],[-108.001751,26.915349],[-108.021345,26.883214],[-108.044431,26.901064],[-108.058948,26.902266],[-108.079675,26.893733],[-108.168035,26.883761],[-108.179641,26.886635],[-108.185753,26.895409],[-108.201107,26.901805],[-108.225808,26.921765],[-108.23414,26.96202],[-108.246542,26.985415],[-108.246194,27.008037],[-108.235161,27.047545],[-108.197954,27.070564],[-108.180281,27.079631],[-108.130646,27.111927],[-108.095401,27.131364],[-108.091519,27.16465],[-108.091866,27.197267],[-108.108828,27.209644],[-108.146604,27.22728],[-108.170247,27.258111],[-108.181389,27.2851],[-108.167841,27.317323],[-108.158466,27.356147],[-108.119452,27.34729],[-108.072511,27.366982],[-108.075047,27.400745],[-108.046972,27.424484],[-108.031358,27.440126],[-108.042947,27.491895],[-108.06767,27.536542],[-108.030502,27.51767],[-107.995909,27.535597],[-107.976822,27.524669],[-107.970618,27.560717],[-108.029252,27.60496],[-107.97787,27.598155],[-107.957895,27.623823],[-107.934851,27.605557],[-107.90541,27.596527],[-107.881043,27.588626],[-107.883093,27.613608],[-107.891538,27.62731],[-107.858621,27.648676]]]}},{"type":"Feature","properties":{"municipio":"Uruachi","votes_jdch":1392,"votes_shh":1498,"votes_pvem":69,"votes_mc":37,"votes_mxrep":10,"votes_pueblo":22,"votes_no_reg":0,"votes_pan":130,"votes_pri":1229,"votes_prd":18,"votes_pt":57,"votes_morena":1441,"votes_nulos":280,"votes_total":3308,"lista_nominal":5021,"participacion_pct":65.88,"ganador_candidatura":"SHH","votos_ganador":1498,"segundo_lugar":"JDCH","margen_votos":106,"partido_mayor_votacion":"MOR","votos_partido_ganador":1441,"inegi_anio":2020,"inegi_disponible":true,"inegi_poblacion_total":5078,"inegi_poblacion_18ymas":3260,"inegi_poblacion_18a24":479,"inegi_escolaridad_promedio":6.24,"inegi_pea_pct":27.82,"inegi_ocupacion_pct":89.62,"inegi_afiliacion_salud_pct":87.1,"inegi_discapacidad_pct":5.26,"inegi_lengua_indigena_pct":15.27,"inegi_internet_pct":0.4,"inegi_agua_entubada_pct":87.3,"inegi_drenaje_pct":44.29,"ramo28_disponible":true,"ramo28_2025_pesos":39019343,"ramo28_estatus":"Integrado; diferencia estatal de $2","pmd_periodo":"2024-2027","pmd_url":"https://chihuahua.gob.mx/sites/default/atach2/periodico-oficial/anexos/2025-01/ANEXO 09-2025 ACUERDO N° 052-2025 PMD 2024-2027 URUACHI.pdf","pmd_disponible":true,"pmd_estatus":"Documento oficial localizado"},"geometry":{"type":"Polygon","coordinates":[[[-108.195469,28.043645],[-108.156007,28.041181],[-108.12996,28.013497],[-108.10235,27.982088],[-108.092832,27.966451],[-108.096455,27.945335],[-108.116406,27.921079],[-108.114675,27.875148],[-108.0913,27.833262],[-108.074229,27.811149],[-108.074997,27.790764],[-108.128216,27.797442],[-108.15392,27.78081],[-108.183537,27.769167],[-108.189194,27.760677],[-108.282198,27.756694],[-108.271905,27.741266],[-108.331854,27.750558],[-108.356642,27.721704],[-108.408518,27.696706],[-108.424489,27.669338],[-108.428694,27.693686],[-108.439901,27.729701],[-108.445856,27.762628],[-108.477939,27.766335],[-108.511965,27.77514],[-108.551444,27.790818],[-108.636916,27.772045],[-108.624421,27.752271],[-108.617406,27.7259],[-108.635386,27.717832],[-108.645878,27.699933],[-108.666631,27.672981],[-108.669574,27.641779],[-108.717144,27.632597],[-108.733909,27.657855],[-108.75166,27.685487],[-108.778162,27.702998],[-108.80368,27.720087],[-108.825752,27.731099],[-108.840591,27.718161],[-108.849514,27.72391],[-108.875368,27.72179],[-108.890524,27.739684],[-108.874647,27.763809],[-108.86903,27.779542],[-108.885957,27.790602],[-108.906688,27.804557],[-108.890625,27.875132],[-108.901388,27.899041],[-108.889617,27.913877],[-108.871773,27.926382],[-108.853289,27.924045],[-108.838134,27.903848],[-108.817552,27.889662],[-108.796598,27.889409],[-108.799807,27.899752],[-108.808014,27.911134],[-108.787835,27.91444],[-108.776384,27.917347],[-108.756799,27.91741],[-108.747342,27.920383],[-108.733331,27.915674],[-108.725836,27.914483],[-108.717487,27.931132],[-108.704475,27.942338],[-108.689333,27.952895],[-108.664369,27.952402],[-108.661457,27.96337],[-108.641464,27.960351],[-108.625022,27.964938],[-108.616005,27.978185],[-108.605613,27.991606],[-108.590647,27.993857],[-108.578875,27.988704],[-108.565844,28.000479],[-108.550556,28.011189],[-108.543731,28.017866],[-108.526149,28.022034],[-108.509982,28.033325],[-108.49029,28.04057],[-108.474283,28.037588],[-108.466483,28.049659],[-108.453239,28.049315],[-108.427713,28.040922],[-108.399011,28.035401],[-108.392645,28.006634],[-108.37144,27.983124],[-108.344335,27.981963],[-108.281951,27.951452],[-108.261772,27.986679],[-108.222929,28.014144],[-108.213399,28.038065],[-108.195469,28.043645]]]}},{"type":"Feature","properties":{"municipio":"Valle De Zaragoza","votes_jdch":678,"votes_shh":405,"votes_pvem":28,"votes_mc":646,"votes_mxrep":7,"votes_pueblo":497,"votes_no_reg":0,"votes_pan":219,"votes_pri":364,"votes_prd":83,"votes_pt":134,"votes_morena":271,"votes_nulos":168,"votes_total":2429,"lista_nominal":4298,"participacion_pct":56.51,"ganador_candidatura":"JDCH","votos_ganador":678,"segundo_lugar":"MC","margen_votos":32,"partido_mayor_votacion":"MC","votos_partido_ganador":646,"inegi_anio":2020,"inegi_disponible":true,"inegi_poblacion_total":4778,"inegi_poblacion_18ymas":3431,"inegi_poblacion_18a24":414,"inegi_escolaridad_promedio":7.12,"inegi_pea_pct":54.08,"inegi_ocupacion_pct":95.53,"inegi_afiliacion_salud_pct":88.13,"inegi_discapacidad_pct":7.1,"inegi_lengua_indigena_pct":1.42,"inegi_internet_pct":18.33,"inegi_agua_entubada_pct":98.86,"inegi_drenaje_pct":97.18,"ramo28_disponible":true,"ramo28_2025_pesos":31374424,"ramo28_estatus":"Integrado; diferencia estatal de $2","pmd_periodo":"2024-2027","pmd_url":"https://chihuahua.gob.mx/sites/default/atach2/periodico-oficial/anexos/2025-01/ANEXO 09-2025 ACUERDO N° 053-2025 PMD 2024-2027 VALLE DE ZARAGOZA.pdf","pmd_disponible":true,"pmd_estatus":"Documento oficial localizado"},"geometry":{"type":"Polygon","coordinates":[[[-105.683857,27.716194],[-105.6537,27.701998],[-105.638319,27.694503],[-105.63764,27.688183],[-105.631865,27.684551],[-105.614289,27.680588],[-105.596671,27.680832],[-105.589651,27.684207],[-105.580435,27.677936],[-105.594818,27.660847],[-105.612246,27.649543],[-105.614813,27.637998],[-105.606393,27.628513],[-105.601457,27.614941],[-105.602567,27.6015],[-105.591695,27.593356],[-105.570447,27.576896],[-105.548129,27.572963],[-105.528766,27.567766],[-105.506942,27.563409],[-105.492694,27.561496],[-105.481924,27.555381],[-105.476965,27.554737],[-105.472691,27.549595],[-105.464001,27.551529],[-105.462693,27.545564],[-105.452398,27.532679],[-105.4414,27.533315],[-105.425125,27.526844],[-105.419273,27.512772],[-105.427945,27.503777],[-105.427026,27.488682],[-105.419974,27.498669],[-105.414582,27.492143],[-105.41826,27.478938],[-105.40905,27.473363],[-105.404113,27.463248],[-105.399399,27.450912],[-105.403239,27.440941],[-105.410285,27.430623],[-105.410359,27.41561],[-105.420069,27.411499],[-105.415821,27.396674],[-105.423331,27.38403],[-105.427881,27.371899],[-105.437384,27.360986],[-105.427927,27.355883],[-105.425869,27.347607],[-105.438072,27.337737],[-105.463897,27.332444],[-105.489524,27.309643],[-105.514536,27.310048],[-105.53474,27.305082],[-105.562446,27.288132],[-105.579921,27.262196],[-105.584816,27.244254],[-105.606626,27.254557],[-105.624216,27.240909],[-105.64694,27.24436],[-105.664273,27.233694],[-105.681194,27.224228],[-105.695868,27.240481],[-105.726751,27.267162],[-105.735999,27.231398],[-105.753465,27.224673],[-105.778892,27.247578],[-105.799386,27.264874],[-105.828083,27.265214],[-105.849261,27.263505],[-105.87036,27.274181],[-105.884592,27.291814],[-105.907589,27.31272],[-105.92571,27.315056],[-105.944088,27.313774],[-105.942065,27.296596],[-105.93343,27.29373],[-105.931795,27.282168],[-105.934849,27.272989],[-105.945739,27.248254],[-105.926934,27.262602],[-105.911373,27.248022],[-105.922462,27.21546],[-105.941854,27.230426],[-105.955403,27.231865],[-105.981538,27.239203],[-106.017579,27.232209],[-106.058094,27.256736],[-106.105193,27.266932],[-106.118654,27.277796],[-106.119299,27.29077],[-106.122382,27.301905],[-106.126773,27.319477],[-106.116077,27.330807],[-106.086519,27.339641],[-106.049666,27.35338],[-106.060522,27.381096],[-106.074926,27.40256],[-106.095482,27.391072],[-106.100948,27.405825],[-106.111551,27.417354],[-106.135808,27.406533],[-106.152919,27.416144],[-106.180263,27.426328],[-106.196986,27.433953],[-106.201357,27.479628],[-106.189338,27.533391],[-106.111479,27.553789],[-106.127076,27.58231],[-106.159452,27.619881],[-106.138736,27.682901],[-106.094948,27.685821],[-106.058299,27.692428],[-106.017092,27.677957],[-105.982111,27.680223],[-105.9514,27.666728],[-105.913636,27.667832],[-105.872166,27.670034],[-105.846194,27.660325],[-105.81641,27.671238],[-105.786778,27.671902],[-105.761751,27.695002],[-105.687634,27.712298],[-105.683857,27.716194]]]}}]}