{"type":"FeatureCollection","metadata":{"source":"Resultados 2023-2024 Diputados Locales.xlsx","source_sheet":"DIP LOCAL","geography":"Cartografía electoral publicada por INE/IEE Chihuahua; geometrías simplificadas para visualización GIS.","candidate_categories":{"JDCH":"Juntos Defendamos a Chihuahua","SHH":"Sigamos Haciendo Historia en Chihuahua"},"note":"Las columnas de partido son marcas individuales y no deben sumarse a las columnas de candidatura/alianza.","inegi_source":"INEGI, Estadísticas Censales a Escalas Geoelectorales 2020 (Censo de Población y Vivienda 2020).","ramo28_source":"avance_participaciones_municipales_2025.xlsx, hoja Municipios; pagos de Ramo 28 acumulados 2025.","pmd_source":"Periódico Oficial del Estado de Chihuahua; consulta de PMD 2024-2027 publicada entre diciembre de 2024 y mayo de 2025."},"features":[{"type":"Feature","properties":{"district":22,"votes_jdch":28200,"votes_shh":24561,"votes_pvem":5878,"votes_mc":3136,"votes_mxrep":229,"votes_pueblo":576,"votes_no_reg":28,"votes_pan":6866,"votes_pri":20306,"votes_prd":798,"votes_pt":1688,"votes_morena":22873,"votes_nulos":6782,"votes_total":69390,"lista_nominal":121118,"participacion_pct":57.29,"ganador_candidatura":"JDCH","votos_ganador":28200,"segundo_lugar":"SHH","margen_votos":3639,"partido_mayor_votacion":"MOR","votos_partido_ganador":22873,"inegi_anio":2020,"inegi_disponible":true,"inegi_poblacion_total":160823,"inegi_poblacion_18ymas":95570,"inegi_poblacion_18a24":17561,"inegi_escolaridad_promedio":5.9,"inegi_pea_pct":55.29,"inegi_ocupacion_pct":95.16,"inegi_afiliacion_salud_pct":84.08,"inegi_discapacidad_pct":4.23,"inegi_lengua_indigena_pct":59.28,"inegi_internet_pct":8.72,"inegi_agua_entubada_pct":79.8,"inegi_drenaje_pct":51.88},"geometry":{"type":"Polygon","coordinates":[[[-107.750161,26.183629],[-107.767113,26.194153],[-107.77729,26.197802],[-107.789047,26.199296],[-107.804306,26.209971],[-107.798213,26.229748],[-107.782543,26.245882],[-107.774779,26.247079],[-107.824975,26.265026],[-107.885333,26.319128],[-107.908756,26.314768],[-107.930226,26.340614],[-107.932163,26.357942],[-107.937137,26.370041],[-107.93519,26.391427],[-107.934216,26.402162],[-107.947451,26.415554],[-107.955345,26.427085],[-107.957045,26.435003],[-107.954616,26.446978],[-107.955952,26.453646],[-107.956681,26.461642],[-107.947083,26.466669],[-107.945867,26.472574],[-107.946353,26.489061],[-107.952672,26.499584],[-107.958629,26.516765],[-108.013558,26.536987],[-108.010986,26.586522],[-108.012068,26.589997],[-108.01855,26.593823],[-108.025284,26.596575],[-108.032375,26.601146],[-108.034281,26.610411],[-108.036203,26.617195],[-108.044539,26.619373],[-108.050016,26.627244],[-108.055427,26.625857],[-108.062777,26.628774],[-108.070274,26.627558],[-108.075415,26.630302],[-108.078067,26.638741],[-108.077656,26.646014],[-108.066344,26.648292],[-108.055631,26.652969],[-108.021951,26.678245],[-108.010276,26.693175],[-108.00542,26.712965],[-108.005794,26.725287],[-108.007385,26.735867],[-108.03002,26.801913],[-108.039769,26.898569],[-108.049229,26.901492],[-108.060174,26.903179],[-108.074851,26.897851],[-108.082279,26.890269],[-108.168958,26.883996],[-108.177698,26.881176],[-108.180709,26.895067],[-108.186741,26.894667],[-108.195578,26.899727],[-108.205403,26.90421],[-108.227901,26.923573],[-108.237252,26.950036],[-108.223995,26.966354],[-108.249002,26.986891],[-108.263548,26.999707],[-108.246198,27.028016],[-108.256915,27.035641],[-108.274605,27.02354],[-108.289092,27.031633],[-108.295025,27.023262],[-108.304561,27.029546],[-108.315592,27.043909],[-108.32501,27.052609],[-108.331952,27.04175],[-108.342697,27.033497],[-108.351927,27.036728],[-108.361001,27.051197],[-108.377694,27.053382],[-108.385472,27.047768],[-108.384251,27.043719],[-108.38094,27.038428],[-108.385398,27.030168],[-108.395024,27.024059],[-108.405994,27.021586],[-108.407244,27.014398],[-108.404544,27.010596],[-108.414542,27.009045],[-108.426441,27.019224],[-108.443899,27.024196],[-108.457633,27.023605],[-108.469417,27.034947],[-108.478311,27.02855],[-108.481446,27.044536],[-108.483238,27.067116],[-108.479209,27.088152],[-108.494604,27.103635],[-108.498123,27.121868],[-108.499661,27.139864],[-108.495876,27.159232],[-108.483633,27.167154],[-108.48592,27.187563],[-108.473807,27.198819],[-108.47596,27.21581],[-108.454537,27.223878],[-108.434613,27.238519],[-108.412645,27.227659],[-108.39506,27.237193],[-108.379729,27.259718],[-108.366481,27.271223],[-108.351499,27.285661],[-108.344286,27.292325],[-108.3405,27.302485],[-108.347149,27.319576],[-108.355584,27.329971],[-108.361632,27.344979],[-108.36602,27.384084],[-108.378901,27.383009],[-108.385381,27.404221],[-108.402195,27.402571],[-108.41368,27.40321],[-108.422698,27.419977],[-108.433488,27.431371],[-108.44126,27.450446],[-108.438893,27.4703],[-108.456764,27.477836],[-108.467695,27.524073],[-108.441281,27.516912],[-108.425878,27.526355],[-108.417089,27.544356],[-108.399466,27.55213],[-108.413518,27.559071],[-108.424169,27.574603],[-108.43276,27.584494],[-108.432045,27.597982],[-108.419511,27.602887],[-108.405492,27.607453],[-108.397948,27.62339],[-108.413266,27.627771],[-108.411912,27.643739],[-108.387641,27.644279],[-108.387864,27.664146],[-108.383301,27.678194],[-108.370174,27.686279],[-108.342196,27.692215],[-108.348282,27.706071],[-108.334087,27.715182],[-108.31499,27.717146],[-108.313907,27.728564],[-108.308569,27.714462],[-108.299141,27.70075],[-108.280886,27.706025],[-108.295633,27.720596],[-108.281446,27.727882],[-108.27271,27.742108],[-108.282488,27.751563],[-108.241482,27.74925],[-108.192376,27.765168],[-108.185617,27.772161],[-108.153824,27.764832],[-108.151406,27.784436],[-108.132791,27.798881],[-108.09879,27.788461],[-108.075975,27.788212],[-108.062152,27.770356],[-108.039674,27.753028],[-108.019924,27.735274],[-108.013179,27.720095],[-108.0298,27.701865],[-108.021268,27.673216],[-108.000948,27.672801],[-107.986845,27.661019],[-107.973686,27.646848],[-107.958181,27.623992],[-107.948124,27.619814],[-107.92406,27.593427],[-107.907259,27.595041],[-107.889786,27.588111],[-107.87946,27.596768],[-107.882347,27.612131],[-107.892272,27.624842],[-107.891144,27.630045],[-107.865151,27.647231],[-107.837993,27.631298],[-107.822633,27.624043],[-107.820918,27.609931],[-107.801396,27.574041],[-107.772132,27.536302],[-107.75499,27.532009],[-107.747782,27.546651],[-107.742536,27.559057],[-107.733471,27.573291],[-107.721657,27.580592],[-107.703206,27.594848],[-107.691755,27.601506],[-107.682557,27.615964],[-107.668888,27.628417],[-107.653638,27.63974],[-107.639365,27.653236],[-107.629651,27.664657],[-107.617829,27.674594],[-107.60301,27.676192],[-107.600341,27.689746],[-107.587626,27.693073],[-107.586289,27.699519],[-107.571722,27.704005],[-107.555379,27.694529],[-107.557935,27.682381],[-107.540733,27.6734],[-107.529998,27.677794],[-107.517551,27.689128],[-107.505849,27.702196],[-107.484208,27.696766],[-107.469483,27.688683],[-107.452063,27.690184],[-107.437825,27.677636],[-107.432228,27.659958],[-107.429984,27.649879],[-107.422914,27.63501],[-107.417829,27.623859],[-107.406464,27.622459],[-107.400033,27.616843],[-107.395835,27.617257],[-107.387559,27.616268],[-107.385444,27.606271],[-107.377787,27.606024],[-107.370876,27.608587],[-107.36829,27.613462],[-107.358902,27.611727],[-107.349876,27.602638],[-107.341338,27.60529],[-107.335358,27.609556],[-107.330322,27.605962],[-107.325375,27.605075],[-107.322619,27.596176],[-107.321413,27.603359],[-107.320214,27.614448],[-107.321856,27.632462],[-107.301265,27.635106],[-107.315533,27.666236],[-107.313971,27.685962],[-107.294465,27.680799],[-107.277319,27.684599],[-107.271767,27.694304],[-107.290382,27.706076],[-107.270721,27.724499],[-107.241968,27.765605],[-107.25037,27.772863],[-107.260788,27.782327],[-107.285577,27.791812],[-107.295906,27.803336],[-107.291044,27.817983],[-107.288227,27.836979],[-107.283956,27.858217],[-107.295321,27.880617],[-107.314534,27.888585],[-107.318307,27.900339],[-107.336928,27.917875],[-107.348221,27.918334],[-107.365147,27.906279],[-107.379243,27.911571],[-107.405262,27.925719],[-107.401451,27.943408],[-107.424671,27.960222],[-107.450093,27.959607],[-107.436598,27.976499],[-107.461145,28.012752],[-107.460017,28.034617],[-107.445068,28.03432],[-107.424944,28.03295],[-107.41337,28.028847],[-107.389564,28.014277],[-107.366051,28.009597],[-107.357354,28.004744],[-107.342964,28.006449],[-107.323219,28.017969],[-107.308795,28.02322],[-107.299817,28.016271],[-107.283443,28.018816],[-107.267897,28.013578],[-107.253,28.013873],[-107.235009,28.016095],[-107.235086,28.031972],[-107.218564,28.030458],[-107.232707,28.053494],[-107.230889,28.062854],[-107.220448,28.071149],[-107.217964,28.087528],[-107.206724,28.094115],[-107.184034,28.110685],[-107.172661,28.12652],[-107.158177,28.140117],[-107.077459,28.083396],[-107.062468,28.073141],[-107.036656,28.075009],[-107.017635,28.078211],[-107.009219,28.096185],[-106.990505,28.08982],[-106.964179,28.081802],[-106.956176,28.034336],[-106.95298,28.016215],[-106.942269,28.002688],[-106.93098,27.981988],[-106.92488,27.969662],[-106.922706,27.953347],[-106.913075,27.93585],[-106.909603,27.92507],[-106.905803,27.9072],[-106.914328,27.893445],[-106.903088,27.875546],[-106.881689,27.857884],[-106.888627,27.835234],[-106.910406,27.821136],[-106.91379,27.791747],[-106.895937,27.779587],[-106.889591,27.765857],[-106.876336,27.754486],[-106.864282,27.739394],[-106.84103,27.742193],[-106.823474,27.756912],[-106.818572,27.73822],[-106.812357,27.724073],[-106.800547,27.707406],[-106.786583,27.685471],[-106.779074,27.664808],[-106.789737,27.644482],[-106.759662,27.638677],[-106.745285,27.626721],[-106.721511,27.610296],[-106.688456,27.601718],[-106.671998,27.589367],[-106.645434,27.595093],[-106.641444,27.615406],[-106.637896,27.637384],[-106.616626,27.643746],[-106.595268,27.637369],[-106.565205,27.64348],[-106.553359,27.653319],[-106.529435,27.645868],[-106.506188,27.640499],[-106.512296,27.631907],[-106.536906,27.610689],[-106.515726,27.595456],[-106.515381,27.568325],[-106.529493,27.549623],[-106.526417,27.530187],[-106.518525,27.51417],[-106.507354,27.50757],[-106.506721,27.504244],[-106.486956,27.488136],[-106.453642,27.474033],[-106.429567,27.461348],[-106.401989,27.442684],[-106.384121,27.42248],[-106.369726,27.391335],[-106.386853,27.378648],[-106.414695,27.370696],[-106.429267,27.349206],[-106.471681,27.356137],[-106.498333,27.358589],[-106.512173,27.361511],[-106.544627,27.351929],[-106.519017,27.335741],[-106.549752,27.3123],[-106.577057,27.297108],[-106.566394,27.286886],[-106.542665,27.266455],[-106.552866,27.254753],[-106.592608,27.247848],[-106.584306,27.239181],[-106.553546,27.230131],[-106.536915,27.221474],[-106.572162,27.213869],[-106.593814,27.200915],[-106.604708,27.1865],[-106.615463,27.172113],[-106.609664,27.167803],[-106.59525,27.167841],[-106.583156,27.17508],[-106.571194,27.179011],[-106.534744,27.172271],[-106.514035,27.175339],[-106.504803,27.172741],[-106.49805,27.1661],[-106.500438,27.15263],[-106.495935,27.136983],[-106.490122,27.126375],[-106.473509,27.061378],[-106.43032,27.077942],[-106.41333,27.07631],[-106.403602,27.07475],[-106.391668,27.076376],[-106.383406,27.070387],[-106.38104,27.060296],[-106.368849,27.057246],[-106.347159,27.058286],[-106.34767,27.051887],[-106.349734,27.040633],[-106.33403,27.017225],[-106.318748,27.00361],[-106.314612,26.999924],[-106.309519,26.995385],[-106.298442,26.986224],[-106.283085,26.960953],[-106.274034,26.953385],[-106.267133,26.943541],[-106.263306,26.933944],[-106.255311,26.930635],[-106.250996,26.922196],[-106.247906,26.910944],[-106.248753,26.901843],[-106.243704,26.894231],[-106.234975,26.8915],[-106.227481,26.892658],[-106.208431,26.890254],[-106.20118,26.889673],[-106.194577,26.891625],[-106.187789,26.893557],[-106.181512,26.881805],[-106.17536,26.871873],[-106.161776,26.861213],[-106.157285,26.851178],[-106.154824,26.844474],[-106.147819,26.83785],[-106.141699,26.838926],[-106.136191,26.839874],[-106.130156,26.840955],[-106.120916,26.840403],[-106.115599,26.83709],[-106.106363,26.833792],[-106.066755,26.811952],[-106.094291,26.769852],[-106.096637,26.772583],[-106.103522,26.773403],[-106.111776,26.778528],[-106.114744,26.783081],[-106.119539,26.783488],[-106.12456,26.779091],[-106.131316,26.778336],[-106.136964,26.777002],[-106.143347,26.775252],[-106.147881,26.772263],[-106.155615,26.770345],[-106.160294,26.772492],[-106.164604,26.774473],[-106.169889,26.774712],[-106.176397,26.773375],[-106.184119,26.769136],[-106.181035,26.766408],[-106.179548,26.763843],[-106.178058,26.760449],[-106.174724,26.75681],[-106.171751,26.751513],[-106.17185,26.746211],[-106.169749,26.743315],[-106.167884,26.738348],[-106.169326,26.731221],[-106.173474,26.724835],[-106.122919,26.708097],[-106.127918,26.699226],[-106.130382,26.701045],[-106.133086,26.701538],[-106.133568,26.699218],[-106.131728,26.699883],[-106.132089,26.698143],[-106.134175,26.697643],[-106.1359,26.699049],[-106.138242,26.701033],[-106.140217,26.703267],[-106.141208,26.705337],[-106.143425,26.706907],[-106.147605,26.707812],[-106.152145,26.706728],[-106.154596,26.705565],[-106.157043,26.703324],[-106.159369,26.701663],[-106.16196,26.704393],[-106.166758,26.706207],[-106.170935,26.704239],[-106.177433,26.698285],[-106.187,26.697215],[-106.184419,26.690511],[-106.184883,26.683733],[-106.188673,26.680065],[-106.19234,26.67648],[-106.200313,26.676023],[-106.2057,26.673091],[-106.217436,26.662663],[-106.220321,26.648303],[-106.219784,26.637029],[-106.224523,26.62639],[-106.228516,26.613433],[-106.234134,26.607847],[-106.236427,26.599294],[-106.235162,26.589931],[-106.232429,26.58149],[-106.231287,26.57221],[-106.233954,26.565064],[-106.233412,26.552879],[-106.237055,26.544816],[-106.254905,26.507288],[-106.248066,26.483397],[-106.244476,26.47438],[-106.240049,26.441156],[-106.242097,26.433102],[-106.247988,26.436385],[-106.254976,26.438583],[-106.262206,26.439951],[-106.266744,26.441583],[-106.27126,26.40621],[-106.286741,26.401323],[-106.292076,26.399436],[-106.300138,26.396076],[-106.292395,26.373924],[-106.27457,26.367393],[-106.25969,26.3587],[-106.280374,26.337256],[-106.300779,26.335863],[-106.311172,26.349126],[-106.391451,26.251512],[-106.391034,26.242145],[-106.39589,26.236143],[-106.400781,26.236525],[-106.406528,26.236901],[-106.410314,26.236461],[-106.417412,26.237988],[-106.423174,26.241099],[-106.442598,26.260449],[-106.451948,26.270415],[-106.489018,26.279024],[-106.48437,26.276055],[-106.468103,26.264589],[-106.465158,26.256493],[-106.457324,26.246253],[-106.450588,26.233945],[-106.448618,26.22378],[-106.44665,26.214689],[-106.446268,26.204274],[-106.440277,26.198247],[-106.431723,26.19214],[-106.431098,26.181394],[-106.422023,26.1627],[-106.429538,26.146475],[-106.431971,26.13454],[-106.453793,26.086953],[-106.442628,26.067217],[-106.453057,26.059953],[-106.458046,26.044134],[-106.457999,26.023349],[-106.475347,26.001592],[-106.463808,25.989602],[-106.463,25.980822],[-106.474142,25.97295],[-106.478777,25.953401],[-106.504162,25.947165],[-106.515931,25.935494],[-106.52307,25.923471],[-106.529514,25.90525],[-106.529988,25.887084],[-106.53275,25.873388],[-106.541355,25.859636],[-106.534584,25.85176],[-106.525411,25.858489],[-106.511987,25.863463],[-106.502312,25.852846],[-106.498532,25.834412],[-106.487376,25.827502],[-106.498909,25.813189],[-106.503238,25.802061],[-106.509768,25.789292],[-106.514235,25.775274],[-106.51044,25.7594],[-106.520229,25.746107],[-106.534069,25.721418],[-106.530327,25.702532],[-106.513894,25.686982],[-106.52114,25.670629],[-106.535525,25.665027],[-106.549437,25.661792],[-106.556917,25.652734],[-106.56901,25.645849],[-106.570223,25.645108],[-106.571062,25.644539],[-106.571251,25.644411],[-106.5742,25.642561],[-106.575793,25.640877],[-106.576182,25.640466],[-106.581821,25.635517],[-106.589882,25.627116],[-106.590745,25.626168],[-106.591123,25.625754],[-106.591593,25.625239],[-106.59215,25.624627],[-106.593633,25.623059],[-106.594351,25.622309],[-106.598911,25.616939],[-106.599743,25.615923],[-106.605271,25.608873],[-106.608073,25.603033],[-106.610158,25.601044],[-106.613551,25.593684],[-106.614146,25.58878],[-106.61568,25.580834],[-106.618683,25.58185],[-106.626316,25.582608],[-106.635201,25.57526],[-106.641444,25.566064],[-106.643179,25.561129],[-106.651371,25.56064],[-106.660071,25.566061],[-106.673546,25.567352],[-106.679561,25.579183],[-106.682784,25.590922],[-106.702112,25.588102],[-106.709189,25.594403],[-106.714612,25.590706],[-106.728141,25.580678],[-106.739086,25.577659],[-106.744396,25.585687],[-106.751401,25.594958],[-106.756349,25.602819],[-106.766737,25.600977],[-106.773083,25.592425],[-106.773553,25.584219],[-106.775554,25.575255],[-106.780064,25.567433],[-106.78767,25.563432],[-106.793584,25.5681],[-106.800462,25.572668],[-106.807869,25.575863],[-106.812238,25.580783],[-106.818368,25.58175],[-106.826437,25.581733],[-106.827043,25.586343],[-106.831276,25.599427],[-106.838768,25.606785],[-106.902123,25.645075],[-106.909177,25.642861],[-106.918659,25.641808],[-106.929834,25.643399],[-106.939537,25.650189],[-106.94781,25.646654],[-106.959721,25.645891],[-106.968884,25.66812],[-106.970509,25.686638],[-106.98786,25.699079],[-107.002112,25.703156],[-107.023029,25.720773],[-107.028317,25.747443],[-107.018976,25.77536],[-107.032957,25.798365],[-107.047766,25.822198],[-107.069534,25.84409],[-107.118394,25.858599],[-107.112258,25.837359],[-107.133292,25.823452],[-107.149493,25.840639],[-107.151345,25.855154],[-107.154595,25.864485],[-107.148728,25.873785],[-107.152476,25.879654],[-107.163983,25.892476],[-107.167591,25.904529],[-107.178986,25.915205],[-107.18715,25.90987],[-107.19651,25.910971],[-107.204017,25.921715],[-107.204478,25.930294],[-107.21288,25.926524],[-107.23244,25.93359],[-107.24312,25.941949],[-107.250283,25.947082],[-107.265861,25.943411],[-107.271833,25.938147],[-107.280449,25.946416],[-107.285713,25.958263],[-107.280293,25.989728],[-107.292628,25.994608],[-107.298829,25.996684],[-107.293824,26.004177],[-107.300133,26.012933],[-107.292936,26.020916],[-107.295115,26.026653],[-107.302773,26.031082],[-107.311539,26.029782],[-107.320534,26.035821],[-107.324657,26.044077],[-107.353247,26.053864],[-107.356514,26.066405],[-107.355394,26.081329],[-107.366599,26.0797],[-107.385713,26.080804],[-107.40141,26.089405],[-107.493211,26.109717],[-107.509651,26.109565],[-107.521953,26.090938],[-107.522198,26.078487],[-107.516478,26.070072],[-107.531696,26.062496],[-107.542408,26.056731],[-107.557381,26.07158],[-107.560423,26.061522],[-107.57162,26.056001],[-107.582698,26.059468],[-107.588059,26.073157],[-107.600722,26.078189],[-107.611194,26.082477],[-107.616429,26.08223],[-107.622275,26.085446],[-107.630315,26.091876],[-107.640909,26.094184],[-107.644082,26.102841],[-107.638726,26.104573],[-107.649444,26.107127],[-107.657856,26.116689],[-107.66444,26.12485],[-107.669325,26.136638],[-107.673227,26.140264],[-107.690998,26.131928],[-107.691377,26.141987],[-107.686395,26.150894],[-107.68884,26.157489],[-107.696768,26.164822],[-107.696714,26.169769],[-107.707586,26.173577],[-107.717318,26.16591],[-107.730418,26.169691],[-107.747016,26.18036],[-107.750161,26.183629]]]}},{"type":"Feature","properties":{"district":11,"votes_jdch":34453,"votes_shh":24787,"votes_pvem":4252,"votes_mc":5971,"votes_mxrep":1631,"votes_pueblo":1749,"votes_no_reg":34,"votes_pan":20230,"votes_pri":11818,"votes_prd":2106,"votes_pt":4094,"votes_morena":20693,"votes_nulos":4599,"votes_total":77476,"lista_nominal":143819,"participacion_pct":53.87,"ganador_candidatura":"JDCH","votos_ganador":34453,"segundo_lugar":"SHH","margen_votos":9666,"partido_mayor_votacion":"MOR","votos_partido_ganador":20693,"inegi_anio":2020,"inegi_disponible":true,"inegi_poblacion_total":139475,"inegi_poblacion_18ymas":95496,"inegi_poblacion_18a24":15333,"inegi_escolaridad_promedio":8.63,"inegi_pea_pct":58.76,"inegi_ocupacion_pct":98.03,"inegi_afiliacion_salud_pct":86.33,"inegi_discapacidad_pct":5.02,"inegi_lengua_indigena_pct":1.1,"inegi_internet_pct":41.32,"inegi_agua_entubada_pct":99.37,"inegi_drenaje_pct":98.76},"geometry":{"type":"Polygon","coordinates":[[[-105.953259,28.616731],[-105.950761,28.646846],[-105.9284,28.680935],[-105.986332,28.74349],[-106.094302,28.832173],[-106.112284,28.887661],[-106.113695,28.888038],[-106.116612,28.891395],[-106.117528,28.892916],[-106.1192,28.894919],[-106.121705,28.89771],[-106.123695,28.901156],[-106.125147,28.904162],[-106.124217,28.906843],[-106.124296,28.909921],[-106.125126,28.912569],[-106.127043,28.914675],[-106.125217,28.918026],[-106.124113,28.921779],[-106.126718,28.92148],[-106.131301,28.921578],[-106.137705,28.923222],[-106.142795,28.925991],[-106.151129,28.928532],[-106.158776,28.929564],[-106.165585,28.930249],[-106.169025,28.932682],[-106.193553,28.944477],[-106.19487,28.965891],[-106.172389,28.971706],[-106.148047,28.983556],[-106.163596,28.999994],[-106.176403,29.017757],[-106.20277,29.088252],[-106.18677,29.093566],[-106.178805,29.108128],[-106.162421,29.112364],[-106.136901,29.117516],[-106.126051,29.133236],[-106.118727,29.158295],[-106.096431,29.155499],[-106.076626,29.146084],[-106.0586,29.148655],[-106.041705,29.153538],[-106.043986,29.168421],[-106.043387,29.183635],[-106.037522,29.196535],[-106.042182,29.210591],[-106.067257,29.219099],[-106.067668,29.236049],[-106.058288,29.24581],[-106.050677,29.263837],[-106.04544,29.279053],[-106.029924,29.297247],[-106.035212,29.309483],[-106.055779,29.309147],[-106.072152,29.34213],[-106.081855,29.36139],[-106.078019,29.381778],[-106.06923,29.387366],[-106.062365,29.394738],[-106.050399,29.398807],[-106.031451,29.399684],[-106.01482,29.397469],[-106.003221,29.401199],[-105.993652,29.405886],[-105.97999,29.40164],[-105.965557,29.396497],[-105.948675,29.382724],[-105.940401,29.371873],[-105.931489,29.372089],[-105.934993,29.377318],[-105.94068,29.384743],[-105.944716,29.391284],[-105.947915,29.399736],[-105.952887,29.408821],[-105.955896,29.419998],[-105.962063,29.426177],[-105.962275,29.441564],[-105.963432,29.459908],[-105.964466,29.466907],[-105.962585,29.478572],[-105.969967,29.494056],[-105.9635,29.502985],[-105.954205,29.514927],[-105.949776,29.530921],[-105.950189,29.549813],[-105.949549,29.560798],[-105.960918,29.568548],[-105.973509,29.568933],[-105.978065,29.570101],[-105.977768,29.579431],[-105.983411,29.589824],[-105.974931,29.604726],[-105.980504,29.628902],[-105.993239,29.641001],[-105.987583,29.647113],[-105.971662,29.656023],[-105.961076,29.661383],[-105.947136,29.668939],[-105.951731,29.677452],[-105.969727,29.693765],[-105.98035,29.701194],[-105.996299,29.704496],[-105.994511,29.714674],[-106.012052,29.718296],[-106.101279,29.744768],[-106.193387,29.770757],[-106.30056,29.768983],[-106.341881,29.706111],[-106.420668,29.711979],[-106.466924,29.702691],[-106.511103,29.664927],[-106.601137,29.698194],[-106.651236,29.735821],[-106.640726,29.76464],[-106.637452,29.81088],[-106.630247,29.866664],[-106.728955,29.900444],[-106.780122,29.952848],[-106.777734,30.008973],[-106.790882,30.069822],[-106.787965,30.177482],[-106.813338,30.212748],[-106.845508,30.238825],[-106.869409,30.277711],[-106.92708,30.294785],[-106.985909,30.291298],[-107.020221,30.325127],[-107.087621,30.321854],[-107.128876,30.43449],[-107.111597,30.469034],[-107.084153,30.517576],[-107.084788,30.559211],[-107.100565,30.623658],[-107.103248,30.684634],[-107.087459,30.744506],[-107.090185,30.807336],[-107.062126,30.85257],[-107.016442,30.875095],[-107.002143,30.899766],[-106.983597,30.93277],[-107.009079,30.96963],[-107.02363,31.030677],[-106.927892,31.061861],[-106.815368,31.145289],[-106.722803,31.159594],[-106.630822,31.132165],[-106.517593,31.165637],[-106.448854,31.166618],[-106.337116,31.149491],[-106.273894,31.229572],[-106.262455,31.280574],[-106.26519,31.323334],[-106.233535,31.348861],[-106.200953,31.438057],[-106.171652,31.44637],[-106.119389,31.41825],[-106.061352,31.389887],[-106.004008,31.391398],[-105.955473,31.364773],[-105.946224,31.35167],[-105.948293,31.343626],[-105.944297,31.330161],[-105.935697,31.31516],[-105.917598,31.312603],[-105.90622,31.30911],[-105.887469,31.290696],[-105.87314,31.290578],[-105.854336,31.272159],[-105.845815,31.258803],[-105.832443,31.243739],[-105.820978,31.232684],[-105.785121,31.192287],[-105.732327,31.154862],[-105.669966,31.119997],[-105.617288,31.088249],[-105.580521,31.035594],[-105.554132,30.98999],[-105.499971,30.958216],[-105.463834,30.926868],[-105.417345,30.900422],[-105.398221,30.86314],[-105.3639,30.84877],[-105.325351,30.828465],[-105.301719,30.824043],[-105.266733,30.806148],[-105.22069,30.792722],[-105.175819,30.771629],[-105.14026,30.755152],[-105.107131,30.729763],[-105.077526,30.704943],[-105.045223,30.691084],[-104.991458,30.66384],[-104.958711,30.612821],[-104.907839,30.582829],[-104.885916,30.528581],[-104.872972,30.480427],[-104.862803,30.43931],[-104.858204,30.420763],[-104.853196,30.398498],[-104.835436,30.373765],[-104.813535,30.360693],[-104.79526,30.327271],[-104.768925,30.300815],[-104.758727,30.272632],[-104.744094,30.257355],[-104.712175,30.234501],[-104.698696,30.200572],[-104.684935,30.154228],[-104.692985,30.13319],[-104.694484,30.102946],[-104.68659,30.076789],[-104.701633,30.057498],[-104.697834,30.030653],[-104.692744,30.002586],[-104.68722,29.982807],[-104.673963,29.95653],[-104.676869,29.932265],[-104.665831,29.905951],[-104.652304,29.89458],[-104.630329,29.858919],[-104.614824,29.829568],[-104.591345,29.809864],[-104.583153,29.796331],[-104.567267,29.777124],[-104.560669,29.749904],[-104.547521,29.725684],[-104.538694,29.697049],[-104.529944,29.671724],[-104.511474,29.648203],[-104.491374,29.636295],[-104.467099,29.620307],[-104.454331,29.597315],[-104.437468,29.58887],[-104.411044,29.57456],[-104.383289,29.556331],[-104.369348,29.543903],[-104.351044,29.533399],[-104.323592,29.529228],[-104.290771,29.523883],[-104.236152,29.49688],[-104.212175,29.476083],[-104.201822,29.443723],[-104.181807,29.415211],[-104.151503,29.390345],[-104.121455,29.378923],[-104.077232,29.346762],[-104.038201,29.322804],[-103.949992,29.303532],[-103.897334,29.287964],[-103.815994,29.272559],[-103.798553,29.259425],[-103.776087,29.251987],[-103.778378,29.230547],[-103.767205,29.230347],[-103.755166,29.223269],[-103.740989,29.218668],[-103.732869,29.198269],[-103.718597,29.18083],[-103.704913,29.184673],[-103.685984,29.176571],[-103.657897,29.170003],[-103.64287,29.159674],[-103.625799,29.163164],[-103.604983,29.160425],[-103.590964,29.15084],[-103.57214,29.153653],[-103.558586,29.155577],[-103.548566,29.151389],[-103.544452,29.144579],[-103.529168,29.140034],[-103.521811,29.12915],[-103.521969,29.120705],[-103.505301,29.118385],[-103.502823,29.111003],[-103.492936,29.106729],[-103.481462,29.092592],[-103.469115,29.077953],[-103.465032,29.065925],[-103.455232,29.071502],[-103.445128,29.061014],[-103.431252,29.053815],[-103.426171,29.041946],[-103.416525,29.041477],[-103.403762,29.038091],[-103.392753,29.034963],[-103.387289,29.025491],[-103.371777,29.02134],[-103.351064,29.02941],[-103.348231,29.043386],[-103.338707,29.043657],[-103.328893,29.028939],[-103.337835,29.020468],[-103.313012,29.023951],[-103.308048,29.016136],[-103.311128,29.003405],[-103.48173,28.727425],[-103.470502,28.723806],[-103.469438,28.709475],[-103.479892,28.687999],[-103.474464,28.671824],[-103.466503,28.664826],[-103.46833,28.64579],[-103.475999,28.632333],[-103.483152,28.622681],[-103.488201,28.608132],[-103.49721,28.601719],[-103.512948,28.597077],[-103.527703,28.587873],[-103.598141,28.570051],[-103.608866,28.569289],[-103.616622,28.572576],[-103.621291,28.580821],[-103.633536,28.583438],[-103.641394,28.583009],[-103.653325,28.59454],[-103.657549,28.610462],[-103.658205,28.615248],[-103.666382,28.60615],[-103.681148,28.593568],[-103.773731,28.656011],[-103.770963,28.669433],[-103.777381,28.691867],[-103.787022,28.694726],[-103.816289,28.699089],[-103.852161,28.701193],[-103.878294,28.718101],[-103.875267,28.700447],[-103.86573,28.681083],[-103.860699,28.662363],[-103.867299,28.660192],[-103.88404,28.660954],[-103.929922,28.652762],[-103.938857,28.660154],[-103.951334,28.672235],[-103.958816,28.68409],[-103.976707,28.687064],[-104.005457,28.70146],[-104.036344,28.716417],[-104.059392,28.721831],[-104.075965,28.71737],[-104.085258,28.721613],[-104.073006,28.732988],[-104.060776,28.74659],[-104.055255,28.756608],[-104.064866,28.767208],[-104.076476,28.777384],[-104.086901,28.781869],[-104.108228,28.776842],[-104.10598,28.765585],[-104.10738,28.756414],[-104.113118,28.743834],[-104.11389,28.723026],[-104.133045,28.714994],[-104.149477,28.70945],[-104.163574,28.696572],[-104.173298,28.694697],[-104.191684,28.664453],[-104.207194,28.666338],[-104.219738,28.6708],[-104.247035,28.666083],[-104.26672,28.641929],[-104.254839,28.620212],[-104.262632,28.604309],[-104.273983,28.593583],[-104.375418,28.627453],[-104.384146,28.663466],[-104.390149,28.691656],[-104.416765,28.700946],[-104.418811,28.731395],[-104.421233,28.752842],[-104.635821,28.748849],[-104.704485,28.752915],[-104.722891,28.760159],[-104.738163,28.758304],[-104.768724,28.771854],[-104.801792,28.781274],[-104.840502,28.791854],[-104.893648,28.813022],[-104.930521,28.782765],[-104.940517,28.774519],[-104.954531,28.771316],[-104.969629,28.753326],[-104.981491,28.743427],[-104.992608,28.736086],[-105.019762,28.733881],[-105.040542,28.734723],[-105.06846,28.736308],[-105.085815,28.725576],[-105.096547,28.718061],[-105.103073,28.692867],[-105.112954,28.692208],[-105.144802,28.706995],[-105.161583,28.709967],[-105.172501,28.716325],[-105.183435,28.725656],[-105.19219,28.724413],[-105.202106,28.73019],[-105.217233,28.750421],[-105.235342,28.764616],[-105.247256,28.769067],[-105.255193,28.777734],[-105.270633,28.784245],[-105.286587,28.771754],[-105.297168,28.761663],[-105.307977,28.758263],[-105.319169,28.756265],[-105.346752,28.743502],[-105.366715,28.73976],[-105.385996,28.734595],[-105.40737,28.730587],[-105.428921,28.733763],[-105.436589,28.721273],[-105.450237,28.722232],[-105.460766,28.724355],[-105.474326,28.713913],[-105.458832,28.700486],[-105.463618,28.688166],[-105.457911,28.678019],[-105.470165,28.677328],[-105.482909,28.675313],[-105.484935,28.662504],[-105.492099,28.651002],[-105.498043,28.643634],[-105.503084,28.632881],[-105.497985,28.620587],[-105.50481,28.598594],[-105.524438,28.598869],[-105.536752,28.591564],[-105.543188,28.583944],[-105.544356,28.574152],[-105.533033,28.565057],[-105.529617,28.559946],[-105.489262,28.49277],[-105.480474,28.478837],[-105.472308,28.46878],[-105.471407,28.449989],[-105.455087,28.422816],[-105.463364,28.416016],[-105.47463,28.413236],[-105.471007,28.393104],[-105.436582,28.379566],[-105.424389,28.363947],[-105.416106,28.36148],[-105.411128,28.351747],[-105.40547,28.345687],[-105.388669,28.340089],[-105.386619,28.325442],[-105.388724,28.310658],[-105.40188,28.303158],[-105.404208,28.293699],[-105.400944,28.270659],[-105.413498,28.262865],[-105.450192,28.246052],[-105.458802,28.243771],[-105.458851,28.249308],[-105.461519,28.255426],[-105.472386,28.262215],[-105.479664,28.261189],[-105.488941,28.255247],[-105.504263,28.236665],[-105.501295,28.228399],[-105.50045,28.181787],[-105.526488,28.180235],[-105.531591,28.174991],[-105.534579,28.171769],[-105.533466,28.163126],[-105.541203,28.15231],[-105.548967,28.146529],[-105.554252,28.142854],[-105.576757,28.126498],[-105.62574,28.103997],[-105.641864,28.088814],[-105.641131,28.084062],[-105.651105,28.02408],[-105.65303,28.011051],[-105.666061,27.998505],[-105.681571,27.995641],[-105.701284,27.992221],[-105.713119,27.989243],[-105.722146,27.984967],[-105.72983,27.978246],[-105.739091,27.968399],[-105.792041,27.909405],[-105.875651,27.916582],[-105.88179,27.938539],[-105.916918,27.940717],[-105.957439,27.975158],[-105.987897,28.010977],[-105.974989,28.018453],[-105.962449,28.026261],[-105.973167,28.051562],[-105.980363,28.080132],[-106.012413,28.074159],[-106.035273,28.076272],[-106.047812,28.097204],[-106.068114,28.114818],[-106.052961,28.140808],[-106.035417,28.123343],[-106.030149,28.131813],[-106.025538,28.144501],[-106.017186,28.14123],[-106.000119,28.135679],[-105.985453,28.134835],[-105.969776,28.131758],[-105.957573,28.143733],[-105.938502,28.167491],[-105.937957,28.209136],[-105.928856,28.221757],[-105.928569,28.232935],[-105.921266,28.253413],[-105.922383,28.269304],[-105.851507,28.272636],[-105.839278,28.285014],[-105.826366,28.288783],[-105.809475,28.293144],[-105.784612,28.296119],[-105.764388,28.293676],[-105.749094,28.286536],[-105.742812,28.317517],[-105.759651,28.323927],[-105.759716,28.334442],[-105.75583,28.350183],[-105.743159,28.360504],[-105.733464,28.377565],[-105.726686,28.389504],[-105.725374,28.399277],[-105.713254,28.414293],[-105.753602,28.460414],[-105.77377,28.458998],[-105.809462,28.4634],[-105.823247,28.469318],[-105.835491,28.471689],[-105.849352,28.483067],[-105.843924,28.496443],[-105.844373,28.501985],[-105.857865,28.504094],[-105.869192,28.512017],[-105.877619,28.526505],[-105.883253,28.52819],[-105.895285,28.514831],[-105.905289,28.508112],[-105.913087,28.513086],[-105.929506,28.519298],[-105.95102,28.549957],[-105.959722,28.584791],[-105.953259,28.616731]]]}},{"type":"Feature","properties":{"district":9,"votes_jdch":8283,"votes_shh":44118,"votes_pvem":2739,"votes_mc":5197,"votes_mxrep":523,"votes_pueblo":3757,"votes_no_reg":60,"votes_pan":5127,"votes_pri":2574,"votes_prd":398,"votes_pt":2130,"votes_morena":41882,"votes_nulos":3287,"votes_total":67964,"lista_nominal":133800,"participacion_pct":50.8,"ganador_candidatura":"SHH","votos_ganador":44118,"segundo_lugar":"JDCH","margen_votos":35835,"partido_mayor_votacion":"MOR","votos_partido_ganador":41882,"inegi_anio":2020,"inegi_disponible":true,"inegi_poblacion_total":148431,"inegi_poblacion_18ymas":103724,"inegi_poblacion_18a24":21335,"inegi_escolaridad_promedio":10.58,"inegi_pea_pct":65.13,"inegi_ocupacion_pct":98.62,"inegi_afiliacion_salud_pct":82.85,"inegi_discapacidad_pct":3.96,"inegi_lengua_indigena_pct":0.64,"inegi_internet_pct":74.45,"inegi_agua_entubada_pct":99.83,"inegi_drenaje_pct":99.83},"geometry":{"type":"Polygon","coordinates":[[[-106.393535,31.591555],[-106.405008,31.593736],[-106.404925,31.595001],[-106.404097,31.598519],[-106.397953,31.603953],[-106.39457,31.620862],[-106.390965,31.637587],[-106.389811,31.643086],[-106.387824,31.652161],[-106.387023,31.656102],[-106.383871,31.65382],[-106.375408,31.651623],[-106.36766,31.649695],[-106.360723,31.647923],[-106.357095,31.644958],[-106.358577,31.640344],[-106.359841,31.636515],[-106.361442,31.631725],[-106.363778,31.62875],[-106.36235,31.625869],[-106.361722,31.622742],[-106.358192,31.611246],[-106.359869,31.605921],[-106.36335,31.60228],[-106.366748,31.598725],[-106.369526,31.596177],[-106.370855,31.592207],[-106.372779,31.587256],[-106.374361,31.5857],[-106.377995,31.582544],[-106.385503,31.585789],[-106.389489,31.589408],[-106.393535,31.591555]]]}},{"type":"Feature","properties":{"district":12,"votes_jdch":42845,"votes_shh":27825,"votes_pvem":2504,"votes_mc":5873,"votes_mxrep":884,"votes_pueblo":993,"votes_no_reg":61,"votes_pan":33963,"votes_pri":6714,"votes_prd":1838,"votes_pt":1364,"votes_morena":26461,"votes_nulos":3259,"votes_total":84244,"lista_nominal":142123,"participacion_pct":59.28,"ganador_candidatura":"JDCH","votos_ganador":42845,"segundo_lugar":"SHH","margen_votos":15020,"partido_mayor_votacion":"PAN","votos_partido_ganador":33963,"inegi_anio":2020,"inegi_disponible":true,"inegi_poblacion_total":163724,"inegi_poblacion_18ymas":116016,"inegi_poblacion_18a24":23609,"inegi_escolaridad_promedio":11.9,"inegi_pea_pct":65.68,"inegi_ocupacion_pct":98.21,"inegi_afiliacion_salud_pct":90.77,"inegi_discapacidad_pct":3.04,"inegi_lengua_indigena_pct":0.84,"inegi_internet_pct":77.38,"inegi_agua_entubada_pct":99.66,"inegi_drenaje_pct":99.79},"geometry":{"type":"Polygon","coordinates":[[[-106.150752,28.695863],[-106.154083,28.695928],[-106.156825,28.696979],[-106.175272,28.737812],[-106.17639,28.73955],[-106.174235,28.742477],[-106.175816,28.743287],[-106.17659,28.744726],[-106.178672,28.745718],[-106.177132,28.747151],[-106.172487,28.74866],[-106.167105,28.755495],[-106.170334,28.767583],[-106.165827,28.768082],[-106.163502,28.769283],[-106.160497,28.770051],[-106.156303,28.771623],[-106.14723,28.77345],[-106.145877,28.773289],[-106.136128,28.769038],[-106.125565,28.770658],[-106.123322,28.768457],[-106.119718,28.759738],[-106.117093,28.753887],[-106.114953,28.749227],[-106.114058,28.747276],[-106.112815,28.744568],[-106.111166,28.740999],[-106.110488,28.739513],[-106.109009,28.736252],[-106.105783,28.729139],[-106.105058,28.727598],[-106.101728,28.719254],[-106.099454,28.712425],[-106.097954,28.707718],[-106.099024,28.704675],[-106.106853,28.701066],[-106.113391,28.697432],[-106.118134,28.696051],[-106.123906,28.693792],[-106.127203,28.693736],[-106.130261,28.694343],[-106.134146,28.692791],[-106.138,28.691562],[-106.1409,28.690482],[-106.146796,28.693878],[-106.150752,28.695863]]]}},{"type":"Feature","properties":{"district":7,"votes_jdch":11144,"votes_shh":44299,"votes_pvem":3436,"votes_mc":5483,"votes_mxrep":602,"votes_pueblo":2848,"votes_no_reg":55,"votes_pan":6869,"votes_pri":3487,"votes_prd":558,"votes_pt":2343,"votes_morena":41849,"votes_nulos":3906,"votes_total":71773,"lista_nominal":140968,"participacion_pct":50.91,"ganador_candidatura":"SHH","votos_ganador":44299,"segundo_lugar":"JDCH","margen_votos":33155,"partido_mayor_votacion":"MOR","votos_partido_ganador":41849,"inegi_anio":2020,"inegi_disponible":true,"inegi_poblacion_total":171366,"inegi_poblacion_18ymas":119438,"inegi_poblacion_18a24":22448,"inegi_escolaridad_promedio":10.47,"inegi_pea_pct":64.8,"inegi_ocupacion_pct":98.58,"inegi_afiliacion_salud_pct":82.41,"inegi_discapacidad_pct":4.18,"inegi_lengua_indigena_pct":0.42,"inegi_internet_pct":73.34,"inegi_agua_entubada_pct":99.83,"inegi_drenaje_pct":99.85},"geometry":{"type":"Polygon","coordinates":[[[-106.452,31.606947],[-106.444146,31.624053],[-106.43366,31.646952],[-106.432297,31.650416],[-106.429331,31.657511],[-106.427732,31.663557],[-106.421143,31.665094],[-106.409682,31.665168],[-106.401406,31.665258],[-106.396449,31.664711],[-106.392155,31.66115],[-106.386984,31.658697],[-106.387432,31.654068],[-106.388706,31.647933],[-106.390287,31.641012],[-106.393256,31.626835],[-106.396392,31.611565],[-106.417644,31.605991],[-106.428224,31.606193],[-106.451185,31.606866],[-106.452,31.606947]]]}},{"type":"Feature","properties":{"district":6,"votes_jdch":9534,"votes_shh":43153,"votes_pvem":3051,"votes_mc":4005,"votes_mxrep":603,"votes_pueblo":2592,"votes_no_reg":23,"votes_pan":5145,"votes_pri":3675,"votes_prd":473,"votes_pt":3436,"votes_morena":39592,"votes_nulos":5128,"votes_total":68089,"lista_nominal":145207,"participacion_pct":46.89,"ganador_candidatura":"SHH","votos_ganador":43153,"segundo_lugar":"JDCH","margen_votos":33619,"partido_mayor_votacion":"MOR","votos_partido_ganador":39592,"inegi_anio":2020,"inegi_disponible":true,"inegi_poblacion_total":158460,"inegi_poblacion_18ymas":109267,"inegi_poblacion_18a24":19705,"inegi_escolaridad_promedio":9.35,"inegi_pea_pct":62.84,"inegi_ocupacion_pct":98.69,"inegi_afiliacion_salud_pct":78.68,"inegi_discapacidad_pct":5.06,"inegi_lengua_indigena_pct":0.66,"inegi_internet_pct":62.73,"inegi_agua_entubada_pct":98.76,"inegi_drenaje_pct":98.67},"geometry":{"type":"Polygon","coordinates":[[[-106.471115,31.656653],[-106.475372,31.660322],[-106.479886,31.663275],[-106.486749,31.66496],[-106.490506,31.664784],[-106.494996,31.666669],[-106.498131,31.673096],[-106.500625,31.678181],[-106.499545,31.686847],[-106.494358,31.701663],[-106.490782,31.700964],[-106.487746,31.700092],[-106.484554,31.700807],[-106.482624,31.701798],[-106.476745,31.701755],[-106.473391,31.700548],[-106.470354,31.698133],[-106.466066,31.696155],[-106.464674,31.693607],[-106.464711,31.690566],[-106.454006,31.691078],[-106.449322,31.692018],[-106.447854,31.693973],[-106.440891,31.693648],[-106.437083,31.688989],[-106.435924,31.684795],[-106.437367,31.679139],[-106.438184,31.676218],[-106.436133,31.672634],[-106.431546,31.672464],[-106.42727,31.67231],[-106.425492,31.670517],[-106.42721,31.665309],[-106.429386,31.658017],[-106.431673,31.651066],[-106.433528,31.647936],[-106.444481,31.650722],[-106.44989,31.648118],[-106.455992,31.649262],[-106.459914,31.649903],[-106.459735,31.651613],[-106.46357,31.651592],[-106.465202,31.650257],[-106.471342,31.65164],[-106.470355,31.654621],[-106.471115,31.656653]]]}},{"type":"Feature","properties":{"district":15,"votes_jdch":63936,"votes_shh":31014,"votes_pvem":2934,"votes_mc":5730,"votes_mxrep":1011,"votes_pueblo":971,"votes_no_reg":67,"votes_pan":50545,"votes_pri":10558,"votes_prd":2476,"votes_pt":1745,"votes_morena":29269,"votes_nulos":4468,"votes_total":110131,"lista_nominal":173767,"participacion_pct":63.38,"ganador_candidatura":"JDCH","votos_ganador":63936,"segundo_lugar":"SHH","margen_votos":32922,"partido_mayor_votacion":"PAN","votos_partido_ganador":50545,"inegi_anio":2020,"inegi_disponible":true,"inegi_poblacion_total":186952,"inegi_poblacion_18ymas":149575,"inegi_poblacion_18a24":20733,"inegi_escolaridad_promedio":11.99,"inegi_pea_pct":59.49,"inegi_ocupacion_pct":97.93,"inegi_afiliacion_salud_pct":89.06,"inegi_discapacidad_pct":5.66,"inegi_lengua_indigena_pct":0.67,"inegi_internet_pct":76.37,"inegi_agua_entubada_pct":99.66,"inegi_drenaje_pct":99.64},"geometry":{"type":"Polygon","coordinates":[[[-106.117807,28.648811],[-106.120017,28.653567],[-106.122652,28.659201],[-106.120877,28.661249],[-106.123376,28.664715],[-106.126664,28.666091],[-106.126914,28.667245],[-106.128687,28.668931],[-106.12996,28.670537],[-106.130281,28.673556],[-106.131294,28.680619],[-106.132468,28.683078],[-106.133549,28.686549],[-106.132491,28.689426],[-106.129925,28.694303],[-106.126713,28.693386],[-106.123653,28.693877],[-106.118495,28.696425],[-106.112292,28.697879],[-106.105677,28.701542],[-106.097418,28.705294],[-106.093387,28.705087],[-106.090086,28.705269],[-106.088967,28.702057],[-106.088164,28.69976],[-106.087378,28.697471],[-106.086546,28.695133],[-106.078616,28.695762],[-106.077483,28.693804],[-106.076977,28.692297],[-106.075307,28.688865],[-106.074187,28.684123],[-106.073158,28.680542],[-106.07178,28.677797],[-106.071258,28.673747],[-106.074108,28.67225],[-106.073408,28.670185],[-106.069554,28.671193],[-106.068271,28.666331],[-106.066546,28.661399],[-106.060931,28.659707],[-106.054269,28.658657],[-106.049277,28.654038],[-106.053472,28.647507],[-106.054424,28.646526],[-106.055018,28.644485],[-106.05706,28.641697],[-106.059333,28.638518],[-106.0608,28.636533],[-106.062027,28.634173],[-106.062287,28.630575],[-106.065809,28.629682],[-106.069672,28.6291],[-106.073851,28.628056],[-106.077857,28.630878],[-106.081151,28.633149],[-106.08313,28.632404],[-106.08589,28.633471],[-106.089789,28.635946],[-106.093302,28.637375],[-106.098607,28.639003],[-106.100701,28.642785],[-106.104244,28.642921],[-106.112691,28.642835],[-106.114385,28.644238],[-106.116771,28.646172],[-106.117807,28.648811]]]}},{"type":"Feature","properties":{"district":16,"votes_jdch":36616,"votes_shh":28624,"votes_pvem":3033,"votes_mc":4953,"votes_mxrep":1140,"votes_pueblo":1185,"votes_no_reg":87,"votes_pan":27309,"votes_pri":7198,"votes_prd":1792,"votes_pt":1693,"votes_morena":26931,"votes_nulos":4480,"votes_total":80118,"lista_nominal":157938,"participacion_pct":50.73,"ganador_candidatura":"JDCH","votos_ganador":36616,"segundo_lugar":"SHH","margen_votos":7992,"partido_mayor_votacion":"PAN","votos_partido_ganador":27309,"inegi_anio":2020,"inegi_disponible":true,"inegi_poblacion_total":178341,"inegi_poblacion_18ymas":129953,"inegi_poblacion_18a24":20965,"inegi_escolaridad_promedio":10.1,"inegi_pea_pct":61.83,"inegi_ocupacion_pct":97.86,"inegi_afiliacion_salud_pct":86.81,"inegi_discapacidad_pct":5.16,"inegi_lengua_indigena_pct":1.93,"inegi_internet_pct":59.19,"inegi_agua_entubada_pct":97.45,"inegi_drenaje_pct":98.64},"geometry":{"type":"Polygon","coordinates":[[[-106.071135,28.131614],[-106.099874,28.112456],[-106.128218,28.114601],[-106.157237,28.112368],[-106.201957,28.107942],[-106.227387,28.105634],[-106.253517,28.102476],[-106.294151,28.135853],[-106.278617,28.144139],[-106.252916,28.137047],[-106.274159,28.150048],[-106.295177,28.166861],[-106.291825,28.194492],[-106.263616,28.187],[-106.23479,28.180086],[-106.240734,28.199049],[-106.22159,28.211906],[-106.217418,28.22768],[-106.220278,28.254535],[-106.224374,28.278648],[-106.251185,28.371639],[-106.198949,28.464675],[-106.191944,28.493314],[-106.183935,28.522206],[-106.149986,28.560365],[-106.145354,28.56616],[-106.141854,28.567448],[-106.131147,28.572494],[-106.127136,28.572339],[-106.123924,28.571224],[-106.114521,28.566316],[-106.103952,28.558123],[-106.09799,28.574747],[-106.099361,28.576328],[-106.102091,28.578759],[-106.105055,28.582249],[-106.104664,28.58391],[-106.101601,28.58508],[-106.100848,28.586459],[-106.100453,28.588893],[-106.09872,28.591516],[-106.09698,28.594749],[-106.093362,28.59761],[-106.093959,28.599981],[-106.096791,28.601799],[-106.098273,28.605229],[-106.090044,28.611257],[-106.087249,28.613844],[-106.088762,28.616945],[-106.087866,28.620012],[-106.085911,28.624741],[-106.083109,28.629262],[-106.079595,28.632308],[-106.075805,28.629374],[-106.072133,28.626939],[-106.067169,28.627795],[-106.062779,28.627969],[-106.055657,28.623905],[-106.050857,28.620064],[-106.047585,28.619257],[-106.043297,28.616221],[-106.0429,28.617621],[-106.041979,28.618582],[-106.034541,28.61608],[-106.031211,28.619585],[-106.027942,28.620542],[-106.021238,28.619356],[-106.019318,28.619402],[-106.018772,28.620359],[-106.015855,28.620541],[-106.013891,28.620489],[-106.012915,28.621464],[-106.011104,28.623609],[-106.010014,28.625146],[-106.008948,28.625764],[-106.007945,28.626194],[-106.007085,28.626867],[-106.005758,28.627351],[-106.003147,28.625379],[-105.997066,28.62716],[-105.989259,28.62292],[-105.983331,28.621842],[-105.979365,28.621138],[-105.975876,28.620494],[-105.970617,28.619525],[-105.965134,28.622749],[-105.964964,28.633497],[-105.959435,28.617823],[-105.959495,28.583808],[-105.951622,28.548461],[-105.927871,28.518238],[-105.91108,28.512195],[-105.904304,28.509032],[-105.893818,28.516914],[-105.881645,28.529115],[-105.877463,28.524272],[-105.867556,28.510873],[-105.855982,28.503119],[-105.844125,28.502111],[-105.845148,28.494776],[-105.849343,28.482404],[-105.835111,28.471196],[-105.820245,28.468435],[-105.807587,28.46292],[-105.769534,28.459118],[-105.752608,28.460671],[-105.714741,28.412634],[-105.725614,28.397703],[-105.727302,28.388344],[-105.73445,28.375824],[-105.743936,28.359406],[-105.756193,28.34836],[-105.76008,28.332867],[-105.755666,28.323525],[-105.735575,28.314308],[-105.751713,28.287605],[-105.765936,28.294105],[-105.786724,28.295782],[-105.81134,28.292889],[-105.829596,28.288193],[-105.841634,28.283929],[-105.847508,28.27],[-105.921128,28.267902],[-105.921997,28.251506],[-105.928308,28.23128],[-105.930089,28.220428],[-105.938695,28.208057],[-105.939603,28.165251],[-105.959305,28.142815],[-105.971633,28.130922],[-105.986199,28.134914],[-106.002357,28.135917],[-106.019053,28.141635],[-106.026636,28.142261],[-106.03049,28.128168],[-106.036929,28.125819],[-106.055241,28.13841],[-106.071135,28.131614]]]}},{"type":"Feature","properties":{"district":8,"votes_jdch":4532,"votes_shh":40066,"votes_pvem":2186,"votes_mc":3280,"votes_mxrep":382,"votes_pueblo":2388,"votes_no_reg":31,"votes_pan":2354,"votes_pri":1673,"votes_prd":353,"votes_pt":1622,"votes_morena":38342,"votes_nulos":3100,"votes_total":55965,"lista_nominal":126649,"participacion_pct":44.19,"ganador_candidatura":"SHH","votos_ganador":40066,"segundo_lugar":"JDCH","margen_votos":35534,"partido_mayor_votacion":"MOR","votos_partido_ganador":38342,"inegi_anio":2020,"inegi_disponible":true,"inegi_poblacion_total":152070,"inegi_poblacion_18ymas":98261,"inegi_poblacion_18a24":20511,"inegi_escolaridad_promedio":9.4,"inegi_pea_pct":67.61,"inegi_ocupacion_pct":98.56,"inegi_afiliacion_salud_pct":84.65,"inegi_discapacidad_pct":4.19,"inegi_lengua_indigena_pct":0.95,"inegi_internet_pct":52.16,"inegi_agua_entubada_pct":99.4,"inegi_drenaje_pct":99.76},"geometry":{"type":"Polygon","coordinates":[[[-106.34986,31.587452],[-106.351371,31.587158],[-106.356834,31.590207],[-106.358582,31.591199],[-106.363047,31.595432],[-106.365591,31.599936],[-106.361598,31.604113],[-106.358641,31.607225],[-106.360395,31.612772],[-106.360999,31.624488],[-106.363378,31.626905],[-106.362093,31.629783],[-106.360807,31.633625],[-106.359429,31.63775],[-106.357925,31.642345],[-106.356699,31.646239],[-106.355808,31.649068],[-106.35278,31.658524],[-106.35009,31.666618],[-106.341046,31.670739],[-106.336702,31.669174],[-106.335262,31.665696],[-106.332211,31.661547],[-106.31306,31.635767],[-106.306282,31.627037],[-106.302694,31.616937],[-106.302958,31.610475],[-106.305448,31.608091],[-106.304535,31.602785],[-106.308595,31.599716],[-106.313488,31.59544],[-106.325218,31.590648],[-106.329143,31.589255],[-106.338247,31.59063],[-106.341645,31.589816],[-106.34766,31.588068],[-106.34986,31.587452]]]}},{"type":"Feature","properties":{"district":20,"votes_jdch":34741,"votes_shh":21537,"votes_pvem":0,"votes_mc":14388,"votes_mxrep":938,"votes_pueblo":380,"votes_no_reg":4,"votes_pan":22642,"votes_pri":9838,"votes_prd":1961,"votes_pt":2038,"votes_morena":19499,"votes_nulos":3055,"votes_total":75043,"lista_nominal":127427,"participacion_pct":58.89,"ganador_candidatura":"JDCH","votos_ganador":34741,"segundo_lugar":"SHH","margen_votos":13204,"partido_mayor_votacion":"PAN","votos_partido_ganador":22642,"inegi_anio":2020,"inegi_disponible":true,"inegi_poblacion_total":149661,"inegi_poblacion_18ymas":103826,"inegi_poblacion_18a24":15948,"inegi_escolaridad_promedio":9.19,"inegi_pea_pct":56.22,"inegi_ocupacion_pct":97.54,"inegi_afiliacion_salud_pct":86.91,"inegi_discapacidad_pct":4.59,"inegi_lengua_indigena_pct":1.76,"inegi_internet_pct":42.81,"inegi_agua_entubada_pct":99.39,"inegi_drenaje_pct":98.75},"geometry":{"type":"Polygon","coordinates":[[[-105.469786,26.508855],[-105.471726,26.508043],[-105.472835,26.509116],[-105.473704,26.51102],[-105.474823,26.513586],[-105.512817,26.537557],[-105.586771,26.586764],[-105.588221,26.612143],[-105.600356,26.614801],[-105.641594,26.623226],[-105.645553,26.628914],[-105.672344,26.640279],[-105.786855,26.676605],[-105.789008,26.683038],[-105.782238,26.692272],[-105.763404,26.697548],[-105.75883,26.717845],[-105.765575,26.72937],[-105.774898,26.740874],[-105.722109,26.750546],[-105.70857,26.758917],[-105.691977,26.768881],[-105.667085,26.777787],[-105.668085,26.786091],[-105.672771,26.801026],[-105.676176,26.810305],[-105.675902,26.820107],[-105.678819,26.829679],[-105.665121,26.835484],[-105.675791,26.846736],[-105.648277,26.875368],[-105.637228,26.877856],[-105.625196,26.880921],[-105.617461,26.874646],[-105.609112,26.868372],[-105.60457,26.870687],[-105.599167,26.877218],[-105.587382,26.869703],[-105.575229,26.86632],[-105.485702,26.892924],[-105.516001,26.928295],[-105.505184,26.936308],[-105.494367,26.941759],[-105.490184,26.947377],[-105.482307,26.960016],[-105.486102,26.97175],[-105.494947,26.974562],[-105.506148,26.981167],[-105.519735,27.014558],[-105.512481,27.01654],[-105.505348,27.0191],[-105.50256,27.021682],[-105.501041,27.023974],[-105.508533,27.030999],[-105.516763,27.039841],[-105.497069,27.059833],[-105.483531,27.069083],[-105.484254,27.082056],[-105.48978,27.090733],[-105.491367,27.101144],[-105.482622,27.110148],[-105.474617,27.11692],[-105.470547,27.12485],[-105.458502,27.114351],[-105.440912,27.111532],[-105.432037,27.121854],[-105.423522,27.136721],[-105.42301,27.148453],[-105.42212,27.165143],[-105.426525,27.181423],[-105.425888,27.19423],[-105.418968,27.208601],[-105.403446,27.211893],[-105.39923,27.227671],[-105.410759,27.254451],[-105.41197,27.26635],[-105.401755,27.260392],[-105.378206,27.269045],[-105.363036,27.276216],[-105.365186,27.286016],[-105.381988,27.287931],[-105.40296,27.287668],[-105.423435,27.287072],[-105.430815,27.295661],[-105.430317,27.305866],[-105.432536,27.316139],[-105.434994,27.325748],[-105.429156,27.333159],[-105.428855,27.339049],[-105.425579,27.343959],[-105.427973,27.348094],[-105.427927,27.355883],[-105.432426,27.359352],[-105.43483,27.364317],[-105.427881,27.371899],[-105.425403,27.381698],[-105.420897,27.387111],[-105.415821,27.396674],[-105.41926,27.405615],[-105.416746,27.412511],[-105.410359,27.41561],[-105.411338,27.425475],[-105.406739,27.433791],[-105.403239,27.440941],[-105.402593,27.449238],[-105.400543,27.453643],[-105.404113,27.463248],[-105.406412,27.469706],[-105.409193,27.475084],[-105.41826,27.478938],[-105.416274,27.488818],[-105.416731,27.496197],[-105.419974,27.498669],[-105.422679,27.486879],[-105.429703,27.495553],[-105.427945,27.503777],[-105.423139,27.50504],[-105.422184,27.518564],[-105.425125,27.526844],[-105.43432,27.530914],[-105.44463,27.530655],[-105.452398,27.532679],[-105.462282,27.542249],[-105.462009,27.550378],[-105.464001,27.551529],[-105.468681,27.546235],[-105.475486,27.550059],[-105.476965,27.554737],[-105.481039,27.559236],[-105.486402,27.555093],[-105.492694,27.561496],[-105.504472,27.563754],[-105.513999,27.563951],[-105.528766,27.567766],[-105.541072,27.572423],[-105.554705,27.574501],[-105.570447,27.576896],[-105.584629,27.591399],[-105.596798,27.595647],[-105.602567,27.6015],[-105.602425,27.60938],[-105.602674,27.61875],[-105.606393,27.628513],[-105.610101,27.637364],[-105.62021,27.638918],[-105.612246,27.649543],[-105.596346,27.6547],[-105.588533,27.672331],[-105.580435,27.677936],[-105.587957,27.685219],[-105.592443,27.683278],[-105.596671,27.680832],[-105.611524,27.679041],[-105.621817,27.68188],[-105.631865,27.684551],[-105.635633,27.684826],[-105.636269,27.689246],[-105.638319,27.694503],[-105.653596,27.699995],[-105.656483,27.70181],[-105.683857,27.716194],[-105.735457,27.684994],[-105.745122,27.703091],[-105.744154,27.707667],[-105.744868,27.717659],[-105.746106,27.724436],[-105.746478,27.731207],[-105.745796,27.738385],[-105.750483,27.746751],[-105.757993,27.750718],[-105.767818,27.751686],[-105.786756,27.75023],[-105.855377,27.738113],[-105.86635,27.75043],[-105.866768,27.75757],[-105.838404,27.787588],[-105.83803,27.795593],[-105.830922,27.80224],[-105.82501,27.806375],[-105.82197,27.814902],[-105.814972,27.822993],[-105.8084,27.8244],[-105.801246,27.828816],[-105.79341,27.833228],[-105.786938,27.8374],[-105.783433,27.841878],[-105.7814,27.847892],[-105.78026,27.858162],[-105.776199,27.869529],[-105.77597,27.881744],[-105.764468,27.886999],[-105.760912,27.89709],[-105.774032,27.898077],[-105.772457,27.901245],[-105.776555,27.907171],[-105.773666,27.926016],[-105.735523,27.97238],[-105.726402,27.980453],[-105.718284,27.987088],[-105.707649,27.990941],[-105.693854,27.994608],[-105.673997,27.996871],[-105.654605,28.008462],[-105.651672,28.016779],[-105.562623,28.006567],[-105.551961,28.006487],[-105.550211,28.013573],[-105.49823,28.032445],[-105.473875,28.05204],[-105.422676,28.047189],[-105.416847,28.052928],[-105.410518,28.058458],[-105.406436,28.064655],[-105.400779,28.067829],[-105.400027,28.079204],[-105.391374,28.081791],[-105.383246,28.077139],[-105.381274,28.069275],[-105.371417,28.067803],[-105.363634,28.069688],[-105.361967,28.120157],[-105.362015,28.142312],[-105.361957,28.167364],[-105.358079,28.18359],[-105.349227,28.186891],[-105.354294,28.193983],[-105.362092,28.208808],[-105.353798,28.223912],[-105.353801,28.229878],[-105.35293,28.233816],[-105.354991,28.238864],[-105.357114,28.242378],[-105.353624,28.24765],[-105.351506,28.25441],[-105.348389,28.258562],[-105.343334,28.25572],[-105.331481,28.260065],[-105.325679,28.262361],[-105.321311,28.263616],[-105.31788,28.265864],[-105.312358,28.266004],[-105.313878,28.270225],[-105.313514,28.273872],[-105.312086,28.284316],[-105.32126,28.28404],[-105.32644,28.285599],[-105.330447,28.288032],[-105.337519,28.293542],[-105.345892,28.300872],[-105.353226,28.304522],[-105.366842,28.306447],[-105.382947,28.30755],[-105.389668,28.315949],[-105.384752,28.330478],[-105.395891,28.343013],[-105.410225,28.346487],[-105.40895,28.355422],[-105.418471,28.364243],[-105.426505,28.364234],[-105.464159,28.389606],[-105.484408,28.418503],[-105.47245,28.410887],[-105.457762,28.416932],[-105.455276,28.426096],[-105.471176,28.451875],[-105.475674,28.472737],[-105.486586,28.487534],[-105.492009,28.489588],[-105.530509,28.562008],[-105.538314,28.568924],[-105.546147,28.579144],[-105.540601,28.588413],[-105.533902,28.594546],[-105.519305,28.597893],[-105.500704,28.600919],[-105.498047,28.628434],[-105.502222,28.634453],[-105.497324,28.647601],[-105.489889,28.656212],[-105.482968,28.666887],[-105.478537,28.676068],[-105.46453,28.676516],[-105.460808,28.680573],[-105.465523,28.691961],[-105.461504,28.706345],[-105.468477,28.71814],[-105.455897,28.725936],[-105.444464,28.720015],[-105.431729,28.724092],[-105.42379,28.73394],[-105.394712,28.728135],[-105.379384,28.737746],[-105.364432,28.738599],[-105.329142,28.749725],[-105.312557,28.759991],[-105.304277,28.757193],[-105.291801,28.764313],[-105.279238,28.778288],[-105.263865,28.783261],[-105.249045,28.775427],[-105.241996,28.768907],[-105.227273,28.755123],[-105.209316,28.744643],[-105.199089,28.727466],[-105.189709,28.728875],[-105.178538,28.722353],[-105.171111,28.713516],[-105.152224,28.710645],[-105.126888,28.702453],[-105.112673,28.685021],[-105.102627,28.704763],[-105.091564,28.723595],[-105.084326,28.728797],[-105.059199,28.736551],[-105.032031,28.734717],[-105.008125,28.734862],[-104.985116,28.741696],[-104.977868,28.745736],[-104.963768,28.761497],[-104.948906,28.774448],[-104.936898,28.779305],[-104.925027,28.78887],[-104.889899,28.817146],[-104.829101,28.78869],[-104.781122,28.774118],[-104.759709,28.771417],[-104.73516,28.759617],[-104.71337,28.747491],[-104.702357,28.754065],[-104.631753,28.75252],[-104.419011,28.745842],[-104.422439,28.722615],[-104.41578,28.692945],[-104.375856,28.687884],[-104.373666,28.636465],[-104.368484,28.622468],[-104.27183,28.596739],[-104.260341,28.610847],[-104.249817,28.628088],[-104.262317,28.649471],[-104.233067,28.667825],[-104.214333,28.667945],[-104.201026,28.662249],[-104.182342,28.666656],[-104.168748,28.690184],[-104.162649,28.703099],[-104.143759,28.712125],[-104.12771,28.718409],[-104.113973,28.730621],[-104.113935,28.750021],[-104.102662,28.759412],[-104.105893,28.769136],[-104.101607,28.777414],[-104.081526,28.78198],[-104.072807,28.773275],[-104.061689,28.762271],[-104.060879,28.756496],[-104.066072,28.739133],[-104.077328,28.728012],[-104.082838,28.717416],[-104.070234,28.718968],[-104.048026,28.722302],[-104.032357,28.71751],[-103.996165,28.696716],[-103.966182,28.683644],[-103.956291,28.681294],[-103.946311,28.669367],[-103.933958,28.65712],[-103.91457,28.653651],[-103.87494,28.662888],[-103.86314,28.655833],[-103.858258,28.668976],[-103.870928,28.689897],[-103.878211,28.708608],[-103.866745,28.711953],[-103.837283,28.699842],[-103.803388,28.694921],[-103.782907,28.695564],[-103.772206,28.684866],[-103.770548,28.664234],[-103.729608,28.633067],[-103.674192,28.598372],[-103.663661,28.60987],[-103.6556,28.617647],[-103.658276,28.607158],[-103.648782,28.586873],[-103.638422,28.586482],[-103.629653,28.581217],[-103.619558,28.580147],[-103.615243,28.571423],[-103.603622,28.568555],[-103.592648,28.569483],[-103.797301,28.243653],[-103.853013,28.127701],[-103.891126,28.047193],[-103.919198,27.985496],[-103.947273,27.925635],[-103.950203,27.803452],[-103.810517,27.239329],[-103.754569,27.002185],[-103.876135,26.761082],[-104.0581,26.746427],[-104.203919,26.764798],[-104.223363,26.779819],[-104.235329,26.79447],[-104.248715,26.823477],[-104.270872,26.816416],[-104.305976,26.794859],[-104.300407,26.779495],[-104.268139,26.769759],[-104.287132,26.725786],[-104.304916,26.706407],[-104.313067,26.679285],[-104.348653,26.648007],[-104.391155,26.62666],[-104.405837,26.618426],[-104.427446,26.607555],[-104.447552,26.579218],[-104.449352,26.562544],[-104.468617,26.51657],[-104.489415,26.481614],[-104.499678,26.463734],[-104.499821,26.448506],[-104.494983,26.423487],[-104.569294,26.35069],[-104.582708,26.35828],[-104.598338,26.381062],[-104.61644,26.371526],[-104.632912,26.381021],[-104.648165,26.392408],[-104.65863,26.405042],[-104.66896,26.419688],[-104.682236,26.432732],[-104.696772,26.449806],[-104.711701,26.465902],[-104.730599,26.480225],[-104.750981,26.492076],[-104.758023,26.519303],[-104.852334,26.505329],[-104.870698,26.506156],[-105.001069,26.531932],[-105.097759,26.42892],[-105.10847,26.445577],[-105.114818,26.459945],[-105.116663,26.462762],[-105.118996,26.46508],[-105.12035,26.467483],[-105.123778,26.467643],[-105.128668,26.466308],[-105.134903,26.464557],[-105.141383,26.462721],[-105.14835,26.46047],[-105.197703,26.439312],[-105.205193,26.44812],[-105.205904,26.466617],[-105.215065,26.464689],[-105.227155,26.461842],[-105.234215,26.456121],[-105.234431,26.450917],[-105.241187,26.456428],[-105.249652,26.461272],[-105.262379,26.463045],[-105.269147,26.470206],[-105.269707,26.482097],[-105.28148,26.487423],[-105.289215,26.487849],[-105.291156,26.484278],[-105.291631,26.481291],[-105.296654,26.482272],[-105.298603,26.480525],[-105.301033,26.47687],[-105.301018,26.473885],[-105.303339,26.472966],[-105.30773,26.470051],[-105.311899,26.471531],[-105.31605,26.469612],[-105.317157,26.462431],[-105.330884,26.46725],[-105.340099,26.473985],[-105.346475,26.476437],[-105.355218,26.485485],[-105.347255,26.501952],[-105.348799,26.513508],[-105.469786,26.508855]]]}},{"type":"Feature","properties":{"district":18,"votes_jdch":56952,"votes_shh":20521,"votes_pvem":1629,"votes_mc":3821,"votes_mxrep":656,"votes_pueblo":702,"votes_no_reg":48,"votes_pan":46508,"votes_pri":8233,"votes_prd":1938,"votes_pt":978,"votes_morena":19543,"votes_nulos":2698,"votes_total":87027,"lista_nominal":146177,"participacion_pct":59.54,"ganador_candidatura":"JDCH","votos_ganador":56952,"segundo_lugar":"SHH","margen_votos":36431,"partido_mayor_votacion":"PAN","votos_partido_ganador":46508,"inegi_anio":2020,"inegi_disponible":true,"inegi_poblacion_total":166758,"inegi_poblacion_18ymas":121150,"inegi_poblacion_18a24":19191,"inegi_escolaridad_promedio":12.32,"inegi_pea_pct":64.53,"inegi_ocupacion_pct":98.44,"inegi_afiliacion_salud_pct":88.68,"inegi_discapacidad_pct":3.48,"inegi_lengua_indigena_pct":1.42,"inegi_internet_pct":74.34,"inegi_agua_entubada_pct":99.42,"inegi_drenaje_pct":99.52},"geometry":{"type":"Polygon","coordinates":[[[-106.158175,28.550916],[-106.189363,28.504105],[-106.200866,28.474784],[-106.229223,28.415367],[-106.252125,28.424299],[-106.2787,28.442496],[-106.299533,28.460219],[-106.331238,28.453171],[-106.344994,28.477393],[-106.350828,28.492452],[-106.349554,28.510287],[-106.342003,28.523927],[-106.334345,28.541132],[-106.323557,28.558271],[-106.315613,28.569756],[-106.31456,28.583443],[-106.335557,28.601988],[-106.359924,28.617609],[-106.362178,28.639238],[-106.330369,28.659644],[-106.325575,28.675839],[-106.331033,28.689076],[-106.357493,28.67326],[-106.382085,28.660683],[-106.403166,28.668105],[-106.431305,28.701433],[-106.475075,28.709615],[-106.500214,28.721721],[-106.51769,28.73031],[-106.521513,28.749936],[-106.516127,28.767911],[-106.511605,28.791444],[-106.514577,28.814436],[-106.530422,28.818163],[-106.537396,28.828609],[-106.539924,28.847948],[-106.532877,28.864287],[-106.53521,28.886291],[-106.561306,28.90057],[-106.57556,28.917211],[-106.590597,28.929262],[-106.596164,28.949462],[-106.617316,28.954166],[-106.638943,28.957612],[-106.654369,28.963909],[-106.663602,28.973476],[-106.638589,28.987396],[-106.608282,28.988595],[-106.615503,29.009596],[-106.621529,29.033113],[-106.632475,29.040572],[-106.598992,29.046483],[-106.597218,29.06315],[-106.586684,29.086789],[-106.564028,29.077448],[-106.541107,29.091231],[-106.522814,29.110672],[-106.5385,29.128623],[-106.552394,29.144689],[-106.554868,29.172678],[-106.547814,29.195506],[-106.546957,29.208496],[-106.565446,29.191877],[-106.586627,29.19567],[-106.603769,29.210094],[-106.602792,29.225219],[-106.576984,29.24022],[-106.566093,29.250483],[-106.557792,29.26805],[-106.560647,29.27932],[-106.575296,29.309606],[-106.593342,29.338067],[-106.572563,29.364704],[-106.586432,29.380288],[-106.591523,29.401339],[-106.58558,29.43183],[-106.579368,29.457282],[-106.559285,29.472105],[-106.54777,29.493931],[-106.534,29.521624],[-106.510278,29.549745],[-106.518792,29.604927],[-106.556017,29.695019],[-106.475938,29.682223],[-106.445058,29.735596],[-106.354249,29.723601],[-106.315934,29.752423],[-106.255165,29.780374],[-106.124917,29.744925],[-106.015223,29.733355],[-105.994144,29.720786],[-105.996464,29.706226],[-105.988853,29.703951],[-105.974335,29.696995],[-105.960094,29.685412],[-105.948697,29.671226],[-105.954596,29.664535],[-105.969462,29.659027],[-105.980014,29.652181],[-105.995802,29.643025],[-105.984043,29.635202],[-105.97518,29.615945],[-105.978849,29.594103],[-105.979625,29.583693],[-105.977635,29.573409],[-105.97535,29.566842],[-105.966222,29.569457],[-105.950017,29.564917],[-105.948479,29.552149],[-105.951972,29.539305],[-105.952467,29.52172],[-105.96236,29.508366],[-105.972013,29.501287],[-105.964348,29.484404],[-105.962005,29.469338],[-105.962826,29.460908],[-105.961608,29.451271],[-105.962934,29.431527],[-105.958839,29.422429],[-105.953429,29.410628],[-105.949609,29.402516],[-105.946797,29.394553],[-105.942001,29.387694],[-105.938067,29.380078],[-105.932048,29.374722],[-105.935734,29.370953],[-105.945287,29.377081],[-105.958913,29.391399],[-105.973426,29.400173],[-105.989115,29.405213],[-105.999575,29.40109],[-106.011828,29.398506],[-106.025718,29.396143],[-106.045813,29.40152],[-106.058496,29.39579],[-106.067563,29.391353],[-106.075828,29.384784],[-106.079345,29.373917],[-106.078183,29.346344],[-106.057292,29.313115],[-106.042478,29.304851],[-106.026805,29.306425],[-106.040685,29.284098],[-106.04966,29.266941],[-106.059053,29.25259],[-106.058523,29.238037],[-106.076793,29.225213],[-106.051083,29.2134],[-106.030643,29.203069],[-106.041389,29.187108],[-106.045496,29.172885],[-106.04021,29.158251],[-106.049715,29.151303],[-106.067359,29.145509],[-106.084527,29.151868],[-106.113593,29.158299],[-106.126572,29.14109],[-106.128395,29.119756],[-106.153917,29.114853],[-106.171546,29.108219],[-106.184654,29.097454],[-106.196267,29.089419],[-106.211147,29.086091],[-106.16502,29.016695],[-106.14557,28.991909],[-106.162406,28.977257],[-106.188121,28.965734],[-106.203077,28.952733],[-106.180539,28.938788],[-106.166885,28.930566],[-106.160352,28.930033],[-106.154128,28.929062],[-106.145958,28.927788],[-106.138903,28.923935],[-106.133945,28.921846],[-106.128393,28.921243],[-106.124985,28.921931],[-106.125084,28.919702],[-106.126753,28.915138],[-106.126307,28.913375],[-106.12434,28.910968],[-106.124211,28.907322],[-106.124807,28.905169],[-106.124634,28.902601],[-106.122331,28.898904],[-106.12,28.895742],[-106.11876,28.894276],[-106.117084,28.892155],[-106.115128,28.889903],[-106.113035,28.887162],[-106.101521,28.849769],[-106.086705,28.796656],[-106.06303,28.758683],[-106.087112,28.759232],[-106.088584,28.756306],[-106.090084,28.75521],[-106.09287,28.737349],[-106.092536,28.734094],[-106.093051,28.729987],[-106.095668,28.729569],[-106.098144,28.729093],[-106.101973,28.728658],[-106.105587,28.728707],[-106.108307,28.734701],[-106.110408,28.739337],[-106.111082,28.740815],[-106.112409,28.743687],[-106.113809,28.746734],[-106.114726,28.748731],[-106.116365,28.752302],[-106.119049,28.758182],[-106.121951,28.76493],[-106.124366,28.770869],[-106.134553,28.769296],[-106.144824,28.770287],[-106.146881,28.773453],[-106.155508,28.771748],[-106.160785,28.770833],[-106.162552,28.769391],[-106.165435,28.76813],[-106.168496,28.76778],[-106.168664,28.758622],[-106.163809,28.749758],[-106.177027,28.747624],[-106.178743,28.746021],[-106.176965,28.744859],[-106.176122,28.74359],[-106.174563,28.743227],[-106.175959,28.739802],[-106.176759,28.73796],[-106.157403,28.697056],[-106.155162,28.696103],[-106.151763,28.695935],[-106.144466,28.692783],[-106.139462,28.689821],[-106.13797,28.691598],[-106.133673,28.69285],[-106.132491,28.689426],[-106.133549,28.686549],[-106.132468,28.683078],[-106.131294,28.680619],[-106.130281,28.673556],[-106.12996,28.670537],[-106.128687,28.668931],[-106.126914,28.667245],[-106.126664,28.666091],[-106.123376,28.664715],[-106.120877,28.661249],[-106.122652,28.659201],[-106.120017,28.653567],[-106.117807,28.648811],[-106.115313,28.646131],[-106.114681,28.64293],[-106.108311,28.642538],[-106.10391,28.643672],[-106.100625,28.642033],[-106.098295,28.638836],[-106.093119,28.636748],[-106.088716,28.635271],[-106.08544,28.633189],[-106.083455,28.634059],[-106.080039,28.632598],[-106.081787,28.630414],[-106.085842,28.625029],[-106.087625,28.62058],[-106.0888,28.617023],[-106.087473,28.614305],[-106.089726,28.611451],[-106.098432,28.605319],[-106.097137,28.602019],[-106.094317,28.600213],[-106.093097,28.597924],[-106.097322,28.594975],[-106.098297,28.592152],[-106.099777,28.589917],[-106.1011,28.586639],[-106.101172,28.585278],[-106.104465,28.583917],[-106.1056,28.582886],[-106.102557,28.579017],[-106.099591,28.576541],[-106.098061,28.575414],[-106.10276,28.558172],[-106.113897,28.5658],[-106.122695,28.57241],[-106.126851,28.57198],[-106.130297,28.57346],[-106.141404,28.567579],[-106.145303,28.566201],[-106.149117,28.56146],[-106.158175,28.550916]]]}},{"type":"Feature","properties":{"district":19,"votes_jdch":30576,"votes_shh":26550,"votes_pvem":1911,"votes_mc":4687,"votes_mxrep":545,"votes_pueblo":0,"votes_no_reg":17,"votes_pan":24351,"votes_pri":4965,"votes_prd":1016,"votes_pt":1665,"votes_morena":24885,"votes_nulos":3161,"votes_total":67447,"lista_nominal":123655,"participacion_pct":54.54,"ganador_candidatura":"JDCH","votos_ganador":30576,"segundo_lugar":"SHH","margen_votos":4026,"partido_mayor_votacion":"MOR","votos_partido_ganador":24885,"inegi_anio":2020,"inegi_disponible":true,"inegi_poblacion_total":150776,"inegi_poblacion_18ymas":105782,"inegi_poblacion_18a24":16690,"inegi_escolaridad_promedio":10.2,"inegi_pea_pct":61.9,"inegi_ocupacion_pct":97.88,"inegi_afiliacion_salud_pct":86.68,"inegi_discapacidad_pct":4.66,"inegi_lengua_indigena_pct":0.68,"inegi_internet_pct":59.08,"inegi_agua_entubada_pct":99.72,"inegi_drenaje_pct":99.74},"geometry":{"type":"Polygon","coordinates":[[[-105.473527,28.05659],[-105.488283,28.034718],[-105.539945,28.011142],[-105.550227,28.006309],[-105.562343,28.00673],[-105.653054,28.077076],[-105.642068,28.086739],[-105.643104,28.091211],[-105.578776,28.123479],[-105.577753,28.127903],[-105.551888,28.144346],[-105.543755,28.148965],[-105.53697,28.158051],[-105.53285,28.164909],[-105.534327,28.173546],[-105.53048,28.176312],[-105.523941,28.180771],[-105.495511,28.195517],[-105.500419,28.231249],[-105.508528,28.25403],[-105.485949,28.25888],[-105.4764,28.260932],[-105.465554,28.258282],[-105.458535,28.251622],[-105.459551,28.24592],[-105.455198,28.242569],[-105.434467,28.253949],[-105.408386,28.264078],[-105.399557,28.281452],[-105.405375,28.297626],[-105.40231,28.305018],[-105.385375,28.308958],[-105.368208,28.306285],[-105.355398,28.306344],[-105.348447,28.301373],[-105.340561,28.296977],[-105.334183,28.288576],[-105.32753,28.285988],[-105.322258,28.283623],[-105.313521,28.28543],[-105.312334,28.275946],[-105.315017,28.271299],[-105.311522,28.266876],[-105.31632,28.266531],[-105.32075,28.263784],[-105.324494,28.264974],[-105.32911,28.261646],[-105.340651,28.256184],[-105.346517,28.258361],[-105.351756,28.255362],[-105.351878,28.249189],[-105.357988,28.243577],[-105.356489,28.239232],[-105.353618,28.236009],[-105.355486,28.230949],[-105.351366,28.22392],[-105.36061,28.219157],[-105.356589,28.194614],[-105.351535,28.18912],[-105.353964,28.184431],[-105.362112,28.172472],[-105.362033,28.150799],[-105.361974,28.123313],[-105.362176,28.075425],[-105.368981,28.066639],[-105.378536,28.070137],[-105.382859,28.074574],[-105.388693,28.081909],[-105.398972,28.080153],[-105.401164,28.069815],[-105.405536,28.06546],[-105.409589,28.059491],[-105.41511,28.054455],[-105.420997,28.047889],[-105.463689,28.056526],[-105.473527,28.05659]]]}},{"type":"Feature","properties":{"district":21,"votes_jdch":32614,"votes_shh":22384,"votes_pvem":2220,"votes_mc":18325,"votes_mxrep":1027,"votes_pueblo":1140,"votes_no_reg":11,"votes_pan":16448,"votes_pri":14580,"votes_prd":1282,"votes_pt":3549,"votes_morena":18835,"votes_nulos":4404,"votes_total":82125,"lista_nominal":138552,"participacion_pct":59.27,"ganador_candidatura":"JDCH","votos_ganador":32614,"segundo_lugar":"SHH","margen_votos":10230,"partido_mayor_votacion":"MOR","votos_partido_ganador":18835,"inegi_anio":2020,"inegi_disponible":true,"inegi_poblacion_total":152848,"inegi_poblacion_18ymas":108586,"inegi_poblacion_18a24":16979,"inegi_escolaridad_promedio":9.71,"inegi_pea_pct":55.43,"inegi_ocupacion_pct":97.59,"inegi_afiliacion_salud_pct":88.7,"inegi_discapacidad_pct":5.91,"inegi_lengua_indigena_pct":1.63,"inegi_internet_pct":52.16,"inegi_agua_entubada_pct":99.23,"inegi_drenaje_pct":98.31},"geometry":{"type":"Polygon","coordinates":[[[-106.501174,27.358736],[-106.483446,27.359203],[-106.443659,27.354998],[-106.428398,27.363983],[-106.396199,27.372885],[-106.370089,27.388224],[-106.376766,27.406055],[-106.390172,27.437294],[-106.423146,27.453636],[-106.445205,27.463619],[-106.478697,27.479714],[-106.494211,27.497025],[-106.518934,27.5055],[-106.508977,27.522169],[-106.519493,27.522384],[-106.534381,27.544055],[-106.508019,27.554969],[-106.520913,27.588409],[-106.52941,27.608824],[-106.52471,27.627462],[-106.497569,27.635046],[-106.519473,27.64352],[-106.546177,27.653118],[-106.555615,27.641145],[-106.585403,27.643545],[-106.60615,27.638083],[-106.629993,27.644278],[-106.641374,27.625408],[-106.64366,27.600253],[-106.658885,27.588845],[-106.680882,27.594403],[-106.709984,27.606515],[-106.737476,27.618825],[-106.750715,27.635464],[-106.780593,27.643033],[-106.781512,27.655466],[-106.785987,27.675494],[-106.795161,27.701254],[-106.809079,27.718321],[-106.816786,27.7332],[-106.812523,27.751953],[-106.833143,27.745959],[-106.850238,27.734707],[-106.869349,27.749834],[-106.884593,27.762016],[-106.899449,27.772385],[-106.906072,27.788504],[-106.916171,27.805009],[-106.897755,27.831291],[-106.877491,27.848181],[-106.896476,27.871965],[-106.916603,27.886417],[-106.91246,27.903686],[-106.905676,27.917923],[-106.9129,27.931315],[-106.917781,27.945878],[-106.923446,27.963734],[-106.926248,27.980704],[-106.9352,27.992679],[-106.951195,28.012187],[-106.953271,28.030234],[-106.967481,28.065837],[-106.977767,28.082081],[-107.000791,28.09782],[-107.017885,28.083825],[-107.028413,28.071449],[-107.051819,28.075706],[-107.073263,28.081791],[-107.125018,28.116928],[-107.165667,28.1475],[-107.176444,28.167177],[-107.200602,28.175082],[-107.211108,28.188143],[-107.211926,28.20327],[-107.206185,28.225315],[-107.191223,28.244874],[-107.173471,28.262144],[-107.199027,28.2601],[-107.186736,28.2848],[-107.174931,28.304046],[-107.151405,28.305281],[-107.143142,28.291742],[-107.132587,28.298028],[-107.12307,28.315139],[-107.101961,28.330106],[-107.089428,28.34211],[-107.067185,28.356171],[-107.05654,28.345374],[-106.991179,28.309114],[-106.976763,28.2777],[-106.950382,28.272535],[-106.922853,28.289503],[-106.837361,28.334008],[-106.799716,28.347457],[-106.767344,28.342488],[-106.737653,28.357927],[-106.727124,28.378713],[-106.672293,28.380668],[-106.650531,28.378872],[-106.65063,28.384569],[-106.656583,28.400711],[-106.653682,28.414107],[-106.648921,28.418971],[-106.649553,28.430113],[-106.634572,28.423364],[-106.629855,28.425502],[-106.623299,28.432276],[-106.612955,28.430446],[-106.606319,28.42405],[-106.596399,28.430639],[-106.586669,28.427235],[-106.579359,28.433227],[-106.573402,28.43661],[-106.563828,28.427712],[-106.551207,28.41908],[-106.53816,28.423372],[-106.526438,28.419604],[-106.518744,28.412136],[-106.50313,28.418533],[-106.480536,28.436123],[-106.453526,28.444927],[-106.454509,28.457146],[-106.446235,28.480897],[-106.433888,28.507183],[-106.418245,28.531033],[-106.393041,28.544512],[-106.367074,28.537333],[-106.349113,28.5174],[-106.350521,28.504477],[-106.356131,28.479736],[-106.339425,28.464902],[-106.316647,28.458887],[-106.289114,28.451068],[-106.272269,28.430421],[-106.238486,28.419553],[-106.250754,28.371318],[-106.224987,28.276157],[-106.221265,28.252209],[-106.218032,28.225438],[-106.224584,28.212141],[-106.237975,28.195412],[-106.238032,28.180237],[-106.267978,28.18673],[-106.290561,28.191015],[-106.295652,28.162132],[-106.26992,28.149405],[-106.25591,28.137779],[-106.281355,28.143462],[-106.29139,28.131886],[-106.249582,28.099229],[-106.226611,28.10632],[-106.194373,28.107468],[-106.153993,28.113084],[-106.124583,28.116718],[-106.094513,28.113318],[-106.067019,28.134152],[-106.060552,28.131932],[-106.067247,28.104815],[-106.036006,28.08677],[-106.021,28.073826],[-105.998509,28.081297],[-105.974093,28.065697],[-105.965777,28.037364],[-105.966876,28.02077],[-105.985756,28.013022],[-105.978947,28.001804],[-105.941104,27.961366],[-105.894353,27.946104],[-105.876717,27.928655],[-105.867963,27.898822],[-105.779147,27.915483],[-105.775152,27.904728],[-105.772122,27.900603],[-105.774283,27.897748],[-105.761375,27.893667],[-105.767944,27.886112],[-105.777549,27.87808],[-105.777088,27.866934],[-105.780399,27.856347],[-105.782707,27.847074],[-105.784436,27.840357],[-105.788395,27.837016],[-105.794845,27.831874],[-105.802371,27.827543],[-105.810565,27.824536],[-105.816724,27.820691],[-105.823782,27.812766],[-105.826814,27.805271],[-105.832046,27.801008],[-105.838973,27.793782],[-105.86395,27.780561],[-105.866315,27.756733],[-105.866601,27.750018],[-105.824966,27.744053],[-105.776227,27.751984],[-105.765161,27.751381],[-105.756203,27.750356],[-105.74902,27.744307],[-105.746241,27.736943],[-105.746244,27.729761],[-105.746302,27.72324],[-105.744586,27.714686],[-105.744164,27.706552],[-105.745257,27.701895],[-105.700633,27.699023],[-105.667063,27.707331],[-105.654784,27.701737],[-105.653537,27.699644],[-105.637588,27.693342],[-105.636801,27.688631],[-105.634709,27.68453],[-105.62965,27.683587],[-105.61756,27.681148],[-105.603373,27.684265],[-105.59602,27.681034],[-105.59139,27.683435],[-105.587042,27.685467],[-105.581531,27.67652],[-105.591684,27.667252],[-105.599426,27.653603],[-105.613813,27.646464],[-105.619646,27.638383],[-105.607956,27.634309],[-105.603155,27.626958],[-105.602649,27.616925],[-105.604391,27.608372],[-105.600678,27.599023],[-105.593801,27.593592],[-105.580608,27.587617],[-105.566866,27.577415],[-105.551231,27.573692],[-105.537958,27.570783],[-105.524916,27.566544],[-105.512264,27.563711],[-105.502866,27.563929],[-105.492444,27.561331],[-105.483578,27.554412],[-105.479948,27.560983],[-105.474863,27.554831],[-105.474603,27.548654],[-105.46688,27.545622],[-105.465203,27.54862],[-105.460504,27.548644],[-105.461882,27.539846],[-105.448914,27.530872],[-105.444217,27.531061],[-105.433086,27.530868],[-105.423124,27.524946],[-105.420901,27.514589],[-105.427242,27.507094],[-105.429292,27.502688],[-105.42856,27.492988],[-105.421094,27.488711],[-105.418372,27.499092],[-105.415844,27.494377],[-105.417238,27.486657],[-105.417504,27.477698],[-105.409177,27.473674],[-105.403926,27.468474],[-105.402963,27.459935],[-105.401517,27.452395],[-105.405062,27.44906],[-105.403337,27.438784],[-105.409445,27.4327],[-105.412422,27.423065],[-105.409835,27.413042],[-105.418234,27.413001],[-105.417999,27.403381],[-105.417641,27.393845],[-105.420751,27.385204],[-105.425253,27.379459],[-105.429729,27.371475],[-105.43691,27.362731],[-105.430452,27.359445],[-105.429143,27.353148],[-105.427353,27.34789],[-105.427652,27.341792],[-105.427733,27.338142],[-105.432225,27.331734],[-105.434093,27.322601],[-105.431286,27.314819],[-105.431645,27.303288],[-105.427227,27.29485],[-105.418615,27.286432],[-105.397272,27.286616],[-105.376178,27.286962],[-105.36086,27.285289],[-105.366488,27.275311],[-105.38277,27.266653],[-105.405818,27.2618],[-105.413823,27.263212],[-105.40634,27.24602],[-105.399486,27.222135],[-105.407883,27.209997],[-105.422915,27.205051],[-105.427002,27.190347],[-105.423638,27.176717],[-105.421267,27.160515],[-105.423754,27.145479],[-105.426608,27.131022],[-105.435363,27.119956],[-105.444973,27.111039],[-105.463544,27.116172],[-105.47227,27.124521],[-105.478311,27.114608],[-105.485824,27.107587],[-105.492108,27.098996],[-105.48892,27.089328],[-105.482165,27.080154],[-105.486732,27.06644],[-105.500391,27.058842],[-105.515412,27.038105],[-105.506445,27.029181],[-105.500121,27.023148],[-105.503383,27.020657],[-105.506824,27.018852],[-105.513342,27.015631],[-105.520229,27.011418],[-105.503672,26.974151],[-105.492365,26.975223],[-105.484015,26.969932],[-105.484892,26.955886],[-105.491292,26.945972],[-105.495708,26.940695],[-105.508258,26.933169],[-105.518705,26.926643],[-105.49235,26.891026],[-105.578421,26.867228],[-105.590451,26.870611],[-105.602113,26.877464],[-105.60457,26.869448],[-105.611322,26.868783],[-105.619179,26.877042],[-105.628633,26.88001],[-105.639314,26.876284],[-105.651346,26.875118],[-105.672565,26.843286],[-105.668161,26.832319],[-105.678925,26.827941],[-105.675217,26.819078],[-105.67716,26.809125],[-105.671882,26.797972],[-105.667571,26.783696],[-105.679907,26.77724],[-105.699668,26.76469],[-105.710047,26.75932],[-105.724056,26.74896],[-105.77389,26.738319],[-105.761871,26.727084],[-105.759286,26.714451],[-105.767565,26.696688],[-105.784918,26.690514],[-105.788751,26.681882],[-105.787573,26.674862],[-105.857428,26.703478],[-105.864885,26.712098],[-105.86325,26.719389],[-105.865813,26.729043],[-105.863963,26.739065],[-105.870137,26.742485],[-105.875831,26.736069],[-105.909433,26.755497],[-105.942926,26.764913],[-105.953638,26.767792],[-105.953682,26.77143],[-105.945772,26.777043],[-105.941115,26.787919],[-105.947712,26.795467],[-105.953571,26.802856],[-105.95761,26.811915],[-105.965641,26.816058],[-105.975287,26.821591],[-105.980691,26.821706],[-105.9905,26.820539],[-105.999093,26.830174],[-106.008304,26.830292],[-106.018037,26.823087],[-106.015822,26.813061],[-106.02419,26.81451],[-106.046085,26.827113],[-106.066755,26.811952],[-106.106363,26.833792],[-106.115599,26.83709],[-106.120916,26.840403],[-106.130156,26.840955],[-106.136191,26.839874],[-106.141699,26.838926],[-106.147819,26.83785],[-106.154824,26.844474],[-106.157285,26.851178],[-106.161776,26.861213],[-106.17536,26.871873],[-106.181512,26.881805],[-106.187789,26.893557],[-106.194577,26.891625],[-106.20118,26.889673],[-106.208431,26.890254],[-106.227481,26.892658],[-106.234975,26.8915],[-106.243704,26.894231],[-106.248753,26.901843],[-106.247906,26.910944],[-106.250996,26.922196],[-106.255311,26.930635],[-106.263306,26.933944],[-106.267133,26.943541],[-106.274034,26.953385],[-106.283085,26.960953],[-106.298442,26.986224],[-106.309519,26.995385],[-106.314612,26.999924],[-106.318748,27.00361],[-106.33403,27.017225],[-106.349734,27.040633],[-106.34767,27.051887],[-106.347159,27.058286],[-106.368849,27.057246],[-106.38104,27.060296],[-106.383406,27.070387],[-106.391668,27.076376],[-106.403602,27.07475],[-106.41333,27.07631],[-106.43032,27.077942],[-106.473509,27.061378],[-106.490122,27.126375],[-106.495935,27.136983],[-106.500438,27.15263],[-106.49805,27.1661],[-106.504803,27.172741],[-106.514035,27.175339],[-106.534744,27.172271],[-106.571194,27.179011],[-106.583156,27.17508],[-106.59525,27.167841],[-106.609664,27.167803],[-106.615463,27.172113],[-106.604708,27.1865],[-106.593814,27.200915],[-106.572162,27.213869],[-106.536915,27.221474],[-106.553546,27.230131],[-106.584306,27.239181],[-106.592608,27.247848],[-106.552866,27.254753],[-106.542665,27.266455],[-106.566394,27.286886],[-106.577057,27.297108],[-106.549752,27.3123],[-106.519017,27.335741],[-106.544627,27.351929],[-106.512173,27.361511],[-106.501174,27.358736]]]}},{"type":"Feature","properties":{"district":1,"votes_jdch":24121,"votes_shh":23675,"votes_pvem":2472,"votes_mc":9033,"votes_mxrep":1028,"votes_pueblo":811,"votes_no_reg":31,"votes_pan":13554,"votes_pri":8224,"votes_prd":2048,"votes_pt":3524,"votes_morena":20051,"votes_nulos":3909,"votes_total":65080,"lista_nominal":126894,"participacion_pct":51.29,"ganador_candidatura":"JDCH","votos_ganador":24121,"segundo_lugar":"SHH","margen_votos":446,"partido_mayor_votacion":"MOR","votos_partido_ganador":20051,"inegi_anio":2020,"inegi_disponible":true,"inegi_poblacion_total":145986,"inegi_poblacion_18ymas":96964,"inegi_poblacion_18a24":16337,"inegi_escolaridad_promedio":8.74,"inegi_pea_pct":58.96,"inegi_ocupacion_pct":97.88,"inegi_afiliacion_salud_pct":77.19,"inegi_discapacidad_pct":5.3,"inegi_lengua_indigena_pct":2.86,"inegi_internet_pct":41.02,"inegi_agua_entubada_pct":99.43,"inegi_drenaje_pct":97.65},"geometry":{"type":"Polygon","coordinates":[[[-108.01168,29.774738],[-108.153039,29.797976],[-108.183977,29.84461],[-108.192881,29.858976],[-108.207236,29.893263],[-108.241558,29.940996],[-108.245418,29.968339],[-108.296727,29.950062],[-108.359361,29.971063],[-108.39888,29.967536],[-108.460651,29.974024],[-108.512308,29.998376],[-108.553468,30.009687],[-108.569831,30.012253],[-108.574774,30.02006],[-108.562196,30.034928],[-108.58151,30.048913],[-108.591743,30.066801],[-108.603292,30.074869],[-108.611641,30.084405],[-108.617536,30.103827],[-108.614776,30.124069],[-108.592489,30.142125],[-108.569447,30.143732],[-108.569146,30.166635],[-108.582744,30.186275],[-108.571546,30.20084],[-108.575019,30.221561],[-108.561727,30.22333],[-108.54021,30.217562],[-108.538589,30.235993],[-108.541855,30.251748],[-108.524462,30.26992],[-108.505987,30.292975],[-108.498137,30.313375],[-108.493325,30.333168],[-108.506649,30.341794],[-108.527696,30.349214],[-108.548265,30.360099],[-108.580234,30.368907],[-108.611644,30.366185],[-108.627044,30.455972],[-108.602453,30.492049],[-108.637591,30.521007],[-108.673135,30.560903],[-108.738417,30.571271],[-108.824189,30.596759],[-108.864141,30.618384],[-108.833206,30.650001],[-108.796178,30.678758],[-108.800071,30.729143],[-108.829218,30.880475],[-108.850183,30.88744],[-108.875899,30.888855],[-108.88763,30.933214],[-108.901722,30.963792],[-108.886463,31.057629],[-108.884783,31.083877],[-108.909963,31.109093],[-108.907332,31.132163],[-108.917181,31.140456],[-108.92342,31.150771],[-108.938689,31.173332],[-108.941263,31.215648],[-108.946112,31.233957],[-108.947172,31.248917],[-108.947804,31.258175],[-108.921264,31.239487],[-108.859224,31.208387],[-108.832249,31.197442],[-108.801334,31.1961],[-108.805775,31.250783],[-108.78553,31.263479],[-108.774065,31.270666],[-108.754073,31.283193],[-108.750238,31.292366],[-108.745948,31.307747],[-108.744326,31.317875],[-108.769811,31.326568],[-108.800297,31.324397],[-108.207065,31.615732],[-107.905881,31.783258],[-107.119083,31.782722],[-106.862815,31.757211],[-106.845689,31.740977],[-106.866844,31.669149],[-106.825859,31.604353],[-106.726701,31.586326],[-106.73783,31.561929],[-106.717977,31.539994],[-106.752539,31.52629],[-106.740875,31.480964],[-106.963495,31.329324],[-106.944238,31.313691],[-106.931354,31.296363],[-106.897446,31.261237],[-106.875755,31.219981],[-106.840897,31.165931],[-106.905676,31.074427],[-106.988808,31.028526],[-107.013055,30.9773],[-106.989092,30.936725],[-106.997314,30.906913],[-107.014275,30.881132],[-107.053498,30.855457],[-107.078696,30.819917],[-107.091533,30.755565],[-107.100803,30.702616],[-107.104402,30.638432],[-107.086076,30.573825],[-107.093169,30.523184],[-107.057284,30.490574],[-107.139563,30.443981],[-107.118364,30.319866],[-107.030179,30.331342],[-106.995607,30.300406],[-106.942754,30.302147],[-106.8767,30.278105],[-106.84938,30.242473],[-106.811563,30.218962],[-106.8046,30.186908],[-106.788826,30.118341],[-106.784644,30.023298],[-106.791194,29.970406],[-106.744832,29.905973],[-106.649448,29.88226],[-106.648509,29.829895],[-106.627307,29.771848],[-106.658,29.744176],[-106.621375,29.703264],[-106.479453,29.571201],[-106.541165,29.566627],[-106.597832,29.569077],[-106.63901,29.570633],[-106.67636,29.559221],[-106.718997,29.550094],[-106.747665,29.5429],[-106.757756,29.520815],[-106.770927,29.537949],[-106.807972,29.54591],[-106.838331,29.550294],[-106.859497,29.531667],[-106.890143,29.521462],[-106.922449,29.516198],[-106.959113,29.504463],[-106.947915,29.523511],[-106.962734,29.537644],[-106.991232,29.545511],[-107.029192,29.538788],[-107.058509,29.537966],[-107.047714,29.558175],[-107.05774,29.568855],[-107.081285,29.572892],[-107.106581,29.568488],[-107.091344,29.552228],[-107.117817,29.541996],[-107.155234,29.532102],[-107.185863,29.519693],[-107.212474,29.522634],[-107.250863,29.528589],[-107.272319,29.503879],[-107.307104,29.50631],[-107.34006,29.514164],[-107.36119,29.513363],[-107.406919,29.515239],[-107.433228,29.512023],[-107.46743,29.499956],[-107.502904,29.485745],[-107.536257,29.469278],[-107.559941,29.449499],[-107.611223,29.455046],[-107.651816,29.467347],[-107.684345,29.476963],[-107.723707,29.474316],[-107.784708,29.487263],[-107.801619,29.508095],[-107.811702,29.524438],[-107.820665,29.534663],[-107.854043,29.515873],[-107.871592,29.508067],[-107.898787,29.522702],[-107.911953,29.517565],[-107.937675,29.566694],[-107.917002,29.610168],[-107.936939,29.646977],[-107.9609,29.675045],[-107.980959,29.720142],[-108.004918,29.773298],[-108.01168,29.774738]]]}},{"type":"Feature","properties":{"district":3,"votes_jdch":9068,"votes_shh":42738,"votes_pvem":3446,"votes_mc":3536,"votes_mxrep":390,"votes_pueblo":3227,"votes_no_reg":53,"votes_pan":4840,"votes_pri":3540,"votes_prd":445,"votes_pt":2321,"votes_morena":40274,"votes_nulos":5263,"votes_total":67721,"lista_nominal":158618,"participacion_pct":42.69,"ganador_candidatura":"SHH","votos_ganador":42738,"segundo_lugar":"JDCH","margen_votos":33670,"partido_mayor_votacion":"MOR","votos_partido_ganador":40274,"inegi_anio":2020,"inegi_disponible":true,"inegi_poblacion_total":170902,"inegi_poblacion_18ymas":118602,"inegi_poblacion_18a24":20344,"inegi_escolaridad_promedio":8.7,"inegi_pea_pct":61.19,"inegi_ocupacion_pct":98.44,"inegi_afiliacion_salud_pct":73.6,"inegi_discapacidad_pct":5.32,"inegi_lengua_indigena_pct":0.47,"inegi_internet_pct":52.91,"inegi_agua_entubada_pct":99.03,"inegi_drenaje_pct":98.74},"geometry":{"type":"Polygon","coordinates":[[[-106.526186,31.713151],[-106.530182,31.716267],[-106.534099,31.716679],[-106.536826,31.717379],[-106.539699,31.71999],[-106.551375,31.739268],[-106.550644,31.742786],[-106.549798,31.744585],[-106.547061,31.745766],[-106.544179,31.746143],[-106.540926,31.747455],[-106.538564,31.748164],[-106.536317,31.749066],[-106.535076,31.750151],[-106.533704,31.751098],[-106.532661,31.75159],[-106.530645,31.751872],[-106.526026,31.750282],[-106.523505,31.750753],[-106.522161,31.752267],[-106.52176,31.754295],[-106.521326,31.756462],[-106.519509,31.75773],[-106.516448,31.759329],[-106.512578,31.76093],[-106.510683,31.760971],[-106.509745,31.760531],[-106.49347,31.751107],[-106.482379,31.747433],[-106.481528,31.74376],[-106.483658,31.740374],[-106.482435,31.736492],[-106.483134,31.733136],[-106.482115,31.729275],[-106.480146,31.724216],[-106.479343,31.720918],[-106.483098,31.71864],[-106.483096,31.714961],[-106.482922,31.711014],[-106.484947,31.709425],[-106.485105,31.706901],[-106.484128,31.703439],[-106.484554,31.700807],[-106.487746,31.700092],[-106.490782,31.700964],[-106.494358,31.701663],[-106.503485,31.70616],[-106.51452,31.705294],[-106.518059,31.708368],[-106.523261,31.711903],[-106.526186,31.713151]]]}},{"type":"Feature","properties":{"district":5,"votes_jdch":36575,"votes_shh":32882,"votes_pvem":2918,"votes_mc":5664,"votes_mxrep":870,"votes_pueblo":2595,"votes_no_reg":57,"votes_pan":27903,"votes_pri":7378,"votes_prd":1025,"votes_pt":1824,"votes_morena":30943,"votes_nulos":3116,"votes_total":84677,"lista_nominal":141771,"participacion_pct":59.73,"ganador_candidatura":"JDCH","votos_ganador":36575,"segundo_lugar":"SHH","margen_votos":3693,"partido_mayor_votacion":"MOR","votos_partido_ganador":30943,"inegi_anio":2020,"inegi_disponible":true,"inegi_poblacion_total":134839,"inegi_poblacion_18ymas":101263,"inegi_poblacion_18a24":15156,"inegi_escolaridad_promedio":12.76,"inegi_pea_pct":64.93,"inegi_ocupacion_pct":98.76,"inegi_afiliacion_salud_pct":82.32,"inegi_discapacidad_pct":3.56,"inegi_lengua_indigena_pct":0.28,"inegi_internet_pct":85.74,"inegi_agua_entubada_pct":99.78,"inegi_drenaje_pct":99.67},"geometry":{"type":"Polygon","coordinates":[[[-106.421143,31.665094],[-106.426293,31.667957],[-106.425101,31.672229],[-106.429143,31.67238],[-106.433612,31.672532],[-106.437198,31.674825],[-106.43768,31.677851],[-106.436424,31.682772],[-106.435065,31.686271],[-106.431558,31.68639],[-106.429996,31.68681],[-106.428756,31.691263],[-106.424446,31.692612],[-106.424437,31.701098],[-106.424611,31.710367],[-106.419727,31.714368],[-106.4159,31.716623],[-106.413891,31.719058],[-106.413497,31.722141],[-106.413414,31.725597],[-106.407545,31.728563],[-106.404919,31.729534],[-106.400573,31.731834],[-106.395174,31.734735],[-106.393064,31.737666],[-106.388197,31.736236],[-106.383845,31.733835],[-106.379064,31.730142],[-106.377378,31.726356],[-106.376654,31.72409],[-106.375755,31.721296],[-106.375025,31.718616],[-106.374256,31.71588],[-106.372534,31.712842],[-106.366709,31.708608],[-106.359958,31.704048],[-106.349004,31.695983],[-106.343127,31.682954],[-106.338934,31.671337],[-106.348826,31.667902],[-106.351711,31.661928],[-106.355319,31.650642],[-106.356371,31.647286],[-106.36366,31.648675],[-106.37057,31.650433],[-106.378283,31.65236],[-106.385512,31.654249],[-106.386984,31.658697],[-106.392155,31.66115],[-106.396449,31.664711],[-106.401406,31.665258],[-106.409682,31.665168],[-106.421143,31.665094]]]}},{"type":"Feature","properties":{"district":10,"votes_jdch":3258,"votes_shh":33878,"votes_pvem":1855,"votes_mc":2054,"votes_mxrep":225,"votes_pueblo":1582,"votes_no_reg":24,"votes_pan":1412,"votes_pri":1216,"votes_prd":539,"votes_pt":1613,"votes_morena":32169,"votes_nulos":2319,"votes_total":45195,"lista_nominal":117244,"participacion_pct":38.55,"ganador_candidatura":"SHH","votos_ganador":33878,"segundo_lugar":"JDCH","margen_votos":30620,"partido_mayor_votacion":"MOR","votos_partido_ganador":32169,"inegi_anio":2020,"inegi_disponible":true,"inegi_poblacion_total":168432,"inegi_poblacion_18ymas":105208,"inegi_poblacion_18a24":22922,"inegi_escolaridad_promedio":9.0,"inegi_pea_pct":69.86,"inegi_ocupacion_pct":98.17,"inegi_afiliacion_salud_pct":83.47,"inegi_discapacidad_pct":3.69,"inegi_lengua_indigena_pct":1.47,"inegi_internet_pct":38.14,"inegi_agua_entubada_pct":98.99,"inegi_drenaje_pct":99.03},"geometry":{"type":"Polygon","coordinates":[[[-106.261824,31.317111],[-106.285166,31.268539],[-106.312219,31.239898],[-106.403834,31.177561],[-106.506459,31.180357],[-106.521812,31.129517],[-106.676498,31.165485],[-106.765649,31.160313],[-106.840897,31.165931],[-106.875755,31.219981],[-106.897446,31.261237],[-106.931354,31.296363],[-106.944238,31.313691],[-106.963495,31.329324],[-106.565598,31.47381],[-106.444078,31.513703],[-106.434188,31.527382],[-106.433742,31.528218],[-106.433008,31.529107],[-106.427788,31.533392],[-106.427028,31.534007],[-106.42631,31.534598],[-106.425587,31.535188],[-106.424882,31.535757],[-106.424162,31.536357],[-106.423495,31.536897],[-106.422703,31.537555],[-106.421977,31.538143],[-106.421273,31.538718],[-106.420542,31.53932],[-106.419713,31.540002],[-106.418918,31.540653],[-106.418145,31.54127],[-106.417447,31.541858],[-106.416767,31.542405],[-106.416088,31.542968],[-106.415395,31.543543],[-106.414685,31.544115],[-106.413743,31.544885],[-106.413102,31.545423],[-106.412413,31.545978],[-106.411705,31.546548],[-106.410732,31.547345],[-106.409712,31.5482],[-106.40876,31.548983],[-106.407792,31.549778],[-106.404102,31.556405],[-106.403765,31.557302],[-106.402817,31.557995],[-106.402062,31.558547],[-106.401252,31.559145],[-106.400445,31.559738],[-106.39962,31.560342],[-106.398732,31.560992],[-106.397873,31.561622],[-106.397087,31.562198],[-106.395693,31.565825],[-106.392948,31.569141],[-106.393588,31.571782],[-106.39319,31.574949],[-106.393771,31.576398],[-106.397629,31.577267],[-106.401717,31.581584],[-106.390653,31.590789],[-106.388489,31.588568],[-106.379954,31.58117],[-106.376246,31.584111],[-106.374259,31.586054],[-106.371793,31.5881],[-106.370981,31.594854],[-106.36858,31.597041],[-106.364307,31.596553],[-106.360149,31.592528],[-106.357072,31.590395],[-106.354158,31.589872],[-106.350032,31.587277],[-106.34766,31.588068],[-106.341645,31.589816],[-106.338247,31.59063],[-106.329143,31.589255],[-106.325218,31.590648],[-106.313488,31.59544],[-106.308595,31.599716],[-106.304535,31.602785],[-106.305448,31.608091],[-106.302958,31.610475],[-106.300344,31.606266],[-106.277317,31.569725],[-106.256781,31.552955],[-106.236989,31.527279],[-106.222864,31.499763],[-106.214412,31.474902],[-106.180151,31.458549],[-106.183647,31.45038],[-106.212133,31.424414],[-106.248789,31.344622],[-106.263001,31.319253],[-106.261824,31.317111]],[[-106.36078,31.547286],[-106.35987,31.547748],[-106.359991,31.547687],[-106.36078,31.547286]]]}},{"type":"Feature","properties":{"district":14,"votes_jdch":33207,"votes_shh":23821,"votes_pvem":2313,"votes_mc":5483,"votes_mxrep":582,"votes_pueblo":395,"votes_no_reg":27,"votes_pan":25664,"votes_pri":5940,"votes_prd":1281,"votes_pt":2109,"votes_morena":21598,"votes_nulos":3641,"votes_total":69469,"lista_nominal":144991,"participacion_pct":47.91,"ganador_candidatura":"JDCH","votos_ganador":33207,"segundo_lugar":"SHH","margen_votos":9386,"partido_mayor_votacion":"PAN","votos_partido_ganador":25664,"inegi_anio":2020,"inegi_disponible":true,"inegi_poblacion_total":158482,"inegi_poblacion_18ymas":108309,"inegi_poblacion_18a24":18426,"inegi_escolaridad_promedio":9.4,"inegi_pea_pct":61.62,"inegi_ocupacion_pct":98.62,"inegi_afiliacion_salud_pct":86.3,"inegi_discapacidad_pct":4.06,"inegi_lengua_indigena_pct":2.12,"inegi_internet_pct":49.77,"inegi_agua_entubada_pct":99.37,"inegi_drenaje_pct":98.75},"geometry":{"type":"Polygon","coordinates":[[[-106.974527,28.273318],[-106.98832,28.303657],[-107.056042,28.344795],[-107.066071,28.358247],[-107.071583,28.401706],[-107.068262,28.414053],[-107.086667,28.419214],[-107.084297,28.436261],[-107.081876,28.455548],[-107.091558,28.476976],[-107.099625,28.499077],[-107.126593,28.528736],[-107.1754,28.546757],[-107.177597,28.585686],[-107.186529,28.592472],[-107.221512,28.57753],[-107.224759,28.619259],[-107.209294,28.650653],[-107.199033,28.679519],[-107.189225,28.722047],[-107.179094,28.733923],[-107.14914,28.769614],[-107.118024,28.814204],[-107.110188,28.835947],[-107.114453,28.865274],[-107.132821,28.895321],[-107.15754,28.906926],[-107.187017,28.924713],[-107.202278,28.944262],[-107.201457,28.974091],[-107.223618,29.004361],[-107.251782,29.031719],[-107.24473,29.049679],[-107.244309,29.066234],[-107.234521,29.08128],[-107.236012,29.104257],[-107.238711,29.112628],[-107.223181,29.112784],[-107.209653,29.121799],[-107.184683,29.103713],[-107.166803,29.106272],[-107.141508,29.095343],[-107.11554,29.107224],[-107.103927,29.128516],[-107.112846,29.146715],[-107.107865,29.166729],[-107.087291,29.181671],[-107.073602,29.195663],[-107.070256,29.20105],[-107.07044,29.189978],[-107.070076,29.172673],[-107.050806,29.165976],[-106.998238,29.143621],[-106.972649,29.122522],[-106.94937,29.108426],[-106.923422,29.107553],[-106.910918,29.112398],[-106.883192,29.107725],[-106.856754,29.086027],[-106.838471,29.100097],[-106.812499,29.106594],[-106.802082,29.101855],[-106.790918,29.081361],[-106.783754,29.059673],[-106.785728,29.03683],[-106.807622,29.014059],[-106.810993,28.983181],[-106.79078,28.959044],[-106.775602,28.946605],[-106.795279,28.927991],[-106.806097,28.902092],[-106.819216,28.920253],[-106.856024,28.911235],[-106.888731,28.904892],[-106.865669,28.883027],[-106.8219,28.835292],[-106.796447,28.82846],[-106.820031,28.820153],[-106.858454,28.809274],[-106.877315,28.790938],[-106.885033,28.777995],[-106.867832,28.763564],[-106.827003,28.74902],[-106.803119,28.743039],[-106.798711,28.712187],[-106.784827,28.699841],[-106.754216,28.71223],[-106.761179,28.686573],[-106.75654,28.661842],[-106.723535,28.624156],[-106.695977,28.632433],[-106.683881,28.627159],[-106.679804,28.610684],[-106.658023,28.601751],[-106.621655,28.58724],[-106.598873,28.5712],[-106.602015,28.552881],[-106.602329,28.523854],[-106.607429,28.503688],[-106.623439,28.493036],[-106.555027,28.443582],[-106.546933,28.424099],[-106.553776,28.422119],[-106.56845,28.430572],[-106.577648,28.438853],[-106.579144,28.424778],[-106.590906,28.42795],[-106.600118,28.428055],[-106.611035,28.421789],[-106.61523,28.436005],[-106.626409,28.431883],[-106.633922,28.428859],[-106.640926,28.42427],[-106.654291,28.431319],[-106.65315,28.418405],[-106.654843,28.410714],[-106.653615,28.394043],[-106.64769,28.382195],[-106.657141,28.381344],[-106.694469,28.375693],[-106.731374,28.374183],[-106.75611,28.351046],[-106.779934,28.343723],[-106.81539,28.35634],[-106.866577,28.294258],[-106.934434,28.285642],[-106.961833,28.271811],[-106.974527,28.273318]]]}},{"type":"Feature","properties":{"district":13,"votes_jdch":31433,"votes_shh":28917,"votes_pvem":2157,"votes_mc":5654,"votes_mxrep":2925,"votes_pueblo":1028,"votes_no_reg":23,"votes_pan":16559,"votes_pri":13118,"votes_prd":1365,"votes_pt":2831,"votes_morena":26086,"votes_nulos":5833,"votes_total":77970,"lista_nominal":141385,"participacion_pct":55.15,"ganador_candidatura":"JDCH","votos_ganador":31433,"segundo_lugar":"SHH","margen_votos":2516,"partido_mayor_votacion":"MOR","votos_partido_ganador":26086,"inegi_anio":2020,"inegi_disponible":true,"inegi_poblacion_total":157353,"inegi_poblacion_18ymas":106189,"inegi_poblacion_18a24":14807,"inegi_escolaridad_promedio":7.57,"inegi_pea_pct":56.14,"inegi_ocupacion_pct":98.0,"inegi_afiliacion_salud_pct":85.16,"inegi_discapacidad_pct":6.05,"inegi_lengua_indigena_pct":5.52,"inegi_internet_pct":17.6,"inegi_agua_entubada_pct":95.39,"inegi_drenaje_pct":82.68},"geometry":{"type":"Polygon","coordinates":[[[-108.387771,27.250579],[-108.402114,27.231228],[-108.425674,27.233159],[-108.449737,27.2375],[-108.464193,27.219143],[-108.472949,27.202409],[-108.483462,27.194916],[-108.487005,27.176718],[-108.49403,27.16333],[-108.497592,27.1528],[-108.498766,27.130033],[-108.499578,27.111103],[-108.485789,27.094776],[-108.480661,27.075721],[-108.480983,27.056711],[-108.481432,27.039033],[-108.472747,27.030506],[-108.46581,27.027718],[-108.452195,27.026225],[-108.436408,27.021994],[-108.416655,27.013867],[-108.422211,27.012397],[-108.433058,27.008931],[-108.440695,27.008603],[-108.450793,27.009349],[-108.460533,27.004723],[-108.461536,26.996213],[-108.452693,26.985883],[-108.505557,27.005559],[-108.53438,27.004819],[-108.551915,27.033617],[-108.570488,27.028006],[-108.592885,27.022188],[-108.598875,27.029545],[-108.60181,27.039462],[-108.612623,27.046398],[-108.631737,27.058437],[-108.64173,27.073831],[-108.631851,27.093305],[-108.618944,27.108184],[-108.617211,27.139744],[-108.62986,27.148745],[-108.628656,27.165694],[-108.632282,27.180996],[-108.640159,27.189357],[-108.633239,27.263536],[-108.612099,27.283691],[-108.61372,27.299933],[-108.603798,27.319333],[-108.612549,27.352523],[-108.604065,27.370974],[-108.6201,27.375998],[-108.630802,27.433167],[-108.60936,27.431018],[-108.58356,27.427179],[-108.580937,27.448952],[-108.589757,27.458773],[-108.608815,27.458555],[-108.615081,27.478572],[-108.639162,27.474983],[-108.655289,27.484548],[-108.660626,27.500191],[-108.654456,27.516303],[-108.643487,27.526933],[-108.628939,27.538513],[-108.637767,27.540558],[-108.655069,27.545644],[-108.668083,27.553507],[-108.686148,27.559571],[-108.700659,27.567825],[-108.715004,27.580627],[-108.729526,27.617645],[-108.721242,27.633059],[-108.729219,27.65186],[-108.738813,27.670747],[-108.75513,27.687074],[-108.774824,27.699334],[-108.790006,27.721555],[-108.809004,27.724585],[-108.822395,27.731508],[-108.831507,27.721386],[-108.842825,27.71858],[-108.849175,27.715266],[-108.860586,27.720604],[-108.879089,27.723623],[-108.889603,27.737472],[-108.882396,27.754312],[-108.873562,27.765318],[-108.868682,27.775169],[-108.873796,27.786718],[-108.887367,27.792392],[-108.901642,27.801603],[-108.901655,27.854411],[-108.889484,27.8797],[-108.892942,27.900124],[-108.908441,27.912807],[-108.920018,27.923157],[-108.927389,27.936777],[-108.952221,27.925116],[-108.971355,27.917814],[-108.98281,27.915887],[-108.976476,27.930539],[-108.965629,27.943158],[-108.97445,27.939596],[-108.98423,27.944234],[-108.993096,27.945066],[-108.997839,27.956964],[-109.000835,27.968794],[-108.994961,27.979628],[-108.986671,27.986338],[-108.997316,27.998376],[-109.009009,28.009057],[-109.011092,28.017126],[-109.023052,28.026301],[-109.031645,28.03559],[-109.035954,28.041353],[-109.037124,28.056682],[-109.045483,28.067133],[-109.04148,28.077702],[-109.056258,28.103098],[-109.064143,28.11521],[-109.068892,28.126109],[-109.057075,28.130868],[-109.043252,28.135148],[-109.034306,28.139795],[-109.048029,28.148617],[-109.055523,28.158992],[-109.063929,28.172508],[-109.060022,28.191451],[-109.063916,28.203768],[-109.055774,28.213466],[-109.054926,28.226658],[-109.064384,28.233281],[-109.06935,28.240777],[-109.058929,28.24826],[-109.052247,28.254628],[-109.053129,28.265979],[-109.045387,28.278244],[-109.028809,28.284044],[-109.014868,28.268506],[-109.004876,28.2589],[-108.996838,28.256156],[-108.98299,28.259852],[-108.977688,28.272796],[-108.967375,28.273845],[-108.958437,28.280561],[-108.943898,28.290395],[-108.938567,28.295253],[-108.926045,28.294785],[-108.916007,28.29247],[-108.904204,28.288842],[-108.895766,28.283774],[-108.891799,28.275101],[-108.8628,28.265274],[-108.861932,28.254701],[-108.849514,28.250287],[-108.836693,28.26815],[-108.818599,28.276878],[-108.808743,28.266839],[-108.798413,28.259541],[-108.787345,28.267176],[-108.782065,28.278414],[-108.782591,28.29508],[-108.780394,28.301234],[-108.770903,28.289946],[-108.766016,28.275388],[-108.760451,28.268879],[-108.7543,28.266769],[-108.749271,28.264154],[-108.704281,28.272202],[-108.705547,28.288947],[-108.713455,28.306307],[-108.719903,28.313641],[-108.724821,28.317585],[-108.721237,28.323169],[-108.712053,28.318178],[-108.705042,28.318395],[-108.696415,28.319951],[-108.686434,28.309241],[-108.683022,28.305367],[-108.682941,28.295414],[-108.678998,28.287812],[-108.686824,28.280374],[-108.692773,28.273198],[-108.672087,28.269116],[-108.666779,28.278443],[-108.658847,28.288451],[-108.655546,28.298511],[-108.653115,28.307817],[-108.647898,28.313079],[-108.638209,28.323182],[-108.622607,28.330089],[-108.609481,28.333495],[-108.572219,28.342198],[-108.56176,28.333555],[-108.545979,28.333653],[-108.533575,28.333232],[-108.526891,28.344968],[-108.516294,28.352747],[-108.507325,28.372983],[-108.520273,28.400357],[-108.518273,28.421607],[-108.531634,28.435244],[-108.543038,28.442561],[-108.555002,28.455096],[-108.57397,28.469761],[-108.581868,28.485373],[-108.568884,28.50078],[-108.569003,28.524068],[-108.579685,28.556452],[-108.568289,28.574517],[-108.559437,28.596446],[-108.554256,28.613137],[-108.562547,28.630015],[-108.555478,28.647381],[-108.559328,28.698161],[-108.623264,28.73007],[-108.677303,28.743482],[-108.691042,28.764638],[-108.703653,28.793912],[-108.721164,28.811258],[-108.714389,28.826415],[-108.695973,28.833846],[-108.691831,28.841712],[-108.703211,28.857725],[-108.700442,28.869489],[-108.704687,28.883004],[-108.706671,28.902151],[-108.709031,28.922624],[-108.718555,28.923633],[-108.712899,28.939205],[-108.705202,28.953572],[-108.687775,28.963092],[-108.685488,28.984749],[-108.680724,28.994679],[-108.683536,29.007986],[-108.699475,29.018649],[-108.703873,29.033974],[-108.712971,29.047236],[-108.708629,29.060488],[-108.700586,29.075988],[-108.686147,29.090866],[-108.696173,29.138386],[-108.710996,29.196481],[-108.708222,29.270739],[-108.673857,29.29974],[-108.597737,29.370654],[-108.596034,29.403107],[-108.610821,29.438249],[-108.557071,29.454444],[-108.542512,29.460694],[-108.536535,29.471015],[-108.493697,29.481011],[-108.493151,29.498037],[-108.511409,29.523593],[-108.525002,29.532539],[-108.541305,29.543553],[-108.535592,29.553469],[-108.539059,29.565324],[-108.543622,29.600557],[-108.544302,29.641813],[-108.541403,29.678894],[-108.542227,29.711109],[-108.556844,29.73026],[-108.55814,29.74908],[-108.555952,29.759518],[-108.559894,29.765928],[-108.55641,29.773762],[-108.565355,29.779003],[-108.560355,29.789851],[-108.566583,29.793104],[-108.568222,29.799939],[-108.57524,29.809008],[-108.571083,29.82104],[-108.576353,29.835846],[-108.582713,29.84233],[-108.593702,29.84424],[-108.602291,29.845744],[-108.615185,29.841175],[-108.621891,29.845351],[-108.622842,29.853653],[-108.623186,29.864501],[-108.626116,29.87427],[-108.633407,29.904168],[-108.603596,29.898697],[-108.55342,29.903805],[-108.51061,29.934116],[-108.544984,29.965892],[-108.540245,30.003679],[-108.496641,29.988587],[-108.423656,29.975428],[-108.390951,29.967863],[-108.330831,29.967385],[-108.284496,29.957428],[-108.231432,29.963686],[-108.219486,29.922928],[-108.205296,29.879076],[-108.190883,29.852016],[-108.178323,29.843479],[-108.121867,29.780787],[-107.999472,29.766488],[-107.98156,29.717441],[-107.956445,29.671546],[-107.930907,29.643278],[-107.911286,29.606259],[-107.938875,29.560879],[-107.908441,29.518748],[-107.89563,29.521572],[-107.868938,29.506851],[-107.850329,29.522748],[-107.820593,29.533653],[-107.810359,29.521973],[-107.800723,29.506246],[-107.766054,29.480426],[-107.71893,29.474925],[-107.682205,29.476811],[-107.646886,29.464076],[-107.607441,29.45383],[-107.559792,29.449744],[-107.531475,29.469979],[-107.499874,29.487039],[-107.464017,29.501658],[-107.429192,29.51314],[-107.4034,29.515205],[-107.360812,29.5133],[-107.335671,29.513376],[-107.302478,29.504445],[-107.271402,29.506677],[-107.246234,29.526887],[-107.209836,29.522523],[-107.182804,29.522632],[-107.15108,29.531963],[-107.113556,29.544168],[-107.095515,29.554433],[-107.104834,29.570398],[-107.080256,29.57179],[-107.056287,29.568596],[-107.048831,29.556187],[-107.060128,29.535727],[-107.025046,29.539801],[-106.986063,29.544299],[-106.95883,29.537332],[-106.94902,29.519294],[-106.952833,29.506062],[-106.919959,29.520256],[-106.885105,29.520658],[-106.857754,29.534978],[-106.836822,29.550589],[-106.801176,29.5461],[-106.76941,29.536633],[-106.755125,29.523302],[-106.746794,29.545216],[-106.713321,29.547386],[-106.672092,29.562619],[-106.634854,29.570396],[-106.589645,29.568103],[-106.535668,29.566686],[-106.510278,29.549745],[-106.534,29.521624],[-106.54777,29.493931],[-106.559285,29.472105],[-106.579368,29.457282],[-106.58558,29.43183],[-106.591523,29.401339],[-106.586432,29.380288],[-106.572563,29.364704],[-106.593342,29.338067],[-106.575296,29.309606],[-106.560647,29.27932],[-106.557792,29.26805],[-106.566093,29.250483],[-106.576984,29.24022],[-106.602792,29.225219],[-106.603769,29.210094],[-106.586627,29.19567],[-106.565446,29.191877],[-106.546957,29.208496],[-106.547814,29.195506],[-106.554868,29.172678],[-106.552394,29.144689],[-106.5385,29.128623],[-106.522814,29.110672],[-106.541107,29.091231],[-106.564028,29.077448],[-106.586684,29.086789],[-106.597218,29.06315],[-106.598992,29.046483],[-106.632475,29.040572],[-106.621529,29.033113],[-106.615503,29.009596],[-106.608282,28.988595],[-106.638589,28.987396],[-106.663602,28.973476],[-106.654369,28.963909],[-106.638943,28.957612],[-106.617316,28.954166],[-106.596164,28.949462],[-106.590597,28.929262],[-106.57556,28.917211],[-106.561306,28.90057],[-106.53521,28.886291],[-106.532877,28.864287],[-106.539924,28.847948],[-106.537396,28.828609],[-106.530422,28.818163],[-106.514577,28.814436],[-106.511605,28.791444],[-106.516127,28.767911],[-106.521513,28.749936],[-106.51769,28.73031],[-106.500214,28.721721],[-106.475075,28.709615],[-106.431305,28.701433],[-106.403166,28.668105],[-106.382085,28.660683],[-106.357493,28.67326],[-106.331033,28.689076],[-106.325575,28.675839],[-106.330369,28.659644],[-106.362178,28.639238],[-106.359924,28.617609],[-106.335557,28.601988],[-106.31456,28.583443],[-106.315613,28.569756],[-106.323557,28.558271],[-106.334345,28.541132],[-106.342003,28.523927],[-106.351693,28.521995],[-106.375681,28.537138],[-106.401371,28.542831],[-106.422974,28.530308],[-106.437182,28.503254],[-106.451474,28.474461],[-106.454183,28.453183],[-106.457095,28.442481],[-106.492888,28.436612],[-106.505632,28.412629],[-106.520457,28.412821],[-106.529266,28.424665],[-106.542751,28.420701],[-106.549335,28.439197],[-106.557269,28.450082],[-106.617011,28.502473],[-106.595306,28.515522],[-106.605323,28.543242],[-106.592874,28.570791],[-106.61329,28.58083],[-106.641776,28.594633],[-106.667126,28.607402],[-106.690881,28.621265],[-106.687236,28.638684],[-106.714251,28.628185],[-106.750548,28.656065],[-106.75957,28.675354],[-106.757464,28.700191],[-106.769933,28.710743],[-106.800445,28.699675],[-106.801355,28.730665],[-106.816898,28.750093],[-106.850793,28.756321],[-106.872578,28.780352],[-106.882326,28.785647],[-106.866877,28.799792],[-106.843072,28.826805],[-106.80303,28.825856],[-106.813838,28.840656],[-106.811595,28.861435],[-106.885732,28.895741],[-106.866167,28.921231],[-106.822071,28.918408],[-106.807434,28.898937],[-106.805063,28.919551],[-106.785121,28.936763],[-106.778911,28.953362],[-106.811983,28.972338],[-106.808972,29.001807],[-106.788766,29.029194],[-106.785428,29.053125],[-106.783761,29.070342],[-106.799623,29.095757],[-106.806358,29.112817],[-106.83003,29.103639],[-106.849646,29.092332],[-106.875196,29.089835],[-106.9038,29.116888],[-106.918463,29.116577],[-106.943587,29.105562],[-106.960664,29.110603],[-106.987849,29.127485],[-107.034505,29.166063],[-107.072533,29.172398],[-107.070774,29.186677],[-107.069715,29.19585],[-107.071901,29.204245],[-107.083924,29.18479],[-107.097996,29.171493],[-107.112677,29.156956],[-107.104398,29.135416],[-107.10981,29.111635],[-107.131626,29.097384],[-107.155593,29.101451],[-107.175819,29.106212],[-107.200882,29.113522],[-107.216024,29.11419],[-107.233001,29.109096],[-107.239259,29.109248],[-107.233745,29.091925],[-107.242154,29.072611],[-107.243527,29.055117],[-107.24858,29.038687],[-107.235867,29.008875],[-107.211469,28.986461],[-107.200172,28.953768],[-107.195889,28.931139],[-107.170775,28.912518],[-107.144809,28.903769],[-107.118454,28.875679],[-107.111463,28.850193],[-107.114379,28.816502],[-107.149656,28.78523],[-107.1653,28.73926],[-107.180605,28.72601],[-107.198904,28.689608],[-107.1947,28.67195],[-107.225703,28.630331],[-107.223386,28.588262],[-107.198737,28.580955],[-107.175255,28.598771],[-107.170083,28.561273],[-107.162392,28.542816],[-107.113336,28.513368],[-107.09707,28.48355],[-107.084772,28.463217],[-107.082703,28.443137],[-107.086128,28.425744],[-107.076122,28.416393],[-107.068355,28.404956],[-107.069602,28.36521],[-107.079365,28.348885],[-107.094266,28.337029],[-107.110398,28.322101],[-107.133752,28.308935],[-107.13429,28.288421],[-107.147275,28.297663],[-107.159378,28.312057],[-107.183137,28.294795],[-107.187597,28.275961],[-107.177751,28.262496],[-107.181424,28.251736],[-107.201751,28.23478],[-107.214085,28.212431],[-107.211774,28.197317],[-107.212189,28.180112],[-107.193377,28.172331],[-107.166843,28.160722],[-107.156338,28.146169],[-107.166963,28.130949],[-107.178829,28.115967],[-107.199183,28.096729],[-107.215628,28.092672],[-107.220278,28.077747],[-107.228735,28.063848],[-107.237095,28.061892],[-107.225307,28.038423],[-107.228746,28.030538],[-107.233802,28.0233],[-107.247907,28.013255],[-107.259719,28.016874],[-107.278587,28.016213],[-107.295233,28.017884],[-107.305919,28.019607],[-107.316944,28.019268],[-107.335275,28.013616],[-107.354851,28.001294],[-107.362403,28.009046],[-107.3842,28.010029],[-107.404406,28.025048],[-107.422837,28.03355],[-107.436494,28.033414],[-107.455155,28.038766],[-107.453437,28.019519],[-107.461044,27.999147],[-107.452077,27.967088],[-107.435326,27.959361],[-107.410613,27.95007],[-107.408468,27.932281],[-107.387512,27.916924],[-107.365454,27.910069],[-107.353137,27.907479],[-107.342956,27.92276],[-107.328484,27.909057],[-107.317833,27.893581],[-107.301459,27.884843],[-107.288949,27.86897],[-107.285883,27.846075],[-107.28891,27.824519],[-107.29363,27.808555],[-107.290935,27.793902],[-107.270718,27.783714],[-107.255592,27.774214],[-107.24471,27.766815],[-107.259357,27.743415],[-107.287768,27.721937],[-107.280478,27.697516],[-107.270613,27.683016],[-107.288684,27.683166],[-107.305856,27.689508],[-107.322447,27.673505],[-107.301238,27.639472],[-107.318463,27.635566],[-107.321814,27.625131],[-107.320685,27.606497],[-107.321268,27.598161],[-107.323385,27.602031],[-107.330195,27.60522],[-107.333549,27.609083],[-107.339799,27.607244],[-107.344689,27.602308],[-107.35655,27.607431],[-107.366439,27.614619],[-107.368283,27.609],[-107.375255,27.60557],[-107.384702,27.605692],[-107.385578,27.612881],[-107.392626,27.618663],[-107.398669,27.613538],[-107.402636,27.622378],[-107.414616,27.622869],[-107.421673,27.631706],[-107.427134,27.645336],[-107.428892,27.659629],[-107.432868,27.670533],[-107.44748,27.685313],[-107.463552,27.689101],[-107.481363,27.695695],[-107.497813,27.701048],[-107.512377,27.694587],[-107.524698,27.682262],[-107.536529,27.672167],[-107.554088,27.677182],[-107.554746,27.689656],[-107.564792,27.701042],[-107.582939,27.695725],[-107.588747,27.695715],[-107.596393,27.691488],[-107.606366,27.681886],[-107.61227,27.674687],[-107.626092,27.67086],[-107.635679,27.658366],[-107.648226,27.645369],[-107.663122,27.633606],[-107.675662,27.620524],[-107.688067,27.605294],[-107.697533,27.596184],[-107.71318,27.589453],[-107.732305,27.574657],[-107.739098,27.562619],[-107.749161,27.551191],[-107.751804,27.536313],[-107.762493,27.527279],[-107.783905,27.560764],[-107.817734,27.59715],[-107.819374,27.618756],[-107.832259,27.627979],[-107.846525,27.648588],[-107.881119,27.638126],[-107.892154,27.626487],[-107.885017,27.616439],[-107.880651,27.602601],[-107.884501,27.587712],[-107.902742,27.597047],[-107.915901,27.592466],[-107.941167,27.609481],[-107.957036,27.623318],[-107.971173,27.635843],[-107.976459,27.660893],[-107.998888,27.673467],[-108.012855,27.671934],[-108.03854,27.692542],[-108.021678,27.711514],[-108.010752,27.731365],[-108.034704,27.748364],[-108.052981,27.767683],[-108.075581,27.783611],[-108.091685,27.792136],[-108.124125,27.797248],[-108.147488,27.792192],[-108.153751,27.77253],[-108.173058,27.766594],[-108.19281,27.771876],[-108.185277,27.75527],[-108.281194,27.758178],[-108.273807,27.742683],[-108.272227,27.733705],[-108.292016,27.72339],[-108.287534,27.71103],[-108.286016,27.70093],[-108.307043,27.704023],[-108.309225,27.725226],[-108.315953,27.720711],[-108.330582,27.719633],[-108.341446,27.708931],[-108.343658,27.695368],[-108.360684,27.688092],[-108.379895,27.686537],[-108.373731,27.666308],[-108.386336,27.653212],[-108.400034,27.642687],[-108.414223,27.632328],[-108.400789,27.624149],[-108.404466,27.612249],[-108.416507,27.607508],[-108.428056,27.602019],[-108.432991,27.586813],[-108.428092,27.579754],[-108.416904,27.565482],[-108.403289,27.553805],[-108.40974,27.551354],[-108.425834,27.532397],[-108.437199,27.517058],[-108.456483,27.518143],[-108.467132,27.480202],[-108.445789,27.473976],[-108.439227,27.458134],[-108.433192,27.438156],[-108.432531,27.427062],[-108.412134,27.411645],[-108.405809,27.398451],[-108.390446,27.404248],[-108.379873,27.397569],[-108.372333,27.38238],[-108.36087,27.348295],[-108.360972,27.335548],[-108.347953,27.323244],[-108.343284,27.309124],[-108.341547,27.295207],[-108.349764,27.286479],[-108.358184,27.278611],[-108.374586,27.261626],[-108.387771,27.250579]]]}},{"type":"Feature","properties":{"district":2,"votes_jdch":4700,"votes_shh":35440,"votes_pvem":2061,"votes_mc":2717,"votes_mxrep":303,"votes_pueblo":2285,"votes_no_reg":37,"votes_pan":2267,"votes_pri":2010,"votes_prd":285,"votes_pt":2109,"votes_morena":33246,"votes_nulos":3080,"votes_total":50623,"lista_nominal":121900,"participacion_pct":41.53,"ganador_candidatura":"SHH","votos_ganador":35440,"segundo_lugar":"JDCH","margen_votos":30740,"partido_mayor_votacion":"MOR","votos_partido_ganador":33246,"inegi_anio":2020,"inegi_disponible":true,"inegi_poblacion_total":167601,"inegi_poblacion_18ymas":108919,"inegi_poblacion_18a24":22416,"inegi_escolaridad_promedio":9.15,"inegi_pea_pct":64.55,"inegi_ocupacion_pct":98.65,"inegi_afiliacion_salud_pct":81.57,"inegi_discapacidad_pct":4.12,"inegi_lengua_indigena_pct":0.94,"inegi_internet_pct":53.25,"inegi_agua_entubada_pct":96.67,"inegi_drenaje_pct":98.56},"geometry":{"type":"Polygon","coordinates":[[[-106.444039,31.51361],[-106.645641,31.433169],[-106.755724,31.513731],[-106.734365,31.539006],[-106.72826,31.554302],[-106.734034,31.577461],[-106.711485,31.601171],[-106.896556,31.657951],[-106.83925,31.68862],[-106.861965,31.748637],[-106.868725,31.769711],[-106.863554,31.783785],[-106.757881,31.783835],[-106.699251,31.783863],[-106.676081,31.783873],[-106.635853,31.783894],[-106.601179,31.783908],[-106.599536,31.783897],[-106.598962,31.783891],[-106.597462,31.783903],[-106.596515,31.783981],[-106.596149,31.783999],[-106.592791,31.784],[-106.58926,31.783992],[-106.58759,31.783897],[-106.582226,31.78399],[-106.579477,31.783902],[-106.571114,31.783892],[-106.562103,31.783901],[-106.541471,31.783886],[-106.528888,31.784133],[-106.528641,31.782042],[-106.526639,31.779921],[-106.524858,31.778193],[-106.52293,31.775523],[-106.518581,31.772419],[-106.514484,31.771404],[-106.512013,31.768321],[-106.510986,31.762895],[-106.51001,31.760648],[-106.510762,31.76099],[-106.512629,31.760917],[-106.516609,31.759243],[-106.520332,31.75741],[-106.521454,31.756102],[-106.521785,31.754166],[-106.522223,31.752184],[-106.523524,31.750701],[-106.526192,31.750331],[-106.53096,31.751932],[-106.532794,31.751437],[-106.5337,31.75087],[-106.535313,31.749973],[-106.536397,31.748835],[-106.538749,31.748042],[-106.541145,31.747259],[-106.544553,31.746043],[-106.547268,31.745775],[-106.550059,31.744457],[-106.550432,31.742801],[-106.549622,31.736367],[-106.539269,31.719306],[-106.53668,31.717328],[-106.53362,31.716631],[-106.529852,31.716091],[-106.525926,31.713],[-106.52002,31.710251],[-106.516391,31.705949],[-106.507585,31.70585],[-106.498826,31.705785],[-106.499545,31.686847],[-106.500625,31.678181],[-106.498131,31.673096],[-106.494996,31.666669],[-106.490506,31.664784],[-106.486749,31.66496],[-106.479886,31.663275],[-106.475372,31.660322],[-106.471115,31.656653],[-106.471995,31.653234],[-106.46764,31.64961],[-106.464261,31.651167],[-106.461855,31.651612],[-106.459658,31.650939],[-106.458036,31.649596],[-106.454103,31.648954],[-106.447,31.651567],[-106.436615,31.648186],[-106.43366,31.646952],[-106.444146,31.624053],[-106.452,31.606947],[-106.428827,31.606201],[-106.417999,31.605929],[-106.397953,31.603953],[-106.404097,31.598519],[-106.404925,31.595001],[-106.405008,31.593736],[-106.393535,31.591555],[-106.401091,31.582146],[-106.398268,31.577784],[-106.39398,31.576196],[-106.393098,31.575057],[-106.393738,31.571918],[-106.392998,31.569196],[-106.395375,31.566207],[-106.396451,31.562582],[-106.39777,31.561698],[-106.398622,31.561072],[-106.39951,31.560422],[-106.400352,31.559807],[-106.401143,31.559222],[-106.401958,31.558623],[-106.40273,31.55806],[-106.403635,31.557395],[-106.40404,31.556518],[-106.407705,31.54983],[-106.408633,31.549088],[-106.40959,31.548298],[-106.410593,31.547453],[-106.411567,31.54666],[-106.412332,31.546045],[-106.413017,31.545493],[-106.413663,31.544952],[-106.414602,31.54418],[-106.415302,31.543618],[-106.416002,31.54304],[-106.416683,31.542475],[-106.417358,31.54193],[-106.418055,31.541342],[-106.41882,31.540733],[-106.419612,31.540082],[-106.420442,31.539405],[-106.421185,31.53879],[-106.42189,31.538217],[-106.42259,31.53765],[-106.423417,31.536963],[-106.424073,31.536428],[-106.424793,31.53583],[-106.425502,31.53526],[-106.426218,31.534673],[-106.426935,31.534082],[-106.427695,31.53347],[-106.432918,31.529192],[-106.433637,31.528373],[-106.434115,31.527548],[-106.448102,31.523206],[-106.444039,31.51361]]]}},{"type":"Feature","properties":{"district":17,"votes_jdch":30922,"votes_shh":27419,"votes_pvem":1888,"votes_mc":4085,"votes_mxrep":707,"votes_pueblo":938,"votes_no_reg":59,"votes_pan":23770,"votes_pri":5413,"votes_prd":1495,"votes_pt":1954,"votes_morena":25359,"votes_nulos":3062,"votes_total":69080,"lista_nominal":135274,"participacion_pct":51.07,"ganador_candidatura":"JDCH","votos_ganador":30922,"segundo_lugar":"SHH","margen_votos":3503,"partido_mayor_votacion":"MOR","votos_partido_ganador":25359,"inegi_anio":2020,"inegi_disponible":true,"inegi_poblacion_total":179351,"inegi_poblacion_18ymas":121801,"inegi_poblacion_18a24":20213,"inegi_escolaridad_promedio":10.77,"inegi_pea_pct":66.83,"inegi_ocupacion_pct":98.29,"inegi_afiliacion_salud_pct":88.59,"inegi_discapacidad_pct":4.13,"inegi_lengua_indigena_pct":1.36,"inegi_internet_pct":61.64,"inegi_agua_entubada_pct":99.31,"inegi_drenaje_pct":99.41},"geometry":{"type":"Polygon","coordinates":[[[-106.052043,28.62184],[-106.057691,28.625086],[-106.06336,28.629169],[-106.062175,28.632737],[-106.061473,28.635592],[-106.060148,28.63751],[-106.05816,28.640178],[-106.056629,28.642261],[-106.054215,28.645629],[-106.054179,28.647204],[-106.050432,28.652673],[-106.050335,28.655796],[-106.05825,28.659889],[-106.06377,28.66009],[-106.068324,28.664622],[-106.067966,28.668053],[-106.071148,28.670751],[-106.074155,28.670719],[-106.072758,28.672959],[-106.071155,28.676119],[-106.072589,28.678809],[-106.072857,28.681529],[-106.075159,28.685313],[-106.076118,28.692323],[-106.077049,28.69288],[-106.078158,28.695095],[-106.082751,28.694649],[-106.087025,28.696478],[-106.08785,28.698844],[-106.0885,28.700695],[-106.089539,28.703729],[-106.091708,28.705664],[-106.096669,28.704026],[-106.097907,28.707573],[-106.099332,28.712039],[-106.101254,28.717833],[-106.104845,28.727132],[-106.103477,28.728675],[-106.098614,28.729023],[-106.096685,28.729301],[-106.094054,28.729821],[-106.092323,28.7327],[-106.092758,28.735764],[-106.091197,28.754627],[-106.087824,28.755583],[-106.088475,28.75822],[-106.072155,28.762138],[-106.041581,28.756523],[-105.965938,28.732672],[-105.941089,28.661592],[-105.962865,28.638974],[-105.965274,28.62658],[-105.969267,28.619975],[-105.974601,28.62026],[-105.977789,28.620864],[-105.981789,28.621585],[-105.987514,28.622579],[-105.994784,28.625383],[-106.002318,28.62526],[-106.003832,28.625672],[-106.006605,28.627089],[-106.007581,28.626475],[-106.008493,28.625888],[-106.009667,28.62545],[-106.010745,28.62444],[-106.012531,28.621953],[-106.013316,28.621055],[-106.014647,28.620111],[-106.018625,28.620555],[-106.01899,28.619962],[-106.019511,28.619073],[-106.026128,28.620182],[-106.030918,28.621034],[-106.031885,28.6165],[-106.039584,28.61752],[-106.042642,28.618032],[-106.043399,28.616946],[-106.047148,28.618179],[-106.048885,28.620106],[-106.052043,28.62184]]]}},{"type":"Feature","properties":{"district":4,"votes_jdch":31051,"votes_shh":39024,"votes_pvem":3418,"votes_mc":5370,"votes_mxrep":751,"votes_pueblo":2252,"votes_no_reg":93,"votes_pan":21978,"votes_pri":7624,"votes_prd":1130,"votes_pt":2871,"votes_morena":36009,"votes_nulos":4726,"votes_total":86685,"lista_nominal":163127,"participacion_pct":53.14,"ganador_candidatura":"SHH","votos_ganador":39024,"segundo_lugar":"JDCH","margen_votos":7973,"partido_mayor_votacion":"MOR","votos_partido_ganador":36009,"inegi_anio":2020,"inegi_disponible":true,"inegi_poblacion_total":166814,"inegi_poblacion_18ymas":130609,"inegi_poblacion_18a24":17289,"inegi_escolaridad_promedio":11.61,"inegi_pea_pct":61.66,"inegi_ocupacion_pct":98.69,"inegi_afiliacion_salud_pct":77.3,"inegi_discapacidad_pct":4.97,"inegi_lengua_indigena_pct":0.39,"inegi_internet_pct":75.9,"inegi_agua_entubada_pct":99.76,"inegi_drenaje_pct":99.75},"geometry":{"type":"Polygon","coordinates":[[[-106.48124,31.700837],[-106.483956,31.7028],[-106.484952,31.706365],[-106.485593,31.709102],[-106.482901,31.710594],[-106.483056,31.713913],[-106.483343,31.718618],[-106.479758,31.720666],[-106.479915,31.723615],[-106.481887,31.728685],[-106.482856,31.732013],[-106.482515,31.736045],[-106.483427,31.739582],[-106.482094,31.743837],[-106.482271,31.74687],[-106.472535,31.75198],[-106.437577,31.756335],[-106.420699,31.752668],[-106.416473,31.751253],[-106.412249,31.749126],[-106.407557,31.74693],[-106.399586,31.74224],[-106.392557,31.738388],[-106.394788,31.735269],[-106.400515,31.731822],[-106.40491,31.729617],[-106.407475,31.728563],[-106.413413,31.726724],[-106.413496,31.722766],[-106.413784,31.719721],[-106.415892,31.716661],[-106.418856,31.714149],[-106.424592,31.710482],[-106.424442,31.701798],[-106.424442,31.692675],[-106.428746,31.691285],[-106.429886,31.686815],[-106.43139,31.686442],[-106.434377,31.686264],[-106.437119,31.688963],[-106.441436,31.693671],[-106.448013,31.693976],[-106.450065,31.691726],[-106.455446,31.691125],[-106.465086,31.690729],[-106.464807,31.693718],[-106.466516,31.696516],[-106.471286,31.69887],[-106.473825,31.700896],[-106.477642,31.700939],[-106.48124,31.700837]]]}}]}