{"type": "FeatureCollection", "features": [{"type": "Feature", "properties": {"id": 14, "entidad": 18, "distrito_l": 14}, "geometry": {"type": "Polygon", "coordinates": [[[-104.86485616352616, 21.340218704365878], [-104.865443550917, 21.339636433624413], [-104.86673674595981, 21.338471369509453], [-104.86779442543913, 21.33747295660107], [-104.86861316706222, 21.336227131610276], [-104.8689609146016, 21.335314628965165], [-104.86894856086253, 21.33382398442206], [-104.86964746948777, 21.33241304434273], [-104.87058803165974, 21.331580758407224], [-104.87200504724406, 21.331077641961517], [-104.87306470383825, 21.33032763544537], [-104.87341034335553, 21.329166681845788], [-104.87363755160693, 21.328006248615704], [-104.87398800500472, 21.327424989035734], [-104.87505038417497, 21.32700622413182], [-104.87671040582715, 21.32724734575572], [-104.8773004587146, 21.32699628680309], [-104.87729285784711, 21.32608533661132], [-104.87657057249712, 21.324680645632817], [-104.87632129834549, 21.323191045822014], [-104.87773752273422, 21.322605066372947], [-104.87928323040127, 21.323343568748975], [-104.87999099267054, 21.323009161193607], [-104.88009487080036, 21.32126954787846], [-104.87925693108838, 21.320196648230052], [-104.87770296193932, 21.31846438076106], [-104.8793490495291, 21.317049201284902], [-104.88135589913014, 21.316294935586164], [-104.88289184162194, 21.31587401261211], [-104.8850003857934, 21.313131644794932], [-104.88630989835337, 21.313953955305628], [-104.88703083178316, 21.315192978936437], [-104.88869074091528, 21.3154339821242], [-104.88927374947644, 21.31435474296939], [-104.88914347522685, 21.312947441260718], [-104.88818989188917, 21.312206372234233], [-104.88747105316058, 21.31121579452196], [-104.88888084160922, 21.30988439547155], [-104.8907726275163, 21.30954461717819], [-104.89302453536608, 21.309782909683992], [-104.89361029024872, 21.309034909760243], [-104.89466897837357, 21.308201950140514], [-104.89727961336955, 21.30885264601401], [-104.89882386999908, 21.309425342253512], [-104.9012033572687, 21.310739565453506], [-104.90322835351444, 21.31213819543748], [-104.9077436258487, 21.313939436889466], [-104.90999350113232, 21.31392906132253], [-104.91033881165743, 21.312768028199752], [-104.91140240334732, 21.312514659553752], [-104.91174272754027, 21.31077392709614], [-104.91137897084751, 21.309781806052783], [-104.91053306247903, 21.30779810862021], [-104.91026648323783, 21.30667119728728], [-104.9100409820598, 21.30564713852757], [-104.90956026030587, 21.304821187541243], [-104.91038414411095, 21.30423766265996], [-104.9110832262044, 21.302909357014435], [-104.91215527138176, 21.303649748946405], [-104.91417458197957, 21.304385737935817], [-104.91512326090997, 21.304546964117552], [-104.91642645030855, 21.30462371725162], [-104.91808129328967, 21.304284733928373], [-104.91961271960757, 21.30336659143457], [-104.92126467895535, 21.30269632146008], [-104.92291662336609, 21.302026035170677], [-104.92445732215587, 21.30218442771967], [-104.92624130001401, 21.30308701376883], [-104.92825779563978, 21.303491578885286], [-104.92908159851427, 21.302907962122276], [-104.93108439882965, 21.301739031454634], [-104.93333119841044, 21.301397088085878], [-104.93616566475133, 21.300555406406552], [-104.93830635846523, 21.30162179608544], [-104.93831288468063, 21.30236711994548], [-104.93689636855152, 21.30287079849342], [-104.9358401270546, 21.303952466450646], [-104.93620982568471, 21.305607045628644], [-104.93751303590783, 21.305683635513564], [-104.93856782702107, 21.304436329806183], [-104.93962980912839, 21.303826748755235], [-104.94141244614887, 21.304563546629314], [-104.94224684108158, 21.30638675995715], [-104.94143207222727, 21.30679951697895], [-104.94107975286596, 21.30713247847846], [-104.94120179572181, 21.307545978172474], [-104.94215488874744, 21.30820393421212], [-104.94357653498076, 21.308279907608433], [-104.94559387871075, 21.30876707870787], [-104.94665811163614, 21.308596300502224], [-104.94771284655575, 21.30734893777667], [-104.94841160839825, 21.30602047669576], [-104.94923827115431, 21.305768016068264], [-104.95172263849261, 21.305507491870795], [-104.9525412284153, 21.304344064355284], [-104.95407904790838, 21.304170931023606], [-104.95385177479154, 21.305248664626188], [-104.95339269164234, 21.306254211030133], [-104.95398779658538, 21.307235614930956], [-104.95459305880598, 21.308723370361385], [-104.95613680270884, 21.30921272754844], [-104.95671267536237, 21.307387929581164], [-104.95681416744173, 21.305482635599095], [-104.957510630979, 21.303905695221818], [-104.95928901240913, 21.304335827792197], [-104.96179548728115, 21.30655956469804], [-104.96169922652423, 21.309044556879797], [-104.96289737108694, 21.310612178438348], [-104.9648037988701, 21.311927839222545], [-104.96563787170795, 21.312503433972676], [-104.96718020913157, 21.31282706259313], [-104.9679018164758, 21.314065741579807], [-104.96980164790243, 21.314636023470438], [-104.97050916456493, 21.314301234004397], [-104.97216771392334, 21.314375786757367], [-104.97229952483309, 21.315865839402864], [-104.97219301579666, 21.317191446166483], [-104.97385383383138, 21.317514422796837], [-104.97692820043162, 21.31700212633823], [-104.9787029567822, 21.316827580187116], [-104.98024162461796, 21.316737021582618], [-104.98190170559441, 21.316977105309512], [-104.98238587127426, 21.318134103046297], [-104.98180277772134, 21.31913085250571], [-104.98002724873362, 21.319222617850365], [-104.97849229350804, 21.319727241699233], [-104.9775591384891, 21.32130545517518], [-104.97792710538533, 21.322711499796657], [-104.97946957645757, 21.32303501547497], [-104.98123765878901, 21.322115121994223], [-104.98408126172917, 21.3222663963364], [-104.9872906713447, 21.323575206479973], [-104.9898997267991, 21.323976024943715], [-104.99074075716894, 21.32529681467521], [-104.99051824586103, 21.326871475318693], [-104.99065628976956, 21.329024017979783], [-104.99185641440693, 21.330757056483286], [-104.99257453793086, 21.331581560797844], [-104.99329342557151, 21.33248887522801], [-104.99377621862358, 21.3334802115933], [-104.99461733782027, 21.334800980464774], [-104.99581604088857, 21.336368363099087], [-104.99664885677562, 21.33677817611778], [-104.9981862039295, 21.336521827186854], [-104.998654619621, 21.33593969830926], [-105.00006820346346, 21.335104248911325], [-105.00113028209428, 21.334684687021593], [-105.00303050739461, 21.335254592283075], [-105.00398176870979, 21.335663756617024], [-105.00552290636561, 21.335821406461864], [-105.00835150708248, 21.33431600651771], [-105.00929359608024, 21.333731382727184], [-105.01012260677095, 21.33372706324396], [-105.0116683292142, 21.334381535793497], [-105.01393002595226, 21.335611967300316], [-105.01713691241098, 21.336588953070965], [-105.01868192554602, 21.33716054776233], [-105.01951558020983, 21.33765306050674], [-105.02163965737832, 21.336813684523733], [-105.02341923712787, 21.3371355452798], [-105.02508426141941, 21.337872080413725], [-105.02628331300723, 21.339439245014205], [-105.0280675884177, 21.340257934582894], [-105.02960258749218, 21.33975285933878], [-105.02948337620838, 21.339670677371306], [-105.03006234496883, 21.338259699951802], [-105.03112047409586, 21.337425883597174], [-105.03206715986897, 21.33733801063878], [-105.03371353808284, 21.33608694756659], [-105.03452853457829, 21.334591873056173], [-105.03582737198701, 21.334170822714196], [-105.03702338483016, 21.33540665919501], [-105.03751272859529, 21.337060373412708], [-105.03740830876626, 21.338998469970914], [-105.03813458065545, 21.340204082310272], [-105.03955658452251, 21.34027924401743], [-105.04145233084309, 21.340351836590795], [-105.0438218201866, 21.340421843997326], [-105.04595915523193, 21.340989980880906], [-105.04667920294638, 21.34197987851772], [-105.04562034379185, 21.34273097939769], [-105.04384849372532, 21.343237483171265], [-105.04410812454236, 21.345637774536588], [-105.04328845893427, 21.34663601626152], [-105.042848409528, 21.350199531439447], [-105.04107567716991, 21.35062319285277], [-105.04073208909841, 21.351867302662637], [-105.04015551683383, 21.35352675296198], [-105.03862510074708, 21.35452880087365], [-105.03911530824432, 21.35626531933948], [-105.04090142438581, 21.357249496178618], [-105.04233848576327, 21.358898076577635], [-105.04318567478083, 21.360798286987027], [-105.04521427585604, 21.362360824763726], [-105.04604501800756, 21.362521953261624], [-105.04830192281051, 21.36317222818762], [-105.04986073181976, 21.365151349094113], [-105.05118030288794, 21.36688330994797], [-105.05238539458297, 21.36902997024611], [-105.0539356263355, 21.37009811329644], [-105.0558341372985, 21.370418980270472], [-105.05689789509141, 21.370164692559243], [-105.05867160958468, 21.36982367728299], [-105.06032288745288, 21.369069233361607], [-105.06091279564617, 21.368817530707357], [-105.06219913843212, 21.36707127678628], [-105.06337017815545, 21.365656917968277], [-105.0651430265835, 21.365233021735875], [-105.0662099196853, 21.365309925229905], [-105.06751133037368, 21.365137068755647], [-105.06927217611027, 21.363470940637306], [-105.0718805575065, 21.363704857917597], [-105.07282498428741, 21.363368317641534], [-105.07353089750417, 21.362867471359774], [-105.07482265307948, 21.36170080782964], [-105.07718526966228, 21.36102503080397], [-105.07884359245169, 21.361015717208815], [-105.07954947388076, 21.360514845580585], [-105.07989033937555, 21.359022220829704], [-105.08082183123533, 21.357360634965804], [-105.08246398606421, 21.35569503488496], [-105.08387324729082, 21.35444482018477], [-105.08492957176274, 21.353445041917976], [-105.08503267034521, 21.35187093319287], [-105.08501570842897, 21.3501318691658], [-105.0858278369768, 21.348388111676318], [-105.08712826591555, 21.348132290782875], [-105.08844002479015, 21.34903583588058], [-105.08927397871207, 21.349528001153963], [-105.09081453960134, 21.349602055468413], [-105.09199896313237, 21.349595308755283], [-105.09318988481294, 21.35025105391629], [-105.0945065777741, 21.351651426281034], [-105.0959449962994, 21.353382360067403], [-105.09749293317697, 21.354201665144767], [-105.09868310101571, 21.354774558323054], [-105.10141635556332, 21.35566983704436], [-105.10296025756267, 21.356075029278877], [-105.10403201371629, 21.35664856708014], [-105.10416355777087, 21.357972881490067], [-105.10582676011224, 21.358460175761945], [-105.1074776675915, 21.35770526833035], [-105.10853057073484, 21.356374093110393], [-105.10983678171546, 21.356697783006116], [-105.1110303068042, 21.357601837571202], [-105.11187234040474, 21.358731607611645], [-105.11177423584702, 21.360803088233265], [-105.1111945423543, 21.362048233307856], [-105.11061132525442, 21.362962610662745], [-105.11025761038672, 21.363130299608855], [-105.10956358790233, 21.36414126289129], [-105.11016052756666, 21.36528410649836], [-105.1106401023347, 21.3658610397911], [-105.11064260090444, 21.36627581807928], [-105.10970067706039, 21.366694665897626], [-105.10851775955139, 21.366867162486763], [-105.1079262997432, 21.366953407658904], [-105.10604083655247, 21.36795812613281], [-105.10563826182525, 21.36889621237636], [-105.10557766069742, 21.369037424999302], [-105.10523211760707, 21.370033225789705], [-105.10430082209658, 21.371694943846673], [-105.1031203120872, 21.372115839196123], [-105.10230335333918, 21.373362801731624], [-105.10136628424236, 21.374444817519205], [-105.10053623184125, 21.37436677562688], [-105.09839820424929, 21.373799337625158], [-105.09709919823872, 21.374220870287218], [-105.09675602921412, 21.37546509003798], [-105.09618325385676, 21.377455975467228], [-105.09453938651028, 21.37895608126699], [-105.09525831888766, 21.379780140198523], [-105.09656633782882, 21.380269556158428], [-105.09740212578767, 21.380927302875914], [-105.09837432925833, 21.383406233462377], [-105.0971969675995, 21.38415833562251], [-105.09542642648161, 21.384831006422715], [-105.09602773549754, 21.385738551081655], [-105.09592473221457, 21.387312659870464], [-105.09522040610418, 21.387979223295602], [-105.09570976498942, 21.38954994314158], [-105.09549072181204, 21.39137316506451], [-105.0949162411222, 21.39319841851841], [-105.09539747553676, 21.393941017489265], [-105.09635588683408, 21.395012150746673], [-105.09625043786224, 21.39633782186761], [-105.0949512269536, 21.396759337540274], [-105.09366501541939, 21.398505835965977], [-105.0942590503427, 21.398668076979803], [-105.0939214927979, 21.40049197177383], [-105.0942883289015, 21.40164930982814], [-105.09548375274278, 21.40271909304798], [-105.09549596279322, 21.40396127280227], [-105.09539375585439, 21.405618189873355], [-105.09635142907972, 21.406606509429423], [-105.09718736623857, 21.40726425458803], [-105.09721263148884, 21.40983142411132], [-105.09485420738895, 21.411004353088455], [-105.0920095930437, 21.410937771756444], [-105.09059093762976, 21.41127711671562], [-105.08977122377708, 21.412275577806103], [-105.0890780971151, 21.41410148090445], [-105.0883800927319, 21.4154305093368], [-105.0870936404479, 21.41717695430456], [-105.08497686201828, 21.41884527151799], [-105.083445266821, 21.419764909551226], [-105.08262626403807, 21.4208461468966], [-105.0811043057238, 21.422759506062008], [-105.07956137286561, 21.422519741936256], [-105.07754846134821, 21.42269668410217], [-105.07697765535326, 21.424935929866287], [-105.0772411898823, 21.427667392355115], [-105.07630600142951, 21.428997698455007], [-105.0764470049832, 21.431315765889703], [-105.07786910401543, 21.43130778807549], [-105.07892946930204, 21.43082970508771], [-105.0815412462213, 21.4311214992307], [-105.08225713517217, 21.431614360983442], [-105.08345352387558, 21.43276703744171], [-105.0840517252729, 21.433343372383334], [-105.08523520672672, 21.433171047667567], [-105.08702175611964, 21.434071909323997], [-105.08869143710075, 21.435139048210985], [-105.08988628277375, 21.436126054555956], [-105.09064893613643, 21.43701729371159], [-105.09108520344226, 21.43752711058891], [-105.09214881976004, 21.437380190951604], [-105.09283061439456, 21.43668894876271], [-105.09297028251723, 21.436547344123955], [-105.09413801880775, 21.436812062361334], [-105.09439568538883, 21.436870472475285], [-105.09570421040914, 21.43735988994734], [-105.0971157688429, 21.436275197082132], [-105.0979412753648, 21.435856384137594], [-105.10032631869028, 21.435747415426622], [-105.10208755040983, 21.435666925737564], [-105.10387832789758, 21.436981664800452], [-105.10438708159691, 21.43836252636274], [-105.10473086191014, 21.439295600605305], [-105.10319508520229, 21.43980135953063], [-105.10176390998703, 21.43889862529633], [-105.10081089265198, 21.43840721104996], [-105.10094738844761, 21.44022838438484], [-105.10026244052737, 21.44288244322888], [-105.09957011826687, 21.444791194661384], [-105.09851242389712, 21.44570824473477], [-105.09791574673353, 21.445297585797352], [-105.09626217849313, 21.445886772152697], [-105.09603002660558, 21.4463849980757], [-105.09556408932811, 21.44721582578957], [-105.09438213455137, 21.447553846692074], [-105.09224875193942, 21.44756602003342], [-105.09177060557843, 21.44715466366287], [-105.08952032941608, 21.447333100527572], [-105.08917854956363, 21.448742917905527], [-105.08965993818592, 21.449485527882256], [-105.09002361954508, 21.450311621962165], [-105.0893222092398, 21.451309402958714], [-105.08779435367249, 21.452643135968575], [-105.08672476906735, 21.45298995573115], [-105.08278789378403, 21.453689373587185], [-105.08267951345465, 21.453708627595162], [-105.07307702362655, 21.455003302922098], [-105.06380806668734, 21.456700961621507], [-105.05454323529284, 21.45836230459095], [-105.04511807522834, 21.459533640671765], [-105.03733811388983, 21.463812011058497], [-105.02881488904751, 21.46799646869708], [-105.02054778590737, 21.471869295837177], [-105.01318143655858, 21.476624417152983], [-105.01229815558032, 21.476475948686165], [-105.0035001082739, 21.474996833956812], [-104.99447912930661, 21.478715006279224], [-104.9850994965256, 21.475605150683652], [-104.98068224648013, 21.47156480683906], [-104.97844558070707, 21.469518856603695], [-104.97314155309668, 21.472447917714394], [-104.96966726714602, 21.472061522512284], [-104.96497642670708, 21.47153970957207], [-104.95841900932547, 21.470810030278564], [-104.94971567672516, 21.472960509698765], [-104.93265720745654, 21.471670112558417], [-104.91933411719029, 21.47285312305897], [-104.91534380834534, 21.47279260785183], [-104.91166114561024, 21.47273667319588], [-104.90819314846074, 21.472683925378018], [-104.90705554951745, 21.47266660659024], [-104.89232503609145, 21.466958318143803], [-104.8896742463453, 21.470335870725837], [-104.8893035612215, 21.470808170391685], [-104.88912633990822, 21.47103397134739], [-104.88899168036038, 21.471205542972683], [-104.88891553525062, 21.47115017679827], [-104.88756800459379, 21.47017042857013], [-104.88676244256476, 21.46958471531843], [-104.88465202587855, 21.468146089598044], [-104.88243856002396, 21.467066586366958], [-104.88097571819128, 21.466507751586892], [-104.87765506571084, 21.465239257211906], [-104.87188601280023, 21.463035195066798], [-104.87177826518537, 21.462994027361006], [-104.87075966803678, 21.462734484414042], [-104.8697107450944, 21.46286256237485], [-104.8679636660794, 21.463443596433926], [-104.86628305475978, 21.4585702317235], [-104.864281792501, 21.459162790617338], [-104.86439574583217, 21.45948146642655], [-104.86396553390277, 21.459482930522835], [-104.86396270087187, 21.46008958632717], [-104.8593707618812, 21.46204152964886], [-104.86186350778908, 21.46526738550067], [-104.85943007082996, 21.46583284053242], [-104.85543294587283, 21.46676156149199], [-104.85150799240812, 21.46767340895137], [-104.8513459440515, 21.46687900873789], [-104.85097602870762, 21.466239572625508], [-104.84616838458913, 21.46175921212185], [-104.84205152251604, 21.462736471460016], [-104.83939361766953, 21.461037434565185], [-104.83846468196724, 21.46021047536911], [-104.83618974172744, 21.461100322427882], [-104.83746327134465, 21.461891118249508], [-104.83637376152726, 21.463823481792097], [-104.84147119899485, 21.466834796691344], [-104.84091368926677, 21.46786719963281], [-104.83867552731733, 21.467061321276258], [-104.83499121613583, 21.465734654191838], [-104.83486610810607, 21.46568960285132], [-104.83450006645364, 21.465484816805265], [-104.83416118631726, 21.465257632808207], [-104.8302842447164, 21.462028778699995], [-104.8287649290697, 21.460781421488452], [-104.8248647298972, 21.457579200193532], [-104.81865234556167, 21.45269892719412], [-104.8257929042363, 21.447599752613144], [-104.82373835292752, 21.44702499346072], [-104.82370463529091, 21.446954372637006], [-104.82178792987143, 21.446430585295268], [-104.82175183097223, 21.445928260981376], [-104.81954130569095, 21.445351711953027], [-104.81792043982743, 21.445183213306034], [-104.81754499595107, 21.445031183122055], [-104.81568008557932, 21.444565059964283], [-104.81376637078858, 21.443835798501397], [-104.81444801012243, 21.44301922398564], [-104.81394429188569, 21.442673746731444], [-104.81331902858119, 21.442380908431627], [-104.81238320991758, 21.442170662635927], [-104.81047068355585, 21.44439041674326], [-104.81033390884704, 21.4442873190927], [-104.80954014361602, 21.445245026912005], [-104.79647102522506, 21.434524411948463], [-104.78437311196987, 21.424598172306503], [-104.7902326599546, 21.42404361768136], [-104.8093000056065, 21.415988562425003], [-104.80382379415988, 21.41274190229594], [-104.79708506583016, 21.408662501918283], [-104.77692757306849, 21.396456863105072], [-104.76397386936245, 21.39486686949183], [-104.76212505740757, 21.397475219340055], [-104.76235458826876, 21.3989750470754], [-104.76178400865587, 21.399742316760594], [-104.76020347646963, 21.399234396501548], [-104.75781410967727, 21.400715599446272], [-104.75440190016235, 21.40131299384661], [-104.75314449146869, 21.402855913366654], [-104.75244942457421, 21.402990941701855], [-104.75224588666839, 21.404165821059447], [-104.75208332967692, 21.4049881532258], [-104.75175322472937, 21.404872636003965], [-104.75046315938206, 21.404355372524517], [-104.74775346006577, 21.403981801536844], [-104.74095862539502, 21.39937839513772], [-104.73841691577165, 21.3976208878341], [-104.73843718120492, 21.396402878775366], [-104.73857549222909, 21.395244786128792], [-104.73871380097034, 21.39408669329124], [-104.73884053539187, 21.39359141912947], [-104.73897739392565, 21.392516178110252], [-104.7387586443057, 21.391518268762248], [-104.73854134420898, 21.39043750661934], [-104.73832115374158, 21.389522448945176], [-104.738128455671, 21.387033194627527], [-104.73968189826192, 21.385980034402515], [-104.74157356953054, 21.385843752199243], [-104.74251940394267, 21.385775603084763], [-104.74474645645154, 21.386721880425547], [-104.74640636076, 21.386333313886993], [-104.74842040337528, 21.38595023152063], [-104.74949004624291, 21.385552466018197], [-104.75092534510945, 21.384497367812447], [-104.7535382178962, 21.3836262647629], [-104.75518944209088, 21.383734726891007], [-104.7567168762727, 21.384172756217367], [-104.75757049079918, 21.382611344878896], [-104.75945923495382, 21.382640565935773], [-104.75958445478565, 21.382228127555102], [-104.75900857351435, 21.38139047074886], [-104.75783242529, 21.381123648643594], [-104.7565425453877, 21.380606432355417], [-104.75255923273299, 21.378804335683114], [-104.75233753282714, 21.377972147188597], [-104.7525822492873, 21.37747869178961], [-104.7534157354649, 21.377077239090717], [-104.75437732123736, 21.376097641917717], [-104.7548897273665, 21.373785079358584], [-104.75515023523752, 21.372380238688987], [-104.75564824890985, 21.37089620113389], [-104.75542941651238, 21.36989831015321], [-104.75544091080522, 21.369235487202644], [-104.75579645454485, 21.36915811908751], [-104.75685303170386, 21.36950598044331], [-104.75873730276244, 21.369783766770393], [-104.7600371356166, 21.369720995537207], [-104.76111236387884, 21.368991741989838], [-104.76695046559102, 21.365932621665216], [-104.7682602682132, 21.36528981486971], [-104.76887044054976, 21.364138967097762], [-104.7699412990428, 21.363658215104273], [-104.77065662898138, 21.363254856790213], [-104.7718383688832, 21.36319017588544], [-104.77314241918415, 21.362878743059103], [-104.77422608976585, 21.361652284730365], [-104.77447355743925, 21.36099308911177], [-104.77461012320542, 21.35991781212522], [-104.77545200286363, 21.359019128287507], [-104.77652422768813, 21.358455480241076], [-104.77689255565387, 21.357632387550957], [-104.77693386632862, 21.355229642049256], [-104.77967263035274, 21.353862816190873], [-104.78050448738696, 21.353544079369296], [-104.78180132593188, 21.353646844931315], [-104.7823800735662, 21.35431871973492], [-104.78295456319805, 21.355239152695827], [-104.78389308140021, 21.35558503517651], [-104.78542599140138, 21.35569138930944], [-104.78624365414719, 21.356201158280616], [-104.78765287258966, 21.356637099156995], [-104.79095477585, 21.356853331851074], [-104.7924806259114, 21.35737388912414], [-104.79353862292619, 21.35763866664805], [-104.79612532533956, 21.35825825478778], [-104.79719181427195, 21.35802588817965], [-104.7983763272776, 21.357795312931486], [-104.79920675501269, 21.35755933704915], [-104.80073405332917, 21.35799696600805], [-104.80166839981166, 21.35859131029185], [-104.80274898283875, 21.357530372286806], [-104.8032535152463, 21.355631918208054], [-104.80267889671201, 21.354711553685885], [-104.8024583580656, 21.353796573220905], [-104.8040081752752, 21.35290851377954], [-104.80497208550263, 21.3517629124348], [-104.80558332372561, 21.35052907288078], [-104.80678747051165, 21.349138485202683], [-104.80797189756754, 21.348907841377788], [-104.80846507927548, 21.34767219927583], [-104.80836675359441, 21.346510455133906], [-104.80886547544327, 21.34417956524043], [-104.80921295798035, 21.343184376082668], [-104.81236365131261, 21.337208924117064], [-104.81236103309398, 21.336877669762693], [-104.81365461998918, 21.335713016240497], [-104.81460010754276, 21.335460741321214], [-104.81518636063352, 21.334713019814842], [-104.81600815551691, 21.33379870788177], [-104.81682928313985, 21.33280157812745], [-104.81860638436714, 21.332877164615972], [-104.81955447983792, 21.332956116093882], [-104.82073218404174, 21.332123144554387], [-104.82132828661095, 21.33261760563889], [-104.82251324094226, 21.33269557155569], [-104.82381199925031, 21.332193347621807], [-104.82487918406844, 21.332354596556076], [-104.82583059038798, 21.332847580824634], [-104.82655243078577, 21.33425248577595], [-104.82655441834683, 21.33450092662279], [-104.82656369367757, 21.335660317144587], [-104.8272855546329, 21.337065218618413], [-104.82941137132056, 21.33631108928043], [-104.82915591491853, 21.33399328815919], [-104.82986317620053, 21.333576279382843], [-104.83152718672825, 21.334314728705298], [-104.83247596475181, 21.334476421018554], [-104.83353784441363, 21.333975106160946], [-104.83555450115095, 21.33438078204647], [-104.83710011817249, 21.335119670697306], [-104.83923322349939, 21.33527636623312], [-104.8407654585106, 21.334358949087687], [-104.8418333493927, 21.334602904182752], [-104.84313810633009, 21.334845853257864], [-104.84479883470138, 21.335170103570523], [-104.84598180286001, 21.334999463423035], [-104.84717083515797, 21.335574137326567], [-104.8472980310986, 21.336650211415602], [-104.84742657731755, 21.33789191242932], [-104.84861968799227, 21.338963457471976], [-104.84957121705926, 21.33945630774426], [-104.85159611298793, 21.340855554269293], [-104.85361427023263, 21.34142664108975], [-104.85456176251803, 21.341422581944126], [-104.85515394518758, 21.341420042265106], [-104.85562361825318, 21.340921127812074], [-104.85763159270505, 21.340249963319184], [-104.85920493512756, 21.34092150471189], [-104.86047881790233, 21.34081739653006], [-104.86212736769244, 21.33965083222151], [-104.86402711447411, 21.340222307234708], [-104.86485616352616, 21.340218704365878]]]}}, {"type": "Feature", "properties": {"id": 17, "entidad": 18, "distrito_l": 17}, "geometry": {"type": "Polygon", "coordinates": [[[-105.26934451980131, 20.71095325038806], [-105.2694015299595, 20.71087131411103], [-105.2694972193659, 20.710783666464817], [-105.2695829844223, 20.710724413818184], [-105.2700432512332, 20.710486930665503], [-105.2705239667288, 20.710249491126145], [-105.2711222680897, 20.70994393242241], [-105.2722485981712, 20.709359721231724], [-105.272833152261, 20.709042241379112], [-105.2735918593922, 20.708666192720052], [-105.2737100533828, 20.70864751996123], [-105.274559334791, 20.70831755043549], [-105.2745970694883, 20.70842198104991], [-105.27470468707982, 20.70838122289189], [-105.27567575247392, 20.711205628048436], [-105.275795840229, 20.71154428886743], [-105.275895094477, 20.711853221784825], [-105.275976495073, 20.712060368151587], [-105.27601789898401, 20.712179061180837], [-105.276060298221, 20.712300607312958], [-105.276087709699, 20.7123834930616], [-105.276141566147, 20.712546341781966], [-105.276187322291, 20.71267971406398], [-105.276328078219, 20.712876757257472], [-105.27643244581, 20.713063704409418], [-105.276572975538, 20.71343484863324], [-105.276663619954, 20.71371834772014], [-105.276716375571, 20.7139074559789], [-105.276760988069, 20.714067373948023], [-105.276748303792, 20.714296656071824], [-105.27689271631, 20.714736923070053], [-105.277009617428, 20.715063815011337], [-105.277183295281, 20.71555018704798], [-105.277295928259, 20.715872445266502], [-105.27743019144802, 20.716250461577786], [-105.27750468083802, 20.716467362569357], [-105.277541622506, 20.716574930452335], [-105.277671608914, 20.716958193209635], [-105.277806521849, 20.717344598184592], [-105.27803862119201, 20.718035669052636], [-105.27822995675, 20.718545828049365], [-105.278348270714, 20.71890118849681], [-105.278509539124, 20.719360562212643], [-105.278700262974, 20.71991025483361], [-105.278837658431, 20.720299919553714], [-105.278976263212, 20.720677907087875], [-105.279185423988, 20.721107571621722], [-105.27942861394502, 20.721746200214806], [-105.279554288457, 20.72216099395279], [-105.279601281611, 20.722304886411454], [-105.279719350122, 20.722666409441388], [-105.279763479376, 20.722677667573226], [-105.279946534858, 20.722724368035863], [-105.28015938303, 20.722778668821732], [-105.280773800341, 20.725209211711594], [-105.2808363398, 20.725462169783523], [-105.280934151912, 20.725854328171195], [-105.281014406956, 20.7262195620067], [-105.281070636014, 20.726502478199382], [-105.281130329816, 20.72670166853434], [-105.281216510748, 20.727063763697885], [-105.281352551837, 20.727470833242098], [-105.281450106513, 20.72772223635338], [-105.281562008432, 20.72798559509603], [-105.281627537084, 20.728132232726022], [-105.281733001015, 20.728356669565933], [-105.281874298386, 20.728629588312987], [-105.282425599419, 20.729339323593592], [-105.283043031145, 20.730124442019175], [-105.283398482962, 20.730563887553732], [-105.283494472656, 20.73066126395317], [-105.283762500873, 20.73099773619293], [-105.28393216909602, 20.731193751021145], [-105.284057597149, 20.731338655489584], [-105.284272984977, 20.731612323166793], [-105.28448667768, 20.731849604340606], [-105.284877517112, 20.7322986278241], [-105.28516310474, 20.732659027009202], [-105.285258827741, 20.732777162557852], [-105.28532433109, 20.732849728336763], [-105.285588934934, 20.733141488418607], [-105.285675710975, 20.73325101881988], [-105.285869248049, 20.733489028217896], [-105.286072160531, 20.73374969666109], [-105.28625096711, 20.733972081750824], [-105.286725441429, 20.73453391453554], [-105.286911479367, 20.73475337677556], [-105.287114441923, 20.7349992218625], [-105.287532325455, 20.73551301250867], [-105.287729636302, 20.73577484491123], [-105.288045539435, 20.73616725526601], [-105.288184981692, 20.736350920288025], [-105.28819661872001, 20.736366247860825], [-105.288219080371, 20.7363958329473], [-105.288386752796, 20.73666297990074], [-105.288473244911, 20.736863380939162], [-105.288819126601, 20.73727862794096], [-105.288900816835, 20.737378644219543], [-105.28909374132, 20.737614847886206], [-105.289187743138, 20.737721997422724], [-105.289312399895, 20.737865366678793], [-105.28934967181202, 20.737906955265018], [-105.289491244073, 20.73806492351672], [-105.289674747483, 20.738285654223706], [-105.289859439738, 20.738511706258517], [-105.290080902723, 20.738769451523524], [-105.290301348997, 20.739014716546073], [-105.290446218287, 20.739174129061436], [-105.29058590901, 20.739315671415213], [-105.29079942098, 20.73951090890702], [-105.290950154883, 20.739638076498906], [-105.291146663053, 20.73978407077099], [-105.291337143265, 20.73991902504169], [-105.291565331888, 20.740063275213657], [-105.291477276601, 20.74016246947476], [-105.291272672476, 20.740250706703097], [-105.29104325697001, 20.740331653574177], [-105.290873622354, 20.740378864748614], [-105.29065591449101, 20.740436752228803], [-105.29037581444, 20.740514427473656], [-105.290141577025, 20.740565240637878], [-105.290082241001, 20.740578112356108], [-105.289748263288, 20.740677631373572], [-105.289427856907, 20.7407547572353], [-105.289134095469, 20.740821270654543], [-105.288971412006, 20.740874309351124], [-105.288708748866, 20.740965050542734], [-105.288407174535, 20.74102575657182], [-105.288159819195, 20.74106882235301], [-105.287846770524, 20.741144138267188], [-105.28754315024, 20.741217740216673], [-105.287265711848, 20.741294318957344], [-105.286859939915, 20.741381763378534], [-105.286535927703, 20.741470239186018], [-105.285917504327, 20.741632668886304], [-105.285884069659, 20.741640070467504], [-105.28523211649602, 20.741805713369335], [-105.2843291584, 20.742030595292714], [-105.283919958897, 20.742101636674192], [-105.283677375956, 20.742137943137422], [-105.282868285096, 20.742392113505137], [-105.280063323765, 20.743128609843602], [-105.279871736472, 20.74316883613418], [-105.279021917036, 20.744337510497104], [-105.278932201759, 20.743946471331483], [-105.278842709401, 20.743615365646228], [-105.278148635891, 20.74373305095661], [-105.277478280153, 20.743958271053856], [-105.277369147622, 20.743965165509742], [-105.277237733811, 20.74400086710003], [-105.276356726972, 20.744187209296683], [-105.276158364019, 20.744229164459917], [-105.275999992881, 20.744294897082515], [-105.275372301056, 20.744410737497383], [-105.274985528982, 20.744496322172957], [-105.274603659531, 20.744593380010606], [-105.274219354841, 20.744684448708306], [-105.273822336966, 20.744769993084123], [-105.273430507218, 20.74487251064036], [-105.27305412067, 20.744958020442237], [-105.272667417541, 20.745043545782437], [-105.272255960457, 20.745201414561983], [-105.272169967205, 20.745214157302375], [-105.271447888223, 20.745363595946337], [-105.270880035235, 20.745508402614202], [-105.270431969127, 20.74560836975498], [-105.269490986813, 20.745818306232024], [-105.269290376255, 20.74586306241654], [-105.268892516967, 20.7459518239928], [-105.268554359415, 20.745950340275005], [-105.268419149022, 20.745982309200574], [-105.268271133318, 20.74602312638821], [-105.268069821184, 20.746074343127987], [-105.267868508912, 20.746125559633338], [-105.267581978616, 20.746199619943305], [-105.267391865734, 20.746249088512922], [-105.267213539354, 20.746345760858837], [-105.26602293170701, 20.746674176510783], [-105.265766351839, 20.746762898081894], [-105.264360943386, 20.747109578324014], [-105.26252528372765, 20.747579904457357], [-105.26278837081624, 20.747902924154925], [-105.26303144145726, 20.748246217509006], [-105.26325125799964, 20.748552543798716], [-105.26352390524592, 20.748932491072573], [-105.26404796097081, 20.74962348645269], [-105.26419056932683, 20.74991691543842], [-105.26455503519902, 20.750880342637533], [-105.26471606466772, 20.751271791341505], [-105.26484434154891, 20.751615241851987], [-105.2648883333584, 20.751681135476], [-105.2650115588917, 20.751938064517812], [-105.26522495548542, 20.75252235704205], [-105.26524322728831, 20.752648366916304], [-105.2649669302108, 20.754025808404204], [-105.26495322271042, 20.754838216487702], [-105.26497723367774, 20.75525151776893], [-105.26497639554846, 20.757244080343895], [-105.26497601631972, 20.75728905642712], [-105.26496627899932, 20.75844388860031], [-105.264999664, 20.75906521699997], [-105.26498297958524, 20.75937713301659], [-105.2649479824273, 20.760031411114856], [-105.26497403046517, 20.760270702052843], [-105.264993693, 20.76045132900002], [-105.26497991300002, 20.761568238000024], [-105.264986963, 20.76326848100003], [-105.26497719778891, 20.76334800796365], [-105.26494656725649, 20.76359746048187], [-105.26532644846313, 20.765705223329842], [-105.26541492205301, 20.76619610809962], [-105.26542243301674, 20.76628299510155], [-105.265431413, 20.76638687499998], [-105.26549477660146, 20.76657365672679], [-105.26554826273258, 20.766665373318677], [-105.2655728323843, 20.766707504273594], [-105.26561787833013, 20.766742336221117], [-105.26608571619869, 20.767104091710372], [-105.266731541, 20.76756277099999], [-105.26647179, 20.767974551000005], [-105.266139365, 20.768385322999986], [-105.26577609033528, 20.768664597129014], [-105.26543959354754, 20.768803810721533], [-105.262686186, 20.769724936000024], [-105.26394063407336, 20.772812199695103], [-105.26427999541092, 20.774173606462014], [-105.26487552834166, 20.774560504796266], [-105.26608356829112, 20.77507307117568], [-105.2675649091912, 20.77565074388021], [-105.26809194654136, 20.77595500168319], [-105.26871006289464, 20.77618652956487], [-105.26910032953573, 20.776262674029578], [-105.26942101709413, 20.77625240067665], [-105.26972420366589, 20.77632339705212], [-105.27015586741271, 20.776710876625312], [-105.27056424862704, 20.777337635072893], [-105.27078885144478, 20.777682339038993], [-105.27161791510133, 20.779159167018328], [-105.27224074183133, 20.780127082383164], [-105.27187072945253, 20.780718526578276], [-105.27156239921007, 20.781143058368322], [-105.27129206093686, 20.781598755523575], [-105.27089291984001, 20.78249192064994], [-105.27079124348593, 20.7826048210171], [-105.27061892187295, 20.782784405226906], [-105.27061760140079, 20.783107920898882], [-105.27041688963696, 20.783556881423365], [-105.27029936761738, 20.78367704438731], [-105.27016996134856, 20.783766176256123], [-105.27004517673222, 20.783799188059426], [-105.26977514018162, 20.78378862428233], [-105.26885717029396, 20.783778957982598], [-105.2690204086497, 20.78448677868541], [-105.26910166258168, 20.78483910267918], [-105.26597657385247, 20.78681284166947], [-105.26299531032936, 20.78861279550449], [-105.26252613292145, 20.786249723118782], [-105.26238435281576, 20.786044423006818], [-105.25698207606409, 20.785294622747564], [-105.2550245034003, 20.785066500331887], [-105.2548776057969, 20.784432296273387], [-105.25364656346152, 20.779073382575014], [-105.25367033195987, 20.778888516476613], [-105.2534801839731, 20.778282419768267], [-105.25340623753377, 20.777858548213977], [-105.25276316840987, 20.775673166650137], [-105.2527037463604, 20.775271743308284], [-105.2525307645113, 20.774455691530893], [-105.25237560903598, 20.773722169261838], [-105.25205341383617, 20.772484226638525], [-105.2517728135088, 20.77125354680986], [-105.25162095921345, 20.770648770375665], [-105.2514228883939, 20.769760092631117], [-105.25137535139812, 20.76937319484434], [-105.25088891799935, 20.76754193360302], [-105.24938629399938, 20.768002475603105], [-105.24912278499933, 20.768022254603085], [-105.24901830899935, 20.767868516603126], [-105.24890886899934, 20.767399849602977], [-105.2488981456809, 20.76652031445494], [-105.24878760799935, 20.76539953760238], [-105.24897338853008, 20.76446127394187], [-105.24878577, 20.763950041999976], [-105.24877534177402, 20.763921626049665], [-105.247887985, 20.761605517999993], [-105.24678935168988, 20.75867406980268], [-105.246633536, 20.758222467999992], [-105.246543704, 20.757715949000005], [-105.246413244, 20.75758548699996], [-105.2463087, 20.757340393000042], [-105.246272974233, 20.757083553181445], [-105.24626257099874, 20.757049386199835], [-105.24623739433785, 20.756966698384375], [-105.24623712855838, 20.75670873840767], [-105.24627205533842, 20.756557120509544], [-105.24633750867513, 20.75639304930645], [-105.24632316481483, 20.756139930043677], [-105.24638453709692, 20.755897010195202], [-105.2463892452952, 20.755697068258698], [-105.24642886279675, 20.75556303650857], [-105.24641631799936, 20.75546994459951], [-105.24640377382659, 20.755376850138312], [-105.24640905599935, 20.755048053599356], [-105.24649224545934, 20.75380416782982], [-105.24656421119101, 20.753326817508707], [-105.246578791, 20.753144628000026], [-105.24661133013628, 20.752738001370318], [-105.24658998955228, 20.752527523871276], [-105.24666568595808, 20.751740021417305], [-105.24668810060815, 20.751131663524706], [-105.24671210407097, 20.750942045690643], [-105.24680717806405, 20.750813959693083], [-105.24685471506105, 20.75074661581537], [-105.2465219560842, 20.75044554816961], [-105.2464055967598, 20.750383513744342], [-105.24630758531349, 20.75017880651215], [-105.24621123559558, 20.749723457278986], [-105.24617155550673, 20.74929252496498], [-105.24615486483161, 20.7492571230513], [-105.24615618530405, 20.749177894924678], [-105.24609276566318, 20.749013351736405], [-105.24604130422844, 20.748820707012182], [-105.24601885620223, 20.74855265116977], [-105.24596603731702, 20.74841928348455], [-105.24589016842793, 20.747966519375197], [-105.24582651565069, 20.74767604971843], [-105.24577954169926, 20.747450775824525], [-105.24577347033119, 20.747297587788164], [-105.24576025045597, 20.74714517750636], [-105.24574053041778, 20.746995952903124], [-105.24569878068559, 20.746918845158692], [-105.24568133552819, 20.746847703237158], [-105.24564060408419, 20.746762820856908], [-105.2456195822479, 20.746656857642805], [-105.24559728206239, 20.746503959037604], [-105.2455431410978, 20.746348687089355], [-105.24552162729408, 20.746195060135832], [-105.245488081427, 20.746031452220716], [-105.24548314851049, 20.74586726324208], [-105.24546351633829, 20.745720113211366], [-105.2454219336725, 20.74563857244559], [-105.24539995663591, 20.745521913984607], [-105.24536575270191, 20.74538487673539], [-105.24532359461512, 20.745198527172814], [-105.2453046195909, 20.745063097116333], [-105.24532434343989, 20.744940104467958], [-105.2452989187924, 20.744844902740034], [-105.24528055671739, 20.744697408062734], [-105.2452321225138, 20.744511541992146], [-105.24521981865792, 20.744412494823937], [-105.2451678980124, 20.744218641081503], [-105.24512782566441, 20.743960992105837], [-105.24506922793152, 20.74370013267827], [-105.2450224783107, 20.743456492767926], [-105.24497508661071, 20.743245044281306], [-105.2449342855429, 20.743023316122564], [-105.24487661227731, 20.742793818193075], [-105.24481645918591, 20.742620797730766], [-105.2447653604846, 20.742443406596678], [-105.24470567962533, 20.742251990696335], [-105.24465468222603, 20.742043237044165], [-105.24456150342863, 20.741824422567824], [-105.24448862702252, 20.741549972625577], [-105.24440484450072, 20.74125301407523], [-105.24434348680722, 20.74098158004892], [-105.24426313126787, 20.74072182035407], [-105.2439334124016, 20.73948594350898], [-105.24368172738059, 20.738633330503582], [-105.24354205763267, 20.73872135188527], [-105.24251186076738, 20.73982639835035], [-105.24236249308811, 20.739997220877747], [-105.24222557974839, 20.74020306571287], [-105.24198786073701, 20.740626290279174], [-105.24004745656391, 20.740823863066552], [-105.23727969893953, 20.73881518614531], [-105.23754467961297, 20.737908090262234], [-105.23746668655178, 20.73665632159024], [-105.23762442848376, 20.735412504601467], [-105.23719815575086, 20.733982434996634], [-105.23676657377094, 20.732718736457596], [-105.23646615701787, 20.73104308218848], [-105.23557643665715, 20.729347541377614], [-105.2350296801588, 20.7279966739158], [-105.23438369303408, 20.726059522495905], [-105.23501022478841, 20.72491480458265], [-105.2363438938097, 20.723793946853903], [-105.23792920476897, 20.72218191259046], [-105.23940991243677, 20.720149957199997], [-105.2408772993508, 20.718533920959604], [-105.24247047397618, 20.716672285890244], [-105.2468798908539, 20.718986031468425], [-105.2502950153968, 20.719184304349053], [-105.25201653452298, 20.716993803277155], [-105.25404917297422, 20.716146171611356], [-105.25726824647367, 20.715088579114582], [-105.26135060430052, 20.715548866759214], [-105.2647937437755, 20.715141002174818], [-105.2648258197615, 20.71575047130263], [-105.2659660167928, 20.71570142754607], [-105.2667231904411, 20.7156762849598], [-105.2673104833406, 20.715662159260635], [-105.26739171881, 20.71544687620509], [-105.2674816854575, 20.715208453808287], [-105.2688938210663, 20.711917675299826], [-105.2692419625744, 20.711122575307904], [-105.26934451980131, 20.71095325038806]]]}}, {"type": "Feature", "properties": {"id": 1, "entidad": 18, "distrito_l": 1}, "geometry": {"type": "Polygon", "coordinates": [[[-105.37268975282174, 22.387560569919], [-105.37330947584339, 22.388454560228794], [-105.37368945151992, 22.389271915944516], [-105.37547924153482, 22.389557421056608], [-105.37699976427261, 22.389645768906913], [-105.37845345372787, 22.389730220019953], [-105.38046863312437, 22.38959647873914], [-105.38284704718923, 22.389701594463478], [-105.38593995028808, 22.389871246871], [-105.38819728876068, 22.389896658901574], [-105.3910456277095, 22.389824331326107], [-105.39267349031591, 22.388625217740714], [-105.39501580228685, 22.387490619749325], [-105.3970405593573, 22.38768721511812], [-105.39902437784501, 22.38647898086884], [-105.40111960944029, 22.385019794086073], [-105.40359734366682, 22.384460499661476], [-105.40814009458491, 22.38387904797386], [-105.40227630934464, 22.39210226401958], [-105.41007758674668, 22.394880455714702], [-105.41001686628755, 22.39686672895738], [-105.41017902790435, 22.398351133250173], [-105.41033877775709, 22.39975290191554], [-105.4103870880257, 22.401405604562935], [-105.41008174132787, 22.40315002879572], [-105.40943238419307, 22.405316713185858], [-105.40950545794772, 22.405929378688292], [-105.40958972051875, 22.406635846289422], [-105.40951449953026, 22.408126306221828], [-105.40919859169414, 22.409359484725936], [-105.40898139428413, 22.410207324357863], [-105.40842171214305, 22.41137935477274], [-105.40798313460833, 22.412630990933884], [-105.40790789434911, 22.41412144931957], [-105.40782782390252, 22.415446637347493], [-105.40774775215307, 22.416771825141396], [-105.40730915245345, 22.418023458982525], [-105.40719577247121, 22.419311648272405], [-105.40759758242531, 22.419489647909845], [-105.40860984663183, 22.419938068981715], [-105.41204253809289, 22.421458641417264], [-105.41279578386964, 22.421595877563224], [-105.41323685960157, 22.42167623673456], [-105.41405813526386, 22.421324475738853], [-105.41390460605608, 22.42207938625603], [-105.41347573097529, 22.424188143245807], [-105.4126041418924, 22.42847350979343], [-105.41241023132612, 22.42996699770704], [-105.41279538670315, 22.43094952187338], [-105.41364573711672, 22.43158937950359], [-105.41484256687879, 22.431889596045398], [-105.41591342680792, 22.4319449331314], [-105.41793885405546, 22.43214125557579], [-105.41664750134223, 22.432670442653787], [-105.41536581619056, 22.43353015819986], [-105.41444752502761, 22.43462867092922], [-105.41377633131958, 22.436051653546446], [-105.41274412694744, 22.43731845795558], [-105.41122493285138, 22.43818420339672], [-105.41069547167972, 22.438197715851498], [-105.41059917088545, 22.438200173371154], [-105.41015644274853, 22.438211470701145], [-105.40997184009585, 22.444087623282666], [-105.41471484506148, 22.445176265892393], [-105.41660117254686, 22.445609183296803], [-105.42229270258811, 22.446915254689003], [-105.42589706729699, 22.442519295656403], [-105.43430117165907, 22.43226809403062], [-105.44064395193828, 22.424529987096626], [-105.44209280236767, 22.42531970354176], [-105.44331155675292, 22.42636341603172], [-105.44392584415948, 22.426929984730094], [-105.44453276580087, 22.42748975291859], [-105.44587514358899, 22.428695658689577], [-105.44674756905665, 22.43007904565689], [-105.44690772727328, 22.431480766314095], [-105.44612547885545, 22.433154836395307], [-105.44497974999558, 22.43459016581404], [-105.44382668881063, 22.43577758538081], [-105.44351194895522, 22.437191524244707], [-105.44414452883827, 22.438498396887777], [-105.44489827908221, 22.439884845716634], [-105.44588461417653, 22.441099911813236], [-105.44674736677212, 22.44215276009924], [-105.44772641772353, 22.443119912703743], [-105.4482281438988, 22.444016655447744], [-105.45005293832367, 22.445458191837677], [-105.44950078754465, 22.44687825732745], [-105.45599757698172, 22.449605153019984], [-105.4567123965336, 22.449669406016405], [-105.4583672695525, 22.449378605611923], [-105.45954477475686, 22.44901741864633], [-105.46047258464156, 22.44824918920859], [-105.46163539154902, 22.447392186784697], [-105.46268190549642, 22.44662087756976], [-105.46351788696198, 22.44676466594427], [-105.464593772218, 22.44698494458168], [-105.46614456801737, 22.447192934364775], [-105.46699280783821, 22.44774987092692], [-105.46749467394284, 22.448646550921353], [-105.46833802559517, 22.44903821364779], [-105.47024748669547, 22.44931957959332], [-105.4713552903705, 22.450614043256415], [-105.47305185943075, 22.451727855102813], [-105.47331140814981, 22.45246540086122], [-105.47346695411224, 22.453701820310155], [-105.47362004856463, 22.454855606368422], [-105.47435454105153, 22.455580844532452], [-105.47439382057946, 22.456902972067702], [-105.47583828416015, 22.457527107776677], [-105.4767087330831, 22.45882768692406], [-105.47745063337551, 22.459800808600185], [-105.47842510491887, 22.460602501485663], [-105.47962477330412, 22.46098486305306], [-105.48116590821358, 22.460862173966223], [-105.48221241120282, 22.460090739507564], [-105.4833727182665, 22.459150949591482], [-105.48441673511398, 22.45829686840635], [-105.48474094667014, 22.457213390529223], [-105.48531246655496, 22.456454273292568], [-105.48627218628226, 22.456760122698828], [-105.48688309401659, 22.457323122520354], [-105.48749154389458, 22.45780348728437], [-105.48844635076198, 22.457944058247048], [-105.48974258029915, 22.457579564260538], [-105.49045005974872, 22.457395769113344], [-105.49090281493005, 22.456639721177982], [-105.49160782281518, 22.456373288508903], [-105.49161768358104, 22.4567038186089], [-105.4914196570965, 22.45803211767609], [-105.49179065441945, 22.45851864433403], [-105.49215918876095, 22.458922537577976], [-105.49287653561632, 22.45906926167034], [-105.49358648459982, 22.458968085203182], [-105.49452896989713, 22.458695457705065], [-105.4954813215719, 22.458753354371634], [-105.49631740639342, 22.4588969707577], [-105.49727469720726, 22.459120121531996], [-105.49823446017359, 22.459425898887872], [-105.4984892177023, 22.45999813619674], [-105.49897651196463, 22.46039891877423], [-105.49981508008443, 22.460625149044006], [-105.50078227101122, 22.461178807658325], [-105.50127451805751, 22.461744847495474], [-105.50188797891875, 22.462390420874698], [-105.50323860178713, 22.463843726408623], [-105.50407967000667, 22.464152566043314], [-105.50478716240909, 22.463968707915487], [-105.5052621209398, 22.46395631024537], [-105.50609824609056, 22.46409987509812], [-105.50659052495196, 22.464665897924363], [-105.50720154846132, 22.4652288181402], [-105.50803025750396, 22.46512447672727], [-105.50883668437774, 22.464276443175464], [-105.5095441706829, 22.46409256429288], [-105.51025908445168, 22.464156578214073], [-105.51120900101336, 22.464131749251827], [-105.51158008313554, 22.46461822847231], [-105.51160485600502, 22.465444547600413], [-105.51222085822378, 22.46617271209943], [-105.51342066230977, 22.466554819532675], [-105.51413063246699, 22.466453552326133], [-105.51461551453352, 22.46677165427362], [-105.51510535766408, 22.46725501830429], [-105.51594647160283, 22.46756379506469], [-105.51632005960938, 22.46813289445486], [-105.51562000181957, 22.468564698491086], [-105.51551365727772, 22.468980964579625], [-105.51480615473572, 22.46916486984928], [-105.51422483107709, 22.46959356121578], [-105.51507091639236, 22.470067605787346], [-105.51508331395705, 22.47048076461397], [-105.51580570244377, 22.470792648499938], [-105.51602583189593, 22.47020801125207], [-105.51636718382792, 22.46970289762949], [-105.51730969386067, 22.469430136885283], [-105.51756206726559, 22.469919709865543], [-105.51827701390208, 22.46998368757522], [-105.51910822350997, 22.4699619206104], [-105.51957327160598, 22.469618953819936], [-105.51970194444202, 22.469946370158606], [-105.51971683798045, 22.470442160017292], [-105.51996673924172, 22.47084909734622], [-105.52056791214729, 22.47108143850285], [-105.52115667128646, 22.470900619400293], [-105.52245044553035, 22.47045323095729], [-105.52449146680863, 22.471143992163427], [-105.52534008104527, 22.47170061342271], [-105.52547374082623, 22.472193287719545], [-105.52561237325654, 22.472851224774285], [-105.52656483074664, 22.47290893578123], [-105.52738610800623, 22.472556600157894], [-105.52821484312499, 22.472452154596628], [-105.52904606476625, 22.472430336169783], [-105.52987230935454, 22.472243250766468], [-105.53020366116608, 22.47140758343923], [-105.53097762994855, 22.469485234108227], [-105.5312940344578, 22.46815377637065], [-105.53184791527036, 22.466816079695242], [-105.53263428588335, 22.46530687907205], [-105.53296560543997, 22.464471205995828], [-105.53428418750346, 22.464850037497943], [-105.5372676217877, 22.465267773692766], [-105.53824246849747, 22.46606909757991], [-105.53850986810998, 22.46705442375334], [-105.53843351266282, 22.468462277638263], [-105.53882714229994, 22.469692372172226], [-105.54026203798729, 22.46998539774676], [-105.54132074808855, 22.469626741014075], [-105.54175330022915, 22.468209507404573], [-105.54230458447744, 22.466789145717307], [-105.54286334526816, 22.465616675327833], [-105.54403326502289, 22.465006980897204], [-105.54454567336775, 22.46623393302413], [-105.54579301592514, 22.468185786731897], [-105.54704289229564, 22.47022026053387], [-105.54875778750254, 22.471911673822103], [-105.55036398047227, 22.473936723764854], [-105.55172021731752, 22.47555487080089], [-105.55354397427661, 22.476912572864165], [-105.55442277364973, 22.478460605322077], [-105.55398531602278, 22.479712607949313], [-105.55438412252641, 22.48110792061758], [-105.55525294381924, 22.48232542476798], [-105.55581916590454, 22.481400804344855], [-105.5563778676119, 22.48022829035299], [-105.5573003259491, 22.479294252064943], [-105.558530426838, 22.480667584681534], [-105.55881052862375, 22.48206602429621], [-105.55885312805331, 22.483470741931814], [-105.55898463972173, 22.484926278963737], [-105.55903202629919, 22.485450732781576], [-105.56133101213288, 22.48679578219633], [-105.56184673327257, 22.486937818484876], [-105.56392378687279, 22.487509846193543], [-105.56516636530614, 22.4878520414167], [-105.570452004253, 22.48969673941248], [-105.57157362144017, 22.49140363424063], [-105.57339023355593, 22.492513210977975], [-105.57652835783584, 22.494083873059193], [-105.57893130584819, 22.494929732150048], [-105.5818093372441, 22.495762929559078], [-105.58350984228085, 22.496958174783472], [-105.58425520832431, 22.498013411384644], [-105.58464680823495, 22.499160749932546], [-105.58644596421541, 22.499691767428935], [-105.58790649737942, 22.500810654089925], [-105.58902164673914, 22.501307102259506], [-105.58983455394434, 22.50166898946416], [-105.59137854282719, 22.501627869861885], [-105.59267488779918, 22.501262547602238], [-105.59397880761063, 22.501145102850394], [-105.59601050178229, 22.501504422391317], [-105.59757219167788, 22.50204164779412], [-105.59874722474953, 22.501596815948982], [-105.59966953091693, 22.50066254065339], [-105.60048065173937, 22.499979317851665], [-105.6012993593384, 22.499543978313486], [-105.60282052608817, 22.49875908809555], [-105.60494563352225, 22.49828883318035], [-105.60756353036996, 22.498384251783524], [-105.60890291266219, 22.499423491465876], [-105.61000478176383, 22.500469074242147], [-105.61112189240275, 22.5020104215937], [-105.61245118281714, 22.502719114990725], [-105.61423016832444, 22.502588789098546], [-105.61520317324324, 22.503307000306837], [-105.6241558069323, 22.512246284613393], [-105.62649821518438, 22.51110834106402], [-105.62873200349341, 22.510304068152674], [-105.63039229188398, 22.510176753287276], [-105.63184053001875, 22.51088208939324], [-105.633660415082, 22.51207359565838], [-105.63501032950968, 22.51344312097236], [-105.63671660364034, 22.51480304270979], [-105.6386706859278, 22.516487059311505], [-105.63965413222638, 22.51753562759101], [-105.64017524706483, 22.519010128296234], [-105.6404511419629, 22.52024314410941], [-105.64060570315864, 22.521396731765225], [-105.6404115816074, 22.522807802920962], [-105.64008844907204, 22.5238915629492], [-105.64046013897935, 22.524377728784163], [-105.64142576184898, 22.524847890081656], [-105.64249483596427, 22.524819078106177], [-105.64343233618393, 22.524380323623976], [-105.64351531675831, 22.52322033501554], [-105.6439444161722, 22.521720228021984], [-105.64463920908574, 22.521122617027242], [-105.64581168343739, 22.520594815044646], [-105.64734305347818, 22.52014001698932], [-105.64877355514429, 22.52026680313222], [-105.6503228409372, 22.520390369136386], [-105.65197297420507, 22.519932319990627], [-105.6538504041136, 22.519137325055265], [-105.65658492168777, 22.51914609950867], [-105.65897592964009, 22.519577605002286], [-105.66242508169657, 22.523453683110056], [-105.66500693195566, 22.52619543511618], [-105.66847442593398, 22.530649760142243], [-105.67145924675833, 22.53486901663601], [-105.67291276971825, 22.539543268882632], [-105.67321702062452, 22.545489151715156], [-105.6730383471784, 22.55120004966162], [-105.67398852092454, 22.55497828626864], [-105.67553797251959, 22.558905633898632], [-105.6813905955871, 22.571151009381584], [-105.68238275303875, 22.57259094743827], [-105.68285849254049, 22.573281384555397], [-105.68413130371596, 22.575128563698225], [-105.68138872121037, 22.576203201116503], [-105.67566275169868, 22.579326933506884], [-105.66947726934167, 22.582958144960234], [-105.66576831119784, 22.585946370961306], [-105.66334501526747, 22.588240130000575], [-105.66209131835217, 22.589925117594042], [-105.66100300939695, 22.589375061243384], [-105.66028728711785, 22.589311037400936], [-105.65996287500316, 22.590310903721498], [-105.65912830639377, 22.590249962045412], [-105.65899341245395, 22.58975774635289], [-105.65826966417185, 22.589446062354767], [-105.6581267497588, 22.58870619453519], [-105.65810802639498, 22.588128341548433], [-105.65714393477865, 22.58774027322435], [-105.65712521575382, 22.5871624199534], [-105.6572253357295, 22.586581481513512], [-105.65697428808251, 22.586174899251777], [-105.65624788947633, 22.585780654952412], [-105.65598080588609, 22.584878767855844], [-105.65582454280462, 22.583726144454218], [-105.65567630190077, 22.58282117236373], [-105.65083742421604, 22.580302836856102], [-105.63872866837161, 22.577311456589182], [-105.63822671663488, 22.57649822955551], [-105.63777535297551, 22.577253473098768], [-105.6238301367681, 22.580009189106434], [-105.62234840535156, 22.578312323166458], [-105.62050225923979, 22.57637696119744], [-105.61902060776843, 22.57468006201776], [-105.61827316938378, 22.573625227386927], [-105.61764987115696, 22.572732436935667], [-105.61598362137867, 22.57269265551896], [-105.61505418099689, 22.57337750319176], [-105.61412473137902, 22.574062345635575], [-105.61343293345868, 22.574741077889094], [-105.6122287467162, 22.574276287405283], [-105.6111037038101, 22.572570156723234], [-105.61034575359388, 22.57118507519287], [-105.60877983665695, 22.570564303897317], [-105.60710832559806, 22.5703593255587], [-105.60613392100069, 22.569640735537817], [-105.60812225332309, 22.56637914860617], [-105.60692726433588, 22.56514299293525], [-105.60608854305806, 22.56336663175788], [-105.60441608022401, 22.56182128568397], [-105.60250678011451, 22.560893405134664], [-105.60059731827917, 22.55988829380375], [-105.5995236886931, 22.559501450652963], [-105.59928326469326, 22.55865198842483], [-105.59963803321952, 22.5574941463291], [-105.6001121682283, 22.556413600509266], [-105.59963393525749, 22.555795581593706], [-105.59927433311333, 22.554946028845904], [-105.59879573750239, 22.554173592091356], [-105.59807859561704, 22.55332376410129], [-105.59759982732241, 22.552474115812803], [-105.59771697323168, 22.551624924138743], [-105.59854808983914, 22.550313033522887], [-105.59949874245181, 22.549155644068602], [-105.59913878762966, 22.548151674778246], [-105.5993745410713, 22.547070949393042], [-105.59937082175985, 22.545526797581], [-105.59960545306254, 22.543982825996167], [-105.5996028483563, 22.542901919387628], [-105.59924309597119, 22.541975156851386], [-105.59816738718229, 22.540661808836823], [-105.59637851414946, 22.54011997558385], [-105.59447066641427, 22.539655235807025], [-105.59196842955167, 22.539807656630042], [-105.58994251206683, 22.539806013431512], [-105.58827590599817, 22.540576719001393], [-105.58732413997477, 22.541270797342175], [-105.58661214193043, 22.542582732417625], [-105.5860193058704, 22.54389476469989], [-105.58506768387771, 22.544666037923317], [-105.58363792740938, 22.544819236014554], [-105.58208793330382, 22.544509071387946], [-105.58172846856397, 22.543659475304953], [-105.5808917839685, 22.542577839112624], [-105.579342344799, 22.54249927095091], [-105.57636333712625, 22.542651028915618], [-105.57540614604274, 22.540951591985532], [-105.57480821506593, 22.540024554529396], [-105.57278126286806, 22.53955944733798], [-105.57063566194809, 22.539325826712687], [-105.56884910171912, 22.539787389304077], [-105.56694318892542, 22.540171609818145], [-105.56563095618705, 22.53955268097267], [-105.56491459156639, 22.538934322052675], [-105.56431673871899, 22.538007243750688], [-105.56217199916455, 22.538159550157143], [-105.56074277247707, 22.538544168519557], [-105.55883619872185, 22.538619460458186], [-105.55728599899031, 22.538154637672193], [-105.55537845948595, 22.537766639203518], [-105.55347060952859, 22.537224201367668], [-105.5512059013384, 22.53699019567602], [-105.54906131685632, 22.53721953563673], [-105.54787055886663, 22.537681503845807], [-105.54691844800732, 22.538298138822046], [-105.54620279647155, 22.53798852806019], [-105.54548839508126, 22.538296580839344], [-105.54441616578802, 22.53844982072924], [-105.54286585860905, 22.53790764962572], [-105.54203027745658, 22.537211845732852], [-105.54095544539975, 22.536052519435085], [-105.53952480432959, 22.53574207423738], [-105.53964229482972, 22.534892916118817], [-105.5389256112584, 22.534042812959854], [-105.5384459031326, 22.53249810150275], [-105.5382048393064, 22.531108077053563], [-105.53700956350399, 22.52925370926693], [-105.53557689753289, 22.52786230736277], [-105.53402554720971, 22.526702378689567], [-105.53271165176368, 22.52507946291008], [-105.53127848083776, 22.523379185742247], [-105.52972780397887, 22.522528048082187], [-105.52686859735881, 22.52283344246463], [-105.52436699624876, 22.523216434192065], [-105.52246117473183, 22.523600126673912], [-105.51960235118555, 22.52413701904147], [-105.51721916399171, 22.52413400613577], [-105.51519289895926, 22.523822582081273], [-105.5123310203919, 22.522660750777295], [-105.5105417400485, 22.521577488634545], [-105.50827410742204, 22.519489857459405], [-105.5062465898384, 22.51840622916409], [-105.50386190725263, 22.51747650849442], [-105.50159745868511, 22.517164587513985], [-105.49969113054188, 22.517239174106912], [-105.49754623433172, 22.517158987763107], [-105.4963539276562, 22.51669406670965], [-105.49516175642681, 22.516306345788205], [-105.49456497317132, 22.515687831691956], [-105.49396819523804, 22.515069315241288], [-105.49253685807557, 22.514140772265353], [-105.49098651477117, 22.513289254255408], [-105.4890798588013, 22.5131320867466], [-105.48776908135879, 22.51305297440942], [-105.48693367611945, 22.51220245599547], [-105.48550180359705, 22.510887802392755], [-105.48395032552743, 22.509264121776965], [-105.48228058059249, 22.50818071309437], [-105.48049219365636, 22.5074059450685], [-105.47846541824917, 22.506553586592858], [-105.47674987042731, 22.504745048983278], [-105.4756501249285, 22.503780922086406], [-105.47468710935021, 22.50339173427983], [-105.47327205978581, 22.503757342405546], [-105.47233466610302, 22.50419370640345], [-105.47176383924095, 22.50495145130719], [-105.47120068899257, 22.505956864088496], [-105.4704982683524, 22.506304767895223], [-105.46966682622259, 22.506325387470074], [-105.46835515511597, 22.50619266761549], [-105.46705372022974, 22.5063901639372], [-105.4657650701109, 22.507000433566656], [-105.46471908030829, 22.507769923318108], [-105.46416098132228, 22.508940425792723], [-105.46334038100296, 22.51100810847738], [-105.46330277080072, 22.5119359976523], [-105.46249685278985, 22.51278214837932], [-105.46166536995048, 22.512802727309914], [-105.46082366684855, 22.512493074677277], [-105.45985041267296, 22.51177357156438], [-105.45867280233955, 22.51213317660065], [-105.45798188768903, 22.51331568395425], [-105.4575066707906, 22.514318625199536], [-105.4567933544292, 22.515475591518925], [-105.45584277663748, 22.517404256049897], [-105.45524911380986, 22.518947460163414], [-105.45441691376524, 22.520335847035433], [-105.45310587386238, 22.520102034380784], [-105.45179483817488, 22.519868210971584], [-105.4501269532704, 22.52009703079622], [-105.4483636236235, 22.520715517192315], [-105.44666167970966, 22.521952941125328], [-105.44508437892738, 22.52266170553676], [-105.44404903033981, 22.522561282742757], [-105.44310035160863, 22.52294175938362], [-105.44286420331895, 22.52463995738707], [-105.44279122973005, 22.525601403345785], [-105.44274701468318, 22.526183942308577], [-105.44262913378887, 22.527187459987495], [-105.44215454620803, 22.52880803319317], [-105.44072545094294, 22.529500428569115], [-105.44025024995003, 22.530657738894952], [-105.43932627249069, 22.53149519586746], [-105.43905994242317, 22.531736584163554], [-105.43798936059557, 22.53327888816752], [-105.43679968094948, 22.53489818381087], [-105.43692037836257, 22.536133747227357], [-105.4366839441542, 22.537677515919256], [-105.43656610647069, 22.538758238088672], [-105.4354958229168, 22.540609363459634], [-105.43537768982718, 22.54145845607859], [-105.43502214827382, 22.543079219310034], [-105.43478502175498, 22.544082518114124], [-105.4349055218132, 22.545163662871314], [-105.43502649664077, 22.54663085460209], [-105.43502838782294, 22.548175043370335], [-105.43491052981398, 22.549255763264703], [-105.43562723571931, 22.550569594290693], [-105.43610482515287, 22.551265324384662], [-105.43694045084018, 22.552347731908416], [-105.4372992513417, 22.553352084948664], [-105.43730078566198, 22.55458743461437], [-105.43718246162045, 22.55528210841647], [-105.43658767182565, 22.55620756771003], [-105.4368278654434, 22.55767496635195], [-105.43694820363385, 22.558601688692786], [-105.43790355351062, 22.56007034629856], [-105.4387382796603, 22.56038064947553], [-105.43921640441334, 22.561462415029844], [-105.43909856969888, 22.562543135873508], [-105.43693621707496, 22.562901978442643], [-105.43779089095061, 22.56362453435569], [-105.438526745538, 22.564350008729402], [-105.4390300374244, 22.56524644045607], [-105.43882290116127, 22.566242969243884], [-105.43803686702593, 22.567749453882705], [-105.43784752110759, 22.56932387893644], [-105.43693754063932, 22.57066816716721], [-105.43650033967454, 22.571918207100477], [-105.43711231177632, 22.572481494737477], [-105.4372565744386, 22.573304140326478], [-105.43693057764828, 22.574303588387764], [-105.43660711871533, 22.575385592514458], [-105.43748221295554, 22.576768601810272], [-105.43801606493342, 22.5786557153554], [-105.4376169975916, 22.581144107679453], [-105.437060927778, 22.582397070626914], [-105.43698785592939, 22.58388601323734], [-105.43739271098264, 22.585445822499825], [-105.43804290160645, 22.587247454113413], [-105.43927972288621, 22.5887867935453], [-105.44122203707596, 22.590060901738315], [-105.44328578482043, 22.59141461511174], [-105.44593109159489, 22.592340875254667], [-105.44858663347377, 22.593597316276522], [-105.45028884044898, 22.594794617189184], [-105.45114888585023, 22.59568220731131], [-105.45257769314381, 22.595729562111224], [-105.45358469926695, 22.59752232213768], [-105.45517835707089, 22.59905272818905], [-105.45593237561127, 22.60035600736858], [-105.4558697197783, 22.60217517612515], [-105.4548408450884, 22.603522497425217], [-105.45369564158783, 22.60495530323566], [-105.45243665633289, 22.606556147159214], [-105.45175410156878, 22.60756442238006], [-105.45132458141504, 22.609062164778567], [-105.45038385913838, 22.609415852090933], [-105.44898041904214, 22.610194041126878], [-105.44795651883494, 22.61170643120555], [-105.44799732371426, 22.613027328759276], [-105.44815189940724, 22.61418018301356], [-105.44758814798192, 22.615185509671043], [-105.44775037388808, 22.616586032205554], [-105.44886359404893, 22.617963104848894], [-105.4495115423326, 22.619682121895178], [-105.44958298413789, 22.621993688984894], [-105.44944473752011, 22.62521923478732], [-105.44970801479437, 22.62603892962335], [-105.44985751757011, 22.627026668111043], [-105.45047489541956, 22.62775500793532], [-105.45141063571641, 22.627236207165677], [-105.45318109107619, 22.6267794150696], [-105.45449389350266, 22.62691223796712], [-105.45581691993512, 22.62737527303479], [-105.45819199483108, 22.627233963573364], [-105.45925169770663, 22.626877290302406], [-105.45994452122278, 22.626199207522927], [-105.46125220628312, 22.62616686384662], [-105.46232212981522, 22.62614039291762], [-105.46361701316594, 22.625695252122245], [-105.46443636993105, 22.625261874350347], [-105.46538740596698, 22.625238326221474], [-105.46598948758182, 22.625471272267813], [-105.46741604296614, 22.625435934122805], [-105.46931811529116, 22.625388796882014], [-105.47087636956839, 22.625763258115168], [-105.47162042565691, 22.62673623296107], [-105.47262021327825, 22.628281192805563], [-105.47338482319174, 22.629914600882334], [-105.47367134687315, 22.63147725053326], [-105.47347720153131, 22.63288658942622], [-105.47304784446064, 22.634384382636675], [-105.47225668224742, 22.635725911866924], [-105.47157156865647, 22.63665171250864], [-105.47088388121837, 22.637494955033816], [-105.47033815589324, 22.63907824417493], [-105.46990874671569, 22.640576028733044], [-105.46921590222482, 22.641254153733954], [-105.4682801368711, 22.641773057954367], [-105.4673546154935, 22.6426221779155], [-105.46691747587015, 22.6438722887329], [-105.46731772978423, 22.64526689193411], [-105.46750326332008, 22.647410382419793], [-105.4667170997718, 22.648916994747204], [-105.46566749706571, 22.649603939873032], [-105.46436727562725, 22.649883988987217], [-105.46306448828042, 22.65008147232337], [-105.46222450182307, 22.6498544016348], [-105.46126305810337, 22.64954771232958], [-105.4604358719282, 22.649733409003094], [-105.4599884135485, 22.6506532797416], [-105.46030809896033, 22.653289170719443], [-105.4608528131557, 22.65550640173817], [-105.46115717082863, 22.657646957280196], [-105.46302180893397, 22.658525162647653], [-105.46307820603337, 22.66042400496451], [-105.46349870926069, 22.662561768588123], [-105.46580227697189, 22.66399236197539], [-105.46975600781948, 22.66488666520744], [-105.4720498474072, 22.66598693411969], [-105.47282726866362, 22.668115895902737], [-105.4737334715925, 22.67057215932752], [-105.47474141594401, 22.672447584537885], [-105.47655726097045, 22.673476931866695], [-105.47883160163514, 22.673916636412255], [-105.48064749581931, 22.674945936320913], [-105.48310487654214, 22.677529148993568], [-105.48480438653733, 22.678643890150525], [-105.48518090011804, 22.679295548769005], [-105.48388686210782, 22.680226686192555], [-105.48054730997693, 22.6822288898144], [-105.47935629542594, 22.68392520159891], [-105.48103058566302, 22.685470945895723], [-105.4840143344662, 22.68478025007431], [-105.48783173077284, 22.682932932265892], [-105.48986272397893, 22.683630087056265], [-105.49154163565132, 22.687645306511808], [-105.49715730755268, 22.689735898782853], [-105.49763724126211, 22.69097126650005], [-105.49752075953617, 22.692514615219398], [-105.49752470834764, 22.694598329120655], [-105.49740676802551, 22.695369932563466], [-105.49908005877987, 22.696220835968756], [-105.50230564149145, 22.69707352354898], [-105.50409792677588, 22.69769297896673], [-105.50469676744017, 22.698619745914318], [-105.5038642382468, 22.700316611844947], [-105.50350978450301, 22.702245546025786], [-105.50279664033462, 22.70394255067269], [-105.50375435497882, 22.705178420439424], [-105.50590163616567, 22.70410041943547], [-105.5088821259563, 22.701711382906492], [-105.51258080937832, 22.700249167853226], [-105.51461212564037, 22.70094591545123], [-105.51604895218915, 22.702876751519256], [-105.51497980240862, 22.705576634798856], [-105.51426696664879, 22.707350834149135], [-105.514271865811, 22.709743176100147], [-105.51547269152503, 22.712985669839487], [-105.51642786570105, 22.712909496698003], [-105.51786214950346, 22.713528359007107], [-105.52013171396176, 22.713839371635085], [-105.52143927607618, 22.71098536278316], [-105.52358202099498, 22.707823513931846], [-105.52585098423633, 22.707902951239713], [-105.52668046068254, 22.708439091163697], [-105.52884039269054, 22.70983514322041], [-105.53158584016674, 22.70937476187859], [-105.53325978077845, 22.710379553443733], [-105.53434314817264, 22.714316212594337], [-105.537455146362, 22.71756016745902], [-105.53745825445716, 22.718949213243164], [-105.53543107058464, 22.720259255473795], [-105.53160913494452, 22.720024222074166], [-105.53077438037405, 22.72056362930189], [-105.53197249455881, 22.72233965432611], [-105.53281288747858, 22.724346843126234], [-105.53401124268632, 22.72620000813723], [-105.53401485619297, 22.72782057050071], [-105.53234751620481, 22.729902632942103], [-105.53139945456982, 22.73322006643343], [-105.53295533900878, 22.73468770198303], [-105.5341526099314, 22.736000656397458], [-105.53463295136086, 22.737158624153786], [-105.53379916807948, 22.738161086337186], [-105.53117124237274, 22.738004387091717], [-105.53081586026642, 22.73931595221311], [-105.53309123440525, 22.74201893284203], [-105.53034792961097, 22.74371421249332], [-105.52987551313984, 22.746106054640375], [-105.5272559910915, 22.74980784768909], [-105.52714118420936, 22.75189134132068], [-105.52572136048263, 22.757986513324752], [-105.52393091238058, 22.758602245280496], [-105.52034420136088, 22.757209834102742], [-105.5183188438804, 22.759677399143605], [-105.51808632439914, 22.76260969359679], [-105.51964557765336, 22.76546649909116], [-105.5189308385728, 22.76639188705986], [-105.51821947937765, 22.768860705665084], [-105.5117746248544, 22.77178708978842], [-105.51106428949096, 22.774796119691935], [-105.51214388377345, 22.77680364129956], [-105.5108350091612, 22.779271894147204], [-105.50928347966497, 22.780042115380358], [-105.50737580982951, 22.781892394669804], [-105.5055959833218, 22.787678613735828], [-105.50201928583226, 22.79137938248158], [-105.49676305486754, 22.79199143244877], [-105.49608706396751, 22.797336545322363], [-105.49460616640431, 22.809044759116087], [-105.49580029407404, 22.81086533118253], [-105.49377348857864, 22.812685930081507], [-105.4924612960933, 22.81276868021058], [-105.49329716440377, 22.8140099907867], [-105.49259820558089, 22.815762177048413], [-105.49273457460207, 22.81633712683975], [-105.49369190691066, 22.81647870108686], [-105.49430695020975, 22.817124434299245], [-105.49436388819714, 22.819023219411196], [-105.49333203735338, 22.82037059783198], [-105.49219596019603, 22.82221624658799], [-105.49234718159502, 22.82328653141849], [-105.49250830415342, 22.82468703933526], [-105.49219073068437, 22.82601675798023], [-105.4913721811439, 22.826532682044277], [-105.48992371502395, 22.825907520130794], [-105.48860420696181, 22.82560962971393], [-105.48720024953207, 22.826470449805306], [-105.48748779716414, 22.828115693020518], [-105.48763404557445, 22.829020870194547], [-105.48729169848987, 22.829525020088784], [-105.48659711171513, 22.830203093925697], [-105.48626958443593, 22.831202577320486], [-105.48676807080523, 22.831933831032767], [-105.48667866576153, 22.832927439662704], [-105.48576817076179, 22.834354388178618], [-105.48496931057659, 22.83553072748033], [-105.48550733915931, 22.837582879181063], [-105.48614468252713, 22.838971644131252], [-105.4855839369539, 22.840142111525605], [-105.48453949168436, 22.841076654378856], [-105.48312547312555, 22.841607216506745], [-105.48147330213733, 22.842143634027764], [-105.48030233817242, 22.842833415505613], [-105.47923069641872, 22.8428598083986], [-105.47875441101617, 22.842871536260606], [-105.47797517347293, 22.84470828916453], [-105.4771885171585, 22.84629737013581], [-105.47639444591323, 22.84763877914361], [-105.47606433900214, 22.848555685338663], [-105.47597238219448, 22.84946673139076], [-105.47528010409265, 22.85022731288092], [-105.47471675580854, 22.851315186707676], [-105.47521772163617, 22.85212903055434], [-105.47584763561171, 22.85327016685679], [-105.47611538439155, 22.85425497875901], [-105.4750683022448, 22.85510690480749], [-105.47340115151707, 22.855147904998503], [-105.46996992154837, 22.85597578341664], [-105.46962498128853, 22.856397339778276], [-105.46976375998304, 22.857054863366447], [-105.46922003337036, 22.858803166698443], [-105.46831903186093, 22.86056024113682], [-105.46762173404846, 22.86115567772714], [-105.46679550086004, 22.861423809997284], [-105.46647267796786, 22.862588364699455], [-105.46697117741842, 22.863319677376914], [-105.46734813136813, 22.86397135586235], [-105.46701054464039, 22.864640574846614], [-105.46560113236613, 22.865336097171625], [-105.46526107430158, 22.865922756417707], [-105.46516411707115, 22.86666868342533], [-105.46505978070253, 22.867166942004545], [-105.46436981219986, 22.86801003296398], [-105.46356565774812, 22.86902115407485], [-105.46370933866115, 22.86984379440566], [-105.45198957514398, 22.88054045367926], [-105.44862861840546, 22.883762014600276], [-105.44996187508794, 22.90859687722982], [-105.46459628634821, 22.920428299873013], [-105.45493806703446, 22.958410066793782], [-105.4347608875778, 23.04132778681657], [-105.39471444408609, 23.05976591614137], [-105.37099851196407, 23.07688959390794], [-105.3701951154286, 23.076796229235303], [-105.36929403834928, 23.075967818182665], [-105.36829490603394, 23.075231047262868], [-105.3668801906284, 23.074539588926424], [-105.36573194458644, 23.074468810665916], [-105.36534136218252, 23.07437631017812], [-105.36443671770826, 23.074489689725294], [-105.36377667679342, 23.07458045983575], [-105.3628225706664, 23.074854555946978], [-105.36177239391715, 23.074692016423235], [-105.36094385185154, 23.074093288008154], [-105.36011402566788, 23.073816233624193], [-105.35935680439438, 23.073746052799972], [-105.35813503876192, 23.073744039455786], [-105.35730569779052, 23.07335206561026], [-105.35669890139216, 23.072271428512074], [-105.35704617207251, 23.070939587702355], [-105.35724484988829, 23.070090008530563], [-105.35700582826443, 23.06871125416195], [-105.35708219935952, 23.067907388772152], [-105.3563297507928, 23.06659663872749], [-105.35555157091451, 23.065630563239612], [-105.3553591487632, 23.06484916341498], [-105.3551674553037, 23.06386098920688], [-105.3537778496441, 23.063031686572998], [-105.35297260940413, 23.062754628748927], [-105.3513129200745, 23.062269353560296], [-105.35055636868096, 23.06201665534693], [-105.35014618128211, 23.055158115235425], [-105.35020647920157, 23.05261938250232], [-105.35027919349228, 23.049557791916392], [-105.35439641825761, 23.044768180421226], [-105.34927263448482, 23.035810580128565], [-105.34974333842555, 23.033471519615624], [-105.35072652913664, 23.031771208521437], [-105.35121955874857, 23.029844972295855], [-105.35112563161492, 23.028111088961133], [-105.35033453741976, 23.026740132983978], [-105.35049686321788, 23.0253256245005], [-105.3507694154955, 23.023740539727683], [-105.35153207004083, 23.02238137432516], [-105.35172121509831, 23.021462259682124], [-105.35097934927917, 23.02099953082089], [-105.34916047570334, 23.020503221392357], [-105.34801640674632, 23.019231145803914], [-105.34748161497747, 23.018179553372093], [-105.3471985778359, 23.017364774901882], [-105.3464522804128, 23.01681945796816], [-105.34092446053074, 23.014009244643944], [-105.34260474418298, 23.01194609378729], [-105.34302779585059, 23.0109335456337], [-105.34226815107546, 23.010140508786062], [-105.34116442699919, 23.009611477881364], [-105.3406158875531, 23.00673396530016], [-105.34006977263788, 23.00435111434561], [-105.33954038698359, 23.002546164252642], [-105.33936865788183, 23.000732724605083], [-105.33861280349136, 22.99934621707791], [-105.33714646565564, 22.998141787665702], [-105.33579936462287, 22.996934517753203], [-105.33385623843556, 22.995741362067363], [-105.33332935335046, 22.994018945768268], [-105.33450713362433, 22.99349534813013], [-105.33630955992743, 22.993948302950123], [-105.33748971339905, 22.99350724110431], [-105.33781870703957, 22.992508063875857], [-105.33645257736985, 22.990640335361842], [-105.33546555478715, 22.989507137299196], [-105.33493867463925, 22.987784724953453], [-105.33523668109143, 22.985712299081555], [-105.33651211958954, 22.984442839485038], [-105.33780661853297, 22.983833832967477], [-105.33850749819024, 22.983321516864024], [-105.33836682655705, 22.982581324090436], [-105.33665512529353, 22.981134867927278], [-105.33580405679676, 22.98057674862083], [-105.33588510463422, 22.979252994445623], [-105.33691731917403, 22.977824067860716], [-105.33784940243949, 22.97705842623123], [-105.33853593255283, 22.976050762113278], [-105.33766342144315, 22.974749630263517], [-105.33702930751303, 22.973442839042335], [-105.33664312215672, 22.972460623599794], [-105.3362378683037, 22.970817942439833], [-105.33704833602373, 22.96997257378226], [-105.33884091398699, 22.97009527255483], [-105.34052624189124, 22.97063357074933], [-105.3417037922407, 22.970109920835924], [-105.34238070741866, 22.968772008069962], [-105.34174896460789, 22.96754779293044], [-105.3399397132124, 22.96684722038784], [-105.33873594149827, 22.966462718467362], [-105.33792073463947, 22.96714297959452], [-105.33732958106783, 22.96732223352922], [-105.33672411913192, 22.96700613664978], [-105.33657393794614, 22.965935707975913], [-105.33628550353475, 22.96420764042789], [-105.3354130913664, 22.96290649309343], [-105.33443343073137, 22.962020956748756], [-105.33311768334222, 22.9618869109846], [-105.33171133363774, 22.962746376578153], [-105.33076026640576, 22.962851516519155], [-105.33049333749949, 22.96186646151468], [-105.33105590636873, 22.96069653358493], [-105.33185205935955, 22.95935584090394], [-105.33206183829081, 22.95835949489163], [-105.33224779941698, 22.95653756538573], [-105.33220731502999, 22.955134073856787], [-105.33215968766238, 22.953482907008816], [-105.33178312029374, 22.952830909630556], [-105.33082260031728, 22.95260581576656], [-105.32988112284337, 22.9530411833272], [-105.32857498297803, 22.953237332323678], [-105.32747864324148, 22.9524371296266], [-105.3272093812021, 22.951369508811673], [-105.32691158673227, 22.949311185273615], [-105.32582004328656, 22.94867608729478], [-105.32403726271414, 22.948883471929253], [-105.32268601972895, 22.947510958876734], [-105.320121297612, 22.94955430032803], [-105.3158952090234, 22.95188464063956], [-105.31470823070471, 22.952077864475637], [-105.31389061704407, 22.952675444969106], [-105.31367834279759, 22.953589210320775], [-105.31275812858208, 22.95476750568457], [-105.311828422247, 22.95561556062359], [-105.31100840611555, 22.956130567597505], [-105.31017654336722, 22.95623277636366], [-105.30861778735986, 22.955939022200084], [-105.30720660844838, 22.95663315453056], [-105.30651284287242, 22.957393010383722], [-105.30523027614711, 22.958414556616592], [-105.30382141833172, 22.959191217966758], [-105.3030226243258, 22.960449214124036], [-105.30148982633008, 22.961063538547094], [-105.29983074756015, 22.96143297050627], [-105.29818110329111, 22.962132621186324], [-105.29725125523659, 22.96298059141173], [-105.29607359079478, 22.963503912908536], [-105.29369229352415, 22.96364238005645], [-105.2927671223699, 22.96465544237451], [-105.29105713497869, 22.96742179023137], [-105.29053425290132, 22.969995083743648], [-105.28963493101612, 22.971916277393152], [-105.28714841523114, 22.972552793723075], [-105.28486731509585, 22.972027867100877], [-105.28307240064896, 22.97182199866225], [-105.28280109417722, 22.970671742532694], [-105.28192914788242, 22.96937029695025], [-105.28065568421951, 22.97072188299633], [-105.2791720095606, 22.97306973776373], [-105.27822552387357, 22.973339682236393], [-105.27837525522263, 22.97441016999483], [-105.27792667133804, 22.97541201310905], [-105.27660849593511, 22.97519494015012], [-105.27578822703468, 22.975709766311045], [-105.2748604930307, 22.97664016543512], [-105.27414532381155, 22.97665684663278], [-105.27328280538141, 22.97568559150434], [-105.27255356666136, 22.975206909177505], [-105.27137100967111, 22.975564929600377], [-105.27028888601785, 22.975259688738635], [-105.2694545294571, 22.975279125688928], [-105.26887730806695, 22.975953482281273], [-105.26791203801602, 22.975562889706453], [-105.26719687326242, 22.97557953951289], [-105.26661729720254, 22.976171328469256], [-105.26600493153832, 22.97560728202427], [-105.26530849670587, 22.9762843995324], [-105.26428489801219, 22.97804310593497], [-105.26309059383449, 22.97798826718868], [-105.26190798702001, 22.978346217354126], [-105.26097780053117, 22.979193976407462], [-105.2596853316325, 22.979884918473743], [-105.25837181462197, 22.979832813358666], [-105.25716815076981, 22.979447691536983], [-105.25572376304082, 22.978985533179326], [-105.25355253117802, 22.978127151243534], [-105.25317160091754, 22.977309846575807], [-105.25301739666104, 22.976074214018034], [-105.25251261415463, 22.97509455186889], [-105.25166659001508, 22.97470109614926], [-105.25118981471259, 22.974712147506036], [-105.25012406614469, 22.974984687389057], [-105.24933633924181, 22.976655215476114], [-105.24889919014218, 22.978069777422252], [-105.24759268570891, 22.97826526233905], [-105.24544480850686, 22.978232367589445], [-105.24307017712893, 22.97861775685328], [-105.24188285625972, 22.978810438181263], [-105.24128221415322, 22.97865909554398], [-105.24172177160413, 22.977327114006677], [-105.24253519859123, 22.97656478300394], [-105.24298404812852, 22.9755630377786], [-105.24270608969508, 22.974165030519554], [-105.24124319295098, 22.973042258764107], [-105.23956751842955, 22.972833142124465], [-105.23802731397689, 22.97319917585995], [-105.23649639614938, 22.97389543524494], [-105.23546547084423, 22.975406278815917], [-105.23479211139995, 22.976908864940462], [-105.23423328975188, 22.978243577873126], [-105.23320927235774, 22.980002086798184], [-105.23266203075117, 22.98174959452765], [-105.23223629873677, 22.98357691179156], [-105.23167510400575, 22.984829054905198], [-105.23085228408279, 22.985261089787056], [-105.23016722453919, 22.98635085461995], [-105.22997057701363, 22.9878424306062], [-105.23084214901586, 22.989144162349675], [-105.23231442183895, 22.990597267281153], [-105.2334267752474, 22.991976046690468], [-105.23452521318669, 22.992859458020344], [-105.23516076200204, 22.994249224879916], [-105.23448498473219, 22.995669246991792], [-105.23274323372061, 22.997361690092927], [-105.2312120171888, 22.998057898780516], [-105.22953836821202, 22.99793123917841], [-105.22835549735538, 22.99828894028117], [-105.22731966085887, 22.999634608396686], [-105.22723058801881, 23.00071063379149], [-105.22715542625225, 23.00228201914779], [-105.22696568016761, 23.004021268873398], [-105.22664975211903, 23.005515582511272], [-105.22547839657756, 23.00628606236037], [-105.22440539605347, 23.006310750608428], [-105.22347015020081, 23.00699316999545], [-105.2221494343967, 23.006693086675153], [-105.22080325964902, 23.00548483111486], [-105.21957864369695, 23.00435638484616], [-105.21848714884081, 23.0037205516491], [-105.21729263386997, 23.003665369603574], [-105.21520744982003, 23.004134261361276], [-105.21541439605447, 23.005780334531032], [-105.21573173483313, 23.007255923315068], [-105.21507379568034, 23.008361395278154], [-105.21184679108221, 23.010575202394325], [-105.20979384917909, 23.012405285851127], [-105.2081956165815, 23.01380114205146], [-105.20633269988505, 23.014712227304095], [-105.20418319997283, 23.014725677274047], [-105.20278379387751, 23.015367672461085], [-105.20115916827369, 23.016268031604326], [-105.20020577043645, 23.016310680107942], [-105.19872749858648, 23.015466359194548], [-105.19900180891047, 23.01388151765183], [-105.19894487563452, 23.012808092128925], [-105.19755304598074, 23.010230738317638], [-105.19630655364485, 23.010360286677983], [-105.19638194543269, 23.009529245772526], [-105.1961633523132, 23.007453622396643], [-105.19498950580805, 23.008141317373607], [-105.19393257400877, 23.008743723314424], [-105.19224503868429, 23.00812130691266], [-105.19067674296602, 23.007496155064466], [-105.18994991625644, 23.00709965418992], [-105.18913601030852, 23.007861715839514], [-105.18820057473117, 23.008543928140384], [-105.18663688088749, 23.008083857641378], [-105.18591694402846, 23.007935020436328], [-105.18460088546423, 23.007799744978104], [-105.18341551532937, 23.008074550687507], [-105.18260633854135, 23.011054955612206], [-105.18218208488679, 23.012067085586978], [-105.18101220836553, 23.01253311117771], [-105.18084375851981, 23.013864891823395], [-105.18091365478892, 23.015186039904258], [-105.1805910777295, 23.015862562075224], [-105.17877287667467, 23.015364288450474], [-105.17705203238283, 23.014447821216148], [-105.17501297507964, 23.014290418056333], [-105.1737775914036, 23.013517811102258], [-105.17288448002802, 23.0112051874097], [-105.17010568780523, 23.009946379114997], [-105.16936227027008, 23.009079594165513], [-105.16850093979208, 23.00800003075793], [-105.16612871230046, 23.00665781702701], [-105.16436883992328, 23.00499805888481], [-105.16332835823656, 23.003389037271088], [-105.16235914037361, 23.00086640899977], [-105.16074032944549, 22.9996141689145], [-105.16206488090614, 22.995258094326918], [-105.16049231498552, 22.994467518182606], [-105.159277406017, 22.993668845686077], [-105.1600800073474, 22.99249412872671], [-105.16100180562476, 22.99131671270956], [-105.16130247634266, 22.98924459304916], [-105.15995245816312, 22.98787069022803], [-105.15850830409005, 22.9874076446732], [-105.15847870738166, 22.986334345645425], [-105.15806645442694, 22.984360948621205], [-105.15778479739858, 22.982797665145956], [-105.15621695121418, 22.982172167444386], [-105.15553813029247, 22.98350929857288], [-105.15509543202806, 22.984758484333632], [-105.1541486123754, 22.985027689898715], [-105.15399984624399, 22.98395707922803], [-105.1542132411662, 22.983043522444515], [-105.1539430002292, 22.98189303959742], [-105.15322551059708, 22.98182661391041], [-105.15320277710299, 22.98100099776581], [-105.15244438088149, 22.979448459163763], [-105.15063592579317, 22.97874572070252], [-105.14874007776176, 22.979201511245996], [-105.14731421128577, 22.97939885625731], [-105.1472847051339, 22.978325553570976], [-105.1471314615708, 22.977089811695645], [-105.14672620995134, 22.975364067203884], [-105.14643108811033, 22.973305390111925], [-105.14591800668576, 22.971995135667274], [-105.14518015856632, 22.97118561655238], [-105.14550598071379, 22.970021701202583], [-105.14619844703113, 22.96917998180343], [-105.14640960292017, 22.96818387179127], [-105.14504633650665, 22.96631446507412], [-105.1426217514825, 22.96488198847656], [-105.1411643061127, 22.963923410067167], [-105.13945492064246, 22.962474803179067], [-105.13822683837363, 22.96118059157711], [-105.13690800897194, 22.961775155201046], [-105.13564414760032, 22.96237841609891], [-105.13460430009175, 22.963026915591893], [-105.13359091037893, 22.96390546987424], [-105.13292478247622, 22.964667555808585], [-105.13163498858111, 22.9651327741849], [-105.13046399200564, 22.964768968116758], [-105.1293377826104, 22.96369128755681], [-105.12833699968567, 22.96277429414743], [-105.12778729549353, 22.96236208642535], [-105.12701325951839, 22.96188158242205], [-105.1259924858738, 22.96167823883336], [-105.12465180069425, 22.96195942798616], [-105.12351240068821, 22.96260820419454], [-105.1224935338988, 22.96268108197191], [-105.12130029957122, 22.9627085576745], [-105.12050466596989, 22.9627114225954], [-105.12000711051746, 22.962667264564672], [-105.11953578378348, 22.962830133726428], [-105.11895961378258, 22.963324552270493], [-105.11870069056619, 22.96354673560095], [-105.11837749281445, 22.963824071621403], [-105.11815785546403, 22.96444637462342], [-105.11771329219054, 22.964885373479955], [-105.11702119432725, 22.965509379965994], [-105.11657875376424, 22.96627059996363], [-105.11626047673738, 22.967008421162614], [-105.11604127375028, 22.96769973685186], [-105.11599821816006, 22.968689662051165], [-105.11600325647903, 22.969449287411926], [-105.11588322521435, 22.9700941881069], [-105.11571287205696, 22.970647254483005], [-105.11536152342822, 22.97132178228509], [-105.11514824459559, 22.97173123661753], [-105.11397602105623, 22.972793662436462], [-105.11392879445464, 22.973249085101667], [-105.11388156754379, 22.973704507869854], [-105.10420390779939, 22.977472468343503], [-105.0862487636969, 22.963594286304918], [-105.0851795711838, 22.963574990400055], [-105.0842598725325, 22.96362426280717], [-105.08329383564093, 22.963650448430883], [-105.08230110651742, 22.963930103197377], [-105.08163188864171, 22.96425466283575], [-105.08084022032608, 22.964878924518068], [-105.07994902556477, 22.965480467935546], [-105.07905622573115, 22.965851832654632], [-105.07766639117669, 22.966247917530513], [-105.0763454237724, 22.96627563846828], [-105.07405646959015, 22.966053234299746], [-105.07249075018345, 22.96562109288392], [-105.0715441296622, 22.965348077824995], [-105.07029865665477, 22.96498404152975], [-105.06890254787326, 22.964390247771245], [-105.06760628271842, 22.96386523466693], [-105.06615666024096, 22.96320276116208], [-105.06533622506174, 22.962675927404913], [-105.06433924786553, 22.962287983276198], [-105.06274325296832, 22.96206330249095], [-105.06147538328509, 22.962090538295417], [-105.06030681058984, 22.962094419700964], [-105.05909129207406, 22.962006192569028], [-105.05764739413026, 22.961711779098877], [-105.05679980695542, 22.961346226600256], [-105.0554053607669, 22.961005613540454], [-105.0547559891115, 22.961076907649705], [-105.05294563038139, 22.961819447230862], [-105.05200654253723, 22.962213736782804], [-105.05096080272443, 22.96249345768247], [-105.04932257377676, 22.962936167518645], [-105.04830439516981, 22.9631466914272], [-105.04698727204136, 22.96324302335147], [-105.04609119630162, 22.9630847476541], [-105.04526902908253, 22.962811177809147], [-105.04422400343103, 22.962676511540096], [-105.04340287669717, 22.962587035311635], [-105.04268186844752, 22.962589399046802], [-105.04186502874695, 22.962637883832063], [-105.04092033624146, 22.962663966508178], [-105.0399235328542, 22.962298813942144], [-105.03932321756979, 22.961702298476865], [-105.03919566207146, 22.961173235383004], [-105.03891834015322, 22.960552608849273], [-105.03784743821399, 22.960256838924796], [-105.03667734426516, 22.96000733649767], [-105.03570258875342, 22.959158767045736], [-105.0349039133776, 22.95865487301053], [-105.03398086842117, 22.95815136297383], [-105.03283467718356, 22.958270275819174], [-105.03217266133001, 22.959261963430965], [-105.03147928348493, 22.95972452996824], [-105.03070691340635, 22.95945069404608], [-105.02975920346407, 22.95897029014304], [-105.02883598679206, 22.958950376026888], [-105.02859054951101, 22.95895099286148], [-105.02797300028396, 22.959620398629774], [-105.0278523554269, 22.960219253703354], [-105.02768327338505, 22.96104847252675], [-105.02701434293205, 22.961441818232], [-105.02599139797478, 22.960846588380786], [-105.02471187510898, 22.959469597852276], [-105.0240867661727, 22.95887302818163], [-105.02373700269887, 22.958597919029415], [-105.02221729174795, 22.958073199661566], [-105.02114915500366, 22.958237575609772], [-105.01998351376254, 22.958724544704236], [-105.01916542129771, 22.959118418044863], [-105.01846960497332, 22.9591665590778], [-105.01764751683872, 22.958892845834228], [-105.01675269983352, 22.958941633703148], [-105.01603350147748, 22.959243067211652], [-105.01528912683128, 22.959498519119837], [-105.01401978168488, 22.959272165362417], [-105.01309988610167, 22.959274954078868], [-105.01171437122055, 22.95987754323727], [-105.0112692817556, 22.96029320908035], [-105.00965888103534, 22.961264783225747], [-105.00881645594721, 22.96175074687617], [-105.00775142209609, 22.96244448863183], [-105.00685913335445, 22.96293053459065], [-105.005941371795, 22.96330157945173], [-105.00507257188208, 22.963534313868497], [-105.0045764146504, 22.96370638331911], [-105.0032790466536, 22.963327277647], [-105.00258378491641, 22.963188535274593], [-104.97152853537878, 22.968237321452968], [-104.95735664651579, 22.967371387041904], [-104.93169705151045, 22.943629024961812], [-104.9316435966878, 22.941564892399864], [-104.93194765368946, 22.939493191483063], [-104.93167082677927, 22.93801206061726], [-104.93080244342225, 22.93670867027262], [-104.9303001253307, 22.935727972468072], [-104.9303850950535, 22.93440440458287], [-104.9310551971177, 22.932655400046503], [-104.9322489765291, 22.93271274015154], [-104.93343206135165, 22.9323572443556], [-104.93364257878726, 22.931278846367647], [-104.93396155774921, 22.929785096685364], [-104.93440396922004, 22.928453952340835], [-104.93389309812719, 22.927143003184817], [-104.93184173324939, 22.92619511651025], [-104.93063091246046, 22.92547724952404], [-104.9301115408252, 22.92383602579634], [-104.92956013220017, 22.920956316879057], [-104.92914285233661, 22.918652043521906], [-104.92957459153962, 22.916908082802177], [-104.93047864079219, 22.91498890322627], [-104.93176362166487, 22.91397037208241], [-104.9322145552349, 22.91296949355656], [-104.93192922683805, 22.91115809583434], [-104.93164176824575, 22.909264131556725], [-104.93209268704727, 22.908263252748114], [-104.93254146098606, 22.90717980685892], [-104.93204137650672, 22.906281676814437], [-104.93176675274476, 22.904883105767006], [-104.93218131069689, 22.902478609034407], [-104.9880262418442, 22.889844107772685], [-104.9873240395465, 22.888329430097816], [-104.98703429910191, 22.887018175392658], [-104.98751022905556, 22.883371065036737], [-104.98702267386615, 22.88213088855465], [-104.98683781988838, 22.88116066080383], [-104.98690600770878, 22.88074882290731], [-104.98741085652735, 22.879406736021586], [-104.98821371523229, 22.87708199017518], [-104.98834792275078, 22.876381802459967], [-104.9882984837799, 22.874890251323382], [-104.98823725027731, 22.87455761076084], [-104.98809700858142, 22.873837909742665], [-104.98802959421036, 22.873291459455046], [-104.9880232044374, 22.872784310069573], [-104.98783370086892, 22.871541265821662], [-104.98788573311582, 22.870733932627093], [-104.98773957137128, 22.86997455286653], [-104.98761729443281, 22.869346843941802], [-104.98739443923371, 22.86820284630567], [-104.98704931604394, 22.8664310482689], [-104.98717069928001, 22.865219554695823], [-104.98729208035817, 22.8640080608447], [-104.98729663222429, 22.863949257388104], [-104.98733595495067, 22.863441263106477], [-104.9874801121079, 22.861949656188088], [-104.98749972843837, 22.861746681718426], [-104.98749293355844, 22.861413282247405], [-104.98748086403526, 22.860821071665768], [-104.9874673158757, 22.860156303319158], [-104.98755648524771, 22.85934861064857], [-104.9876748657866, 22.85888636736748], [-104.98780658477126, 22.857501787955695], [-104.98764679917288, 22.856650352762248], [-104.98812040340158, 22.854801468389603], [-104.9883862675224, 22.85422252026357], [-104.98857833735968, 22.85369036077585], [-104.98872263006277, 22.85332008098877], [-104.98869666278571, 22.852614459250905], [-104.98872886354786, 22.852196473633107], [-104.98879910157756, 22.851498085530018], [-104.98786066676436, 22.850016855948326], [-104.98732468526914, 22.848792209451812], [-104.98715100078329, 22.848063977695023], [-104.98713247755393, 22.847795951364116], [-104.9870485644525, 22.846581737273652], [-104.98726722492471, 22.84618770593445], [-104.98746488549516, 22.844133914928083], [-104.9873360194796, 22.843305070449265], [-104.98790970334088, 22.842355660638447], [-104.98793873912078, 22.842308064079276], [-104.98861634509356, 22.840895155742515], [-104.98855986174637, 22.840731127716907], [-104.98851179956256, 22.840481224877905], [-104.98841073864142, 22.83996862097059], [-104.98836119324154, 22.839717314031176], [-104.9883573841459, 22.839697993284634], [-104.98822164293942, 22.839136349765003], [-104.98821362422538, 22.839103171343282], [-104.98820458691134, 22.839065778318137], [-104.98820031227795, 22.839045945803388], [-104.98816862920397, 22.838898574814696], [-104.98782254372573, 22.83700681832052], [-104.98650312094875, 22.835763224853867], [-104.98486506236252, 22.835013690807877], [-104.98337485927627, 22.834314605679065], [-104.98234458050068, 22.833855806373734], [-104.98136840409305, 22.8332429399401], [-104.97943264858378, 22.831348336512235], [-104.97927257946573, 22.8300125118637], [-104.97779799521437, 22.827260469086823], [-104.97617123824384, 22.82623888469268], [-104.97486688043477, 22.82621728339069], [-104.97442706719319, 22.826209877706717], [-104.97240735333175, 22.825537885226556], [-104.97225556584405, 22.825308764244486], [-104.97149979435302, 22.824440040574547], [-104.97121326095842, 22.823329528437608], [-104.97116657243043, 22.823152056858827], [-104.97017337276678, 22.821155967958525], [-104.96875243126179, 22.82070870843886], [-104.96690838704518, 22.820173180114317], [-104.9667046194665, 22.819760207055612], [-104.96602479405853, 22.81900602033966], [-104.96539420006121, 22.81820522741033], [-104.96446694742286, 22.81752252705345], [-104.96363824337183, 22.816769742151436], [-104.96288638536123, 22.816200626085145], [-104.96051269394175, 22.81500164448597], [-104.95879090907331, 22.814303535700653], [-104.95565369613008, 22.81763035196706], [-104.95304273497817, 22.819338330491348], [-104.95221159628339, 22.820406770961746], [-104.94976559422666, 22.821398371806893], [-104.94849967911503, 22.821433560927606], [-104.94585126496177, 22.82009858663481], [-104.94425298040792, 22.819353116851094], [-104.94270469579212, 22.818630052551704], [-104.94062942313437, 22.81745102744088], [-104.93902863368021, 22.818526699266975], [-104.9366287569867, 22.8233215754373], [-104.93551503074107, 22.8256605856417], [-104.93477862021828, 22.826359132845607], [-104.93375655392492, 22.828074752077967], [-104.93256222054731, 22.827878581608196], [-104.93046541242254, 22.826976208675426], [-104.92652709766209, 22.825745318055326], [-104.92354692008836, 22.823652435686977], [-104.9210734015857, 22.82238461581675], [-104.91912566134874, 22.821480721700492], [-104.9173504089274, 22.82045990682213], [-104.9151792828614, 22.817483155995557], [-104.91387298643433, 22.81622740348917], [-104.91253863061286, 22.814695283713842], [-104.91168464600862, 22.813873287919574], [-104.9104245091744, 22.812317342205308], [-104.90962015181448, 22.81149491135405], [-104.90732537200807, 22.808542281568315], [-104.90717260442693, 22.808220953959367], [-104.90789780442587, 22.806577419280533], [-104.90867978546878, 22.80553275841939], [-104.90992736629107, 22.80397650671366], [-104.9098647424934, 22.80289359961878], [-104.90913571799102, 22.80213959329883], [-104.9077110229255, 22.801345976381487], [-104.90638351834345, 22.800366941476543], [-104.90558119027428, 22.799705832720733], [-104.90529214083162, 22.798371380713778], [-104.90626686046923, 22.796840830452417], [-104.90738970475948, 22.79523962583011], [-104.91112726829704, 22.79430576647135], [-104.91173367004119, 22.79312440091898], [-104.91182195195175, 22.792201473510037], [-104.9120235370709, 22.790378306677788], [-104.91201077179723, 22.789317920020434], [-104.91069516456683, 22.787255329744024], [-104.91067890258884, 22.785895291565524], [-104.91053685620679, 22.78439814089369], [-104.90984264785999, 22.78239894499236], [-104.91002633034705, 22.781152301854405], [-104.9112545349488, 22.778005542187643], [-104.91121895082892, 22.77503188347435], [-104.91155035680507, 22.77369172975683], [-104.91121005344009, 22.77221940064503], [-104.91095654618185, 22.7697088694585], [-104.91108578438129, 22.7659960668701], [-104.91136312392949, 22.762212610286852], [-104.91218229380895, 22.760153183351363], [-104.91314232331007, 22.757423883871162], [-104.91369507556846, 22.755920150790374], [-104.91379315903794, 22.753752188476525], [-104.91325098580883, 22.74993033659546], [-104.91233634634277, 22.74816364333195], [-104.9114426842025, 22.746074088732854], [-104.91053058821883, 22.744514891844712], [-104.9084472998534, 22.74255166455419], [-104.90664011158042, 22.740839439531563], [-104.90570437464294, 22.739372706510444], [-104.90471300790792, 22.73739922930984], [-104.90435327810667, 22.736365097048726], [-104.90419010460474, 22.73516784109258], [-104.90425383999886, 22.734268113346985], [-104.90503653976236, 22.73331569529592], [-104.90645880591232, 22.731896149592092], [-104.90774043757608, 22.731169582929436], [-104.90987646224708, 22.729697448233477], [-104.91218326972974, 22.729191694187563], [-104.91339244386535, 22.730701992019167], [-104.91481801064967, 22.731633871368324], [-104.9159638567086, 22.731992035305797], [-104.91727908191616, 22.73200274845238], [-104.92202398465534, 22.73039061105236], [-104.92452996958788, 22.73036706039433], [-104.92707906944328, 22.7318646017207], [-104.9280654932934, 22.733399981422767], [-104.9304117168271, 22.734530515301003], [-104.932915037819, 22.736328136227065], [-104.93564737512048, 22.73858463643141], [-104.93821692535488, 22.737661131004327], [-104.94024076122965, 22.73268536058036], [-104.94176105033958, 22.73119543406305], [-104.944049623157, 22.72962897589665], [-104.94628772484863, 22.72799390103563], [-104.94834693564208, 22.725945439959098], [-104.95004495422992, 22.724799588308425], [-104.95132695620565, 22.72411874349635], [-104.95243767480662, 22.723647060651235], [-104.95470524967634, 22.722403400746238], [-104.95522055085381, 22.72193740083708], [-104.95588104289958, 22.721170251869786], [-104.95673742527252, 22.7201937492479], [-104.95785332265399, 22.720136953155663], [-104.95840531673858, 22.720638835747277], [-104.95949353135609, 22.720351749005722], [-104.95990311068633, 22.7193564156337], [-104.96007359904056, 22.71910116250303], [-104.96024104379363, 22.718592419441453], [-104.96050828758072, 22.718128779578358], [-104.96225891561213, 22.717235847152356], [-104.96352934671003, 22.71599679139391], [-104.9648832408949, 22.714240737845003], [-104.96668469393704, 22.7126438518076], [-104.96846024594103, 22.71086274024688], [-104.96932148078255, 22.709707570936338], [-104.97013445709233, 22.708759804602668], [-104.97127198708714, 22.708155920190244], [-104.9723361541023, 22.70771363026494], [-104.97438638579555, 22.70625365170962], [-104.97542456316192, 22.70562713705582], [-104.97651475715227, 22.70539187867754], [-104.97802750985835, 22.70529290155789], [-104.97912444625793, 22.706139789491854], [-104.98094420510888, 22.707513068477226], [-104.98318314125542, 22.70846982100653], [-104.98511946127721, 22.708645087862614], [-104.98710247275291, 22.70833657329506], [-104.98702740766234, 22.70824478350774], [-104.9887510581397, 22.70616442138395], [-104.98992861510268, 22.704040463774042], [-104.99120544898932, 22.70193917731495], [-104.99164590008164, 22.700969959987887], [-104.99163519542479, 22.69926608643309], [-104.99227271288248, 22.69808873738902], [-104.99353825653762, 22.698128903334165], [-104.99507739169435, 22.698282894267994], [-104.99664426820357, 22.698897235660983], [-104.99721676971882, 22.699193827532305], [-104.99724169481249, 22.699216773917605], [-104.99865592762094, 22.699233142820166], [-105.00009440469377, 22.699157263661586], [-105.0011382616124, 22.699451672237952], [-105.00123796462564, 22.69952032867118], [-105.00190393722784, 22.69891848725909], [-105.0027433097837, 22.698269754439664], [-105.00425038877141, 22.6972955111475], [-105.00602702234335, 22.695790324345264], [-105.00786475550888, 22.694738111715687], [-105.00903468515642, 22.69396920788672], [-105.01057673961954, 22.693770518580045], [-105.01233946033372, 22.693664747153015], [-105.01225550067232, 22.69219151331652], [-105.01195441611718, 22.691663326893323], [-105.01185283778803, 22.691295385690207], [-105.01204711144062, 22.690649721676493], [-105.01216858124434, 22.69025764321986], [-105.0123624563149, 22.68954296012549], [-105.01349460079167, 22.688155900551127], [-105.01485263457806, 22.687182291498452], [-105.0181210758391, 22.686245413794886], [-105.0192590049757, 22.68575636816327], [-105.02029532989904, 22.684899378289785], [-105.02113742106872, 22.684688057407158], [-105.02173364556688, 22.684823304587066], [-105.02300417211259, 22.685646111159905], [-105.02625010282375, 22.68507765205283], [-105.03001181737932, 22.6837236273306], [-105.03159614920493, 22.683232331661248], [-105.03248019293561, 22.681869396495777], [-105.0360008991291, 22.67786844741161], [-105.03753680962629, 22.677561484803], [-105.03963626524848, 22.67621556437828], [-105.0412682893163, 22.67544754379772], [-105.04488029849183, 22.67031768104377], [-105.04635098610433, 22.667708278497486], [-105.0472812536837, 22.66588451806932], [-105.04627141788926, 22.6632415901935], [-105.04687557908723, 22.660866858160084], [-105.0463222421471, 22.656034070231545], [-105.04551223776932, 22.649889990207104], [-105.0446047999691, 22.64770702338529], [-105.04134816379725, 22.642818659151285], [-105.03802095643643, 22.63846017148362], [-105.03666253770152, 22.635565571093135], [-105.03453393491681, 22.63242142855657], [-105.03310695317894, 22.630379160896037], [-105.03197336741793, 22.62769062517182], [-105.0305942894238, 22.625371705494338], [-105.02908201401368, 22.623469610865943], [-105.02679321171911, 22.62244604832447], [-105.02439244811725, 22.62167276382983], [-105.02165800837233, 22.62173293502956], [-105.01880467736184, 22.621795672686776], [-105.01691850830318, 22.62241542222613], [-105.0142777310083, 22.621564644730274], [-105.01174900366422, 22.62046352166614], [-105.00969586429683, 22.6193519342369], [-105.00930258418808, 22.618038715729593], [-105.00865552424163, 22.616152753352385], [-105.00719917742396, 22.615110669634813], [-105.01312861460667, 22.597301019260644], [-105.0130576067311, 22.594741504722986], [-105.01226655023534, 22.59194994483295], [-105.0123075522383, 22.58914012484384], [-105.01306399399776, 22.58639721800572], [-105.01431645042214, 22.584386954538793], [-105.01544543195492, 22.58221416120402], [-105.01584980004796, 22.579644200339228], [-105.01601186817696, 22.57691432941887], [-105.01595686113546, 22.57493276582318], [-105.01463577867666, 22.574466089248556], [-105.01293984042036, 22.573346706470304], [-105.01192495538933, 22.571055746054775], [-105.01056043929223, 22.56902029555664], [-105.0098084781807, 22.567632325000552], [-105.00884401240866, 22.567157780922617], [-105.00821549386937, 22.56593232761657], [-105.0079435066089, 22.564699057151625], [-105.00660425919621, 22.56357179080336], [-105.00527417497865, 22.562774774903314], [-105.00438061530804, 22.56056372620622], [-105.00372932225021, 22.558512599416307], [-105.00322885809128, 22.55761478544251], [-105.00237875107707, 22.556972469389795], [-105.00139612125189, 22.555837355592622], [-105.00099625217693, 22.55427640957209], [-105.00156072924156, 22.55319005667574], [-105.00103062370357, 22.55121888237964], [-105.00075872918174, 22.549985597491315], [-105.00072449254498, 22.548747112854578], [-105.00091877736602, 22.54717316604976], [-105.00137125020555, 22.54633710961921], [-105.00169119620818, 22.545008258209304], [-105.0020111360861, 22.543679405943905], [-105.00245674089454, 22.54259564902], [-105.00292289124008, 22.542254981912524], [-105.00337076823129, 22.541253787961494], [-105.00380264997531, 22.539674632772567], [-105.00472121433302, 22.538497894982136], [-105.00599392768531, 22.537230775882062], [-105.00691017141942, 22.535971459541333], [-105.00747681400642, 22.5349676491373], [-105.00815997553467, 22.53387866583104], [-105.00802058324393, 22.533138179607857], [-105.00700378784953, 22.530764610818675], [-105.00669073862741, 22.528045149053373], [-105.00710654065101, 22.525888021850562], [-105.0078810309877, 22.52380564442364], [-105.00843389751243, 22.522306434253196], [-105.00936374333686, 22.521542496567495], [-105.00921292200557, 22.52038918116579], [-105.00833557763963, 22.518756103591542], [-105.00769356653132, 22.517035245620328], [-105.00719094054283, 22.516054873426167], [-105.00702871516158, 22.514488725652768], [-105.0067591247563, 22.51333801118856], [-105.0069601483095, 22.512011747931396], [-105.00680707187455, 22.510775862952407], [-105.00679107407576, 22.51019790126592], [-105.00548206136597, 22.51014397534388], [-105.00414792765982, 22.50918181276488], [-105.00507085626231, 22.508170200587383], [-105.00564882215447, 22.507579223228806], [-105.00491094819542, 22.506686615158998], [-105.00347404535972, 22.50630501148187], [-105.00203943290599, 22.506005961038902], [-105.00049516321255, 22.50603976169733], [-104.99954484302792, 22.506060554744636], [-104.99902178792915, 22.504337060650702], [-104.99862665457927, 22.502941231038687], [-104.99776094405999, 22.5017209231197], [-104.99736127153092, 22.50015995757463], [-104.99709178889276, 22.499009224879035], [-104.99597715637711, 22.497381269415392], [-104.99424586618157, 22.494940618605582], [-104.99361324848773, 22.49354996466595], [-104.99404964790196, 22.492135958930845], [-104.99520097879542, 22.49078894616327], [-104.99684106588101, 22.48992693636885], [-104.99907501035645, 22.48905191868583], [-105.00156473161904, 22.488832199643795], [-105.00345143745169, 22.488295186678513], [-105.00448843923917, 22.48711584104379], [-105.00539751405968, 22.485608826803674], [-105.00558937360952, 22.483952295712186], [-105.00587487001293, 22.481384931743385], [-105.00547516490131, 22.4798239823791], [-105.0044884881161, 22.4785237438947], [-105.0034127413242, 22.478299463233004], [-105.00222051403661, 22.478160342543507], [-105.00112195876014, 22.477110383001403], [-105.00072916285764, 22.475797120217088], [-105.00092106443506, 22.47414059265881], [-105.00170448644847, 22.472388497288218], [-105.00167254223538, 22.47123256734304], [-105.00032284153579, 22.469692403310656], [-104.99884529302538, 22.46782456000325], [-104.99447437219644, 22.464450244875398], [-104.99373679841585, 22.463557580896076], [-104.99428957801835, 22.462058408028955], [-104.99460028839472, 22.460399290200897], [-104.99537915705832, 22.458482089240736], [-104.99641144854148, 22.457137657844164], [-104.99768805181306, 22.45603572487205], [-104.99875677831785, 22.45601234445322], [-105.00114541170997, 22.456455762180813], [-105.00343128987414, 22.457479712065123], [-105.00597297271386, 22.459158954556834], [-105.0092432266517, 22.46140048767834], [-105.01189465359398, 22.462746764434314], [-105.01498451585806, 22.462761496211378], [-105.01826834761371, 22.46120218433046], [-105.0210954499072, 22.46031379476268], [-105.0229839883019, 22.459859117893668], [-105.02461206379778, 22.458583991360467], [-105.02551843931339, 22.45699429237913], [-105.02677184787015, 22.455066466969097], [-105.02755254103761, 22.453231675947265], [-105.02798617290054, 22.451735005294612], [-105.02818460875557, 22.450326139376088], [-105.028995124516, 22.44956470189282], [-105.03029668194442, 22.449370739034393], [-105.0334023503213, 22.449963082090516], [-105.03539334017243, 22.448927672530782], [-105.03734746132841, 22.446571179842838], [-105.03882196377671, 22.444060042035836], [-105.03960013327047, 22.442142624334426], [-105.04013159932059, 22.439900195193953], [-105.04067687376629, 22.438153160909163], [-105.04204863344064, 22.436222583779685], [-105.04413502942614, 22.43435877285489], [-105.04647036040225, 22.432902499059004], [-105.05056804457259, 22.430746127330202], [-105.05302197145187, 22.429287122032033], [-105.0539278332496, 22.427697258572394], [-105.05319007393626, 22.426804862349826], [-105.05101612452675, 22.425531277774155], [-105.04923993600296, 22.425735949825725], [-105.04700732106343, 22.426611667529077], [-105.04536136853653, 22.427226494290803], [-105.04319901136309, 22.426365635731944], [-105.04137671150687, 22.424918895569018], [-105.04025524398715, 22.423043531936553], [-105.03950377694913, 22.421655674283492], [-105.03840538664205, 22.420605960983668], [-105.03717908982782, 22.419228600795005], [-105.03548256205579, 22.418026865527022], [-105.03449834353324, 22.416809366878145], [-105.03398209172254, 22.415333666685225], [-105.03512320113111, 22.413656090779295], [-105.03613867064729, 22.411733432633017], [-105.03643726568417, 22.40966139160459], [-105.03589801096231, 22.40736003047964], [-105.0348043606917, 22.406475423852434], [-105.03310340991398, 22.40510852823825], [-105.0322196164509, 22.403227856808595], [-105.03237886326453, 22.400415343417656], [-105.03348538077802, 22.397499275116196], [-105.03377018854411, 22.394931834873802], [-105.03394549121504, 22.39269728449401], [-105.03400209736624, 22.39046535746034], [-105.03313217819056, 22.389080088337206], [-105.03167342901851, 22.387873061011533], [-105.03042451313719, 22.385669974895343], [-105.0296503771019, 22.383456395566164], [-105.02936477800974, 22.381727731544515], [-105.0294283427786, 22.379743503904447], [-105.02915193963942, 22.378345106625634], [-105.0281795349368, 22.377540398125845], [-105.02580134273427, 22.377427643112867], [-105.02377460796114, 22.3771418695986], [-105.02288882432129, 22.375178573282934], [-105.02259415593484, 22.373119626938145], [-105.02386061278455, 22.37168720761652], [-105.02774934795396, 22.370610005724494], [-105.03177737662553, 22.370273191203417], [-105.03350461148901, 22.36833480330688], [-105.0335658129583, 22.36626800379009], [-105.03303826595106, 22.364379455821183], [-105.03322273682458, 22.362475166170828], [-105.03412149549854, 22.360637699520776], [-105.03539692063606, 22.359535456402607], [-105.03629563197283, 22.35769797703429], [-105.03722469628174, 22.356101690283136], [-105.03736998088279, 22.35403503737236], [-105.03812561297723, 22.35065148046695], [-105.03899136072455, 22.347930990066736], [-105.04056052924402, 22.345880156413205], [-105.04368918125981, 22.342522914078785], [-105.04502727007937, 22.339973089571608], [-105.04602524326589, 22.336178523920367], [-105.04855184071312, 22.333476366414875], [-105.05165151170986, 22.332352385400586], [-105.05421267270506, 22.33176170840288], [-105.05472210884163, 22.329952245812382], [-105.05362588522134, 22.328132624127974], [-105.05371767632111, 22.32622220453257], [-105.05451587494512, 22.323808954747527], [-105.05424619401926, 22.32156875310203], [-105.05326069971589, 22.319167153645957], [-105.05251541341384, 22.316930052253056], [-105.05177957621319, 22.3153571715444], [-105.050676440128, 22.31303935765377], [-105.04958040145198, 22.31121970446907], [-105.04861035089948, 22.309897439664283], [-105.04669733156898, 22.309162540712475], [-105.0445535722221, 22.308927328387302], [-105.04265700511085, 22.30935477675558], [-105.04052613548293, 22.310032821733177], [-105.03803385488503, 22.310381021435475], [-105.03517316836229, 22.30990118952982], [-105.03220059811375, 22.30992023786829], [-105.03016992714042, 22.309268933003477], [-105.02836077888605, 22.30745368973053], [-105.02761827911678, 22.305382526827568], [-105.0279400568221, 22.30288940196385], [-105.02849844847537, 22.300311731198573], [-105.02953937895145, 22.298229193607888], [-105.03046138742319, 22.296147408440138], [-105.03102903176278, 22.294233954790208], [-105.03125048921028, 22.293070035917975], [-105.03135422128743, 22.291989905330308], [-105.03098240478535, 22.29091281496928], [-105.0295522692603, 22.29067284233932], [-105.02847414104966, 22.290098469031253], [-105.02774453239324, 22.288940616313894], [-105.02771776731531, 22.287030959247247], [-105.0276944939503, 22.28537038751534], [-105.0271956984181, 22.283712844758796], [-105.02681114154402, 22.281722428735836], [-105.02606647567, 22.279485194680124], [-105.02520528250855, 22.277414769699085], [-105.02363900110063, 22.27593006948968], [-105.02159494128294, 22.274282309265505], [-105.02015571800351, 22.273378023111235], [-105.0184776126341, 22.272392197000876], [-105.01691145812595, 22.27090743089786], [-105.01557266680362, 22.26867389259079], [-105.01459860681169, 22.267019301442282], [-105.01445315956998, 22.265110384777895], [-105.01489856572654, 22.262948641123746], [-105.01523318942444, 22.261368846677048], [-105.01532430387903, 22.259375403562682], [-105.01612394052232, 22.257045351338547], [-105.01654962982838, 22.253472107998363], [-105.01675841723606, 22.251394883738662], [-105.01673527945894, 22.24973430304047], [-105.0181221424991, 22.246902315386222], [-105.01820973374598, 22.24465977988419], [-105.01771350934726, 22.243168257699256], [-105.01756688745068, 22.24117630910263], [-105.01778374357788, 22.239680284403917], [-105.01859364875033, 22.23809747690138], [-105.01963079132291, 22.23576589959767], [-105.01951099384502, 22.234030355641302], [-105.01948183340554, 22.23360789255498], [-105.01863375435802, 22.23245074200115], [-105.0180175748736, 22.230876940072072], [-105.01597076620622, 22.228980011724065], [-105.01451933282148, 22.227162348260592], [-105.01413626527183, 22.225254917457374], [-105.01387434784894, 22.223512796630498], [-105.01373588487769, 22.222102045172335], [-105.01324902392238, 22.221274740036982], [-105.01121856591092, 22.220540160794567], [-105.00894932326551, 22.219724014477013], [-105.00679893299011, 22.218907094254906], [-105.00476164528088, 22.217674257559285], [-105.00391952807152, 22.21693217529679], [-105.00273472831401, 22.217188660505943], [-105.00131342192634, 22.217529643154986], [-104.99965101845353, 22.217622999061057], [-104.99714538587929, 22.216891191158123], [-104.99427644746076, 22.215663366929345], [-104.99115849889226, 22.213606657821682], [-104.98887352151264, 22.211627816365784], [-104.98729126589566, 22.208897309061836], [-104.98750383626552, 22.20706920003473], [-104.98807626416487, 22.205487994169793], [-104.98864753927192, 22.203823756267436], [-104.98981856464336, 22.202571016608815], [-104.99027327813164, 22.201073561640037], [-104.9903578609597, 22.19858193920115], [-104.99022079833493, 22.19725419318453], [-104.98900079514807, 22.194936655937507], [-104.9882594672917, 22.19286528434354], [-104.98764152079643, 22.191125300067654], [-104.98760962172653, 22.188800463971344], [-104.98794095693769, 22.186971621583204], [-104.98839108136698, 22.185142049362362], [-104.98932208017179, 22.18372470789732], [-104.99119315197333, 22.181554247652315], [-104.99151985794286, 22.17939327656442], [-104.99196420335082, 22.177148542930624], [-104.99169808257665, 22.17507425619592], [-104.99058106189412, 22.17159357309331], [-104.98900492068724, 22.169278219437516], [-104.98755216973532, 22.16729424214402], [-104.98538677257966, 22.165314612645666], [-104.98323621013955, 22.164414345966026], [-104.9810743230597, 22.162683749061564], [-104.97986724697412, 22.161279466065096], [-104.97911148683903, 22.1581286514941], [-104.97908427096317, 22.15613592545896], [-104.97858877060928, 22.154644267955618], [-104.97774150040038, 22.15348689340043], [-104.97653906559339, 22.15241470551256], [-104.97522353791743, 22.15175837955716], [-104.97380621584618, 22.15234821627452], [-104.97251217320469, 22.15326944476805], [-104.97182552961739, 22.155183444186235], [-104.9711399967557, 22.157180470547086], [-104.97092164431803, 22.15859341788126], [-104.97010714615807, 22.15984388261034], [-104.96773724996373, 22.160273326412508], [-104.96605860263111, 22.159120886197375], [-104.96555422079096, 22.156964947119118], [-104.96553733022348, 22.155719491940893], [-104.96634508598189, 22.153970867249733], [-104.96727159200735, 22.15222152477671], [-104.96808494375725, 22.15088804263201], [-104.9686629997934, 22.149722046035475], [-104.96972288555085, 22.149051369446244], [-104.97041630068185, 22.147635559874104], [-104.97075566436898, 22.146387956211072], [-104.97074098718412, 22.1453085607555], [-104.97011217719887, 22.142738195759975], [-104.97077607097658, 22.141210775322236], [-104.96817702847501, 22.140175687855038], [-104.96602132648387, 22.13886003939047], [-104.96458046294387, 22.13770615604055], [-104.96348239798931, 22.135553761370886], [-104.96262524782281, 22.133649030623882], [-104.96152949095604, 22.13166268305804], [-104.96091101652324, 22.129839554390163], [-104.96028582143404, 22.127518238987943], [-104.95978388415222, 22.125528335380178], [-104.95976368035562, 22.12403378275711], [-104.95757803135824, 22.120476190884453], [-104.95623712052749, 22.117910002041228], [-104.95467109256694, 22.11625854927847], [-104.95417822636563, 22.11493287256191], [-104.95392172629963, 22.113522755952598], [-104.953067074186, 22.111784032038763], [-104.95150450317408, 22.110381640518376], [-104.94885884916994, 22.10790613617224], [-104.94847029425239, 22.10550033848481], [-104.94843106203692, 22.104981645651655], [-104.94832590424245, 22.103591325860943], [-104.94877627376496, 22.101761844536234], [-104.94958727635266, 22.100262384076956], [-104.95027953625126, 22.09876362046894], [-104.95085194020675, 22.097182524195436], [-104.95166289461847, 22.09568305250642], [-104.9534213683357, 22.094011889695068], [-104.95435323581758, 22.092677762652727], [-104.95516860548614, 22.09151039692995], [-104.95621019754257, 22.089511305420835], [-104.95606459924659, 22.08751926464159], [-104.95520559883975, 22.085448422113753], [-104.95483042807481, 22.08403900661041], [-104.95362875475061, 22.08296664194707], [-104.95230838815682, 22.081894971027776], [-104.95073610141381, 22.079745286858348], [-104.95058277246771, 22.077172020326877], [-104.95125815201123, 22.074427779196984], [-104.9521809698097, 22.07242941090043], [-104.95227843713262, 22.070851113880092], [-104.95154723062383, 22.069443795975197], [-104.95045770583552, 22.06787251627266], [-104.94865936131025, 22.06655452477779], [-104.94674792470114, 22.065652368939258], [-104.94520262532268, 22.065495381113628], [-104.94378159041935, 22.065752839239522], [-104.94176039044525, 22.065515572750755], [-104.94044249685545, 22.06460986710208], [-104.93841022339757, 22.06354224497639], [-104.93661537099457, 22.062473215137498], [-104.93563811124248, 22.060402955664284], [-104.93525987714384, 22.058744396988], [-104.93464759220274, 22.057336311623956], [-104.93379572618717, 22.05576353935205], [-104.93330105048749, 22.05427172763933], [-104.93257011685021, 22.052864322692585], [-104.93230951829645, 22.051122035785948], [-104.93298733785558, 22.048543925095128], [-104.93355641057632, 22.046713784673603], [-104.93401785656994, 22.04571464784004], [-104.93471997872409, 22.0449632248046], [-104.93589459760359, 22.044042972826322], [-104.93730877702217, 22.04328739210937], [-104.9388527166569, 22.043361422687145], [-104.94003728881006, 22.043188425606722], [-104.94121630288589, 22.042600261749033], [-104.94239419550843, 22.041929057697715], [-104.94261709756967, 22.040848255085855], [-104.9423686261722, 22.040019329705583], [-104.94199370154047, 22.038609877428662], [-104.94161545058074, 22.036951328980365], [-104.94159989336436, 22.035788885142168], [-104.94205902437595, 22.03462366066584], [-104.94251481263112, 22.033209339535155], [-104.9435695016976, 22.032206694700506], [-104.94509328631538, 22.030786094926842], [-104.94662929576965, 22.030278829824], [-104.9488873407856, 22.030514635913832], [-104.95173761993537, 22.03066386871746], [-104.95328254851286, 22.030820794837172], [-104.95506369931476, 22.03089326544663], [-104.9566030344105, 22.030635001841272], [-104.95777403193745, 22.02946549577952], [-104.95811098113361, 22.02805183669401], [-104.95820835134852, 22.02647352742311], [-104.95783890834001, 22.02547926745627], [-104.95722766244346, 22.02415429236665], [-104.95673956987082, 22.023160735912654], [-104.95624476607348, 22.021668987300988], [-104.95586639365412, 22.020010468095123], [-104.95608244153324, 22.018431453209413], [-104.95677759294668, 22.017181741761704], [-104.95806713470917, 22.016011525482014], [-104.95924584941548, 22.015423229379767], [-104.96113985450856, 22.01507976689308], [-104.96328127469405, 22.015482147438384], [-104.9647096445976, 22.015805740110306], [-104.96602161514777, 22.016296096573722], [-104.96769069218502, 22.01686733302001], [-104.96899817451988, 22.01702553863791], [-104.97053733468624, 22.016767143466502], [-104.97159734777759, 22.016179474439898], [-104.97229348119845, 22.015012728399558], [-104.97227203097148, 22.013435125221744], [-104.97189575113129, 22.011942704676066], [-104.97104374390047, 22.010370117149588], [-104.96960301293386, 22.009133229591917], [-104.96840411287732, 22.008227027916654], [-104.96732162519473, 22.007154040116895], [-104.96588320936772, 22.006083183184373], [-104.9638459589308, 22.00460071069607], [-104.96192851941228, 22.00320053492923], [-104.9596619128669, 22.0023006528705], [-104.95704388209555, 22.001734986255386], [-104.95513549898817, 22.000998986533002], [-104.95370282705161, 22.00034318214908], [-104.95225676194028, 21.998690980993285], [-104.95199825407221, 21.997114777655046], [-104.95185615743559, 21.995371807089995], [-104.95218973269336, 21.993709058026315], [-104.95299337591308, 21.991711367141004], [-104.95438793271397, 21.989544087202052], [-104.9559156299051, 21.988455506874356], [-104.95744218367096, 21.9872838800312], [-104.95885232270456, 21.986279010566683], [-104.96013371587524, 21.98452754827498], [-104.96105582461969, 21.982529106906167], [-104.96162876187908, 21.98103098171435], [-104.96255419618919, 21.979281627513604], [-104.9634773606481, 21.97736620334486], [-104.964162130977, 21.975369164235428], [-104.96425490131155, 21.973458712252178], [-104.96434879316429, 21.971631291994818], [-104.96457141798149, 21.97055044980295], [-104.96466867643328, 21.968972125466], [-104.96476480845716, 21.96731076849815], [-104.96485756533373, 21.96540031428021], [-104.96543376759921, 21.96415126943371], [-104.96648553403212, 21.96298240308267], [-104.9675417865618, 21.962145659024923], [-104.96860365892525, 21.96172406958584], [-104.96978526307538, 21.961384790140787], [-104.97096347819699, 21.960796405293312], [-104.97190107857915, 21.959960349190712], [-104.97259919230409, 21.958959658181374], [-104.97317304276555, 21.957544520461727], [-104.97374914063508, 21.956295445129854], [-104.97432409870864, 21.954963335245218], [-104.97524920841687, 21.953213903568], [-104.97630646831415, 21.952460134379248], [-104.9772439827529, 21.951624046850032], [-104.97985211240992, 21.951525135180727], [-104.98152162195153, 21.952179267129914], [-104.98306913860394, 21.952585010270113], [-104.9847318607621, 21.95274091574825], [-104.98685990616669, 21.952229635700554], [-104.98874617832519, 21.951387657432257], [-104.989996312724, 21.950157673519662], [-104.99138336393491, 21.94820038613621], [-104.99273479216123, 21.94670754487391], [-104.99453068514087, 21.945778694675404], [-104.99508920870369, 21.945740115697372], [-104.99630407858184, 21.945941074855885], [-104.99847815944827, 21.946212748005074], [-105.00134473055569, 21.94687187000833], [-105.00189189022942, 21.946939924513376], [-105.00286983832999, 21.947155552416273], [-105.00418562017849, 21.94718869987222], [-105.00528803327782, 21.947238431648383], [-105.00586449524373, 21.947353138617636], [-105.0066216080343, 21.94750378893824], [-105.00772403963538, 21.947835497823625], [-105.00863086989969, 21.94790180409541], [-105.01010670227664, 21.948133949845424], [-105.01131582615893, 21.948382688764344], [-105.01162824211865, 21.948430715305673], [-105.01468783275809, 21.948901021659104], [-105.01799940346432, 21.948215790832567], [-105.01989353207698, 21.94795467937919], [-105.02203411140736, 21.948356296505168], [-105.02334334291882, 21.948680134616122], [-105.02441769699448, 21.94917153632852], [-105.02607230633129, 21.94874579920971], [-105.02831642198221, 21.94806716185034], [-105.0310267744513, 21.94680423171177], [-105.03291387838738, 21.946044778052556], [-105.03491606507984, 21.94503544423859], [-105.037394940905, 21.9441890935898], [-105.0401109786318, 21.943341173241514], [-105.04271540511219, 21.942992167895728], [-105.04533035640134, 21.94339040875744], [-105.04688733252502, 21.94445980668778], [-105.04808736723595, 21.94544847411036], [-105.04916764727794, 21.946354873546166], [-105.05025380973419, 21.94767642503528], [-105.05110514026886, 21.949165581246593], [-105.05172515845895, 21.951071441172513], [-105.05210563637613, 21.95281278466284], [-105.05213265883673, 21.954722515529937], [-105.05252842853052, 21.957543269902594], [-105.05303106882702, 21.9595329297225], [-105.0535301958287, 21.961273492430504], [-105.05414441843743, 21.962764181890098], [-105.05512272970668, 21.964833759404787], [-105.05537387909031, 21.96527298870958], [-105.05554280942454, 21.965568425282267], [-105.05597421350875, 21.966322886961756], [-105.05658495056794, 21.96756447146945], [-105.05720158819854, 21.969221211394512], [-105.0585323079177, 21.97103933593953], [-105.0598500863289, 21.97194410246767], [-105.06199822124836, 21.9728433859203], [-105.06366599138065, 21.97333061750168], [-105.06591859488498, 21.973232688407034], [-105.06685453690348, 21.97231306042071], [-105.06718908652388, 21.970816136881798], [-105.06703850778048, 21.96857507245676], [-105.06664715444809, 21.96608648368705], [-105.06625699806834, 21.963680924752854], [-105.06634011305128, 21.961189192535084], [-105.0675013537941, 21.95943767327718], [-105.0692615272061, 21.958097368135036], [-105.07125295052705, 21.956340308799007], [-105.07277584043537, 21.955001542946043], [-105.07513487074381, 21.954072382257607], [-105.07737764590198, 21.953310043979776], [-105.07973661821022, 21.952380817189688], [-105.08221296947612, 21.95136772840087], [-105.084436566212, 21.949276788945227], [-105.08607427272484, 21.947688006358938], [-105.08865952736684, 21.94600976840073], [-105.09125909150207, 21.945327867914983], [-105.09434141114214, 21.945223926088016], [-105.09753511572316, 21.94462093005684], [-105.10026282936252, 21.944602331284628], [-105.10275937070944, 21.945000467336556], [-105.10679165184877, 21.944972829277773], [-105.10833823563134, 21.94529436107265], [-105.10890420635724, 21.945978690498958], [-105.1092287215063, 21.946493263612314], [-105.10930633750999, 21.94661633613287], [-105.10968871233295, 21.948440576287258], [-105.10937761355366, 21.951515183310153], [-105.10834762978796, 21.95409649555617], [-105.1073176090026, 21.95667780070084], [-105.10663492992447, 21.958675437638814], [-105.10653321372862, 21.959838689119735], [-105.10727745535196, 21.96207564499226], [-105.1078994857109, 21.96406431852866], [-105.10875755347465, 21.96596832652983], [-105.1099721445351, 21.96685721704306], [-105.11055610484654, 21.967284577385264], [-105.11329877514092, 21.968262133685396], [-105.11415084454204, 21.968544039264344], [-105.11560430343278, 21.9690249006265], [-105.11723249944761, 21.969563552716096], [-105.11929918667592, 21.97062606333429], [-105.12010116364452, 21.971038358736408], [-105.12225695596716, 21.972435038316], [-105.1230857342858, 21.97305368005851], [-105.12438995868798, 21.97402719915106], [-105.12633507878877, 21.97547906114966], [-105.12745910724058, 21.97605683804236], [-105.12968210708478, 21.97719947528125], [-105.1325315023507, 21.97734556854133], [-105.13429128235744, 21.976004570802864], [-105.13556798072803, 21.974085680291353], [-105.13731667070103, 21.971997372718093], [-105.13867893893254, 21.971997503271538], [-105.13980766100714, 21.971979787713355], [-105.14314739975565, 21.973201743184195], [-105.14540240008824, 21.973268785157035], [-105.14608829389196, 21.971520085068263], [-105.1460587821055, 21.969527347883943], [-105.14602681213071, 21.96736854874592], [-105.14562529741492, 21.966569270888034], [-105.14536079544706, 21.965069411676875], [-105.14596691430225, 21.964342413472732], [-105.14651269940599, 21.96396454538881], [-105.1470991134636, 21.963756461099443], [-105.14734591507698, 21.963782837253444], [-105.14763272261925, 21.963770003006832], [-105.14781724512744, 21.96377468540604], [-105.14832316360624, 21.963972354857468], [-105.1492337533728, 21.964264001023206], [-105.15049966707818, 21.965011602281212], [-105.15361691319505, 21.96723140639394], [-105.15493648957377, 21.968218438419058], [-105.15685163639243, 21.969367269103827], [-105.1593425765072, 21.969349388021982], [-105.16050645364876, 21.967846309537318], [-105.1617926362287, 21.966591460343246], [-105.1633346162162, 21.966580349336922], [-105.16547835106793, 21.96714615474864], [-105.16737369526646, 21.96696637393369], [-105.1690069479645, 21.965127679973573], [-105.17089604061285, 21.96453270608074], [-105.17419350467158, 21.962930993886367], [-105.17772936100332, 21.961410515053796], [-105.1793661633079, 21.959820809522405], [-105.18073697416798, 21.956323122699775], [-105.18198161458024, 21.952328109108898], [-105.18323619393928, 21.948997328808137], [-105.18593265749082, 21.946901544615567], [-105.18840564402443, 21.945720798282398], [-105.19171880272097, 21.945198131350985], [-105.19491208368405, 21.944593245310042], [-105.19811919210471, 21.94490163166772], [-105.20013531425383, 21.944886655187915], [-105.20321879395469, 21.94486370214803], [-105.20535350979247, 21.944847777695017], [-105.20772668056024, 21.944913081610107], [-105.20951447341498, 21.945480976069195], [-105.21095155970104, 21.94638364069378], [-105.20949380220354, 21.95968091200975], [-105.21675891277549, 21.96934195035112], [-105.21865676016769, 21.96932763769794], [-105.22097077814409, 21.97015991326258], [-105.22056679658868, 21.97724919857736], [-105.2204146680351, 21.97991865290205], [-105.2203605351658, 21.980868522174493], [-105.21989818146834, 21.98898096361741], [-105.21929811717845, 21.999508396150564], [-105.21901587747188, 22.004459466824652], [-105.218097045403, 22.020575482094706], [-105.21767704883683, 22.027940959666985], [-105.2176554846984, 22.029617851665257], [-105.21765478486536, 22.031669032940787], [-105.21684280922237, 22.06086167352078], [-105.22103068877671, 22.06223036083882], [-105.22270896901783, 22.063297161855093], [-105.22366872677556, 22.063954199612624], [-105.22416009666966, 22.065029975931168], [-105.22453277812475, 22.06610665075252], [-105.2241907313072, 22.067022667850274], [-105.22443833762912, 22.0676850983886], [-105.22769558263622, 22.07106494360762], [-105.22830442997788, 22.072056774840714], [-105.22839794299215, 22.072453448802907], [-105.22855845992287, 22.07313434202618], [-105.22869634955347, 22.07437886927532], [-105.22941368477363, 22.074705563124226], [-105.23060967753187, 22.075277722007524], [-105.23119935304668, 22.075024111929075], [-105.23190901060698, 22.074852622868697], [-105.23262251094205, 22.074930216636986], [-105.2332185906279, 22.075091742453086], [-105.23381851828574, 22.07550235191377], [-105.23489326536811, 22.075909328911568], [-105.23494059506422, 22.07589471133314], [-105.23572034322207, 22.075653886978944], [-105.23594876651632, 22.075070870077536], [-105.23570109351014, 22.074408458133536], [-105.23592694808967, 22.073659383987], [-105.2368752807873, 22.073569084969797], [-105.23769977249776, 22.07314757593023], [-105.23792818371894, 22.072564556193424], [-105.2379204763201, 22.072066384661376], [-105.2387526664554, 22.072143041874735], [-105.2394700130108, 22.07246969160953], [-105.23982997320068, 22.07271604384161], [-105.2404337677517, 22.073375714732233], [-105.24079887696757, 22.07395417892425], [-105.24139882140932, 22.074364760488084], [-105.24247100653363, 22.07460563060872], [-105.24317678490722, 22.074185007279347], [-105.24377158504548, 22.07426346607791], [-105.2443728276467, 22.074757065112458], [-105.24496376464936, 22.074586434113495], [-105.24518957054302, 22.0738373476319], [-105.24529538372519, 22.073006147604005], [-105.24576503275026, 22.0726703719869], [-105.24670948290321, 22.0723309306261], [-105.2474268483339, 22.072657545286305], [-105.24826420901152, 22.073066267840122], [-105.24921252916441, 22.072975897400315], [-105.24992215397066, 22.07280433043863], [-105.25040600175146, 22.073381854231158], [-105.25041633680918, 22.074046081506534], [-105.25054537476422, 22.07470938969517], [-105.25127568499845, 22.075866271045125], [-105.25188213134628, 22.076691955538397], [-105.25307952315879, 22.07734697735456], [-105.254151749822, 22.077587770425232], [-105.25522009578323, 22.077579471513204], [-105.25701103832183, 22.078229850691333], [-105.2551596534409, 22.08131666682004], [-105.25577909733524, 22.082972618367844], [-105.25591075934395, 22.083801977740112], [-105.25616242932942, 22.08471344194166], [-105.25653022312169, 22.085457925751946], [-105.25643094524617, 22.08670427222079], [-105.25644778823352, 22.08778363867148], [-105.25635109941553, 22.08919604109951], [-105.2557575254486, 22.089200657029345], [-105.25480521759387, 22.089041981652574], [-105.2540864581367, 22.088632372748542], [-105.25337934739271, 22.08897001456881], [-105.25315097415026, 22.089553054366053], [-105.25292777348463, 22.09046820663875], [-105.25246972337752, 22.09155125629817], [-105.25189424167328, 22.09271825302481], [-105.25096776431539, 22.094220119381195], [-105.24968123107413, 22.09547565203542], [-105.24886052057882, 22.096146305791684], [-105.247562336041, 22.096654568033138], [-105.24685516972562, 22.096992181818017], [-105.24578796618465, 22.097083455649216], [-105.24549245170867, 22.09716877309209], [-105.24519693687235, 22.097254090002906], [-105.24436975115653, 22.09750958017244], [-105.2436728793802, 22.098511406194827], [-105.24333088047662, 22.099427459284666], [-105.24263270430237, 22.100346252556207], [-105.24205195678685, 22.10118110151931], [-105.24196774065135, 22.101493142216313], [-105.24188352415216, 22.101805182861288], [-105.24149179613276, 22.103344400074377], [-105.24174083520292, 22.104089828411084], [-105.24248024188182, 22.10582794150215], [-105.24237696512996, 22.106825193084195], [-105.24180005207856, 22.10790912525038], [-105.2409753719361, 22.108330654868755], [-105.24015068686253, 22.10875218034655], [-105.2396809059165, 22.109087939547358], [-105.23921498038233, 22.1096727819714], [-105.23958403786641, 22.1105003300447], [-105.23959304069936, 22.111081527246878], [-105.23936714799451, 22.11183060337522], [-105.2391361094204, 22.112247566499793], [-105.23938258020009, 22.11282694128064], [-105.2398716688656, 22.11373660513966], [-105.24036205048057, 22.114729295498485], [-105.24049236724252, 22.115475636516585], [-105.24062268541566, 22.1162219773503], [-105.240883325996, 22.117714658464276], [-105.24055027162291, 22.119211900673225], [-105.24020949058709, 22.12021097360472], [-105.23997586811392, 22.120461881459608], [-105.24010876158906, 22.121374278347822], [-105.24035911279488, 22.12220273497412], [-105.24025581038077, 22.12319998345758], [-105.23991373145478, 22.124116027360543], [-105.23969039317407, 22.125031158958322], [-105.23911338685167, 22.12611508006756], [-105.23864997534699, 22.12686597621352], [-105.23925399747482, 22.127525645071984], [-105.23961667073348, 22.127938050863854], [-105.23986317140808, 22.128517423545173], [-105.24022970930089, 22.129178911823864], [-105.2405988246368, 22.130006455120355], [-105.24084533299674, 22.130585826103708], [-105.24121188090133, 22.13124731192052], [-105.24170233370754, 22.132239995497798], [-105.24398953937363, 22.13421530050742], [-105.24159488368477, 22.14062763772323], [-105.24208666037113, 22.14170334651481], [-105.24611565381574, 22.150440040030205], [-105.25437431022637, 22.16834481346273], [-105.25597825528024, 22.171821581421842], [-105.25683568684644, 22.173475658980244], [-105.25780284093072, 22.174547615498632], [-105.26260891617761, 22.177997683001852], [-105.26465697179808, 22.179808480222878], [-105.26688642728642, 22.185603617824867], [-105.27187300991936, 22.208941366208165], [-105.27381259686304, 22.218016642005505], [-105.27312345965079, 22.231244299810086], [-105.2729277742156, 22.245467322685844], [-105.27272853390942, 22.24709208258979], [-105.27210873539725, 22.25214616836207], [-105.27114817043353, 22.259978307393602], [-105.27050436946931, 22.265227182336837], [-105.26991630041303, 22.27326246566374], [-105.2574723562405, 22.274829686356263], [-105.26448469825351, 22.298885160546043], [-105.26738043392452, 22.308816270546185], [-105.26962038160313, 22.31248239889096], [-105.27056234149201, 22.312211078652336], [-105.27246956970052, 22.312494812787662], [-105.27356513188676, 22.313460134197907], [-105.27454675502848, 22.314593654661437], [-105.27574463161291, 22.31497755904026], [-105.27753095102226, 22.315181523554013], [-105.28120793446489, 22.31510046978856], [-105.28512269069677, 22.314993773786878], [-105.28703934658587, 22.31560789095262], [-105.28824428890967, 22.31623961875225], [-105.28993310013799, 22.317190133301484], [-105.30245438829672, 22.335899577254654], [-105.31096774455062, 22.349764548381998], [-105.31415789367293, 22.354959232176846], [-105.31522407537604, 22.35653003612899], [-105.3212234454048, 22.36536809691069], [-105.32568445212615, 22.371872355244125], [-105.32681396177769, 22.373994222911158], [-105.3274522600194, 22.37554949319164], [-105.33000382862097, 22.373418247219902], [-105.33127839971009, 22.37231129067533], [-105.33279739111313, 22.37144629242769], [-105.33518258230328, 22.37180002506155], [-105.33803771082178, 22.371976546351085], [-105.3400503078184, 22.371760673932894], [-105.34288644115198, 22.371276013418925], [-105.34440772390481, 22.370493544114467], [-105.3456916592056, 22.36971702326443], [-105.34696131674916, 22.36844467079321], [-105.34825948682612, 22.368163951331262], [-105.35015810617578, 22.36811621084187], [-105.35178607594204, 22.366917504057657], [-105.35351839312719, 22.365219973336526], [-105.3539410520037, 22.36752484243812], [-105.3539958233356, 22.36942548815051], [-105.35415259199655, 22.370744688799302], [-105.35514241387071, 22.372125610699218], [-105.35516861772828, 22.373034614407565], [-105.35555082728557, 22.373934652926792], [-105.3567470436815, 22.37423531027915], [-105.35794088122888, 22.374453322093036], [-105.3584346295219, 22.375102453244327], [-105.35974953132806, 22.375400097485546], [-105.36095054018126, 22.375865996539318], [-105.36157252201687, 22.37684267131923], [-105.36240321663769, 22.37682171864245], [-105.3631152403483, 22.37680375581378], [-105.36408131777243, 22.37735825567784], [-105.3657355460651, 22.37706841099474], [-105.36692464235144, 22.37712108314148], [-105.36858125171166, 22.376913845853622], [-105.36999573326021, 22.376547317419295], [-105.37152887701755, 22.376177776522344], [-105.37366493223507, 22.376123758363804], [-105.37509854400459, 22.376418275448973], [-105.37488035553217, 22.37708537065033], [-105.37371758314983, 22.377941755525345], [-105.37256436691486, 22.37912867711078], [-105.3720092822203, 22.380465861028803], [-105.37216384190322, 22.381702403774366], [-105.3730256713843, 22.382755666917895], [-105.37364776813673, 22.383732292898955], [-105.37318742221598, 22.384240116702774], [-105.37198151695578, 22.38360903806721], [-105.37103210813669, 22.38363304041339], [-105.3707119544003, 22.384881583272907], [-105.37181114914439, 22.38592885270896], [-105.37268975282174, 22.387560569919]]]}}, {"type": "Feature", "properties": {"id": 3, "entidad": 18, "distrito_l": 3}, "geometry": {"type": "Polygon", "coordinates": [[[-105.10833823563134, 21.94529436107265], [-105.10679165184877, 21.944972829277773], [-105.10275937070944, 21.945000467336556], [-105.10026282936252, 21.944602331284628], [-105.09753511572316, 21.94462093005684], [-105.09434141114214, 21.945223926088016], [-105.09125909150207, 21.945327867914983], [-105.08865952736684, 21.94600976840073], [-105.08607427272484, 21.947688006358938], [-105.084436566212, 21.949276788945227], [-105.08221296947612, 21.95136772840087], [-105.07973661821022, 21.952380817189688], [-105.07737764590198, 21.953310043979776], [-105.07513487074381, 21.954072382257607], [-105.07277584043537, 21.955001542946043], [-105.07125295052705, 21.956340308799007], [-105.0692615272061, 21.958097368135036], [-105.0675013537941, 21.95943767327718], [-105.06634011305128, 21.961189192535084], [-105.06625699806834, 21.963680924752854], [-105.06664715444809, 21.96608648368705], [-105.06703850778048, 21.96857507245676], [-105.06718908652388, 21.970816136881798], [-105.06685453690348, 21.97231306042071], [-105.06591859488498, 21.973232688407034], [-105.06366599138065, 21.97333061750168], [-105.06199822124836, 21.9728433859203], [-105.0598500863289, 21.97194410246767], [-105.0585323079177, 21.97103933593953], [-105.05720158819854, 21.969221211394512], [-105.05658495056794, 21.96756447146945], [-105.05597421350875, 21.966322886961756], [-105.05554280942454, 21.965568425282267], [-105.05537387909031, 21.96527298870958], [-105.05512272970668, 21.964833759404787], [-105.05414441843743, 21.962764181890098], [-105.0535301958287, 21.961273492430504], [-105.05303106882702, 21.9595329297225], [-105.05252842853052, 21.957543269902594], [-105.05213265883673, 21.954722515529937], [-105.05210563637613, 21.95281278466284], [-105.05172515845895, 21.951071441172513], [-105.05110514026886, 21.949165581246593], [-105.05025380973419, 21.94767642503528], [-105.04916764727794, 21.946354873546166], [-105.04808736723595, 21.94544847411036], [-105.04688733252502, 21.94445980668778], [-105.04533035640134, 21.94339040875744], [-105.04271540511219, 21.942992167895728], [-105.0401109786318, 21.943341173241514], [-105.037394940905, 21.9441890935898], [-105.03491606507984, 21.94503544423859], [-105.03291387838738, 21.946044778052556], [-105.0310267744513, 21.94680423171177], [-105.02831642198221, 21.94806716185034], [-105.02607230633129, 21.94874579920971], [-105.02441769699448, 21.94917153632852], [-105.02334334291882, 21.948680134616122], [-105.02203411140736, 21.948356296505168], [-105.01989353207698, 21.94795467937919], [-105.01799940346432, 21.948215790832567], [-105.01468783275809, 21.948901021659104], [-105.01162824211865, 21.948430715305673], [-105.01131582615893, 21.948382688764344], [-105.01010670227664, 21.948133949845424], [-105.00863086989969, 21.94790180409541], [-105.00772403963538, 21.947835497823625], [-105.0066216080343, 21.94750378893824], [-105.00586449524373, 21.947353138617636], [-105.00528803327782, 21.947238431648383], [-105.00418562017849, 21.94718869987222], [-105.00286983832999, 21.947155552416273], [-105.00189189022942, 21.946939924513376], [-105.00134473055569, 21.94687187000833], [-104.99847815944827, 21.946212748005074], [-104.99630407858184, 21.945941074855885], [-104.99508920870369, 21.945740115697372], [-104.99453068514087, 21.945778694675404], [-104.99273479216123, 21.94670754487391], [-104.99138336393491, 21.94820038613621], [-104.989996312724, 21.950157673519662], [-104.98874617832519, 21.951387657432257], [-104.98685990616669, 21.952229635700554], [-104.9847318607621, 21.95274091574825], [-104.98306913860394, 21.952585010270113], [-104.98152162195153, 21.952179267129914], [-104.97985211240992, 21.951525135180727], [-104.9772439827529, 21.951624046850032], [-104.97630646831415, 21.952460134379248], [-104.97524920841687, 21.953213903568], [-104.97432409870864, 21.954963335245218], [-104.97374914063508, 21.956295445129854], [-104.97317304276555, 21.957544520461727], [-104.97259919230409, 21.958959658181374], [-104.97190107857915, 21.959960349190712], [-104.97096347819699, 21.960796405293312], [-104.96978526307538, 21.961384790140787], [-104.96860365892525, 21.96172406958584], [-104.9675417865618, 21.962145659024923], [-104.96648553403212, 21.96298240308267], [-104.96543376759921, 21.96415126943371], [-104.96485756533373, 21.96540031428021], [-104.96476480845716, 21.96731076849815], [-104.96466867643328, 21.968972125466], [-104.96457141798149, 21.97055044980295], [-104.96434879316429, 21.971631291994818], [-104.96425490131155, 21.973458712252178], [-104.964162130977, 21.975369164235428], [-104.9634773606481, 21.97736620334486], [-104.96255419618919, 21.979281627513604], [-104.96162876187908, 21.98103098171435], [-104.96105582461969, 21.982529106906167], [-104.96013371587524, 21.98452754827498], [-104.95885232270456, 21.986279010566683], [-104.95744218367096, 21.9872838800312], [-104.9559156299051, 21.988455506874356], [-104.95438793271397, 21.989544087202052], [-104.95299337591308, 21.991711367141004], [-104.95218973269336, 21.993709058026315], [-104.95185615743559, 21.995371807089995], [-104.95199825407221, 21.997114777655046], [-104.95225676194028, 21.998690980993285], [-104.95370282705161, 22.00034318214908], [-104.95513549898817, 22.000998986533002], [-104.95704388209555, 22.001734986255386], [-104.9596619128669, 22.0023006528705], [-104.96192851941228, 22.00320053492923], [-104.9638459589308, 22.00460071069607], [-104.96588320936772, 22.006083183184373], [-104.96732162519473, 22.007154040116895], [-104.96840411287732, 22.008227027916654], [-104.96960301293386, 22.009133229591917], [-104.97104374390047, 22.010370117149588], [-104.97189575113129, 22.011942704676066], [-104.97227203097148, 22.013435125221744], [-104.97229348119845, 22.015012728399558], [-104.97159734777759, 22.016179474439898], [-104.97053733468624, 22.016767143466502], [-104.96899817451988, 22.01702553863791], [-104.96769069218502, 22.01686733302001], [-104.96602161514777, 22.016296096573722], [-104.9647096445976, 22.015805740110306], [-104.96328127469405, 22.015482147438384], [-104.96113985450856, 22.01507976689308], [-104.95924584941548, 22.015423229379767], [-104.95806713470917, 22.016011525482014], [-104.95677759294668, 22.017181741761704], [-104.95608244153324, 22.018431453209413], [-104.95586639365412, 22.020010468095123], [-104.95624476607348, 22.021668987300988], [-104.95673956987082, 22.023160735912654], [-104.95722766244346, 22.02415429236665], [-104.95783890834001, 22.02547926745627], [-104.95820835134852, 22.02647352742311], [-104.95811098113361, 22.02805183669401], [-104.95777403193745, 22.02946549577952], [-104.9566030344105, 22.030635001841272], [-104.95506369931476, 22.03089326544663], [-104.95328254851286, 22.030820794837172], [-104.95173761993537, 22.03066386871746], [-104.9488873407856, 22.030514635913832], [-104.94662929576965, 22.030278829824], [-104.94509328631538, 22.030786094926842], [-104.9435695016976, 22.032206694700506], [-104.94251481263112, 22.033209339535155], [-104.94205902437595, 22.03462366066584], [-104.94159989336436, 22.035788885142168], [-104.94161545058074, 22.036951328980365], [-104.94199370154047, 22.038609877428662], [-104.9423686261722, 22.040019329705583], [-104.94261709756967, 22.040848255085855], [-104.94239419550843, 22.041929057697715], [-104.94121630288589, 22.042600261749033], [-104.94003728881006, 22.043188425606722], [-104.9388527166569, 22.043361422687145], [-104.93730877702217, 22.04328739210937], [-104.93589459760359, 22.044042972826322], [-104.93471997872409, 22.0449632248046], [-104.93401785656994, 22.04571464784004], [-104.93355641057632, 22.046713784673603], [-104.93298733785558, 22.048543925095128], [-104.93230951829645, 22.051122035785948], [-104.93257011685021, 22.052864322692585], [-104.93330105048749, 22.05427172763933], [-104.93379572618717, 22.05576353935205], [-104.93464759220274, 22.057336311623956], [-104.93525987714384, 22.058744396988], [-104.93563811124248, 22.060402955664284], [-104.93661537099457, 22.062473215137498], [-104.93841022339757, 22.06354224497639], [-104.94044249685545, 22.06460986710208], [-104.94176039044525, 22.065515572750755], [-104.94378159041935, 22.065752839239522], [-104.94520262532268, 22.065495381113628], [-104.94674792470114, 22.065652368939258], [-104.94865936131025, 22.06655452477779], [-104.95045770583552, 22.06787251627266], [-104.95154723062383, 22.069443795975197], [-104.95227843713262, 22.070851113880092], [-104.9521809698097, 22.07242941090043], [-104.95125815201123, 22.074427779196984], [-104.95058277246771, 22.077172020326877], [-104.95073610141381, 22.079745286858348], [-104.95230838815682, 22.081894971027776], [-104.95362875475061, 22.08296664194707], [-104.95483042807481, 22.08403900661041], [-104.95520559883975, 22.085448422113753], [-104.95606459924659, 22.08751926464159], [-104.95621019754257, 22.089511305420835], [-104.95516860548614, 22.09151039692995], [-104.95435323581758, 22.092677762652727], [-104.9534213683357, 22.094011889695068], [-104.95166289461847, 22.09568305250642], [-104.95085194020675, 22.097182524195436], [-104.95027953625126, 22.09876362046894], [-104.94958727635266, 22.100262384076956], [-104.94877627376496, 22.101761844536234], [-104.94832590424245, 22.103591325860943], [-104.94843106203692, 22.104981645651655], [-104.94847029425239, 22.10550033848481], [-104.94885884916994, 22.10790613617224], [-104.95150450317408, 22.110381640518376], [-104.953067074186, 22.111784032038763], [-104.95392172629963, 22.113522755952598], [-104.95417822636563, 22.11493287256191], [-104.95467109256694, 22.11625854927847], [-104.95623712052749, 22.117910002041228], [-104.95757803135824, 22.120476190884453], [-104.95976368035562, 22.12403378275711], [-104.95978388415222, 22.125528335380178], [-104.96028582143404, 22.127518238987943], [-104.96091101652324, 22.129839554390163], [-104.96152949095604, 22.13166268305804], [-104.96262524782281, 22.133649030623882], [-104.96348239798931, 22.135553761370886], [-104.96458046294387, 22.13770615604055], [-104.96602132648387, 22.13886003939047], [-104.96817702847501, 22.140175687855038], [-104.97077607097658, 22.141210775322236], [-104.97011217719887, 22.142738195759975], [-104.97074098718412, 22.1453085607555], [-104.97075566436898, 22.146387956211072], [-104.97041630068185, 22.147635559874104], [-104.96972288555085, 22.149051369446244], [-104.9686629997934, 22.149722046035475], [-104.96808494375725, 22.15088804263201], [-104.96727159200735, 22.15222152477671], [-104.96634508598189, 22.153970867249733], [-104.96553733022348, 22.155719491940893], [-104.96555422079096, 22.156964947119118], [-104.96605860263111, 22.159120886197375], [-104.96773724996373, 22.160273326412508], [-104.97010714615807, 22.15984388261034], [-104.97092164431803, 22.15859341788126], [-104.9711399967557, 22.157180470547086], [-104.97182552961739, 22.155183444186235], [-104.97251217320469, 22.15326944476805], [-104.97380621584618, 22.15234821627452], [-104.97522353791743, 22.15175837955716], [-104.97653906559339, 22.15241470551256], [-104.97774150040038, 22.15348689340043], [-104.97858877060928, 22.154644267955618], [-104.97908427096317, 22.15613592545896], [-104.97911148683903, 22.1581286514941], [-104.97986724697412, 22.161279466065096], [-104.9810743230597, 22.162683749061564], [-104.98323621013955, 22.164414345966026], [-104.98538677257966, 22.165314612645666], [-104.98755216973532, 22.16729424214402], [-104.98900492068724, 22.169278219437516], [-104.99058106189412, 22.17159357309331], [-104.99169808257665, 22.17507425619592], [-104.99196420335082, 22.177148542930624], [-104.99151985794286, 22.17939327656442], [-104.99119315197333, 22.181554247652315], [-104.98932208017179, 22.18372470789732], [-104.98839108136698, 22.185142049362362], [-104.98794095693769, 22.186971621583204], [-104.98760962172653, 22.188800463971344], [-104.98764152079643, 22.191125300067654], [-104.9882594672917, 22.19286528434354], [-104.98900079514807, 22.194936655937507], [-104.99022079833493, 22.19725419318453], [-104.9903578609597, 22.19858193920115], [-104.99027327813164, 22.201073561640037], [-104.98981856464336, 22.202571016608815], [-104.98864753927192, 22.203823756267436], [-104.98807626416487, 22.205487994169793], [-104.98750383626552, 22.20706920003473], [-104.98729126589566, 22.208897309061836], [-104.98887352151264, 22.211627816365784], [-104.99115849889226, 22.213606657821682], [-104.99427644746076, 22.215663366929345], [-104.99714538587929, 22.216891191158123], [-104.99965101845353, 22.217622999061057], [-105.00131342192634, 22.217529643154986], [-105.00273472831401, 22.217188660505943], [-105.00391952807152, 22.21693217529679], [-105.00476164528088, 22.217674257559285], [-105.00679893299011, 22.218907094254906], [-105.00894932326551, 22.219724014477013], [-105.01121856591092, 22.220540160794567], [-105.01324902392238, 22.221274740036982], [-105.01373588487769, 22.222102045172335], [-105.01387434784894, 22.223512796630498], [-105.01413626527183, 22.225254917457374], [-105.01451933282148, 22.227162348260592], [-105.01597076620622, 22.228980011724065], [-105.0180175748736, 22.230876940072072], [-105.01863375435802, 22.23245074200115], [-105.01948183340554, 22.23360789255498], [-105.01951099384502, 22.234030355641302], [-105.01963079132291, 22.23576589959767], [-105.01859364875033, 22.23809747690138], [-105.01778374357788, 22.239680284403917], [-105.01756688745068, 22.24117630910263], [-105.01771350934726, 22.243168257699256], [-105.01820973374598, 22.24465977988419], [-105.0181221424991, 22.246902315386222], [-105.01673527945894, 22.24973430304047], [-105.01675841723606, 22.251394883738662], [-105.01654962982838, 22.253472107998363], [-105.01612394052232, 22.257045351338547], [-105.01532430387903, 22.259375403562682], [-105.01523318942444, 22.261368846677048], [-105.01489856572654, 22.262948641123746], [-105.01445315956998, 22.265110384777895], [-105.01459860681169, 22.267019301442282], [-105.01557266680362, 22.26867389259079], [-105.01691145812595, 22.27090743089786], [-105.0184776126341, 22.272392197000876], [-105.02015571800351, 22.273378023111235], [-105.02159494128294, 22.274282309265505], [-105.02363900110063, 22.27593006948968], [-105.02520528250855, 22.277414769699085], [-105.02606647567, 22.279485194680124], [-105.02681114154402, 22.281722428735836], [-105.0271956984181, 22.283712844758796], [-105.0276944939503, 22.28537038751534], [-105.02771776731531, 22.287030959247247], [-105.02774453239324, 22.288940616313894], [-105.02847414104966, 22.290098469031253], [-105.0295522692603, 22.29067284233932], [-105.03098240478535, 22.29091281496928], [-105.03135422128743, 22.291989905330308], [-105.03125048921028, 22.293070035917975], [-105.03102903176278, 22.294233954790208], [-105.03046138742319, 22.296147408440138], [-105.02953937895145, 22.298229193607888], [-105.02849844847537, 22.300311731198573], [-105.0279400568221, 22.30288940196385], [-105.02761827911678, 22.305382526827568], [-105.02836077888605, 22.30745368973053], [-105.03016992714042, 22.309268933003477], [-105.03220059811375, 22.30992023786829], [-105.03517316836229, 22.30990118952982], [-105.03803385488503, 22.310381021435475], [-105.04052613548293, 22.310032821733177], [-105.04265700511085, 22.30935477675558], [-105.0445535722221, 22.308927328387302], [-105.04669733156898, 22.309162540712475], [-105.04861035089948, 22.309897439664283], [-105.04958040145198, 22.31121970446907], [-105.050676440128, 22.31303935765377], [-105.05177957621319, 22.3153571715444], [-105.05251541341384, 22.316930052253056], [-105.05326069971589, 22.319167153645957], [-105.05424619401926, 22.32156875310203], [-105.05451587494512, 22.323808954747527], [-105.05371767632111, 22.32622220453257], [-105.05362588522134, 22.328132624127974], [-105.05472210884163, 22.329952245812382], [-105.05421267270506, 22.33176170840288], [-105.05165151170986, 22.332352385400586], [-105.04855184071312, 22.333476366414875], [-105.04602524326589, 22.336178523920367], [-105.04502727007937, 22.339973089571608], [-105.04368918125981, 22.342522914078785], [-105.04056052924402, 22.345880156413205], [-105.03899136072455, 22.347930990066736], [-105.03812561297723, 22.35065148046695], [-105.03736998088279, 22.35403503737236], [-105.03722469628174, 22.356101690283136], [-105.03629563197283, 22.35769797703429], [-105.03539692063606, 22.359535456402607], [-105.03412149549854, 22.360637699520776], [-105.03322273682458, 22.362475166170828], [-105.03303826595106, 22.364379455821183], [-105.0335658129583, 22.36626800379009], [-105.03350461148901, 22.36833480330688], [-105.03177737662553, 22.370273191203417], [-105.02774934795396, 22.370610005724494], [-105.02386061278455, 22.37168720761652], [-105.02259415593484, 22.373119626938145], [-105.02288882432129, 22.375178573282934], [-105.02377460796114, 22.3771418695986], [-105.02580134273427, 22.377427643112867], [-105.0281795349368, 22.377540398125845], [-105.02915193963942, 22.378345106625634], [-105.0294283427786, 22.379743503904447], [-105.02936477800974, 22.381727731544515], [-105.0296503771019, 22.383456395566164], [-105.03042451313719, 22.385669974895343], [-105.03167342901851, 22.387873061011533], [-105.03313217819056, 22.389080088337206], [-105.03400209736624, 22.39046535746034], [-105.03394549121504, 22.39269728449401], [-105.03377018854411, 22.394931834873802], [-105.03348538077802, 22.397499275116196], [-105.03237886326453, 22.400415343417656], [-105.0322196164509, 22.403227856808595], [-105.03310340991398, 22.40510852823825], [-105.0348043606917, 22.406475423852434], [-105.03589801096231, 22.40736003047964], [-105.03643726568417, 22.40966139160459], [-105.03613867064729, 22.411733432633017], [-105.03512320113111, 22.413656090779295], [-105.03398209172254, 22.415333666685225], [-105.03449834353324, 22.416809366878145], [-105.03548256205579, 22.418026865527022], [-105.03717908982782, 22.419228600795005], [-105.03840538664205, 22.420605960983668], [-105.03950377694913, 22.421655674283492], [-105.04025524398715, 22.423043531936553], [-105.04137671150687, 22.424918895569018], [-105.04319901136309, 22.426365635731944], [-105.04536136853653, 22.427226494290803], [-105.04700732106343, 22.426611667529077], [-105.04923993600296, 22.425735949825725], [-105.05101612452675, 22.425531277774155], [-105.05319007393626, 22.426804862349826], [-105.0539278332496, 22.427697258572394], [-105.05302197145187, 22.429287122032033], [-105.05056804457259, 22.430746127330202], [-105.04647036040225, 22.432902499059004], [-105.04413502942614, 22.43435877285489], [-105.04204863344064, 22.436222583779685], [-105.04067687376629, 22.438153160909163], [-105.04013159932059, 22.439900195193953], [-105.03960013327047, 22.442142624334426], [-105.03882196377671, 22.444060042035836], [-105.03734746132841, 22.446571179842838], [-105.03539334017243, 22.448927672530782], [-105.0334023503213, 22.449963082090516], [-105.03029668194442, 22.449370739034393], [-105.028995124516, 22.44956470189282], [-105.02818460875557, 22.450326139376088], [-105.02798617290054, 22.451735005294612], [-105.02755254103761, 22.453231675947265], [-105.02677184787015, 22.455066466969097], [-105.02551843931339, 22.45699429237913], [-105.02461206379778, 22.458583991360467], [-105.0229839883019, 22.459859117893668], [-105.0210954499072, 22.46031379476268], [-105.01826834761371, 22.46120218433046], [-105.01498451585806, 22.462761496211378], [-105.01189465359398, 22.462746764434314], [-105.0092432266517, 22.46140048767834], [-105.00597297271386, 22.459158954556834], [-105.00343128987414, 22.457479712065123], [-105.00114541170997, 22.456455762180813], [-104.99875677831785, 22.45601234445322], [-104.99768805181306, 22.45603572487205], [-104.99641144854148, 22.457137657844164], [-104.99537915705832, 22.458482089240736], [-104.99460028839472, 22.460399290200897], [-104.99428957801835, 22.462058408028955], [-104.99373679841585, 22.463557580896076], [-104.99447437219644, 22.464450244875398], [-104.99884529302538, 22.46782456000325], [-105.00032284153579, 22.469692403310656], [-105.00167254223538, 22.47123256734304], [-105.00170448644847, 22.472388497288218], [-105.00092106443506, 22.47414059265881], [-105.00072916285764, 22.475797120217088], [-105.00112195876014, 22.477110383001403], [-105.00222051403661, 22.478160342543507], [-105.0034127413242, 22.478299463233004], [-105.0044884881161, 22.4785237438947], [-105.00547516490131, 22.4798239823791], [-105.00587487001293, 22.481384931743385], [-105.00558937360952, 22.483952295712186], [-105.00539751405968, 22.485608826803674], [-105.00448843923917, 22.48711584104379], [-105.00345143745169, 22.488295186678513], [-105.00156473161904, 22.488832199643795], [-104.99907501035645, 22.48905191868583], [-104.99684106588101, 22.48992693636885], [-104.99520097879542, 22.49078894616327], [-104.99404964790196, 22.492135958930845], [-104.99361324848773, 22.49354996466595], [-104.99424586618157, 22.494940618605582], [-104.99597715637711, 22.497381269415392], [-104.99709178889276, 22.499009224879035], [-104.99736127153092, 22.50015995757463], [-104.99776094405999, 22.5017209231197], [-104.99862665457927, 22.502941231038687], [-104.99902178792915, 22.504337060650702], [-104.99954484302792, 22.506060554744636], [-105.00049516321255, 22.50603976169733], [-105.00203943290599, 22.506005961038902], [-105.00347404535972, 22.50630501148187], [-105.00491094819542, 22.506686615158998], [-105.00564882215447, 22.507579223228806], [-105.00507085626231, 22.508170200587383], [-105.00414792765982, 22.50918181276488], [-105.00548206136597, 22.51014397534388], [-105.00679107407576, 22.51019790126592], [-105.00680707187455, 22.510775862952407], [-105.0069601483095, 22.512011747931396], [-105.0067591247563, 22.51333801118856], [-105.00702871516158, 22.514488725652768], [-105.00719094054283, 22.516054873426167], [-105.00769356653132, 22.517035245620328], [-105.00833557763963, 22.518756103591542], [-105.00921292200557, 22.52038918116579], [-105.00936374333686, 22.521542496567495], [-105.00843389751243, 22.522306434253196], [-105.0078810309877, 22.52380564442364], [-105.00710654065101, 22.525888021850562], [-105.00669073862741, 22.528045149053373], [-105.00700378784953, 22.530764610818675], [-105.00802058324393, 22.533138179607857], [-105.00815997553467, 22.53387866583104], [-105.00747681400642, 22.5349676491373], [-105.00691017141942, 22.535971459541333], [-105.00599392768531, 22.537230775882062], [-105.00472121433302, 22.538497894982136], [-105.00380264997531, 22.539674632772567], [-105.00337076823129, 22.541253787961494], [-105.00292289124008, 22.542254981912524], [-105.00245674089454, 22.54259564902], [-105.0020111360861, 22.543679405943905], [-105.00169119620818, 22.545008258209304], [-105.00137125020555, 22.54633710961921], [-105.00091877736602, 22.54717316604976], [-105.00072449254498, 22.548747112854578], [-104.96067759730667, 22.52375370181256], [-104.92027724783726, 22.532298024378793], [-104.92036427098938, 22.534615486010924], [-104.91997714787723, 22.536844604168614], [-104.91900271538182, 22.538570387009113], [-104.91779970737798, 22.539631617503396], [-104.9161350407532, 22.539694607077482], [-104.9115020664757, 22.53955684763934], [-104.90841608861963, 22.53927192972196], [-104.90639495315841, 22.539330572075304], [-104.89768410496931, 22.541873819616953], [-104.89626050338998, 22.54169130195388], [-104.8951956811698, 22.541347615592606], [-104.89448848831331, 22.540925483580683], [-104.89402009888099, 22.540423484668736], [-104.89343058617372, 22.540085489878713], [-104.89247769345046, 22.540239507547348], [-104.89223082737516, 22.540898380501947], [-104.89245349702294, 22.54197654185914], [-104.89349643656071, 22.543891848602115], [-104.89419558293939, 22.544892996164858], [-104.89453825376194, 22.54588986412941], [-104.89488208031217, 22.546804015376097], [-104.89511053337938, 22.54746859300359], [-104.90209627814477, 22.549372277891393], [-104.90280353720455, 22.54979437625908], [-104.903380510148, 22.551042211692767], [-104.90348559417852, 22.552036221735996], [-104.90335071844169, 22.553192825298495], [-104.90262624616815, 22.55401146776882], [-104.9019074990021, 22.554416527519244], [-104.90023690982039, 22.554892931169594], [-104.89844287730737, 22.555698757984864], [-104.8972372646462, 22.556925263030426], [-104.89603163065995, 22.55815175877091], [-104.89518364642417, 22.559299805408433], [-104.89458023710895, 22.559954404361672], [-104.89315415033563, 22.55993729041294], [-104.89185266839908, 22.559508012908505], [-104.89090540722376, 22.559248441751087], [-104.88995238008411, 22.55940244356433], [-104.8895831645092, 22.560308028693715], [-104.88956585221709, 22.561548764006], [-104.88955084793844, 22.562624067785848], [-104.88893469742338, 22.564188517345187], [-104.88783159863137, 22.566574398519347], [-104.88719807620814, 22.569379574329126], [-104.88692570419418, 22.57185817877317], [-104.8867744869771, 22.574172782402886], [-104.88662095235034, 22.576652816197875], [-104.88695439885316, 22.578311420351213], [-104.88716668400644, 22.58013402330131], [-104.88750823454338, 22.58121361747858], [-104.88512296170082, 22.58176398927604], [-104.88415125139537, 22.583241402299418], [-104.88306413357412, 22.584469228756387], [-104.88234285386588, 22.58503962938969], [-104.88160765800768, 22.586602610923634], [-104.88171029337107, 22.587762060959356], [-104.88168826929883, 22.58933365215293], [-104.88119657433262, 22.59048592468606], [-104.88035638846937, 22.591054880126112], [-104.87963738409887, 22.5914598373886], [-104.87891489294633, 22.592112937183206], [-104.8784231649649, 22.593265200684314], [-104.87770298187029, 22.593752864339503], [-104.87663083352038, 22.593905347145565], [-104.87543632438967, 22.594304528536675], [-104.87518927992213, 22.594963370132362], [-104.87506110398634, 22.595623651519904], [-104.87528837813673, 22.596370968401498], [-104.87611117829495, 22.597042767928787], [-104.87645965798087, 22.597626092079775], [-104.87633032308719, 22.598369089450337], [-104.87549355832124, 22.59868987309873], [-104.87501224783571, 22.599097688625278], [-104.8747605389425, 22.60008738968724], [-104.87463002904384, 22.60091310053877], [-104.87402517691973, 22.60165033285015], [-104.8735391950281, 22.602389004174373], [-104.8732886338618, 22.603295987356073], [-104.87255090838897, 22.60502435313084], [-104.872778184135, 22.605771672698655], [-104.87336792472341, 22.60610974145594], [-104.87145535769109, 22.606831101782017], [-104.87025722346719, 22.6074783885022], [-104.86929100716537, 22.608542130356494], [-104.86809168051839, 22.609272115643773], [-104.86666041696317, 22.609585624295306], [-104.86546925123685, 22.60973658513084], [-104.86403797706132, 22.610050070329528], [-104.86236775875837, 22.61044335851087], [-104.86165797233352, 22.61018651433944], [-104.86082696182044, 22.610093646082166], [-104.86010780160261, 22.610498514193125], [-104.85997836658701, 22.611241496718783], [-104.86054817369833, 22.612985764988967], [-104.86077188148157, 22.61398124512019], [-104.86051535469352, 22.6153017807493], [-104.85989277663049, 22.617279680127716], [-104.85939376297544, 22.618928169305637], [-104.85925258657512, 22.62049829815433], [-104.85875003365396, 22.6223949288201], [-104.85824981398942, 22.624126127951413], [-104.85740111066463, 22.625273962404084], [-104.85668068676365, 22.625761528629983], [-104.8556012166069, 22.62641015712804], [-104.8546382823785, 22.627225663049252], [-104.85413916957417, 22.62887413333006], [-104.85328334305468, 22.630518232662823], [-104.85254757515023, 22.632081069466118], [-104.85157751716363, 22.63339284352553], [-104.85132204338034, 22.634630646070477], [-104.85059330108392, 22.63569718572561], [-104.84987279880535, 22.636184720326135], [-104.849264122516, 22.637169998110107], [-104.84864482191469, 22.638899703660048], [-104.84849996280964, 22.640717961727866], [-104.84884017864314, 22.64188034372513], [-104.84894021881061, 22.643205234419355], [-104.84821259239735, 22.644189047356235], [-104.8472435881265, 22.64541807814095], [-104.84663485205002, 22.646403344483623], [-104.84673959712859, 22.647397378277727], [-104.84695617562552, 22.648889159254527], [-104.84718574456136, 22.649471081971193], [-104.84680774069058, 22.65095555632391], [-104.84631317143759, 22.652273139170784], [-104.8457043982143, 22.6532584009333], [-104.84486368442622, 22.65382716340218], [-104.8435614729015, 22.653397495829285], [-104.84049205819662, 22.651787837305644], [-104.84088434386736, 22.649310807141237], [-104.83902079793319, 22.64655777304033], [-104.83783165663635, 22.64654309751225], [-104.83640824831282, 22.646277332463573], [-104.83534514910991, 22.64576782195635], [-104.83429512785186, 22.644348447648966], [-104.83277186256328, 22.642757751617133], [-104.83147812232271, 22.641748986317527], [-104.83005834798358, 22.64123502235258], [-104.82780264560365, 22.64095886287479], [-104.82685017992455, 22.64102977103565], [-104.82494763322207, 22.641006141991756], [-104.82388222853334, 22.640661984028736], [-104.82211294149762, 22.639647229511795], [-104.82127460651388, 22.640050440833676], [-104.82055278254677, 22.640620556824107], [-104.81876795437742, 22.640681049367362], [-104.8169843232906, 22.640658807933157], [-104.81567992544362, 22.64039434268007], [-104.8154553019569, 22.63948151873153], [-104.81535198716882, 22.63840475084374], [-104.81513936452728, 22.636664785081464], [-104.81455443747743, 22.635995647193027], [-104.81349269928816, 22.63540327804696], [-104.81207065535428, 22.6350545835026], [-104.81111822303443, 22.635125398490658], [-104.80987025294344, 22.63916350538019], [-104.80867997655737, 22.6392313280925], [-104.80747404484842, 22.640374423951368], [-104.80675095809335, 22.641027191377432], [-104.80556186963693, 22.6410122768333], [-104.8046045695565, 22.641413908607316], [-104.80375893486949, 22.642313311477494], [-104.80314749008588, 22.64346383901323], [-104.80300564801205, 22.64503390939046], [-104.80370585000351, 22.645952723549872], [-104.80417547105645, 22.646372265521382], [-104.80440123683798, 22.64720239016567], [-104.80414893333995, 22.648191970949657], [-104.8037837428967, 22.648766488661195], [-104.8034113089692, 22.64983728858034], [-104.80210805897923, 22.649489998944688], [-104.79901382357167, 22.64961653955739], [-104.7978258725763, 22.649518853336623], [-104.79628117560291, 22.64941666223486], [-104.79521699080934, 22.648989600422063], [-104.79426081790362, 22.649308455663636], [-104.79330827899965, 22.649379163963445], [-104.79235937924061, 22.649201725430952], [-104.79165802310347, 22.648365576241417], [-104.79070184649791, 22.648684410250265], [-104.78951026476871, 22.64883480360384], [-104.78831989629116, 22.64890247440095], [-104.7872569569265, 22.64839264625534], [-104.78360228075154, 22.646195378358822], [-104.78349677262412, 22.6452840199441], [-104.77899643375628, 22.64398593737197], [-104.7784055440616, 22.6437302373812], [-104.7782976286173, 22.642984302784946], [-104.77807080489343, 22.64223685581218], [-104.77748481302402, 22.641650297958602], [-104.77748970162222, 22.641319443475222], [-104.77762205293398, 22.64041110622636], [-104.77798488560691, 22.640002075453637], [-104.7778781970449, 22.639173426619596], [-104.77717820178887, 22.63825450046884], [-104.77635075125544, 22.637913053280187], [-104.77432690763523, 22.638052737698764], [-104.77253597154946, 22.6385262838033], [-104.76904474481421, 22.641377245707247], [-104.76555952079937, 22.643814562156642], [-104.7635011252392, 22.64627008485614], [-104.75887093611983, 22.64571433606696], [-104.75293152255522, 22.645224331994406], [-104.75185389372072, 22.645706829376707], [-104.75041828208082, 22.64626743457681], [-104.74911024624029, 22.64625056818703], [-104.74543017279679, 22.64578941241724], [-104.74341612730741, 22.645267000010165], [-104.74200162554804, 22.644421406358834], [-104.73822513847061, 22.642469710446267], [-104.73646020667302, 22.641205876698056], [-104.73564157165427, 22.640285228646103], [-104.73353378517723, 22.640487932010775], [-104.73348591546554, 22.639572378271495], [-104.73331293321816, 22.636344024417646], [-104.72749734110386, 22.632355158457287], [-104.72305669261624, 22.628631320357595], [-104.7150534129466, 22.629683652750863], [-104.71034881700001, 22.630302054796122], [-104.70758487836262, 22.628676610169645], [-104.70656502320037, 22.627765726172395], [-104.70592842971296, 22.626816016041605], [-104.70546197048725, 22.62594566117818], [-104.72404755074047, 22.61477347754226], [-104.72361734782382, 22.613715784980627], [-104.72249181142472, 22.610518283723152], [-104.72250405609188, 22.607663059959616], [-104.72336363938406, 22.605795344653025], [-104.72345076870069, 22.60397617237208], [-104.72404134083737, 22.6029612387222], [-104.72470738866369, 22.602199380735705], [-104.72502327208245, 22.60074781617877], [-104.72544296432362, 22.599882947838726], [-104.72586265127116, 22.599018078256655], [-104.72712080975653, 22.597609670179896], [-104.72830773799984, 22.5969383868437], [-104.72831660333979, 22.596330799196725], [-104.72833206979192, 22.59527078528839], [-104.72834572575036, 22.594334837101506], [-104.72833851727508, 22.592655381739423], [-104.72892991871025, 22.591870703177687], [-104.72872468877355, 22.59030550571177], [-104.72748250014084, 22.590608850048664], [-104.72664116874016, 22.59001252804181], [-104.72575467840458, 22.588541518835502], [-104.72486820677479, 22.58707050465492], [-104.7253705898308, 22.585744962234696], [-104.72587296314454, 22.584419417929634], [-104.72596893512642, 22.583705316333077], [-104.72606490607728, 22.58299121460601], [-104.72620414514147, 22.581747584395075], [-104.72620269795033, 22.580953090102334], [-104.72620125072343, 22.58015859573122], [-104.72557881199042, 22.579538801961164], [-104.72354217702026, 22.57860084436811], [-104.72234590645137, 22.57710773613255], [-104.72152115042908, 22.575590229330952], [-104.72114414853769, 22.574393871819847], [-104.72051522951055, 22.572254536017123], [-104.72013345241946, 22.56995319886718], [-104.72002056134912, 22.56964268739997], [-104.71990767077722, 22.569332175846636], [-104.71920920499613, 22.568298019796455], [-104.71896852154053, 22.56708985523577], [-104.71872784215923, 22.565881690176163], [-104.718745802759, 22.56431587271478], [-104.71859211755458, 22.56316504393764], [-104.71796569957236, 22.562522275629515], [-104.71662415175207, 22.560845200579745], [-104.71570163513923, 22.55958153356825], [-104.71544931089038, 22.55854607084667], [-104.71529837110747, 22.558016867526835], [-104.71481924904761, 22.55705138400998], [-104.71448332893681, 22.556729993306273], [-104.71414741038198, 22.55640860190405], [-104.71295777444459, 22.556412174297456], [-104.71207461269377, 22.55562035304015], [-104.71119146102812, 22.554828526960065], [-104.71042127425387, 22.554393242639673], [-104.70919232924152, 22.553878756501007], [-104.70796339343471, 22.55336426103474], [-104.70682275571109, 22.553206350676103], [-104.70605540801239, 22.553415892199297], [-104.70486449194433, 22.553584767713854], [-104.7036735730842, 22.553753634375038], [-104.70263263234976, 22.55390122727203], [-104.70174581085887, 22.554026962336362], [-104.70139998474649, 22.55428125785583], [-104.70069352716854, 22.554507919407506], [-104.69998706731673, 22.55473457782441], [-104.69944483049083, 22.554908544806928], [-104.69901078763306, 22.55504745950901], [-104.69789725559612, 22.55540383693893], [-104.69726687229983, 22.555605582049743], [-104.696659633837, 22.55559581043764], [-104.69605239548895, 22.55558603653353], [-104.69571108894242, 22.555635202410752], [-104.69445920925479, 22.555815531620286], [-104.69409572388268, 22.555867888591873], [-104.69307683886885, 22.556165457264044], [-104.69205794955919, 22.556463019421102], [-104.69083229229513, 22.55682095695779], [-104.69022649944121, 22.557162289424237], [-104.68962070362495, 22.5575036195606], [-104.68840910310539, 22.55818627284263], [-104.68762650675251, 22.558188549467904], [-104.68684391042396, 22.558190822284175], [-104.68536941686469, 22.558217936654376], [-104.68389492290777, 22.558245037497112], [-104.68206373877308, 22.558917795747846], [-104.68013453683595, 22.55892300422253], [-104.67940524421948, 22.559373992380433], [-104.67867594688548, 22.559824977150207], [-104.67721733806468, 22.560726936524556], [-104.67628145929027, 22.561287312692563], [-104.67534557299662, 22.561847683285308], [-104.67474494767727, 22.56220730795317], [-104.67420161676667, 22.562680848822197], [-104.67365828214866, 22.563154387783516], [-104.67271874345109, 22.563721026200973], [-104.67177919711929, 22.56428765899671], [-104.67095020778302, 22.564589206770076], [-104.67012121489148, 22.564890750214424], [-104.66736994211116, 22.56487510552], [-104.66703076927358, 22.559524982289798], [-104.66702452931463, 22.558234568067935], [-104.66696748701693, 22.556713864785248], [-104.6665497016112, 22.55575134012419], [-104.66603890903124, 22.55457451927584], [-104.66446115997479, 22.551585080316027], [-104.6639588069548, 22.550342773697686], [-104.66266183790162, 22.548181593454004], [-104.66193743719691, 22.54719357073574], [-104.66041604543933, 22.545563541471815], [-104.65986028765576, 22.543514833066066], [-104.65873680413345, 22.542090517442123], [-104.65862867880941, 22.54194875414679], [-104.65845765978388, 22.541724530076785], [-104.65831900512781, 22.54154273846356], [-104.65773802994408, 22.54078100919438], [-104.65737344665635, 22.537187628383712], [-104.65723383877938, 22.533939007077873], [-104.65721899446515, 22.530851182853564], [-104.65656111746992, 22.528180618883876], [-104.65628517734493, 22.527536543811056], [-104.65503160384273, 22.524799204134663], [-104.65480242327467, 22.52357877185999], [-104.65392309279318, 22.522038490745203], [-104.65280554350836, 22.521028718470397], [-104.65156075630526, 22.520111886857652], [-104.65021545656401, 22.518918840949496], [-104.64961733860211, 22.518345060796904], [-104.64926692709025, 22.517678136253746], [-104.64827417352876, 22.51758987785426], [-104.64827403757383, 22.51756675070462], [-104.64731358625703, 22.514597990722365], [-104.64671958687873, 22.509622876938217], [-104.64674805544603, 22.50515222453946], [-104.6475501557552, 22.50166949947543], [-104.64731559825987, 22.49927381629857], [-104.64464625325154, 22.496034973217824], [-104.64225235594033, 22.493325002990506], [-104.63901484271878, 22.490526113222693], [-104.63603006047504, 22.488717037687216], [-104.63399257993072, 22.48791824978537], [-104.63145825753082, 22.486936989844338], [-104.62745813165769, 22.48543114122724], [-104.62372758157012, 22.4831638099664], [-104.62019661973937, 22.48114909120277], [-104.61671819438442, 22.479756227218957], [-104.61395873087729, 22.47831469248585], [-104.61166739647699, 22.476133907027144], [-104.61009757114562, 22.47448043025592], [-104.60805235343348, 22.47186095806795], [-104.60605313688583, 22.46843465990937], [-104.60367579414952, 22.463581037275286], [-104.60283817018924, 22.459205729589314], [-104.60196763112229, 22.452963917702508], [-104.6016976598127, 22.44798743270624], [-104.60533429975162, 22.44462046693623], [-104.60440291344278, 22.443449376222457], [-104.60325126673997, 22.441199730425396], [-104.60267876429627, 22.43986812151952], [-104.60210230306991, 22.438784650007705], [-104.60128574202074, 22.437863321155003], [-104.60116833491202, 22.437778967074774], [-104.59999162287149, 22.437100847928722], [-104.5989310018705, 22.436589789216335], [-104.59823320351266, 22.435670087657595], [-104.59789557536234, 22.434507174183175], [-104.59803418577432, 22.43326812033952], [-104.59852764575946, 22.432116708224484], [-104.59830874811509, 22.430955437974347], [-104.5976202610763, 22.429456741369176], [-104.59645159416714, 22.42828231793044], [-104.59588451442362, 22.426619831802842], [-104.59494934441591, 22.425696826431142], [-104.59436769035909, 22.424944179873794], [-104.59439158482083, 22.42345534261942], [-104.59464362188585, 22.422548788814773], [-104.59408056863325, 22.42063815619257], [-104.59398442228593, 22.419230385476602], [-104.59506347144352, 22.41858349013177], [-104.59440295165652, 22.415347800230933], [-104.59443878739721, 22.41311454154282], [-104.59362640782864, 22.411945034105692], [-104.59232327027426, 22.411761494190458], [-104.59054397392718, 22.41165406396503], [-104.58935556107689, 22.411720288329665], [-104.58864863372885, 22.41137953796242], [-104.58783764402946, 22.410127288834126], [-104.58750016089567, 22.408964352178504], [-104.58716800887464, 22.407470561819704], [-104.58635039529904, 22.406631871339624], [-104.58529138769708, 22.406038012144453], [-104.58470720063804, 22.405450757431325], [-104.584367088272, 22.404453240564088], [-104.58426971515108, 22.40312817612426], [-104.58393094449931, 22.40204794495333], [-104.58323341462876, 22.401128178819267], [-104.58229716300431, 22.40028781439033], [-104.58005925460611, 22.399181094371443], [-104.57888965018992, 22.39808925879874], [-104.57795879174542, 22.39691801690089], [-104.57738269521408, 22.395834457014455], [-104.576091770585, 22.39490636993011], [-104.57396867409265, 22.39404936524692], [-104.57278844321978, 22.393619191362927], [-104.5701892790138, 22.392838204996803], [-104.56746876794139, 22.39222093824537], [-104.56509628868568, 22.392104905092346], [-104.56343595946925, 22.39199884732158], [-104.56224635878128, 22.392147587950962], [-104.56069798888026, 22.39245673571619], [-104.55951781395827, 22.392026465767408], [-104.55893918542809, 22.39110826793523], [-104.55896614037648, 22.38945400965189], [-104.55934107126997, 22.388301042176852], [-104.55935858825741, 22.387225773861374], [-104.55937610482133, 22.386150505397037], [-104.558912142878, 22.385482117054355], [-104.55832006455395, 22.385391046395316], [-104.55759986281713, 22.385877291917957], [-104.55663958609152, 22.386525614122107], [-104.55544462677281, 22.387005157050996], [-104.55245313858411, 22.388452113497028], [-104.55174236483941, 22.38835934251547], [-104.55151310239218, 22.387859712280562], [-104.55129465923406, 22.386698379236638], [-104.55142957072555, 22.385707502269113], [-104.55144579573549, 22.384714948290576], [-104.55087130723214, 22.38354858360276], [-104.55030088624656, 22.382134078340325], [-104.54996377998927, 22.3809710653713], [-104.54939067189527, 22.3797219824889], [-104.54905899206105, 22.378228116062257], [-104.54860728783818, 22.37681528294901], [-104.54790876181268, 22.37597808022272], [-104.54661144420645, 22.37546332601738], [-104.54484349964288, 22.374693697781677], [-104.54343702633254, 22.3735982472059], [-104.5426158021599, 22.373007477959163], [-104.5413158165602, 22.3726581074776], [-104.54014130368047, 22.371896847795295], [-104.53920686689234, 22.370973525549665], [-104.53874712909669, 22.370056942291882], [-104.53853833263325, 22.368316602323883], [-104.53832138428629, 22.36707253849801], [-104.53774299629536, 22.366154266066555], [-104.53680997347597, 22.365148217467876], [-104.536458052612, 22.36489501703714], [-104.5351649645519, 22.364132034537054], [-104.53362774821785, 22.36377922660487], [-104.53208508767376, 22.363757254997918], [-104.53089842624468, 22.36374034376457], [-104.52972268088949, 22.363061722566123], [-104.52879383165951, 22.361807490732417], [-104.52761811284395, 22.361128854545306], [-104.52608094975692, 22.360775975723847], [-104.52512890785245, 22.360927837781283], [-104.52395184683748, 22.360331887928346], [-104.522656133451, 22.359734232154157], [-104.52123629184402, 22.359465717808387], [-104.52028288425821, 22.359700263989023], [-104.51932399152902, 22.360265654485808], [-104.51814010553537, 22.36008322530732], [-104.5175618792461, 22.359164882789194], [-104.5174528185372, 22.35858419415464], [-104.51734787358956, 22.357755367969784], [-104.51641642650658, 22.35666649184812], [-104.5158395977615, 22.35566543076134], [-104.51585332238464, 22.3548383059353], [-104.51538280789207, 22.354583357999907], [-104.51443766429136, 22.354321595495918], [-104.51373808130523, 22.353566960948946], [-104.51327856645733, 22.352650307315102], [-104.51258586952477, 22.35148210557928], [-104.5117759045193, 22.350229483135976], [-104.51060999462037, 22.348971738490217], [-104.51014363650302, 22.348468638332836], [-104.509571013536, 22.34721941796671], [-104.5084037715786, 22.346044370228434], [-104.50698134304929, 22.345941158269618], [-104.5015151452132, 22.346358734725356], [-104.5009025569916, 22.347508141480425], [-104.50017268762195, 22.34857311952197], [-104.49873503450284, 22.349379669379083], [-104.49765885853303, 22.349860504862555], [-104.49646678903471, 22.350174192167003], [-104.49574240900638, 22.35090830043594], [-104.4949062901615, 22.351227126955525], [-104.49347827928634, 22.35145464412218], [-104.49181711403465, 22.35143057258499], [-104.49027321681655, 22.351490917225604], [-104.48908528253634, 22.35155641353378], [-104.48813187922916, 22.35179077065619], [-104.48718541934694, 22.35161156227942], [-104.48636456532948, 22.351020512688915], [-104.48578380567288, 22.35026748411353], [-104.48579214616201, 22.349771212382308], [-104.48556457149247, 22.349188779734472], [-104.4846153512168, 22.349174980575224], [-104.48354469600277, 22.34932487371412], [-104.48293612371246, 22.350226073401757], [-104.4823136218981, 22.351954389262804], [-104.48384778709074, 22.35247310392336], [-104.4852688699659, 22.352659231785335], [-104.48870155042718, 22.353205486891945], [-104.48962859256983, 22.354542654473477], [-104.49078880717401, 22.3561313946545], [-104.49148272945358, 22.357216974049415], [-104.49182345443981, 22.358131966615435], [-104.49228561775328, 22.358883254288887], [-104.49275194453152, 22.359386404685353], [-104.4944104340316, 22.359575892419926], [-104.49547700400701, 22.3596740650218], [-104.49640553719004, 22.360928482699528], [-104.49579699456054, 22.36182973008069], [-104.4947627510695, 22.362542692446183], [-104.49252977799742, 22.36353104345966], [-104.49101716204552, 22.36374605679117], [-104.49005951468551, 22.364228559122786], [-104.48979428688295, 22.364541885238452], [-104.48927605699473, 22.365142545488816], [-104.48922720856869, 22.36532704555588], [-104.48907964471647, 22.365627049470685], [-104.48856094151519, 22.366089395819035], [-104.48841443087396, 22.3667120050846], [-104.48839229787966, 22.367426430945013], [-104.48852027145101, 22.368555176699168], [-104.48869812768555, 22.369775955140394], [-104.4891231965506, 22.37083472184836], [-104.48942281730898, 22.37145602898265], [-104.49006826017391, 22.371776781711123], [-104.49108473483535, 22.37188902084758], [-104.4921522561108, 22.372415891746257], [-104.49230109261643, 22.372461618815546], [-104.49299561495152, 22.372643933048906], [-104.49329328978264, 22.37273520484067], [-104.49354257685378, 22.373126161730156], [-104.49366746319804, 22.373402359199055], [-104.49384233306286, 22.37377049790167], [-104.49399280845068, 22.374277050697675], [-104.49409316285683, 22.374622461568897], [-104.49382222237168, 22.375061025983296], [-104.49320421163793, 22.37550067152873], [-104.4926112853485, 22.37598637610178], [-104.49051123931719, 22.377766874171076], [-104.48868266971854, 22.379247010113613], [-104.48678066547636, 22.380980835717587], [-104.48488068301498, 22.383313684697438], [-104.4843661164776, 22.384951343550952], [-104.48454327343052, 22.38598773904268], [-104.48514470496248, 22.38782950518325], [-104.4858684042112, 22.38921002369471], [-104.48646530294845, 22.389807436617325], [-104.48666505515162, 22.39019860754372], [-104.48728707598377, 22.390888152969705], [-104.48803200981823, 22.39125467040185], [-104.48941731476594, 22.39053624438007], [-104.49136837083269, 22.388617982216783], [-104.49373650283971, 22.38554619208617], [-104.49385606347086, 22.38437061763964], [-104.49432492919472, 22.383816225136638], [-104.4949427518473, 22.38333041221271], [-104.49514030950992, 22.383122434959013], [-104.49541160975897, 22.382776016345076], [-104.49578254917026, 22.3825444582654], [-104.49607966188607, 22.382474467424135], [-104.49667409501626, 22.382357521308343], [-104.49687202603766, 22.382287762459292], [-104.4972692538051, 22.382470940991375], [-104.4975419436634, 22.382493198539436], [-104.49756904641481, 22.383115270204467], [-104.49779477976514, 22.38385205730419], [-104.49784795492317, 22.384842704544166], [-104.49745891344622, 22.38689482235265], [-104.49680823925364, 22.391920188698574], [-104.49679517431873, 22.395146347963273], [-104.49744529138268, 22.396688384591087], [-104.4901562117881, 22.402977661263936], [-104.48585164282588, 22.40446487480754], [-104.48152143601845, 22.40742704536107], [-104.47790776537144, 22.408935187958026], [-104.47085843621456, 22.412457479558263], [-104.46608209818525, 22.415581815667466], [-104.46321557923947, 22.41821662603169], [-104.45962859390283, 22.42041562026682], [-104.44618707931093, 22.426281680271245], [-104.440315881636, 22.42758743294563], [-104.4372704398307, 22.428770583762645], [-104.4346222276202, 22.430160044661235], [-104.43172932880378, 22.432563912055826], [-104.42702610251656, 22.434834116232857], [-104.42330983784296, 22.43564992149645], [-104.41882653307198, 22.436974556521914], [-104.41372226384289, 22.43797791883964], [-104.40998270993, 22.439323523016242], [-104.40592888732277, 22.443388859473636], [-104.40352448403823, 22.44357891800601], [-104.40216142136875, 22.442867671141016], [-104.39866477744474, 22.443521231914968], [-104.39571515967302, 22.443804629182086], [-104.39305910726588, 22.44272777751892], [-104.38975959957511, 22.44204404070635], [-104.38557472811824, 22.443873947115986], [-104.3827990156071, 22.444271956168564], [-104.37438106274267, 22.44857665450944], [-104.37113600849106, 22.44966679291018], [-104.3654362504397, 22.450762048196957], [-104.36134816187969, 22.451876765311415], [-104.35902140199512, 22.45241161502771], [-104.35763846011105, 22.454534460213765], [-104.35436163036945, 22.453066505412824], [-104.35234602270612, 22.451273395001724], [-104.34921512779992, 22.448699022320735], [-104.34663301573666, 22.446353713830216], [-104.34551380866355, 22.44499647277664], [-104.34178719958555, 22.442999261462973], [-104.33918067073803, 22.440723117179367], [-104.33617632508992, 22.438977768098333], [-104.33158211313877, 22.43688985107435], [-104.32927437693684, 22.435073790996135], [-104.32694438959233, 22.435239531747207], [-104.32709578838272, 22.437313237198342], [-104.32680376058896, 22.439571978675055], [-104.32529734085182, 22.44201734332833], [-104.3236874179375, 22.442688675766874], [-104.32294251389892, 22.44225220788968], [-104.32239597349547, 22.441792449350586], [-104.3217005872253, 22.441286805009913], [-104.3209091167703, 22.44209470249097], [-104.32011856106166, 22.44327135439948], [-104.32001857219582, 22.445508253437403], [-104.30399239629956, 22.437777686147616], [-104.30341623859628, 22.43718618192493], [-104.30296320544925, 22.436432647691262], [-104.30209434366424, 22.43571028497615], [-104.30181091462657, 22.435249630235838], [-104.30077479820501, 22.434151927856774], [-104.3018827354756, 22.43228967389034], [-104.30249132695535, 22.431471906374632], [-104.30369799001325, 22.43041531342451], [-104.30479641356334, 22.42877790224678], [-104.30576411036085, 22.427800282280103], [-104.30684601291632, 22.427072634816945], [-104.30806458137563, 22.425354348881967], [-104.30916440936468, 22.423634197377083], [-104.31024626194808, 22.422906525502707], [-104.31144830726835, 22.422097992236992], [-104.31170964152265, 22.4207783809663], [-104.31196798135956, 22.419624183771674], [-104.3115066076499, 22.418872403760087], [-104.3116417558585, 22.417964475550864], [-104.3113020836807, 22.417049133420527], [-104.31048012382051, 22.416539911689522], [-104.30977687370569, 22.41603254062834], [-104.30919233196998, 22.415527021754233], [-104.31027412038235, 22.414799347379162], [-104.31089454472979, 22.41331988368518], [-104.31021523536744, 22.41148919534933], [-104.30686278125245, 22.406472940631698], [-104.30617157520197, 22.405303895432546], [-104.30631872206467, 22.40373431117098], [-104.3071825067196, 22.401927743308413], [-104.30840233887777, 22.40012673633301], [-104.30890552004794, 22.398562713531685], [-104.30941168038427, 22.396833273393426], [-104.30896086207906, 22.395502533071177], [-104.30792111540038, 22.39391439187596], [-104.30677168977725, 22.391828142456895], [-104.30538493532825, 22.389738170676097], [-104.30469981240479, 22.38823828890525], [-104.30424756640589, 22.386990243457927], [-104.30331761967409, 22.385900177458872], [-104.30168012486344, 22.384550825509965], [-104.30028001273001, 22.38320517965442], [-104.29935762670682, 22.381701554252853], [-104.29854942888335, 22.38044790852793], [-104.29798159275524, 22.379032569231054], [-104.29729509708848, 22.377615365011653], [-104.29375152562363, 22.376649653605508], [-104.29364488938889, 22.37598612858062], [-104.29247475161317, 22.375057686174188], [-104.29201663447049, 22.374140438068995], [-104.29215486685864, 22.37306710845754], [-104.2921759360959, 22.37190920448851], [-104.29231566935904, 22.370753166910564], [-104.29280838215776, 22.369768142728763], [-104.29317791210012, 22.3690293734119], [-104.29295562937212, 22.36819856666866], [-104.29285351535044, 22.36728691820745], [-104.29299323727858, 22.366130879124082], [-104.29361060361275, 22.36481688711609], [-104.29398913727883, 22.363581869702255], [-104.29401620183043, 22.362093133402873], [-104.29274256104412, 22.360335753447707], [-104.29100336599085, 22.358074650441758], [-104.2894789393613, 22.357057879197544], [-104.28770668118727, 22.35661630747702], [-104.2871360303623, 22.355366346324203], [-104.2880057698917, 22.35322903874148], [-104.28862914770657, 22.351584233188706], [-104.28841896895935, 22.350091759336774], [-104.28880202309902, 22.348608629212713], [-104.28733046116233, 22.344697073842575], [-104.2908897366459, 22.344753122954707], [-104.29185392097946, 22.343940979072105], [-104.29316198986565, 22.343796087380195], [-104.29444901732774, 22.344809093935385], [-104.29490706044034, 22.345726336383546], [-104.29535759775383, 22.347057116449434], [-104.29617759783964, 22.347649115296637], [-104.29866614832281, 22.347853638896527], [-104.29881179942046, 22.346366758862956], [-104.29861202047202, 22.34429533953536], [-104.29803831681144, 22.343210829449774], [-104.29723034280977, 22.341957177244527], [-104.2965470282357, 22.34037455254293], [-104.29587123762828, 22.33837838569803], [-104.29495368732906, 22.33662661214468], [-104.29414277209533, 22.33553836096297], [-104.29392804491027, 22.334294014034924], [-104.29383495969546, 22.332886115609885], [-104.29398064160155, 22.331399238115015], [-104.29353467210964, 22.32982032960077], [-104.29356773565401, 22.32800075548184], [-104.29418491803027, 22.32668675064534], [-104.29585020721095, 22.326464716915755], [-104.29689984301324, 22.32747397637221], [-104.29832638194502, 22.327330900767407], [-104.2983533819602, 22.325842155756668], [-104.2973082489487, 22.32458478140483], [-104.29638175921303, 22.32332926316592], [-104.29546279370045, 22.32166019969479], [-104.29514146376269, 22.31975232495831], [-104.29494627054483, 22.317432772532577], [-104.29534266969492, 22.315205244055825], [-104.29514597572103, 22.31296839877865], [-104.29434269984957, 22.31146660834813], [-104.29389227640966, 22.31013582287385], [-104.29285030240052, 22.308713005206254], [-104.29156661699719, 22.307534574217076], [-104.29039404273291, 22.30677154037159], [-104.28922750046013, 22.305677666119855], [-104.28829969877272, 22.304504811980717], [-104.2873824529542, 22.30275299655309], [-104.2867129832815, 22.300425958277103], [-104.28580180895557, 22.298343302065927], [-104.28570580512286, 22.297100811640046], [-104.28619979572558, 22.296033085040484], [-104.28762903322922, 22.295724678729613], [-104.28858235656797, 22.29549149805095], [-104.28930449313793, 22.294923745041245], [-104.28992156022467, 22.293609748355127], [-104.29053861547209, 22.292295748809384], [-104.29138383473556, 22.291481727018315], [-104.29128026865394, 22.29065277897556], [-104.29093049128063, 22.290316348980724], [-104.29094552445675, 22.289489266420624], [-104.2908479754109, 22.28832948492877], [-104.29087052493344, 22.287088860775608], [-104.29101467289682, 22.28568468548913], [-104.29209102271702, 22.28520522258903], [-104.29256989885106, 22.284964556156197], [-104.29258191648806, 22.284302889347323], [-104.29271402706999, 22.283560378495707], [-104.29296923227278, 22.28257160646806], [-104.29380536925781, 22.282253819612095], [-104.29393296719734, 22.28175943260733], [-104.29442233560813, 22.280939801229373], [-104.29490869680198, 22.280285585054862], [-104.29562922844202, 22.279800508616685], [-104.29600149274289, 22.278896301208835], [-104.29625666553704, 22.277907522628123], [-104.29686609168633, 22.277007035831133], [-104.29770818284561, 22.27635839335733], [-104.2987844388409, 22.275878883086964], [-104.2997450987571, 22.27523208923525], [-104.3002344099718, 22.274412438219446], [-104.30036646948467, 22.273669918954532], [-104.30144119943056, 22.27327309882973], [-104.30250545120614, 22.273455232411138], [-104.30404702831558, 22.273479365677932], [-104.30383677717406, 22.271986896321042], [-104.30373613889638, 22.27099253518781], [-104.30411430668092, 22.26975747113062], [-104.30472813039671, 22.26860882530115], [-104.30581625539209, 22.267467595117623], [-104.30654713833127, 22.266403504712102], [-104.30644349664782, 22.26557456196805], [-104.31148332815081, 22.26234398952989], [-104.312338673878, 22.260950884464247], [-104.3129613280038, 22.25930594898315], [-104.31357652153144, 22.258074556117162], [-104.3144243767609, 22.257094983975392], [-104.31562197465551, 22.25645178527996], [-104.31669355718448, 22.256220277410748], [-104.31776216317509, 22.256154180898225], [-104.3191775599861, 22.25658986675097], [-104.32184099895053, 22.25357017708654], [-104.32269173713283, 22.252425140328032], [-104.324021169263, 22.251039334145748], [-104.32522904749591, 22.249817095364868], [-104.32619681640882, 22.248756587833306], [-104.32752914047371, 22.24720533147071], [-104.32874139482634, 22.245734935592875], [-104.32912222990426, 22.244334382994317], [-104.3291562602178, 22.24243206077173], [-104.32906285556071, 22.24102415934558], [-104.32896797279169, 22.239698967366255], [-104.32899312517819, 22.238292902405323], [-104.32901975613197, 22.23680412745955], [-104.32891451897564, 22.236057903001516], [-104.328462506495, 22.234809908710737], [-104.32777340150601, 22.233558237945314], [-104.32732436727937, 22.232144821083267], [-104.32735249310494, 22.23057333594978], [-104.32761030991456, 22.229419074967907], [-104.32798074851753, 22.228597489945457], [-104.3287038597058, 22.22794683460346], [-104.32966109637367, 22.22746526806815], [-104.33038419406574, 22.2268146048297], [-104.33075756571755, 22.225827592895367], [-104.33077234706924, 22.225000494029615], [-104.33090714845433, 22.224092520438834], [-104.3312790309571, 22.22318821662902], [-104.33128789754, 22.22269195708232], [-104.33105968265978, 22.222192027533914], [-104.3305929107475, 22.221771136968968], [-104.33071884134837, 22.2213594227019], [-104.33084772710967, 22.220782288427117], [-104.33061656053623, 22.220447778130684], [-104.32991123948723, 22.22010592475182], [-104.33028607355847, 22.219036202794832], [-104.33089797596223, 22.21797015006995], [-104.33185661410099, 22.217405858178967], [-104.33281524466749, 22.21684156041182], [-104.33365090327982, 22.216523553897048], [-104.3340234450091, 22.216529314540786], [-104.33412504730839, 22.21653088547754], [-104.33470739835315, 22.217119018492024], [-104.33517859387604, 22.21729176719567], [-104.33601277537115, 22.217056458593323], [-104.33671809692244, 22.217398285639923], [-104.33742489597735, 22.217657399575803], [-104.33873027739631, 22.217594817974025], [-104.33944002705634, 22.217688502939087], [-104.34038685229893, 22.21778584138053], [-104.3405142228431, 22.217291408343478], [-104.3404030472851, 22.21687602923989], [-104.34029187234972, 22.216460650011573], [-104.34030512300028, 22.21571625814676], [-104.34090663232347, 22.21522913673402], [-104.34127106799164, 22.214738358173808], [-104.34116430720361, 22.214074848689815], [-104.34153903936475, 22.213005097533717], [-104.34191082316151, 22.21210076581061], [-104.34241143030955, 22.210619287483564], [-104.34231349237797, 22.209459516437636], [-104.34209555538139, 22.208380628828955], [-104.34151615054114, 22.207627101107075], [-104.34082411063801, 22.206540902528236], [-104.3402964347414, 22.205905923019085], [-104.3401276649033, 22.20570283205991], [-104.33942680986854, 22.20511288963408], [-104.33872596070744, 22.20452294429197], [-104.33839247878555, 22.20327680219071], [-104.33781311426472, 22.20252326181632], [-104.33734491139923, 22.202185100999007], [-104.33604557003838, 22.201916834084102], [-104.33355952286287, 22.201712943146262], [-104.33214462393227, 22.20127739214151], [-104.33348970305512, 22.19898167334584], [-104.33387182738694, 22.19749838709597], [-104.33483621266278, 22.19660323143439], [-104.33556207401185, 22.195787117643196], [-104.33640497092262, 22.19505554132694], [-104.33653528039584, 22.194395689186738], [-104.33654559770825, 22.193816716759184], [-104.33726996117224, 22.193083304850653], [-104.33763140346407, 22.192757952787506], [-104.33765055514993, 22.191682717690018], [-104.33697777616375, 22.189521268029864], [-104.33652730280309, 22.188190580555084], [-104.33702492727443, 22.186874534629894], [-104.33846620585875, 22.18582125236212], [-104.33942753704412, 22.185091486561898], [-104.34051619544094, 22.183867278987048], [-104.3410167086791, 22.182385797754396], [-104.34150103387493, 22.181814131004337], [-104.3427008051237, 22.181005286960055], [-104.34459984749685, 22.180869066746634], [-104.34566053291731, 22.181216325423538], [-104.34696264032615, 22.181319090667994], [-104.34898312360791, 22.18101922048808], [-104.35005994376321, 22.180456632133964], [-104.35031747284387, 22.17930232135452], [-104.35115726489252, 22.178736084660457], [-104.35187268781729, 22.178498867916794], [-104.35189172621176, 22.177423626596507], [-104.35023872713467, 22.170365907563042], [-104.35037187663622, 22.169540618401122], [-104.35145885429323, 22.16839904114279], [-104.35253117600134, 22.168084565977654], [-104.35408771674308, 22.167198376013584], [-104.35434372323056, 22.16612676668143], [-104.35460265073975, 22.16488973457885], [-104.35521705055727, 22.163658151103707], [-104.35631709682993, 22.161772138469807], [-104.35588552287714, 22.159366252739428], [-104.35557098751148, 22.157044892652458], [-104.35523891837856, 22.155716065749186], [-104.35539541171018, 22.153567390849574], [-104.35579617118623, 22.151008790423774], [-104.35629932212916, 22.14936182712919], [-104.35703211565459, 22.148132047694393], [-104.35776343601242, 22.146984975805427], [-104.35825924912346, 22.145751561507957], [-104.3588837463953, 22.14394097897553], [-104.3592639819534, 22.14254032459611], [-104.35964420963312, 22.141139668912114], [-104.35978602553044, 22.139818098495255], [-104.3607513058961, 22.138840058276536], [-104.36135095456477, 22.138435558763696], [-104.36267162679948, 22.13746294018644], [-104.3627065967478, 22.135477863052603], [-104.36273719402479, 22.133740920141413], [-104.36224103308135, 22.128272902644568], [-104.36261681873624, 22.127120370909154], [-104.36311251571964, 22.12588693622057], [-104.3638538604294, 22.124160848186552], [-104.36446508293272, 22.123094641090642], [-104.36520348536688, 22.121533969110885], [-104.36557340783824, 22.12071227572567], [-104.36643460393383, 22.118905269606056], [-104.36668896595252, 22.117916342128797], [-104.36695641091234, 22.116183007406327], [-104.3673364852169, 22.114782325830394], [-104.36747383541011, 22.113708877840537], [-104.3673844590565, 22.112052833419213], [-104.36764170795252, 22.110898479345728], [-104.36824993619025, 22.10999767822266], [-104.36873535087537, 22.109343205063258], [-104.36897950921549, 22.108933255909797], [-104.3689925833217, 22.108188848106572], [-104.36865322537291, 22.107273600261333], [-104.36854785573912, 22.10652738689345], [-104.36880217856796, 22.105538453764133], [-104.36928902733833, 22.104801266165847], [-104.36965597577212, 22.104144984345798], [-104.36979329598168, 22.10307153235972], [-104.37016749655687, 22.102001688757653], [-104.37077131500011, 22.101349012263512], [-104.37161200844925, 22.100699939900526], [-104.3723328039577, 22.10013177251383], [-104.37281671494037, 22.09955999736128], [-104.3731850830432, 22.098820994326804], [-104.37319668277532, 22.09815929691222], [-104.37285006903113, 22.09765761750754], [-104.37215539828729, 22.096736968745127], [-104.37158352518873, 22.095569983788646], [-104.37112429204744, 22.094735649025647], [-104.37066506420706, 22.093901313014346], [-104.37020729323024, 22.09298426358905], [-104.36950395027576, 22.092559876954724], [-104.36951121003878, 22.092146316169774], [-104.36976404593484, 22.091240091220246], [-104.37001252363302, 22.090582002267656], [-104.36933097281796, 22.088916932238575], [-104.3687518915844, 22.088163498503384], [-104.36817572163972, 22.087244638435553], [-104.36807181916967, 22.086415711165678], [-104.36832465299504, 22.08550948778653], [-104.36916816543616, 22.08469500035811], [-104.36965493791536, 22.083957808071858], [-104.3697806220492, 22.083546051049982], [-104.36979658907742, 22.082636216203557], [-104.36945873422138, 22.08163825623266], [-104.36936353784691, 22.08031305548223], [-104.36914556534822, 22.07923418685488], [-104.36892178823892, 22.07848616702703], [-104.36798748714185, 22.077727316230362], [-104.36728858395193, 22.077054784409132], [-104.36682943329082, 22.07622043770965], [-104.366724091882, 22.075474221117517], [-104.36626058928458, 22.074888009666573], [-104.36544183620585, 22.074296375913736], [-104.36497979680881, 22.073627448714653], [-104.36499579172597, 22.072717613940704], [-104.36513020227878, 22.071809586420162], [-104.36527333408203, 22.070405284941106], [-104.36506412954488, 22.06883013688201], [-104.36508157643391, 22.067837589234717], [-104.36533293919672, 22.067014080423768], [-104.36535474468316, 22.065773395472693], [-104.36490290973452, 22.064525481648804], [-104.36504748826135, 22.063038466646937], [-104.36531483156975, 22.06130512106483], [-104.3652284039239, 22.059483641488292], [-104.3650221199761, 22.057743066852563], [-104.3650482853719, 22.05625424329635], [-104.3645979349337, 22.054923615534754], [-104.36389915733884, 22.054251070410725], [-104.36343864235299, 22.053499426528667], [-104.36333478688579, 22.052670494090552], [-104.36346191348281, 22.052176027703098], [-104.36418248919011, 22.05160788783228], [-104.36478466046383, 22.051037937494865], [-104.3652713353156, 22.05030075304424], [-104.36587930846036, 22.049399948314296], [-104.36636742453398, 22.048580047658596], [-104.36733637935394, 22.047353804203148], [-104.36830096298007, 22.04637569224802], [-104.36938682907335, 22.045233952672188], [-104.36975506635996, 22.044494949588415], [-104.36953713840246, 22.04341607801133], [-104.36943760514757, 22.042339009751668], [-104.36945356258518, 22.041429170324534], [-104.36864224017381, 22.040423991035514], [-104.36806335316842, 22.039670555173355], [-104.36749898947001, 22.038089990683165], [-104.3674110881061, 22.03635121948084], [-104.36767398915177, 22.03486600067317], [-104.3682804275874, 22.034047896139636], [-104.36901104581861, 22.032900741896757], [-104.36938070184885, 22.03207902506918], [-104.36880764667197, 22.030994740679855], [-104.36835733428455, 22.029664120237737], [-104.36861876045384, 22.028261610976365], [-104.36957595142286, 22.02769705006277], [-104.37053168523147, 22.027215196189797], [-104.37089986750145, 22.026476187674945], [-104.37091001344947, 22.025897197588026], [-104.37056067792389, 22.025560939002006], [-104.37057662339535, 22.02465109739812], [-104.37058821987483, 22.023989394346366], [-104.37036161480486, 22.02340679911474], [-104.36942185871794, 22.022978811302515], [-104.36919090899836, 22.02264435314299], [-104.36955763559094, 22.021988059998833], [-104.36992580860762, 22.021249053004052], [-104.36993740740246, 22.02058734978998], [-104.36946971364674, 22.02024928614262], [-104.3685328822104, 22.019655867843216], [-104.36723803930919, 22.019222456148416], [-104.36593594394951, 22.01920259854339], [-104.36452128878538, 22.01885007271724], [-104.36370285918942, 22.018258434081837], [-104.36348355852542, 22.017262265854434], [-104.36349518639453, 22.016600563479958], [-104.36350245371497, 22.01618699946728], [-104.36221783773696, 22.01517455948276], [-104.36227164016618, 22.0121141857984], [-104.36195435137472, 22.009958227401455], [-104.36197034730061, 22.009048386178968], [-104.3625636197679, 22.00897471410495], [-104.36327816210613, 22.00873742158629], [-104.36387869792118, 22.00825018026641], [-104.3639092109076, 22.0065132092794], [-104.36416482081569, 22.00544155493249], [-104.36478276844981, 22.003961754316286], [-104.3658683295457, 22.002820025171374], [-104.3669509710465, 22.00184371433051], [-104.36791524061302, 22.000865591996334], [-104.36840752179175, 21.99979753697284], [-104.36878578984874, 21.998479537632033], [-104.36917129895782, 21.996747971388697], [-104.36980364754226, 21.994441016553317], [-104.36995243126405, 21.992705842104918], [-104.37021376413841, 21.99130332203586], [-104.37012874076171, 21.989399115860067], [-104.36979543424214, 21.988153010743964], [-104.36958047886371, 21.986908707390878], [-104.36971621347315, 21.98591795078222], [-104.37044511453445, 21.984853490615777], [-104.37117255642806, 21.983871740127487], [-104.37178454145278, 21.982722758650805], [-104.37239651643644, 21.981573774499054], [-104.37288290558143, 21.980836554689862], [-104.37301861042421, 21.979845793942317], [-104.37292631724526, 21.97835515289558], [-104.37236501797035, 21.976609171029292], [-104.37156271738625, 21.97510772603594], [-104.37075029628357, 21.974185271069803], [-104.36857888428595, 21.971529858723617], [-104.36942709331942, 21.969141846052423], [-104.36980818924118, 21.966088486637524], [-104.37007178329752, 21.962951402850713], [-104.37141128299993, 21.958419864827217], [-104.37332881146243, 21.95538088428475], [-104.37654137348461, 21.95293232076759], [-104.3792725500915, 21.95147064615292], [-104.38224004942373, 21.950011124319737], [-104.3847326180361, 21.94879499690408], [-104.38652449102048, 21.946580887949793], [-104.38867156565185, 21.94428742939726], [-104.39163811993528, 21.942910344685966], [-104.39483747880828, 21.941948455559007], [-104.3957934423431, 21.940717969064316], [-104.39746126957935, 21.939163554100986], [-104.39983325060513, 21.938193942040453], [-104.40279191802959, 21.937725404147375], [-104.4055218488769, 21.936345891881228], [-104.40977626696274, 21.93638481745658], [-104.41191383964266, 21.935165025556074], [-104.4150016107176, 21.933375515005206], [-104.42127933590307, 21.93169751709064], [-104.42590385522867, 21.929839102730142], [-104.42922087885857, 21.928877599260858], [-104.43395117760403, 21.928507083138726], [-104.43831883358042, 21.929124630444036], [-104.44280941348705, 21.92916481476788], [-104.4472999988735, 21.929204876500247], [-104.4519287894588, 21.926767416015196], [-104.45111294479017, 21.925355614459107], [-104.4502937739431, 21.92435688384546], [-104.45007281116055, 21.922454638237667], [-104.44973636200453, 21.920220881277533], [-104.44869227603189, 21.917815586023266], [-104.44729105842168, 21.915737587390176], [-104.4463625231057, 21.91366379002892], [-104.4446069026205, 21.911582609618307], [-104.4426170365447, 21.909251454835683], [-104.44122137563762, 21.906512485851852], [-104.44112813489485, 21.903454673269565], [-104.44079118966512, 21.90130351179938], [-104.44033071582392, 21.899812212750483], [-104.43951783049877, 21.898069894423312], [-104.44012541235467, 21.896009804620217], [-104.44013888692167, 21.89435750246415], [-104.43967911440794, 21.892783585829193], [-104.43993426659375, 21.890472476707064], [-104.44018806252782, 21.888326596726902], [-104.4391409870056, 21.886334315786062], [-104.43773750687448, 21.884586698039513], [-104.43610522486304, 21.881928182210945], [-104.43578326839918, 21.877959473110884], [-104.43629362447624, 21.87333725898621], [-104.43678773996315, 21.87069780744484], [-104.4379946193216, 21.867569012238548], [-104.4394242128197, 21.866094628362085], [-104.44072892870196, 21.865445329215273], [-104.44214503306198, 21.865623229141185], [-104.44321147794363, 21.865219645673363], [-104.44522488975359, 21.86457663561806], [-104.44711681881823, 21.864345626593742], [-104.4487658208751, 21.86493865050479], [-104.45006314378273, 21.865198047533823], [-104.4513624717422, 21.865209587669277], [-104.45242689078064, 21.865053790763287], [-104.45361541682038, 21.86415549328728], [-104.45445222998066, 21.86292358538886], [-104.45517556181333, 21.861112317119364], [-104.45554253437345, 21.85954575580875], [-104.45614108155259, 21.85855959372966], [-104.45697783961575, 21.857327671056037], [-104.45710855573665, 21.85575901585871], [-104.45712181996885, 21.85410670012307], [-104.45642443042813, 21.852695964204965], [-104.45620081930662, 21.851124174185667], [-104.4553820239991, 21.85012546794627], [-104.45421157630558, 21.848793155953953], [-104.45327935845154, 21.84721508258212], [-104.45223038779872, 21.845470724814884], [-104.45057892496766, 21.84520820165418], [-104.44928178065793, 21.84494881180506], [-104.44810742244222, 21.84411215226632], [-104.44716928320486, 21.843277587271402], [-104.44564064538123, 21.84243775640509], [-104.44281022833636, 21.841916781611115], [-104.44022477933682, 21.84032386770198], [-104.43964437390036, 21.839079350818547], [-104.439067344622, 21.83742175356602], [-104.43777838104661, 21.836170886958282], [-104.436135828321, 21.83483421823757], [-104.43543670997076, 21.833671243569608], [-104.4358004441108, 21.83251780240519], [-104.43486853203132, 21.830939628388567], [-104.43369775360773, 21.82968979074273], [-104.43241161303949, 21.82810842088495], [-104.42937046061196, 21.824528319743326], [-104.42889811351526, 21.82452406435472], [-104.42830632133706, 21.824683974468616], [-104.42760323689129, 21.824016661369214], [-104.42749262669028, 21.82310682455366], [-104.42702912307335, 21.82202856077922], [-104.4263274178928, 21.82119601118607], [-104.42622566142332, 21.819212170120284], [-104.42647950943771, 21.81706629447185], [-104.4267224701909, 21.816242268744908], [-104.42661527026108, 21.814919352276544], [-104.42815708631703, 21.81410703912571], [-104.42934600927659, 21.81312628949126], [-104.43030350745633, 21.81156509490197], [-104.43055117988801, 21.810162751693124], [-104.4293792476724, 21.80907811635435], [-104.42879973491586, 21.80775094556908], [-104.4284577339338, 21.80626066933984], [-104.42811506073195, 21.804853008109593], [-104.42775287912144, 21.804299873996502], [-104.427298757369, 21.803606319249575], [-104.42695949892283, 21.801785576398224], [-104.42555288731269, 21.800533553106813], [-104.4254409436961, 21.799788944630368], [-104.42521433776186, 21.798630190757688], [-104.42582030767647, 21.79673535600454], [-104.42595741150781, 21.794423177107692], [-104.42573216890999, 21.793099191491244], [-104.42503401038836, 21.791853557235868], [-104.42481694622991, 21.789538179248314], [-104.4258978254326, 21.787317142030126], [-104.4256746327589, 21.785745307541088], [-104.42497854977903, 21.78425182480659], [-104.42534767324943, 21.782437470940213], [-104.42642984724482, 21.78005119492631], [-104.42833900135541, 21.777589741436657], [-104.42918296196248, 21.775449165272192], [-104.42884170323298, 21.77387626947299], [-104.42767550092616, 21.772130694852212], [-104.427100217201, 21.770307818869696], [-104.42676917713489, 21.767495676047254], [-104.42750116651362, 21.76461049468409], [-104.42987410914489, 21.76314466420391], [-104.43130813135718, 21.76100938107165], [-104.43108558946669, 21.759354932182493], [-104.42991879557789, 21.757691988619065], [-104.42922347365719, 21.756115904371054], [-104.43005916544209, 21.754966711452767], [-104.43101422533013, 21.753653342400828], [-104.43091107614487, 21.751834720514623], [-104.43128206050362, 21.74977249362067], [-104.4326080295583, 21.74639688440078], [-104.43404251387874, 21.744178952265912], [-104.43546617693849, 21.743282871232957], [-104.43606705042964, 21.741966294439933], [-104.43655460459803, 21.740070341730668], [-104.43820819851828, 21.73991989913444], [-104.44045388972096, 21.739526862377215], [-104.4415214074435, 21.73887541386639], [-104.44224290122146, 21.7372293989161], [-104.44106877697978, 21.736475314635488], [-104.4398939942104, 21.735803838930956], [-104.43908601926033, 21.73356580352837], [-104.43743317114868, 21.73363363989852], [-104.43461030379254, 21.732451630737575], [-104.43261828205686, 21.73069867792876], [-104.4322865307421, 21.727969149043915], [-104.43111794007294, 21.726554062848503], [-104.430305417093, 21.724894302839832], [-104.42997507272625, 21.721999535291964], [-104.43070269032927, 21.719610017877045], [-104.43143771197522, 21.716311711694203], [-104.4326379348527, 21.713843806530303], [-104.43419748848038, 21.710718131266702], [-104.43492497545648, 21.708328589328197], [-104.43636642845975, 21.705201831570925], [-104.437443782251, 21.703311146853892], [-104.43839976560109, 21.701832484198317], [-104.43853251468853, 21.700015964462047], [-104.43948779406738, 21.69861991131149], [-104.43926858926883, 21.696552375609702], [-104.43869544784906, 21.69448167537498], [-104.43883891503008, 21.691343279495776], [-104.43814983514099, 21.689023670610315], [-104.43875782394855, 21.686798281187954], [-104.43936646352707, 21.684490271327686], [-104.44044294836667, 21.682682175514497], [-104.44115947453531, 21.681614469341238], [-104.44258447512217, 21.680470454360204], [-104.44330498174149, 21.67890703409663], [-104.44356362039275, 21.676100146368583], [-104.44441006429159, 21.67354636192848], [-104.4452564773837, 21.670992571753334], [-104.44468600967342, 21.668591416352477], [-104.4454130962696, 21.666201808086686], [-104.44506655569329, 21.665289866826512], [-104.4427181013278, 21.66394697631947], [-104.4419057774387, 21.662287265374363], [-104.44168591182864, 21.660302341784366], [-104.4418192373359, 21.658403191150498], [-104.44194788103782, 21.657082362634092], [-104.44408766381754, 21.65503584186643], [-104.44670050579822, 21.652828250484397], [-104.44860094629225, 21.651192659435505], [-104.45249646877102, 21.65081407480216], [-104.45462808091213, 21.649758825242237], [-104.45759054364288, 21.648049890449293], [-104.45737970953688, 21.644908329655067], [-104.45727033959704, 21.643833256317738], [-104.45669449142558, 21.642093075787578], [-104.45623263481698, 21.640849642133144], [-104.45553557306607, 21.639521505730784], [-104.45425149075957, 21.637857682168278], [-104.45332520704416, 21.63570127187038], [-104.45262819574087, 21.63437312352996], [-104.45193649393066, 21.632384028846264], [-104.45218228454831, 21.631146848007912], [-104.45266789777321, 21.629416046274358], [-104.45422144737073, 21.626868448865572], [-104.45577164283418, 21.624733925406698], [-104.45685339707047, 21.622182133585675], [-104.45957810729833, 21.620636300418422], [-104.46041604026364, 21.619073823217978], [-104.46067093009998, 21.616679970705857], [-104.46068669434098, 21.614697132861796], [-104.4623578562039, 21.612150486422053], [-104.46201264120023, 21.61107333844332], [-104.4620237929797, 21.609668827042658], [-104.46298216671195, 21.607776896264355], [-104.4666863992872, 21.601612589538046], [-104.46811431835981, 21.5999726129958], [-104.46930835324952, 21.598082704941216], [-104.4707381601091, 21.596194848113782], [-104.47134392921895, 21.59413453342132], [-104.4732400698724, 21.592911720932673], [-104.47525666963091, 21.591359438287764], [-104.47538947259504, 21.589460234643457], [-104.47539919278918, 21.58822095353519], [-104.47682817493242, 21.586415657382332], [-104.47860046080159, 21.585935323186764], [-104.47990503491916, 21.58495516272988], [-104.48038821797977, 21.583472117210658], [-104.47909980606269, 21.582386810676375], [-104.47756852062477, 21.58220825135608], [-104.47698553796782, 21.581376935558822], [-104.47770580822952, 21.579730710962863], [-104.47040830218255, 21.56322481303263], [-104.47134870286136, 21.563563526385508], [-104.47252485920309, 21.56390429177536], [-104.47370620947858, 21.563584097257092], [-104.4757100912354, 21.563601556285906], [-104.47724311862434, 21.56353227203483], [-104.47889079232554, 21.563877092957867], [-104.48066344070293, 21.56331411079598], [-104.48243865002301, 21.562420633025404], [-104.48362832538858, 21.561026318694985], [-104.48423568312838, 21.558718084316453], [-104.48343244049524, 21.555901888935654], [-104.48179836428892, 21.553822111418164], [-104.48074979816214, 21.55224314715894], [-104.47981976439654, 21.55058258049352], [-104.48018431796963, 21.549181123211113], [-104.48171847994924, 21.548946556128723], [-104.48173199792612, 21.547211552009365], [-104.48021010071096, 21.545876354171543], [-104.47822001916592, 21.544123950470883], [-104.4781157186068, 21.542387922256207], [-104.47871920707927, 21.540575418661525], [-104.47744926656192, 21.5371767618304], [-104.4762894763646, 21.53477055216215], [-104.47501446239924, 21.53203283108044], [-104.47360998384164, 21.530781220550445], [-104.47291261645938, 21.52953576628839], [-104.47268535119953, 21.528459659854246], [-104.47123677927144, 21.527500238525608], [-104.47005044990291, 21.52576683726308], [-104.46827693620772, 21.524780028796005], [-104.46603209456875, 21.523960260473956], [-104.46295623956021, 21.521736758831867], [-104.46189044473878, 21.520664775887766], [-104.46023563432077, 21.519842956498657], [-104.45893689056089, 21.51959907955632], [-104.45669674136775, 21.51653285877025], [-104.45569792121675, 21.517507259096686], [-104.45451267898264, 21.51899298004023], [-104.45391064095475, 21.522051373707868], [-104.45460811450053, 21.524534012813206], [-104.45389283006283, 21.526434352008785], [-104.45130225079265, 21.529304258623142], [-104.45000549508113, 21.529639445815906], [-104.44799901398916, 21.529480531638484], [-104.44564030381886, 21.529819144077774], [-104.44352192056638, 21.531397961956554], [-104.44317256997846, 21.53272284147336], [-104.44223438253711, 21.534380557630907], [-104.44058587431931, 21.535378678520594], [-104.43941049058857, 21.536706202410233], [-104.43894395017594, 21.53827964967913], [-104.43859482729127, 21.539687250592852], [-104.43693622155777, 21.537789667012145], [-104.4356342233044, 21.53663554010928], [-104.43445138289202, 21.535811961603994], [-104.43350313095311, 21.53457395966332], [-104.43420570954301, 21.532999778225218], [-104.43408429865697, 21.532007352912554], [-104.4332560569658, 21.531348108162234], [-104.43207298903756, 21.530441780159848], [-104.43136134394294, 21.529368486001157], [-104.43088654258527, 21.528542643787656], [-104.43088286639738, 21.52746711009927], [-104.43111545499276, 21.52647356407766], [-104.4313477571851, 21.52539728415359], [-104.43122665381037, 21.524487589826062], [-104.43122410658954, 21.52374298920313], [-104.43051334712591, 21.522917891646347], [-104.42909100659647, 21.521019487514195], [-104.42884911701566, 21.519282828686197], [-104.42917747052785, 21.518445702216656], [-104.42943396570666, 21.517791768779716], [-104.42966400691867, 21.516053622356726], [-104.42906986509932, 21.514814479493957], [-104.42776925547575, 21.51399122779387], [-104.42670201806429, 21.51262306816229], [-104.42587259625488, 21.511349678137073], [-104.42492652912712, 21.5106907632433], [-104.42398102878214, 21.51019731005], [-104.42232488880649, 21.508878720360734], [-104.42185187027097, 21.50854925377635], [-104.42102409299959, 21.507972684113522], [-104.41995871015543, 21.506900440601424], [-104.41971943916461, 21.505908369697956], [-104.42006810002698, 21.504335337888374], [-104.42053666539688, 21.50334107355949], [-104.4210071668167, 21.502925942169114], [-104.42230096240723, 21.501763640215277], [-104.42300349379876, 21.500189498942387], [-104.42653500788182, 21.49794462603037], [-104.42841939619271, 21.497028623092866], [-104.43007150342038, 21.497188881364035], [-104.43160734850463, 21.49784589915349], [-104.43432232278376, 21.498333683524507], [-104.43656458181577, 21.49857473252556], [-104.43939554146338, 21.498482921605554], [-104.44187201431917, 21.49822673837072], [-104.44446499347781, 21.497556466451698], [-104.44693589083975, 21.495728264545168], [-104.44881748822667, 21.49406742293104], [-104.45046399809627, 21.492655535073915], [-104.45151948190096, 21.490914634879058], [-104.45186894326154, 21.48967246149411], [-104.45257139392261, 21.48818091941965], [-104.45339415735457, 21.487350856558848], [-104.45339090122589, 21.48644078254783], [-104.45409747017813, 21.486107509145416], [-104.45610724068256, 21.485342563943515], [-104.45640817875332, 21.485682368346733], [-104.4576890197783, 21.487594036347936], [-104.4596859573752, 21.488355241762815], [-104.46274194480299, 21.489290974117928], [-104.46426244915341, 21.49070894443098], [-104.46459958837863, 21.49277753210168], [-104.4657627781567, 21.494688107086446], [-104.46645536468063, 21.496511928391076], [-104.46687406895953, 21.496158483391252], [-104.46746238528497, 21.4957428187699], [-104.46899290640755, 21.494910282878948], [-104.47028809030044, 21.494244003105017], [-104.47087730683091, 21.49407652832819], [-104.471585406075, 21.494156851796003], [-104.47205818782501, 21.494403445383398], [-104.4725294374687, 21.49423636706848], [-104.47276567565604, 21.494318295647737], [-104.47276690316525, 21.494649232127042], [-104.47300559819843, 21.49539303331461], [-104.47312479306184, 21.495723566718933], [-104.47347869364759, 21.495722357092504], [-104.47371309036974, 21.49530787966365], [-104.47418311047642, 21.494809860204743], [-104.47453700889572, 21.49480864829101], [-104.47524603886374, 21.495137158770795], [-104.47607273002295, 21.49538252702245], [-104.47713412036528, 21.495296142954096], [-104.47819612948622, 21.495375220445236], [-104.4789064120786, 21.496034652258377], [-104.48020467337089, 21.496195636792397], [-104.48102919862895, 21.495861841484345], [-104.48279745480805, 21.495524765343553], [-104.48421399687952, 21.495768042989518], [-104.48504259043018, 21.496509772541636], [-104.48528229285249, 21.497501759979826], [-104.48599167522315, 21.497912959711922], [-104.48658057527476, 21.49766269533893], [-104.48728618152954, 21.497081078900706], [-104.48811195857722, 21.49707818542388], [-104.48905507172657, 21.49690940509344], [-104.49023696917253, 21.497484397601603], [-104.49059277623621, 21.49797955735239], [-104.49095017125643, 21.498888387620728], [-104.49142585836681, 21.499879535457595], [-104.49225292293632, 21.500207558829395], [-104.49284214027166, 21.50004000667862], [-104.49343199330814, 21.500037920943207], [-104.49426065831702, 21.500779605798886], [-104.49426352896887, 21.501524214118245], [-104.49391471355528, 21.502849215409558], [-104.49350172903752, 21.518156704671256], [-104.4948062673286, 21.519889527168957], [-104.49635129136121, 21.52277977871654], [-104.50029012131988, 21.52498001280304], [-104.50241259174899, 21.5248329093715], [-104.50429369419433, 21.525427346363536], [-104.50677096212291, 21.525117963979454], [-104.50820081152558, 21.523064505943154], [-104.50950964086131, 21.521423132309693], [-104.5105871472414, 21.51920140606878], [-104.51201876219997, 21.516900051764967], [-104.51344970635675, 21.5146813037455], [-104.51428518439903, 21.51328375266431], [-104.51724665349613, 21.511243179949236], [-104.51834931219649, 21.51057524260084], [-104.52020617654448, 21.509450413253592], [-104.52361279774851, 21.51088374888768], [-104.52655120304475, 21.510564669517873], [-104.52723183668147, 21.51206787285187], [-104.52826221968006, 21.513825587072557], [-104.5297464151856, 21.51658542346113], [-104.53219935992324, 21.518118435010074], [-104.53536752076224, 21.519331933394582], [-104.53732981613923, 21.519577078631364], [-104.53843320472762, 21.51971491206555], [-104.5412813285317, 21.519099699233447], [-104.54697594972119, 21.517951974291726], [-104.55061995173324, 21.519007396825348], [-104.55259899699936, 21.520615062254453], [-104.55434799059158, 21.52188736907117], [-104.55658049789683, 21.522587603312292], [-104.55907879727134, 21.521717631250578], [-104.56122105885969, 21.520924568866462], [-104.56334781709195, 21.52095996056343], [-104.5646242931525, 21.522224298762673], [-104.56589151117295, 21.523985716702832], [-104.56726454913266, 21.526411873722157], [-104.56875270158119, 21.52900567772078], [-104.56919135267096, 21.530836184833905], [-104.56974663256211, 21.532751499899593], [-104.57099701767822, 21.53542420951318], [-104.57202809167752, 21.537181660588097], [-104.57329861200633, 21.53877732638587], [-104.57336586806059, 21.541513275427015], [-104.57321529650675, 21.543251128312054], [-104.57316746376259, 21.54581942087156], [-104.57359850279437, 21.548064155055314], [-104.57354604485238, 21.550880990603645], [-104.5737345725749, 21.55345319819365], [-104.57322327387328, 21.555516564598815], [-104.57295141332584, 21.557418151112937], [-104.572329622931, 21.559065314245256], [-104.57194418953455, 21.56071639445581], [-104.5722616935969, 21.56271062472132], [-104.57328062262987, 21.565130849232908], [-104.5741921939405, 21.56696917346093], [-104.5742718130823, 21.569042330067994], [-104.57330157800325, 21.570352226892307], [-104.5712706638427, 21.571478780632464], [-104.5693532765228, 21.572855814241898], [-104.56886039597266, 21.573924987082737], [-104.57023393789547, 21.576351113823844], [-104.5726913999753, 21.57771784786793], [-104.57479276383867, 21.57916152005486], [-104.57654727304183, 21.580185056617143], [-104.57864562978274, 21.581794376681213], [-104.5799135230222, 21.583555686814837], [-104.58034014754342, 21.586048940508704], [-104.58089269211347, 21.58812990731935], [-104.58098626835044, 21.589457426700893], [-104.58227887618301, 21.589893153321896], [-104.5852279694854, 21.59027334230769], [-104.58793144480643, 21.59114666929014], [-104.58884949962186, 21.592653521414856], [-104.58915041233132, 21.5955590439234], [-104.58981365970942, 21.59805616901264], [-104.59071950292345, 21.60022579379444], [-104.59150255123063, 21.602642010696414], [-104.59263875825144, 21.605146909226942], [-104.59424177170033, 21.60799097078423], [-104.59621484095862, 21.610012368206807], [-104.59867617618217, 21.611213030249296], [-104.6007920396679, 21.61191074864022], [-104.60010672007631, 21.615347286413616], [-104.60011046347832, 21.616841354913362], [-104.60059025515041, 21.618834858688807], [-104.60000008018527, 21.620161152739335], [-104.59881596821506, 21.621319666170013], [-104.59715867466464, 21.623140778960806], [-104.59621315891874, 21.624798005816107], [-104.59574326827446, 21.626788668383902], [-104.59598540824923, 21.628698465567613], [-104.59682110289557, 21.63061004253777], [-104.598371362276, 21.633436785418965], [-104.6003934195277, 21.63501987389728], [-104.60229597007367, 21.63627057166681], [-104.60431810982415, 21.637853613118487], [-104.60574607529165, 21.639185872448426], [-104.607530856966, 21.640768175999067], [-104.60919866148467, 21.643014142386914], [-104.6102729076282, 21.64525836097797], [-104.60968633285496, 21.64799574553746], [-104.60957208366028, 21.649738473130125], [-104.61076275972204, 21.651069995703434], [-104.61135810591978, 21.65173575383215], [-104.6127847670452, 21.652486928715266], [-104.6145684922631, 21.6535711364952], [-104.61623308090557, 21.654488976021895], [-104.61885124529977, 21.656820585653097], [-104.62004140758398, 21.657903032087365], [-104.62218299571525, 21.659569202463285], [-104.62385146166089, 21.661898026700605], [-104.62386119195831, 21.665550180852275], [-104.62327345957057, 21.667789588547848], [-104.62339750024815, 21.66978200873477], [-104.62423290029, 21.671361433551294], [-104.62423843257619, 21.673436519042696], [-104.62424307944025, 21.67517959045674], [-104.62425170870961, 21.67841672211697], [-104.62449385628292, 21.680160466073115], [-104.62426254946803, 21.682483885756177], [-104.62391159610148, 21.68447495404395], [-104.62427361015308, 21.68663405069103], [-104.62546516393404, 21.688131474858707], [-104.62712977081466, 21.68888320150298], [-104.62867407076064, 21.68905355487157], [-104.63128607242862, 21.688811868388232], [-104.6342545660902, 21.688654133807198], [-104.63627094005855, 21.687746691657736], [-104.63840719189193, 21.687254568262258], [-104.63971650614161, 21.688337202060392], [-104.64078970681113, 21.68991719567533], [-104.64044080367572, 21.692572326728357], [-104.63949646173589, 21.6946448033073], [-104.6379557515122, 21.69580260237154], [-104.63641342018688, 21.696379363797867], [-104.63606100157381, 21.697789433643692], [-104.63689646883779, 21.699285790368577], [-104.6385626398339, 21.70053542333329], [-104.64070137871184, 21.700873306183354], [-104.64248359188203, 21.70112718649397], [-104.64438597561562, 21.701879390051122], [-104.64533845732585, 21.702712001649928], [-104.64581960398802, 21.704871373629253], [-104.64499216513316, 21.706280174370136], [-104.64416447758485, 21.70760596732191], [-104.64321707265854, 21.708599419401832], [-104.64108075083823, 21.70917460254512], [-104.63930234533046, 21.710331759616615], [-104.63752368293865, 21.71140589393247], [-104.63645993825462, 21.71331201224701], [-104.63622853375261, 21.71555243823989], [-104.63765777932245, 21.71696742888811], [-104.63991599932889, 21.717471658352576], [-104.64217354186404, 21.717726847969004], [-104.6446688894564, 21.71806565557965], [-104.64526559563161, 21.719063305155082], [-104.64527072124812, 21.72088937302544], [-104.64539509858488, 21.722881768874707], [-104.64646791111564, 21.724212714344823], [-104.64789617020539, 21.725212602488682], [-104.64944370859828, 21.726378803960248], [-104.6518239849623, 21.72796223213322], [-104.65444046784637, 21.729048239984447], [-104.65717746086024, 21.730715542161345], [-104.6597945172074, 21.73196747237698], [-104.66181788808714, 21.7333008129672], [-104.66360273103527, 21.734301498478597], [-104.66491534274657, 21.73629696876028], [-104.66503975684842, 21.738206346859123], [-104.66397787467513, 21.740693658876598], [-104.66291546951628, 21.743014956942055], [-104.66125900637839, 21.74533469272913], [-104.65995529106421, 21.746410303535836], [-104.65853250955865, 21.74740258776549], [-104.65746972671863, 21.749640844363803], [-104.65783143072812, 21.751467848407046], [-104.65961935983938, 21.75346461138774], [-104.66057419813114, 21.75496115853959], [-104.66152857193735, 21.75629169452435], [-104.6622443637683, 21.75728959290942], [-104.66260469006382, 21.758618569041687], [-104.66308432540752, 21.760113859824525], [-104.66356470007162, 21.761858157415105], [-104.66451768391724, 21.762690659340507], [-104.6660623309904, 21.762694668230374], [-104.66819886084873, 21.76195316998041], [-104.67080965104378, 21.76088085074334], [-104.67330283023911, 21.760223201399615], [-104.67520340383207, 21.760062026287923], [-104.67663146399263, 21.760812660712375], [-104.67746645273425, 21.761893797330806], [-104.67770861355604, 21.763388447744692], [-104.67735642326335, 21.7647985971754], [-104.6766475090842, 21.766124842341114], [-104.67629454995802, 21.767285980446637], [-104.67653620565456, 21.768614625994562], [-104.67665904051617, 21.769942970789508], [-104.67749508591227, 21.771356117791417], [-104.67809399558746, 21.772934667637873], [-104.67821911179622, 21.775010035418973], [-104.6783437279887, 21.77691939720507], [-104.67930118291119, 21.779162860709658], [-104.68215393053391, 21.77941900772464], [-104.68381657358542, 21.77909113850599], [-104.68559983211345, 21.779344565571172], [-104.68762256200428, 21.78017957778002], [-104.68762667265909, 21.781507621360873], [-104.68763155394332, 21.783084672837425], [-104.68834791549989, 21.784165461573632], [-104.68977834749668, 21.785580005534722], [-104.69037770760423, 21.7872415131698], [-104.69038313523191, 21.7889845691458], [-104.69110291145317, 21.79114438015234], [-104.69288841168574, 21.792061751296938], [-104.6950330788237, 21.793809991980243], [-104.69527677727794, 21.79571962678751], [-104.69528487534255, 21.798292707441842], [-104.69505370498447, 21.80036719735771], [-104.69446675340932, 21.802689830958222], [-104.69495155845952, 21.805679072499977], [-104.69626445773062, 21.80742528237237], [-104.69852325276449, 21.807596716504225], [-104.70042601210325, 21.807933274533408], [-104.70161828668074, 21.809098141161705], [-104.70400129663469, 21.810929833738864], [-104.7064984111787, 21.81126772635762], [-104.70863922724409, 21.811687751174883], [-104.71042185610325, 21.811608904352212], [-104.71304165810933, 21.81310901017832], [-104.71292795170959, 21.81468578345413], [-104.71317191950821, 21.816595390089866], [-104.71234691609651, 21.8187515311272], [-104.71175826975258, 21.820493206207637], [-104.71105398237182, 21.823230631713876], [-104.71165373993803, 21.824892059131166], [-104.71379749142532, 21.826142042838704], [-104.71487142386364, 21.827389542296654], [-104.71582677379354, 21.828719764539834], [-104.71594974228236, 21.829965072826706], [-104.71619404670832, 21.831957674531637], [-104.71536599878843, 21.833200800552177], [-104.71465844837948, 21.834942209586366], [-104.71394924997716, 21.836185601250275], [-104.71395658775577, 21.838426663038646], [-104.71479529596635, 21.840420634150576], [-104.7161035628263, 21.84058964215562], [-104.71788709493698, 21.840676723383297], [-104.71967558033693, 21.842257826250957], [-104.72134604650154, 21.84408764782669], [-104.72277988571409, 21.846248926042982], [-104.72480599604988, 21.847747506755965], [-104.727544377347, 21.84891564177116], [-104.72992135220282, 21.848671905876472], [-104.73170245703086, 21.8480118184376], [-104.73573960601368, 21.846526615191046], [-104.73942201420101, 21.845621561208414], [-104.74239767900593, 21.846623957513657], [-104.74454347102979, 21.848288556054204], [-104.74609456301094, 21.849868870425457], [-104.74752708699481, 21.851531922549324], [-104.74856458770147, 21.852810015588826], [-104.74907941460901, 21.853444217984094], [-104.7520553100636, 21.854446441277634], [-104.75479315918119, 21.855365119415328], [-104.75705159926875, 21.85520375065324], [-104.75895126215765, 21.854460609817515], [-104.76013455098527, 21.852885979622776], [-104.76072185435517, 21.85089512729266], [-104.76142833150317, 21.848987514619356], [-104.76260914916013, 21.84674884586989], [-104.76462756058626, 21.846005876664535], [-104.7668867507127, 21.846093378833935], [-104.76902462669452, 21.845516596300833], [-104.77056561044354, 21.84427460067954], [-104.77246842072276, 21.844444328213847], [-104.77829175240863, 21.843874575140237], [-104.7800732007551, 21.843379967339708], [-104.7828066626548, 21.84313614652906], [-104.78565587073825, 21.842062477817134], [-104.78803264228276, 21.841817902324618], [-104.78981718797985, 21.842153213932985], [-104.79552243482347, 21.84183163921516], [-104.79900826415465, 21.84141650427649], [-104.80026296285706, 21.841267060860226], [-104.80538475349854, 21.84052117683925], [-104.80704555789882, 21.83961105529202], [-104.80858680544894, 21.838534705703577], [-104.81119600178624, 21.8369621653806], [-104.81380448244639, 21.835223577799592], [-104.81700431332995, 21.8327389242683], [-104.81842454315345, 21.831164264818007], [-104.82020303449033, 21.830005199048532], [-104.82186596286678, 21.82967594470546], [-104.82471797471597, 21.8294316229226], [-104.82685638782485, 21.829103094416205], [-104.82887253511194, 21.82794431951185], [-104.83136006917722, 21.82579024483737], [-104.8325430114535, 21.82438108763025], [-104.83384002692219, 21.821810069895154], [-104.83526099027769, 21.820484270072804], [-104.83596872432504, 21.81915734269677], [-104.83679119889194, 21.816834563134055], [-104.83761467622999, 21.81476078733589], [-104.8396322578563, 21.814016891736724], [-104.84200951733315, 21.814020542977], [-104.84426340291294, 21.81294494207114], [-104.84687209605613, 21.811454830352552], [-104.84852985796631, 21.80996326363031], [-104.85006207005061, 21.80689444735182], [-104.85028961969468, 21.804487711938023], [-104.84896927220714, 21.801414662091734], [-104.84765281958936, 21.799254634598302], [-104.84586414179971, 21.797840909246503], [-104.84443100316174, 21.796178695250266], [-104.84442267180542, 21.794186620896355], [-104.84560557301963, 21.792860365491688], [-104.84726906198445, 21.792779860210896], [-104.84833971962583, 21.793030466498337], [-104.85047438427326, 21.791954598833897], [-104.85733830297292, 21.78694364868164], [-104.85924542855231, 21.786489143056105], [-104.86043703965474, 21.787237859361174], [-104.86233956812109, 21.787489551210232], [-104.86388342893845, 21.787242704853316], [-104.86601645452454, 21.785834621734804], [-104.86755308211133, 21.783927676338035], [-104.86896938710541, 21.781688540862174], [-104.86939553084056, 21.77868429991375], [-104.86943027074054, 21.778369057850163], [-104.87275906958293, 21.778705568572203], [-104.87668278741954, 21.779208803046394], [-104.88025333844526, 21.780458512253116], [-104.88406051490095, 21.78145943744849], [-104.88727095588216, 21.781878508253186], [-104.89107111312343, 21.781302210043638], [-104.8947542852242, 21.78114069710322], [-104.89712987571869, 21.78089454281593], [-104.90022302407479, 21.78164523337236], [-104.90225275702544, 21.783722677375877], [-104.90439871670816, 21.785219210308654], [-104.90595396022255, 21.787462067250374], [-104.90703272944775, 21.78945536092946], [-104.90811152842183, 21.791448647191647], [-104.9124042302956, 21.79452453451126], [-104.91514469868419, 21.79602158073058], [-104.91633318360776, 21.796022865700913], [-104.91752166857671, 21.79602414390603], [-104.91953607912937, 21.79449162947521], [-104.92050479233339, 21.79601044681016], [-104.9208646070109, 21.796340542492402], [-104.92099076670814, 21.79692110149184], [-104.92053332926605, 21.79816933664313], [-104.92054869561444, 21.79933181554922], [-104.92068034502894, 21.800327545549475], [-104.92069351733382, 21.801323955781974], [-104.92035125061649, 21.802322406759853], [-104.91989159583068, 21.803404570928585], [-104.91932113107794, 21.805068652180754], [-104.91898103934656, 21.80623316808781], [-104.91946594130822, 21.807060792071102], [-104.92064967983582, 21.806970958557503], [-104.92124648977558, 21.807299692158207], [-104.92102489304456, 21.808463531159916], [-104.92068261148582, 21.80946198191666], [-104.92069578442303, 21.810458391048936], [-104.92106112533068, 21.811203656258304], [-104.92119608300487, 21.812448486665833], [-104.9213244541801, 21.81319511244475], [-104.92121584810285, 21.813943099733883], [-104.92087135895468, 21.814775482099705], [-104.92099753457019, 21.815356039846023], [-104.92148687163848, 21.816515793226845], [-104.92185442882517, 21.817427124226082], [-104.92175460947195, 21.818839383505534], [-104.92141120983719, 21.819754800468683], [-104.92107000186631, 21.82083628457116], [-104.92132675888773, 21.822329534684624], [-104.92111282570677, 21.824074609281414], [-104.91982251964167, 21.825078498728555], [-104.91851136055656, 21.82450473284303], [-104.91721007429238, 21.824678262240585], [-104.9142377737802, 21.823947876037586], [-104.9104196465854, 21.821976639110282], [-104.90968684171327, 21.82031999477835], [-104.9095443368894, 21.818493918038552], [-104.90835395290422, 21.818085467071484], [-104.90633739750021, 21.81793080228996], [-104.90494488130874, 21.820180757010032], [-104.90437961880755, 21.82225995268293], [-104.90440138709943, 21.823920633467118], [-104.90358169591457, 21.824672618246307], [-104.90312510635147, 21.82600383418109], [-104.9027989713261, 21.828247755154674], [-104.90283921038525, 21.83132001237967], [-104.9028805384865, 21.834475302388828], [-104.90303385069518, 21.837131720183212], [-104.90363944939926, 21.838124787717323], [-104.90518986996433, 21.83886340061674], [-104.90729502085657, 21.845743820495684], [-104.90499222065691, 21.85090531137021], [-104.90310895805702, 21.851912409545317], [-104.90147249392702, 21.853665456994843], [-104.90019590496898, 21.855748626393435], [-104.89926508468456, 21.85708248757701], [-104.89870393402066, 21.859493788433316], [-104.89801121635236, 21.86090934640632], [-104.89650178921522, 21.863325947290292], [-104.89558713836975, 21.865905290875933], [-104.89480723534983, 21.869729471170107], [-104.89460265446004, 21.87222180226036], [-104.89439698336918, 21.874631098749173], [-104.89453176737625, 21.875875940781395], [-104.89395097451592, 21.87679261573648], [-104.89288843227848, 21.877130695233937], [-104.89218367346224, 21.877632856225375], [-104.89184535089993, 21.878963371564133], [-104.89138307204274, 21.879879377511905], [-104.89103933172314, 21.88079472321462], [-104.89129155648138, 21.881955874463255], [-104.89118706505707, 21.88303596895857], [-104.89084655850232, 21.884200414320574], [-104.89026786934083, 21.88528314207423], [-104.88992410880755, 21.886198484765607], [-104.89017093124215, 21.88694446967634], [-104.89125301303949, 21.888101010546055], [-104.89257221517795, 21.889256224508795], [-104.89200108955835, 21.890920191532317], [-104.89131139640197, 21.892584815246018], [-104.89085555548034, 21.893999018311835], [-104.89064222272515, 21.89582706980926], [-104.89125879318199, 21.89765050994929], [-104.8924584416151, 21.898723349420447], [-104.89413559726816, 21.9000426365983], [-104.89830474481222, 21.901514047476798], [-104.90211176492343, 21.902489154013413], [-104.90366395981954, 21.90331081125952], [-104.90583296389397, 21.90595583839836], [-104.90772128144958, 21.90528085095388], [-104.912690060773, 21.9044222703431], [-104.91610978959562, 21.90299111346685], [-104.91799692338049, 21.90223297440268], [-104.91857766657535, 21.90131621729708], [-104.91999820732431, 21.90114200124115], [-104.92035938135238, 21.901555127784935], [-104.92107404621814, 21.901800146288622], [-104.92213011114445, 21.900963687316978], [-104.92282608463003, 21.899797134202956], [-104.92341778534409, 21.89971069149315], [-104.92494695786937, 21.898788451797312], [-104.92648822833581, 21.89877956268403], [-104.92968601769803, 21.89851195509606], [-104.93111203885881, 21.898752808757436], [-104.9324084550638, 21.898164007280123], [-104.93348543453897, 21.898905104685635], [-104.93466992161662, 21.89881517356389], [-104.93625769699125, 21.902293583773744], [-104.94000175950906, 21.898534927645542], [-104.94188204593877, 21.897278315156328], [-104.94282384338315, 21.89677455041918], [-104.94388641468807, 21.896436149634205], [-104.94410907587876, 21.895355325325156], [-104.94444695324525, 21.89402470395973], [-104.94550171225568, 21.893105060657657], [-104.94715702122087, 21.89276314728801], [-104.94773753973185, 21.89184628571031], [-104.94879560505821, 21.89117572040266], [-104.95056609009116, 21.89058397276118], [-104.95163417790206, 21.89066068723214], [-104.95256919777604, 21.889658667430442], [-104.95290586631423, 21.888244994472128], [-104.95359817609814, 21.88682920932486], [-104.95441460877558, 21.885827882345694], [-104.95571304967135, 21.885404962329904], [-104.95652498386097, 21.884071492035726], [-104.95745880715302, 21.88298641037133], [-104.95875945376129, 21.88272953246938], [-104.96041685390547, 21.882553551444758], [-104.9609882745556, 21.880972376510808], [-104.9628726372784, 21.88004765362271], [-104.96313404363582, 21.879917050381327], [-104.96522777558958, 21.87887096121747], [-104.96604070872993, 21.87762047594836], [-104.96760988186593, 21.879687030390674], [-104.96916333335228, 21.88059110588477], [-104.97072243993206, 21.881910332126687], [-104.97239673719052, 21.882979726848273], [-104.97430702407262, 21.883964633984508], [-104.97621507658852, 21.88478345281502], [-104.97693427674935, 21.885360361477794], [-104.97718268142053, 21.886189250086954], [-104.97743221998255, 21.88710117123912], [-104.97768176171195, 21.88801309191476], [-104.9776964671126, 21.889092520680304], [-104.9780656972179, 21.890086752260096], [-104.97855009004921, 21.890831162244638], [-104.97903901585956, 21.891907702505666], [-104.97987568447712, 21.892400842699278], [-104.98082071578895, 21.89214595888671], [-104.98140555017679, 21.89156111000066], [-104.98211119993525, 21.891141600494286], [-104.98352929454258, 21.89080076988198], [-104.98507161195592, 21.890874365118965], [-104.98615108167604, 21.891781184778196], [-104.9865169683314, 21.89252629846769], [-104.98806271751207, 21.892848964332075], [-105.00106518493986, 21.896236284112682], [-105.00674458455404, 21.89771547215897], [-105.0175091227216, 21.895903899212943], [-105.0180099042636, 21.89781064924991], [-105.01943375657422, 21.89788467272278], [-105.01968358415245, 21.898796528525654], [-105.0193440828773, 21.899961238691926], [-105.01983565747145, 21.901203721704086], [-105.01936834647121, 21.901704922662663], [-105.02009127263824, 21.90253073927036], [-105.02115717387376, 21.90244093752386], [-105.02246251183135, 21.902515687194644], [-105.02282861458181, 21.90326071914687], [-105.02319356348188, 21.903922717704262], [-105.0236747635199, 21.904417896103695], [-105.02462906405113, 21.90482702117349], [-105.02486271583898, 21.904576413493892], [-105.02616459698943, 21.9044020362931], [-105.02634650042758, 21.9046915156878], [-105.02652840460098, 21.90498099487055], [-105.02747807639695, 21.905057973496575], [-105.02972498525271, 21.90462841144506], [-105.02959480787374, 21.90379884551036], [-105.03017716735273, 21.903047759304158], [-105.03101175241555, 21.9033745739348], [-105.03114077534056, 21.90412110633563], [-105.03150808977176, 21.90494915122372], [-105.03267860763613, 21.90386212557328], [-105.03385609069822, 21.903273286100536], [-105.03644698547652, 21.902011022476284], [-105.03691190652923, 21.901343708255443], [-105.03677935957984, 21.90034808284189], [-105.03700832030397, 21.89976532803698], [-105.03818925081482, 21.899425554690268], [-105.03890877359657, 21.900002191473828], [-105.03963180361802, 21.900827922308938], [-105.04011888716984, 21.901738214793387], [-105.04107321664658, 21.902147244615183], [-105.04191366366814, 21.90288916588961], [-105.04252166931701, 21.903964748215625], [-105.04276814734227, 21.904627471058202], [-105.04372367316552, 21.90511951767064], [-105.04489878055914, 21.90436453465079], [-105.0456019660253, 21.903778689051574], [-105.04630631678302, 21.903275872752282], [-105.04749076921057, 21.903185129814982], [-105.04856369195241, 21.903593344551705], [-105.04962958295248, 21.90350335844173], [-105.05010617978357, 21.903666330247955], [-105.05082107705745, 21.903910785359745], [-105.0514056736132, 21.903325688824445], [-105.05138923780926, 21.902163236636042], [-105.05148901475343, 21.90083394532453], [-105.05229074967367, 21.89883574697983], [-105.05203014596698, 21.89717664985033], [-105.05249028052657, 21.89617716195885], [-105.05363471294284, 21.893263274256658], [-105.05326025107951, 21.891937083384715], [-105.05384713954611, 21.89151804223921], [-105.05467818382417, 21.89159564020161], [-105.05502796202688, 21.891178147960915], [-105.055122993745, 21.889516723152013], [-105.05785084359322, 21.889581862815533], [-105.0584365310554, 21.8890797728596], [-105.05915136966134, 21.889324192353172], [-105.05892133735234, 21.889823946124398], [-105.0584565560989, 21.890491323172565], [-105.05822887516402, 21.891157140632036], [-105.05871015308445, 21.8916522172602], [-105.05990511070134, 21.892308676199388], [-105.06133364788586, 21.89271446672668], [-105.06205322977982, 21.893291002710523], [-105.06275865170727, 21.892871147914114], [-105.06416239551065, 21.89153323540481], [-105.06497571921643, 21.890365296739922], [-105.06602021936482, 21.888780622898828], [-105.06718797735796, 21.88752728587245], [-105.06717378168833, 21.886530897977366], [-105.06810086609019, 21.88503002826421], [-105.06891767279406, 21.884111166420766], [-105.0702098363167, 21.88327218223168], [-105.0729019862308, 21.88084610259786], [-105.07383846805605, 21.880009458592635], [-105.07524910810983, 21.879169644178265], [-105.0767794616479, 21.87841205748972], [-105.07758904171449, 21.87699495814033], [-105.07744672504431, 21.87533510432206], [-105.07789947844049, 21.873837349227216], [-105.07847670585622, 21.872753960814226], [-105.07929694583741, 21.87208414365063], [-105.0804906434193, 21.87265742263343], [-105.08071700122372, 21.87190854090686], [-105.08140439772481, 21.870243120097594], [-105.08233241995286, 21.868825200438458], [-105.08314904344286, 21.867906266761743], [-105.08372501515638, 21.866739826992593], [-105.08430097753998, 21.865573385075137], [-105.08536178998911, 21.865151038546106], [-105.08619150434497, 21.865145445773642], [-105.08676982845365, 21.864145059861567], [-105.08652082962567, 21.863316335169657], [-105.08638319913752, 21.8619886162234], [-105.08660473379298, 21.8609075959286], [-105.08576668975185, 21.860331963720135], [-105.08611272049188, 21.859665307057487], [-105.08682268297838, 21.859577477927164], [-105.08777805869063, 21.860069272055515], [-105.08930933798436, 21.859394600518357], [-105.08960146779383, 21.859101983103194], [-105.08989359641346, 21.85880936516393], [-105.09047665393322, 21.85814109530588], [-105.09083821012288, 21.858553849951356], [-105.09119019583318, 21.85830234460379], [-105.09189536051856, 21.857882364041842], [-105.09248439145544, 21.85762924905858], [-105.09402161343993, 21.85736969569938], [-105.09760134192946, 21.85900615794607], [-105.0978335911927, 21.85867241353987], [-105.09830168849963, 21.858254020723106], [-105.0990128374322, 21.858249171463775], [-105.0996150729589, 21.85890938661769], [-105.09867767813928, 21.859663145974565], [-105.09845023236309, 21.86032902078162], [-105.09857716488855, 21.860909438824233], [-105.09905847977699, 21.861404399286627], [-105.09977565206424, 21.861814708136627], [-105.10014084951789, 21.862476538897194], [-105.10015046382476, 21.86314079706094], [-105.1003923292478, 21.863471307346547], [-105.10098858164528, 21.863716355679138], [-105.10109989685982, 21.863217352205517], [-105.10145428099722, 21.863131889624125], [-105.10228518575506, 21.863209248132218], [-105.10312451600417, 21.86386782808812], [-105.10336759314995, 21.86428136617457], [-105.10385013978801, 21.864859344553835], [-105.10456613859694, 21.86518660005935], [-105.10503664662863, 21.864934252854724], [-105.10550474318907, 21.864515839903515], [-105.10598368362744, 21.86484471539361], [-105.10598970957614, 21.865259876353313], [-105.10635132820609, 21.86567259637934], [-105.10682545170296, 21.865669340636234], [-105.10894211044473, 21.864492222631906], [-105.10999921927613, 21.863820621261798], [-105.11094624570629, 21.863731055317423], [-105.11237705847348, 21.864302469405054], [-105.11298179917736, 21.865128699143494], [-105.11347043486023, 21.86612180969543], [-105.11418767164776, 21.866532055337682], [-105.1147766983392, 21.866278860975196], [-105.11560520663848, 21.8661900880147], [-105.11620997385941, 21.86701630560371], [-105.11622329630659, 21.86792965834681], [-105.11706150619622, 21.86850513451105], [-105.11883586478268, 21.868243706657864], [-105.1202521919057, 21.867818667375904], [-105.12119438194735, 21.867396914404704], [-105.12262041227926, 21.86763611092352], [-105.12321793472132, 21.86796411047242], [-105.1245266571165, 21.86828714828703], [-105.12511932142537, 21.868283012990965], [-105.12583173523619, 21.86836107978519], [-105.1264183145876, 21.867941780002358], [-105.12664442522272, 21.86719283576342], [-105.12722977994042, 21.86669050109839], [-105.1281804681392, 21.86684993200714], [-105.12924359689673, 21.866593367506784], [-105.1304203756972, 21.866003837370638], [-105.13183054524528, 21.86516353903141], [-105.13266880104094, 21.865738935789125], [-105.13481701544272, 21.866720316229188], [-105.13648257006805, 21.867123787841813], [-105.1381456863369, 21.8673611788642], [-105.14063975823733, 21.867675717954057], [-105.14182630609731, 21.867750361170188], [-105.14290413537987, 21.868490090233575], [-105.14315592174142, 21.869484791251953], [-105.14364968872555, 21.870809937722772], [-105.14402615631224, 21.872218955115596], [-105.1455892302309, 21.873702587155886], [-105.14690297011494, 21.874357573272576], [-105.14963917996238, 21.875002415673098], [-105.14910923194824, 21.879241252475534], [-105.14936846333246, 21.880734131931813], [-105.15129101253991, 21.88246426749527], [-105.15391501724832, 21.883525041050934], [-105.1567687437688, 21.88408588352491], [-105.16034242638038, 21.88522278184419], [-105.16735396999442, 21.902195449087888], [-105.16892009662564, 21.903844913187907], [-105.17009878546993, 21.90517183179752], [-105.17844866128156, 21.91457081638137], [-105.1806116576611, 21.916464926671246], [-105.19319618533756, 21.93146442309646], [-105.20001731412805, 21.939592787472108], [-105.20090116301661, 21.9406459321733], [-105.21258274740067, 21.944461484458234], [-105.21226753122943, 21.947121122639693], [-105.21095155970104, 21.94638364069378], [-105.20951447341498, 21.945480976069195], [-105.20772668056024, 21.944913081610107], [-105.20535350979247, 21.944847777695017], [-105.20321879395469, 21.94486370214803], [-105.20013531425383, 21.944886655187915], [-105.19811919210471, 21.94490163166772], [-105.19491208368405, 21.944593245310042], [-105.19171880272097, 21.945198131350985], [-105.18840564402443, 21.945720798282398], [-105.18593265749082, 21.946901544615567], [-105.18323619393928, 21.948997328808137], [-105.18198161458024, 21.952328109108898], [-105.18073697416798, 21.956323122699775], [-105.1793661633079, 21.959820809522405], [-105.17772936100332, 21.961410515053796], [-105.17419350467158, 21.962930993886367], [-105.17089604061285, 21.96453270608074], [-105.1690069479645, 21.965127679973573], [-105.16737369526646, 21.96696637393369], [-105.16547835106793, 21.96714615474864], [-105.1633346162162, 21.966580349336922], [-105.1617926362287, 21.966591460343246], [-105.16050645364876, 21.967846309537318], [-105.1593425765072, 21.969349388021982], [-105.15685163639243, 21.969367269103827], [-105.15493648957377, 21.968218438419058], [-105.15361691319505, 21.96723140639394], [-105.15049966707818, 21.965011602281212], [-105.1492337533728, 21.964264001023206], [-105.14832316360624, 21.963972354857468], [-105.14781724512744, 21.96377468540604], [-105.14763272261925, 21.963770003006832], [-105.14734591507698, 21.963782837253444], [-105.1470991134636, 21.963756461099443], [-105.14651269940599, 21.96396454538881], [-105.14596691430225, 21.964342413472732], [-105.14536079544706, 21.965069411676875], [-105.14562529741492, 21.966569270888034], [-105.14602681213071, 21.96736854874592], [-105.1460587821055, 21.969527347883943], [-105.14608829389196, 21.971520085068263], [-105.14540240008824, 21.973268785157035], [-105.14314739975565, 21.973201743184195], [-105.13980766100714, 21.971979787713355], [-105.13867893893254, 21.971997503271538], [-105.13731667070103, 21.971997372718093], [-105.13556798072803, 21.974085680291353], [-105.13429128235744, 21.976004570802864], [-105.1325315023507, 21.97734556854133], [-105.12968210708478, 21.97719947528125], [-105.12745910724058, 21.97605683804236], [-105.12633507878877, 21.97547906114966], [-105.12438995868798, 21.97402719915106], [-105.1230857342858, 21.97305368005851], [-105.12225695596716, 21.972435038316], [-105.12010116364452, 21.971038358736408], [-105.11929918667592, 21.97062606333429], [-105.11723249944761, 21.969563552716096], [-105.11560430343278, 21.9690249006265], [-105.11415084454204, 21.968544039264344], [-105.11329877514092, 21.968262133685396], [-105.11055610484654, 21.967284577385264], [-105.1099721445351, 21.96685721704306], [-105.10875755347465, 21.96596832652983], [-105.1078994857109, 21.96406431852866], [-105.10727745535196, 21.96207564499226], [-105.10653321372862, 21.959838689119735], [-105.10663492992447, 21.958675437638814], [-105.1073176090026, 21.95667780070084], [-105.10834762978796, 21.95409649555617], [-105.10937761355366, 21.951515183310153], [-105.10968871233295, 21.948440576287258], [-105.10930633750999, 21.94661633613287], [-105.1092287215063, 21.946493263612314], [-105.10890420635724, 21.945978690498958], [-105.10833823563134, 21.94529436107265]]]}}, {"type": "Feature", "properties": {"id": 13, "entidad": 18, "distrito_l": 13}, "geometry": {"type": "Polygon", "coordinates": [[[-104.47052645257418, 20.817867583549127], [-104.47216828394494, 20.818616769304363], [-104.47392793724491, 20.81928372393886], [-104.47580701899852, 20.819455360752247], [-104.47698184863124, 20.819459352559168], [-104.47744985666648, 20.819956646833308], [-104.47709483976406, 20.82061638406455], [-104.47673789333594, 20.82177182008702], [-104.47673371932838, 20.822845835880113], [-104.47778916671145, 20.82334512329039], [-104.47884878041069, 20.822770388284237], [-104.47990583136092, 20.822856579639318], [-104.48107781962688, 20.823604093754387], [-104.48130960607584, 20.82443105211412], [-104.48400387671516, 20.826505553027218], [-104.48458371460812, 20.828490322125404], [-104.48481299288173, 20.82997820892372], [-104.484689481138, 20.831547531158574], [-104.48527092875798, 20.833119214329532], [-104.48655893740786, 20.83428016865302], [-104.48878976277273, 20.834700693964518], [-104.49031625663716, 20.834953619249678], [-104.49207336605053, 20.836363941983194], [-104.49300896319359, 20.83752368249297], [-104.49417863567385, 20.838932014973004], [-104.4948848717139, 20.838603898456874], [-104.49688420275375, 20.838114762399805], [-104.49864512344561, 20.838533618538417], [-104.50028824725936, 20.839034690429063], [-104.50110704098351, 20.840028771306404], [-104.50192861389161, 20.840279297594225], [-104.50214237354704, 20.84138791790834], [-104.50325914646163, 20.8418871742156], [-104.50319995292598, 20.84234358666486], [-104.50243382049308, 20.84433462261227], [-104.50196225521334, 20.84566202258258], [-104.50284388681557, 20.84611951335458], [-104.50408388444025, 20.84665747860892], [-104.50466607466183, 20.846910053823358], [-104.50437089310007, 20.848279158304095], [-104.50442824208532, 20.849980647797178], [-104.50460305842167, 20.85184826285544], [-104.50471900284207, 20.85379880691878], [-104.50501189683435, 20.855127079124138], [-104.50542226671242, 20.856621476059434], [-104.50632612487229, 20.85855205201897], [-104.50702693677705, 20.859710959184667], [-104.50725861154257, 20.860620499609887], [-104.50784527497042, 20.86087024184954], [-104.50866940591442, 20.860459804535534], [-104.50937662501595, 20.859883752656323], [-104.51055177459772, 20.859887520659342], [-104.51149007842434, 20.8603862293716], [-104.51254499798274, 20.861133158190803], [-104.51371684164188, 20.862045688336696], [-104.51359122581921, 20.863021231071574], [-104.51335357458048, 20.866050336693323], [-104.51517517671812, 20.86796121768451], [-104.51658659708369, 20.86800422708964], [-104.5192324103122, 20.868878489644604], [-104.51993760862871, 20.869584697894787], [-104.52075972082845, 20.871245482324085], [-104.52140547520074, 20.87282308340178], [-104.52181657648303, 20.873611974499365], [-104.52228557340618, 20.875645868148567], [-104.52269628862778, 20.87697423220254], [-104.5231655509259, 20.878676138462023], [-104.52498742810056, 20.880586917533062], [-104.52475105294704, 20.882122106322495], [-104.52375048076705, 20.88307553832197], [-104.52316170540978, 20.883904894587108], [-104.52397543686652, 20.88521098972868], [-104.52479965992158, 20.88480047761617], [-104.52585776650575, 20.884721160606613], [-104.52691616669962, 20.884559220387548], [-104.52762255015183, 20.884230945505273], [-104.52809445052632, 20.88373670504998], [-104.52903501458032, 20.88365700345016], [-104.53021064521641, 20.88357802332115], [-104.53138744326532, 20.883168568258117], [-104.53256540093643, 20.88242863804376], [-104.53327205361875, 20.882017722582514], [-104.5350306907585, 20.883262381724258], [-104.53608357054001, 20.884670102733644], [-104.53701864493536, 20.886160075576917], [-104.53736720804312, 20.887317785485088], [-104.5371266427338, 20.888886786416077], [-104.53665215101896, 20.890124602127848], [-104.53606098044902, 20.8911142068344], [-104.53546835200395, 20.892516892583853], [-104.53581575745112, 20.894005071480787], [-104.53663478895513, 20.895081602957227], [-104.53710120112272, 20.896157054861863], [-104.53721556457945, 20.89706619665364], [-104.53921151468947, 20.897733215048184], [-104.54085743072079, 20.89765559222444], [-104.54203173360735, 20.897989616328353], [-104.54261745618032, 20.89856970886397], [-104.54355753550196, 20.89865516249997], [-104.5441421251588, 20.89956571673143], [-104.54508021777318, 20.900229479066418], [-104.54601632822, 20.901471553309907], [-104.54613131747105, 20.902215456241706], [-104.54577383532153, 20.90361888203684], [-104.54553389695528, 20.90502265962035], [-104.545174977656, 20.906839166531345], [-104.54470077711542, 20.907994385543283], [-104.54363822824611, 20.90931306522195], [-104.54316400785456, 20.910468279275555], [-104.5436293689946, 20.9118741794858], [-104.54456724940411, 20.91262056162827], [-104.54609264063593, 20.913451320130456], [-104.54738066272532, 20.914942294381895], [-104.54890750799362, 20.915359945233938], [-104.54996581966611, 20.91528048300504], [-104.55137877768514, 20.914623745548994], [-104.55278975787373, 20.914545312754154], [-104.55361070292425, 20.915126064600095], [-104.55360621673269, 20.916447931077904], [-104.55419009422248, 20.917606301326398], [-104.55524450629437, 20.918683439738096], [-104.5564173324563, 20.919513067610744], [-104.55676555954342, 20.92083597084731], [-104.5578208469292, 20.921665243749754], [-104.55852095231948, 20.92323702740645], [-104.55886948351406, 20.924477309629477], [-104.55921885257283, 20.92546974119129], [-104.56098097322639, 20.925887973726056], [-104.56368391956028, 20.926226300808494], [-104.56544688444123, 20.926396637542375], [-104.56638332296616, 20.927638602272697], [-104.56755464320146, 20.928963855206757], [-104.56884219360104, 20.930702521055064], [-104.56966328879338, 20.93128319727308], [-104.57084090240197, 20.9307082441326], [-104.57166579506782, 20.930132276876034], [-104.57507588349507, 20.929976735555705], [-104.57730597943595, 20.931139683528425], [-104.57859366189189, 20.932878277635844], [-104.5805889464595, 20.933957905240955], [-104.58246800928657, 20.934624097936144], [-104.5842316249152, 20.93462900893369], [-104.58611412945164, 20.934221143073355], [-104.58823124851793, 20.93397913820173], [-104.58987441577229, 20.934892452294992], [-104.59140444624367, 20.934400941936396], [-104.5919954327636, 20.93341114734148], [-104.59176418097053, 20.932171250662286], [-104.59247195011312, 20.931429626290956], [-104.59376601815124, 20.931185302385664], [-104.59564742549706, 20.931107797954102], [-104.59764665951191, 20.93094797331258], [-104.5984699175836, 20.930867576869325], [-104.59976116379816, 20.931531994360686], [-104.60117101235069, 20.93186624928797], [-104.60282007067664, 20.930879248139828], [-104.6044691075702, 20.929892230602345], [-104.60541270157115, 20.92890332534375], [-104.60612139596695, 20.927831174350153], [-104.60741767211078, 20.926843191885965], [-104.61095033433698, 20.925299489491486], [-104.6155038570261, 20.923176609480485], [-104.61626903711247, 20.92302327103176], [-104.61697702692082, 20.922786077757006], [-104.61779722108908, 20.922840924921115], [-104.61928597912204, 20.923200864860338], [-104.62028508432925, 20.92342885453883], [-104.62238828526974, 20.92622404514201], [-104.62260387944362, 20.926510566272977], [-104.6233671242063, 20.926474525655546], [-104.62390178184282, 20.92577409520134], [-104.62426767989203, 20.924285427892784], [-104.62573853088381, 20.923881548729092], [-104.62756145697483, 20.923480130726933], [-104.62873353693165, 20.923654055322235], [-104.62972537472065, 20.92428236647117], [-104.6309519450357, 20.92491231654115], [-104.63240638609875, 20.926289475459882], [-104.63303930371202, 20.927660878406044], [-104.6346622226102, 20.929867665977813], [-104.635530670713, 20.931157857319256], [-104.6361674405994, 20.932115040396358], [-104.63862608953595, 20.932794949100394], [-104.64121387948978, 20.932191591580366], [-104.64326100694832, 20.93295142168616], [-104.64671243339205, 20.934176600769074], [-104.6484108992484, 20.93456114691593], [-104.65147530852293, 20.933173877274243], [-104.65383169963428, 20.93219592296766], [-104.65647173418337, 20.932296892398938], [-104.65898392902679, 20.933556804905184], [-104.6598541037365, 20.934681191374384], [-104.66148272193583, 20.936307835426266], [-104.6636807142015, 20.939885249392887], [-104.66290584216851, 20.941205518678746], [-104.66283036376333, 20.94306906061533], [-104.66422211113641, 20.944942602965625], [-104.66522541372953, 20.944328082275742], [-104.66647872032365, 20.942016892568418], [-104.66918468269144, 20.941331068228568], [-104.67147128128457, 20.941595103066614], [-104.67393321220314, 20.941943138739173], [-104.67492499202459, 20.942612611201717], [-104.67579792527715, 20.943446970444302], [-104.67561224911348, 20.94452272903776], [-104.67713188806862, 20.945237171774405], [-104.67865301680553, 20.945785917060302], [-104.6796562674373, 20.945171310869718], [-104.6807743106615, 20.944847434044412], [-104.68177423509931, 20.944605604441655], [-104.68212305934037, 20.9449807558657], [-104.682879034968, 20.945772871006277], [-104.68322161632297, 20.946852177762537], [-104.68237678535786, 20.949456194495685], [-104.68177810011116, 20.950777730128866], [-104.68170542466173, 20.952351334359957], [-104.68081289010676, 20.95371231760447], [-104.68015474365194, 20.955116294302528], [-104.67961028619541, 20.956935266837345], [-104.68065977876378, 20.957729363821507], [-104.6818347677146, 20.9576129807211], [-104.68365686085049, 20.95733523155737], [-104.68683000991959, 20.9569422226903], [-104.6891084616464, 20.958158707250426], [-104.68968772362018, 20.959032460341852], [-104.69097535477808, 20.95945526962663], [-104.69208982934727, 20.959545530386343], [-104.69301836675383, 20.960752981718873], [-104.69317766770295, 20.9626595181886], [-104.69340223685947, 20.963820865909568], [-104.6943351861022, 20.96453125786654], [-104.6972357723707, 20.963934287138713], [-104.69804000618095, 20.96376875787158], [-104.69904112036147, 20.96340256568135], [-104.70056142576412, 20.96407538080894], [-104.7017889843343, 20.964663405878323], [-104.7024850152407, 20.965620731996857], [-104.70376405134715, 20.96703755061887], [-104.70410900099735, 20.967868288897332], [-104.70639065042123, 20.96875317628122], [-104.70626819410553, 20.96933230017564], [-104.7079110433493, 20.96942592647773], [-104.70942712420684, 20.97059571595442], [-104.70918872078757, 20.971008388968595], [-104.70858044160843, 20.973448385422078], [-104.70968530013342, 20.97465690050764], [-104.7103918201215, 20.974570053619303], [-104.71256488959729, 20.974302916431775], [-104.71421246730549, 20.973858008777242], [-104.71578232072018, 20.975608019854473], [-104.71558971046395, 20.977512242134072], [-104.71610224797243, 20.97933820815781], [-104.71702213865359, 20.98158105582302], [-104.7186615496182, 20.982088790474233], [-104.71970677496321, 20.983421122923616], [-104.72158317767845, 20.983681826656913], [-104.72322548156005, 20.983858149188876], [-104.72480765934876, 20.98419976112502], [-104.72657414400719, 20.983589809121057], [-104.72781440753953, 20.982727910196886], [-104.72940439561935, 20.98215821522895], [-104.73039810851868, 20.982661683477982], [-104.7302806998597, 20.982660929078577], [-104.7304383646899, 20.984815958111284], [-104.73076966879444, 20.987262065430343], [-104.72871211241352, 20.98758022419232], [-104.72709004849004, 20.991877806849192], [-104.72701710986969, 20.99353427023444], [-104.7270679916595, 20.99444591144653], [-104.72722419770298, 20.996766624207], [-104.7263883774616, 20.99837674522253], [-104.7263196991022, 20.999536154856607], [-104.72631222299145, 21.000405995955443], [-104.72559842678756, 21.00147839645079], [-104.726295846227, 21.0023113618571], [-104.72740248096478, 21.003354077960363], [-104.72639440214003, 21.004507431551428], [-104.72597023546544, 21.006037356644605], [-104.72707440419987, 21.007370021496605], [-104.72864439890705, 21.009161333676126], [-104.72874441406253, 21.01119171682098], [-104.72903408290186, 21.011649236502937], [-104.73079994007888, 21.011918095423916], [-104.73109399877315, 21.011881240592295], [-104.73203276740327, 21.01189593370233], [-104.7325656762865, 21.01161406377919], [-104.7330974351913, 21.011071865809527], [-104.7345329221976, 21.0112479054788], [-104.73453168731096, 21.010751584575058], [-104.73608116018602, 21.008686174596008], [-104.73679681546103, 21.00794397546627], [-104.73823061218357, 21.007457363294964], [-104.7401421168645, 21.006725378445225], [-104.74157631300598, 21.006405037087845], [-104.74348884770748, 21.006088762576994], [-104.74564097256282, 21.005940802132912], [-104.74731560559125, 21.006121346243322], [-104.74994887308725, 21.007058344133387], [-104.75210360606088, 21.007908098317593], [-104.75342189683543, 21.00900018807873], [-104.75402354062678, 21.010418794562323], [-104.75534295944968, 21.01192661776525], [-104.7580946520827, 21.01236560378102], [-104.76299656400823, 21.011908019264443], [-104.76490733679267, 21.01092630690645], [-104.76753607245722, 21.010116890015972], [-104.77291715522159, 21.009995627865322], [-104.77674402624865, 21.010027550872334], [-104.77722699613298, 21.01169453018092], [-104.77723621753945, 21.015020519172523], [-104.77771943920985, 21.016770645992015], [-104.77927996759365, 21.01886232405063], [-104.78095502125836, 21.019125688268797], [-104.78155859635032, 21.02112624616166], [-104.78491369853512, 21.023399056552815], [-104.78670817824742, 21.023580205407328], [-104.78765907687949, 21.021509375652414], [-104.78968870005585, 21.02027892526424], [-104.79088230045652, 21.019457296202965], [-104.79219357416603, 21.017971446250797], [-104.79350554048146, 21.016735034961386], [-104.79374305341898, 21.01615495557198], [-104.7964925300738, 21.015761824465606], [-104.79780807074765, 21.015772625895664], [-104.7993615870359, 21.015369629229006], [-104.80091582606293, 21.015216067650083], [-104.80115842751184, 21.016382123478337], [-104.80068418676139, 21.017791752280775], [-104.80009277143832, 21.020031896986247], [-104.79949988107914, 21.021773140621374], [-104.79759015913558, 21.023087839771634], [-104.79627817013936, 21.024324281457787], [-104.79532592875485, 21.025896261587437], [-104.7947322388291, 21.02738803783208], [-104.79402061042579, 21.029460874843654], [-104.79271092647903, 21.031528783407694], [-104.79415100892797, 21.033203591324984], [-104.7940369152297, 21.035115047417957], [-104.79440150446669, 21.037113589274476], [-104.79619736542524, 21.03771038694844], [-104.79727701463752, 21.03880017249463], [-104.79788040106614, 21.04063437126415], [-104.79991895035137, 21.042397186196652], [-104.80123594395207, 21.042823710557848], [-104.80195681524002, 21.043910528179797], [-104.8038741222482, 21.04509027042399], [-104.80435504923143, 21.045925674350055], [-104.80531593524833, 21.04726388006744], [-104.80579663092823, 21.048016130338766], [-104.80759563566072, 21.049610601921323], [-104.80879929053334, 21.052114829594146], [-104.81143575184127, 21.053716076228472], [-104.81156061499708, 21.055463186354242], [-104.81263975361857, 21.056303425640564], [-104.81371965624652, 21.057393106309235], [-104.81300414007187, 21.05813562614658], [-104.81240824600346, 21.058879114372264], [-104.81240999524145, 21.05946116008678], [-104.81325140871645, 21.0607983484739], [-104.81445097962629, 21.061888995051152], [-104.81481288915796, 21.062889697195168], [-104.81433561413327, 21.063301564062304], [-104.814818667084, 21.06480213220993], [-104.8169746031106, 21.065651068632782], [-104.81757075461579, 21.064990714356], [-104.81852833452172, 21.065164753371256], [-104.81912929576609, 21.06608423110137], [-104.82116538462209, 21.066848998334518], [-104.82092865925176, 21.067678560760594], [-104.82105033293433, 21.06834472083462], [-104.82188983223321, 21.06901667143971], [-104.82260867898717, 21.069355056331904], [-104.82356782924143, 21.07002796296552], [-104.82404971454432, 21.071112757991514], [-104.82716239723672, 21.071802970970694], [-104.82608615471639, 21.071960615730188], [-104.82644893905218, 21.073210740479837], [-104.82740787315582, 21.07380047612462], [-104.82729132925053, 21.07479730641089], [-104.82801125014909, 21.07546826555769], [-104.82837198916734, 21.076053191773546], [-104.82837354145819, 21.076552087333], [-104.82897409059936, 21.077305231225928], [-104.82993280132237, 21.07781180332197], [-104.83089099834824, 21.07815207152373], [-104.83184946041322, 21.07857548357814], [-104.83280818911298, 21.079082039478777], [-104.83316791008787, 21.079334358479645], [-104.83496574609798, 21.08034649435623], [-104.83520740194263, 21.08109674868008], [-104.8337732052755, 21.081584171495695], [-104.83305871651834, 21.08265937044681], [-104.83449659526094, 21.08333604275791], [-104.83461965250255, 21.084417938359575], [-104.83294507650982, 21.084570844910242], [-104.83306524912663, 21.08473810039542], [-104.83318934255561, 21.08615259349838], [-104.83391039147733, 21.087156123946926], [-104.83451127295432, 21.08799239693841], [-104.83594736919679, 21.088087012789863], [-104.83714020797686, 21.086932470718146], [-104.83773662045462, 21.086355196433946], [-104.83857550277611, 21.086777616741873], [-104.83882009639775, 21.08844250639007], [-104.83990015621193, 21.089448870151095], [-104.84085579446658, 21.088957590659668], [-104.84312921347384, 21.088975655732057], [-104.84432682033493, 21.089317748100452], [-104.84588500596556, 21.09016157155097], [-104.84612888069701, 21.09157700310542], [-104.84708881780472, 21.09241607496221], [-104.8475714839532, 21.093667100178397], [-104.84853144256596, 21.094506163796378], [-104.84901574837562, 21.096256079365705], [-104.8494987133028, 21.097590247799353], [-104.84794474271003, 21.098076843171704], [-104.84794609047823, 21.098492588594144], [-104.84807114420771, 21.10015651668226], [-104.84747740879452, 21.101565316820658], [-104.84783990347728, 21.102649095005933], [-104.84736474471948, 21.103726244851543], [-104.84868322512365, 21.10440184980397], [-104.8482086061393, 21.105645299820228], [-104.84952900021932, 21.1069029412232], [-104.84953224523572, 21.107900729198555], [-104.85061170443763, 21.108657576787262], [-104.85121575034522, 21.110408428345522], [-104.85181655009191, 21.11116148995213], [-104.85301408248037, 21.111420372308565], [-104.85253893261091, 21.112497535595622], [-104.85278399437877, 21.114245550199673], [-104.8523082898227, 21.11515641456849], [-104.85266867477854, 21.115574989733062], [-104.85183475289948, 21.116732468779713], [-104.85207709486855, 21.11764899454277], [-104.85267738358506, 21.118235754857615], [-104.85208253120182, 21.119311972417023], [-104.85208552118395, 21.12022661010895], [-104.8529284461856, 21.12181304331345], [-104.8526271482578, 21.122073991222475], [-104.84372555876773, 21.12978286112715], [-104.8419926334902, 21.131094303412176], [-104.84138056877565, 21.13181343418331], [-104.83990298231463, 21.133102573156226], [-104.84135563883258, 21.133029387227513], [-104.84255466021884, 21.133704087449125], [-104.84471415747018, 21.13530101059503], [-104.84651193794478, 21.136063575995234], [-104.84795119966103, 21.136989579692237], [-104.84867529024316, 21.138824530425236], [-104.84844075829393, 21.140319313874706], [-104.84832618729708, 21.141898191984392], [-104.85000409846191, 21.142576625032714], [-104.85227697693131, 21.142178828958688], [-104.85347176080263, 21.141523073254753], [-104.85466844671707, 21.141449349737393], [-104.85614153091514, 21.141521122117915], [-104.85670355093235, 21.141548501757153], [-104.85778218941032, 21.141972707591602], [-104.85910160583666, 21.14281452800645], [-104.86042380143503, 21.144487824697393], [-104.86042794778415, 21.145735054380918], [-104.8598333162557, 21.146894443984344], [-104.85828079058203, 21.1479631688399], [-104.85648582232831, 21.148115363025266], [-104.85588978116688, 21.148858995229975], [-104.85517512557087, 21.149934277874596], [-104.855899367156, 21.15176919579685], [-104.85219424727245, 21.153486095539616], [-104.8507618466093, 21.154721990816654], [-104.84981014535877, 21.156543696343533], [-104.84837203229453, 21.15603345198555], [-104.84741571802952, 21.15644161895876], [-104.84622508323847, 21.15842770585715], [-104.84552183874824, 21.163078329659733], [-104.847687715692, 21.166504477543146], [-104.84972396819266, 21.166853160441676], [-104.85104003329161, 21.166614112829258], [-104.8523577255089, 21.166873945477125], [-104.85260205428744, 21.168372504414553], [-104.85389962312371, 21.169074739021013], [-104.85416111043769, 21.16921624908362], [-104.8557171730502, 21.169145347023534], [-104.85453828847929, 21.17470686904186], [-104.85358759408638, 21.176861184329834], [-104.85228041200983, 21.179844145038757], [-104.85132856656764, 21.18166585285805], [-104.85097534577582, 21.18349228033759], [-104.85193942986913, 21.18541224646181], [-104.85421841587363, 21.186677394921002], [-104.85649552170506, 21.187360475136433], [-104.85865263990588, 21.187959437079964], [-104.85973520705235, 21.189464556863882], [-104.85926205857342, 21.191206913495733], [-104.85818828663993, 21.192362533064358], [-104.85759482285772, 21.19393764807848], [-104.85724659085948, 21.19726075272025], [-104.85592999005121, 21.19741669814117], [-104.85389657666232, 21.19806586615231], [-104.85281999253824, 21.19838996910482], [-104.8506662685782, 21.198871858108788], [-104.84923422590349, 21.200357175400583], [-104.84768429459318, 21.202423569300482], [-104.84649006867846, 21.20341186853243], [-104.84457734852312, 21.204394463457604], [-104.84218481621622, 21.205123788141943], [-104.8402725758854, 21.206272629827396], [-104.8389608999914, 21.208008254173535], [-104.8372870445243, 21.208826376275677], [-104.83513495512166, 21.209890101163676], [-104.83298440072414, 21.211452685972635], [-104.8315502391236, 21.21235581375201], [-104.82975446781228, 21.212507717967156], [-104.82952066033984, 21.21433505181487], [-104.82880575538717, 21.215493359365748], [-104.82857374049576, 21.217902726259478], [-104.8301305829026, 21.217915211381943], [-104.83013447289669, 21.219162429404673], [-104.83013836287614, 21.220409647243333], [-104.83086211239284, 21.22207836167529], [-104.83015081071198, 21.224400743091014], [-104.83063479247858, 21.225984390131362], [-104.83040123279801, 21.22789486998777], [-104.82980707115924, 21.229386730236307], [-104.82995488855708, 21.23034316121381], [-104.83029599351266, 21.23255018444094], [-104.82994238883055, 21.23437655451116], [-104.82862956654819, 21.2358626473069], [-104.82911330978658, 21.237363149020812], [-104.83007641807701, 21.238950637461436], [-104.82972512625064, 21.241525334367047], [-104.82817268324388, 21.243009501210278], [-104.82638193789234, 21.2449074661825], [-104.82483019483597, 21.246641043931223], [-104.8231604212166, 21.24895567477081], [-104.82172965412234, 21.25110592516495], [-104.82102086233377, 21.254342880624367], [-104.82030975552787, 21.256831504462806], [-104.81971841495557, 21.25932109190024], [-104.81888443436624, 21.260810971382625], [-104.8187714694988, 21.26305498345637], [-104.81793644861315, 21.264212267823904], [-104.81769963445394, 21.265124951372936], [-104.81638792423799, 21.26710982481947], [-104.81364084891638, 21.26983135735928], [-104.81256739657833, 21.271402406286644], [-104.81173501729755, 21.273474278219194], [-104.81138431488459, 21.276381512520892], [-104.8104330771452, 21.2787849918337], [-104.80924120247342, 21.280853926156368], [-104.80804657993727, 21.282008232270876], [-104.80649300182338, 21.28332589333198], [-104.80529809267946, 21.284397032144195], [-104.80494405114233, 21.286223335403363], [-104.80423031558989, 21.28796355479708], [-104.80267274126756, 21.28795082526312], [-104.80123740982343, 21.2887705331944], [-104.79944552127436, 21.290585047895924], [-104.79813044493628, 21.29157200489476], [-104.79765407049267, 21.292565836897268], [-104.79742021428603, 21.294559399055665], [-104.79814491394525, 21.296560827294012], [-104.79934892079834, 21.2985661814961], [-104.8000734235801, 21.300484453857706], [-104.80055732488134, 21.302068172427923], [-104.79924505392574, 21.304052899415183], [-104.80008577645177, 21.304724948898595], [-104.79997079231016, 21.306386905804253], [-104.79889668526124, 21.30787471070974], [-104.79902110507179, 21.309455484301324], [-104.79806486947761, 21.31027909055155], [-104.79627027875773, 21.311262095858932], [-104.79471676519675, 21.312745934106864], [-104.79412619580236, 21.315734291024327], [-104.79389105912803, 21.317312108136495], [-104.79401567110827, 21.31897603007309], [-104.7956970047136, 21.320237028928222], [-104.796296442162, 21.320325099228977], [-104.7965402039418, 21.321740563114282], [-104.7972635783012, 21.323243109162203], [-104.79630964317518, 21.324898170624795], [-104.79463470644227, 21.32588213973352], [-104.79283537961877, 21.325285317463216], [-104.79163789387441, 21.325608030132432], [-104.78984354650645, 21.32675725659926], [-104.78780806879985, 21.327405602467255], [-104.78696539658624, 21.32606831935218], [-104.78612250528768, 21.324647885229524], [-104.78408004690368, 21.322801785353295], [-104.7770032210769, 21.320498076319346], [-104.77532661024826, 21.32089982610597], [-104.77437130746186, 21.3221390282263], [-104.77401587963872, 21.323632667614145], [-104.77281950143902, 21.324370979379623], [-104.77042129885479, 21.323852057441297], [-104.76982208854497, 21.323847041607383], [-104.76910505850175, 21.324589339582214], [-104.76814923136678, 21.325662211881983], [-104.76539461218152, 21.32630425672365], [-104.76359628790567, 21.326039709004945], [-104.76263842218546, 21.326364230004597], [-104.76228374863409, 21.328190428984584], [-104.76120690128155, 21.328846519030773], [-104.75953125044447, 21.32966384243107], [-104.75797280766481, 21.32948440227185], [-104.75689135828168, 21.328394386870333], [-104.75556936731293, 21.326969751323134], [-104.75424848342286, 21.325960838234273], [-104.75256830488945, 21.325032014724755], [-104.75160526603189, 21.323360955032943], [-104.7528021715097, 21.32278908821112], [-104.75351884208033, 21.32188056707232], [-104.75303430534908, 21.319880987750047], [-104.75279053306568, 21.318299170994152], [-104.75242628378973, 21.31646689800242], [-104.75157991267935, 21.313549652611805], [-104.74966321941915, 21.31378282090616], [-104.74774269142813, 21.31251932731763], [-104.74570405754388, 21.31191996490132], [-104.74534181359422, 21.31083599634432], [-104.74509750390833, 21.30900472761752], [-104.74473273869928, 21.306922996974745], [-104.74341105594578, 21.30549826528008], [-104.74196957303074, 21.304072500195538], [-104.73945011436433, 21.302803796073363], [-104.73837044862937, 21.302295688579687], [-104.73681108241885, 21.30161717454081], [-104.73560996383976, 21.30044284882584], [-104.73500879484223, 21.29960624254094], [-104.73368624689184, 21.297765701113303], [-104.7328432115912, 21.29601241467749], [-104.73212246186148, 21.295257915235307], [-104.73080222450129, 21.29433196554688], [-104.72924054848289, 21.292655620643952], [-104.72815836875634, 21.291066539933322], [-104.72719562314958, 21.28931219210594], [-104.72623470694245, 21.288306160003252], [-104.72515499276061, 21.287714821662888], [-104.72395487725193, 21.28687300030368], [-104.72287060863158, 21.28436927046342], [-104.72190717532695, 21.282282304764998], [-104.72130358276713, 21.280364740172374], [-104.71938215604769, 21.27843575015136], [-104.71877998774823, 21.277100204393466], [-104.71829625798144, 21.27518366780559], [-104.71769254413633, 21.273182942576813], [-104.71732883514093, 21.271350589573114], [-104.71493344478284, 21.271579206900565], [-104.71253766116443, 21.271641496269705], [-104.71026109925367, 21.271455356250016], [-104.70786417338938, 21.2710186978618], [-104.70582646643888, 21.270502004487692], [-104.70414722398101, 21.26957270161296], [-104.70307036537629, 21.27014527921657], [-104.70271247393262, 21.27080730243305], [-104.70187501067699, 21.271298826543585], [-104.70067646710142, 21.271038868675003], [-104.69935812988012, 21.270777849274438], [-104.69803998245104, 21.27059996644665], [-104.69755931334748, 21.269930574935408], [-104.69683776476032, 21.268677044542034], [-104.69540167863161, 21.269329554791685], [-104.6949248741991, 21.270406239340094], [-104.69492872260136, 21.272152322473893], [-104.6943321055128, 21.273227948528213], [-104.69409524738987, 21.274473036771425], [-104.69433759263613, 21.275722351960333], [-104.6935017159015, 21.276962154291873], [-104.69434179916588, 21.277634727426474], [-104.69398421573273, 21.278463024313982], [-104.69278726700334, 21.278951330588566], [-104.69147068689152, 21.279521716209885], [-104.68979413976719, 21.279839471718326], [-104.68823721158846, 21.28007512487988], [-104.6873976797112, 21.2796519617383], [-104.68643941870317, 21.279726612251448], [-104.68464358619889, 21.28029269391775], [-104.68392439973785, 21.280120017182156], [-104.68335674451741, 21.281182902102014], [-104.68273110840346, 21.282354330835904], [-104.6821345370804, 21.283513057412065], [-104.67327901434395, 21.28842277249056], [-104.67220036753666, 21.28824682970837], [-104.67100343919257, 21.28881812519778], [-104.67028625965705, 21.2896431479745], [-104.66992952674102, 21.2909702693952], [-104.66969108171506, 21.291550146059507], [-104.66825381509857, 21.291786686525658], [-104.66705717797163, 21.292524246028016], [-104.6662194748306, 21.293015588558934], [-104.66538226565798, 21.293756366071996], [-104.66478551201516, 21.294915027269436], [-104.66442871647924, 21.296242135390674], [-104.66419223081677, 21.297819759987323], [-104.66431437215283, 21.298984887409716], [-104.66479697544166, 21.30065212698511], [-104.66503944479756, 21.30206777052854], [-104.66456197968695, 21.302978068145688], [-104.66408351445558, 21.30338948636955], [-104.66288626711601, 21.303877574800843], [-104.66144870612088, 21.304030908804744], [-104.66025030039053, 21.303936954310625], [-104.65929089240049, 21.303512570213602], [-104.6572514607901, 21.30224697105622], [-104.65593179990704, 21.30140358614621], [-104.6520111199938, 21.283568161143265], [-104.65082236523403, 21.278159595244542], [-104.64841265315758, 21.264760258606273], [-104.64687502543046, 21.263989289438598], [-104.64639351838679, 21.26273772862298], [-104.64603118535118, 21.261154670871772], [-104.64626842365405, 21.25990965324729], [-104.64638618276084, 21.2588298377479], [-104.6465015974886, 21.256502822237263], [-104.64637993869152, 21.25550397175204], [-104.64613740565595, 21.25392200364301], [-104.64589503340211, 21.25242318165447], [-104.64553288485963, 21.250923268029787], [-104.64505080826918, 21.249339115330553], [-104.64431299932036, 21.24820552889405], [-104.64395389925093, 21.247676899140913], [-104.64327932940813, 21.247210946270908], [-104.64305445679103, 21.24706266631281], [-104.64285220919207, 21.246872204213542], [-104.64274010410513, 21.24666081797253], [-104.64271819208317, 21.246407392990587], [-104.6427635937712, 21.246259685001036], [-104.64285429511948, 21.246006498521997], [-104.64339636319141, 21.24537419904786], [-104.64348486304344, 21.24458555557449], [-104.64360262844549, 21.243505740172687], [-104.6437200825581, 21.242259630972026], [-104.64359767936853, 21.24084504327635], [-104.6434743506273, 21.238931574448454], [-104.64323403577207, 21.23851365531146], [-104.64299217871958, 21.237264267651017], [-104.6426313275337, 21.236429520681746], [-104.64274862900287, 21.23510026430827], [-104.64370646451975, 21.234942711346157], [-104.64490414479187, 21.234953629600195], [-104.64622206200539, 21.235215070460693], [-104.64729966306062, 21.235058587484836], [-104.64837600277397, 21.23423692250589], [-104.64873357173573, 21.233325573053023], [-104.64897137015812, 21.232413134240044], [-104.65016887256833, 21.23234086792818], [-104.65052626719368, 21.231346367324193], [-104.65076389249691, 21.230350778631703], [-104.65100199123441, 21.22960463030438], [-104.65231875505175, 21.229283994463195], [-104.65351719282458, 21.229710585825682], [-104.65399528521205, 21.229216044222472], [-104.65435248566156, 21.228138387702632], [-104.65506993360883, 21.227562864915914], [-104.65578656795164, 21.226571603902254], [-104.65590487430086, 21.225824364275528], [-104.65698304689049, 21.226000406336563], [-104.65794032117448, 21.225593330282727], [-104.65889677343903, 21.224770513455578], [-104.65913482206574, 21.224024352483713], [-104.65949246341991, 21.22319612496988], [-104.65996936692015, 21.22211953592501], [-104.66008699211206, 21.221039704258263], [-104.65984534681745, 21.219956630824964], [-104.65960370493379, 21.218873556954385], [-104.65972165761175, 21.217960019380648], [-104.65995969066228, 21.217213856441504], [-104.66007780377096, 21.216383465535827], [-104.65995542596495, 21.215052030683037], [-104.65959354781047, 21.213718434237233], [-104.65911241663197, 21.212633197385202], [-104.65875120518282, 21.211632187662474], [-104.65851040020466, 21.21096484738886], [-104.65862867922388, 21.210217604119574], [-104.65886735859388, 21.209804030749197], [-104.65958486349547, 21.20931163330023], [-104.6591048914066, 21.20880842654715], [-104.65874417914159, 21.20805685813303], [-104.65862279911171, 21.20722430461038], [-104.65897827517465, 21.20531516192031], [-104.65789699060653, 21.20347618922821], [-104.65693726080147, 21.202552912008237], [-104.65537818983007, 21.201291623403634], [-104.6539395285377, 21.20036399427836], [-104.6533395434772, 21.1996933920959], [-104.65261726377017, 21.197691345990997], [-104.65237554853519, 21.196525112852473], [-104.65189372578755, 21.195024118233896], [-104.65141302844577, 21.194105153256157], [-104.65081339791357, 21.19360083672237], [-104.64949425675907, 21.192507962412222], [-104.64841475878745, 21.191500402265355], [-104.64769510160373, 21.190828691716657], [-104.64721507194129, 21.19024230414859], [-104.64637459837151, 21.188987467527536], [-104.64553320184503, 21.18723374276873], [-104.64541128669302, 21.186068589603654], [-104.64493128121148, 21.185482195561352], [-104.64420964772901, 21.183729554771332], [-104.64348849619265, 21.18222635287918], [-104.64181233937444, 21.182211059197186], [-104.6415710403988, 21.181211104739123], [-104.64144946841286, 21.18021224314065], [-104.64096949726496, 21.179625837932512], [-104.64037026705856, 21.179287779555004], [-104.63917028798035, 21.17778018275479], [-104.63893069172828, 21.177694845568517], [-104.63797048514975, 21.176355724903388], [-104.63713122791923, 21.175682874204178], [-104.63665159093036, 21.17526275165133], [-104.63533286670399, 21.174252915638057], [-104.63473186809469, 21.172917068884793], [-104.63365156409346, 21.17132738379716], [-104.63293266778774, 21.170988200764604], [-104.63161415521893, 21.170061483561458], [-104.63101379934858, 21.169058213295603], [-104.63041315573618, 21.167888646074186], [-104.63005283311759, 21.16722016367332], [-104.62898132306799, 21.166549020423723], [-104.62597410587402, 21.167140909795705], [-104.62585437020905, 21.16716447534821], [-104.62541650383136, 21.167170768915657], [-104.62535648065138, 21.167168112692668], [-104.62528763291655, 21.167158450225216], [-104.62527873700554, 21.1672672700869], [-104.62518868658462, 21.167284310222783], [-104.62513771980944, 21.167277974649906], [-104.62508136392032, 21.16728484670032], [-104.62501944892668, 21.16729629132125], [-104.62495205980859, 21.167316625603323], [-104.6248959588534, 21.16733644888229], [-104.62483412880869, 21.167352210531607], [-104.62470835542796, 21.167385444328715], [-104.62435736536912, 21.16679699396165], [-104.6241054018117, 21.166299553673255], [-104.62377817997219, 21.165653528887493], [-104.62359926838421, 21.165717602186497], [-104.62348087722381, 21.165758540812796], [-104.62345558290339, 21.165621415447607], [-104.62343712184968, 21.16554447400778], [-104.62340737277198, 21.165468043445046], [-104.623371639942, 21.165374599923407], [-104.62334668145624, 21.165319601586784], [-104.6233228676039, 21.165273384181873], [-104.62327558813836, 21.16525155220686], [-104.62319421224386, 21.165257322866267], [-104.6230812470419, 21.165258113527447], [-104.62301873823529, 21.165239338312563], [-104.62275865115969, 21.16532428300495], [-104.62215645980146, 21.165118482478956], [-104.62090911258004, 21.16459611193223], [-104.61984971070838, 21.164239946160002], [-104.61942210561736, 21.164074468223813], [-104.61928475514064, 21.164049420896255], [-104.61894792991363, 21.163987996994894], [-104.6181676673788, 21.16384570355859], [-104.6168723691049, 21.163574117293486], [-104.61633870106311, 21.16385560869242], [-104.61133573339129, 21.15474166731397], [-104.60956457446274, 21.151514834828696], [-104.6094400338114, 21.149327271115602], [-104.60938502978551, 21.148361104744342], [-104.609247403883, 21.147663716874987], [-104.60674227073766, 21.134968408388197], [-104.60663139235493, 21.134593470998823], [-104.60646398217087, 21.13409323362926], [-104.60629292744315, 21.13380022563456], [-104.60606534163351, 21.133381917433564], [-104.60578195503884, 21.132796862885968], [-104.60514698729642, 21.132164586567914], [-104.60256742540119, 21.129738909296805], [-104.60193802997973, 21.12914704319576], [-104.59671162796397, 21.124232006050498], [-104.5962323898241, 21.12476307770207], [-104.59605038748863, 21.125091747524763], [-104.5955733402905, 21.12549847959807], [-104.59492160636981, 21.12581942026982], [-104.5943300506987, 21.12605843303592], [-104.59373995824818, 21.126214552023793], [-104.59332528096921, 21.126415014912617], [-104.59296638797875, 21.1267822268986], [-104.59278291033065, 21.127193784628552], [-104.59266034704153, 21.127481971591923], [-104.59236089967925, 21.12780870327611], [-104.59211943501289, 21.128177847334786], [-104.59181851885947, 21.128587469613], [-104.59151833422933, 21.128955645505524], [-104.59080712578117, 21.129317048292936], [-104.59009811469026, 21.12955411065653], [-104.5895072704292, 21.129751660326217], [-104.58879825529353, 21.129988717169788], [-104.58838209286554, 21.13027205913576], [-104.58790647673659, 21.130595877230327], [-104.5874903109389, 21.130879216929657], [-104.58718864221994, 21.13133027631258], [-104.58688476815078, 21.131905672352282], [-104.5867020018335, 21.132275777124605], [-104.58639591995801, 21.132975509383552], [-104.58621168166417, 21.133428505011477], [-104.58596431433934, 21.134129205507275], [-104.5857778687342, 21.134706537735692], [-104.58559289144132, 21.13520097825407], [-104.58528900309882, 21.135776370937297], [-104.58480380598925, 21.136638973945253], [-104.5846210285254, 21.137009076084922], [-104.58426061787759, 21.13745915979824], [-104.58384221968825, 21.137866826958206], [-104.58342381920876, 21.138274493027026], [-104.58294816671544, 21.1385982962944], [-104.58253270488267, 21.138840177343642], [-104.58176270650948, 21.13920057008144], [-104.58146468378395, 21.13944438994251], [-104.58104921722807, 21.139686267248816], [-104.58057355513873, 21.140010063631845], [-104.57986300432262, 21.14032997303778], [-104.57909372871787, 21.140648907701273], [-104.57809029933689, 21.140922505107646], [-104.57744362155242, 21.140953256861867], [-104.57709129029647, 21.140947422803297], [-104.576674337737, 21.14127218036977], [-104.57625959603399, 21.141472600049003], [-104.57584559090166, 21.141631573087345], [-104.57507925182632, 21.141784706818935], [-104.5734365080414, 21.141674560681757], [-104.5729057936224, 21.141790133497377], [-104.5723780329628, 21.14173992235717], [-104.57162129508227, 21.141354247999946], [-104.57080066588958, 21.141257714646134], [-104.57021270759685, 21.141289413310474], [-104.56962253089685, 21.141445446568017], [-104.5689736309748, 21.141600502531897], [-104.5683834518232, 21.141756531421674], [-104.56791219549436, 21.14183161840092], [-104.56779771094065, 21.141663885064276], [-104.56791959425586, 21.141417163105217], [-104.56786753129796, 21.141043177728616], [-104.56781546858338, 21.140669192324022], [-104.5675270402112, 21.140374195259007], [-104.56729585431435, 21.140163064578807], [-104.567117469768, 21.14028447369053], [-104.56694056520156, 21.140322991553788], [-104.56658971673123, 21.14023424462496], [-104.56647375435311, 21.140149401457144], [-104.56614733806465, 21.13869295126465], [-104.56493568013761, 21.137470526856795], [-104.56383629506328, 21.136540166547533], [-104.56326243557446, 21.13578437658029], [-104.56238831302612, 21.135396707257524], [-104.56157365599076, 21.1349685657344], [-104.56088311775947, 21.13416936684851], [-104.56013312628573, 21.133410632478725], [-104.5587974434237, 21.13255921798624], [-104.55715778738295, 21.13228313385482], [-104.55592842109287, 21.132055337671222], [-104.55499339202356, 21.131790987434645], [-104.55387775076699, 21.131772363719502], [-104.55299623773577, 21.131799101040297], [-104.55222471901949, 21.13224225004983], [-104.55151861308788, 21.132313367856057], [-104.55057837855301, 21.132339111307473], [-104.5500566181216, 21.1319572679572], [-104.54947614256282, 21.131574441127807], [-104.54871877194877, 21.13123011132381], [-104.54778227089292, 21.131048612376023], [-104.5468487546888, 21.130701326735704], [-104.54596724747732, 21.13072802757173], [-104.5452656226182, 21.130550447139427], [-104.54485907818977, 21.13029489086259], [-104.54451349107872, 21.12991598115007], [-104.54404897908243, 21.129617993966505], [-104.54369966321589, 21.129446309464416], [-104.50731538730281, 21.124521103727613], [-104.51066277302793, 21.114876731537887], [-104.51072828299368, 21.114504720684664], [-104.51050175164467, 21.11404484336096], [-104.51033393185337, 21.11358596108747], [-104.51033922082784, 21.113295845231224], [-104.51034602088932, 21.112922839114887], [-104.5105312167511, 21.112428483481548], [-104.51088876299697, 21.112144338762413], [-104.51136146113338, 21.111986518655737], [-104.51195308753435, 21.11174779649072], [-104.51272084029112, 21.111512055804443], [-104.51313482523628, 21.111353236156912], [-104.51366698252448, 21.111154958690317], [-104.51390332875286, 21.111076044862994], [-104.5140802110135, 21.111037581858078], [-104.51396882879214, 21.11070403240206], [-104.51350443858402, 21.110405963093573], [-104.51210523890572, 21.109843308956474], [-104.51030491238423, 21.108734889814215], [-104.50866108105224, 21.108707013060176], [-104.50773536151179, 21.10794506413926], [-104.50674035286478, 21.107762345389357], [-104.50534196136087, 21.107158191131212], [-104.50375837158224, 21.1070483740126], [-104.50270087877351, 21.107071859590935], [-104.50112411486072, 21.10658901228373], [-104.49954356903649, 21.106313375743596], [-104.492459781906, 21.10511477603974], [-104.49133066327444, 21.105841754079613], [-104.49054844969618, 21.106864852190903], [-104.49042266394598, 21.107318742378077], [-104.4896434812816, 21.108176056074683], [-104.4887483964884, 21.10894847054818], [-104.48773207676888, 21.10992609837966], [-104.48753919062806, 21.110834876882844], [-104.48596472641066, 21.110227554284346], [-104.48485765353472, 21.10975258562004], [-104.48327710787531, 21.10947679746689], [-104.48222417752154, 21.10925148571288], [-104.48111254252363, 21.109025162067663], [-104.48035239441462, 21.108846310501068], [-104.47952437159408, 21.10916378762252], [-104.47859115842024, 21.108816130868448], [-104.4777669550153, 21.10892637523418], [-104.47642508834186, 21.108447325708042], [-104.47554753409648, 21.108266438647338], [-104.47431850259647, 21.108038056070708], [-104.47309024090126, 21.107768219882885], [-104.47273416710516, 21.107969394238904], [-104.47225531481683, 21.10845866424578], [-104.47171315416303, 21.10919559266421], [-104.47117252090658, 21.10984962968489], [-104.47046419031523, 21.110044745476877], [-104.46784841099215, 21.10859019449458], [-104.46721567462315, 21.107874523080095], [-104.46681393448925, 21.10737011450958], [-104.46653344909379, 21.106660502403113], [-104.46583280656009, 21.106441152034744], [-104.46513293417752, 21.10618035410991], [-104.46460841562036, 21.10596403145185], [-104.46356245699043, 21.105365602602255], [-104.46262776919926, 21.105100748478357], [-104.46209403190198, 21.105381754276106], [-104.46121266920152, 21.105408017037746], [-104.45951403650197, 21.10517142916291], [-104.45781848976863, 21.104769045863346], [-104.45705993412886, 21.104507201576187], [-104.45665977838446, 21.10391988043026], [-104.45597303382131, 21.1029544866669], [-104.45456719303816, 21.10276436466059], [-104.45329110645991, 21.10191314760608], [-104.45225448139293, 21.100817315183015], [-104.45179873692065, 21.10006318922772], [-104.45093207112977, 21.099301952077486], [-104.44983600595812, 21.09824653410535], [-104.44932312304987, 21.097408496392234], [-104.44898249159516, 21.09678072945325], [-104.44881333558413, 21.096404678869746], [-104.44806411056625, 21.095645460470912], [-104.4473612298227, 21.095550368916005], [-104.44683600234124, 21.09537543695112], [-104.44619259896216, 21.09523991319726], [-104.445203945904, 21.094725280082827], [-104.44474284053769, 21.094261247642184], [-104.44422690500569, 21.093588973233917], [-104.44377431791624, 21.09266904828461], [-104.44343758975117, 21.091834047902815], [-104.44364696555448, 21.090054987199238], [-104.44402314954145, 21.08877631485149], [-104.44440242105458, 21.087331863040326], [-104.4447253069179, 21.085762058410012], [-104.44626156177763, 21.082098927170705], [-104.44663074608833, 21.081193248559853], [-104.44705630377375, 21.080412919836423], [-104.44724861864184, 21.079545633180786], [-104.44744247636896, 21.07859545687021], [-104.44651731411201, 21.078113665602768], [-104.44522596599779, 21.07781079988665], [-104.4441710002777, 21.077709590993923], [-104.44340409543116, 21.077903579116935], [-104.44234835657, 21.077843803513908], [-104.44135518521381, 21.077577817340597], [-104.44018128524671, 21.0775574350449], [-104.43952401866807, 21.07816788985922], [-104.43433340368676, 21.085705920374657], [-104.43325819923297, 21.086682198742928], [-104.43235674653236, 21.08778586961641], [-104.43162127580102, 21.08943138001831], [-104.43071357502028, 21.09086659646625], [-104.42969700993606, 21.091843873003516], [-104.42932847378596, 21.092708066357165], [-104.42902096804173, 21.0934489489213], [-104.42900541004389, 21.09427783642836], [-104.42847009522188, 21.09464162495315], [-104.42752775797312, 21.09479102351301], [-104.42622931599118, 21.095141493096776], [-104.42550308704976, 21.09628964126669], [-104.42457554085553, 21.095651581006145], [-104.42481969723787, 21.09515834847226], [-104.42512333242722, 21.094624695877265], [-104.42536826416865, 21.094090018081285], [-104.42573682661913, 21.093225834072115], [-104.4260497989315, 21.092194847349155], [-104.42607004490831, 21.091117294142187], [-104.42603003336886, 21.090121605204224], [-104.42599547292826, 21.088835805585774], [-104.42590299279594, 21.087507537075247], [-104.42568065802361, 21.08684032959275], [-104.4257627177113, 21.085598022659976], [-104.42606866508278, 21.084940034094494], [-104.42614059865792, 21.08423650371307], [-104.42610214444917, 21.083157925225795], [-104.42612083002008, 21.082163259637944], [-104.42595486211998, 21.081621409671225], [-104.42567539642599, 21.080870288832116], [-104.42551877585281, 21.079831105547598], [-104.42216120748186, 21.07728499330504], [-104.4216994479632, 21.07686234451674], [-104.42141065464229, 21.07660854950067], [-104.4210639479763, 21.076312283727813], [-104.42083853055286, 21.07581084741433], [-104.42001956908206, 21.069411994172732], [-104.41991232764688, 21.068871164521344], [-104.4142784935806, 21.067712126506894], [-104.41135317872799, 21.066267791731565], [-104.4091128626957, 21.06657287688162], [-104.4078191902872, 21.066474584343474], [-104.40570264455754, 21.06628357229713], [-104.40429026517347, 21.066266760942852], [-104.4025258070323, 21.06616282182637], [-104.40065178365566, 21.065394193451446], [-104.39888733934221, 21.065290216824184], [-104.3974759896097, 21.065190440698395], [-104.3948774771679, 21.065905660421866], [-104.39298819158661, 21.066380572160675], [-104.39205885941612, 21.06537439681949], [-104.39149284150452, 21.063543365534763], [-104.3917445706178, 21.06221965405694], [-104.3893855652008, 21.062605977709712], [-104.38760888413506, 21.06349678286282], [-104.3857247306028, 21.063557073486287], [-104.38288464715885, 21.06476672886108], [-104.37865374758778, 21.064218243655123], [-104.3742111998736, 21.06175992786978], [-104.37197192145815, 21.06198161513853], [-104.37044086749098, 21.062046007394727], [-104.36809939907398, 21.061022601542273], [-104.3665735292306, 21.060672420298804], [-104.36408436362669, 21.062051856692037], [-104.36254189771962, 21.063028162024693], [-104.36146188964797, 21.064673438602277], [-104.36062244361536, 21.065907033003715], [-104.36048397703186, 21.067563752874083], [-104.35951329899937, 21.069873706888878], [-104.35668850515087, 21.069839302612145], [-104.35410223944743, 21.069559001839057], [-104.35233466295225, 21.069703263287508], [-104.34984104146152, 21.071414111542545], [-104.34663278092903, 21.073779531540072], [-104.34705494567909, 21.086968978558332], [-104.34681951992786, 21.086966095366414], [-104.34386621775162, 21.08775909828142], [-104.34056919419669, 21.087801548478584], [-104.33914612621383, 21.088613259540963], [-104.33517965757298, 21.085745180126285], [-104.33435989047959, 21.08540340263251], [-104.33376501173089, 21.08589359123403], [-104.33307244575617, 21.08480709671722], [-104.33191326914746, 21.083383165057725], [-104.33002886044214, 21.08344283034621], [-104.32734057169581, 21.08191706279123], [-104.32454416022455, 21.07964363656607], [-104.32208610728911, 21.078535235579974], [-104.32158135393978, 21.081182412880466], [-104.31975948460288, 21.085554566003875], [-104.31939891978877, 21.086130530150083], [-104.31784635764342, 21.08785257079859], [-104.31689508786182, 21.08858703200539], [-104.31464789308211, 21.089388294475164], [-104.31274529386862, 21.090857173711246], [-104.30908866175153, 21.09139205118358], [-104.31161975548478, 21.09598417221284], [-104.31169695616256, 21.09913607618451], [-104.31293008236989, 21.10396076261354], [-104.31090741663353, 21.10559395990754], [-104.30960281728832, 21.10632397329808], [-104.30817513552755, 21.107467037788293], [-104.30686622992516, 21.108528653352764], [-104.30543957636668, 21.109588787341288], [-104.30352162999291, 21.112218233356852], [-104.3026803636102, 21.113534420127323], [-104.29898448864188, 21.1170536716365], [-104.30427079322041, 21.118031951659905], [-104.30544708358828, 21.118129572082342], [-104.30685991776261, 21.118147218730012], [-104.30909049722824, 21.118672571141282], [-104.31143136171538, 21.119779703766504], [-104.31283355178452, 21.12062636152294], [-104.31493473697229, 21.122062139225285], [-104.31622135738166, 21.122741493062595], [-104.31692460626607, 21.122998991901508], [-104.31901523634333, 21.125263781870316], [-104.31935039681255, 21.12667757116827], [-104.31980649525707, 21.12784410268339], [-104.3196664362737, 21.129583669836745], [-104.31799247191717, 21.13155294758561], [-104.31751084454243, 21.132376156857728], [-104.31773144709389, 21.133539767111483], [-104.31782685670404, 21.135282256371923], [-104.31757858927628, 21.136274202622083], [-104.31720724577627, 21.13767921495469], [-104.31696109848065, 21.138505347873878], [-104.3172920084222, 21.140250763135832], [-104.31798363870078, 21.141420224854276], [-104.31866570804243, 21.143335837474986], [-104.32754110866173, 21.14925017115938], [-104.32849589838578, 21.148266946086956], [-104.33039698333182, 21.146963727774132], [-104.33192469105818, 21.147231345574706], [-104.3340528114051, 21.1465942410895], [-104.33704209481563, 21.1430655378024], [-104.33927105873865, 21.14375631639271], [-104.34031930936229, 21.14468131619075], [-104.34172400216535, 21.145361930108795], [-104.34230439267948, 21.146032412528193], [-104.34417490016098, 21.147133322261954], [-104.34465118697254, 21.146724568261607], [-104.34546921448661, 21.147232115928144], [-104.34663214543039, 21.148407241167313], [-104.34769409258394, 21.1482544123477], [-104.34922603576285, 21.148190248991884], [-104.35027647254805, 21.14894937596779], [-104.35179378916487, 21.15004588157008], [-104.3530609767517, 21.152300189123924], [-104.35398534405141, 21.153721107905685], [-104.35562258965962, 21.154653205349177], [-104.35736303129927, 21.156747415974458], [-104.35771320970628, 21.157000442782213], [-104.35886485709497, 21.159087459983436], [-104.35838023310343, 21.16015950629883], [-104.35742138761468, 21.161474528077402], [-104.35587887644338, 21.162367827534357], [-104.3545823336441, 21.162434923117374], [-104.35292306768463, 21.163243850485504], [-104.35198297274621, 21.163066523111556], [-104.3519631087302, 21.164641745552228], [-104.3508822177144, 21.166286913260535], [-104.3499002380879, 21.169425828708093], [-104.34479590052794, 21.17251421793819], [-104.34220683644901, 21.172316599612373], [-104.34067464353467, 21.172380692693856], [-104.33793831108962, 21.174502931626105], [-104.33638711538977, 21.17605929352349], [-104.33413657291757, 21.17702658579484], [-104.33209726187256, 21.179903590209484], [-104.33017777513344, 21.182616210614583], [-104.3279196788369, 21.18416375600148], [-104.32577826557818, 21.185795633754257], [-104.3234022845584, 21.18734165728765], [-104.32137644303145, 21.18914074727265], [-104.3195989106266, 21.18994787093775], [-104.31900142807892, 21.190603800162794], [-104.31815024677016, 21.192666192497967], [-104.31754528913714, 21.193902453919414], [-104.31764390960333, 21.195396215687733], [-104.31810338395643, 21.19631403148575], [-104.31677242797933, 21.19903380071606], [-104.31580869468192, 21.200680185466958], [-104.31379538921155, 21.201484311024263], [-104.31107417604326, 21.202362504954145], [-104.3094174445618, 21.202922267849715], [-104.30834864895921, 21.203572274609375], [-104.30598292512889, 21.20428898649381], [-104.30386996120582, 21.20368213237036], [-104.30220996735702, 21.20449053833935], [-104.29876781644975, 21.206437441628857], [-104.2972341877263, 21.20658403546552], [-104.29487375846993, 21.20688606459473], [-104.29240739135439, 21.20627462615531], [-104.28853063294623, 21.205396627294757], [-104.28583737792937, 21.204118887485283], [-104.28219306848771, 21.203492432317464], [-104.27866333267578, 21.203116104389483], [-104.27737403356626, 21.202602265585305], [-104.27423587915473, 21.199328667953885], [-104.27167811779012, 21.196725732203376], [-104.27015658139439, 21.19596013440884], [-104.26884989382187, 21.1967727021978], [-104.2688291338715, 21.1983478842265], [-104.26880946563732, 21.199840161654986], [-104.26761288260941, 21.20123454648249], [-104.26594397580762, 21.202705825174466], [-104.26427503600904, 21.204177086162453], [-104.26260167792854, 21.205979945817276], [-104.26198962645626, 21.207713416168193], [-104.26149536704406, 21.209448387240183], [-104.2611123199873, 21.21168228420881], [-104.26015228483584, 21.212996713255126], [-104.25837524976689, 21.21372026901695], [-104.25625796658795, 21.213444437129777], [-104.25343163105062, 21.21332533175618], [-104.25131987875683, 21.212634919475615], [-104.25001956447522, 21.212949910230005], [-104.24681660747756, 21.214567136026044], [-104.24457046226291, 21.215118679866215], [-104.24409648997239, 21.215048313275272], [-104.24151292284178, 21.214664728687392], [-104.24153474410606, 21.212904320217046], [-104.24190785105694, 21.210925237431407], [-104.24251176000537, 21.209609898338773], [-104.24300248896915, 21.20771479229467], [-104.24219017564077, 21.205887468471673], [-104.24078370077224, 21.204301278691414], [-104.23877933592084, 21.20336936176455], [-104.23736842715307, 21.202278928595586], [-104.23571701871982, 21.201598928133368], [-104.23442753702842, 21.200179303554357], [-104.23396901619176, 21.1985212699077], [-104.23410091301496, 21.197035275058585], [-104.23518285412061, 21.19522959814425], [-104.23520010552018, 21.193329093387767], [-104.23509747793955, 21.191592494828946], [-104.23558298519168, 21.190275822216382], [-104.23476185030556, 21.18944003282343], [-104.23358935273299, 21.188187019493455], [-104.23182575694594, 21.186844584224236], [-104.23053192195528, 21.18592071627066], [-104.22898629261178, 21.186646733114287], [-104.22720390029909, 21.187370015128458], [-104.22518625286109, 21.187925293740523], [-104.22317842673587, 21.187406351961798], [-104.22212593225716, 21.185989364302255], [-104.22119334448638, 21.184408473946995], [-104.21908086737619, 21.182400773384266], [-104.21861801343928, 21.18123848407042], [-104.2182811254965, 21.179251255617856], [-104.21912107627796, 21.178021360076794], [-104.21854290451743, 21.17652718292384], [-104.21890331083164, 21.17595286716677], [-104.21796094807381, 21.17544615618617], [-104.2182052670214, 21.174622584055573], [-104.21821209808542, 21.173878909790304], [-104.2189222766469, 21.173887105101503], [-104.2199890608489, 21.17373413144686], [-104.2207022695065, 21.17341179713869], [-104.22106871869703, 21.172176431654375], [-104.22096020330845, 21.171100870250733], [-104.22155579351744, 21.17069453703395], [-104.22274166956164, 21.17046027823441], [-104.22310128827742, 21.16996858278821], [-104.22275604066154, 21.16889029650707], [-104.2221718110669, 21.168057175143584], [-104.22218391722245, 21.16673508510631], [-104.22230832707432, 21.166075403126673], [-104.22268533075712, 21.163683202765142], [-104.22293111440419, 21.162694359891823], [-104.22376790685523, 21.16179495794624], [-104.22365559856492, 21.161132550212283], [-104.22294850408618, 21.160793853805714], [-104.22212684280471, 21.160040638018433], [-104.22213440750694, 21.159214330990903], [-104.22307517254899, 21.15988627838893], [-104.22355311515807, 21.159395942888715], [-104.22379964052263, 21.158324467111033], [-104.22393461065973, 21.15650795212393], [-104.22406504504725, 21.155187221285182], [-104.2247849490662, 21.154121188785535], [-104.22597370465647, 21.15355637930026], [-104.22751824511991, 21.15291300798931], [-104.22894292134212, 21.15243352590534], [-104.23012939294934, 21.152116579054344], [-104.2299825407179, 21.149315735735872], [-104.23068869533044, 21.148614263986946], [-104.230924627775, 21.148118015892752], [-104.23145417182475, 21.147622985597344], [-104.2319845762, 21.14671360050933], [-104.23245478584667, 21.146508370489617], [-104.23298449126364, 21.145930464357285], [-104.23099192924423, 21.144016165439854], [-104.22553124435241, 21.14191971404585], [-104.2247725209438, 21.14162840857708], [-104.21890608333761, 21.139034740036433], [-104.21943626116428, 21.13824970044966], [-104.2195547757272, 21.13775297292985], [-104.21885096212398, 21.13737708325986], [-104.21820532973189, 21.137250050159615], [-104.21767623252423, 21.137537863319217], [-104.21714812786121, 21.137369887435955], [-104.21650249718076, 21.137242847889063], [-104.21603229680099, 21.137448034051083], [-104.21556155002516, 21.137901830032916], [-104.21520896559063, 21.138024641337687], [-104.21491591862286, 21.137774784415043], [-104.21503526666613, 21.13690514374583], [-104.21509553141014, 21.13620099454412], [-104.21492065186493, 21.135620154303357], [-104.21462779216334, 21.135287426576987], [-104.21486466481782, 21.134376849048742], [-104.21515979661714, 21.13367369613985], [-104.21492565682851, 21.133341218012276], [-104.21381085960036, 21.132963563709907], [-104.2131642449612, 21.133292299214123], [-104.21257707752714, 21.133289800615003], [-104.21257845205902, 21.132668272750433], [-104.21234514487718, 21.131962874508734], [-104.21211101405534, 21.131630392703556], [-104.21170073643323, 21.131297159963353], [-104.21082110265091, 21.130796181850666], [-104.21052826144467, 21.130463447430493], [-104.210999274879, 21.129885359215756], [-104.21176395223783, 21.129267085563225], [-104.21211743549782, 21.128729928682176], [-104.21194294243536, 21.127983344659157], [-104.21165056313794, 21.127443436119613], [-104.21088966877194, 21.126362866331153], [-104.21124369943811, 21.12557709969045], [-104.21189138489983, 21.12475114762464], [-104.21230567671846, 21.12326122943047], [-104.21254272479217, 21.122267783229024], [-104.21236768654597, 21.12176981071501], [-104.21183973538555, 21.1215603846622], [-104.211488380898, 21.12114453148387], [-104.2114307708845, 21.120647058414207], [-104.2121357700389, 21.120442883153185], [-104.21260610393291, 21.120154835384582], [-104.21278315306041, 21.119741232100537], [-104.21231465219374, 21.119200575354842], [-104.2118455128693, 21.11894996415813], [-104.21143554514026, 21.118492425640905], [-104.21137885410356, 21.117580599898602], [-104.21208383868117, 21.117376424328093], [-104.21296522670454, 21.117048688923123], [-104.21355296863672, 21.116761137234075], [-104.21408181612514, 21.116556204772685], [-104.21455240666793, 21.116143845098303], [-104.21396667258809, 21.115519824107192], [-104.21314564890795, 21.11510197962702], [-104.21261936557843, 21.114146721478498], [-104.21308976959939, 21.113817236215727], [-104.21367722497736, 21.113653989466723], [-104.21467555109899, 21.113533919381048], [-104.21538042168612, 21.113371164573284], [-104.21491347345932, 21.112126114627674], [-104.21450405931823, 21.111419971580904], [-104.21456458454833, 21.11059151427196], [-104.21503479155106, 21.11034489363674], [-104.21568148212633, 21.10993327621252], [-104.21556614981232, 21.108979766314643], [-104.21498025700177, 21.108438619715603], [-104.2147481521177, 21.107194564254876], [-104.2149839757695, 21.106739770911567], [-104.21574842475289, 21.106162908728297], [-104.21663027965876, 21.105586539350742], [-104.21686699646399, 21.104717389375843], [-104.21757263255364, 21.104181705529285], [-104.21745702134768, 21.10335250217979], [-104.21763421546235, 21.102856021206396], [-104.21857483772183, 21.102238453080666], [-104.21951527353114, 21.101703750264566], [-104.22027976842134, 21.10108543054655], [-104.22098644266094, 21.100052506229233], [-104.22116557661602, 21.098644441327192], [-104.22105048206257, 21.097566626760965], [-104.22087624176336, 21.096695742626736], [-104.22046630428025, 21.096238225800914], [-104.2195860381989, 21.096110215575763], [-104.21899964239678, 21.095817695760925], [-104.21841378667709, 21.095276561415233], [-104.21865092245109, 21.094200229895794], [-104.21829978945127, 21.093701520053568], [-104.218011372057, 21.09255920666007], [-104.21825932346775, 21.091322465798413], [-104.21862329691864, 21.09033498202797], [-104.2186308638893, 21.08950866906042], [-104.21770190992927, 21.08759723621247], [-104.21748803807141, 21.085115567642184], [-104.21773143696505, 21.084374614315795], [-104.21833273461536, 21.083307226917974], [-104.21893175445703, 21.08248773116644], [-104.21906668264847, 21.080671203341332], [-104.21931535823639, 21.079351826903345], [-104.22063087910774, 21.077796817593452], [-104.22218445274663, 21.076079256020837], [-104.22314355354085, 21.07468540476058], [-104.22245043835954, 21.072859347509176], [-104.22163226655726, 21.071775610405563], [-104.22175733941914, 21.071033287563456], [-104.222713394315, 21.069969963404954], [-104.22272168760772, 21.06906101579963], [-104.22285127531266, 21.067822901976555], [-104.22345246633013, 21.06675549117367], [-104.22286785877088, 21.06600500613734], [-104.22277176785563, 21.065692857313497], [-104.22263808833452, 21.065258600745178], [-104.22394290264951, 21.064860401703093], [-104.2254835112029, 21.064547541052846], [-104.22596413796899, 21.063726656730402], [-104.22870625113063, 21.06136154769099], [-104.23011954509641, 21.062038869302313], [-104.23165187640122, 21.062634901726792], [-104.2329499129838, 21.06298031884801], [-104.23295963842163, 21.061906104286], [-104.2322597197723, 21.06082376956188], [-104.23191088713001, 21.060158653349962], [-104.22920185209745, 21.05888801636564], [-104.22885303747671, 21.058222894279318], [-104.22875052227499, 21.056486269511424], [-104.22828569664259, 21.05557189478922], [-104.22805891561876, 21.054494968033836], [-104.22830595983112, 21.053340834351605], [-104.2276061133951, 21.052258481636425], [-104.22630517657966, 21.052243553882505], [-104.2257213603353, 21.05141044686418], [-104.22632847293768, 21.04968196622816], [-104.22692805997058, 21.04877980162536], [-104.22740862529659, 21.047958909896046], [-104.22730237554018, 21.04663544253726], [-104.22778818542669, 21.0452361256557], [-104.22862651685104, 21.044088770283025], [-104.22992588502322, 21.04426894210747], [-104.23147076041593, 21.043460227278462], [-104.23360243388352, 21.04315405246074], [-104.23596688936152, 21.04326371264922], [-104.2380940839273, 21.04345327418527], [-104.23927445575306, 21.043714657773208], [-104.24116959934041, 21.043405690935383], [-104.24200262134813, 21.042836691796566], [-104.24307586654419, 21.041857218225505], [-104.24414168344299, 21.041704060676377], [-104.24532205358648, 21.04196540221701], [-104.24638490861318, 21.042142760033414], [-104.24780698243138, 21.041828344211858], [-104.24864071030852, 21.041176678981614], [-104.2492403294511, 21.04011088204894], [-104.24930251512565, 21.040000606576086], [-104.24944821230578, 21.039741277075066], [-104.24396448295427, 21.035090782192636], [-104.24397560337425, 21.033851296242485], [-104.24398746456507, 21.03252917769119], [-104.24376282327495, 21.03120436934549], [-104.24318121088432, 21.030123422524767], [-104.24224263258445, 21.029286333806105], [-104.24189456587098, 21.028538604115262], [-104.24167217529914, 21.026965895868297], [-104.2414279231304, 21.02644117256252], [-104.24132411646099, 21.026218165057283], [-104.24014908014016, 21.025378372433906], [-104.2390893273536, 21.024870449570244], [-104.2360194117381, 21.02433958058756], [-104.23543788102302, 21.02325860892922], [-104.23497609405644, 21.022013721555854], [-104.23464001850556, 21.019943860621158], [-104.2342994734818, 21.018369792920055], [-104.2338429353551, 21.016546476013588], [-104.23338342070507, 21.015053687291992], [-104.23268445308636, 21.013888722659914], [-104.23234319302007, 21.01239728335241], [-104.23259610025443, 21.01058207553775], [-104.23249280784559, 21.008928075450584], [-104.23226979107808, 21.007437987634788], [-104.23192256904673, 21.006607606291563], [-104.23253090531655, 21.004713821799424], [-104.23325820019173, 21.00273875329853], [-104.23734419242173, 20.99543035502327], [-104.23841488674475, 20.994698794040854], [-104.2385457462554, 20.993295386193598], [-104.23808104242686, 20.992381035680985], [-104.23714272236025, 20.991543923206038], [-104.2366966396612, 20.98856375206115], [-104.23612416820423, 20.98649118996306], [-104.23648700216117, 20.985586277098864], [-104.23814795642072, 20.98494409077803], [-104.2395665285014, 20.984960256937168], [-104.24027729922805, 20.9848030699822], [-104.24087949860007, 20.983570307565408], [-104.24100809662659, 20.982414793541796], [-104.24138201346696, 20.98027037565526], [-104.24163400301708, 20.978537775522756], [-104.24176407203952, 20.977216994126177], [-104.2405457830067, 20.97554819061637], [-104.24213722170562, 20.975155205499394], [-104.24563542036921, 20.967344026869547], [-104.24564428634051, 20.966352429754483], [-104.2451870066928, 20.96461176594544], [-104.24496908774931, 20.96254325340288], [-104.2445088687977, 20.961133120106236], [-104.24499791072441, 20.959320561063542], [-104.24559626945089, 20.95850093990941], [-104.24678115943432, 20.958183821802997], [-104.24797046867845, 20.957370896086108], [-104.24868552197294, 20.956717867568717], [-104.25047680749438, 20.954672123496664], [-104.25285825643302, 20.952715674336194], [-104.25321869948176, 20.95205861696205], [-104.25263877411072, 20.950812432866112], [-104.25229155814132, 20.949982088117746], [-104.2537215498359, 20.948675991778575], [-104.25420456679397, 20.94752446683274], [-104.25397553382088, 20.94669546075955], [-104.25516984469441, 20.945304045212918], [-104.25624302078805, 20.94424182044591], [-104.25684418536379, 20.94309162052918], [-104.25768023958948, 20.942109351638685], [-104.25851847628314, 20.940879177373258], [-104.25900581507261, 20.939231834127213], [-104.25984475469842, 20.93791901846704], [-104.2607974777181, 20.937103331126725], [-104.2606887884163, 20.936027762119608], [-104.26082156016183, 20.934376418632233], [-104.26106155882692, 20.933965911344874], [-104.26214044287087, 20.932242574312784], [-104.26320837661893, 20.931758736476684], [-104.26451701549281, 20.930781745172645], [-104.26511515159612, 20.92996204626539], [-104.2653682193699, 20.928064122459155], [-104.26538494188621, 20.926163542991624], [-104.2649209931691, 20.92516662591792], [-104.26683274554887, 20.922791474414844], [-104.2674395458412, 20.92098015747928], [-104.267451883988, 20.91957537949871], [-104.26806011343074, 20.91759879101087], [-104.26937366847335, 20.91604331781391], [-104.26985790293625, 20.91472646934747], [-104.2704617357347, 20.913245674460065], [-104.27035805665486, 20.911591668112536], [-104.2694229372363, 20.910424198514445], [-104.26813336449847, 20.909252749040082], [-104.26896842722117, 20.908353047398943], [-104.26945046513869, 20.90728410078444], [-104.26898581847821, 20.90636982765586], [-104.26792751208731, 20.905779465039867], [-104.26698664110653, 20.905273056079434], [-104.26711640334621, 20.90395223555714], [-104.26637074824993, 20.90308097433745], [-104.26713187720041, 20.903207920541675], [-104.26783549758328, 20.903086783283207], [-104.26818691382951, 20.90312949294885], [-104.26841940801435, 20.903626165588864], [-104.26877066844804, 20.903710185852933], [-104.26894739936057, 20.903463013383746], [-104.26924132104003, 20.90321630587673], [-104.26965164782673, 20.903176621564853], [-104.26971118552642, 20.90292898334839], [-104.26965337504869, 20.90272219207745], [-104.2697727637848, 20.90214429202028], [-104.27036059830017, 20.901650873319287], [-104.2705973298265, 20.901032124992316], [-104.27054406448649, 20.899627291972603], [-104.27025422934972, 20.89879989543742], [-104.27025689510802, 20.89809759485912], [-104.27072830820649, 20.89739715077089], [-104.27120018646154, 20.896572769748914], [-104.27178830689577, 20.895996721394635], [-104.27255095169943, 20.895751859623427], [-104.2732543775537, 20.895672010636698], [-104.2738404614031, 20.89563300881539], [-104.27419248528551, 20.895510458318732], [-104.27495450209501, 20.895430833043104], [-104.27530885554744, 20.894688602300015], [-104.27525399267253, 20.893696887166957], [-104.27554866139907, 20.893243608319676], [-104.27572754217354, 20.892418061600228], [-104.2757297156391, 20.89183969530553], [-104.27625827856761, 20.891511271309753], [-104.27707840092434, 20.89155580159993], [-104.27772352353443, 20.891393079989395], [-104.27778428018367, 20.890814942882148], [-104.27790532798602, 20.889782604173035], [-104.27814339970385, 20.88879203586004], [-104.27884787132123, 20.888422979300664], [-104.27949297874784, 20.888260250508374], [-104.28043118853917, 20.888057350338315], [-104.28072429208014, 20.88801718093099], [-104.28078242053448, 20.88814134520512], [-104.28078457403726, 20.887562977993095], [-104.28084547077339, 20.886943527206505], [-104.28149133800439, 20.886574230824685], [-104.28254794012388, 20.886041279196533], [-104.28284349107683, 20.885340114462526], [-104.2824358221578, 20.884677528517138], [-104.28237999380246, 20.883933685126056], [-104.28261664643658, 20.883314916633605], [-104.28232646612985, 20.882570161948323], [-104.2818606794263, 20.881783410904838], [-104.28209763729585, 20.881082018965078], [-104.28262614860239, 20.88075357337595], [-104.282510966922, 20.88021606196068], [-104.28239639919298, 20.879513302466837], [-104.28222186599504, 20.879182123032972], [-104.28116930594203, 20.8786409627169], [-104.28040799183493, 20.878555370471744], [-104.280469039072, 20.877894607122027], [-104.28123326823378, 20.877195271059268], [-104.28111717212036, 20.876905630707096], [-104.28082501251937, 20.876697929485424], [-104.28106135188682, 20.876161786486374], [-104.28094602511699, 20.87566558599825], [-104.28019149560946, 20.873762265079655], [-104.28001974343343, 20.872687467358983], [-104.28043352152594, 20.871697578155946], [-104.2813170342921, 20.870420328572393], [-104.28225865485325, 20.869267237672176], [-104.28343382539661, 20.86832161070693], [-104.28390447003763, 20.867786371655406], [-104.28543141416466, 20.86675946842315], [-104.28561096656786, 20.86572734588845], [-104.28631789694903, 20.86465594819447], [-104.28731513928864, 20.864287983015352], [-104.2882530385436, 20.864126346893222], [-104.28848705863098, 20.8642098734276], [-104.28907468243436, 20.863716382159446], [-104.28931475208786, 20.862147422020563], [-104.29007840656035, 20.86157197814676], [-104.29101613565092, 20.861451638422437], [-104.29177737147607, 20.86153718132436], [-104.29207267803339, 20.860877308212586], [-104.29201545281869, 20.860505274375306], [-104.29254236682313, 20.860589916467653], [-104.29313101457927, 20.859807224979882], [-104.29319244653551, 20.859022517259557], [-104.29384026301858, 20.85807479796143], [-104.29528461005283, 20.857407513679902], [-104.29466575201877, 20.85659068700645], [-104.2944927139578, 20.855846397022738], [-104.29455458578776, 20.85493775153687], [-104.29490934135666, 20.85403022226853], [-104.29514574291657, 20.85345274371772], [-104.29503158114977, 20.85262605268206], [-104.29503487176709, 20.85171718338916], [-104.29492026283484, 20.851014428904257], [-104.29515680879183, 20.8503956377506], [-104.29521792586564, 20.849693552545933], [-104.2951030182612, 20.84907342255076], [-104.29539888215089, 20.84824829258919], [-104.29540351442823, 20.846967612350532], [-104.29534912429456, 20.845810645773376], [-104.29529279210053, 20.845190738658538], [-104.29587882585834, 20.845110343020703], [-104.29652164333378, 20.84552591537959], [-104.29710514581112, 20.846147824475487], [-104.29827409741334, 20.846854577169754], [-104.29915271047575, 20.846857904788376], [-104.30003265711768, 20.84648941710813], [-104.30044252764652, 20.8465322786343], [-104.30179224256246, 20.845835052431536], [-104.3029061773349, 20.845550057204797], [-104.3042516098808, 20.846050869156457], [-104.30483500007827, 20.84671406518496], [-104.30553891739493, 20.846427514191248], [-104.30636129794975, 20.845769587385448], [-104.30712246601423, 20.8458550602244], [-104.30758959654588, 20.846269934998507], [-104.30811544984549, 20.846643714804983], [-104.30887778944604, 20.846398680898705], [-104.30923331218133, 20.84524324369601], [-104.31005697921285, 20.844213486768037], [-104.31087918331446, 20.843596849629463], [-104.31199453480302, 20.842898669990586], [-104.31258142074573, 20.842570342065994], [-104.31258185481488, 20.842446404754014], [-104.31240758416043, 20.84203262913991], [-104.31217517645953, 20.841494698868615], [-104.3125873526854, 20.840876531980676], [-104.31299923638751, 20.840340988865826], [-104.31323352383117, 20.84034185624808], [-104.31393638623862, 20.840344456472433], [-104.31516596383484, 20.840472937334805], [-104.31598697720614, 20.84018677408441], [-104.31657542351968, 20.839403994512395], [-104.31704643432741, 20.838703406739352], [-104.31739886535625, 20.8384155118074], [-104.31868714527312, 20.838502869917225], [-104.32014985748148, 20.838962674404303], [-104.32085228729413, 20.839089183647683], [-104.32091000445098, 20.839337272963526], [-104.3212597263436, 20.83983430791546], [-104.32166873340645, 20.840124993497135], [-104.32201874376993, 20.840539401921575], [-104.32248575848574, 20.840995549528795], [-104.32283648247605, 20.84120339371356], [-104.32330421048464, 20.84145297652146], [-104.32353821676809, 20.8415364549259], [-104.32506180708792, 20.841335431095008], [-104.3261755284454, 20.841091594805988], [-104.3271114190731, 20.841466803542712], [-104.32751973908445, 20.84196403835089], [-104.32898349505507, 20.842134580854417], [-104.3299205191361, 20.842179273907476], [-104.33062297319454, 20.842305743667822], [-104.33126713480186, 20.842349374738593], [-104.33237597976297, 20.843551439078638], [-104.33278390529335, 20.844172599630948], [-104.33348289614017, 20.845331872932714], [-104.33394940515177, 20.845953240763947], [-104.3343590088119, 20.846078646546925], [-104.33582419772421, 20.845836005671813], [-104.33699582112303, 20.84579887182277], [-104.33804960682446, 20.845967876389647], [-104.33875318681041, 20.84576381231065], [-104.3393401662474, 20.84539407887998], [-104.34074813800757, 20.84473806095643], [-104.3416862777457, 20.844452188820373], [-104.34221098266876, 20.845197680164663], [-104.34291305314503, 20.845448038147], [-104.34349729601188, 20.845904543701547], [-104.3449014504223, 20.846405246542748], [-104.34566292010413, 20.846407923378518], [-104.34595674240292, 20.84611976317117], [-104.34701284251527, 20.845586396951344], [-104.34765729493573, 20.84554734144076], [-104.34847598578153, 20.84596333789629], [-104.34941156111807, 20.846462365014435], [-104.35017424194847, 20.846093207257532], [-104.3504699365401, 20.845226660785205], [-104.35117443708694, 20.84473335593223], [-104.3519379088017, 20.844116313399304], [-104.35240864039869, 20.843456937527666], [-104.35393288659728, 20.843049092566204], [-104.35522083609793, 20.843260115831594], [-104.35609917286018, 20.84334577635396], [-104.35627675224055, 20.842768003722487], [-104.35715747235972, 20.842110028352423], [-104.35791918689505, 20.842030024520287], [-104.35844726948206, 20.84174264791197], [-104.35891704133347, 20.841372442785413], [-104.35950224186674, 20.841539705053158], [-104.35979576520829, 20.841334145660376], [-104.35950553864657, 20.840506884382926], [-104.35933140417535, 20.84001052738192], [-104.35905223753723, 20.83950735597216], [-104.36011239666267, 20.838933369115985], [-104.36082160059195, 20.83802748127692], [-104.36106005023866, 20.83728490605771], [-104.36071102861114, 20.83653993745296], [-104.35977646992336, 20.835379498468537], [-104.35919363045367, 20.834385723763198], [-104.3589628868329, 20.833476002022003], [-104.35932075485083, 20.83232083501484], [-104.35955997224156, 20.831413031827207], [-104.35909540840355, 20.830254506643783], [-104.3592179059045, 20.829180994321455], [-104.35946058442609, 20.82752965768184], [-104.35970133239788, 20.826291394325736], [-104.35947252189412, 20.824968598548992], [-104.35853881275929, 20.823642923713148], [-104.35772067262131, 20.8227307986928], [-104.35772607597474, 20.821574191190145], [-104.35796605557688, 20.820501159221987], [-104.35809047963487, 20.81901457221559], [-104.3580954935263, 20.817940578994634], [-104.35762789198716, 20.81744296834733], [-104.35692533654809, 20.816944394661324], [-104.35669347090327, 20.816282513660042], [-104.35459591901173, 20.812638787081436], [-104.35366077421145, 20.81164354632101], [-104.35260661402761, 20.810978276277133], [-104.35143148748442, 20.811056048825446], [-104.35014083554056, 20.810720253788585], [-104.34628106559815, 20.807151753547394], [-104.34628420079945, 20.806490835310868], [-104.34664052811709, 20.80566615121306], [-104.34734886677867, 20.804925543273256], [-104.34817544852261, 20.804020189249016], [-104.34853293127938, 20.802947656000164], [-104.34842015170013, 20.801955791219665], [-104.3483058106428, 20.8012943857633], [-104.34854582015777, 20.800221365363026], [-104.34936924779451, 20.799976923413467], [-104.35054545730166, 20.79965131790231], [-104.35113472759645, 20.799240667271047], [-104.35160886347498, 20.79833384060236], [-104.35243460656784, 20.797593693686817], [-104.35361117922247, 20.797185451418205], [-104.35408529371557, 20.796278617132312], [-104.35385695752964, 20.794873196702937], [-104.35339254142752, 20.793714655227227], [-104.35386742075947, 20.79264259084682], [-104.35375538694073, 20.791485498365024], [-104.35316809354245, 20.79148308433802], [-104.3521132962179, 20.790983043513442], [-104.35117401917678, 20.79089655587216], [-104.34999632096448, 20.791552627810507], [-104.34846623535014, 20.79220723287756], [-104.3471726206444, 20.79253233869727], [-104.34599920272919, 20.792279618242997], [-104.34553093440555, 20.791947206096214], [-104.34435713139399, 20.791777089486107], [-104.34306469262451, 20.79185431960713], [-104.34224366310586, 20.791603043300203], [-104.34130793829172, 20.790772968076336], [-104.34037261852554, 20.789860273102143], [-104.33955516160242, 20.788865450745732], [-104.33897262638729, 20.787871610198586], [-104.33259571381286, 20.79494975203337], [-104.29236197352772, 20.783952050786354], [-104.29012702234324, 20.7846029831652], [-104.28789670860327, 20.7843451321654], [-104.28484212000288, 20.784496616542803], [-104.28343312702256, 20.784407641147386], [-104.28320077883618, 20.783910896429237], [-104.2837927142807, 20.783004796192436], [-104.2839152691015, 20.782013959437574], [-104.28368845370856, 20.780443234195168], [-104.28381228266285, 20.779204555333884], [-104.28381951341565, 20.7778001180645], [-104.28382461713838, 20.776808750440374], [-104.2838322721979, 20.77532169878728], [-104.28396077119048, 20.773174264860653], [-104.28385055673648, 20.77176929656226], [-104.28421095630983, 20.77020121961265], [-104.28445433342043, 20.768549997829272], [-104.28210597544509, 20.76845677674438], [-104.28034268120265, 20.768779256363842], [-104.2789338375664, 20.768690248228417], [-104.27705438198977, 20.768764318644806], [-104.27611830295182, 20.768099127869352], [-104.2761225959249, 20.767272988675227], [-104.27659706731582, 20.766366375598338], [-104.27695452505185, 20.765376612425452], [-104.27649121426859, 20.76413526404644], [-104.27170182009559, 20.759239046161337], [-104.27206144756079, 20.75783622312041], [-104.27253634248152, 20.75684700615816], [-104.27207050434794, 20.756101330227317], [-104.27078137401098, 20.755599726725848], [-104.27019422968358, 20.755597032720836], [-104.26949355034226, 20.75485027202318], [-104.26890987259318, 20.75418666240955], [-104.26809091214018, 20.75360458420008], [-104.26715322963406, 20.753269802934327], [-104.26586327133326, 20.752933391327744], [-104.26481034743331, 20.752184986304506], [-104.26529092266905, 20.750121809156614], [-104.26588456236544, 20.748885310727527], [-104.26718099299688, 20.747982512259785], [-104.26894666460024, 20.74716447671977], [-104.27035659661506, 20.747005718850577], [-104.27200223255593, 20.746682796534294], [-104.27282720128899, 20.746108259067118], [-104.27435411221185, 20.746032619019775], [-104.27635113707454, 20.7458764901818], [-104.27740536197108, 20.746376983011142], [-104.27834217162271, 20.74687693635392], [-104.2789288560288, 20.746962215711697], [-104.27975465501477, 20.746222415915003], [-104.28116286550437, 20.746394025679816], [-104.28233623513286, 20.74656456315393], [-104.28339303510356, 20.746569334436074], [-104.28433708133552, 20.745664813063048], [-104.28609882855913, 20.745590126479353], [-104.28750535144987, 20.74609214168478], [-104.28950405493573, 20.745605402217134], [-104.2909152189668, 20.74519863146514], [-104.29173969070492, 20.744706615256185], [-104.29209615511569, 20.743882042645602], [-104.29186509655388, 20.74313746496282], [-104.29304223192607, 20.74256439887841], [-104.29351442547681, 20.742070803760637], [-104.29269585044608, 20.741406226421518], [-104.29140592903724, 20.74107000729727], [-104.28964718480205, 20.74056644890928], [-104.28847427339048, 20.74031334790567], [-104.28706399480743, 20.740554871218155], [-104.28565286499199, 20.74096161153392], [-104.28459652757101, 20.740874240939664], [-104.28378012194801, 20.73979655094363], [-104.28331682584653, 20.73855521774392], [-104.28296967724965, 20.737562256453728], [-104.28227199072732, 20.73623724653706], [-104.28168917569538, 20.73540845067535], [-104.24766270399532, 20.725501985251537], [-104.24755041710024, 20.723763896971597], [-104.247557361398, 20.72136408821444], [-104.24732800468936, 20.719542950956935], [-104.24656883640152, 20.718382495383324], [-104.24662773176296, 20.71829989166737], [-104.24604429961106, 20.717222630857396], [-104.24522481349676, 20.71664128550922], [-104.24434692019723, 20.715977035319153], [-104.24358827479735, 20.714651063309766], [-104.24300656973332, 20.71299452861139], [-104.2428944611866, 20.711215060685834], [-104.24325108745492, 20.70960229213271], [-104.24419289468503, 20.708446150168616], [-104.24513348518184, 20.70770376309114], [-104.24672042648726, 20.70654924065863], [-104.24760401605548, 20.705227425706916], [-104.24807620471572, 20.704194205170804], [-104.24813819733535, 20.703035821768488], [-104.24737969842508, 20.701668489343998], [-104.24676880098048, 20.70063099223572], [-104.24572077100191, 20.699056339914268], [-104.24549400160323, 20.69756817885798], [-104.24503024832836, 20.69649197786475], [-104.24456783598038, 20.695167933844655], [-104.24422103175252, 20.69417490004538], [-104.24316549575975, 20.694004671207992], [-104.24212354117408, 20.694041901277476], [-104.24293851011979, 20.693329579325372], [-104.24512839133536, 20.691228017396323], [-104.24572223656813, 20.689821753470877], [-104.24808671975183, 20.688757845691384], [-104.24962177111652, 20.688849980331113], [-104.25056692870093, 20.688689776755538], [-104.25027578237847, 20.686946469676897], [-104.25169340237943, 20.68674762158773], [-104.25311217918524, 20.686051178550855], [-104.25601046691622, 20.68391223221292], [-104.25719291921891, 20.68325581313852], [-104.25808470640428, 20.680607296109198], [-104.25773377434197, 20.679153904498573], [-104.25566914051788, 20.67831230580335], [-104.25496214998371, 20.677644640621484], [-104.25319585925749, 20.67547788179848], [-104.25278516873408, 20.674355851234154], [-104.25030830673157, 20.673097069803745], [-104.24812502930374, 20.672544934282406], [-104.24813178275521, 20.669683829102883], [-104.24843373138137, 20.666824492683393], [-104.24837909094151, 20.664958199395603], [-104.24678956108622, 20.663041232585726], [-104.24620154088514, 20.662042519892935], [-104.24590871416193, 20.66104557900554], [-104.24620989540894, 20.6585179670859], [-104.24627246846893, 20.65702556939913], [-104.24609801508532, 20.65590494146482], [-104.2456877200067, 20.65465849865097], [-104.24574931183959, 20.65358075416147], [-104.24557407830031, 20.652791848359712], [-104.24498748270156, 20.65121261679767], [-104.24386861571402, 20.650044840474543], [-104.24422765010374, 20.648015168835016], [-104.24428964258578, 20.646771562782835], [-104.24458864561575, 20.6451561880189], [-104.24376369308199, 20.64452923606747], [-104.24335235668875, 20.64373890681025], [-104.24353083192823, 20.643159457412423], [-104.24323914261527, 20.641706392218474], [-104.24377376746578, 20.64029976620801], [-104.24542943460769, 20.639107205911802], [-104.24472394570721, 20.637900452260983], [-104.24596854295243, 20.635793161662885], [-104.24768541608464, 20.633647225733345], [-104.24940253200826, 20.63137687423777], [-104.25052760453076, 20.62984935647296], [-104.25064962251007, 20.628149975732484], [-104.25248275353141, 20.626709605079874], [-104.25313269050281, 20.626423217364625], [-104.25638310127162, 20.62465951615145], [-104.25744618504875, 20.624375565864057], [-104.25816326788876, 20.620523465998584], [-104.25840673116173, 20.617290546513033], [-104.2578799022906, 20.615379977124945], [-104.25711596627261, 20.613924127214876], [-104.25694403352591, 20.611683931144675], [-104.25694412841713, 20.611642465489446], [-104.25730354604976, 20.609322489937046], [-104.25695133886855, 20.608491075118238], [-104.2560699813678, 20.6067857261403], [-104.2584807017468, 20.60455389241852], [-104.25923094154965, 20.60555364507124], [-104.26047288035446, 20.607208589644042], [-104.26211335556795, 20.608537414537604], [-104.26281645647923, 20.60924295978707], [-104.2634023578345, 20.609741195687366], [-104.26451576265615, 20.611441456446972], [-104.26603925194539, 20.613142645853916], [-104.26758762698425, 20.61384967740532], [-104.26932013981549, 20.614640767513812], [-104.27260087518513, 20.61539349152093], [-104.27494440793295, 20.616351105624354], [-104.27535491470937, 20.617759878576013], [-104.2754729409865, 20.6205344499965], [-104.27541457632026, 20.62123824893416], [-104.27658660939741, 20.622400267706915], [-104.27893024708618, 20.623275015659267], [-104.27893059123357, 20.624310206298688], [-104.27945840721863, 20.625967674282787], [-104.2801033072085, 20.627335545309162], [-104.28104099194977, 20.628248573737125], [-104.28186160222728, 20.629409786329227], [-104.28162812251675, 20.63189372950613], [-104.28145280582179, 20.633176979675923], [-104.28121889746714, 20.634460100745795], [-104.28151229892727, 20.63578578672452], [-104.28297746355325, 20.637031222720456], [-104.28245078668887, 20.638810595330273], [-104.28245141347186, 20.640591121174275], [-104.28251049985921, 20.641999106873033], [-104.28192575349141, 20.64535183478479], [-104.28098883775662, 20.64700607703451], [-104.28210262686552, 20.648499193399672], [-104.28356822529756, 20.65061418456291], [-104.28438899947575, 20.651858201324593], [-104.28438982353777, 20.65413561546101], [-104.2832769700808, 20.655458224045844], [-104.28409779628426, 20.656785057213312], [-104.2839806914033, 20.65703324636071], [-104.28485996368399, 20.657904721467226], [-104.28573913888484, 20.65848633970465], [-104.28661810335521, 20.658488248342756], [-104.28749758841047, 20.65985660081944], [-104.28825970001523, 20.66072780569899], [-104.288611820847, 20.662095012957213], [-104.28779228827946, 20.664329246037006], [-104.28650377054346, 20.666148381977976], [-104.28585957629834, 20.66726498322876], [-104.28574272434645, 20.668217100104155], [-104.28486418313287, 20.669540224020345], [-104.28521630610528, 20.670948843979826], [-104.28662344242099, 20.672773831393194], [-104.28826516992788, 20.674971982045108], [-104.28838301242304, 20.67662853353909], [-104.29002403977437, 20.676880517999187], [-104.2909620796777, 20.677793497949853], [-104.29072838415581, 20.679614922561907], [-104.29026020744287, 20.6813116197027], [-104.2900849575894, 20.6827605015408], [-104.28838609751287, 20.684702982245874], [-104.28756599408571, 20.68577779772049], [-104.28709521352982, 20.688506599887702], [-104.28872966280802, 20.6902488683955], [-104.29036918914993, 20.690999743177315], [-104.29189386678526, 20.691254390396963], [-104.29341603987365, 20.69200471406105], [-104.29435299437097, 20.692421960212208], [-104.29634888518794, 20.692348192315098], [-104.29904698305029, 20.692690585358978], [-104.30045472767219, 20.692862024647525], [-104.30209392932483, 20.693695405205908], [-104.30443868253668, 20.69428401227307], [-104.30572577270996, 20.695115815975015], [-104.30736174151913, 20.69661006905205], [-104.307707733859, 20.697850833215824], [-104.30735064676215, 20.69884067832596], [-104.3078140305221, 20.70008195446884], [-104.30827701105123, 20.701405844540677], [-104.30838783202428, 20.702728198468098], [-104.30944187456686, 20.70322849195213], [-104.3104930587802, 20.704307085225288], [-104.31213325630675, 20.704975143851673], [-104.3134196630638, 20.705972123137435], [-104.31552824104634, 20.706890028825786], [-104.31669810541834, 20.70772124698248], [-104.31704460255813, 20.708879378421425], [-104.31715469141652, 20.71036695827417], [-104.31738420710953, 20.711441967723392], [-104.31808371864092, 20.7124363837134], [-104.31902127358559, 20.712770884928073], [-104.3199596415678, 20.712940150672903], [-104.32312574399022, 20.71369726958814], [-104.32370589293984, 20.715104238181176], [-104.32440425645204, 20.71634647551136], [-104.32557424209352, 20.717177635803875], [-104.3273340505905, 20.717432978080833], [-104.32851125822532, 20.716777042948653], [-104.32957185444594, 20.71595537113085], [-104.33039684337237, 20.71529792928629], [-104.33203844452918, 20.71571795690224], [-104.33297486023713, 20.716300229669375], [-104.33355749296823, 20.71721147486255], [-104.3337847518326, 20.718782157569592], [-104.33389262668149, 20.720765422114777], [-104.33482868372162, 20.7214303009008], [-104.33600272527843, 20.72143523822353], [-104.33741118047553, 20.721523767893057], [-104.34221887090071, 20.72278312078426], [-104.34374004878464, 20.723863474604304], [-104.3456150325683, 20.72461481409424], [-104.3473737971735, 20.725117801216676], [-104.34854436795408, 20.725866194127736], [-104.35053292905017, 20.727444122134187], [-104.3513478152574, 20.72893458615671], [-104.35263236306679, 20.73042697581264], [-104.3529753134373, 20.73241119677843], [-104.35296641518613, 20.734311355539802], [-104.35319544239961, 20.735551553229534], [-104.35424793310592, 20.736464658744413], [-104.35589176011312, 20.736471387573417], [-104.35729883221039, 20.73689022082937], [-104.35893921138911, 20.73764046155726], [-104.35975883224806, 20.738139499685847], [-104.36034055864181, 20.739298505358576], [-104.36056926964025, 20.740621309939954], [-104.36044725450057, 20.74161222070351], [-104.36079645310151, 20.742274576691063], [-104.36161495772303, 20.743021453457597], [-104.36219671600563, 20.7441804530518], [-104.36360349631052, 20.744681852324955], [-104.36477772396853, 20.74468659801528], [-104.3660686147819, 20.74485704042199], [-104.36771329445932, 20.744698427166743], [-104.36889017231069, 20.744124834528897], [-104.37100943595898, 20.74289406889024], [-104.37324420626373, 20.742076823682055], [-104.37465513437127, 20.74166935858949], [-104.37606343374038, 20.74184019297824], [-104.37688388347419, 20.742173919475466], [-104.37770209511736, 20.743003337598026], [-104.37816767496854, 20.743913973217058], [-104.37827987060415, 20.745071060825264], [-104.37768864315417, 20.745977509760067], [-104.37685993988258, 20.74746133560983], [-104.37673540388384, 20.749030570595224], [-104.37755065973111, 20.75052091637226], [-104.3782499964926, 20.751680330032755], [-104.3785978022133, 20.752673114994266], [-104.3788259429504, 20.754161129468606], [-104.37916853474191, 20.75631053454085], [-104.3799879509309, 20.756892095246457], [-104.38115930048505, 20.75755765803994], [-104.38197687320017, 20.758552288672206], [-104.38361883725773, 20.759750915561753], [-104.38332289436205, 20.761036808946105], [-104.38451317508527, 20.761840332432218], [-104.38578845292645, 20.762701216578126], [-104.38625604869878, 20.76427898430614], [-104.38566714545564, 20.76502487771013], [-104.38452709539719, 20.765997873081165], [-104.38546217491006, 20.76699294811432], [-104.38675217456645, 20.7674110875683], [-104.38827816892336, 20.767582287273633], [-104.38933293143081, 20.7680821061873], [-104.39003390600463, 20.768911010412616], [-104.39037998943876, 20.77031685169396], [-104.39119695639027, 20.77147667189624], [-104.39225065692703, 20.77222432114269], [-104.39342144755554, 20.773055035171144], [-104.39471042697541, 20.77372096402109], [-104.3954118212288, 20.774467231244614], [-104.39552635158266, 20.775128612077005], [-104.3963364652044, 20.77785811034488], [-104.39644699678841, 20.77942826488101], [-104.39703170200426, 20.780008840890652], [-104.39831857754696, 20.781170439142656], [-104.39972256307962, 20.782415095004854], [-104.40065928998133, 20.783079627652203], [-104.40136184057805, 20.78357802388147], [-104.40218365513896, 20.78366378723893], [-104.40276767720249, 20.78440957616456], [-104.4029986189691, 20.785319248851295], [-104.40369974661147, 20.786148099417474], [-104.40475468972923, 20.786647826939046], [-104.40639656367276, 20.787232397751957], [-104.40827193353405, 20.788148307627498], [-104.40909199070899, 20.78864711834497], [-104.41002951147732, 20.789146369377367], [-104.41143687272914, 20.78964738860388], [-104.41260861460746, 20.790312743943552], [-104.41295779416481, 20.7910576145872], [-104.41342266195794, 20.79221600634431], [-104.41400606248445, 20.79312699038617], [-104.41529247164598, 20.79445369741974], [-104.41646426767588, 20.795119027350992], [-104.41740185318515, 20.79561823926778], [-104.4186932452163, 20.79578829729439], [-104.41986893493, 20.79554482797295], [-104.4219892327504, 20.79414821598319], [-104.42340507421285, 20.792666351937303], [-104.4254071425334, 20.791434492868884], [-104.42646428480701, 20.791438392115804], [-104.42740292463724, 20.791689701253496], [-104.42775218058803, 20.79243454346233], [-104.42727816576084, 20.793424208963923], [-104.42715514177335, 20.79474563534052], [-104.42703454946381, 20.79548874828577], [-104.42773898264079, 20.795573958430737], [-104.42891327099777, 20.795660891495892], [-104.42996905883123, 20.795995234623774], [-104.43008236970863, 20.796987059479044], [-104.43019672003177, 20.79773103563299], [-104.43078128030331, 20.79839411696774], [-104.43171651827207, 20.7994715653811], [-104.43253223309276, 20.8010442771396], [-104.43335037531014, 20.80203867182766], [-104.43393049247874, 20.80377575258979], [-104.43498153848897, 20.80526669269055], [-104.43697649351675, 20.80576964248941], [-104.4389711209282, 20.80635518558825], [-104.43979001584795, 20.807184318115233], [-104.4413161411462, 20.807437672670435], [-104.44272615621338, 20.807360126670037], [-104.44484337507537, 20.806706779887257], [-104.44602552607006, 20.804893422292533], [-104.44767348785346, 20.804073127015283], [-104.45096534101944, 20.80342388471484], [-104.45307579805532, 20.80442276301395], [-104.45436364870571, 20.805501336028], [-104.45553603943726, 20.806083787653154], [-104.45670943455725, 20.80641838199347], [-104.45788382836055, 20.806505118930133], [-104.45817684794368, 20.806671369170758], [-104.45846986807828, 20.806837642144973], [-104.45905128356324, 20.808326794376317], [-104.46022338479929, 20.808991831150898], [-104.46092724362235, 20.809242139738043], [-104.46186605474715, 20.809493263575565], [-104.46280585451913, 20.80949653273861], [-104.46327411337215, 20.8099112480782], [-104.46315335511943, 20.810737005329635], [-104.4624458699372, 20.811395487348474], [-104.46162188913466, 20.81180570764567], [-104.46091307415064, 20.812794648918537], [-104.46138133766178, 20.813209369376608], [-104.46267227953787, 20.813544333465902], [-104.46501987837782, 20.81404818617233], [-104.4670137515807, 20.814881256998643], [-104.4692383810865, 20.8167891284661], [-104.47052645257418, 20.817867583549127]]]}}, {"type": "Feature", "properties": {"id": 5, "entidad": 18, "distrito_l": 5}, "geometry": {"type": "MultiPolygon", "coordinates": [[[[-106.2672113257131, 21.294057032960918], [-106.26632969183211, 21.29426532064832], [-106.2660346991, 21.293437204920796], [-106.2663278893441, 21.292815442037366], [-106.26691555379938, 21.292607542517207], [-106.26779795539167, 21.293020628547463], [-106.26779899358816, 21.293849130201583], [-106.2672113257131, 21.294057032960918]]], [[[-106.27309166304946, 21.29487766699852], [-106.27309193014214, 21.29508479199593], [-106.27301576632973, 21.295415899030026], [-106.2727987650642, 21.295706565304585], [-106.27288011705858, 21.295014295664362], [-106.27309166304946, 21.29487766699852]]], [[[-106.27603158068347, 21.29508078092345], [-106.27579347231118, 21.295611667715875], [-106.2754447325479, 21.295910086510087], [-106.27492250245686, 21.296168010721264], [-106.2745636403498, 21.29653266698154], [-106.27451523731914, 21.29684472451024], [-106.27427021017164, 21.296947317720743], [-106.2739851670857, 21.296693880355274], [-106.27397543596297, 21.29632634356542], [-106.27426886586395, 21.295911693330716], [-106.27456229415553, 21.29549704264698], [-106.27485599041925, 21.2952895163799], [-106.27543375565493, 21.295095621996534], [-106.27603158068347, 21.29508078092345]]], [[[-106.2755937077563, 21.297355326030544], [-106.2754466262347, 21.29735996002987], [-106.27525344914292, 21.297179818703732], [-106.27527676414849, 21.297009299045282], [-106.27544608509463, 21.296945710477914], [-106.27574005374808, 21.296945307383343], [-106.27578145068738, 21.297090645674757], [-106.27569171005969, 21.29722295456579], [-106.2755937077563, 21.297355326030544]]], [[[-106.24285065108647, 21.329299027264575], [-106.24167450534229, 21.329300419298278], [-106.24049835911927, 21.329301803101735], [-106.23902839775278, 21.329510647856054], [-106.23755821149146, 21.32951235327939], [-106.23638162522256, 21.329099454839458], [-106.23520461186004, 21.32827229410038], [-106.2337344360461, 21.328273965477457], [-106.2319704361853, 21.328483081243796], [-106.23079513458175, 21.329312905448976], [-106.23020810800419, 21.330349196186646], [-106.22962086444139, 21.33117835796704], [-106.22873894780383, 21.33138646110941], [-106.22697387453763, 21.330559889666606], [-106.2255028592569, 21.329732980182232], [-106.22403145806189, 21.328491801696533], [-106.2234425843473, 21.327663922011382], [-106.22226584880251, 21.327043794261826], [-106.22108872953713, 21.32600940197822], [-106.2213813825531, 21.32455919583573], [-106.22255630730275, 21.32331518056813], [-106.22284933945943, 21.322279228099582], [-106.22314276619669, 21.321657530918184], [-106.22167205907992, 21.321037709731907], [-106.2204953846532, 21.320417566220193], [-106.21990656479, 21.31958967087437], [-106.21990539822642, 21.318346902009534], [-106.2207874485461, 21.318345976145448], [-106.22196430442249, 21.319173246496188], [-106.22314077523158, 21.31958625209112], [-106.22402223132714, 21.31896392533435], [-106.22402083031363, 21.317514030175055], [-106.22372541822298, 21.31606444933873], [-106.22401763102697, 21.314199983173957], [-106.22401463552407, 21.3110930629447], [-106.22401144440441, 21.307779013456983], [-106.22283348684587, 21.305708983035473], [-106.2228321047498, 21.304259085065926], [-106.22341849651667, 21.302601434566384], [-106.22459303912373, 21.30115028285717], [-106.2254733791274, 21.299492311641448], [-106.22576514645661, 21.29721358496394], [-106.22546936812596, 21.295349745986346], [-106.22487963167625, 21.293486220150804], [-106.2248770406989, 21.29079355028933], [-106.22487485050816, 21.288515136668497], [-106.226344232873, 21.28809930494836], [-106.22693234668911, 21.288305799906645], [-106.22752167869017, 21.289755062775722], [-106.2289927037914, 21.290996233496653], [-106.22958268560681, 21.29306687154132], [-106.23046644767611, 21.294930054395113], [-106.23164295123328, 21.295550137755665], [-106.23370074257329, 21.295547841912544], [-106.23487576848365, 21.29471800794977], [-106.23663720300586, 21.292437604577373], [-106.23781088351981, 21.290364986303782], [-106.23898496984671, 21.288706616076354], [-106.24045452842688, 21.28849779048589], [-106.24280617066735, 21.28849504694691], [-106.24486340205272, 21.288078365084555], [-106.2478027107274, 21.287867726983375], [-106.25044875985711, 21.2882787767998], [-106.25250762563647, 21.289311889027083], [-106.2536851251439, 21.29076032232932], [-106.2548624067445, 21.292001619648335], [-106.25545153940341, 21.29303651739633], [-106.25721580581461, 21.293448555350587], [-106.25898032832082, 21.294067700330313], [-106.26074486471349, 21.29468682603162], [-106.26162801681886, 21.295721321975186], [-106.26309810779759, 21.295926548361532], [-106.26515665057109, 21.296545244225836], [-106.2657463872384, 21.297994351826162], [-106.26721831895668, 21.29964941802649], [-106.26898373831811, 21.30088982737592], [-106.2704554713721, 21.302337736444432], [-106.27163404807483, 21.304407402713952], [-106.27281212373717, 21.306062809088036], [-106.27369623612452, 21.307718606682748], [-106.27428583577164, 21.308960551487157], [-106.27546234945473, 21.309373188317036], [-106.27634514806938, 21.30999334691757], [-106.27605197099994, 21.310615125616987], [-106.27458253252973, 21.311031394508348], [-106.27340842747604, 21.31248287331907], [-106.27282257350792, 21.31414067053903], [-106.27223670732698, 21.31579846605651], [-106.27164976144206, 21.316627761595615], [-106.27047452391953, 21.3172507240975], [-106.26929927616081, 21.317873678834136], [-106.26871177986628, 21.318288715665293], [-106.26783052913602, 21.31891126733377], [-106.26665681705894, 21.32077695378593], [-106.26548255886603, 21.32222838335572], [-106.26401425488163, 21.323680191390178], [-106.26254515790471, 21.324510612694716], [-106.2604887462759, 21.32596315740452], [-106.25960866837414, 21.32762129532238], [-106.25784621862407, 21.329073432157482], [-106.25549590419325, 21.330733420954928], [-106.25432023942561, 21.331149152973296], [-106.25373094741157, 21.330114262942278], [-106.25255383513154, 21.329287228956858], [-106.25078938371382, 21.32908229001222], [-106.24931944409492, 21.32929122396618], [-106.24755522926347, 21.32929337682877], [-106.24549697725719, 21.329295865097407], [-106.24432106210686, 21.32950440185347], [-106.24285065108647, 21.329299027264575]]], [[[-106.28562810747016, 21.310853742720195], [-106.28575410188137, 21.310808595951777], [-106.28582675837862, 21.310917740178443], [-106.28575496039338, 21.311429967036748], [-106.28575581906303, 21.312051338076653], [-106.28582717785582, 21.312304488102953], [-106.28605039007367, 21.312465162745276], [-106.28627099656342, 21.312421207105153], [-106.28647949484422, 21.312277661727926], [-106.28663781192529, 21.312050068664234], [-106.28684457987981, 21.312051023518897], [-106.28711290637565, 21.3120871880638], [-106.28722609533035, 21.31225634338309], [-106.28730361896123, 21.312577096902903], [-106.28734085876276, 21.31283887495433], [-106.28722724878516, 21.31308483758605], [-106.28664011237768, 21.31370705737153], [-106.28605297105447, 21.31432927531194], [-106.28575954178581, 21.314743945394532], [-106.28562377403478, 21.31504132709778], [-106.28562018168955, 21.315297958025255], [-106.28576068783435, 21.315572439783352], [-106.28634984675563, 21.316400087435518], [-106.28655963321783, 21.317029636130762], [-106.2863515717234, 21.31764282849206], [-106.28596449395246, 21.318337199830165], [-106.28564280067218, 21.318769376164333], [-106.28521526511791, 21.318938986128114], [-106.28488295527754, 21.318680559859303], [-106.28458780380404, 21.31785248667995], [-106.28370435660074, 21.31681812861997], [-106.28311549305441, 21.31619759484041], [-106.28289277734766, 21.31589750719373], [-106.28282063949511, 21.31557664137248], [-106.28289314942491, 21.315269644339278], [-106.28311379604156, 21.314954852167652], [-106.28321438167708, 21.314688470631506], [-106.2832003103706, 21.314410135711597], [-106.28340666710534, 21.314125938741192], [-106.28389388311822, 21.313766063563676], [-106.28428753577637, 21.313296186069092], [-106.28487439597957, 21.31246685032647], [-106.2854609639471, 21.31143038908242], [-106.28562810747016, 21.310853742720195]]], [[[-106.42611232715615, 21.48783622794804], [-106.42463866736858, 21.487011222974427], [-106.42286920863863, 21.48556555886417], [-106.41992492763437, 21.485158127962897], [-106.41668876018913, 21.48578686211996], [-106.41462844236786, 21.485791542751077], [-106.41197610560515, 21.484347754527548], [-106.41079831333354, 21.484143288491364], [-106.40785408146296, 21.483735641364337], [-106.40579190439922, 21.48291176997464], [-106.40372834767302, 21.48146654005387], [-106.40107711528766, 21.480436789555583], [-106.39960412110584, 21.479818662180932], [-106.3969543163332, 21.479410176391607], [-106.3937181480549, 21.480038464475843], [-106.39195311587156, 21.48045645455394], [-106.38901032942502, 21.480669803624565], [-106.38488847079064, 21.480057112766755], [-106.37870767832266, 21.480069889018942], [-106.37458629006291, 21.479664053683166], [-106.3713453610775, 21.478013668830435], [-106.36986915076038, 21.475738364144743], [-106.36897869037733, 21.4720120794325], [-106.36808952757823, 21.468907127067617], [-106.36602404514531, 21.466218715205766], [-106.36366475664535, 21.463737962082753], [-106.36189412438542, 21.461256029076523], [-106.35953337686854, 21.457946749848762], [-106.358941198981, 21.45608385023573], [-106.35864451459524, 21.454841727044947], [-106.35952573151832, 21.45401157105222], [-106.36187910812635, 21.453592794186704], [-106.37628522692344, 21.447143699703886], [-106.37775395247229, 21.4458980365863], [-106.37922308213597, 21.444859475147098], [-106.38009981645428, 21.441958085336548], [-106.38097522588355, 21.438435351555583], [-106.38126558279883, 21.43657072798407], [-106.3815555021634, 21.43449899042658], [-106.38214007513064, 21.432633762193642], [-106.38331395076852, 21.431181548725075], [-106.38390022824079, 21.43014476918823], [-106.38389544987284, 21.42786652148897], [-106.38389197615588, 21.426209613688123], [-106.38418314985611, 21.424759212738422], [-106.38506230154174, 21.423100482894643], [-106.38564766507717, 21.42164947174816], [-106.3856463565493, 21.42102813132385], [-106.3847620033294, 21.420201501105094], [-106.38475852534027, 21.41854459236779], [-106.3856389448276, 21.417507201395722], [-106.38769788765978, 21.417295816593878], [-106.38975770623738, 21.41749863329269], [-106.39093449397382, 21.417496166663998], [-106.3918148619991, 21.41645874580382], [-106.39299387118601, 21.41749183017281], [-106.39505145048456, 21.41665901703105], [-106.39623048272237, 21.417692077266384], [-106.39770237131583, 21.418103160947314], [-106.39946755458227, 21.41809937378641], [-106.40064571392368, 21.418718175748342], [-106.40153105878109, 21.419958942361493], [-106.4038851242315, 21.420160945314255], [-106.4059454579491, 21.42057067132643], [-106.40682945978234, 21.421190071229855], [-106.40859514245031, 21.421393297498746], [-106.40977007215291, 21.42056225056062], [-106.41123918738127, 21.419730542689695], [-106.41271350197819, 21.421177047614748], [-106.41301055259113, 21.422419058707973], [-106.41360086390931, 21.423246188503345], [-106.41565982499644, 21.4230344578582], [-106.41625063292956, 21.424068688264377], [-106.41654868075634, 21.425724912509086], [-106.41772889546824, 21.427172029553116], [-106.41949562746045, 21.42778935718435], [-106.42008745374531, 21.429237792007054], [-106.42244118912454, 21.4292324139035], [-106.42479541437292, 21.429434112863184], [-106.42626946417153, 21.430673374012137], [-106.42833297648431, 21.432325471275327], [-106.43157192971867, 21.433353452228737], [-106.43628205268482, 21.434377878165204], [-106.4389305931699, 21.434578673024404], [-106.4409886249928, 21.433952406893518], [-106.4427508617385, 21.432705501375278], [-106.4439256693128, 21.431874221557717], [-106.44540146052672, 21.433734628559257], [-106.44570194959094, 21.43621921268835], [-106.44629616115559, 21.438495969768073], [-106.448063659396, 21.439320088712293], [-106.44953377307164, 21.438902264004028], [-106.45041805958182, 21.439521415990612], [-106.451596588682, 21.440139836296318], [-106.45365623446651, 21.440134736022078], [-106.45512901691004, 21.440752399604325], [-106.45572017345312, 21.441786468983032], [-106.45807677835693, 21.44281611400095], [-106.45925590574976, 21.443641583761917], [-106.4598476464807, 21.444882742786852], [-106.4610251660333, 21.445086878042265], [-106.46190735200226, 21.444877537182606], [-106.46308761203535, 21.446117190755633], [-106.46485638851347, 21.447355333847177], [-106.46750683693432, 21.44817697914324], [-106.4730992566027, 21.44878384463671], [-106.47545382104398, 21.4489848087685], [-106.47721818522047, 21.448565970221647], [-106.47750788791959, 21.44690835451167], [-106.47897683506712, 21.44607606142549], [-106.48015666986598, 21.44710848045893], [-106.48045549542175, 21.448764542983692], [-106.48075260960546, 21.44979928927748], [-106.48104972842901, 21.45083403467806], [-106.48222559034159, 21.450416701545567], [-106.48281121467785, 21.449379612697044], [-106.48370493498156, 21.453312251747562], [-106.48488428313651, 21.454137526740162], [-106.48547976520372, 21.45662120543425], [-106.48754544833768, 21.458686717156887], [-106.4896100166782, 21.460337991515196], [-106.49049812173816, 21.462199536327002], [-106.49226672309739, 21.46323025900837], [-106.49461796583776, 21.46218831695052], [-106.49609052889046, 21.462598492219804], [-106.49550435971125, 21.46342852018825], [-106.49432903345995, 21.464053053428998], [-106.4925651377522, 21.464679183351556], [-106.49227499426289, 21.46612971030114], [-106.49168997020836, 21.467373933935153], [-106.48992778583793, 21.468621350073192], [-106.48904785560975, 21.4696592594079], [-106.48699016010143, 21.470493235174906], [-106.48552393720193, 21.47236112813381], [-106.48523487648418, 21.47422585456481], [-106.48406173892845, 21.4756787387959], [-106.48200161908325, 21.475684242058893], [-106.47994436984517, 21.476725242108508], [-106.47671270986518, 21.478804846980914], [-106.47377470412917, 21.480676519047694], [-106.46995534993538, 21.483171752849227], [-106.46643018750983, 21.485666148212363], [-106.46408277712673, 21.488364567978362], [-106.46261553330767, 21.490025177455358], [-106.46232395381881, 21.49106145692421], [-106.4611477071966, 21.491478669969005], [-106.45731968836866, 21.490867051035988], [-106.45584854744052, 21.491077863815747], [-106.45408144585544, 21.49066808236098], [-106.45231381631095, 21.490051175215875], [-106.4508416041865, 21.489847730785748], [-106.44789878109337, 21.490062122663435], [-106.44495805153139, 21.49110489121579], [-106.44201884432212, 21.49276893184688], [-106.43966774042072, 21.494224393988215], [-106.4376057736831, 21.493608042003054], [-106.43612993919363, 21.49195471503546], [-106.43347474602167, 21.489475747325468], [-106.43082318537424, 21.48844648939707], [-106.4281736691887, 21.488245621012144], [-106.42611232715615, 21.48783622794804]]], [[[-105.29094960543927, 21.53528922927328], [-105.29225879214907, 21.535868722318174], [-105.29344694337941, 21.536116330780967], [-105.29475494020762, 21.536529796559428], [-105.29606354856931, 21.537026255667268], [-105.29761125230462, 21.53777142820963], [-105.29868503189583, 21.538600168242738], [-105.30000216304224, 21.540258646752502], [-105.30072187993417, 21.541336819706814], [-105.30120129232064, 21.542000264080105], [-105.30345604529505, 21.542080473339038], [-105.30547778939655, 21.54274197564256], [-105.30619084803115, 21.54290708528297], [-105.30702376934124, 21.543238048508044], [-105.30773622110961, 21.543320147973038], [-105.3341895047184, 21.558557141261012], [-105.33525674848548, 21.558472605632886], [-105.33620596611932, 21.558471237615727], [-105.33680111011434, 21.558719388980073], [-105.33728011533573, 21.55929972245275], [-105.35490516163955, 21.567656605954856], [-105.3631325133006, 21.572789819354753], [-105.36420691956883, 21.573618125680273], [-105.36515816501091, 21.573865599100372], [-105.36753919662085, 21.574857770010514], [-105.3808793114742, 21.58114370710938], [-105.38432925893875, 21.582216801887846], [-105.38540647654295, 21.583376977218794], [-105.39624465843137, 21.588254942175066], [-105.39910481827415, 21.589743806899538], [-105.40327049412348, 21.59123021202045], [-105.40565673328463, 21.592802840884197], [-105.40839839621921, 21.594291763436477], [-105.4099479398631, 21.595118872780866], [-105.41162087831736, 21.5965267541688], [-105.413415219829, 21.598266398076916], [-105.41330459789197, 21.59926264451793], [-105.41390205283493, 21.59975951987034], [-105.41438015420866, 21.600173618875807], [-105.4142688652846, 21.60108686480866], [-105.41415421337858, 21.601585102255463], [-105.41463635725268, 21.602497210274024], [-105.41440772567232, 21.603576687050623], [-105.41381764698691, 21.603992832210125], [-105.41287485733844, 21.604824663489676], [-105.41299892009908, 21.605488450118184], [-105.41371441769817, 21.605902097088144], [-105.41419455633435, 21.606565200873018], [-105.41432064427032, 21.607477991085755], [-105.41409536522389, 21.60897247493433], [-105.41362866176219, 21.609969403176], [-105.41339866786205, 21.610882874737573], [-105.41329005378398, 21.612128125374188], [-105.41353752577835, 21.613372694868495], [-105.4142510463392, 21.613537333848885], [-105.4152012876624, 21.613618511793753], [-105.41567337847475, 21.613285591840622], [-105.41637814177773, 21.61237120179248], [-105.416488077146, 21.611291952678968], [-105.41647662259446, 21.60988092636456], [-105.41609831627893, 21.607142561504357], [-105.41597087066725, 21.606063769577435], [-105.41608147863805, 21.60506752155338], [-105.41571867859734, 21.604238191414563], [-105.4153565558111, 21.60349186197018], [-105.41499107266392, 21.602330523370163], [-105.41510370360265, 21.60158328046227], [-105.41557777552367, 21.601499365883676], [-105.41581851432754, 21.601913917143815], [-105.41642070422765, 21.60299179439641], [-105.41666683833625, 21.604070357198175], [-105.41691095435905, 21.604899914643774], [-105.41751249072631, 21.60589478564752], [-105.41763927317308, 21.606890574664884], [-105.41764534285058, 21.60763758875792], [-105.41800951190193, 21.60863291714119], [-105.41848967912595, 21.609296007855104], [-105.4187304394562, 21.60971055417343], [-105.41908314165885, 21.609294853902902], [-105.41967930655557, 21.60962570390134], [-105.42027074251823, 21.609375541158204], [-105.42073672210208, 21.608295593461975], [-105.42073131264019, 21.607631581319204], [-105.42072590328397, 21.606967569122645], [-105.4204844659866, 21.60647002403837], [-105.42012231318344, 21.605723705649197], [-105.41952616346073, 21.605392856841057], [-105.41857259945124, 21.60489669481798], [-105.41809379598335, 21.604399606944558], [-105.41761364711134, 21.60373651440934], [-105.4171287843002, 21.6024924090424], [-105.41688534522477, 21.601745853263633], [-105.41628854556178, 21.60133199067697], [-105.41557373668834, 21.601001355962687], [-105.41509899351719, 21.60100226884699], [-105.41509562921955, 21.600587260525085], [-105.41509226496264, 21.6001722521821], [-105.41496887042445, 21.599591468449677], [-105.41484614960153, 21.599093686254662], [-105.41567491977726, 21.598843084229543], [-105.41686445531501, 21.599172802290468], [-105.4181747044166, 21.599751286474298], [-105.41984237044575, 21.600495069452087], [-105.4234171587377, 21.602231121045527], [-105.42484886162086, 21.603141323622502], [-105.42592451792738, 21.60405222130798], [-105.42771300086017, 21.6050446920963], [-105.43057585100699, 21.606782006805208], [-105.43319796917436, 21.608104746321597], [-105.43594841528302, 21.610589218605615], [-105.43749691437296, 21.611250061869676], [-105.43892741959998, 21.61199413689833], [-105.44060014242325, 21.6133187150703], [-105.44167666009588, 21.614312508063588], [-105.44299127556206, 21.61538879874838], [-105.44251855328596, 21.61563879408162], [-105.44334943449144, 21.615637057341196], [-105.44430246164193, 21.61605007300285], [-105.4448994002558, 21.616463832031247], [-105.44777858834951, 21.620109865146354], [-105.44933971010695, 21.622264612697645], [-105.45042259413424, 21.624005354476463], [-105.44996926507375, 21.62657939733306], [-105.44819213351902, 21.626998192061464], [-105.4473687964572, 21.627912964653373], [-105.44631701749792, 21.62990724721464], [-105.4465772478846, 21.63264577634112], [-105.44659591410601, 21.634886800805237], [-105.44602100752394, 21.637129078761106], [-105.44460885450228, 21.638626096031985], [-105.44342652109509, 21.639209594296023], [-105.4420108769191, 21.640291585437183], [-105.44131027556196, 21.641704086060518], [-105.44120670183196, 21.643530352951753], [-105.44169604527691, 21.6452723814517], [-105.44301094544102, 21.646348663212365], [-105.44468134434763, 21.64734118429143], [-105.44540335586365, 21.648501694921777], [-105.44517557849386, 21.649664206213462], [-105.44399177819655, 21.650081707678062], [-105.4425650049001, 21.649835691253752], [-105.44113961317257, 21.6497556641296], [-105.43994685853792, 21.649094126132816], [-105.43828127846035, 21.648682563572105], [-105.43602962813478, 21.649185213077367], [-105.43485196817686, 21.650349657917236], [-105.43463506022768, 21.652840170140884], [-105.4347702257086, 21.654831948238126], [-105.4359774033951, 21.657236539901255], [-105.43753326945918, 21.658727378686116], [-105.43813586235756, 21.659805163382664], [-105.43910222986713, 21.66179521607997], [-105.43983115088292, 21.66378575551116], [-105.44044135403568, 21.665776537990197], [-105.44081030733513, 21.667311308964702], [-105.44117926873989, 21.668846077283103], [-105.4413200544954, 21.67150184929202], [-105.44145671205612, 21.673659617566333], [-105.44134707986805, 21.673772219338737], [-105.44160577938915, 21.67731139414665], [-105.44281188389303, 21.679549923544887], [-105.44484030146859, 21.68070768636506], [-105.44627084252082, 21.681368679243356], [-105.44770970958236, 21.68302566431539], [-105.44760966088712, 21.68526692714054], [-105.44619637370114, 21.686680956632674], [-105.44453518044658, 21.686850469096346], [-105.44298376706577, 21.68594071034902], [-105.44226537576056, 21.68523669998936], [-105.44154699144065, 21.68453268547335], [-105.43937640082035, 21.680553112207065], [-105.43528694602051, 21.676765060665815], [-105.43385259239251, 21.675436351147546], [-105.43159815550132, 21.673347893670883], [-105.4265850183225, 21.67020390190028], [-105.42205586758162, 21.668137830860637], [-105.41966887961297, 21.66664847507824], [-105.41681103645944, 21.665658010992015], [-105.41466565846213, 21.664666127073488], [-105.41001878057266, 21.662682950366666], [-105.40728182230842, 21.661941097675605], [-105.4051298820521, 21.660119076345538], [-105.40380912508176, 21.65829548209233], [-105.4009648635915, 21.658964766268834], [-105.40026576874432, 21.66062610224266], [-105.40040246838544, 21.66286691755242], [-105.40160315542519, 21.664524753998517], [-105.4030413485323, 21.666182140623864], [-105.404124020532, 21.667923178682297], [-105.40437552444303, 21.669665759918924], [-105.40391924658185, 21.67199067533684], [-105.40286388964009, 21.673652682711506], [-105.40038155133684, 21.675068308096282], [-105.39682645329506, 21.675987837102973], [-105.39278904281008, 21.675995130428593], [-105.38946345563232, 21.675918061710725], [-105.38732205394106, 21.67542383266148], [-105.38601123544194, 21.67484511910139], [-105.38374389828981, 21.67343803701566], [-105.38076021329857, 21.671534142749408], [-105.37765982120712, 21.669879399818683], [-105.3753926416198, 21.668472200499775], [-105.37313330398473, 21.66806098802928], [-105.37112629877385, 21.668138352253393], [-105.37087787009031, 21.668147752733443], [-105.3696924010284, 21.668398727161346], [-105.36850692773328, 21.668649691107326], [-105.36781863772232, 21.66920855444924], [-105.36697298066377, 21.66989725156761], [-105.36650447064387, 21.670728044748127], [-105.36615469943271, 21.67155864294031], [-105.36641609268788, 21.67462931219751], [-105.36785722573636, 21.67670201359295], [-105.368935674245, 21.67794527507052], [-105.37024840012529, 21.678773128212313], [-105.37084928577181, 21.679685158086013], [-105.37133986477753, 21.681676401711293], [-105.37159035297464, 21.68333603383273], [-105.37148458204635, 21.684996259324922], [-105.3713846511091, 21.687403496602037], [-105.37175520790561, 21.689228931887612], [-105.37248075482191, 21.69088776746562], [-105.37272737389819, 21.692049387926414], [-105.37191098670013, 21.693959807655325], [-105.3713301586196, 21.695620823726312], [-105.37051892373326, 21.698195246316118], [-105.36935070849395, 21.700687253441423], [-105.36675268656255, 21.702600586583134], [-105.36474328702403, 21.703848903903317], [-105.36260928190411, 21.704350376814617], [-105.36047140291657, 21.70435381602631], [-105.35904036939922, 21.70360908110917], [-105.35843432045037, 21.702033000630063], [-105.35782764338948, 21.70037391607889], [-105.35698344751862, 21.698715204356798], [-105.35614375494242, 21.697637497731417], [-105.3545953242666, 21.697058912558234], [-105.35209870269557, 21.69673079329134], [-105.35031850305533, 21.696899549421897], [-105.34770884933099, 21.697318560426048], [-105.34592863664196, 21.697487265141465], [-105.34415475623156, 21.698485974665005], [-105.3427409503642, 21.699982138785423], [-105.341562124303, 21.7011459315412], [-105.33991009462675, 21.702559423404445], [-105.33354359615481, 21.708793897394724], [-105.33302446402008, 21.710772764758264], [-105.33193528026251, 21.71601741199343], [-105.331615460779, 21.71669911158809], [-105.33135077383113, 21.717263289869415], [-105.33005668842895, 21.718925179323875], [-105.32840434430523, 21.720338557513017], [-105.3208424681689, 21.725744201941392], [-105.31847783336696, 21.727241454664103], [-105.31587309476058, 21.72840698498539], [-105.3123130486146, 21.728909713310767], [-105.30899240288556, 21.72966106263255], [-105.3060256522649, 21.730079884976313], [-105.30423764800115, 21.72925213044196], [-105.30351634449521, 21.728091006505586], [-105.30386111041187, 21.726513524725252], [-105.30539497869793, 21.725100539785398], [-105.30705066816279, 21.724102397807133], [-105.30929781396256, 21.722771464032252], [-105.31189942874774, 21.721191028501565], [-105.31378581541514, 21.71927948913453], [-105.31460434566354, 21.71753535305098], [-105.31494341241901, 21.715210832594437], [-105.31528432071877, 21.713135316101265], [-105.31586524433054, 21.7113914888838], [-105.31691074858148, 21.708235993913238], [-105.31760360287406, 21.705578981423372], [-105.31675921551398, 21.70383705862412], [-105.31556471288502, 21.70292562377251], [-105.31353945353408, 21.702098280290002], [-105.31092590350983, 21.70201870341814], [-105.30712894626873, 21.7025216223939], [-105.30440211913363, 21.703189113070373], [-105.30251337436911, 21.704768540570555], [-105.30110394563371, 21.706928369988447], [-105.30053625447343, 21.71049819040715], [-105.30044426420207, 21.71415042081806], [-105.29999105333667, 21.717139076473188], [-105.2992996468772, 21.720045021550085], [-105.29860699764292, 21.722784959440066], [-105.29732523423996, 21.726189634365134], [-105.29638704911245, 21.72785082909806], [-105.29533489865685, 21.730176176410854], [-105.29463607108761, 21.732086078340657], [-105.29346869616933, 21.734909567804515], [-105.29221621088386, 21.7374879976888], [-105.29072517588239, 21.740572448554353], [-105.28969600637897, 21.74290582704766], [-105.28866287752618, 21.74499010517861], [-105.28573743552334, 21.747255517505565], [-105.2845674942828, 21.74817827431724], [-105.28280537387552, 21.749105722182552], [-105.28044584572501, 21.7497057171383], [-105.27844159928145, 21.75030286941707], [-105.276206976029, 21.75131702428699], [-105.2731016717198, 21.749680676696222], [-105.27155294296222, 21.749111574726435], [-105.27022940675668, 21.747793313907156], [-105.26996917647563, 21.746300608598265], [-105.27018007338943, 21.744638117962904], [-105.26991855165184, 21.743062380436232], [-105.26907009187536, 21.741823418065863], [-105.2681071114998, 21.74083447477651], [-105.26675257548618, 21.737523425654658], [-105.26575854700111, 21.734541708534852], [-105.26501046288342, 21.73213935243194], [-105.26415045935454, 21.730153076773902], [-105.26259809416088, 21.72933479200342], [-105.25881262484809, 21.7296134447844], [-105.25634005273322, 21.730546144880282], [-105.2535199224816, 21.731979755355955], [-105.25166641057572, 21.7346514607039], [-105.2506302143949, 21.736569444939793], [-105.25066238631852, 21.7386452404819], [-105.2505787068171, 21.740888015685442], [-105.25013973981486, 21.743133539315405], [-105.24993504691874, 21.745211165769206], [-105.2494870529844, 21.7468754645437], [-105.24891675789846, 21.748291582509058], [-105.24931578956249, 21.751111914058654], [-105.24970454474483, 21.753267990506444], [-105.24973799634014, 21.755426813842373], [-105.24893979483025, 21.75742598373096], [-105.2470833059916, 21.759931570218026], [-105.24450196603762, 21.76152926308609], [-105.24296861323887, 21.761956274608757], [-105.24142755952727, 21.761885081799512], [-105.24026233929236, 21.763139654499827], [-105.23957856841547, 21.764888774559278], [-105.23973032135324, 21.767046689382887], [-105.24034690895964, 21.768619744970874], [-105.24107298787347, 21.7696106665734], [-105.24144628772805, 21.77077037900331], [-105.24217366763972, 21.771844326942155], [-105.2427034352224, 21.773801147834583], [-105.24288822449499, 21.77502712654111], [-105.24307083401057, 21.776238622131277], [-105.24324575124317, 21.779891097221682], [-105.24316707247851, 21.782465984684503], [-105.24295837994268, 21.784294499745087], [-105.24276123005498, 21.786870297085006], [-105.24232714051813, 21.789447915584557], [-105.24035807012274, 21.792369489786193], [-105.23803478654602, 21.79537679575858], [-105.23474954932809, 21.797477971197644], [-105.22980301376836, 21.799425655849788], [-105.22426268765227, 21.80129465323218], [-105.22297470852675, 21.802300905747888], [-105.2163535419206, 21.802409578778803], [-105.21597777446765, 21.802532425342996], [-105.21563782679006, 21.80265777424331], [-105.21519936784816, 21.802800255006723], [-105.21476725330506, 21.802932170333], [-105.21415378399654, 21.80311745614327], [-105.21390263105418, 21.803287034266276], [-105.21347349101542, 21.803459182428814], [-105.21297159230086, 21.803611233393827], [-105.21243949269594, 21.803644089532398], [-105.2120024960436, 21.80390274614844], [-105.21103290003558, 21.804232890384412], [-105.2104173629467, 21.80441630780151], [-105.2100100840135, 21.804504091779762], [-105.20968628116108, 21.80457840976476], [-105.20924237021796, 21.804680252378674], [-105.20875009060082, 21.80479036669064], [-105.20756850155841, 21.805055460045082], [-105.20671289612964, 21.80524741244564], [-105.20604145205033, 21.80534336833737], [-105.20565414849364, 21.80539871648564], [-105.20527429751718, 21.805452998690058], [-105.205081173689, 21.805480596497294], [-105.20454066085725, 21.805603518584768], [-105.20409635969897, 21.80570455897193], [-105.2038527025339, 21.805686514251782], [-105.20341833787523, 21.805788222695647], [-105.20307465345836, 21.80586325033107], [-105.20266304437217, 21.805983560810066], [-105.20228465331247, 21.806071169469515], [-105.20203796868994, 21.806205018072497], [-105.20176441109304, 21.806361003224186], [-105.20143195794405, 21.80653977166894], [-105.20134560440187, 21.806586205964837], [-105.20112438203215, 21.80666947349126], [-105.20090082359468, 21.80682695424105], [-105.20058884034965, 21.8069452241812], [-105.20042048384478, 21.807030972949324], [-105.20030035652891, 21.80709215704908], [-105.20007642483769, 21.80724460712916], [-105.19978570980184, 21.807361361751738], [-105.19948827602155, 21.80748365000085], [-105.19925465126275, 21.80760139662991], [-105.19904006604544, 21.80768745189514], [-105.19881055735752, 21.80776445685611], [-105.19843253084362, 21.80785708628624], [-105.19818472466548, 21.807975840469755], [-105.19788205634346, 21.808123778170522], [-105.19748758916377, 21.80828330329051], [-105.1970781979292, 21.808433777289196], [-105.19675311273475, 21.80866420386147], [-105.19654224013661, 21.808800551550654], [-105.19629217106367, 21.808985191715344], [-105.19598166551287, 21.80912357125223], [-105.19555771866439, 21.80927002078145], [-105.19514460732528, 21.8093701943212], [-105.19479419137544, 21.80945073875044], [-105.1942243546003, 21.809551947046174], [-105.19386610464721, 21.809622934719595], [-105.19349964985643, 21.809679337218512], [-105.1930973729353, 21.809733230850835], [-105.19273280027521, 21.809755787705885], [-105.19220962729612, 21.809776148047145], [-105.19158849819246, 21.809903361221476], [-105.18957590852557, 21.809983995648956], [-105.18757273871807, 21.816112796590925], [-105.18698495896626, 21.81836997230539], [-105.18703576733346, 21.818489805509888], [-105.1877460485156, 21.82016500408783], [-105.19026302899455, 21.82481905655545], [-105.19362256633697, 21.82355462672558], [-105.19454524619076, 21.8236351512292], [-105.19644310427887, 21.823922908217416], [-105.19754262692702, 21.82392421938904], [-105.2005510806818, 21.823956329744572], [-105.1902514082833, 21.84024607217503], [-105.1817015001114, 21.854924067510265], [-105.18015198844022, 21.854354122332623], [-105.1794220775027, 21.856257250577638], [-105.17935352967068, 21.856435975545747], [-105.1749806452933, 21.857298282633977], [-105.17205072288968, 21.86745054018114], [-105.17171004648777, 21.86844950055855], [-105.17198316990421, 21.870855690998262], [-105.17201052556958, 21.872682382513222], [-105.17216139389072, 21.874840338126017], [-105.17243205030435, 21.877080463076446], [-105.17257422299474, 21.878657197607403], [-105.17272137481501, 21.880566057040703], [-105.17250792301618, 21.882145375281606], [-105.17207478740917, 21.88488885363457], [-105.17124327864123, 21.892700679245454], [-105.17010994342603, 21.896196592131478], [-105.16965684251052, 21.8976115610246], [-105.16919627972153, 21.89852834134365], [-105.1687369529871, 21.89952815149787], [-105.1688666891016, 21.900274573293636], [-105.16911747034545, 21.901186198203558], [-105.16937570871694, 21.9025960095223], [-105.16892009662564, 21.903844913187907], [-105.16735396999442, 21.902195449087888], [-105.16034242638038, 21.88522278184419], [-105.1567687437688, 21.88408588352491], [-105.15391501724832, 21.883525041050934], [-105.15129101253991, 21.88246426749527], [-105.14936846333246, 21.880734131931813], [-105.14910923194824, 21.879241252475534], [-105.14963917996238, 21.875002415673098], [-105.14690297011494, 21.874357573272576], [-105.1455892302309, 21.873702587155886], [-105.14402615631224, 21.872218955115596], [-105.14364968872555, 21.870809937722772], [-105.14315592174142, 21.869484791251953], [-105.14290413537987, 21.868490090233575], [-105.14182630609731, 21.867750361170188], [-105.14063975823733, 21.867675717954057], [-105.1381456863369, 21.8673611788642], [-105.13648257006805, 21.867123787841813], [-105.13481701544272, 21.866720316229188], [-105.13266880104094, 21.865738935789125], [-105.13183054524528, 21.86516353903141], [-105.1304203756972, 21.866003837370638], [-105.12924359689673, 21.866593367506784], [-105.1281804681392, 21.86684993200714], [-105.12722977994042, 21.86669050109839], [-105.12664442522272, 21.86719283576342], [-105.1264183145876, 21.867941780002358], [-105.12583173523619, 21.86836107978519], [-105.12511932142537, 21.868283012990965], [-105.1245266571165, 21.86828714828703], [-105.12321793472132, 21.86796411047242], [-105.12262041227926, 21.86763611092352], [-105.12119438194735, 21.867396914404704], [-105.1202521919057, 21.867818667375904], [-105.11883586478268, 21.868243706657864], [-105.11706150619622, 21.86850513451105], [-105.11622329630659, 21.86792965834681], [-105.11620997385941, 21.86701630560371], [-105.11560520663848, 21.8661900880147], [-105.1147766983392, 21.866278860975196], [-105.11418767164776, 21.866532055337682], [-105.11347043486023, 21.86612180969543], [-105.11298179917736, 21.865128699143494], [-105.11237705847348, 21.864302469405054], [-105.11094624570629, 21.863731055317423], [-105.10999921927613, 21.863820621261798], [-105.10894211044473, 21.864492222631906], [-105.10682545170296, 21.865669340636234], [-105.10635132820609, 21.86567259637934], [-105.10598970957614, 21.865259876353313], [-105.10598368362744, 21.86484471539361], [-105.10550474318907, 21.864515839903515], [-105.10503664662863, 21.864934252854724], [-105.10456613859694, 21.86518660005935], [-105.10385013978801, 21.864859344553835], [-105.10336759314995, 21.86428136617457], [-105.10312451600417, 21.86386782808812], [-105.10228518575506, 21.863209248132218], [-105.10145428099722, 21.863131889624125], [-105.10109989685982, 21.863217352205517], [-105.10098858164528, 21.863716355679138], [-105.1003923292478, 21.863471307346547], [-105.10015046382476, 21.86314079706094], [-105.10014084951789, 21.862476538897194], [-105.09977565206424, 21.861814708136627], [-105.09905847977699, 21.861404399286627], [-105.09857716488855, 21.860909438824233], [-105.09845023236309, 21.86032902078162], [-105.09867767813928, 21.859663145974565], [-105.0996150729589, 21.85890938661769], [-105.0990128374322, 21.858249171463775], [-105.09830168849963, 21.858254020723106], [-105.0978335911927, 21.85867241353987], [-105.09760134192946, 21.85900615794607], [-105.09402161343993, 21.85736969569938], [-105.09248439145544, 21.85762924905858], [-105.09189536051856, 21.857882364041842], [-105.09119019583318, 21.85830234460379], [-105.09083821012288, 21.858553849951356], [-105.09047665393322, 21.85814109530588], [-105.08989359641346, 21.85880936516393], [-105.08960146779383, 21.859101983103194], [-105.08930933798436, 21.859394600518357], [-105.08777805869063, 21.860069272055515], [-105.08682268297838, 21.859577477927164], [-105.08611272049188, 21.859665307057487], [-105.08576668975185, 21.860331963720135], [-105.08660473379298, 21.8609075959286], [-105.08638319913752, 21.8619886162234], [-105.08652082962567, 21.863316335169657], [-105.08676982845365, 21.864145059861567], [-105.08619150434497, 21.865145445773642], [-105.08536178998911, 21.865151038546106], [-105.08430097753998, 21.865573385075137], [-105.08372501515638, 21.866739826992593], [-105.08314904344286, 21.867906266761743], [-105.08233241995286, 21.868825200438458], [-105.08140439772481, 21.870243120097594], [-105.08071700122372, 21.87190854090686], [-105.0804906434193, 21.87265742263343], [-105.07929694583741, 21.87208414365063], [-105.07847670585622, 21.872753960814226], [-105.07789947844049, 21.873837349227216], [-105.07744672504431, 21.87533510432206], [-105.07758904171449, 21.87699495814033], [-105.0767794616479, 21.87841205748972], [-105.07524910810983, 21.879169644178265], [-105.07383846805605, 21.880009458592635], [-105.0729019862308, 21.88084610259786], [-105.0702098363167, 21.88327218223168], [-105.06891767279406, 21.884111166420766], [-105.06810086609019, 21.88503002826421], [-105.06717378168833, 21.886530897977366], [-105.06718797735796, 21.88752728587245], [-105.06602021936482, 21.888780622898828], [-105.06497571921643, 21.890365296739922], [-105.06416239551065, 21.89153323540481], [-105.06275865170727, 21.892871147914114], [-105.06205322977982, 21.893291002710523], [-105.06133364788586, 21.89271446672668], [-105.05990511070134, 21.892308676199388], [-105.05871015308445, 21.8916522172602], [-105.05822887516402, 21.891157140632036], [-105.0584565560989, 21.890491323172565], [-105.05892133735234, 21.889823946124398], [-105.05915136966134, 21.889324192353172], [-105.0584365310554, 21.8890797728596], [-105.05785084359322, 21.889581862815533], [-105.055122993745, 21.889516723152013], [-105.05502796202688, 21.891178147960915], [-105.05467818382417, 21.89159564020161], [-105.05384713954611, 21.89151804223921], [-105.05326025107951, 21.891937083384715], [-105.05363471294284, 21.893263274256658], [-105.05249028052657, 21.89617716195885], [-105.05203014596698, 21.89717664985033], [-105.05229074967367, 21.89883574697983], [-105.05148901475343, 21.90083394532453], [-105.05138923780926, 21.902163236636042], [-105.0514056736132, 21.903325688824445], [-105.05082107705745, 21.903910785359745], [-105.05010617978357, 21.903666330247955], [-105.04962958295248, 21.90350335844173], [-105.04856369195241, 21.903593344551705], [-105.04749076921057, 21.903185129814982], [-105.04630631678302, 21.903275872752282], [-105.0456019660253, 21.903778689051574], [-105.04489878055914, 21.90436453465079], [-105.04372367316552, 21.90511951767064], [-105.04276814734227, 21.904627471058202], [-105.04252166931701, 21.903964748215625], [-105.04191366366814, 21.90288916588961], [-105.04107321664658, 21.902147244615183], [-105.04011888716984, 21.901738214793387], [-105.03963180361802, 21.900827922308938], [-105.03890877359657, 21.900002191473828], [-105.03818925081482, 21.899425554690268], [-105.03700832030397, 21.89976532803698], [-105.03677935957984, 21.90034808284189], [-105.03691190652923, 21.901343708255443], [-105.03644698547652, 21.902011022476284], [-105.03385609069822, 21.903273286100536], [-105.03267860763613, 21.90386212557328], [-105.03150808977176, 21.90494915122372], [-105.03114077534056, 21.90412110633563], [-105.03101175241555, 21.9033745739348], [-105.03017716735273, 21.903047759304158], [-105.02959480787374, 21.90379884551036], [-105.02972498525271, 21.90462841144506], [-105.02747807639695, 21.905057973496575], [-105.02652840460098, 21.90498099487055], [-105.02634650042758, 21.9046915156878], [-105.02616459698943, 21.9044020362931], [-105.02486271583898, 21.904576413493892], [-105.02462906405113, 21.90482702117349], [-105.0236747635199, 21.904417896103695], [-105.02319356348188, 21.903922717704262], [-105.02282861458181, 21.90326071914687], [-105.02246251183135, 21.902515687194644], [-105.02115717387376, 21.90244093752386], [-105.02009127263824, 21.90253073927036], [-105.01936834647121, 21.901704922662663], [-105.01983565747145, 21.901203721704086], [-105.0193440828773, 21.899961238691926], [-105.01968358415245, 21.898796528525654], [-105.01943375657422, 21.89788467272278], [-105.0180099042636, 21.89781064924991], [-105.0175091227216, 21.895903899212943], [-105.00674458455404, 21.89771547215897], [-105.00106518493986, 21.896236284112682], [-104.98806271751207, 21.892848964332075], [-104.9865169683314, 21.89252629846769], [-104.98615108167604, 21.891781184778196], [-104.98507161195592, 21.890874365118965], [-104.98352929454258, 21.89080076988198], [-104.98211119993525, 21.891141600494286], [-104.98140555017679, 21.89156111000066], [-104.98082071578895, 21.89214595888671], [-104.97987568447712, 21.892400842699278], [-104.97903901585956, 21.891907702505666], [-104.97855009004921, 21.890831162244638], [-104.9780656972179, 21.890086752260096], [-104.9776964671126, 21.889092520680304], [-104.97768176171195, 21.88801309191476], [-104.97743221998255, 21.88710117123912], [-104.97718268142053, 21.886189250086954], [-104.97693427674935, 21.885360361477794], [-104.97621507658852, 21.88478345281502], [-104.97430702407262, 21.883964633984508], [-104.97239673719052, 21.882979726848273], [-104.97072243993206, 21.881910332126687], [-104.96916333335228, 21.88059110588477], [-104.96760988186593, 21.879687030390674], [-104.96604070872993, 21.87762047594836], [-104.96522777558958, 21.87887096121747], [-104.96313404363582, 21.879917050381327], [-104.9628726372784, 21.88004765362271], [-104.9609882745556, 21.880972376510808], [-104.96041685390547, 21.882553551444758], [-104.95875945376129, 21.88272953246938], [-104.95745880715302, 21.88298641037133], [-104.95652498386097, 21.884071492035726], [-104.95571304967135, 21.885404962329904], [-104.95441460877558, 21.885827882345694], [-104.95359817609814, 21.88682920932486], [-104.95290586631423, 21.888244994472128], [-104.95256919777604, 21.889658667430442], [-104.95163417790206, 21.89066068723214], [-104.95056609009116, 21.89058397276118], [-104.94879560505821, 21.89117572040266], [-104.94773753973185, 21.89184628571031], [-104.94715702122087, 21.89276314728801], [-104.94550171225568, 21.893105060657657], [-104.94444695324525, 21.89402470395973], [-104.94410907587876, 21.895355325325156], [-104.94388641468807, 21.896436149634205], [-104.94282384338315, 21.89677455041918], [-104.94188204593877, 21.897278315156328], [-104.94000175950906, 21.898534927645542], [-104.93625769699125, 21.902293583773744], [-104.93466992161662, 21.89881517356389], [-104.93348543453897, 21.898905104685635], [-104.9324084550638, 21.898164007280123], [-104.93111203885881, 21.898752808757436], [-104.92968601769803, 21.89851195509606], [-104.92648822833581, 21.89877956268403], [-104.92494695786937, 21.898788451797312], [-104.92341778534409, 21.89971069149315], [-104.92282608463003, 21.899797134202956], [-104.92213011114445, 21.900963687316978], [-104.92107404621814, 21.901800146288622], [-104.92035938135238, 21.901555127784935], [-104.91999820732431, 21.90114200124115], [-104.91857766657535, 21.90131621729708], [-104.91799692338049, 21.90223297440268], [-104.91610978959562, 21.90299111346685], [-104.912690060773, 21.9044222703431], [-104.90772128144958, 21.90528085095388], [-104.90583296389397, 21.90595583839836], [-104.90366395981954, 21.90331081125952], [-104.90211176492343, 21.902489154013413], [-104.89830474481222, 21.901514047476798], [-104.89413559726816, 21.9000426365983], [-104.8924584416151, 21.898723349420447], [-104.89125879318199, 21.89765050994929], [-104.89064222272515, 21.89582706980926], [-104.89085555548034, 21.893999018311835], [-104.89131139640197, 21.892584815246018], [-104.89200108955835, 21.890920191532317], [-104.89257221517795, 21.889256224508795], [-104.89125301303949, 21.888101010546055], [-104.89017093124215, 21.88694446967634], [-104.88992410880755, 21.886198484765607], [-104.89026786934083, 21.88528314207423], [-104.89084655850232, 21.884200414320574], [-104.89118706505707, 21.88303596895857], [-104.89129155648138, 21.881955874463255], [-104.89103933172314, 21.88079472321462], [-104.89138307204274, 21.879879377511905], [-104.89184535089993, 21.878963371564133], [-104.89218367346224, 21.877632856225375], [-104.89288843227848, 21.877130695233937], [-104.89395097451592, 21.87679261573648], [-104.89453176737625, 21.875875940781395], [-104.89439698336918, 21.874631098749173], [-104.89460265446004, 21.87222180226036], [-104.89480723534983, 21.869729471170107], [-104.89558713836975, 21.865905290875933], [-104.89650178921522, 21.863325947290292], [-104.89801121635236, 21.86090934640632], [-104.89870393402066, 21.859493788433316], [-104.89926508468456, 21.85708248757701], [-104.90019590496898, 21.855748626393435], [-104.90147249392702, 21.853665456994843], [-104.90310895805702, 21.851912409545317], [-104.90499222065691, 21.85090531137021], [-104.90729502085657, 21.845743820495684], [-104.90518986996433, 21.83886340061674], [-104.90363944939926, 21.838124787717323], [-104.90303385069518, 21.837131720183212], [-104.9028805384865, 21.834475302388828], [-104.90283921038525, 21.83132001237967], [-104.9027989713261, 21.828247755154674], [-104.90312510635147, 21.82600383418109], [-104.90358169591457, 21.824672618246307], [-104.90440138709943, 21.823920633467118], [-104.90437961880755, 21.82225995268293], [-104.90494488130874, 21.820180757010032], [-104.90633739750021, 21.81793080228996], [-104.90835395290422, 21.818085467071484], [-104.9095443368894, 21.818493918038552], [-104.90968684171327, 21.82031999477835], [-104.9104196465854, 21.821976639110282], [-104.9142377737802, 21.823947876037586], [-104.91721007429238, 21.824678262240585], [-104.91851136055656, 21.82450473284303], [-104.91982251964167, 21.825078498728555], [-104.92111282570677, 21.824074609281414], [-104.92132675888773, 21.822329534684624], [-104.92107000186631, 21.82083628457116], [-104.92141120983719, 21.819754800468683], [-104.92175460947195, 21.818839383505534], [-104.92185442882517, 21.817427124226082], [-104.92148687163848, 21.816515793226845], [-104.92099753457019, 21.815356039846023], [-104.92087135895468, 21.814775482099705], [-104.92121584810285, 21.813943099733883], [-104.9213244541801, 21.81319511244475], [-104.92119608300487, 21.812448486665833], [-104.92106112533068, 21.811203656258304], [-104.92069578442303, 21.810458391048936], [-104.92068261148582, 21.80946198191666], [-104.92102489304456, 21.808463531159916], [-104.92124648977558, 21.807299692158207], [-104.92064967983582, 21.806970958557503], [-104.91946594130822, 21.807060792071102], [-104.91898103934656, 21.80623316808781], [-104.91932113107794, 21.805068652180754], [-104.91989159583068, 21.803404570928585], [-104.92035125061649, 21.802322406759853], [-104.92069351733382, 21.801323955781974], [-104.92068034502894, 21.800327545549475], [-104.92054869561444, 21.79933181554922], [-104.92053332926605, 21.79816933664313], [-104.92099076670814, 21.79692110149184], [-104.9208646070109, 21.796340542492402], [-104.92050479233339, 21.79601044681016], [-104.91953607912937, 21.79449162947521], [-104.92024541396667, 21.793951971127832], [-104.92189555764512, 21.7910486072474], [-104.92295299403816, 21.788476622609885], [-104.92300196104833, 21.78811079088152], [-104.92329735150754, 21.785903893081112], [-104.92315731735377, 21.78142159505271], [-104.92385501401482, 21.77818520502739], [-104.92563437015426, 21.777523009653983], [-104.92753254274682, 21.776860915135746], [-104.92859333422588, 21.7750359193653], [-104.92834341266729, 21.772462577260917], [-104.92726131608285, 21.769805391047548], [-104.92641572567749, 21.766899428652504], [-104.92634269586982, 21.765218244503973], [-104.92628231345907, 21.76382818124745], [-104.9276939549717, 21.760841502088855], [-104.92791499585739, 21.757355595528065], [-104.9280207692082, 21.754616599323214], [-104.928006540499, 21.75162847184865], [-104.92942159076408, 21.749388805378572], [-104.9320218972583, 21.74656927283499], [-104.93415286156814, 21.744994292298205], [-104.93569015288837, 21.743501717646353], [-104.93758622908257, 21.742507489218617], [-104.94078831463523, 21.741348451904866], [-104.94411440976116, 21.741268507947005], [-104.94613731434488, 21.741934362109998], [-104.94815983081675, 21.742517187915205], [-104.9500627428428, 21.74293387799463], [-104.95374118410363, 21.74202401550459], [-104.95765347569574, 21.74036723533234], [-104.9612105163136, 21.73895908612132], [-104.96358239248354, 21.738130948867813], [-104.96726229792246, 21.73755279976523], [-104.9712994142602, 21.737140842190435], [-104.97331901695323, 21.737142335575513], [-104.97462750671238, 21.737475303295284], [-104.97558467092601, 21.73880404801936], [-104.9764268574228, 21.74087973454694], [-104.9769113832934, 21.742706152309026], [-104.97798571318857, 21.743702952612686], [-104.9795297606602, 21.74362103096387], [-104.98130801047546, 21.742875229374857], [-104.98320547315312, 21.742212492247486], [-104.98534181051278, 21.741798901181557], [-104.98590975222837, 21.739881639010942], [-104.98674300754777, 21.737068632563687], [-104.98697202610677, 21.735408715004155], [-104.98743777548826, 21.73358294365722], [-104.9880712955062, 21.73191687601257], [-104.98825818112091, 21.731425385529093], [-104.98919864698587, 21.72951690958009], [-104.98990710298298, 21.72868732557417], [-104.99109676102653, 21.72902008822927], [-104.99216503850413, 21.728854746707146], [-104.99335124133165, 21.72852346372174], [-104.99454307299794, 21.729271220010848], [-104.99561395253363, 21.729603878266875], [-104.99644159996613, 21.728857341066686], [-104.99810340089473, 21.72860930916624], [-104.9997678145537, 21.72885928256707], [-105.0028542515742, 21.72844600730769], [-105.0051095614962, 21.728115230321315], [-105.00594155084029, 21.728198682095584], [-105.00639134132406, 21.72830355331504], [-105.00701200808545, 21.728448263056745], [-105.00784444148213, 21.72861470891318], [-105.00879611170052, 21.72886421593352], [-105.00998050742295, 21.728200799302954], [-105.0123537025011, 21.727703976905733], [-105.01318080852542, 21.72687435227296], [-105.01483988760643, 21.726128130538168], [-105.01756538463776, 21.724884372139428], [-105.02124518597238, 21.724388026297238], [-105.02409523828273, 21.724223260415563], [-105.02718693206133, 21.72480557526913], [-105.02921225569753, 21.725885434121043], [-105.03002883918357, 21.72651704902542], [-105.03135958310656, 21.727546338642338], [-105.03279328713162, 21.729040942589165], [-105.03410457707015, 21.729871462007605], [-105.03756381032987, 21.732445797396053], [-105.04090068796668, 21.73435599317639], [-105.04281252143545, 21.736348683528583], [-105.04555832937251, 21.738756617478124], [-105.0474749237021, 21.74157928661674], [-105.04889592285012, 21.740749653663645], [-105.04995910253056, 21.739670902287067], [-105.0511401358215, 21.738426168512515], [-105.05255314825624, 21.736185445984365], [-105.05384825435006, 21.734110688429165], [-105.05538840880482, 21.73336403197615], [-105.05748855487572, 21.733799166072256], [-105.05755298146431, 21.733700792611568], [-105.05810111797393, 21.733066930699557], [-105.05878171599366, 21.73309210287888], [-105.05942609643789, 21.73311593295118], [-105.06037835602723, 21.73344814669357], [-105.06104979581765, 21.734094303474258], [-105.06193121647, 21.73494252130618], [-105.06276658560617, 21.7356067111323], [-105.06395694083358, 21.736021953244386], [-105.06494408521132, 21.73581497502497], [-105.06624651796659, 21.736390418489123], [-105.06776754981854, 21.737599680258572], [-105.06860534090968, 21.738678856939195], [-105.06908959519075, 21.740255994196936], [-105.06969171085998, 21.741667141151375], [-105.06993599303432, 21.7428292228357], [-105.07124762094406, 21.743659446040017], [-105.0756064685156, 21.744623204615582], [-105.07838510019795, 21.745237364747172], [-105.07887719391789, 21.748142522765747], [-105.0807704122864, 21.746814642829357], [-105.08146332451828, 21.74547663724637], [-105.08253268883958, 21.743411652446436], [-105.08359418251825, 21.742083676375422], [-105.08453685364172, 21.74075568606947], [-105.0861981522056, 21.740423767326114], [-105.08821828680804, 21.74050686242868], [-105.08964733744166, 21.741087934867295], [-105.09095515163247, 21.741253976277772], [-105.0921461232081, 21.741752018253163], [-105.09405238159175, 21.742665071898077], [-105.09536512858662, 21.743661109901414], [-105.09644421711072, 21.745321164951758], [-105.09703874337094, 21.745404160820954], [-105.09786299921265, 21.74415910027339], [-105.0982095567101, 21.742499030462923], [-105.0993882216332, 21.74092194151701], [-105.10116581687849, 21.740174853570363], [-105.10306269135869, 21.739510743765624], [-105.10484273400374, 21.739178632099176], [-105.10650695336574, 21.73934452858985], [-105.10710494721671, 21.740008510319985], [-105.10829596365203, 21.740506436025875], [-105.10900628447881, 21.74009136059763], [-105.10995720375048, 21.74017427909692], [-105.11126803515928, 21.740838178593155], [-105.11281247478645, 21.740838017209075], [-105.11340950027967, 21.741335969753543], [-105.11400904019757, 21.742248935408803], [-105.11543770789127, 21.742746781586554], [-105.11698065639423, 21.74249757209692], [-105.11876070307618, 21.742165310896382], [-105.11994672229982, 21.741833122102722], [-105.12053416597254, 21.740753991150353], [-105.12147243741191, 21.73876176731673], [-105.12169991089237, 21.737101667592675], [-105.12073939347124, 21.735441757866223], [-105.11990123316147, 21.734362845916106], [-105.11882246313222, 21.732785945450885], [-105.11809858900128, 21.730959978306775], [-105.08800884174933, 21.704815404023634], [-105.08680311590095, 21.701744217558552], [-105.08631831311438, 21.700084121302684], [-105.08606862925095, 21.698009017865708], [-105.08676811043243, 21.695767955629282], [-105.08756657428262, 21.695263904487735], [-105.08795139013111, 21.69502097680982], [-105.08961313166287, 21.694855031112958], [-105.0899630839648, 21.693775994483804], [-105.08991212501356, 21.691580153891145], [-105.08973083406578, 21.690680965966987], [-105.08951757319716, 21.688446282870768], [-105.08947102755661, 21.687958538557865], [-105.0892555442275, 21.687455891814313], [-105.0892085396239, 21.687175787057956], [-105.08913556390365, 21.686740915812155], [-105.08824583875214, 21.68447951885845], [-105.08776399793621, 21.683317445966345], [-105.08775231826486, 21.681325354816032], [-105.08809641015041, 21.679250274550753], [-105.08832076752078, 21.677009180651716], [-105.08926248628845, 21.67559815073043], [-105.08972968076539, 21.67427010470572], [-105.08913155171223, 21.67352304985098], [-105.08817816066362, 21.67294198622432], [-105.08698728335219, 21.67236090572542], [-105.08603536533172, 21.672028841378552], [-105.0856737858816, 21.671115778628902], [-105.08459828556768, 21.669953659916796], [-105.08364203075178, 21.668874546165934], [-105.08173391191201, 21.667463337396462], [-105.08101517896672, 21.66638422694771], [-105.08017675110382, 21.665139094606733], [-105.07969359388302, 21.663727983103882], [-105.07968676209035, 21.66255132809236], [-105.07968106379205, 21.661569878236126], [-105.07919792339365, 21.660158764632964], [-105.07930606311615, 21.658332686420724], [-105.07929161287244, 21.655842563695007], [-105.07939733981743, 21.653601463935193], [-105.0792670489378, 21.651609353406386], [-105.07830710644168, 21.64986617275645], [-105.07746927825957, 21.648704028089877], [-105.07663002321159, 21.647292866395777], [-105.07543460858064, 21.64588165832407], [-105.07436129286293, 21.645051485894758], [-105.07435554744764, 21.64405543502782], [-105.07446708862173, 21.642810386093828], [-105.07232625725796, 21.642146072236223], [-105.07065890233036, 21.641232788501416], [-105.06982070908774, 21.639987599443096], [-105.06910029822215, 21.63857641595027], [-105.0689730167125, 21.637082319346522], [-105.06872702095653, 21.635588203519212], [-105.06895827129634, 21.634509184481065], [-105.06966723509711, 21.63392826479131], [-105.0710856225407, 21.632849420635516], [-105.07262079179128, 21.63143856295093], [-105.07380122933694, 21.6302766586243], [-105.07486245740935, 21.629031726932762], [-105.07592510609355, 21.62803580152789], [-105.0761856144505, 21.62724815948869], [-105.07639179138904, 21.626624781094673], [-105.07685990800583, 21.625462772397785], [-105.07780236720633, 21.624217808245813], [-105.07874769736068, 21.62347086520742], [-105.07945560503735, 21.622723894402895], [-105.079571421532, 21.6222258790073], [-105.07861936823416, 21.621810764627885], [-105.07683830357911, 21.621727572723366], [-105.0747030398247, 21.621976336002056], [-105.07220783118193, 21.62156098715466], [-105.07042486735357, 21.6211457086048], [-105.06852225821825, 21.620564382855367], [-105.06804553942575, 21.620232287858578], [-105.06685659820171, 21.619900071431893], [-105.06649906338264, 21.61965099670172], [-105.06637561849669, 21.618820930868974], [-105.0658946459496, 21.617741788756717], [-105.0654165217857, 21.617160672423402], [-105.06505473619048, 21.616164553452567], [-105.06445555507997, 21.61516838976257], [-105.06385921801092, 21.61467025129173], [-105.06314040778648, 21.613508051002338], [-105.06301462664152, 21.61226295895654], [-105.0631290746285, 21.611515940401908], [-105.06288743147992, 21.610768852747274], [-105.06204806633906, 21.609274605403485], [-105.06061995493776, 21.608610277496506], [-105.05764742266331, 21.607696581248575], [-105.05586560611376, 21.607447154806778], [-105.05550578153179, 21.606783032490505], [-105.0560936305795, 21.605787116967218], [-105.05656512195449, 21.605206195225016], [-105.05632352304784, 21.60445909736957], [-105.05631837188541, 21.60354604543237], [-105.05560201635024, 21.602798834439813], [-105.05441090993152, 21.602051504256337], [-105.05286794563098, 21.60205111782364], [-105.05167825621578, 21.601552782260605], [-105.05155584259194, 21.600888712946198], [-105.05167034062399, 21.600141701142746], [-105.05107364364713, 21.59956051093188], [-105.05047741636784, 21.599062323326354], [-105.04928497404944, 21.598065941594644], [-105.04868551168342, 21.596986713736257], [-105.04867623377775, 21.595326616829162], [-105.0494981995981, 21.593749755665353], [-105.05044254821519, 21.59283696112295], [-105.05186440437669, 21.59242231500912], [-105.05281012822655, 21.591758521522753], [-105.0533960690797, 21.59043059434019], [-105.0532717911585, 21.589434505887052], [-105.05219901895727, 21.588604183503097], [-105.05195653874239, 21.587691067912886], [-105.05302184147165, 21.587193313630017], [-105.05349048552813, 21.58611436993616], [-105.05336621071376, 21.585118281030507], [-105.05347835436058, 21.58395624195398], [-105.05394745151281, 21.582960301525855], [-105.05477256183137, 21.581964446907552], [-105.05500429899307, 21.580968445219515], [-105.05499682018419, 21.57964036580272], [-105.05463426531443, 21.578478209349196], [-105.05403437744036, 21.5773159931291], [-105.05367230271838, 21.576236839237907], [-105.05366436975508, 21.57482575395722], [-105.0529383787618, 21.572335422747404], [-105.053399512368, 21.569928396390086], [-105.053388783812, 21.568019279480772], [-105.0531426002419, 21.56644212246219], [-105.05348971838583, 21.56486511530164], [-105.05300715558265, 21.563453907792116], [-105.05252460214751, 21.562042698627106], [-105.05227517767904, 21.55988450293407], [-105.05262182379359, 21.558224491158427], [-105.05273348716075, 21.556979443654686], [-105.05260644710994, 21.55548531932846], [-105.05259899199905, 21.554157235691765], [-105.05306473637684, 21.552580257645786], [-105.05447918767734, 21.550920509176127], [-105.0544745177678, 21.550090456547487], [-105.05470527261384, 21.548928441010936], [-105.05493789277031, 21.548098446147424], [-105.0549336876169, 21.54735139854875], [-105.0546926607801, 21.546687298211566], [-105.05397846042734, 21.54627209574823], [-105.05326426413332, 21.54585689019709], [-105.05207689480994, 21.54569057446283], [-105.05171724058394, 21.545026438684694], [-105.05194987157516, 21.544196447578553], [-105.05218110297253, 21.543117440037403], [-105.05299947505924, 21.540959514826994], [-105.05287803900009, 21.5404614522997], [-105.05180795702026, 21.54004614866292], [-105.05073881074775, 21.539796848898664], [-105.05072765532285, 21.537804719435357], [-105.05212569492025, 21.533239798040157], [-105.05485099689938, 21.532659448793996], [-105.05709846790677, 21.531497908113266], [-105.0588699701671, 21.530087216902093], [-105.0653412181591, 21.520708908530192], [-105.06545037980683, 21.51904881958348], [-105.06496596288636, 21.51730561664299], [-105.06448061255257, 21.515396400762604], [-105.06411011414527, 21.512823160716643], [-105.06375001449786, 21.51207604258905], [-105.06421408842532, 21.51025000917441], [-105.0649224685475, 21.50966910250893], [-105.06551175603974, 21.509005165774443], [-105.0660986712118, 21.50792619873738], [-105.06680561122246, 21.50709626703533], [-105.06846333525323, 21.506598512436792], [-105.06965278216565, 21.507179741250695], [-105.07048639996935, 21.507760908147592], [-105.07131954803472, 21.508259065212258], [-105.07250472646803, 21.508093223050643], [-105.07273718108844, 21.507263199730193], [-105.07308776749875, 21.50635018650439], [-105.07367700450668, 21.505686220830945], [-105.07462493732888, 21.505520332152877], [-105.07569291534422, 21.50560346923095], [-105.07664180403356, 21.505603580350172], [-105.07959181819896, 21.499387120505926], [-105.08132888751172, 21.4957263836], [-105.08156079051824, 21.494813341281006], [-105.08108108113383, 21.49390023748377], [-105.08107529932815, 21.492904168888234], [-105.0811881175981, 21.491908110574915], [-105.07796719661229, 21.48867057548856], [-105.08363184181285, 21.483856750927682], [-105.08350890007868, 21.48310969000768], [-105.08267392353858, 21.482279568646202], [-105.08053541285534, 21.481615340417676], [-105.0788703248986, 21.480785121812566], [-105.07791151812405, 21.479041899697606], [-105.07754135743339, 21.476551684534655], [-105.07788608197959, 21.4746425872241], [-105.07882900464715, 21.473646615475634], [-105.08036242989446, 21.47223566470318], [-105.08225205665849, 21.470907735014553], [-105.08319395983307, 21.46974572649026], [-105.08295052003353, 21.468666631008787], [-105.0823503782189, 21.467421494674348], [-105.08340938852749, 21.466010476147872], [-105.0848265309639, 21.465014504592673], [-105.08648420193609, 21.464599576362225], [-105.08706690505568, 21.462856483042927], [-105.08764959438939, 21.461113387377342], [-105.08574658250006, 21.460117210644405], [-105.08372647239436, 21.45937002158788], [-105.08206161969188, 21.458539831801403], [-105.08181242265056, 21.456464660236957], [-105.08239273763128, 21.454306550933033], [-105.08278789378403, 21.453689373587185], [-105.08672476906735, 21.45298995573115], [-105.08779435367249, 21.452643135968575], [-105.0893222092398, 21.451309402958714], [-105.09002361954508, 21.450311621962165], [-105.08965993818592, 21.449485527882256], [-105.08917854956363, 21.448742917905527], [-105.08952032941608, 21.447333100527572], [-105.09177060557843, 21.44715466366287], [-105.09224875193942, 21.44756602003342], [-105.09438213455137, 21.447553846692074], [-105.09556408932811, 21.44721582578957], [-105.09603002660558, 21.4463849980757], [-105.09626217849313, 21.445886772152697], [-105.09791574673353, 21.445297585797352], [-105.09851242389712, 21.44570824473477], [-105.09957011826687, 21.444791194661384], [-105.10026244052737, 21.44288244322888], [-105.10094738844761, 21.44022838438484], [-105.10081089265198, 21.43840721104996], [-105.10176390998703, 21.43889862529633], [-105.10319508520229, 21.43980135953063], [-105.10473086191014, 21.439295600605305], [-105.10438708159691, 21.43836252636274], [-105.10387832789758, 21.436981664800452], [-105.10208755040983, 21.435666925737564], [-105.10032631869028, 21.435747415426622], [-105.0979412753648, 21.435856384137594], [-105.0971157688429, 21.436275197082132], [-105.09570421040914, 21.43735988994734], [-105.09439568538883, 21.436870472475285], [-105.09413801880775, 21.436812062361334], [-105.09297028251723, 21.436547344123955], [-105.09283061439456, 21.43668894876271], [-105.09214881976004, 21.437380190951604], [-105.09108520344226, 21.43752711058891], [-105.09064893613643, 21.43701729371159], [-105.08988628277375, 21.436126054555956], [-105.08869143710075, 21.435139048210985], [-105.08702175611964, 21.434071909323997], [-105.08523520672672, 21.433171047667567], [-105.0840517252729, 21.433343372383334], [-105.08345352387558, 21.43276703744171], [-105.08225713517217, 21.431614360983442], [-105.0815412462213, 21.4311214992307], [-105.07892946930204, 21.43082970508771], [-105.07786910401543, 21.43130778807549], [-105.0764470049832, 21.431315765889703], [-105.07630600142951, 21.428997698455007], [-105.0772411898823, 21.427667392355115], [-105.07697765535326, 21.424935929866287], [-105.07754846134821, 21.42269668410217], [-105.07956137286561, 21.422519741936256], [-105.0811043057238, 21.422759506062008], [-105.08262626403807, 21.4208461468966], [-105.083445266821, 21.419764909551226], [-105.08497686201828, 21.41884527151799], [-105.0870936404479, 21.41717695430456], [-105.0883800927319, 21.4154305093368], [-105.0890780971151, 21.41410148090445], [-105.08977122377708, 21.412275577806103], [-105.09059093762976, 21.41127711671562], [-105.0920095930437, 21.410937771756444], [-105.09485420738895, 21.411004353088455], [-105.09721263148884, 21.40983142411132], [-105.09718736623857, 21.40726425458803], [-105.09635142907972, 21.406606509429423], [-105.09539375585439, 21.405618189873355], [-105.09549596279322, 21.40396127280227], [-105.09548375274278, 21.40271909304798], [-105.0942883289015, 21.40164930982814], [-105.0939214927979, 21.40049197177383], [-105.0942590503427, 21.398668076979803], [-105.09366501541939, 21.398505835965977], [-105.0949512269536, 21.396759337540274], [-105.09625043786224, 21.39633782186761], [-105.09635588683408, 21.395012150746673], [-105.09539747553676, 21.393941017489265], [-105.0949162411222, 21.39319841851841], [-105.09549072181204, 21.39137316506451], [-105.09570976498942, 21.38954994314158], [-105.09522040610418, 21.387979223295602], [-105.09592473221457, 21.387312659870464], [-105.09602773549754, 21.385738551081655], [-105.09542642648161, 21.384831006422715], [-105.0971969675995, 21.38415833562251], [-105.09837432925833, 21.383406233462377], [-105.09740212578767, 21.380927302875914], [-105.09656633782882, 21.380269556158428], [-105.09525831888766, 21.379780140198523], [-105.09453938651028, 21.37895608126699], [-105.09618325385676, 21.377455975467228], [-105.09675602921412, 21.37546509003798], [-105.09709919823872, 21.374220870287218], [-105.09839820424929, 21.373799337625158], [-105.10053623184125, 21.37436677562688], [-105.10136628424236, 21.374444817519205], [-105.10230335333918, 21.373362801731624], [-105.1031203120872, 21.372115839196123], [-105.10430082209658, 21.371694943846673], [-105.10523211760707, 21.370033225789705], [-105.10557766069742, 21.369037424999302], [-105.10563826182525, 21.36889621237636], [-105.10604083655247, 21.36795812613281], [-105.1079262997432, 21.366953407658904], [-105.10851775955139, 21.366867162486763], [-105.10970067706039, 21.366694665897626], [-105.11064260090444, 21.36627581807928], [-105.1106401023347, 21.3658610397911], [-105.11016052756666, 21.36528410649836], [-105.10956358790233, 21.36414126289129], [-105.11025761038672, 21.363130299608855], [-105.11061132525442, 21.362962610662745], [-105.1111945423543, 21.362048233307856], [-105.11177423584702, 21.360803088233265], [-105.11187234040474, 21.358731607611645], [-105.11691907409025, 21.355198905954452], [-105.11838577054995, 21.35383353260667], [-105.1176119721322, 21.35214156951804], [-105.1174272047289, 21.35055306071655], [-105.11771583385703, 21.348980774003326], [-105.11815013260207, 21.346580753067773], [-105.11972414961919, 21.34555213777569], [-105.12064633021684, 21.346333178028228], [-105.12216937688895, 21.350465684621973], [-105.1298168716971, 21.35572369560358], [-105.13102766769948, 21.354932371094954], [-105.13213917369897, 21.35355473963381], [-105.13315682828029, 21.351424444900733], [-105.1339377560787, 21.349286055673304], [-105.135880349263, 21.347853526198346], [-105.1375644362901, 21.347078324461567], [-105.13982119356292, 21.34690556061523], [-105.1421745377377, 21.347402238300475], [-105.14383412075277, 21.347375586562624], [-105.1449931359232, 21.348164566290723], [-105.14743226922518, 21.349663356679233], [-105.14932857517593, 21.349644719454787], [-105.15169556425622, 21.349725366937914], [-105.15251044335503, 21.350169482155025], [-105.1547021340904, 21.351992820977532], [-105.15642860151567, 21.353550480463902], [-105.15965664096647, 21.352661058765484], [-105.16081849069934, 21.353366748706755], [-105.16333367969602, 21.352536283796873], [-105.16539708476876, 21.351024258877217], [-105.16710269310045, 21.349583326426288], [-105.17000256913947, 21.347849849228552], [-105.17178860651144, 21.347577401371517], [-105.17309854309127, 21.3473720489267], [-105.17553031849157, 21.34545605143654], [-105.18300687369427, 21.35603512333147], [-105.18664625194786, 21.357074351957195], [-105.18535196481896, 21.364108552761596], [-105.19083421325843, 21.366792212463064], [-105.19199363105271, 21.367580863299324], [-105.19158739431096, 21.369149266176237], [-105.19120268487984, 21.370052231267803], [-105.1918886610175, 21.370824867393516], [-105.19351889769622, 21.37171269823385], [-105.19481556714783, 21.37192307354894], [-105.19683589530116, 21.37174153975069], [-105.19803839434485, 21.37119927393078], [-105.19948299380954, 21.370498635819846], [-105.20008289095772, 21.370269084376883], [-105.20147374835015, 21.371232022581857], [-105.20338911583512, 21.37063051528824], [-105.204588896888, 21.370171382443434], [-105.20705850881268, 21.370754319210985], [-105.20859460597627, 21.370889392867344], [-105.2097729207133, 21.3710956612118], [-105.2102249426177, 21.3717770606507], [-105.21187406109517, 21.372082453805735], [-105.21294741938378, 21.371868811769463], [-105.21471491318385, 21.372178165129526], [-105.21626174293645, 21.37198044914557], [-105.21802389101572, 21.372456127252015], [-105.21852948661272, 21.371473906683203], [-105.21995258374612, 21.371438532184456], [-105.22114964353158, 21.371062461282754], [-105.22305957836369, 21.370627090026602], [-105.22640060061669, 21.369906728210243], [-105.22769195598664, 21.370283209288257], [-105.2296828448374, 21.3710162603599], [-105.23108991724665, 21.371479871452106], [-105.22945847641057, 21.37307398139976], [-105.2287576164728, 21.374568650898688], [-105.22805279411423, 21.37548227585465], [-105.22758553869444, 21.376478718482073], [-105.2271182770054, 21.377475159746446], [-105.22712560303674, 21.3785542365884], [-105.22689591216546, 21.379633497968154], [-105.22737896562212, 21.38096122245627], [-105.22762049565844, 21.38162508407104], [-105.22762782588597, 21.38270416032287], [-105.22811033212609, 21.383948876226306], [-105.22871135962947, 21.38519349694929], [-105.22931239738418, 21.386438115243514], [-105.22907819299884, 21.386853332141886], [-105.22813007822802, 21.386854080249467], [-105.2268241664884, 21.386523076839225], [-105.22575247397486, 21.38577685115707], [-105.22444545277672, 21.385279817344337], [-105.22314124713002, 21.38519780261641], [-105.22136355119424, 21.3851991378375], [-105.22041824575497, 21.38561487171894], [-105.2192409399952, 21.386777827281545], [-105.21889154575271, 21.387691152361683], [-105.21842530759817, 21.3888535806564], [-105.2180781376817, 21.390098927366157], [-105.21737819870097, 21.391759559718842], [-105.21703157127257, 21.393087909808507], [-105.21715957787808, 21.39449892360539], [-105.21693146391992, 21.39582718759413], [-105.21718245993877, 21.397902161913702], [-105.21742620574368, 21.398898060168055], [-105.21720032037321, 21.400558346942464], [-105.2175648306379, 21.40188618206264], [-105.21792376172837, 21.402383958716914], [-105.21851751425496, 21.402549538774153], [-105.21946852806377, 21.40296387277072], [-105.21959321030646, 21.403876848488867], [-105.21901007624157, 21.40528838090936], [-105.2180702224302, 21.40653415875945], [-105.2178398647574, 21.407530399398244], [-105.21796789302864, 21.408941409974805], [-105.21785773992288, 21.410186581195646], [-105.21703414696292, 21.411100244083414], [-105.21608810563433, 21.411432948129754], [-105.21431621470006, 21.412347273753237], [-105.21385153310597, 21.413758703870325], [-105.21291158181859, 21.41500445235964], [-105.21220369168515, 21.415502980525208], [-105.2109053258533, 21.41633393542591], [-105.20995979095464, 21.41674961072932], [-105.20842708958322, 21.417995735740348], [-105.20736576078107, 21.4188265042177], [-105.20678079356016, 21.419988976068318], [-105.20572275221484, 21.421317768051267], [-105.20525906350336, 21.42289518501762], [-105.20455662157468, 21.42422373728827], [-105.20456378765167, 21.425302810465144], [-105.20469170560585, 21.4267138291114], [-105.20493596802802, 21.42779274800676], [-105.20517802762208, 21.42853964403829], [-105.20470934865143, 21.42937000816137], [-105.20388336326124, 21.42995158355188], [-105.2034130205786, 21.430532927268217], [-105.202942123802, 21.431031264074118], [-105.2025908747652, 21.431695535325762], [-105.20248002582073, 21.432857688693048], [-105.2024877277801, 21.434019766517544], [-105.20279156765264, 21.435048756231275], [-105.2028069142105, 21.43565614958972], [-105.20286076478233, 21.43587205616161], [-105.20259430274074, 21.436039949200158], [-105.20244876102383, 21.436067481784793], [-105.20213397267094, 21.43610342936658], [-105.2017014500288, 21.4361245748618], [-105.20157045921036, 21.43619718353394], [-105.20115826342028, 21.43637321763725], [-105.20069392274613, 21.43650783870514], [-105.20046325183506, 21.4364878740495], [-105.20019041113568, 21.43648455362025], [-105.19963112504179, 21.43652977620214], [-105.19923575243827, 21.43650201115949], [-105.19854869555857, 21.43646790722977], [-105.19746087127483, 21.436334994674773], [-105.19664153208323, 21.436241001106655], [-105.19546768545766, 21.43645163083466], [-105.19531327019192, 21.4365341990293], [-105.1952008680609, 21.43658396682469], [-105.19502256001432, 21.436628028182618], [-105.19430102000952, 21.43691747857601], [-105.1939929777874, 21.4372574728165], [-105.1938216898154, 21.43744652689487], [-105.19303957711489, 21.438764365434523], [-105.19270148796376, 21.439307948186936], [-105.19263319120708, 21.439682365651688], [-105.19258983897421, 21.43992003089765], [-105.19238079979536, 21.44019066482174], [-105.19193396676575, 21.440677321834638], [-105.19020714516893, 21.441497655327094], [-105.19009564815791, 21.44257679437693], [-105.18950719334933, 21.443241171044335], [-105.18844665977507, 21.444237830462857], [-105.18797729435143, 21.444985141746518], [-105.18739098716088, 21.44598153311714], [-105.18739857122773, 21.447143610710967], [-105.18728704960071, 21.448222747345252], [-105.1874142817065, 21.449550770923732], [-105.18766116632469, 21.451044740246775], [-105.18755126946888, 21.452372893014687], [-105.18720423356281, 21.453701175002482], [-105.18709270592008, 21.454780310708365], [-105.18686531386622, 21.45627453794432], [-105.18687668560803, 21.45801765220513], [-105.18652800663922, 21.459096915770676], [-105.18653450271584, 21.460092980800194], [-105.18689455638174, 21.460756831018532], [-105.18702288003318, 21.462250863632278], [-105.18726978312918, 21.463744831137987], [-105.19217662805538, 21.470631545152884], [-105.19313019252567, 21.47137804348697], [-105.19408922398296, 21.472954588584713], [-105.19504936876216, 21.474697138141465], [-105.19660247110215, 21.47643932540137], [-105.19743969912942, 21.477517890261264], [-105.19851630998578, 21.478928325758968], [-105.19959239272059, 21.480255748810517], [-105.20019358152223, 21.481500456306186], [-105.20079368138332, 21.48257915121059], [-105.20032535682964, 21.483492504324058], [-105.19985977199374, 21.484820881420585], [-105.19892089693326, 21.486315560525515], [-105.19761909226261, 21.48673138559783], [-105.19667525617125, 21.487479006486787], [-105.19585219435476, 21.488558571347177], [-105.1957428933709, 21.48996972824251], [-105.19598938746277, 21.491380671872328], [-105.1962358864219, 21.49279161486415], [-105.1970743015405, 21.494036188751753], [-105.19814774240247, 21.49494859304349], [-105.19910314278384, 21.495944068595865], [-105.19982299675628, 21.497188701215315], [-105.20030565362799, 21.49843347907022], [-105.20938117518544, 21.50764112880104], [-105.2258607670679, 21.523981082683733], [-105.22753112834111, 21.52539085435613], [-105.22955740433808, 21.526800323578406], [-105.23158088177692, 21.52779474570873], [-105.23419525601169, 21.528456634036576], [-105.23645433583457, 21.52920178619159], [-105.23906475416759, 21.529282567518905], [-105.24131699427795, 21.529031601952248], [-105.24297263740158, 21.528283105194422], [-105.24320013477877, 21.526871822704404], [-105.24354453137514, 21.525211421708235], [-105.24448376846483, 21.523799504833395], [-105.24541838501341, 21.521723548046815], [-105.2464767798253, 21.52039451761953], [-105.246704807862, 21.51906623379643], [-105.24657697185523, 21.517738271542132], [-105.24609673532518, 21.51690865615359], [-105.24585431712144, 21.516161830397888], [-105.24608407148389, 21.51508255991541], [-105.24655566350124, 21.514667109919728], [-105.24678886646379, 21.514085864689648], [-105.24702091533035, 21.51333861032747], [-105.24761284456997, 21.513172062969797], [-105.24844719720355, 21.513752336083513], [-105.2487995846229, 21.51325398388698], [-105.24926943079487, 21.512589513124492], [-105.25033812905411, 21.5127545365777], [-105.25141030136955, 21.51341757929505], [-105.25189171400946, 21.514413188243864], [-105.25272551114107, 21.514910435329362], [-105.25343663731168, 21.514826760068615], [-105.25438673864467, 21.514991869392016], [-105.25569443880346, 21.515405645507105], [-105.25641021740614, 21.51598599187903], [-105.25712309219445, 21.516151313727907], [-105.25818366990605, 21.51515422674428], [-105.25889479387304, 21.515070528256967], [-105.25948496643659, 21.51465492610493], [-105.25995885252333, 21.51457145568424], [-105.26067055644786, 21.51457075392597], [-105.26102407202677, 21.51423838488867], [-105.2610193993495, 21.513574350807833], [-105.26160897538614, 21.513075736930656], [-105.26220322534509, 21.513241155055944], [-105.26256082887048, 21.51348981255919], [-105.26315332568164, 21.513406214528118], [-105.26350507631568, 21.51282482753382], [-105.26397778255522, 21.5125753372782], [-105.26433655932364, 21.512989999464956], [-105.2641028422726, 21.513488264333386], [-105.26446924025318, 21.51498198107566], [-105.2694579886924, 21.5147955094007], [-105.27834137087191, 21.52116152171807], [-105.28179329787727, 21.52363496262878], [-105.28637702293123, 21.526919138517584], [-105.2882351506019, 21.528341913940835], [-105.28876794166429, 21.529704967954636], [-105.28890537147144, 21.532184684263303], [-105.28897396565955, 21.533362543455482], [-105.2887311364567, 21.53433367173783], [-105.2891568789057, 21.534587138335592], [-105.28964163015672, 21.534875733350514], [-105.29094960543927, 21.53528922927328]]], [[[-106.65323260655788, 21.683679191399236], [-106.65441985307106, 21.6857455727848], [-106.65648956871486, 21.687394421622756], [-106.65856018148656, 21.6892503244407], [-106.66004397458873, 21.691729698953353], [-106.66034637247492, 21.693592318694378], [-106.65534711993739, 21.69630347822147], [-106.65446040292345, 21.695685580021955], [-106.65357116135552, 21.69444642614737], [-106.65268362057752, 21.693621433533337], [-106.65032500576184, 21.693423236898564], [-106.64885558250099, 21.694464193915707], [-106.64708723763034, 21.694470822255962], [-106.64590834020291, 21.69447523067278], [-106.64473027342311, 21.694686715025053], [-106.64325664773449, 21.694692203423102], [-106.64177971269015, 21.6938693403078], [-106.63823809303011, 21.69263991647044], [-106.63529087346707, 21.692650762138644], [-106.63293309479319, 21.692659400960117], [-106.63057450257475, 21.692460920552552], [-106.6276248565232, 21.691850371776294], [-106.6258541143454, 21.69123551313392], [-106.62496674186191, 21.69041036065211], [-106.62319602699607, 21.689795471711946], [-106.62054356347655, 21.68980499127184], [-106.61789268149633, 21.690228642326083], [-106.60816924891833, 21.690884294247443], [-106.60374918363503, 21.69110682625405], [-106.60080194921329, 21.691117056893734], [-106.59902977886793, 21.69008772666289], [-106.59784478171068, 21.68843508044742], [-106.59548247069169, 21.68720064799034], [-106.5892881594801, 21.685772125239126], [-106.58515842977661, 21.68475061386171], [-106.58191510625682, 21.684347311720053], [-106.57808016791292, 21.683324632073393], [-106.57424090304922, 21.6810593132613], [-106.57069935248862, 21.679621298801358], [-106.5686306553342, 21.67797131061803], [-106.56597690990486, 21.677565760231506], [-106.56361502270553, 21.67633084505122], [-106.56213868503497, 21.675507231562133], [-106.55977686155511, 21.67427225745813], [-106.55859384646655, 21.67303347844699], [-106.55476004096515, 21.672217323468217], [-106.55181034276625, 21.67139828666721], [-106.54856598602505, 21.670580120727763], [-106.5456101667864, 21.667897123019443], [-106.54265718633685, 21.66604244293494], [-106.54147097835865, 21.66376805527515], [-106.53940418249192, 21.66253185581083], [-106.53733742083756, 21.661295628345407], [-106.53556334730074, 21.659437186865443], [-106.53496060031203, 21.65529708153817], [-106.5361311742896, 21.652808337750194], [-106.53730305687657, 21.650733777843964], [-106.53847423270085, 21.6484521159576], [-106.53905406734681, 21.645550973412846], [-106.53875268142647, 21.64348092576231], [-106.53874863434262, 21.64223835395421], [-106.53845130606302, 21.641410876559164], [-106.53844726281501, 21.64016830428919], [-106.53873784597604, 21.638924828236174], [-106.5378452239637, 21.636235295847193], [-106.53547554995339, 21.63230767459938], [-106.53399448796833, 21.629827002397374], [-106.53281140406482, 21.62838090254509], [-106.53133506662999, 21.627349874871562], [-106.52867771107336, 21.625493988583262], [-106.5266083039715, 21.623222101703064], [-106.52483551065164, 21.62157059900323], [-106.52335604615114, 21.61950400621185], [-106.52158592593592, 21.618680852913123], [-106.51892627601245, 21.61599640153033], [-106.51656706140933, 21.61517492126391], [-106.51537852800976, 21.61186479500014], [-106.51271721718385, 21.608558932985634], [-106.51064893587198, 21.606493912922975], [-106.50946627859207, 21.605047618291994], [-106.5085794582363, 21.604014665463655], [-106.50622361245118, 21.6042285180022], [-106.50504350706075, 21.603610584735996], [-106.50651317471356, 21.60257088299499], [-106.50856879161446, 21.600493983687617], [-106.51091574534078, 21.597380718243286], [-106.51296806254244, 21.594268277562524], [-106.51442996173795, 21.590743329439782], [-106.5150075885679, 21.5870138417798], [-106.51470291312992, 21.583701116263203], [-106.51083712534349, 21.571493323102715], [-106.51053761584863, 21.569837373081434], [-106.51082959542777, 21.569008128993833], [-106.51141794219203, 21.568799336204904], [-106.51259651983445, 21.569003042853172], [-106.5140689557896, 21.568998790086358], [-106.51583460876117, 21.568579471366434], [-106.5173044924921, 21.56774679423419], [-106.5184805145944, 21.5671220636221], [-106.51935820981667, 21.56525559318734], [-106.51935245869207, 21.563391702982173], [-106.51934862557897, 21.56214910928351], [-106.5190515996547, 21.561321573398445], [-106.52022692355915, 21.5604897345404], [-106.52228435019745, 21.559241097069656], [-106.52551830038841, 21.55757476001587], [-106.5269880162974, 21.556742006143892], [-106.52816260530962, 21.55570301734497], [-106.52845315767904, 21.554459551859715], [-106.52933196040755, 21.553007234791398], [-106.53080029991709, 21.551760254427005], [-106.5316797191072, 21.550515025039733], [-106.53226467872389, 21.549270673650906], [-106.53225877703763, 21.547406790140165], [-106.53136825621787, 21.54513135085014], [-106.53048102882744, 21.5438913967828], [-106.53047645998366, 21.542441707632257], [-106.52988303512906, 21.54099377222207], [-106.52987977725932, 21.539958279383313], [-106.53105552342802, 21.53933347438984], [-106.53164502748213, 21.539538815094332], [-106.53194272515559, 21.54057342740569], [-106.5310620557679, 21.541404459057848], [-106.5310640158939, 21.542025754359376], [-106.53194992607025, 21.5428515093233], [-106.53342208591253, 21.542847101091557], [-106.53460178871106, 21.543464859410108], [-106.53577952027835, 21.54346131483713], [-106.53695460373373, 21.5426293704175], [-106.53813100041569, 21.542211614037328], [-106.54048577234991, 21.541997370319784], [-106.54166883738448, 21.543650564648832], [-106.54138309343027, 21.546343728758718], [-106.540800895144, 21.548416496941915], [-106.53962712371487, 21.549662664373546], [-106.53874777987681, 21.55090793149262], [-106.53757264401949, 21.5517398911163], [-106.53728283769564, 21.55319046557483], [-106.53905754257143, 21.555670279233734], [-106.54378365767536, 21.560212033816498], [-106.54614682585792, 21.56248285334286], [-106.5470309135577, 21.562687224156026], [-106.54820811423907, 21.56247648608582], [-106.54879501155257, 21.561853373081238], [-106.54938122253884, 21.56102316192294], [-106.55114870496973, 21.561224768774892], [-106.55233137091285, 21.56267077111644], [-106.55321752721989, 21.563496396356502], [-106.55351681101178, 21.564945146969368], [-106.56677940423991, 21.568216684346353], [-106.57945863402118, 21.572938718219024], [-106.58889327258366, 21.576013863736854], [-106.59125440248988, 21.57745561212421], [-106.59479206987378, 21.57847916120737], [-106.59862955298395, 21.580951269396472], [-106.60187663664426, 21.583011117149226], [-106.60600962644183, 21.585689120261843], [-106.60954911867672, 21.587126516433226], [-106.6116122432069, 21.587533523095264], [-106.61308712698418, 21.588149652986502], [-106.61397454628266, 21.589182011547045], [-106.61515649536976, 21.590213331467798], [-106.6166298598191, 21.59041524814819], [-106.6175173178623, 21.591447585116445], [-106.61840400594005, 21.592272827161903], [-106.61987425469466, 21.591646356850337], [-106.62460159952283, 21.595564306243773], [-106.62666646395172, 21.596385292573636], [-106.62813990019193, 21.59658710226132], [-106.63021039745847, 21.598857658637765], [-106.63080987829339, 21.6015476786394], [-106.63081548853607, 21.602997293768908], [-106.63022960992262, 21.60382776953482], [-106.62934998014431, 21.60486639200408], [-106.62935637817776, 21.606523095445972], [-106.62966213230489, 21.609421264573612], [-106.62937718214924, 21.61190737938035], [-106.63027288737197, 21.61501050832348], [-106.63205556903539, 21.61893878060163], [-106.63324192856213, 21.62100538131634], [-106.63413131715396, 21.62245178104307], [-106.63678984336354, 21.62430590257325], [-106.63768010227523, 21.62595936591941], [-106.63976917123202, 21.632785659645627], [-106.64065706504277, 21.633817841477047], [-106.64244193076094, 21.638160133403478], [-106.64452153027189, 21.64250130555805], [-106.64688676925664, 21.644563406907707], [-106.64836320744372, 21.645386259122258], [-106.65251474120633, 21.65199753037882], [-106.65399128638869, 21.652820325012314], [-106.65517404934525, 21.653851302204565], [-106.6557683866825, 21.655091582002147], [-106.6554796407417, 21.656542284873673], [-106.65430357900776, 21.657167986371466], [-106.65224439796506, 21.658004089772966], [-106.6504815143823, 21.659253233972787], [-106.6496042337755, 21.660913223119874], [-106.64902326126501, 21.66298627571237], [-106.64937722613013, 21.67768816999212], [-106.6508590581802, 21.679753479301972], [-106.65086744406348, 21.68182431997623], [-106.65234429710048, 21.682647107766062], [-106.65323260655788, 21.683679191399236]]], [[[-106.67346264625084, 21.728746038295874], [-106.6755270577847, 21.72894502438892], [-106.67699836648163, 21.728317985609337], [-106.67728698461545, 21.72686726191472], [-106.67846524561385, 21.72665553312993], [-106.68024104422999, 21.72830518561222], [-106.68290570812769, 21.730986702896352], [-106.68527835374782, 21.734290584886814], [-106.68646830118404, 21.73677082713431], [-106.68736437934965, 21.73945931749974], [-106.68796837400978, 21.742770219324957], [-106.68915664578722, 21.74483627471292], [-106.6897571059008, 21.747318849130895], [-106.68918096827714, 21.750427400602387], [-106.68860030750794, 21.75250055724434], [-106.68802143207998, 21.754987869775153], [-106.68832437899027, 21.756850393191986], [-106.68892308671536, 21.758918807922708], [-106.68774818723963, 21.759958940685248], [-106.68568332345193, 21.759760137367316], [-106.68391242081643, 21.75935305203157], [-106.68273926540779, 21.76080730978136], [-106.68157500366839, 21.76433235145293], [-106.68070645107204, 21.768063293939914], [-106.68013006617204, 21.771171824260456], [-106.67954921141492, 21.77324495784839], [-106.67866990185686, 21.77449094371819], [-106.67779235288684, 21.77615108401518], [-106.67661369174542, 21.776362832722345], [-106.67425106160935, 21.77554382859034], [-106.67277046893223, 21.774100074394465], [-106.67187615175634, 21.771825671752875], [-106.67215520978924, 21.76809707691695], [-106.67155493510832, 21.765614430684682], [-106.67095731345674, 21.763753020615482], [-106.67094942590275, 21.761889299356326], [-106.66976474444841, 21.760651430791015], [-106.66858008347992, 21.759413552264764], [-106.66827912496662, 21.75796513831231], [-106.6682651757517, 21.75465184938777], [-106.66766416931759, 21.75196209662344], [-106.66705971171976, 21.748444015987545], [-106.66557688351223, 21.746378927417997], [-106.66379841126877, 21.744107880666512], [-106.66202430278368, 21.74287221814589], [-106.66084158032098, 21.742048431393783], [-106.66083556374807, 21.740598859920276], [-106.6623036150839, 21.73914361481807], [-106.66406990213972, 21.738515545273284], [-106.6655422283335, 21.738095680926723], [-106.66612578295496, 21.736643828053136], [-106.66906776193842, 21.73518281024262], [-106.67083222100669, 21.73414051147442], [-106.67230185428132, 21.733099348666162], [-106.67229572965213, 21.731649783408837], [-106.6725826496232, 21.729784903463703], [-106.67346264625084, 21.728746038295874]]]]}}, {"type": "Feature", "properties": {"id": 10, "entidad": 18, "distrito_l": 10}, "geometry": {"type": "Polygon", "coordinates": [[[-104.89378076808485, 21.48362659655179], [-104.89485542022953, 21.483631634322037], [-104.89536471123901, 21.483634019370914], [-104.89591504044246, 21.48363659486045], [-104.89673057891667, 21.483640408172683], [-104.89765601455669, 21.483644730524787], [-104.89797751424199, 21.48364623092643], [-104.89884539059632, 21.483650278116404], [-104.89931327366375, 21.48364659991066], [-104.89960442599313, 21.48364431039089], [-104.89990004517546, 21.483641985226413], [-104.89985183077088, 21.483415599848104], [-104.89979191257548, 21.483277950312317], [-104.89974451253966, 21.48316905843371], [-104.89965080400916, 21.483034689619323], [-104.89955186525552, 21.4828928208537], [-104.89941068938835, 21.48263127942167], [-104.89964249815894, 21.482598331516932], [-104.9005160261275, 21.48356949787074], [-104.9011175388072, 21.484277075047267], [-104.9012414644781, 21.484423722227397], [-104.90183031190887, 21.48512052829926], [-104.9018638302634, 21.485159668734006], [-104.90241460923579, 21.485802826655295], [-104.90303920033136, 21.486537521865564], [-104.90324816529696, 21.486959919850502], [-104.90337668670173, 21.48754888896987], [-104.90346883183497, 21.48860788667082], [-104.90348137470453, 21.488749439944204], [-104.90358381628391, 21.48990553207115], [-104.90360027810998, 21.490091309062226], [-104.90368382949586, 21.4905870715865], [-104.9037967961518, 21.491257367137727], [-104.90405615751354, 21.491688719260434], [-104.9042696842648, 21.492043840167714], [-104.90492928625332, 21.492920489188545], [-104.90641734572387, 21.494878463766867], [-104.90662561869901, 21.49515250296315], [-104.90741590364182, 21.49619232084603], [-104.90724235901321, 21.496124743554063], [-104.90705360869585, 21.49605124458695], [-104.90669448638161, 21.495880231145936], [-104.90618965447794, 21.496764964412616], [-104.90653344187045, 21.496953758405414], [-104.90644654231278, 21.4971034136182], [-104.9062022679511, 21.49752408040431], [-104.90588396263706, 21.498072243830872], [-104.90545292877417, 21.497848369188794], [-104.90482327861997, 21.497521327116736], [-104.90419765939833, 21.49719637459961], [-104.90358569560232, 21.49687845218578], [-104.9030619294569, 21.497778872721884], [-104.90253547498625, 21.498679536620102], [-104.90312763258736, 21.498983776473256], [-104.90374827806953, 21.49930264588118], [-104.90435769407863, 21.499615737259074], [-104.90482283946277, 21.49985470990825], [-104.90490364580744, 21.499896220909992], [-104.9043162841746, 21.500564334274518], [-104.90369122868546, 21.501264051349004], [-104.9034117944794, 21.50158249053831], [-104.9032705614934, 21.501636465044776], [-104.9031392800941, 21.501686634071312], [-104.90283943671128, 21.501707662789055], [-104.90279325782318, 21.501777660108047], [-104.9025958698784, 21.50211327355048], [-104.90254353351875, 21.502232468793196], [-104.90229585135219, 21.501955658098854], [-104.90209955473821, 21.501817702710373], [-104.90187659434191, 21.50211146463569], [-104.90216858012789, 21.50243233738835], [-104.90228390924402, 21.50273956541413], [-104.90231521846835, 21.503039372381824], [-104.90196821607854, 21.50432861825998], [-104.90174171366851, 21.505175165276864], [-104.90152293980577, 21.505884441496686], [-104.90120307141513, 21.506551302838883], [-104.90094771298506, 21.507090099189735], [-104.90058290836387, 21.50784986325841], [-104.90029352805551, 21.508451891197172], [-104.9000395003657, 21.508942135323988], [-104.89950713837403, 21.509969431965445], [-104.89897638574648, 21.51099464003263], [-104.89802258401357, 21.51060673039871], [-104.8975748795559, 21.510404488185873], [-104.8973017478929, 21.510306700397436], [-104.89701324272998, 21.510230067868434], [-104.89690983697302, 21.510193781577048], [-104.89639744349564, 21.509989148161484], [-104.89540402593438, 21.509592403138384], [-104.89467766789618, 21.509305031692207], [-104.89366687044584, 21.508905119393688], [-104.89290905347596, 21.508605290940068], [-104.89260900799835, 21.50934321476313], [-104.89230372009234, 21.51009402354053], [-104.89198926960334, 21.51086735680685], [-104.89174955250846, 21.511456891570614], [-104.89169408589129, 21.511651980458097], [-104.8915106324751, 21.51229722453522], [-104.89069072118807, 21.511998212135662], [-104.88950110519822, 21.511567549000638], [-104.88964574475736, 21.51129145945552], [-104.8884496086237, 21.510818820146582], [-104.88657229495149, 21.510097173480663], [-104.88526582662894, 21.509640636569063], [-104.8837940452168, 21.508998073013956], [-104.88333030836083, 21.508882606233787], [-104.88317250291476, 21.50818007186328], [-104.88291863372521, 21.507049856878854], [-104.88277890757824, 21.506474240103408], [-104.88243309274132, 21.50504959966785], [-104.8822787829729, 21.504414455718898], [-104.88184053208437, 21.50307890239673], [-104.88148663278459, 21.502000388626385], [-104.88122663626957, 21.50120803448191], [-104.88049767440218, 21.498986433870027], [-104.88014343762171, 21.498693984568945], [-104.87933798844254, 21.49606358900836], [-104.87759554349005, 21.491117780527095], [-104.8775267596835, 21.49095590596864], [-104.87750310389643, 21.49085253020564], [-104.87726553984321, 21.490177821405346], [-104.87696020717478, 21.489310632062278], [-104.87676026254947, 21.488742108619604], [-104.87673175842238, 21.488661134351712], [-104.87666331730522, 21.488466707429534], [-104.87623028583376, 21.487237299474277], [-104.87621420358329, 21.487191640372032], [-104.87605032929355, 21.486726383316814], [-104.875239361303, 21.484422978506903], [-104.87517227532298, 21.484232429559686], [-104.87501651896577, 21.483790022430018], [-104.87495203380804, 21.483600181477243], [-104.87491180179472, 21.48348852438146], [-104.87484940663691, 21.483315356899375], [-104.87467526157135, 21.48282071214521], [-104.87464854288245, 21.482744819592337], [-104.87453147811603, 21.482412304395517], [-104.87436269424506, 21.481932881681317], [-104.87433582438672, 21.481852347983974], [-104.87420530687076, 21.481484775029436], [-104.87403061263466, 21.480989609321252], [-104.87359045403952, 21.479739326318143], [-104.87283083101505, 21.477581542589153], [-104.87278134181531, 21.477440961336306], [-104.87276936408422, 21.47740693681038], [-104.87273507280773, 21.477309262195615], [-104.8727234688571, 21.477275571302187], [-104.87271410086956, 21.477248519565144], [-104.87269559871494, 21.47719509125854], [-104.87201388463228, 21.47522649036706], [-104.8713704331809, 21.473368167522793], [-104.87122250488159, 21.472950549366885], [-104.87025268145314, 21.470212570005486], [-104.87015787791297, 21.469924024956867], [-104.86968021049, 21.46847017329138], [-104.86954300908819, 21.46805257488986], [-104.86930775579214, 21.467261506437474], [-104.86923611827999, 21.467127569405758], [-104.86894454839513, 21.466297839521232], [-104.86800716822144, 21.463630234792948], [-104.86798097816356, 21.463558121504256], [-104.8679636660794, 21.463443596433926], [-104.8697107450944, 21.46286256237485], [-104.87075966803678, 21.462734484414042], [-104.87177826518537, 21.462994027361006], [-104.87188601280023, 21.463035195066798], [-104.87765506571084, 21.465239257211906], [-104.88097571819128, 21.466507751586892], [-104.88243856002396, 21.467066586366958], [-104.88465202587855, 21.468146089598044], [-104.88676244256476, 21.46958471531843], [-104.88756800459379, 21.47017042857013], [-104.88891553525062, 21.47115017679827], [-104.8889407391591, 21.471238274833933], [-104.88895355627096, 21.47128268959622], [-104.88936597189873, 21.47251479738929], [-104.88961048401414, 21.47337948766234], [-104.88967976205883, 21.47363873184634], [-104.88998986630133, 21.474583371226007], [-104.89042310134161, 21.475842744762975], [-104.89076524567618, 21.476925767630465], [-104.89086168344669, 21.477155309280917], [-104.89137081209564, 21.47882662120781], [-104.89145988053261, 21.479116786533567], [-104.89167233347804, 21.479703682094645], [-104.89201697147428, 21.480759856820903], [-104.89227709145858, 21.48167289437567], [-104.89248561792715, 21.48219688180832], [-104.89294006695732, 21.483621114186032], [-104.89313241429062, 21.48362355384751], [-104.89378076808485, 21.48362659655179]]]}}, {"type": "Feature", "properties": {"id": 15, "entidad": 18, "distrito_l": 15}, "geometry": {"type": "Polygon", "coordinates": [[[-105.3137901288585, 20.872006793283077], [-105.33569232217792, 20.8587925693879], [-105.3490671591329, 20.85072063868162], [-105.36210501291856, 20.867582956788734], [-105.36677500106892, 20.873621638442543], [-105.32857268343517, 20.931898582221194], [-105.34388669874666, 20.951590192245234], [-105.34557793646891, 20.953058126625983], [-105.34762691260667, 20.95495543544961], [-105.34765585235803, 20.955721069956386], [-105.34861870116148, 20.95586572070789], [-105.34866153527585, 20.955872155631642], [-105.34917808143612, 20.955998714399836], [-105.34953237252944, 20.956457404636243], [-105.3499144898886, 20.957196791169302], [-105.35002418434593, 20.957630458854645], [-105.35097613475402, 20.958036871963113], [-105.35152159086817, 20.958903533859026], [-105.35195699311245, 20.959183389839108], [-105.35241998714167, 20.95964184880612], [-105.352925720587, 20.961682202693627], [-105.35239899483973, 20.963413511256206], [-105.35236263091828, 20.964578101771497], [-105.35171004683222, 20.966555068312935], [-105.3506294173299, 20.96710230498635], [-105.35059563771273, 20.968183709843576], [-105.34973290127822, 20.969321027181504], [-105.34900639929894, 20.96987994239524], [-105.34896480958643, 20.97121090158358], [-105.34787113671722, 20.97217404580212], [-105.34664119102924, 20.973715579037318], [-105.34636606955341, 20.974955555420152], [-105.34563692668353, 20.97559764134419], [-105.34571856582915, 20.976766128603867], [-105.34511267201833, 20.977245741561845], [-105.34405015669486, 20.977210643206686], [-105.34276714453786, 20.97666862716137], [-105.34086261308177, 20.977105308348712], [-105.33953012486296, 20.978143779568494], [-105.33844155139437, 20.978940494406896], [-105.33735036046576, 20.97982038714561], [-105.33637721659481, 20.980704178484974], [-105.33541709610505, 20.98117204061861], [-105.33491617569466, 20.982071447555924], [-105.33407931855814, 20.98237683613403], [-105.3329854686969, 20.983339888864155], [-105.33236385533489, 20.98431856523909], [-105.33173440682832, 20.98554679336529], [-105.33109972934409, 20.986941388437515], [-105.33034175479483, 20.988498440821044], [-105.3298303395038, 20.989730571272318], [-105.32884403401947, 20.991030243073332], [-105.32797839160733, 20.992250635815626], [-105.32794444606611, 20.993332035280194], [-105.32721513529246, 20.99397404323426], [-105.32706572475776, 20.99496834613234], [-105.3257251455845, 20.996256264208363], [-105.32498535964257, 20.997231000785035], [-105.32375497541383, 20.99877237015081], [-105.32290493195931, 20.999493630235616], [-105.32181350102783, 21.00037342448735], [-105.32068021242249, 21.002584162665247], [-105.3192950370688, 21.005286165551546], [-105.31838998649494, 21.00775427516361], [-105.3174796723361, 21.010388748270493], [-105.31728568867548, 21.012797174899763], [-105.31673220399195, 21.0153602134483], [-105.31583228899606, 21.01766193934676], [-105.31574850698924, 21.020323834524927], [-105.31507425869633, 21.022966130919432], [-105.31467284125031, 21.024451686228822], [-105.31460475013573, 21.02661447418582], [-105.31468618163234, 21.027782972143108], [-105.31374140919526, 21.027751609402387], [-105.31290687396496, 21.027973715041192], [-105.3119699617402, 21.027692790103707], [-105.31127710773835, 21.02717015257893], [-105.31045829928547, 21.02689314153772], [-105.30953712863722, 21.026113098328974], [-105.30871046253374, 21.02608562779092], [-105.30823545957146, 21.026153117281172], [-105.30791264562255, 21.025143134248015], [-105.30770530697082, 21.02422025947535], [-105.30722244043523, 21.024537295619197], [-105.30664771092084, 21.0240185638539], [-105.3060651145009, 21.023749382358684], [-105.30559011762827, 21.02381686161695], [-105.30602575979475, 21.02499714371028], [-105.3068288106385, 21.025773280896825], [-105.30774471983989, 21.026719707171576], [-105.30820923496843, 21.026984958159684], [-105.30963949380902, 21.02661612602704], [-105.30996494415896, 21.027542921331644], [-105.31148971397242, 21.02792665366976], [-105.3125342433516, 21.028544239206237], [-105.31369687892789, 21.029165738903057], [-105.31365496749491, 21.03049668455196], [-105.31409331226598, 21.031593759941064], [-105.31393068401569, 21.033003968904588], [-105.31353446891542, 21.034323152127524], [-105.31232986978824, 21.035032596965582], [-105.31125384544582, 21.035413219607477], [-105.30971589121859, 21.035445406519823], [-105.30244868472067, 21.03345513535072], [-105.30329901813136, 21.032733976709018], [-105.30283711905741, 21.032385528613993], [-105.30178209747375, 21.032100619555532], [-105.30038066186935, 21.03155436259591], [-105.29874829417244, 21.030833864048216], [-105.29796628269426, 21.02939221724394], [-105.2974178507698, 21.02804161457882], [-105.29721582943895, 21.026952358619898], [-105.2970059251138, 21.026112654233803], [-105.29715819189252, 21.025035194496077], [-105.29690498538396, 21.0239783173008], [-105.29635705633936, 21.023517031932787], [-105.29570114610543, 21.02377497392014], [-105.29488254287834, 21.024752236909176], [-105.29444583583604, 21.025215234320598], [-105.29406402974222, 21.025780855892318], [-105.29357140806123, 21.025627626583763], [-105.2931880911701, 21.0254228473597], [-105.29274103883147, 21.025264234705496], [-105.29149061152962, 21.0253868185316], [-105.2886853331823, 21.025752911967135], [-105.28769150295606, 21.025905141305458], [-105.28700197488622, 21.02587619711457], [-105.28655324763002, 21.025997390057423], [-105.28560800364576, 21.02640545265924], [-105.28440669118461, 21.027069865693978], [-105.28302930225576, 21.027900163398343], [-105.28287061045985, 21.028079601175826], [-105.28262929328348, 21.028352464951418], [-105.28250198210361, 21.028864530974012], [-105.28210171402272, 21.029181340815235], [-105.28158798617866, 21.02885099222953], [-105.28113724104708, 21.0279033015622], [-105.28075111818787, 21.027211430204996], [-105.28063735610809, 21.026398672304293], [-105.28002695772727, 21.025812550878655], [-105.2790713812211, 21.0250148914795], [-105.27867972247921, 21.024769448596114], [-105.2774168132312, 21.0239780027537], [-105.27634439353115, 21.023451174345027], [-105.27543564025572, 21.023043429589045], [-105.27425517885797, 21.023011235342327], [-105.27293002765049, 21.023303229940748], [-105.2716598764523, 21.0238849896968], [-105.27024471056436, 21.024620427502505], [-105.26812307892567, 21.026362964735693], [-105.26658211297962, 21.027865855532415], [-105.26476951777006, 21.029829526449493], [-105.25925441773629, 21.03579117892798], [-105.2586603620691, 21.036333568159], [-105.25840180686578, 21.03655637360321], [-105.2580600618808, 21.036901235858206], [-105.25790030318741, 21.037098990494513], [-105.25728857906286, 21.037658180912928], [-105.25719321173939, 21.03781394950298], [-105.25719725059324, 21.03791092786542], [-105.25726461988778, 21.03802492830089], [-105.2573431036613, 21.03816425250607], [-105.25737659863262, 21.03823179225251], [-105.25710914068135, 21.03862743050885], [-105.25690340301368, 21.038808205394204], [-105.25682203410769, 21.03882908224658], [-105.25674256339079, 21.038744563501464], [-105.25652638030924, 21.038541654738165], [-105.25631605868384, 21.038334544332496], [-105.25608701583177, 21.0382032750415], [-105.25595251949362, 21.038283042720646], [-105.25572470454001, 21.03840473676747], [-105.25494672283466, 21.038879196290935], [-105.2546947785031, 21.039055636602253], [-105.2539018757979, 21.03971555849475], [-105.25356246979443, 21.039929721296346], [-105.25330450898109, 21.04011879246473], [-105.25307554858306, 21.040303720302486], [-105.2527765591244, 21.040522199388956], [-105.25274636502662, 21.04053496816079], [-105.25257834767454, 21.04060601994316], [-105.25157853854132, 21.041509937811817], [-105.25044855333655, 21.04257372840891], [-105.24993748572155, 21.043002465469986], [-105.24946188729373, 21.04338913115762], [-105.24924509653202, 21.04354035574506], [-105.24868134656582, 21.044002683250778], [-105.24787946187227, 21.04475861107576], [-105.24756761983117, 21.04512780304196], [-105.2468714824181, 21.045984463404963], [-105.24658972344204, 21.046327119406975], [-105.24648946644116, 21.046370179224304], [-105.2463444649301, 21.04653897523201], [-105.24611913695688, 21.04684195141488], [-105.24591847386307, 21.047060670234497], [-105.2457706400803, 21.047237364053775], [-105.24558856846335, 21.04744067913447], [-105.24542846039974, 21.047603280097693], [-105.24503984408673, 21.04797750832372], [-105.24491560719518, 21.0481289658859], [-105.24484709863611, 21.04807819788039], [-105.24475567769518, 21.04801472297809], [-105.24460069474999, 21.047946868751346], [-105.24445735882428, 21.047874828297598], [-105.24435452012996, 21.04780289181122], [-105.24430961077864, 21.04772688816416], [-105.24423440192696, 21.047726694825716], [-105.24346058361199, 21.048860969194465], [-105.24291008784705, 21.049795660844406], [-105.24271226395713, 21.05013154467817], [-105.2424412933115, 21.050640885423984], [-105.24200698062245, 21.051457249207907], [-105.23957996117889, 21.056019059661438], [-105.2354535427322, 21.064879652171207], [-105.23430391219381, 21.06734803728931], [-105.23403288627642, 21.069221256767566], [-105.23370567486756, 21.070975563077447], [-105.23346179024054, 21.07228312212684], [-105.23269171568275, 21.074172471241784], [-105.23152190679096, 21.07746399368753], [-105.23060965035775, 21.080098000867977], [-105.22933227925829, 21.083052798130918], [-105.22904532739427, 21.08462531298588], [-105.22889784846892, 21.085536344283476], [-105.22873169671487, 21.087029654748925], [-105.22869435417408, 21.088194213078715], [-105.22865701114519, 21.08935877124582], [-105.2286036631142, 21.091022425487868], [-105.22867646259341, 21.09244051064013], [-105.22864712100892, 21.093355520189867], [-105.22813451811018, 21.094587342471403], [-105.22821798603532, 21.095672696641152], [-105.22803924470541, 21.10124593265191], [-105.22752585610424, 21.098813737858585], [-105.22743171857631, 21.098061114220823], [-105.22735359123695, 21.096809394662465], [-105.22689967232108, 21.09621119495608], [-105.22644575705267, 21.095612993960014], [-105.22624682311815, 21.094440475244667], [-105.2259190699149, 21.093596705581078], [-105.22521819632766, 21.09332326909457], [-105.22463280211457, 21.093136994440155], [-105.22392392282997, 21.093113100488665], [-105.2234673586296, 21.09259807375448], [-105.22333586062848, 21.0930100039704], [-105.22354812114042, 21.093766613413234], [-105.22400735925456, 21.09419845720135], [-105.22470823479856, 21.094471898645285], [-105.22564273947685, 21.09483648268313], [-105.22610198690789, 21.09526832066243], [-105.22630625842052, 21.096274474178035], [-105.22652120740389, 21.096947896812388], [-105.22697779549468, 21.0974629148491], [-105.22671747846674, 21.098203597424618], [-105.22644915272542, 21.099193827369], [-105.22641712783928, 21.100192018533004], [-105.22651393042476, 21.100861459992718], [-105.22695451977799, 21.101875573207707], [-105.22704065219472, 21.102877744493952], [-105.22689848121918, 21.103622407236728], [-105.22697394039517, 21.104957308554], [-105.2274305548053, 21.10547232464995], [-105.22758072927837, 21.104478113945973], [-105.22784638863362, 21.103571065385342], [-105.22798055108078, 21.103075949633226], [-105.2283056694912, 21.104002896652258], [-105.22861745406182, 21.10534575574953], [-105.2286982647547, 21.106514290774022], [-105.2289940538596, 21.10835624393145], [-105.2290481953696, 21.110356603582062], [-105.22896817186792, 21.11285207887018], [-105.22939814501567, 21.114198913762348], [-105.22956245819842, 21.116452797748337], [-105.23024744764878, 21.117225309300736], [-105.23116611062366, 21.118088955248492], [-105.2319772806275, 21.118615889416713], [-105.23278579090486, 21.11922600209333], [-105.23408030293244, 21.11943610022329], [-105.23537748249979, 21.11956300592633], [-105.23713934644404, 21.11995534248046], [-105.23807670343061, 21.120236672629293], [-105.23827842903697, 21.12132599020282], [-105.23835932529828, 21.12249451763313], [-105.2377205460849, 21.123971940011128], [-105.23840028762224, 21.124910782148543], [-105.23858338630816, 21.126582375936124], [-105.23864831465637, 21.128249997164986], [-105.23872655591013, 21.1295017058406], [-105.23891232660102, 21.131090115856168], [-105.23828150457837, 21.132317991898653], [-105.23660038050217, 21.133094196081466], [-105.2352711116571, 21.133965489435823], [-105.23405467716329, 21.13500711231469], [-105.23354197958571, 21.13623894580372], [-105.23304260118945, 21.13705486611668], [-105.232430366928, 21.137700444082984], [-105.23195230667751, 21.137850902805056], [-105.23136939548452, 21.137581471769494], [-105.23146624625844, 21.138250907023302], [-105.23204916025348, 21.138520337678518], [-105.23287377335565, 21.138631353854894], [-105.23394008343494, 21.138583952047327], [-105.23464118609068, 21.138857348910726], [-105.23500905719204, 21.138453361218136], [-105.23558931415313, 21.138805961922703], [-105.23556267297054, 21.1396377850482], [-105.23514684195587, 21.141539055177052], [-105.23498868979777, 21.142782814937288], [-105.23520641143668, 21.14337303961806], [-105.23529795479853, 21.144208836549154], [-105.23434179766518, 21.14450976894404], [-105.23327544536167, 21.144557173640408], [-105.23267117907727, 21.144953205476348], [-105.23139864028386, 21.147741635418946], [-105.23089921220073, 21.148557548765908], [-105.23042644985938, 21.14854163897166], [-105.22996969177716, 21.14802663486206], [-105.22960178353814, 21.148430611492756], [-105.22946225194416, 21.149092090507448], [-105.228941465149, 21.150573455237208], [-105.22762533958392, 21.151028777952977], [-105.2272494108611, 21.151682295785115], [-105.22639536603296, 21.15248625601128], [-105.2257616818866, 21.15379726616756], [-105.22502047182248, 21.154771564349204], [-105.22463918148854, 21.155591440371385], [-105.22494837547397, 21.157017479393854], [-105.22491366176422, 21.158098845680236], [-105.2253464031734, 21.15936250081585], [-105.22603424014866, 21.160051841912452], [-105.22648034421775, 21.16089958373292], [-105.22692378418148, 21.161830506249288], [-105.2271441717076, 21.16233755801434], [-105.22832084971493, 21.16254371591376], [-105.22878031538804, 21.162975541226196], [-105.22949486310179, 21.162833047615813], [-105.22998367592272, 21.162349867407382], [-105.23080841969647, 21.162460892135755], [-105.23117635890078, 21.162056913264582], [-105.23212463594808, 21.16200554444605], [-105.23282051417777, 21.16244531120208], [-105.23375813139273, 21.162726661425673], [-105.23363193303962, 21.162972232400364], [-105.23359994699621, 21.1639704170924], [-105.23441404201742, 21.164414152298345], [-105.23474466786647, 21.16517471455036], [-105.23423987038531, 21.166157000540775], [-105.2336141953425, 21.16721849179615], [-105.23323025559189, 21.168121567846196], [-105.23284364522841, 21.16910782496699], [-105.23272810434652, 21.169020667166397], [-105.2316775759118, 21.168568971271853], [-105.23119408227709, 21.16888579219841], [-105.23056837412499, 21.16994727215134], [-105.23087765603044, 21.171373297134412], [-105.23143403106664, 21.17247454709761], [-105.23212195720303, 21.173163861566717], [-105.2325654696373, 21.174094767289617], [-105.23350049431204, 21.17445929981579], [-105.23444351905772, 21.174574281240677], [-105.23488438531223, 21.175588362500825], [-105.23518572643181, 21.17726392397563], [-105.23539017731177, 21.178270055197167], [-105.23523998578875, 21.17926426436894], [-105.2344987131008, 21.180238601740438], [-105.23352366332985, 21.18112180372623], [-105.23324190965496, 21.182527945070706], [-105.23304371066091, 21.185019425320217], [-105.23209262076578, 21.185153982331304], [-105.23078153506984, 21.18544296677627], [-105.23005620923132, 21.185918193637978], [-105.22990597481082, 21.186912397571174], [-105.230365521035, 21.187344216606203], [-105.22939573664304, 21.18806103111513], [-105.22854149673736, 21.188865000503828], [-105.22767657102446, 21.190001692539962], [-105.22693786520777, 21.190892814729153], [-105.2264169111646, 21.192374165914014], [-105.2260435445914, 21.192944497161267], [-105.22623460637946, 21.19436654635121], [-105.22492075701646, 21.194738667539024], [-105.22368772827859, 21.19627930349553], [-105.22285211398233, 21.196500972610046], [-105.22201916955221, 21.196639455996582], [-105.22140129906182, 21.197451355347805], [-105.22070796240335, 21.19692836298458], [-105.22036931586219, 21.1964173209226], [-105.21942348864688, 21.19638544401078], [-105.21881897590191, 21.196781426140422], [-105.21762598992586, 21.197074294594966], [-105.21735475702606, 21.198147682208734], [-105.21648969187528, 21.199284316965336], [-105.21599803881713, 21.199850639019584], [-105.21597128061691, 21.20068245412842], [-105.2159445221623, 21.20151426915371], [-105.2162804896847, 21.20210850130396], [-105.21661378441318, 21.202785914215113], [-105.21648752428972, 21.20303147178144], [-105.21590438400337, 21.202761991534953], [-105.2150901322099, 21.20231817057879], [-105.2145069972238, 21.20204868544055], [-105.21379224645004, 21.20219111681626], [-105.21333805623644, 21.20159289051506], [-105.21347502934836, 21.201014609330365], [-105.2127683154077, 21.20090749192066], [-105.21218786806853, 21.20055481717541], [-105.21184388600652, 21.20021012100928], [-105.21101894583913, 21.200099005964674], [-105.21018061154017, 21.200403793981298], [-105.21112646285827, 21.200435722417524], [-105.21216644438793, 21.20122026874194], [-105.2126233064829, 21.20173531680975], [-105.21307481680239, 21.202416726501237], [-105.21340274307767, 21.203260508738655], [-105.21423037933526, 21.20328843047703], [-105.2165923803369, 21.203451366001723], [-105.21743071831163, 21.20314654610939], [-105.21723972854933, 21.20172448780318], [-105.21727450509574, 21.200643128094576], [-105.21790043561023, 21.19958169921773], [-105.21875746887656, 21.19869460202999], [-105.21972470035442, 21.19806102997412], [-105.21910413735543, 21.19895610251786], [-105.21890835630701, 21.20136438211952], [-105.21895438619914, 21.203614268453286], [-105.21877731763423, 21.20544027620756], [-105.21870243565779, 21.20776935764281], [-105.21885600726253, 21.210355953397954], [-105.21911712932331, 21.213279258930132], [-105.21939163279004, 21.215786655977976], [-105.21990263761558, 21.218302020815624], [-105.22006426420378, 21.220639067905786], [-105.22011032046639, 21.222888948585343], [-105.22004080102835, 21.225051663065102], [-105.22029930136733, 21.228058142538696], [-105.22067606881346, 21.231068604306756], [-105.22140762750162, 21.23409101422686], [-105.22162874950062, 21.23826202495252], [-105.22169087636752, 21.24001281313778], [-105.222097107047, 21.242108274175806], [-105.22300381982866, 21.247051803785023], [-105.22280270118833, 21.249626436405475], [-105.22352370950604, 21.252981553605935], [-105.22436837111577, 21.256174285058346], [-105.22304129237267, 21.260626245446932], [-105.22301456608119, 21.26145805543479], [-105.22322440154689, 21.26229782908598], [-105.2224906590833, 21.263022565645052], [-105.22199882021559, 21.263588902540185], [-105.22139136872302, 21.26406807402004], [-105.22055269591282, 21.26437291430052], [-105.21983230245999, 21.26468173462227], [-105.2193350983899, 21.265414425617905], [-105.21966855213026, 21.26609182606726], [-105.22050456239836, 21.265870171072894], [-105.22145083306346, 21.265902037800547], [-105.22193466174892, 21.265585245406346], [-105.22253944468466, 21.265189252969147], [-105.22332734033286, 21.26646484101669], [-105.22352382281139, 21.26772051840877], [-105.22370427464932, 21.26947528091608], [-105.22377713215504, 21.270893337887166], [-105.22386602498996, 21.27181230917088], [-105.22407053616307, 21.272818442351557], [-105.2247428675533, 21.274006860123787], [-105.22471080545517, 21.275005030762454], [-105.22455510708964, 21.276165582311652], [-105.22475962925121, 21.27717171404152], [-105.22544801518616, 21.277861043069603], [-105.22601811348207, 21.27854638950678], [-105.22636231178221, 21.278891051704598], [-105.22627072774998, 21.27805526355459], [-105.22580823824454, 21.277706621297995], [-105.22558767989115, 21.277199576208574], [-105.22526218835216, 21.276272646201843], [-105.22517061229685, 21.275436857124348], [-105.22531027606573, 21.274775390312257], [-105.22533966259812, 21.27386040046847], [-105.22526678838489, 21.272442344817673], [-105.2249546679992, 21.271099508956812], [-105.22497336963599, 21.270517242481457], [-105.2247554968625, 21.2699270148151], [-105.22501077253742, 21.269352709407713], [-105.22513707386743, 21.269107147022794], [-105.22516111766166, 21.26835851849789], [-105.22493790412781, 21.26793465280854], [-105.22471469188119, 21.267510786790993], [-105.2243838838349, 21.2667502157128], [-105.22463648381503, 21.266259091653655], [-105.22447205641544, 21.264005243638387], [-105.2259028864043, 21.267384227751272], [-105.22733616671292, 21.281755012688187], [-105.22847724163996, 21.28678962395043], [-105.22902870162616, 21.288057224604906], [-105.22935958219952, 21.28881778399822], [-105.22933021850697, 21.28973277272244], [-105.22905623810797, 21.290889348891948], [-105.23141701766063, 21.302210209598027], [-105.23232883986701, 21.303323361796757], [-105.23262775924321, 21.30508208101715], [-105.23273900827364, 21.30899952205903], [-105.23468207795736, 21.314893698162425], [-105.23657199023071, 21.322451457387114], [-105.23884375217426, 21.329189293044738], [-105.24184440713685, 21.335368637658366], [-105.24414323156799, 21.341274583153854], [-105.24595160472884, 21.34399981027592], [-105.24581197139058, 21.344661288528677], [-105.24576939799651, 21.34599217528757], [-105.24561911825639, 21.34698637488276], [-105.24455929811418, 21.34678432233958], [-105.24315242112812, 21.346320820935183], [-105.24280003761221, 21.346225738821847], [-105.24316839510841, 21.345821738608713], [-105.2437734465499, 21.34542567113134], [-105.24448885770906, 21.34528310894268], [-105.2444995039736, 21.344950387298848], [-105.2437840944358, 21.345092949522947], [-105.24258996696683, 21.345386000077156], [-105.24174555287406, 21.34585730764065], [-105.24100350072011, 21.346831661809546], [-105.24038511646009, 21.34764362109787], [-105.23978004674987, 21.348039676440983], [-105.23855390777626, 21.349330862485473], [-105.23886898905506, 21.350590477688023], [-105.23996346372317, 21.349711221778474], [-105.24021615065998, 21.349220078346583], [-105.24046350816052, 21.34889529518735], [-105.2418863801281, 21.348859736744902], [-105.2429515367075, 21.34889544527756], [-105.24439037787265, 21.348360783513645], [-105.24570021487324, 21.348154865813864], [-105.2462760024376, 21.348673773696987], [-105.247125738068, 21.348036082687887], [-105.2480725394079, 21.348067794455524], [-105.24852732494253, 21.348665911285842], [-105.24778264423495, 21.349723475188455], [-105.24704061308826, 21.350697855377938], [-105.2466695938499, 21.351185044236793], [-105.24628260836919, 21.352171314452672], [-105.24589295690116, 21.35324076405804], [-105.24458839830275, 21.35328032290392], [-105.2435418451621, 21.352662362801713], [-105.24284503544642, 21.352222658931247], [-105.24176121250152, 21.352769212141265], [-105.24158160287061, 21.354678390885336], [-105.24140997918506, 21.356338028242867], [-105.24148572158747, 21.35767288069063], [-105.2408566400547, 21.35881756207549], [-105.2408086915571, 21.36031480625136], [-105.2406397172213, 21.361891261642523], [-105.24012897348632, 21.363039908671553], [-105.2390264070527, 21.364168705691704], [-105.23920450791637, 21.366006608840507], [-105.2391352222062, 21.368169292511823], [-105.23873481721066, 21.369571444844333], [-105.2381163262742, 21.370383394592494], [-105.23753781569698, 21.36994764070045], [-105.23745143825316, 21.368945508573248], [-105.2370990040311, 21.368850415227513], [-105.23718004703238, 21.370018907754964], [-105.2377478941345, 21.37078738325065], [-105.23891292169058, 21.3714093470928], [-105.24020165694603, 21.37186891153834], [-105.24101958582564, 21.372229412890317], [-105.24074022281064, 21.373552357522613], [-105.23927447446025, 21.374918789560468], [-105.23797771843945, 21.374708758552185], [-105.23681800101184, 21.37392042857178], [-105.23576599873212, 21.37346878271333], [-105.23459830036509, 21.3729299772457], [-105.23354631185482, 21.37247831729408], [-105.23108991724665, 21.371479871452106], [-105.2296828448374, 21.3710162603599], [-105.22769195598664, 21.370283209288257], [-105.22640060061669, 21.369906728210243], [-105.22305957836369, 21.370627090026602], [-105.22114964353158, 21.371062461282754], [-105.21995258374612, 21.371438532184456], [-105.21852948661272, 21.371473906683203], [-105.21802389101572, 21.372456127252015], [-105.21626174293645, 21.37198044914557], [-105.21471491318385, 21.372178165129526], [-105.21294741938378, 21.371868811769463], [-105.21187406109517, 21.372082453805735], [-105.2102249426177, 21.3717770606507], [-105.2097729207133, 21.3710956612118], [-105.20859460597627, 21.370889392867344], [-105.20705850881268, 21.370754319210985], [-105.204588896888, 21.370171382443434], [-105.20338911583512, 21.37063051528824], [-105.20147374835015, 21.371232022581857], [-105.20008289095772, 21.370269084376883], [-105.19948299380954, 21.370498635819846], [-105.19803839434485, 21.37119927393078], [-105.19683589530116, 21.37174153975069], [-105.19481556714783, 21.37192307354894], [-105.19351889769622, 21.37171269823385], [-105.1918886610175, 21.370824867393516], [-105.19120268487984, 21.370052231267803], [-105.19158739431096, 21.369149266176237], [-105.19199363105271, 21.367580863299324], [-105.19083421325843, 21.366792212463064], [-105.18535196481896, 21.364108552761596], [-105.18664625194786, 21.357074351957195], [-105.18300687369427, 21.35603512333147], [-105.17553031849157, 21.34545605143654], [-105.17309854309127, 21.3473720489267], [-105.17178860651144, 21.347577401371517], [-105.17000256913947, 21.347849849228552], [-105.16710269310045, 21.349583326426288], [-105.16539708476876, 21.351024258877217], [-105.16333367969602, 21.352536283796873], [-105.16081849069934, 21.353366748706755], [-105.15965664096647, 21.352661058765484], [-105.15642860151567, 21.353550480463902], [-105.1547021340904, 21.351992820977532], [-105.15251044335503, 21.350169482155025], [-105.15169556425622, 21.349725366937914], [-105.14932857517593, 21.349644719454787], [-105.14743226922518, 21.349663356679233], [-105.1449931359232, 21.348164566290723], [-105.14383412075277, 21.347375586562624], [-105.1421745377377, 21.347402238300475], [-105.13982119356292, 21.34690556061523], [-105.1375644362901, 21.347078324461567], [-105.135880349263, 21.347853526198346], [-105.1339377560787, 21.349286055673304], [-105.13315682828029, 21.351424444900733], [-105.13213917369897, 21.35355473963381], [-105.13102766769948, 21.354932371094954], [-105.1298168716971, 21.35572369560358], [-105.12216937688895, 21.350465684621973], [-105.12064633021684, 21.346333178028228], [-105.11972414961919, 21.34555213777569], [-105.11815013260207, 21.346580753067773], [-105.11771583385703, 21.348980774003326], [-105.1174272047289, 21.35055306071655], [-105.1176119721322, 21.35214156951804], [-105.11838577054995, 21.35383353260667], [-105.11691907409025, 21.355198905954452], [-105.11187234040474, 21.358731607611645], [-105.1110303068042, 21.357601837571202], [-105.10983678171546, 21.356697783006116], [-105.10853057073484, 21.356374093110393], [-105.1074776675915, 21.35770526833035], [-105.10582676011224, 21.358460175761945], [-105.10416355777087, 21.357972881490067], [-105.10403201371629, 21.35664856708014], [-105.10296025756267, 21.356075029278877], [-105.10141635556332, 21.35566983704436], [-105.09868310101571, 21.354774558323054], [-105.09749293317697, 21.354201665144767], [-105.0959449962994, 21.353382360067403], [-105.0945065777741, 21.351651426281034], [-105.09318988481294, 21.35025105391629], [-105.09199896313237, 21.349595308755283], [-105.09081453960134, 21.349602055468413], [-105.08927397871207, 21.349528001153963], [-105.08844002479015, 21.34903583588058], [-105.08712826591555, 21.348132290782875], [-105.0858278369768, 21.348388111676318], [-105.08501570842897, 21.3501318691658], [-105.08503267034521, 21.35187093319287], [-105.08492957176274, 21.353445041917976], [-105.08387324729082, 21.35444482018477], [-105.08246398606421, 21.35569503488496], [-105.08082183123533, 21.357360634965804], [-105.07989033937555, 21.359022220829704], [-105.07954947388076, 21.360514845580585], [-105.07884359245169, 21.361015717208815], [-105.07718526966228, 21.36102503080397], [-105.07482265307948, 21.36170080782964], [-105.07353089750417, 21.362867471359774], [-105.07282498428741, 21.363368317641534], [-105.0718805575065, 21.363704857917597], [-105.06927217611027, 21.363470940637306], [-105.06751133037368, 21.365137068755647], [-105.0662099196853, 21.365309925229905], [-105.0651430265835, 21.365233021735875], [-105.06337017815545, 21.365656917968277], [-105.06219913843212, 21.36707127678628], [-105.06091279564617, 21.368817530707357], [-105.06032288745288, 21.369069233361607], [-105.05867160958468, 21.36982367728299], [-105.05689789509141, 21.370164692559243], [-105.0558341372985, 21.370418980270472], [-105.0539356263355, 21.37009811329644], [-105.05238539458297, 21.36902997024611], [-105.05118030288794, 21.36688330994797], [-105.04986073181976, 21.365151349094113], [-105.04830192281051, 21.36317222818762], [-105.04604501800756, 21.362521953261624], [-105.04521427585604, 21.362360824763726], [-105.04318567478083, 21.360798286987027], [-105.04233848576327, 21.358898076577635], [-105.04090142438581, 21.357249496178618], [-105.03911530824432, 21.35626531933948], [-105.03862510074708, 21.35452880087365], [-105.04015551683383, 21.35352675296198], [-105.04073208909841, 21.351867302662637], [-105.04107567716991, 21.35062319285277], [-105.042848409528, 21.350199531439447], [-105.04328845893427, 21.34663601626152], [-105.04410812454236, 21.345637774536588], [-105.04384849372532, 21.343237483171265], [-105.04562034379185, 21.34273097939769], [-105.04667920294638, 21.34197987851772], [-105.04595915523193, 21.340989980880906], [-105.0438218201866, 21.340421843997326], [-105.04145233084309, 21.340351836590795], [-105.03955658452251, 21.34027924401743], [-105.03813458065545, 21.340204082310272], [-105.03740830876626, 21.338998469970914], [-105.03751272859529, 21.337060373412708], [-105.03702338483016, 21.33540665919501], [-105.03582737198701, 21.334170822714196], [-105.03452853457829, 21.334591873056173], [-105.03371353808284, 21.33608694756659], [-105.03206715986897, 21.33733801063878], [-105.03112047409586, 21.337425883597174], [-105.03006234496883, 21.338259699951802], [-105.02948337620838, 21.339670677371306], [-105.02960258749218, 21.33975285933878], [-105.0280675884177, 21.340257934582894], [-105.02628331300723, 21.339439245014205], [-105.02508426141941, 21.337872080413725], [-105.02341923712787, 21.3371355452798], [-105.02163965737832, 21.336813684523733], [-105.01951558020983, 21.33765306050674], [-105.01868192554602, 21.33716054776233], [-105.01713691241098, 21.336588953070965], [-105.01393002595226, 21.335611967300316], [-105.0116683292142, 21.334381535793497], [-105.01012260677095, 21.33372706324396], [-105.00929359608024, 21.333731382727184], [-105.00835150708248, 21.33431600651771], [-105.00552290636561, 21.335821406461864], [-105.00398176870979, 21.335663756617024], [-105.00303050739461, 21.335254592283075], [-105.00113028209428, 21.334684687021593], [-105.00006820346346, 21.335104248911325], [-104.998654619621, 21.33593969830926], [-104.9981862039295, 21.336521827186854], [-104.99664885677562, 21.33677817611778], [-104.99581604088857, 21.336368363099087], [-104.99461733782027, 21.334800980464774], [-104.99377621862358, 21.3334802115933], [-104.99329342557151, 21.33248887522801], [-104.99257453793086, 21.331581560797844], [-104.99185641440693, 21.330757056483286], [-104.99065628976956, 21.329024017979783], [-104.99051824586103, 21.326871475318693], [-104.99074075716894, 21.32529681467521], [-104.9898997267991, 21.323976024943715], [-104.9872906713447, 21.323575206479973], [-104.98408126172917, 21.3222663963364], [-104.98123765878901, 21.322115121994223], [-104.97946957645757, 21.32303501547497], [-104.97792710538533, 21.322711499796657], [-104.9775591384891, 21.32130545517518], [-104.97849229350804, 21.319727241699233], [-104.98002724873362, 21.319222617850365], [-104.98180277772134, 21.31913085250571], [-104.98238587127426, 21.318134103046297], [-104.98190170559441, 21.316977105309512], [-104.98024162461796, 21.316737021582618], [-104.9787029567822, 21.316827580187116], [-104.97692820043162, 21.31700212633823], [-104.97385383383138, 21.317514422796837], [-104.97219301579666, 21.317191446166483], [-104.97229952483309, 21.315865839402864], [-104.97216771392334, 21.314375786757367], [-104.97050916456493, 21.314301234004397], [-104.96980164790243, 21.314636023470438], [-104.9679018164758, 21.314065741579807], [-104.96718020913157, 21.31282706259313], [-104.96563787170795, 21.312503433972676], [-104.9648037988701, 21.311927839222545], [-104.96289737108694, 21.310612178438348], [-104.96169922652423, 21.309044556879797], [-104.96179548728115, 21.30655956469804], [-104.95928901240913, 21.304335827792197], [-104.957510630979, 21.303905695221818], [-104.95681416744173, 21.305482635599095], [-104.95671267536237, 21.307387929581164], [-104.95613680270884, 21.30921272754844], [-104.95459305880598, 21.308723370361385], [-104.95398779658538, 21.307235614930956], [-104.95339269164234, 21.306254211030133], [-104.95385177479154, 21.305248664626188], [-104.95407904790838, 21.304170931023606], [-104.9525412284153, 21.304344064355284], [-104.95172263849261, 21.305507491870795], [-104.94923827115431, 21.305768016068264], [-104.94841160839825, 21.30602047669576], [-104.94771284655575, 21.30734893777667], [-104.94665811163614, 21.308596300502224], [-104.94559387871075, 21.30876707870787], [-104.94357653498076, 21.308279907608433], [-104.94215488874744, 21.30820393421212], [-104.94120179572181, 21.307545978172474], [-104.94107975286596, 21.30713247847846], [-104.94143207222727, 21.30679951697895], [-104.94224684108158, 21.30638675995715], [-104.94141244614887, 21.304563546629314], [-104.93962980912839, 21.303826748755235], [-104.93856782702107, 21.304436329806183], [-104.93751303590783, 21.305683635513564], [-104.93620982568471, 21.305607045628644], [-104.9358401270546, 21.303952466450646], [-104.93689636855152, 21.30287079849342], [-104.93831288468063, 21.30236711994548], [-104.93830635846523, 21.30162179608544], [-104.93616566475133, 21.300555406406552], [-104.93333119841044, 21.301397088085878], [-104.93108439882965, 21.301739031454634], [-104.92908159851427, 21.302907962122276], [-104.92825779563978, 21.303491578885286], [-104.92624130001401, 21.30308701376883], [-104.92445732215587, 21.30218442771967], [-104.92291662336609, 21.302026035170677], [-104.92126467895535, 21.30269632146008], [-104.91961271960757, 21.30336659143457], [-104.91808129328967, 21.304284733928373], [-104.91642645030855, 21.30462371725162], [-104.91512326090997, 21.304546964117552], [-104.91417458197957, 21.304385737935817], [-104.91215527138176, 21.303649748946405], [-104.9110832262044, 21.302909357014435], [-104.91038414411095, 21.30423766265996], [-104.90956026030587, 21.304821187541243], [-104.9100409820598, 21.30564713852757], [-104.91026648323783, 21.30667119728728], [-104.91053306247903, 21.30779810862021], [-104.91137897084751, 21.309781806052783], [-104.91174272754027, 21.31077392709614], [-104.91140240334732, 21.312514659553752], [-104.91033881165743, 21.312768028199752], [-104.90999350113232, 21.31392906132253], [-104.9077436258487, 21.313939436889466], [-104.90322835351444, 21.31213819543748], [-104.9012033572687, 21.310739565453506], [-104.89882386999908, 21.309425342253512], [-104.89727961336955, 21.30885264601401], [-104.89466897837357, 21.308201950140514], [-104.89361029024872, 21.309034909760243], [-104.89302453536608, 21.309782909683992], [-104.8907726275163, 21.30954461717819], [-104.88888084160922, 21.30988439547155], [-104.88747105316058, 21.31121579452196], [-104.88818989188917, 21.312206372234233], [-104.88914347522685, 21.312947441260718], [-104.88927374947644, 21.31435474296939], [-104.88869074091528, 21.3154339821242], [-104.88703083178316, 21.315192978936437], [-104.88630989835337, 21.313953955305628], [-104.8850003857934, 21.313131644794932], [-104.88289184162194, 21.31587401261211], [-104.88135589913014, 21.316294935586164], [-104.8793490495291, 21.317049201284902], [-104.87770296193932, 21.31846438076106], [-104.87925693108838, 21.320196648230052], [-104.88009487080036, 21.32126954787846], [-104.87999099267054, 21.323009161193607], [-104.87928323040127, 21.323343568748975], [-104.87773752273422, 21.322605066372947], [-104.87632129834549, 21.323191045822014], [-104.87657057249712, 21.324680645632817], [-104.87729285784711, 21.32608533661132], [-104.8773004587146, 21.32699628680309], [-104.87671040582715, 21.32724734575572], [-104.87505038417497, 21.32700622413182], [-104.87398800500472, 21.327424989035734], [-104.87363755160693, 21.328006248615704], [-104.87341034335553, 21.329166681845788], [-104.87306470383825, 21.33032763544537], [-104.87200504724406, 21.331077641961517], [-104.87058803165974, 21.331580758407224], [-104.86964746948777, 21.33241304434273], [-104.86894856086253, 21.33382398442206], [-104.8689609146016, 21.335314628965165], [-104.86861316706222, 21.336227131610276], [-104.86779442543913, 21.33747295660107], [-104.86673674595981, 21.338471369509453], [-104.865443550917, 21.339636433624413], [-104.86485616352616, 21.340218704365878], [-104.86402711447411, 21.340222307234708], [-104.86212736769244, 21.33965083222151], [-104.86047881790233, 21.34081739653006], [-104.85920493512756, 21.34092150471189], [-104.85763159270505, 21.340249963319184], [-104.85562361825318, 21.340921127812074], [-104.85515394518758, 21.341420042265106], [-104.85456176251803, 21.341422581944126], [-104.85361427023263, 21.34142664108975], [-104.85159611298793, 21.340855554269293], [-104.84957121705926, 21.33945630774426], [-104.84861968799227, 21.338963457471976], [-104.84742657731755, 21.33789191242932], [-104.8472980310986, 21.336650211415602], [-104.84717083515797, 21.335574137326567], [-104.84598180286001, 21.334999463423035], [-104.84479883470138, 21.335170103570523], [-104.84313810633009, 21.334845853257864], [-104.8418333493927, 21.334602904182752], [-104.8407654585106, 21.334358949087687], [-104.83923322349939, 21.33527636623312], [-104.83710011817249, 21.335119670697306], [-104.83555450115095, 21.33438078204647], [-104.83353784441363, 21.333975106160946], [-104.83247596475181, 21.334476421018554], [-104.83152718672825, 21.334314728705298], [-104.82986317620053, 21.333576279382843], [-104.82915591491853, 21.33399328815919], [-104.82941137132056, 21.33631108928043], [-104.8272855546329, 21.337065218618413], [-104.82656369367757, 21.335660317144587], [-104.82655441834683, 21.33450092662279], [-104.82655243078577, 21.33425248577595], [-104.82583059038798, 21.332847580824634], [-104.82487918406844, 21.332354596556076], [-104.82381199925031, 21.332193347621807], [-104.82251324094226, 21.33269557155569], [-104.82132828661095, 21.33261760563889], [-104.82073218404174, 21.332123144554387], [-104.81955447983792, 21.332956116093882], [-104.81860638436714, 21.332877164615972], [-104.81682928313985, 21.33280157812745], [-104.81600815551691, 21.33379870788177], [-104.81518636063352, 21.334713019814842], [-104.81460010754276, 21.335460741321214], [-104.81365461998918, 21.335713016240497], [-104.81236103309398, 21.336877669762693], [-104.81236365131261, 21.337208924117064], [-104.80921295798035, 21.343184376082668], [-104.80886547544327, 21.34417956524043], [-104.80836675359441, 21.346510455133906], [-104.80720767846019, 21.345249733723442], [-104.80664292836464, 21.343749405086665], [-104.80666826508269, 21.342258036439556], [-104.8068073926282, 21.34101702116853], [-104.80741153460957, 21.340197442171455], [-104.80802551726497, 21.338797883782945], [-104.80792297994385, 21.33788469987273], [-104.8067766426793, 21.33587828970742], [-104.80666848507485, 21.335296520360348], [-104.80644794961219, 21.334381543050068], [-104.80622460143682, 21.333632273175944], [-104.80482258829271, 21.332782218724468], [-104.80460347650589, 21.331784384936043], [-104.80425368281944, 21.331530442091967], [-104.80342622835286, 21.331600737080183], [-104.80272100861187, 21.331424261315675], [-104.80226167224068, 21.330671396108826], [-104.80180798104223, 21.329587114080862], [-104.7987822099646, 21.327054786187883], [-104.79857020668328, 21.325642674826767], [-104.79800561794538, 21.324142314935457], [-104.7972635783012, 21.323243109162203], [-104.7965402039418, 21.321740563114282], [-104.796296442162, 21.320325099228977], [-104.7956970047136, 21.320237028928222], [-104.79401567110827, 21.31897603007309], [-104.79389105912803, 21.317312108136495], [-104.79412619580236, 21.315734291024327], [-104.79471676519675, 21.312745934106864], [-104.79627027875773, 21.311262095858932], [-104.79806486947761, 21.31027909055155], [-104.79902110507179, 21.309455484301324], [-104.79889668526124, 21.30787471070974], [-104.79997079231016, 21.306386905804253], [-104.80008577645177, 21.304724948898595], [-104.79924505392574, 21.304052899415183], [-104.80055732488134, 21.302068172427923], [-104.8000734235801, 21.300484453857706], [-104.79934892079834, 21.2985661814961], [-104.79814491394525, 21.296560827294012], [-104.79742021428603, 21.294559399055665], [-104.79765407049267, 21.292565836897268], [-104.79813044493628, 21.29157200489476], [-104.79944552127436, 21.290585047895924], [-104.80123740982343, 21.2887705331944], [-104.80267274126756, 21.28795082526312], [-104.80423031558989, 21.28796355479708], [-104.80494405114233, 21.286223335403363], [-104.80529809267946, 21.284397032144195], [-104.80649300182338, 21.28332589333198], [-104.80804657993727, 21.282008232270876], [-104.80924120247342, 21.280853926156368], [-104.8104330771452, 21.2787849918337], [-104.81138431488459, 21.276381512520892], [-104.81173501729755, 21.273474278219194], [-104.81256739657833, 21.271402406286644], [-104.81364084891638, 21.26983135735928], [-104.81638792423799, 21.26710982481947], [-104.81769963445394, 21.265124951372936], [-104.81793644861315, 21.264212267823904], [-104.8187714694988, 21.26305498345637], [-104.81888443436624, 21.260810971382625], [-104.81971841495557, 21.25932109190024], [-104.82030975552787, 21.256831504462806], [-104.82102086233377, 21.254342880624367], [-104.82172965412234, 21.25110592516495], [-104.8231604212166, 21.24895567477081], [-104.82483019483597, 21.246641043931223], [-104.82638193789234, 21.2449074661825], [-104.82817268324388, 21.243009501210278], [-104.82972512625064, 21.241525334367047], [-104.83007641807701, 21.238950637461436], [-104.82911330978658, 21.237363149020812], [-104.82862956654819, 21.2358626473069], [-104.82994238883055, 21.23437655451116], [-104.83029599351266, 21.23255018444094], [-104.82995488855708, 21.23034316121381], [-104.82980707115924, 21.229386730236307], [-104.83040123279801, 21.22789486998777], [-104.83063479247858, 21.225984390131362], [-104.83015081071198, 21.224400743091014], [-104.83086211239284, 21.22207836167529], [-104.83013836287614, 21.220409647243333], [-104.83013447289669, 21.219162429404673], [-104.8301305829026, 21.217915211381943], [-104.82857374049576, 21.217902726259478], [-104.82880575538717, 21.215493359365748], [-104.82952066033984, 21.21433505181487], [-104.82975446781228, 21.212507717967156], [-104.8315502391236, 21.21235581375201], [-104.83298440072414, 21.211452685972635], [-104.83513495512166, 21.209890101163676], [-104.8372870445243, 21.208826376275677], [-104.8389608999914, 21.208008254173535], [-104.8402725758854, 21.206272629827396], [-104.84218481621622, 21.205123788141943], [-104.84457734852312, 21.204394463457604], [-104.84649006867846, 21.20341186853243], [-104.84768429459318, 21.202423569300482], [-104.84923422590349, 21.200357175400583], [-104.8506662685782, 21.198871858108788], [-104.85281999253824, 21.19838996910482], [-104.85389657666232, 21.19806586615231], [-104.85592999005121, 21.19741669814117], [-104.85724659085948, 21.19726075272025], [-104.85759482285772, 21.19393764807848], [-104.85818828663993, 21.192362533064358], [-104.85926205857342, 21.191206913495733], [-104.85973520705235, 21.189464556863882], [-104.85865263990588, 21.187959437079964], [-104.85649552170506, 21.187360475136433], [-104.85421841587363, 21.186677394921002], [-104.85193942986913, 21.18541224646181], [-104.85097534577582, 21.18349228033759], [-104.85132856656764, 21.18166585285805], [-104.85228041200983, 21.179844145038757], [-104.85358759408638, 21.176861184329834], [-104.85453828847929, 21.17470686904186], [-104.8557171730502, 21.169145347023534], [-104.85416111043769, 21.16921624908362], [-104.85389962312371, 21.169074739021013], [-104.85260205428744, 21.168372504414553], [-104.8523577255089, 21.166873945477125], [-104.85104003329161, 21.166614112829258], [-104.84972396819266, 21.166853160441676], [-104.847687715692, 21.166504477543146], [-104.84552183874824, 21.163078329659733], [-104.84622508323847, 21.15842770585715], [-104.84741571802952, 21.15644161895876], [-104.84837203229453, 21.15603345198555], [-104.84981014535877, 21.156543696343533], [-104.8507618466093, 21.154721990816654], [-104.85219424727245, 21.153486095539616], [-104.855899367156, 21.15176919579685], [-104.85517512557087, 21.149934277874596], [-104.85588978116688, 21.148858995229975], [-104.85648582232831, 21.148115363025266], [-104.85828079058203, 21.1479631688399], [-104.8598333162557, 21.146894443984344], [-104.86042794778415, 21.145735054380918], [-104.86042380143503, 21.144487824697393], [-104.85910160583666, 21.14281452800645], [-104.85778218941032, 21.141972707591602], [-104.85670355093235, 21.141548501757153], [-104.85614153091514, 21.141521122117915], [-104.85466844671707, 21.141449349737393], [-104.85347176080263, 21.141523073254753], [-104.85227697693131, 21.142178828958688], [-104.85000409846191, 21.142576625032714], [-104.84832618729708, 21.141898191984392], [-104.84844075829393, 21.140319313874706], [-104.84867529024316, 21.138824530425236], [-104.84795119966103, 21.136989579692237], [-104.84651193794478, 21.136063575995234], [-104.84471415747018, 21.13530101059503], [-104.84255466021884, 21.133704087449125], [-104.84135563883258, 21.133029387227513], [-104.83990298231463, 21.133102573156226], [-104.84138056877565, 21.13181343418331], [-104.8419926334902, 21.131094303412176], [-104.84372555876773, 21.12978286112715], [-104.8526271482578, 21.122073991222475], [-104.8529284461856, 21.12181304331345], [-104.85208552118395, 21.12022661010895], [-104.85208253120182, 21.119311972417023], [-104.85267738358506, 21.118235754857615], [-104.85207709486855, 21.11764899454277], [-104.85183475289948, 21.116732468779713], [-104.85266867477854, 21.115574989733062], [-104.8523082898227, 21.11515641456849], [-104.85278399437877, 21.114245550199673], [-104.85253893261091, 21.112497535595622], [-104.85301408248037, 21.111420372308565], [-104.85181655009191, 21.11116148995213], [-104.85121575034522, 21.110408428345522], [-104.85061170443763, 21.108657576787262], [-104.84953224523572, 21.107900729198555], [-104.84952900021932, 21.1069029412232], [-104.8482086061393, 21.105645299820228], [-104.84868322512365, 21.10440184980397], [-104.84736474471948, 21.103726244851543], [-104.84783990347728, 21.102649095005933], [-104.84747740879452, 21.101565316820658], [-104.84807114420771, 21.10015651668226], [-104.84794609047823, 21.098492588594144], [-104.84794474271003, 21.098076843171704], [-104.8494987133028, 21.097590247799353], [-104.84901574837562, 21.096256079365705], [-104.84853144256596, 21.094506163796378], [-104.8475714839532, 21.093667100178397], [-104.84708881780472, 21.09241607496221], [-104.84612888069701, 21.09157700310542], [-104.84588500596556, 21.09016157155097], [-104.84432682033493, 21.089317748100452], [-104.84312921347384, 21.088975655732057], [-104.84085579446658, 21.088957590659668], [-104.83990015621193, 21.089448870151095], [-104.83882009639775, 21.08844250639007], [-104.83857550277611, 21.086777616741873], [-104.83773662045462, 21.086355196433946], [-104.83714020797686, 21.086932470718146], [-104.83594736919679, 21.088087012789863], [-104.83451127295432, 21.08799239693841], [-104.83391039147733, 21.087156123946926], [-104.83318934255561, 21.08615259349838], [-104.83306524912663, 21.08473810039542], [-104.83294507650982, 21.084570844910242], [-104.83461965250255, 21.084417938359575], [-104.83449659526094, 21.08333604275791], [-104.83305871651834, 21.08265937044681], [-104.8337732052755, 21.081584171495695], [-104.83520740194263, 21.08109674868008], [-104.83496574609798, 21.08034649435623], [-104.83316791008787, 21.079334358479645], [-104.83280818911298, 21.079082039478777], [-104.83184946041322, 21.07857548357814], [-104.83089099834824, 21.07815207152373], [-104.82993280132237, 21.07781180332197], [-104.82897409059936, 21.077305231225928], [-104.82837354145819, 21.076552087333], [-104.82837198916734, 21.076053191773546], [-104.82801125014909, 21.07546826555769], [-104.82729132925053, 21.07479730641089], [-104.82740787315582, 21.07380047612462], [-104.82644893905218, 21.073210740479837], [-104.82608615471639, 21.071960615730188], [-104.82716239723672, 21.071802970970694], [-104.82404971454432, 21.071112757991514], [-104.82356782924143, 21.07002796296552], [-104.82260867898717, 21.069355056331904], [-104.82188983223321, 21.06901667143971], [-104.82105033293433, 21.06834472083462], [-104.82092865925176, 21.067678560760594], [-104.82116538462209, 21.066848998334518], [-104.81912929576609, 21.06608423110137], [-104.81852833452172, 21.065164753371256], [-104.81757075461579, 21.064990714356], [-104.8169746031106, 21.065651068632782], [-104.814818667084, 21.06480213220993], [-104.81433561413327, 21.063301564062304], [-104.81481288915796, 21.062889697195168], [-104.81445097962629, 21.061888995051152], [-104.81325140871645, 21.0607983484739], [-104.81240999524145, 21.05946116008678], [-104.81240824600346, 21.058879114372264], [-104.81300414007187, 21.05813562614658], [-104.81371965624652, 21.057393106309235], [-104.81263975361857, 21.056303425640564], [-104.81156061499708, 21.055463186354242], [-104.81143575184127, 21.053716076228472], [-104.80879929053334, 21.052114829594146], [-104.80759563566072, 21.049610601921323], [-104.80579663092823, 21.048016130338766], [-104.80531593524833, 21.04726388006744], [-104.80435504923143, 21.045925674350055], [-104.8038741222482, 21.04509027042399], [-104.80195681524002, 21.043910528179797], [-104.80123594395207, 21.042823710557848], [-104.79991895035137, 21.042397186196652], [-104.79788040106614, 21.04063437126415], [-104.79727701463752, 21.03880017249463], [-104.79619736542524, 21.03771038694844], [-104.79440150446669, 21.037113589274476], [-104.7940369152297, 21.035115047417957], [-104.79415100892797, 21.033203591324984], [-104.79271092647903, 21.031528783407694], [-104.79402061042579, 21.029460874843654], [-104.7947322388291, 21.02738803783208], [-104.79532592875485, 21.025896261587437], [-104.79627817013936, 21.024324281457787], [-104.79759015913558, 21.023087839771634], [-104.79949988107914, 21.021773140621374], [-104.80009277143832, 21.020031896986247], [-104.80068418676139, 21.017791752280775], [-104.80115842751184, 21.016382123478337], [-104.80091582606293, 21.015216067650083], [-104.8022929106564, 21.014165116396352], [-104.80349395436171, 21.013625633269545], [-104.80447915680224, 21.01249535653629], [-104.80639730815149, 21.011731966363293], [-104.80727020617888, 21.01043104655432], [-104.80882541126775, 21.00990434163252], [-104.8103458261138, 21.010375744323323], [-104.81197273146326, 21.01118410992897], [-104.81309550351875, 21.01289033329174], [-104.8146333382959, 21.012862636514576], [-104.81606468118417, 21.01249795216016], [-104.8180719055572, 21.01257046545696], [-104.81947430458821, 21.013037522025883], [-104.8212482852503, 21.013018293115067], [-104.82312299045807, 21.013502369411796], [-104.82508109859639, 21.014988810182142], [-104.82493503025408, 21.017417145677626], [-104.82543019244372, 21.01791713126322], [-104.8259253579325, 21.018417115401427], [-104.82550314916782, 21.019823030494187], [-104.82821178658543, 21.018886165163433], [-104.82945504374894, 21.017609313096496], [-104.83011928491601, 21.015293488745264], [-104.83141630702782, 21.01463828538983], [-104.83206383317157, 21.01443494417139], [-104.83334353276543, 21.015975060399754], [-104.83374411240405, 21.017302937272454], [-104.83555232537259, 21.01884611080721], [-104.83660080182324, 21.019929202583082], [-104.83859824102029, 21.0198165098306], [-104.83883734456963, 21.019279391373292], [-104.8382664118904, 21.017204920829844], [-104.83822948194343, 21.014429345531685], [-104.83983011437343, 21.01249171340533], [-104.84090875128348, 21.009722584606653], [-104.84091880859881, 21.00843851923693], [-104.84157602257667, 21.006992497262527], [-104.84263806637927, 21.006335851063536], [-104.8438733304528, 21.00605300603838], [-104.84575153641973, 21.00614665907603], [-104.84822365742185, 21.0053738071922], [-104.84986989973767, 21.00509327445563], [-104.85291820006472, 21.00573204544948], [-104.85433663771299, 21.00453885564237], [-104.85381431167562, 21.00374883494897], [-104.8521764450306, 21.00295244619413], [-104.85153510324479, 21.002368855569145], [-104.85165992170339, 21.00141683114508], [-104.85308057553178, 20.99993370017781], [-104.85467156423432, 20.99919714833811], [-104.85544666763731, 20.997668895808303], [-104.85651274611502, 20.996473681067148], [-104.8578707589911, 20.995487234021773], [-104.85881586974632, 20.994746975305482], [-104.86029031363984, 20.99388543927645], [-104.86127466779952, 20.995672217018114], [-104.86356309113184, 20.995850840491677], [-104.86496800594446, 20.99639726741085], [-104.86643862313389, 20.99603273759046], [-104.86731864357535, 20.99612053356336], [-104.86868956788733, 20.993435712956714], [-104.86999825503659, 20.99120618930876], [-104.87071540172101, 20.98955327068388], [-104.87220772256993, 20.9863305948705], [-104.87298100339731, 20.9850093673598], [-104.87453098969458, 20.981911262164996], [-104.87513492209114, 20.98181045742595], [-104.87676554639378, 20.98142663255671], [-104.87793838285067, 20.981598850332144], [-104.87875867944793, 20.981810525775085], [-104.88034653019436, 20.981446526434738], [-104.88175857279916, 20.981040115520038], [-104.88241308293443, 20.97988388073185], [-104.88259701562522, 20.97884931127801], [-104.88202343694228, 20.977064927468007], [-104.88226419392055, 20.976279213528834], [-104.88344793681337, 20.975001631427826], [-104.88380546176685, 20.974299407448363], [-104.88474999952128, 20.97360042346853], [-104.88574667934165, 20.97377161537853], [-104.88645047614797, 20.973858341160273], [-104.88791646270401, 20.974073528707038], [-104.88920759172724, 20.974122049222274], [-104.8912105942511, 20.973180299223323], [-104.89145067624567, 20.97247741532451], [-104.89181560389247, 20.970781050523165], [-104.89253086224156, 20.969335143671646], [-104.89312282022472, 20.96867560627658], [-104.8943051728421, 20.96756363431965], [-104.89519277642081, 20.966615739737506], [-104.89648724247216, 20.966208564503216], [-104.8976049884123, 20.965883264581972], [-104.89872488784815, 20.96526800423046], [-104.89902022942205, 20.96502106853761], [-104.89990563232983, 20.964363102074653], [-104.9003782955901, 20.963951432625084], [-104.90185711948448, 20.962426781086425], [-104.90221575790736, 20.961558829385496], [-104.90299847550878, 20.958911959098632], [-104.90177662184205, 20.957455516592685], [-104.9004970204223, 20.955874480901016], [-104.90003700832366, 20.954587852474145], [-104.899054924213, 20.952469913655268], [-104.89906725181308, 20.95081303625012], [-104.89960996450314, 20.94886907512915], [-104.90032381164187, 20.947588818959773], [-104.90138917774078, 20.94639331311507], [-104.9027464441608, 20.945406499219526], [-104.90427117519229, 20.94558044158081], [-104.90616704009052, 20.943188106710117], [-104.90635321272482, 20.94182213028446], [-104.90870017409951, 20.941917617963703], [-104.9087588634483, 20.941917933641733], [-104.9106902012268, 20.94185443356724], [-104.91213484103888, 20.941073036947767], [-104.91428757660768, 20.940316816776715], [-104.91620993107286, 20.939385817095136], [-104.91907356255886, 20.93857153446798], [-104.9206106231138, 20.938542877345242], [-104.9229766387962, 20.938460371770468], [-104.92559001838325, 20.938053494461883], [-104.92764728159185, 20.936627476442045], [-104.92947979897042, 20.934860339020126], [-104.93166348389013, 20.933188919528188], [-104.93427109287245, 20.932948268677027], [-104.93592327980569, 20.93300683750824], [-104.93898032870975, 20.933448286182184], [-104.94032367671011, 20.93216338802533], [-104.94154616591315, 20.930957480234845], [-104.94250155566343, 20.930658189089844], [-104.94463141291928, 20.930567026016245], [-104.94666864626971, 20.92972303847926], [-104.94930436864674, 20.92865035487355], [-104.95218452697502, 20.9273364327049], [-104.95339843017433, 20.92637998029768], [-104.95500013944319, 20.924437863133615], [-104.95625342151538, 20.922316863197164], [-104.95808261515046, 20.920632595206182], [-104.96014777412641, 20.91895663970559], [-104.96221288720436, 20.917280658831828], [-104.96346881980821, 20.915076423217926], [-104.9647303373328, 20.91270581623862], [-104.96526978362972, 20.910726128986738], [-104.96566030777181, 20.909657266130733], [-104.96771961402233, 20.908147578226032], [-104.9606579564898, 20.945790749260308], [-105.00057871920754, 20.960436460348223], [-105.01042484383017, 20.994592402105695], [-105.02714519630668, 20.998476783628703], [-105.03458525427764, 21.000266227849735], [-105.03617751260053, 20.984415657774257], [-105.06030002156963, 20.966267208289057], [-105.09839557999983, 20.962863450434206], [-105.10157765063067, 20.962578747034296], [-105.1134213984375, 20.961518542543377], [-105.11565105182507, 20.961318859322194], [-105.12633695968115, 20.960361439216385], [-105.13444977941741, 20.959634103649798], [-105.16779936205931, 20.95664009944344], [-105.24164111964139, 20.949647231064247], [-105.24206110410096, 20.94834881384744], [-105.25561618580328, 20.911561235791847], [-105.27757898066919, 20.90813357033646], [-105.29935310906048, 20.880714274609208], [-105.3137901288585, 20.872006793283077]]]}}, {"type": "Feature", "properties": {"id": 4, "entidad": 18, "distrito_l": 4}, "geometry": {"type": "Polygon", "coordinates": [[[-105.44619637370114, 21.686680956632674], [-105.44760966088712, 21.68526692714054], [-105.44770970958236, 21.68302566431539], [-105.44627084252082, 21.681368679243356], [-105.44484030146859, 21.68070768636506], [-105.44281188389303, 21.679549923544887], [-105.44160577938915, 21.67731139414665], [-105.44134707986805, 21.673772219338737], [-105.44145671205612, 21.673659617566333], [-105.4413200544954, 21.67150184929202], [-105.44117926873989, 21.668846077283103], [-105.44081030733513, 21.667311308964702], [-105.44044135403568, 21.665776537990197], [-105.43983115088292, 21.66378575551116], [-105.43910222986713, 21.66179521607997], [-105.43813586235756, 21.659805163382664], [-105.43753326945918, 21.658727378686116], [-105.4359774033951, 21.657236539901255], [-105.4347702257086, 21.654831948238126], [-105.43463506022768, 21.652840170140884], [-105.43485196817686, 21.650349657917236], [-105.43602962813478, 21.649185213077367], [-105.43828127846035, 21.648682563572105], [-105.43994685853792, 21.649094126132816], [-105.44113961317257, 21.6497556641296], [-105.4425650049001, 21.649835691253752], [-105.44399177819655, 21.650081707678062], [-105.44517557849386, 21.649664206213462], [-105.44540335586365, 21.648501694921777], [-105.44468134434763, 21.64734118429143], [-105.44301094544102, 21.646348663212365], [-105.44169604527691, 21.6452723814517], [-105.44120670183196, 21.643530352951753], [-105.44131027556196, 21.641704086060518], [-105.4420108769191, 21.640291585437183], [-105.44342652109509, 21.639209594296023], [-105.44460885450228, 21.638626096031985], [-105.44602100752394, 21.637129078761106], [-105.44659591410601, 21.634886800805237], [-105.4465772478846, 21.63264577634112], [-105.44631701749792, 21.62990724721464], [-105.4473687964572, 21.627912964653373], [-105.44819213351902, 21.626998192061464], [-105.44996926507375, 21.62657939733306], [-105.45000713085015, 21.627496072496662], [-105.4510204525433, 21.652021736017822], [-105.45211922507988, 21.654004912757266], [-105.45275161988312, 21.656407468811526], [-105.45605100875746, 21.662522992416108], [-105.4590563435223, 21.665236372390282], [-105.45932960079247, 21.66739300298159], [-105.46448672219556, 21.67830804472845], [-105.466525820242, 21.67986741653842], [-105.46679922035759, 21.68202402857329], [-105.47780697625407, 21.702684513275184], [-105.47842302000186, 21.70409060421211], [-105.49050696466361, 21.72515555381559], [-105.49366119238637, 21.729527722428998], [-105.4969435192019, 21.73998572798699], [-105.49716957539776, 21.740705917640742], [-105.49754055712256, 21.74161594372495], [-105.49815124850984, 21.742689837168623], [-105.49913723829775, 21.744922832889994], [-105.49940411707742, 21.746664224719098], [-105.50075688616786, 21.74955814544591], [-105.50185710149727, 21.75154094314073], [-105.50223100524356, 21.752617011491424], [-105.50540913865983, 21.758317362246327], [-105.5069961488758, 21.76104297042975], [-105.50800249963069, 21.764438285652243], [-105.50921850188243, 21.76625387114764], [-105.51079274086754, 21.768232192341333], [-105.51224857761109, 21.77021160140898], [-105.51335486699192, 21.772526420054877], [-105.51443960419954, 21.77359582399577], [-105.51579149634108, 21.776406574616132], [-105.51653677201081, 21.778392580269866], [-105.51981864393174, 21.783178211079388], [-105.50930410124695, 21.791746503003907], [-105.50896451211989, 21.7926631065945], [-105.50850932632366, 21.793746865298072], [-105.50863928203913, 21.79440997925231], [-105.50936444340518, 21.795233635722322], [-105.50938886897548, 21.796645093764198], [-105.50868811912687, 21.797232895858414], [-105.50774899072813, 21.79773987094755], [-105.50692545359767, 21.798079686138394], [-105.50609043284943, 21.797755281391122], [-105.50549378677009, 21.797511700077767], [-105.50454460652591, 21.797437468096884], [-105.50312872055629, 21.797782758644125], [-105.50218240483447, 21.797874567222912], [-105.50134882764787, 21.797633165353005], [-105.50039678489208, 21.797392855323512], [-105.49980444344202, 21.797398334582283], [-105.49886098926042, 21.797656178385672], [-105.49803457005069, 21.797829895372686], [-105.49743507672903, 21.79742023038877], [-105.496223104535, 21.79837847018074], [-105.4939281463201, 21.80019290862526], [-105.50058865137838, 21.808518479436582], [-105.50115463916242, 21.80895353777875], [-105.50154936386146, 21.80925694842048], [-105.50191912596033, 21.810083926324722], [-105.50216898005309, 21.810828973892416], [-105.50146956493151, 21.811499773183645], [-105.50005782888809, 21.81209412045832], [-105.49771682971544, 21.813776564451977], [-105.49620515823385, 21.81545132467109], [-105.49528301656368, 21.81695455490963], [-105.49472631515522, 21.819035692520416], [-105.49462068832305, 21.819784027760726], [-105.49344010428268, 21.820044027214177], [-105.49237086539789, 21.81988779251734], [-105.49094474136695, 21.81965179305517], [-105.48905465447162, 21.820001324595747], [-105.48622520212386, 21.820857690199066], [-105.48406166794202, 21.821522287217093], [-105.48316016009083, 21.82179920334046], [-105.48322558721797, 21.825618453243603], [-105.47892232105215, 21.83039106056804], [-105.4782283808676, 21.831393872314013], [-105.47789702122694, 21.83280857614894], [-105.47803965175282, 21.834218957547645], [-105.47809075857892, 21.837207934853645], [-105.47786937061129, 21.838123394453966], [-105.47716687168253, 21.83862803885168], [-105.47598326253056, 21.83872186195831], [-105.47490822947906, 21.83823340798302], [-105.47430154195229, 21.837408526908142], [-105.47393328097985, 21.8366645154477], [-105.47284127066072, 21.835179720626993], [-105.47236018898346, 21.83476889108274], [-105.47153069117097, 21.83477642458047], [-105.47058269345973, 21.834785029187483], [-105.4699802901643, 21.834209213109887], [-105.46938213543206, 21.833882476703106], [-105.46902098089168, 21.833553590044236], [-105.46795731952574, 21.833729308185017], [-105.46117890835096, 21.83237888270347], [-105.45826736698554, 21.828419177427225], [-105.45696533176796, 21.828513929217713], [-105.4532273536177, 21.824727640308694], [-105.4519562432572, 21.82664896212024], [-105.4474562938429, 21.82685530269127], [-105.44483910419606, 21.819238946456633], [-105.44163714429341, 21.81910138592369], [-105.4404522697128, 21.819111924025847], [-105.44008702570382, 21.818533887616624], [-105.440066065616, 21.8172884670827], [-105.43992662113804, 21.816044099361037], [-105.43979835621738, 21.815463955846937], [-105.43873059918997, 21.81539040011471], [-105.43493491215558, 21.81517493930057], [-105.43363019052917, 21.815103449078666], [-105.43267535081075, 21.814696692846464], [-105.43137898786276, 21.815123354014723], [-105.42996413230132, 21.81555105096232], [-105.42855761209067, 21.816476905459677], [-105.42762501903186, 21.817398572215872], [-105.42716497255546, 21.818233030850006], [-105.42634251041645, 21.81865547701887], [-105.42564825447606, 21.81965807439214], [-105.42464497212966, 21.820348937486266], [-105.42388481104, 21.820503989395032], [-105.4224615559861, 21.820433453122355], [-105.42139099558321, 21.820193729072848], [-105.42042922487433, 21.819371760444515], [-105.41958456704357, 21.81846571919895], [-105.41944668339029, 21.817304359902977], [-105.41965733089123, 21.815724743288175], [-105.42180731642992, 21.80964392372], [-105.41398624247608, 21.80962934224361], [-105.41107957048669, 21.81067927598255], [-105.40903903549534, 21.811416308560784], [-105.40914234423848, 21.81050196257448], [-105.40865049223453, 21.809426712375455], [-105.40792168911858, 21.8083535204372], [-105.40538404662588, 21.80538609432014], [-105.40216316557824, 21.804085359223837], [-105.3988293599545, 21.80311769923539], [-105.39657147146514, 21.802721982189766], [-105.39213241688749, 21.80658007970495], [-105.39284876522876, 21.806906082734457], [-105.3917893059602, 21.807330395925973], [-105.3887074894978, 21.80727381450853], [-105.38679816456873, 21.806459770620226], [-105.38559153184674, 21.805141447952217], [-105.38414660439719, 21.803742112549415], [-105.38223053303363, 21.802512868551837], [-105.37996860867736, 21.80186783605958], [-105.3774751997856, 21.801556905531132], [-105.37568992569085, 21.801073839864358], [-105.37378483092859, 21.800508730720402], [-105.37200501260743, 21.800357742310045], [-105.37166316800545, 21.80119104797508], [-105.37048114066312, 21.80136714068077], [-105.3685841962358, 21.801300147877047], [-105.36679759882712, 21.800733956175435], [-105.3655898415218, 21.799332453702416], [-105.36344109917043, 21.79835407532243], [-105.36117932036885, 21.797708783140934], [-105.35904548394005, 21.797643672399314], [-105.35740037682015, 21.798487886739224], [-105.35552234924316, 21.79958315846963], [-105.35537384555352, 21.801071250868905], [-105.35531224711043, 21.80168849453271], [-105.35431716907317, 21.802797166947027], [-105.3531384223343, 21.80833325884957], [-105.35262064476495, 21.809376144514157], [-105.35092132161776, 21.810758375625365], [-105.35221947274631, 21.812061600800707], [-105.35348420686675, 21.812720677064497], [-105.35385043879225, 21.813381940386126], [-105.3543405504235, 21.81437432944088], [-105.35412649110073, 21.815787814312305], [-105.35307897309073, 21.816959146896977], [-105.3514376498577, 21.81805239190484], [-105.3501436963612, 21.818644478104524], [-105.35077517071173, 21.82104739069868], [-105.35156897956135, 21.822417037100053], [-105.35211627664182, 21.823361331622966], [-105.354032376787, 21.82459092168195], [-105.35665407984136, 21.82548241292132], [-105.35969345327985, 21.830190223963054], [-105.35984843688793, 21.8324310186794], [-105.36167732860989, 21.835571183890952], [-105.35300514821367, 21.841622841837435], [-105.35289742051174, 21.842288066859535], [-105.35279508172437, 21.84328540882385], [-105.3521028861691, 21.844453761490513], [-105.35152245662444, 21.845205975119622], [-105.35153457765661, 21.845953238443663], [-105.35084370567532, 21.847204615003886], [-105.34990099018326, 21.847544644422637], [-105.34895423415465, 21.847635580667482], [-105.3476532828905, 21.847812502464546], [-105.3467186199234, 21.848650689607062], [-105.34566677517999, 21.849572886552405], [-105.34521017925631, 21.850656209689284], [-105.34438325753135, 21.85082916385864], [-105.34368290347872, 21.851499305617573], [-105.34369901192753, 21.852495657415687], [-105.3440720163235, 21.853572085010924], [-105.34456488795112, 21.854730555915015], [-105.3448180422061, 21.855724937029777], [-105.3444785984777, 21.85672424322046], [-105.344257671274, 21.85772256393053], [-105.34439767862916, 21.859050046971856], [-105.34782792851257, 21.86591385603823], [-105.34760970129355, 21.867078238210063], [-105.34813089926841, 21.869980306182043], [-105.34942272315911, 21.870642571620255], [-105.35004355452128, 21.870960840714684], [-105.3505122957738, 21.870624767692906], [-105.350976994089, 21.870039606303536], [-105.35156560829284, 21.869785569564737], [-105.35251116042913, 21.869611587648265], [-105.35263912629001, 21.870191799728712], [-105.35300550484631, 21.870853058414017], [-105.35325470269188, 21.871598336577534], [-105.35385275926976, 21.871925494410558], [-105.35350525159086, 21.872426643215928], [-105.35316313440646, 21.873259907098593], [-105.35246406192888, 21.874013114200725], [-105.3527240467717, 21.875422624371744], [-105.35297999235934, 21.876583047069175], [-105.35393233098235, 21.876824201123], [-105.3547620881261, 21.876817255533563], [-105.35535477171159, 21.876812291840228], [-105.3559542047826, 21.877222470352905], [-105.35689574868762, 21.876799376261044], [-105.35589720885096, 21.8785493417208], [-105.35470561483504, 21.88063757605895], [-105.35531855847373, 21.88187804469209], [-105.35522026133953, 21.88312446992259], [-105.35594771314575, 21.884114856489223], [-105.35572142699263, 21.884781073559324], [-105.35432454064971, 21.88637053438126], [-105.3549388557938, 21.887694032308506], [-105.35626176248469, 21.888845509127517], [-105.3578150293754, 21.889579841759282], [-105.35910823280086, 21.888904663563693], [-105.36026935175866, 21.88740018510856], [-105.36167836181582, 21.88655793295923], [-105.36414883115138, 21.885374563310865], [-105.36520894652821, 21.88495042230341], [-105.3654202779658, 21.88337087766837], [-105.36575150132522, 21.881873360740265], [-105.36750654793765, 21.880446856953174], [-105.36891408943102, 21.879521515079542], [-105.3694945627898, 21.87876924268238], [-105.3701614324179, 21.879560187043516], [-105.37227531361303, 21.882067290510985], [-105.37348928420234, 21.883800833377265], [-105.37419373409426, 21.883379652843924], [-105.37561078972276, 21.883035453786917], [-105.37614831146554, 21.8832800041673], [-105.3788353978411, 21.88259319050183], [-105.37901290057754, 21.882180322908543], [-105.37907216299024, 21.881891298718514], [-105.37936759293983, 21.88185008333298], [-105.37972202628211, 21.88193275648591], [-105.38001748176411, 21.881850248590194], [-105.37995868334649, 21.8813960288471], [-105.37984070208311, 21.881106959471907], [-105.38007720352516, 21.880817979767446], [-105.3796045862916, 21.880776568541613], [-105.37942755183717, 21.880446192422593], [-105.37942788763384, 21.879909404842287], [-105.37978283081972, 21.879166250779136], [-105.37925165718164, 21.878298996129786], [-105.37830609988744, 21.87875295524566], [-105.37795154388662, 21.878876735740015], [-105.37747898636387, 21.87875273562379], [-105.37659316638612, 21.878174416428926], [-105.37594375036083, 21.877472283945046], [-105.37647594200506, 21.87672918575054], [-105.37694891698347, 21.876192526718274], [-105.3769495810862, 21.875160241981707], [-105.37765878146263, 21.874747519112674], [-105.37795411835033, 21.874830180601215], [-105.37854453204966, 21.875408415828343], [-105.379016793726, 21.87598661827221], [-105.37925271881396, 21.876606049899426], [-105.37913412071795, 21.877307972797812], [-105.37936999686113, 21.878009986919984], [-105.37966531565654, 21.878133936627396], [-105.3799017355586, 21.877968831214922], [-105.3801970034754, 21.878175362629726], [-105.38037401123412, 21.878547029389004], [-105.38072813138363, 21.879125196819984], [-105.38102309838223, 21.87982722291826], [-105.3813774012524, 21.88011634933835], [-105.38143668335877, 21.879786032955117], [-105.38155514589839, 21.879290565510775], [-105.38155529723625, 21.879042817388584], [-105.38096483099575, 21.87850588489263], [-105.38055168332365, 21.877845120462535], [-105.38002045875301, 21.87706045095372], [-105.37972552830215, 21.876317131296844], [-105.37937157447683, 21.875491213074756], [-105.37931301402799, 21.874665370290227], [-105.37925416933969, 21.8742937326007], [-105.37919576573874, 21.873220141220433], [-105.37919620655809, 21.872518187512114], [-105.37925564635054, 21.871940123192147], [-105.37919714023046, 21.871031697109387], [-105.37907932518497, 21.87049487826417], [-105.37972972999303, 21.86958663445193], [-105.38020220773703, 21.869793211468025], [-105.38032005196781, 21.8702887380354], [-105.38026033508436, 21.87132100817555], [-105.38037815526106, 21.871857826049542], [-105.38049584855911, 21.872601100748142], [-105.38002266740706, 21.873509392338157], [-105.37996333298106, 21.873922291246444], [-105.3799627675148, 21.87483070169512], [-105.38025777284466, 21.875450147019937], [-105.38049380451079, 21.875904411414066], [-105.38061147656514, 21.876688976915258], [-105.38090653946446, 21.877225838111386], [-105.38143787050943, 21.877845339226653], [-105.38191010163827, 21.87850611563366], [-105.38208716436823, 21.878795197760848], [-105.38214571779191, 21.879662330241704], [-105.38208586089127, 21.880942347797514], [-105.38208530956902, 21.88185075728692], [-105.38155287661931, 21.883006786389892], [-105.38137525398032, 21.883626113251943], [-105.38102002957591, 21.884823475000786], [-105.38084237710859, 21.885484092542434], [-105.38042880105654, 21.885483989897644], [-105.38031068757189, 21.88540137772523], [-105.38013379925471, 21.884823254734], [-105.3803115309043, 21.884038763866855], [-105.3804890055773, 21.883667186125948], [-105.38060737247514, 21.88333688485101], [-105.38054834205363, 21.883254287418346], [-105.3803711490162, 21.883171660522386], [-105.38001660966127, 21.883254154187334], [-105.37954352033755, 21.883955987090694], [-105.37912948248548, 21.884699125197002], [-105.37860840422127, 21.885085947849934], [-105.3792174820712, 21.886077238750065], [-105.38017128972945, 21.886401267710134], [-105.38124637549485, 21.88689033613], [-105.38197675500182, 21.888046661115425], [-105.3829292160644, 21.88828764542619], [-105.38374400755025, 21.887367241523346], [-105.38490895361379, 21.8861116778266], [-105.38669258237647, 21.88642856643602], [-105.38764846119703, 21.886877094120695], [-105.38860434592526, 21.887325616265535], [-105.38980486017483, 21.888228752231583], [-105.39100264865151, 21.888965822786272], [-105.39208190268373, 21.889703903953738], [-105.39374841590546, 21.890104762727553], [-105.39551975487147, 21.889674301680156], [-105.39705811229548, 21.889494952281986], [-105.39813740083643, 21.890232993187624], [-105.39980531164495, 21.89071681830503], [-105.39544651782508, 21.8924152500636], [-105.39402942037026, 21.892759620077275], [-105.39297207923372, 21.893350002013253], [-105.39215731439917, 21.89427045054163], [-105.39205384641383, 21.895184779162964], [-105.39219570861412, 21.89659523688348], [-105.39244241314323, 21.89717439392569], [-105.39234031657502, 21.89817175030658], [-105.39199836732051, 21.899005089927083], [-105.39236911587567, 21.899915339394067], [-105.39262405654166, 21.900992663823295], [-105.39287625766046, 21.901903931650487], [-105.3930099045636, 21.902816219199497], [-105.39207652895831, 21.903737687372065], [-105.39174005002693, 21.90490313808562], [-105.3917551328573, 21.905816445970398], [-105.39009666275776, 21.90591373848972], [-105.38854990372492, 21.905594856986088], [-105.38712307947277, 21.90535797279502], [-105.38510482930056, 21.90520917878555], [-105.38398671273437, 21.90571698323399], [-105.3828685881476, 21.90622478016923], [-105.38203729894848, 21.90614884159597], [-105.38131774529029, 21.905656746075582], [-105.38024661101657, 21.90541676581367], [-105.37872169571062, 21.906426242575915], [-105.37755516961951, 21.90759873434759], [-105.37662030006041, 21.90843708803453], [-105.37567043838851, 21.908362126031083], [-105.37483369429539, 21.907954038263224], [-105.37352542912284, 21.907716028887634], [-105.37234932962491, 21.908307286434095], [-105.37092114361144, 21.907987233548887], [-105.36961288413166, 21.907749192981296], [-105.36770910500054, 21.90735009723409], [-105.36653434042745, 21.908024341911144], [-105.36547270356454, 21.908365464176043], [-105.36380876167001, 21.908130378768828], [-105.36274711725895, 21.908471483545114], [-105.36618786898293, 21.93036495448815], [-105.36548587908403, 21.930952158220624], [-105.36466801354156, 21.931706415652098], [-105.36409679414486, 21.933039866688144], [-105.36400396785606, 21.93461840152971], [-105.3643800589308, 21.93586082387165], [-105.36486796216943, 21.936687103937704], [-105.36581936407592, 21.936845153623686], [-105.36699708122521, 21.936336969261276], [-105.36758050565426, 21.93575076163321], [-105.36863690592278, 21.935077511877886], [-105.36982954756306, 21.935482616124585], [-105.370907689558, 21.936137800533373], [-105.3718686155816, 21.93687701124422], [-105.37259373880194, 21.93770125639037], [-105.37320028296674, 21.938526504683743], [-105.37403447955332, 21.93876854090126], [-105.3750949572646, 21.93834433382568], [-105.3768724024952, 21.938246178285194], [-105.37829271990168, 21.93806800658228], [-105.3799816017116, 21.93979744052644], [-105.38120162833869, 21.941863017258886], [-105.38275013202421, 21.942264988772717], [-105.38501429203966, 21.94290993982304], [-105.3862029377049, 21.943065840167925], [-105.3871585114162, 21.943472848332558], [-105.38753208827333, 21.944549157707637], [-105.38699115640185, 21.947709292033547], [-105.38717958846965, 21.95194268366951], [-105.38720834681085, 21.953686262873543], [-105.38817221500386, 21.95459142888262], [-105.3891278717011, 21.954998423816473], [-105.38927114509866, 21.956491900878067], [-105.38975926327896, 21.957318101906242], [-105.39048322245353, 21.958059235601297], [-105.39191057873967, 21.958296081302635], [-105.3935669073068, 21.95803270730148], [-105.3952191068941, 21.95752023449259], [-105.39806419650165, 21.95741263963703], [-105.39867097159065, 21.958237788563988], [-105.39903779290462, 21.958898931391822], [-105.39929014307867, 21.95981018083613], [-105.39977557651967, 21.96047029614911], [-105.40048582989233, 21.960381111661924], [-105.40082924742504, 21.95963078642418], [-105.40093269876697, 21.95871645957764], [-105.40150780469487, 21.957631970036804], [-105.40231734904822, 21.95637936860319], [-105.40336683834006, 21.955290761000494], [-105.40381641687098, 21.953792155376952], [-105.40344407162003, 21.952798913733698], [-105.40307448893988, 21.951971725689177], [-105.40354060745071, 21.951469448237173], [-105.4044866290951, 21.95129516248945], [-105.40578567968616, 21.950951726640056], [-105.40672755272058, 21.95052834623838], [-105.4077811097648, 21.949688792647066], [-105.40907046294105, 21.94876414030808], [-105.40964961507579, 21.947928704270886], [-105.41024811859408, 21.94825564756717], [-105.41191398007885, 21.948573281077906], [-105.41262970248889, 21.948816153756635], [-105.41240081609318, 21.949316386866123], [-105.41217331200947, 21.949899646834822], [-105.41218161538839, 21.950397809918083], [-105.41267122756844, 21.95130696895224], [-105.4133869649721, 21.951549838018725], [-105.41409577955409, 21.951377568260718], [-105.41446819449875, 21.952370784848554], [-105.41472201579693, 21.95336503707965], [-105.41509444049166, 21.954358251859205], [-105.4156985274169, 21.95501728273605], [-105.41665980897103, 21.95575622446356], [-105.41797135527709, 21.956159935560216], [-105.41938901643339, 21.95581535309782], [-105.4204439248658, 21.95505874638793], [-105.42090304609711, 21.95414128571493], [-105.42111246187889, 21.95247866348852], [-105.42192458350944, 21.95139202178551], [-105.42381518408264, 21.950960206911116], [-105.42522999593665, 21.950449520953253], [-105.42640760579513, 21.949940913183248], [-105.42747218279442, 21.949765450577218], [-105.42685692587864, 21.948442247595374], [-105.43123794920963, 21.947988377156012], [-105.4321950750179, 21.948478147536445], [-105.43289268324975, 21.947641582494096], [-105.44899190117924, 21.945754476451402], [-105.43876950766067, 21.96889707701076], [-105.43562394779346, 21.976016737114804], [-105.42593579816003, 21.992544070889412], [-105.4212030561386, 21.993333051773547], [-105.4198897685897, 21.992846347242413], [-105.41879708923383, 21.991361232346616], [-105.41852928344686, 21.989536725900027], [-105.41743386862547, 21.987885547321916], [-105.4163370923248, 21.986151333962724], [-105.41537144562528, 21.985163315958243], [-105.41441274171892, 21.984590425898237], [-105.41334511784817, 21.984599753829386], [-105.41204578192138, 21.98494325251702], [-105.41110923600512, 21.985698772254782], [-105.4107865699103, 21.9876945191532], [-105.41144061397968, 21.991342525666074], [-105.40966945524454, 21.99185619822152], [-105.40670920560385, 21.99221411596621], [-105.40504008286464, 21.991730385214034], [-105.40347856452783, 21.990581393001502], [-105.40239020875686, 21.98934524634608], [-105.40107150680605, 21.988526281518247], [-105.39976108447274, 21.9882054678307], [-105.39787266796539, 21.988803066536484], [-105.39766836312273, 21.988940698686488], [-105.39730907825954, 21.989040929030036], [-105.39682986980712, 21.98911660869184], [-105.39639040519245, 21.989117670980225], [-105.39561852922179, 21.98930583386372], [-105.39480759307462, 21.989817007013077], [-105.39429096840996, 21.99081184895922], [-105.39427402906072, 21.99104863465411], [-105.39420121283678, 21.992066483974945], [-105.3942977979866, 21.993283411033676], [-105.394700896265, 21.994574120560795], [-105.39492946175484, 21.995356029658026], [-105.39514564087466, 21.99647330776631], [-105.39506855449511, 21.997491932143422], [-105.39476464886573, 21.998362062650436], [-105.39428674659041, 21.998922111374632], [-105.39338201115373, 21.99924720334546], [-105.39202438810662, 21.99954853350689], [-105.39137176756111, 21.999537672106626], [-105.39090751436649, 21.99937569437472], [-105.39055858183012, 21.999253950853884], [-105.38906651795644, 21.999096037165284], [-105.38786755536557, 21.998974676965823], [-105.38629595878258, 21.998953545949245], [-105.38492409956523, 21.99891951124541], [-105.38375872706249, 21.9987160589703], [-105.38276497657293, 21.9983284043965], [-105.38148538642679, 21.997933945587846], [-105.37659540189925, 21.99838835822865], [-105.37418630218004, 21.99863851924575], [-105.37194716860898, 21.999570955021486], [-105.36911073102763, 22.00025930073869], [-105.36709658893295, 22.000442415578533], [-105.36516588346996, 22.000025748432027], [-105.36235007836532, 22.000478998679256], [-105.3606941458661, 22.000745524437644], [-105.35750035468956, 22.00135363693583], [-105.35477974561063, 22.001874684985346], [-105.35311472846712, 22.001639508403596], [-105.34844867123418, 21.999270354533063], [-105.34795255793678, 21.99794586701428], [-105.34769776820526, 21.9968684837041], [-105.34767621147529, 21.995540039197017], [-105.3471895476158, 21.994796743126024], [-105.34680127032384, 21.99448704863879], [-105.34574708605297, 21.993646207424423], [-105.34465516411281, 21.992160588013185], [-105.34403240976916, 21.990338905782604], [-105.34388015465906, 21.988264193951476], [-105.34407168192071, 21.985439272259462], [-105.32487793610377, 21.97231140341927], [-105.31936038454973, 21.968536713858743], [-105.30986739887037, 21.954742740429616], [-105.30882062695989, 21.95322150709545], [-105.30861693953551, 21.95297245292738], [-105.3077048062821, 21.951857148875842], [-105.3067412262868, 21.951594388008104], [-105.30617710431902, 21.9513425301702], [-105.30516998051924, 21.950892882702338], [-105.30506749218893, 21.95084712454394], [-105.3044980928521, 21.950592902035964], [-105.30363801584083, 21.95014502686488], [-105.30283349269003, 21.94972581473384], [-105.30130679316404, 21.94893103295467], [-105.30101303636759, 21.948774988798085], [-105.2998546963288, 21.947923435553893], [-105.29931070021213, 21.947527408382268], [-105.29862001586426, 21.94702458673888], [-105.29828449363362, 21.946723927780127], [-105.29730501671081, 21.945933178592316], [-105.29556661333181, 21.944812622197965], [-105.29494233272754, 21.94445826051526], [-105.29457543324449, 21.944249994663636], [-105.29358426090673, 21.943687361026136], [-105.29269445475191, 21.943539576100573], [-105.29076615032008, 21.943197605929296], [-105.29013718849295, 21.943086064519623], [-105.28875717636613, 21.942841568376004], [-105.28738383860622, 21.942991842887228], [-105.2865623833871, 21.94339814784412], [-105.28649792988942, 21.943430027309375], [-105.28611711529881, 21.94361838192309], [-105.28414532544764, 21.943933967324668], [-105.28238647905194, 21.945070648870534], [-105.28119830742426, 21.945378325590237], [-105.2801510099164, 21.94564951478888], [-105.27883008419607, 21.94560247219487], [-105.27801962425164, 21.945423118473464], [-105.27502685345188, 21.946003194325257], [-105.27340703933208, 21.946219483556124], [-105.2697085751704, 21.946159876367393], [-105.2676649449162, 21.94576890441504], [-105.26554534983327, 21.944175883872532], [-105.26481573547035, 21.943526119439333], [-105.26429621633788, 21.943063451503214], [-105.26237567840437, 21.942540777271365], [-105.26036204624813, 21.943182267702493], [-105.26002958509113, 21.94467957561444], [-105.25981182666828, 21.945926869164776], [-105.25984162087988, 21.947836549422757], [-105.25986882523604, 21.949580170128897], [-105.25989214397404, 21.951074701859532], [-105.25968344306814, 21.952903201004823], [-105.25946826051695, 21.95431655201347], [-105.25937685857367, 21.956061096016374], [-105.25940794594051, 21.95805380350332], [-105.25956152801814, 21.960294674172484], [-105.25959909709269, 21.962702527665666], [-105.25775053589496, 21.965872430913425], [-105.25682493076802, 21.967374345166167], [-105.2548227253573, 21.968303343811094], [-105.2529378168535, 21.96914836879741], [-105.24997373549807, 21.96925437120324], [-105.24676597819334, 21.968947003761247], [-105.24438467541984, 21.968384090264227], [-105.24221876547291, 21.966407814402928], [-105.23979587040911, 21.963269560511947], [-105.23757249148872, 21.96015028491413], [-105.23748009845217, 21.960020659024774], [-105.23655292436145, 21.958180351552677], [-105.23575275763969, 21.956927615329022], [-105.23575256376955, 21.956810063614316], [-105.23533070966367, 21.955713517646696], [-105.23495002911305, 21.9541075196411], [-105.23465387881791, 21.9528148717562], [-105.23463522893097, 21.95261996386588], [-105.23444019859133, 21.95058168944634], [-105.23389204499503, 21.949289398787222], [-105.23258830769011, 21.94827246529834], [-105.23143564076827, 21.947931040580936], [-105.23066283911126, 21.947812371826707], [-105.22932261413074, 21.947980796556532], [-105.22921629610983, 21.947994157074234], [-105.22804742089022, 21.947835885969383], [-105.22723646236284, 21.94738638933117], [-105.2262933422409, 21.94711150428232], [-105.22517920704179, 21.947076694434223], [-105.2241223186766, 21.947161237830226], [-105.22379262344353, 21.94718760964473], [-105.22195455659961, 21.947546237916445], [-105.22099931203942, 21.947396420207856], [-105.220886566538, 21.94736987993974], [-105.22077736447159, 21.94735312574681], [-105.21942917248857, 21.946786482311513], [-105.21863412803793, 21.946533159569235], [-105.21771522048273, 21.946796030087615], [-105.21727140212879, 21.94696378310363], [-105.21507526257203, 21.947533581622803], [-105.21454800641925, 21.94746694298536], [-105.21376616098647, 21.947368124063612], [-105.21226753122943, 21.947121122639693], [-105.21258274740067, 21.944461484458234], [-105.20090116301661, 21.9406459321733], [-105.20001731412805, 21.939592787472108], [-105.19319618533756, 21.93146442309646], [-105.1806116576611, 21.916464926671246], [-105.17844866128156, 21.91457081638137], [-105.17009878546993, 21.90517183179752], [-105.16892009662564, 21.903844913187907], [-105.16937570871694, 21.9025960095223], [-105.16911747034545, 21.901186198203558], [-105.1688666891016, 21.900274573293636], [-105.1687369529871, 21.89952815149787], [-105.16919627972153, 21.89852834134365], [-105.16965684251052, 21.8976115610246], [-105.17010994342603, 21.896196592131478], [-105.17124327864123, 21.892700679245454], [-105.17207478740917, 21.88488885363457], [-105.17250792301618, 21.882145375281606], [-105.17272137481501, 21.880566057040703], [-105.17257422299474, 21.878657197607403], [-105.17243205030435, 21.877080463076446], [-105.17216139389072, 21.874840338126017], [-105.17201052556958, 21.872682382513222], [-105.17198316990421, 21.870855690998262], [-105.17171004648777, 21.86844950055855], [-105.17205072288968, 21.86745054018114], [-105.1749806452933, 21.857298282633977], [-105.17935352967068, 21.856435975545747], [-105.1794220775027, 21.856257250577638], [-105.18015198844022, 21.854354122332623], [-105.1817015001114, 21.854924067510265], [-105.1902514082833, 21.84024607217503], [-105.2005510806818, 21.823956329744572], [-105.19754262692702, 21.82392421938904], [-105.19644310427887, 21.823922908217416], [-105.19454524619076, 21.8236351512292], [-105.19362256633697, 21.82355462672558], [-105.19026302899455, 21.82481905655545], [-105.1877460485156, 21.82016500408783], [-105.18703576733346, 21.818489805509888], [-105.18698495896626, 21.81836997230539], [-105.18757273871807, 21.816112796590925], [-105.18957590852557, 21.809983995648956], [-105.19158849819246, 21.809903361221476], [-105.19220962729612, 21.809776148047145], [-105.19273280027521, 21.809755787705885], [-105.1930973729353, 21.809733230850835], [-105.19349964985643, 21.809679337218512], [-105.19386610464721, 21.809622934719595], [-105.1942243546003, 21.809551947046174], [-105.19479419137544, 21.80945073875044], [-105.19514460732528, 21.8093701943212], [-105.19555771866439, 21.80927002078145], [-105.19598166551287, 21.80912357125223], [-105.19629217106367, 21.808985191715344], [-105.19654224013661, 21.808800551550654], [-105.19675311273475, 21.80866420386147], [-105.1970781979292, 21.808433777289196], [-105.19748758916377, 21.80828330329051], [-105.19788205634346, 21.808123778170522], [-105.19818472466548, 21.807975840469755], [-105.19843253084362, 21.80785708628624], [-105.19881055735752, 21.80776445685611], [-105.19904006604544, 21.80768745189514], [-105.19925465126275, 21.80760139662991], [-105.19948827602155, 21.80748365000085], [-105.19978570980184, 21.807361361751738], [-105.20007642483769, 21.80724460712916], [-105.20030035652891, 21.80709215704908], [-105.20042048384478, 21.807030972949324], [-105.20058884034965, 21.8069452241812], [-105.20090082359468, 21.80682695424105], [-105.20112438203215, 21.80666947349126], [-105.20134560440187, 21.806586205964837], [-105.20143195794405, 21.80653977166894], [-105.20176441109304, 21.806361003224186], [-105.20203796868994, 21.806205018072497], [-105.20228465331247, 21.806071169469515], [-105.20266304437217, 21.805983560810066], [-105.20307465345836, 21.80586325033107], [-105.20341833787523, 21.805788222695647], [-105.2038527025339, 21.805686514251782], [-105.20409635969897, 21.80570455897193], [-105.20454066085725, 21.805603518584768], [-105.205081173689, 21.805480596497294], [-105.20527429751718, 21.805452998690058], [-105.20565414849364, 21.80539871648564], [-105.20604145205033, 21.80534336833737], [-105.20671289612964, 21.80524741244564], [-105.20756850155841, 21.805055460045082], [-105.20875009060082, 21.80479036669064], [-105.20924237021796, 21.804680252378674], [-105.20968628116108, 21.80457840976476], [-105.2100100840135, 21.804504091779762], [-105.2104173629467, 21.80441630780151], [-105.21103290003558, 21.804232890384412], [-105.2120024960436, 21.80390274614844], [-105.21243949269594, 21.803644089532398], [-105.21297159230086, 21.803611233393827], [-105.21347349101542, 21.803459182428814], [-105.21390263105418, 21.803287034266276], [-105.21415378399654, 21.80311745614327], [-105.21476725330506, 21.802932170333], [-105.21519936784816, 21.802800255006723], [-105.21563782679006, 21.80265777424331], [-105.21597777446765, 21.802532425342996], [-105.2163535419206, 21.802409578778803], [-105.22297470852675, 21.802300905747888], [-105.22426268765227, 21.80129465323218], [-105.22980301376836, 21.799425655849788], [-105.23474954932809, 21.797477971197644], [-105.23803478654602, 21.79537679575858], [-105.24035807012274, 21.792369489786193], [-105.24232714051813, 21.789447915584557], [-105.24276123005498, 21.786870297085006], [-105.24295837994268, 21.784294499745087], [-105.24316707247851, 21.782465984684503], [-105.24324575124317, 21.779891097221682], [-105.24307083401057, 21.776238622131277], [-105.24288822449499, 21.77502712654111], [-105.2427034352224, 21.773801147834583], [-105.24217366763972, 21.771844326942155], [-105.24144628772805, 21.77077037900331], [-105.24107298787347, 21.7696106665734], [-105.24034690895964, 21.768619744970874], [-105.23973032135324, 21.767046689382887], [-105.23957856841547, 21.764888774559278], [-105.24026233929236, 21.763139654499827], [-105.24142755952727, 21.761885081799512], [-105.24296861323887, 21.761956274608757], [-105.24450196603762, 21.76152926308609], [-105.2470833059916, 21.759931570218026], [-105.24893979483025, 21.75742598373096], [-105.24973799634014, 21.755426813842373], [-105.24970454474483, 21.753267990506444], [-105.24931578956249, 21.751111914058654], [-105.24891675789846, 21.748291582509058], [-105.2494870529844, 21.7468754645437], [-105.24993504691874, 21.745211165769206], [-105.25013973981486, 21.743133539315405], [-105.2505787068171, 21.740888015685442], [-105.25066238631852, 21.7386452404819], [-105.2506302143949, 21.736569444939793], [-105.25166641057572, 21.7346514607039], [-105.2535199224816, 21.731979755355955], [-105.25634005273322, 21.730546144880282], [-105.25881262484809, 21.7296134447844], [-105.26259809416088, 21.72933479200342], [-105.26415045935454, 21.730153076773902], [-105.26501046288342, 21.73213935243194], [-105.26575854700111, 21.734541708534852], [-105.26675257548618, 21.737523425654658], [-105.2681071114998, 21.74083447477651], [-105.26907009187536, 21.741823418065863], [-105.26991855165184, 21.743062380436232], [-105.27018007338943, 21.744638117962904], [-105.26996917647563, 21.746300608598265], [-105.27022940675668, 21.747793313907156], [-105.27155294296222, 21.749111574726435], [-105.2731016717198, 21.749680676696222], [-105.276206976029, 21.75131702428699], [-105.27844159928145, 21.75030286941707], [-105.28044584572501, 21.7497057171383], [-105.28280537387552, 21.749105722182552], [-105.2845674942828, 21.74817827431724], [-105.28573743552334, 21.747255517505565], [-105.28866287752618, 21.74499010517861], [-105.28969600637897, 21.74290582704766], [-105.29072517588239, 21.740572448554353], [-105.29221621088386, 21.7374879976888], [-105.29346869616933, 21.734909567804515], [-105.29463607108761, 21.732086078340657], [-105.29533489865685, 21.730176176410854], [-105.29638704911245, 21.72785082909806], [-105.29732523423996, 21.726189634365134], [-105.29860699764292, 21.722784959440066], [-105.2992996468772, 21.720045021550085], [-105.29999105333667, 21.717139076473188], [-105.30044426420207, 21.71415042081806], [-105.30053625447343, 21.71049819040715], [-105.30110394563371, 21.706928369988447], [-105.30251337436911, 21.704768540570555], [-105.30440211913363, 21.703189113070373], [-105.30712894626873, 21.7025216223939], [-105.31092590350983, 21.70201870341814], [-105.31353945353408, 21.702098280290002], [-105.31556471288502, 21.70292562377251], [-105.31675921551398, 21.70383705862412], [-105.31760360287406, 21.705578981423372], [-105.31691074858148, 21.708235993913238], [-105.31586524433054, 21.7113914888838], [-105.31528432071877, 21.713135316101265], [-105.31494341241901, 21.715210832594437], [-105.31460434566354, 21.71753535305098], [-105.31378581541514, 21.71927948913453], [-105.31189942874774, 21.721191028501565], [-105.30929781396256, 21.722771464032252], [-105.30705066816279, 21.724102397807133], [-105.30539497869793, 21.725100539785398], [-105.30386111041187, 21.726513524725252], [-105.30351634449521, 21.728091006505586], [-105.30423764800115, 21.72925213044196], [-105.3060256522649, 21.730079884976313], [-105.30899240288556, 21.72966106263255], [-105.3123130486146, 21.728909713310767], [-105.31587309476058, 21.72840698498539], [-105.31847783336696, 21.727241454664103], [-105.3208424681689, 21.725744201941392], [-105.32840434430523, 21.720338557513017], [-105.33005668842895, 21.718925179323875], [-105.33135077383113, 21.717263289869415], [-105.331615460779, 21.71669911158809], [-105.33193528026251, 21.71601741199343], [-105.33302446402008, 21.710772764758264], [-105.33354359615481, 21.708793897394724], [-105.33991009462675, 21.702559423404445], [-105.341562124303, 21.7011459315412], [-105.3427409503642, 21.699982138785423], [-105.34415475623156, 21.698485974665005], [-105.34592863664196, 21.697487265141465], [-105.34770884933099, 21.697318560426048], [-105.35031850305533, 21.696899549421897], [-105.35209870269557, 21.69673079329134], [-105.3545953242666, 21.697058912558234], [-105.35614375494242, 21.697637497731417], [-105.35698344751862, 21.698715204356798], [-105.35782764338948, 21.70037391607889], [-105.35843432045037, 21.702033000630063], [-105.35904036939922, 21.70360908110917], [-105.36047140291657, 21.70435381602631], [-105.36260928190411, 21.704350376814617], [-105.36474328702403, 21.703848903903317], [-105.36675268656255, 21.702600586583134], [-105.36935070849395, 21.700687253441423], [-105.37051892373326, 21.698195246316118], [-105.3713301586196, 21.695620823726312], [-105.37191098670013, 21.693959807655325], [-105.37272737389819, 21.692049387926414], [-105.37248075482191, 21.69088776746562], [-105.37175520790561, 21.689228931887612], [-105.3713846511091, 21.687403496602037], [-105.37148458204635, 21.684996259324922], [-105.37159035297464, 21.68333603383273], [-105.37133986477753, 21.681676401711293], [-105.37084928577181, 21.679685158086013], [-105.37024840012529, 21.678773128212313], [-105.368935674245, 21.67794527507052], [-105.36785722573636, 21.67670201359295], [-105.36641609268788, 21.67462931219751], [-105.36615469943271, 21.67155864294031], [-105.36650447064387, 21.670728044748127], [-105.36697298066377, 21.66989725156761], [-105.36781863772232, 21.66920855444924], [-105.36850692773328, 21.668649691107326], [-105.3696924010284, 21.668398727161346], [-105.37087787009031, 21.668147752733443], [-105.37112629877385, 21.668138352253393], [-105.37313330398473, 21.66806098802928], [-105.3753926416198, 21.668472200499775], [-105.37765982120712, 21.669879399818683], [-105.38076021329857, 21.671534142749408], [-105.38374389828981, 21.67343803701566], [-105.38601123544194, 21.67484511910139], [-105.38732205394106, 21.67542383266148], [-105.38946345563232, 21.675918061710725], [-105.39278904281008, 21.675995130428593], [-105.39682645329506, 21.675987837102973], [-105.40038155133684, 21.675068308096282], [-105.40286388964009, 21.673652682711506], [-105.40391924658185, 21.67199067533684], [-105.40437552444303, 21.669665759918924], [-105.404124020532, 21.667923178682297], [-105.4030413485323, 21.666182140623864], [-105.40160315542519, 21.664524753998517], [-105.40040246838544, 21.66286691755242], [-105.40026576874432, 21.66062610224266], [-105.4009648635915, 21.658964766268834], [-105.40380912508176, 21.65829548209233], [-105.4051298820521, 21.660119076345538], [-105.40728182230842, 21.661941097675605], [-105.41001878057266, 21.662682950366666], [-105.41466565846213, 21.664666127073488], [-105.41681103645944, 21.665658010992015], [-105.41966887961297, 21.66664847507824], [-105.42205586758162, 21.668137830860637], [-105.4265850183225, 21.67020390190028], [-105.43159815550132, 21.673347893670883], [-105.43385259239251, 21.675436351147546], [-105.43528694602051, 21.676765060665815], [-105.43937640082035, 21.680553112207065], [-105.44154699144065, 21.68453268547335], [-105.44226537576056, 21.68523669998936], [-105.44298376706577, 21.68594071034902], [-105.44453518044658, 21.686850469096346], [-105.44619637370114, 21.686680956632674]]]}}, {"type": "Feature", "properties": {"id": 8, "entidad": 18, "distrito_l": 8}, "geometry": {"type": "Polygon", "coordinates": [[[-104.9000395003657, 21.508942135323988], [-104.90029352805551, 21.508451891197172], [-104.90058290836387, 21.50784986325841], [-104.90094771298506, 21.507090099189735], [-104.90144128430899, 21.50786864610531], [-104.90162558874295, 21.508159360679564], [-104.90186359680497, 21.508534783229198], [-104.90190634858112, 21.50859941201119], [-104.90266722728539, 21.509723135515074], [-104.90275251651303, 21.509846292558418], [-104.9034993475227, 21.510410275536405], [-104.90422102866275, 21.510865429963875], [-104.90471989416874, 21.511180053347253], [-104.90483727986489, 21.511254085730855], [-104.90545088445673, 21.511641068485737], [-104.90620356153003, 21.512115754294054], [-104.90705001503773, 21.512649573706152], [-104.90761825218243, 21.513007930212055], [-104.90783135890003, 21.513142324166243], [-104.90807235950726, 21.51329642408896], [-104.90824185542104, 21.513402135372203], [-104.90887589587346, 21.513797572407086], [-104.90932668305929, 21.51409658455844], [-104.91004231981104, 21.514553098805337], [-104.91213959088729, 21.51589863276189], [-104.91251950286596, 21.51614236519168], [-104.9134088024739, 21.516712888460535], [-104.9139546608642, 21.517063075256008], [-104.91433031346186, 21.517304067414912], [-104.91473796999986, 21.517573647915352], [-104.91577768533323, 21.5182611955736], [-104.91587542469664, 21.518325560642914], [-104.9159118308737, 21.518349535458995], [-104.91607436421067, 21.518456569488297], [-104.91632108192212, 21.518619041342657], [-104.91666955385392, 21.518848520510545], [-104.91671095978957, 21.518871718945064], [-104.91678060687998, 21.51891074064376], [-104.91715219161902, 21.51911893026426], [-104.91757326069693, 21.519353258480756], [-104.91860623213869, 21.519829784870115], [-104.91924459970184, 21.52007770747268], [-104.91961514589474, 21.520235974436087], [-104.91959694015881, 21.52026575936191], [-104.9195804711401, 21.520288845405855], [-104.91872760566204, 21.521484368534697], [-104.9181368906871, 21.52231240196837], [-104.91751854119964, 21.523179159603515], [-104.91696825219302, 21.52395050411697], [-104.916045346778, 21.52332377445688], [-104.91545442245977, 21.524204191540395], [-104.915145317422, 21.52465918931532], [-104.91505655682604, 21.524650673859433], [-104.91463562317156, 21.5246590309971], [-104.91457248476297, 21.524646561993716], [-104.91451426199067, 21.52461114153393], [-104.91446648428246, 21.524547230711807], [-104.91312535010111, 21.523972808601858], [-104.91263549084283, 21.524609522792097], [-104.91235552642213, 21.525053619002694], [-104.91215975913228, 21.52541655559171], [-104.91209881563121, 21.525517926795736], [-104.91140536604355, 21.525190524982882], [-104.91116616273399, 21.52577675214305], [-104.91171271572846, 21.52591458181259], [-104.9117126435888, 21.52594087066077], [-104.91168460889281, 21.528196831154823], [-104.91170243011942, 21.528536005459934], [-104.91196970666552, 21.530523647994247], [-104.91061941857494, 21.530241928092515], [-104.91046958399967, 21.531482637282476], [-104.91059206736045, 21.532312826481622], [-104.91118600155133, 21.532479494695345], [-104.91106968123505, 21.53297739803593], [-104.91060362168008, 21.534802998801403], [-104.91036866242598, 21.535300769907437], [-104.90977779514118, 21.53579814460623], [-104.90966262117966, 21.536545063888582], [-104.91037636276411, 21.536960884277], [-104.91085476135505, 21.537791467532802], [-104.91121568409243, 21.538870935344914], [-104.91157314082199, 21.53920335110063], [-104.91204769381416, 21.539203873917533], [-104.91252379177568, 21.539536419306707], [-104.91276531897171, 21.540449742002476], [-104.91300607613594, 21.54119705292645], [-104.91348295634967, 21.541695605674004], [-104.91419712119196, 21.542194415237386], [-104.9140835131701, 21.54327335964591], [-104.91373339242222, 21.544518056567462], [-104.9138539699933, 21.54493321403349], [-104.91373880948568, 21.545680135356633], [-104.9136236477852, 21.54642705652946], [-104.91315061768971, 21.546758561072384], [-104.91267604012268, 21.54675804131092], [-104.9124402961288, 21.547089803364067], [-104.91196610342242, 21.547172287185614], [-104.91125346403854, 21.54700549075584], [-104.90994721928033, 21.54675502647275], [-104.90958820954275, 21.54609058501226], [-104.90852079900223, 21.54617239647539], [-104.9076914422088, 21.546420479814454], [-104.90757739927263, 21.547416413458574], [-104.90698570712406, 21.547747766131625], [-104.90627651492844, 21.548327998855598], [-104.90580460932144, 21.5489084986798], [-104.90568863970806, 21.549489402759892], [-104.90569284565912, 21.55040246416269], [-104.90510304724752, 21.551148837831768], [-104.90391809336205, 21.551479500784367], [-104.9027331341389, 21.551810155282435], [-104.90250002319803, 21.552722941871483], [-104.90273998636552, 21.553304255301605], [-104.90309822070036, 21.55380269979617], [-104.90333742596908, 21.554218001227227], [-104.90310241045172, 21.554715760732076], [-104.90227718053127, 21.555876877463174], [-104.90251905072098, 21.55687321858901], [-104.90252171462002, 21.557454257164594], [-104.90228935403809, 21.558533053796726], [-104.90229353873522, 21.55944611421605], [-104.90265254779774, 21.560110570318137], [-104.90348465870933, 21.560443551135585], [-104.9038425317136, 21.560858988204348], [-104.90348694535133, 21.560941583988754], [-104.90301384514845, 21.561273058440158], [-104.90313516765434, 21.561854233693765], [-104.90349342421581, 21.56235267691119], [-104.9038528271702, 21.563100135696054], [-104.90456859029376, 21.563931007261974], [-104.90540225617454, 21.564596000209196], [-104.90682960975789, 21.565344667060145], [-104.90754386718572, 21.5658435040316], [-104.90825889715636, 21.566508348764042], [-104.90838139653602, 21.567338536154118], [-104.90862447925029, 21.56858388346215], [-104.90934106532424, 21.569580744952898], [-104.90970282386105, 21.570826222902213], [-104.91006227941216, 21.57157366772285], [-104.91065752821918, 21.571989353675665], [-104.91137106007439, 21.57232216328625], [-104.91149358193987, 21.573152347887188], [-104.91138031453549, 21.574314291631644], [-104.9117370865662, 21.574480695247196], [-104.91197635017156, 21.57489598345489], [-104.91162189130775, 21.575227612342246], [-104.91008113755508, 21.575640929642486], [-104.91032078332701, 21.576139225481462], [-104.9105592753148, 21.576388505002996], [-104.91020480959487, 21.576720130791934], [-104.91008768031675, 21.57705202004874], [-104.9105631267156, 21.577218558135904], [-104.91103857420576, 21.577385094866486], [-104.91092221697552, 21.57788299529427], [-104.91045138891872, 21.578712521827725], [-104.90962185007704, 21.578960613166327], [-104.90890905820348, 21.5787938068192], [-104.90876387745764, 21.58125793696439], [-104.90868900047457, 21.582528778285283], [-104.90833643489246, 21.58327542604006], [-104.90810369160842, 21.584271222203864], [-104.90893672122633, 21.584770185843787], [-104.90988766276114, 21.585103267089917], [-104.9113160111181, 21.586017904896867], [-104.91179689000708, 21.58734651239363], [-104.91251436212032, 21.588509368775085], [-104.91417702096724, 21.588760200805247], [-104.91524706728651, 21.589176385716335], [-104.91595642329159, 21.588596118213548], [-104.91666693951885, 21.58826486322311], [-104.9180930249657, 21.58868141163667], [-104.91916308198941, 21.58909757141869], [-104.91987593614171, 21.589264333872773], [-104.92047284834325, 21.590012004907944], [-104.92106898439765, 21.59059366341466], [-104.91883589462742, 21.595239575738795], [-104.91789148485495, 21.596317632806283], [-104.91670735791104, 21.59689739911026], [-104.9162368892441, 21.597809945114342], [-104.91540919080606, 21.59847308986402], [-104.9148196340647, 21.599302498214072], [-104.9145869090368, 21.60029830158704], [-104.91364127420843, 21.60112731847562], [-104.9136493992974, 21.60287042483035], [-104.91365752450159, 21.604613530746214], [-104.91366371521067, 21.605941611199018], [-104.9133153718733, 21.607601322390213], [-104.9130818498911, 21.608431112594698], [-104.91296895315027, 21.609676057428278], [-104.91249726069142, 21.61033957631563], [-104.91202749387251, 21.611418118647165], [-104.91250537216688, 21.612082680677236], [-104.91298557404441, 21.613245271005688], [-104.91394522656365, 21.615404437240414], [-104.91490064350062, 21.61665054346481], [-104.91644570337894, 21.617067234125475], [-104.91763855805375, 21.618313579537134], [-104.91799972835811, 21.61939302302443], [-104.91836051438871, 21.62038946072917], [-104.91966860486728, 21.62088887361626], [-104.92014615848943, 21.621470408284388], [-104.9203886490237, 21.62254972122982], [-104.92110479777763, 21.623380517047526], [-104.92229656852919, 21.62437781388134], [-104.9228920678388, 21.62479345424044], [-104.92407796926062, 21.624545665805556], [-104.92479336237287, 21.62521043598176], [-104.9253928085301, 21.62645611553182], [-104.92528118331293, 21.62795008069324], [-104.92516994925501, 21.62952705028466], [-104.92576941632517, 21.630772727890186], [-104.9273225523307, 21.632849412462], [-104.92721094182302, 21.634343377811852], [-104.92686110594583, 21.63567109310835], [-104.92686662863362, 21.636833159066967], [-104.92770278803151, 21.637913059615382], [-104.9268776741845, 21.63915729049648], [-104.92580604544654, 21.638492167622815], [-104.92414633421576, 21.63898849371751], [-104.92284002643231, 21.638904140060816], [-104.92117521445341, 21.638321375506425], [-104.91867899612801, 21.63765470916516], [-104.9165405089818, 21.63732040735662], [-104.91523538432679, 21.637485008083907], [-104.90871432656853, 21.639303914136736], [-104.90681749091134, 21.639882805027902], [-104.90468510777603, 21.640876425583446], [-104.90315049518911, 21.642783756775856], [-104.90256106857575, 21.643696121009786], [-104.9025724865134, 21.646186260080384], [-104.9011493008059, 21.646516621254584], [-104.89996280232789, 21.646681240067657], [-104.89925537067602, 21.647759461712813], [-104.89581531108524, 21.648419403578604], [-104.89629776016649, 21.65008006437398], [-104.8963019073412, 21.65099311475702], [-104.89571165089146, 21.651739444360185], [-104.89488242248532, 21.652153467464288], [-104.8938176061624, 21.65298222159], [-104.89275540260893, 21.65439200056865], [-104.89264566869664, 21.656383964642067], [-104.89253405733113, 21.65796090563345], [-104.8925381808253, 21.65887395514833], [-104.89194824737402, 21.65970327494651], [-104.89112195513918, 21.66078131447967], [-104.89112981031501, 21.662524408325602], [-104.89208833601664, 21.66443467463641], [-104.89327874125557, 21.665100157431183], [-104.89589932917279, 21.666929408945478], [-104.89816299552872, 21.668592188070367], [-104.90174355346902, 21.672580584749667], [-104.90234946368244, 21.675237414138934], [-104.9034265903656, 21.67706474645579], [-104.90462745948378, 21.67997126353413], [-104.90416160358221, 21.681962820534494], [-104.90726915703546, 21.68628256332279], [-104.90479318214085, 21.69018092053477], [-104.90289947281536, 21.691589802340836], [-104.9015707306265, 21.69331978950179], [-104.90176559955668, 21.693310887750055], [-104.90194697340827, 21.693343534877393], [-104.90206967591357, 21.693376420608004], [-104.90225087057689, 21.69341053594409], [-104.90239402946729, 21.693509746767404], [-104.90244768039005, 21.69357689140765], [-104.90261789104709, 21.69356563645922], [-104.90278575743068, 21.69357347878534], [-104.90292540608945, 21.693609996447876], [-104.90301232827699, 21.69367799044549], [-104.90322643078117, 21.6937766103483], [-104.90333385240218, 21.693846589467945], [-104.90352203996748, 21.693882778719978], [-104.90379571898187, 21.693918215500016], [-104.90399032692909, 21.6939415669427], [-104.90420203460887, 21.693944361526622], [-104.90431434427128, 21.694009884166846], [-104.90449783768997, 21.694040339322267], [-104.90467069943769, 21.69401649966554], [-104.90481770931291, 21.694046913114086], [-104.90489121428162, 21.694062119773196], [-104.90496471925037, 21.694077326432364], [-104.90469636362727, 21.69459716317208], [-104.90451018622277, 21.695205712500233], [-104.90420909048619, 21.695940359899282], [-104.90389685022377, 21.696566059316616], [-104.90372496901867, 21.69682019033806], [-104.90334091155147, 21.69698870787259], [-104.90286327218429, 21.697093551986168], [-104.90289110952767, 21.69746622969178], [-104.90276349132769, 21.697692916018745], [-104.90249817609747, 21.697909006275967], [-104.90227493375569, 21.697984631673627], [-104.9020743990907, 21.69825368113353], [-104.90185592650964, 21.698458957850185], [-104.90163712334966, 21.698832985219788], [-104.9015265947309, 21.699200552825204], [-104.90162227871797, 21.699502667452858], [-104.9015932605081, 21.70003753116316], [-104.9015339952533, 21.70050509271211], [-104.9015940472416, 21.700980351099666], [-104.90149792076545, 21.70142749170185], [-104.90129107691438, 21.701622396065293], [-104.90094245402898, 21.701912042930314], [-104.9007535747732, 21.70221928534895], [-104.90069112359728, 21.70260612979347], [-104.90065957433566, 21.70295999542303], [-104.90048879667509, 21.703367787350324], [-104.90040045050945, 21.703788698455902], [-104.90043956852799, 21.70411009315551], [-104.90034415786717, 21.704535496340018], [-104.90053745649807, 21.704930414563393], [-104.90057186629448, 21.705168604795862], [-104.89940193434948, 21.705903845719163], [-104.89976034175687, 21.70636078763145], [-104.90024150886201, 21.707689410390273], [-104.90119703256484, 21.708852579368617], [-104.9021544734695, 21.710430762649246], [-104.90382308585882, 21.71167774726328], [-104.90525149179716, 21.712343415694786], [-104.90679945715142, 21.713175214534342], [-104.90798994621417, 21.713757585673406], [-104.9090635852997, 21.7147548348303], [-104.90942569826247, 21.716000292864425], [-104.90954986549926, 21.717162480570472], [-104.91014686308807, 21.717827174848257], [-104.9101510976565, 21.718740217753222], [-104.91015879695065, 21.72040029550436], [-104.91099569691517, 21.72156327430012], [-104.91218549960982, 21.721979607275205], [-104.91337260149159, 21.721814904681686], [-104.91316311041005, 21.722198584585847], [-104.9133760828094, 21.72256193942254], [-104.9143283238713, 21.722977996662728], [-104.91563577225625, 21.723145422670374], [-104.92026188179543, 21.72173930265185], [-104.92145562734056, 21.72298560768472], [-104.92264860917612, 21.724065896319665], [-104.92431480412371, 21.72473164682177], [-104.92491544179565, 21.726143321958585], [-104.92694554330451, 21.72838648325182], [-104.92826096269951, 21.730213885333935], [-104.9285029019396, 21.73112716544992], [-104.92826847464555, 21.731790956821666], [-104.9282732190891, 21.732787001816995], [-104.92922636237225, 21.733368980709653], [-104.92994152212505, 21.733867714065564], [-104.93041869464237, 21.734283204972662], [-104.93077350055353, 21.73395154335285], [-104.93148827131992, 21.73436726628875], [-104.93184863894307, 21.735197654499974], [-104.93113703917918, 21.73544596289855], [-104.93030822427578, 21.736026165139645], [-104.93054899602257, 21.73669043057741], [-104.9309081733256, 21.737271809511974], [-104.9316209743723, 21.73727251327044], [-104.93174176138712, 21.737687648738287], [-104.93221815638583, 21.737937126935392], [-104.93328099085642, 21.736610113852382], [-104.93364057742505, 21.73727449059004], [-104.93376575407727, 21.73860266514607], [-104.9337757174733, 21.740677756923063], [-104.93378129706232, 21.74183980809089], [-104.93330847095402, 21.742337367302977], [-104.93307484365037, 21.743167171863412], [-104.93312985774945, 21.743260415932966], [-104.93415286156814, 21.744994292298205], [-104.9320218972583, 21.74656927283499], [-104.92942159076408, 21.749388805378572], [-104.928006540499, 21.75162847184865], [-104.9280207692082, 21.754616599323214], [-104.92791499585739, 21.757355595528065], [-104.9276939549717, 21.760841502088855], [-104.92628231345907, 21.76382818124745], [-104.92634269586982, 21.765218244503973], [-104.92641572567749, 21.766899428652504], [-104.92726131608285, 21.769805391047548], [-104.92834341266729, 21.772462577260917], [-104.92859333422588, 21.7750359193653], [-104.92753254274682, 21.776860915135746], [-104.92563437015426, 21.777523009653983], [-104.92385501401482, 21.77818520502739], [-104.92315731735377, 21.78142159505271], [-104.92329735150754, 21.785903893081112], [-104.92300196104833, 21.78811079088152], [-104.92295299403816, 21.788476622609885], [-104.92189555764512, 21.7910486072474], [-104.92024541396667, 21.793951971127832], [-104.91953607912937, 21.79449162947521], [-104.91752166857671, 21.79602414390603], [-104.91633318360776, 21.796022865700913], [-104.91514469868419, 21.79602158073058], [-104.9124042302956, 21.79452453451126], [-104.90811152842183, 21.791448647191647], [-104.90703272944775, 21.78945536092946], [-104.90595396022255, 21.787462067250374], [-104.90439871670816, 21.785219210308654], [-104.90225275702544, 21.783722677375877], [-104.90022302407479, 21.78164523337236], [-104.89712987571869, 21.78089454281593], [-104.8947542852242, 21.78114069710322], [-104.89107111312343, 21.781302210043638], [-104.88727095588216, 21.781878508253186], [-104.88406051490095, 21.78145943744849], [-104.88025333844526, 21.780458512253116], [-104.87668278741954, 21.779208803046394], [-104.87275906958293, 21.778705568572203], [-104.86943027074054, 21.778369057850163], [-104.86939553084056, 21.77868429991375], [-104.86896938710541, 21.781688540862174], [-104.86755308211133, 21.783927676338035], [-104.86601645452454, 21.785834621734804], [-104.86388342893845, 21.787242704853316], [-104.86233956812109, 21.787489551210232], [-104.86043703965474, 21.787237859361174], [-104.85924542855231, 21.786489143056105], [-104.85733830297292, 21.78694364868164], [-104.85047438427326, 21.791954598833897], [-104.84833971962583, 21.793030466498337], [-104.84726906198445, 21.792779860210896], [-104.84560557301963, 21.792860365491688], [-104.84442267180542, 21.794186620896355], [-104.84443100316174, 21.796178695250266], [-104.84586414179971, 21.797840909246503], [-104.84765281958936, 21.799254634598302], [-104.84896927220714, 21.801414662091734], [-104.85028961969468, 21.804487711938023], [-104.85006207005061, 21.80689444735182], [-104.84852985796631, 21.80996326363031], [-104.84687209605613, 21.811454830352552], [-104.84426340291294, 21.81294494207114], [-104.84200951733315, 21.814020542977], [-104.8396322578563, 21.814016891736724], [-104.83761467622999, 21.81476078733589], [-104.83679119889194, 21.816834563134055], [-104.83596872432504, 21.81915734269677], [-104.83526099027769, 21.820484270072804], [-104.83384002692219, 21.821810069895154], [-104.8325430114535, 21.82438108763025], [-104.83136006917722, 21.82579024483737], [-104.82887253511194, 21.82794431951185], [-104.82685638782485, 21.829103094416205], [-104.82471797471597, 21.8294316229226], [-104.82186596286678, 21.82967594470546], [-104.82020303449033, 21.830005199048532], [-104.81842454315345, 21.831164264818007], [-104.81700431332995, 21.8327389242683], [-104.81380448244639, 21.835223577799592], [-104.81119600178624, 21.8369621653806], [-104.80858680544894, 21.838534705703577], [-104.80704555789882, 21.83961105529202], [-104.80538475349854, 21.84052117683925], [-104.80026296285706, 21.841267060860226], [-104.79900826415465, 21.84141650427649], [-104.79552243482347, 21.84183163921516], [-104.78981718797985, 21.842153213932985], [-104.78803264228276, 21.841817902324618], [-104.78565587073825, 21.842062477817134], [-104.7828066626548, 21.84313614652906], [-104.7800732007551, 21.843379967339708], [-104.77829175240863, 21.843874575140237], [-104.77246842072276, 21.844444328213847], [-104.77056561044354, 21.84427460067954], [-104.76902462669452, 21.845516596300833], [-104.7668867507127, 21.846093378833935], [-104.76462756058626, 21.846005876664535], [-104.76260914916013, 21.84674884586989], [-104.76142833150317, 21.848987514619356], [-104.76072185435517, 21.85089512729266], [-104.76013455098527, 21.852885979622776], [-104.75895126215765, 21.854460609817515], [-104.75705159926875, 21.85520375065324], [-104.75479315918119, 21.855365119415328], [-104.7520553100636, 21.854446441277634], [-104.74907941460901, 21.853444217984094], [-104.74856458770147, 21.852810015588826], [-104.74752708699481, 21.851531922549324], [-104.74609456301094, 21.849868870425457], [-104.74454347102979, 21.848288556054204], [-104.74239767900593, 21.846623957513657], [-104.73942201420101, 21.845621561208414], [-104.73573960601368, 21.846526615191046], [-104.73170245703086, 21.8480118184376], [-104.72992135220282, 21.848671905876472], [-104.727544377347, 21.84891564177116], [-104.72480599604988, 21.847747506755965], [-104.72277988571409, 21.846248926042982], [-104.72134604650154, 21.84408764782669], [-104.71967558033693, 21.842257826250957], [-104.71788709493698, 21.840676723383297], [-104.7161035628263, 21.84058964215562], [-104.71479529596635, 21.840420634150576], [-104.71395658775577, 21.838426663038646], [-104.71394924997716, 21.836185601250275], [-104.71465844837948, 21.834942209586366], [-104.71536599878843, 21.833200800552177], [-104.71619404670832, 21.831957674531637], [-104.71594974228236, 21.829965072826706], [-104.71582677379354, 21.828719764539834], [-104.71487142386364, 21.827389542296654], [-104.71379749142532, 21.826142042838704], [-104.71165373993803, 21.824892059131166], [-104.71105398237182, 21.823230631713876], [-104.71175826975258, 21.820493206207637], [-104.71234691609651, 21.8187515311272], [-104.71317191950821, 21.816595390089866], [-104.71292795170959, 21.81468578345413], [-104.71304165810933, 21.81310901017832], [-104.71042185610325, 21.811608904352212], [-104.70863922724409, 21.811687751174883], [-104.7064984111787, 21.81126772635762], [-104.70400129663469, 21.810929833738864], [-104.70161828668074, 21.809098141161705], [-104.70042601210325, 21.807933274533408], [-104.69852325276449, 21.807596716504225], [-104.69626445773062, 21.80742528237237], [-104.69495155845952, 21.805679072499977], [-104.69446675340932, 21.802689830958222], [-104.69505370498447, 21.80036719735771], [-104.69528487534255, 21.798292707441842], [-104.69527677727794, 21.79571962678751], [-104.6950330788237, 21.793809991980243], [-104.69288841168574, 21.792061751296938], [-104.69110291145317, 21.79114438015234], [-104.69038313523191, 21.7889845691458], [-104.69037770760423, 21.7872415131698], [-104.68977834749668, 21.785580005534722], [-104.68834791549989, 21.784165461573632], [-104.68763155394332, 21.783084672837425], [-104.68762667265909, 21.781507621360873], [-104.68762256200428, 21.78017957778002], [-104.68559983211345, 21.779344565571172], [-104.68381657358542, 21.77909113850599], [-104.68215393053391, 21.77941900772464], [-104.67930118291119, 21.779162860709658], [-104.6783437279887, 21.77691939720507], [-104.67821911179622, 21.775010035418973], [-104.67809399558746, 21.772934667637873], [-104.67749508591227, 21.771356117791417], [-104.67665904051617, 21.769942970789508], [-104.67653620565456, 21.768614625994562], [-104.67629454995802, 21.767285980446637], [-104.6766475090842, 21.766124842341114], [-104.67735642326335, 21.7647985971754], [-104.67770861355604, 21.763388447744692], [-104.67746645273425, 21.761893797330806], [-104.67663146399263, 21.760812660712375], [-104.67520340383207, 21.760062026287923], [-104.67330283023911, 21.760223201399615], [-104.67080965104378, 21.76088085074334], [-104.66819886084873, 21.76195316998041], [-104.6660623309904, 21.762694668230374], [-104.66451768391724, 21.762690659340507], [-104.66356470007162, 21.761858157415105], [-104.66308432540752, 21.760113859824525], [-104.66260469006382, 21.758618569041687], [-104.6622443637683, 21.75728959290942], [-104.66152857193735, 21.75629169452435], [-104.66057419813114, 21.75496115853959], [-104.65961935983938, 21.75346461138774], [-104.65783143072812, 21.751467848407046], [-104.65746972671863, 21.749640844363803], [-104.65853250955865, 21.74740258776549], [-104.65995529106421, 21.746410303535836], [-104.66125900637839, 21.74533469272913], [-104.66291546951628, 21.743014956942055], [-104.66397787467513, 21.740693658876598], [-104.66503975684842, 21.738206346859123], [-104.66491534274657, 21.73629696876028], [-104.66360273103527, 21.734301498478597], [-104.66181788808714, 21.7333008129672], [-104.6597945172074, 21.73196747237698], [-104.65717746086024, 21.730715542161345], [-104.65444046784637, 21.729048239984447], [-104.6518239849623, 21.72796223213322], [-104.64944370859828, 21.726378803960248], [-104.64789617020539, 21.725212602488682], [-104.64646791111564, 21.724212714344823], [-104.64539509858488, 21.722881768874707], [-104.64527072124812, 21.72088937302544], [-104.64526559563161, 21.719063305155082], [-104.6446688894564, 21.71806565557965], [-104.64217354186404, 21.717726847969004], [-104.63991599932889, 21.717471658352576], [-104.63765777932245, 21.71696742888811], [-104.63622853375261, 21.71555243823989], [-104.63645993825462, 21.71331201224701], [-104.63752368293865, 21.71140589393247], [-104.63930234533046, 21.710331759616615], [-104.64108075083823, 21.70917460254512], [-104.64321707265854, 21.708599419401832], [-104.64416447758485, 21.70760596732191], [-104.64499216513316, 21.706280174370136], [-104.64581960398802, 21.704871373629253], [-104.64533845732585, 21.702712001649928], [-104.64438597561562, 21.701879390051122], [-104.64248359188203, 21.70112718649397], [-104.64070137871184, 21.700873306183354], [-104.6385626398339, 21.70053542333329], [-104.63689646883779, 21.699285790368577], [-104.63606100157381, 21.697789433643692], [-104.63641342018688, 21.696379363797867], [-104.6379557515122, 21.69580260237154], [-104.63949646173589, 21.6946448033073], [-104.64044080367572, 21.692572326728357], [-104.64078970681113, 21.68991719567533], [-104.63971650614161, 21.688337202060392], [-104.63840719189193, 21.687254568262258], [-104.63627094005855, 21.687746691657736], [-104.6342545660902, 21.688654133807198], [-104.63128607242862, 21.688811868388232], [-104.62867407076064, 21.68905355487157], [-104.62712977081466, 21.68888320150298], [-104.62546516393404, 21.688131474858707], [-104.62427361015308, 21.68663405069103], [-104.62391159610148, 21.68447495404395], [-104.62426254946803, 21.682483885756177], [-104.62449385628292, 21.680160466073115], [-104.62425170870961, 21.67841672211697], [-104.62424307944025, 21.67517959045674], [-104.62423843257619, 21.673436519042696], [-104.62423290029, 21.671361433551294], [-104.62339750024815, 21.66978200873477], [-104.62327345957057, 21.667789588547848], [-104.62386119195831, 21.665550180852275], [-104.62385146166089, 21.661898026700605], [-104.62218299571525, 21.659569202463285], [-104.62004140758398, 21.657903032087365], [-104.61885124529977, 21.656820585653097], [-104.61623308090557, 21.654488976021895], [-104.6145684922631, 21.6535711364952], [-104.6127847670452, 21.652486928715266], [-104.61135810591978, 21.65173575383215], [-104.61076275972204, 21.651069995703434], [-104.60957208366028, 21.649738473130125], [-104.60968633285496, 21.64799574553746], [-104.6102729076282, 21.64525836097797], [-104.60919866148467, 21.643014142386914], [-104.607530856966, 21.640768175999067], [-104.60574607529165, 21.639185872448426], [-104.60431810982415, 21.637853613118487], [-104.60229597007367, 21.63627057166681], [-104.6003934195277, 21.63501987389728], [-104.598371362276, 21.633436785418965], [-104.59682110289557, 21.63061004253777], [-104.59598540824923, 21.628698465567613], [-104.59574326827446, 21.626788668383902], [-104.59621315891874, 21.624798005816107], [-104.59715867466464, 21.623140778960806], [-104.59881596821506, 21.621319666170013], [-104.60000008018527, 21.620161152739335], [-104.60059025515041, 21.618834858688807], [-104.60011046347832, 21.616841354913362], [-104.60010672007631, 21.615347286413616], [-104.6007920396679, 21.61191074864022], [-104.5994406006678, 21.608242151257162], [-104.59947730567164, 21.606253799382376], [-104.60066259668832, 21.6061075084917], [-104.6007961058119, 21.605280968198564], [-104.60115077359849, 21.605286787782973], [-104.60210419370361, 21.604888062661335], [-104.60282880165327, 21.604071214641007], [-104.60320484706035, 21.602917156454506], [-104.60394928611991, 21.601023277480873], [-104.60453427679478, 21.60136435749852], [-104.60523291210208, 21.601955916777747], [-104.60605740120732, 21.602135168621203], [-104.60699553779111, 21.602564896528122], [-104.60815640275027, 21.60374412252544], [-104.60931881021284, 21.60484049234683], [-104.61024021882085, 21.606181532365213], [-104.61117078055649, 21.607025478100635], [-104.61253163824117, 21.610196895867993], [-104.61311364272552, 21.610703642602655], [-104.61499007417437, 21.61156301501339], [-104.61592221791363, 21.61232408632306], [-104.61650120322219, 21.612996517848472], [-104.61732576949817, 21.613175714756732], [-104.61792451158024, 21.612771114079344], [-104.61864603481078, 21.612119893760944], [-104.6193629971935, 21.611717215078798], [-104.6200693315532, 21.61189447144171], [-104.62126375272562, 21.61125094429336], [-104.62198677021308, 21.610516860683912], [-104.62243993785992, 21.610210607307604], [-104.62294471795259, 21.60986947092553], [-104.62353888384384, 21.609713394627523], [-104.62448318294747, 21.6098116314258], [-104.62553207908668, 21.61065742120427], [-104.62659007152602, 21.611006113862956], [-104.62730549335554, 21.610686248942425], [-104.62778899719356, 21.61011399391362], [-104.6282709841943, 21.609624585864616], [-104.6297958358954, 21.610312333554827], [-104.63085534807163, 21.61057815070935], [-104.63203762481545, 21.61059733347087], [-104.6328667292259, 21.61052790785937], [-104.63347598843475, 21.609543310380413], [-104.63384727732677, 21.60863772609689], [-104.63400928545998, 21.606237033243904], [-104.63437452442923, 21.60566284174464], [-104.63463964882655, 21.604092549786614], [-104.63500789794251, 21.603352659332227], [-104.63492136724403, 21.601610921674798], [-104.63505015072937, 21.601032896590944], [-104.63552453949707, 21.600957709664822], [-104.63624290916106, 21.60047210755134], [-104.6364974461752, 21.599481752295688], [-104.63639732570299, 21.598485652991275], [-104.6369974625951, 21.59799813260464], [-104.63843867896011, 21.596778365233185], [-104.6392842734502, 21.595797569649662], [-104.63977822365364, 21.5946453356703], [-104.64051009968374, 21.59341407457284], [-104.64054774238339, 21.591342853026816], [-104.64115686770795, 21.590358223314077], [-104.64199337722265, 21.589874505883547], [-104.64282536818585, 21.58963933093397], [-104.64425893512578, 21.588833754876333], [-104.64544254143482, 21.588769991058246], [-104.6466186359618, 21.589120463808815], [-104.64779023169679, 21.58971947535065], [-104.64919525897477, 21.590487987850064], [-104.65071551386296, 21.591424091127173], [-104.65224028555237, 21.59211163350027], [-104.65330720118936, 21.591963061691462], [-104.6546030522671, 21.592232531926665], [-104.6555397760454, 21.592744836948285], [-104.65626103284845, 21.59209344825966], [-104.65651691521896, 21.591020210206583], [-104.65641217262483, 21.59027266760213], [-104.65726508963921, 21.588877531932198], [-104.65763617665152, 21.587971889604617], [-104.65824666848263, 21.586904346015253], [-104.6587913187684, 21.586208672190637], [-104.65933596382818, 21.585512996457904], [-104.65957686404776, 21.585268244937875], [-104.66040431874353, 21.58528152906191], [-104.66230311049969, 21.584897630852343], [-104.66396398574176, 21.584592770535416], [-104.6650323269741, 21.584361273237825], [-104.66667679326069, 21.58496772865603], [-104.66755217478647, 21.58560329403649], [-104.66842756397833, 21.586238854864476], [-104.66971297100368, 21.587088153111722], [-104.67135153571539, 21.588025960417998], [-104.67335070292314, 21.588638019252453], [-104.67500119722571, 21.588912995404353], [-104.67606658288064, 21.588847126558587], [-104.67691633470123, 21.58761758646831], [-104.67740402159208, 21.586796633558478], [-104.67788131251949, 21.58655562583908], [-104.67883292206764, 21.5862393053254], [-104.67931465943273, 21.58574974474698], [-104.67980084326956, 21.585011633965454], [-104.67922612214232, 21.5840908692225], [-104.67947737073642, 21.58326614129581], [-104.6797271331953, 21.58252426247893], [-104.68043933517734, 21.58236986392066], [-104.68114264115565, 21.582712560066614], [-104.68231433128207, 21.583311330314732], [-104.68292017930189, 21.58249224209168], [-104.6835215772983, 21.581921700519725], [-104.68434309449705, 21.582266264191112], [-104.68529466238097, 21.581949906072754], [-104.68578080321234, 21.58121177697024], [-104.68722440687984, 21.57982587795416], [-104.68728848428428, 21.579641269489034], [-104.68747759034184, 21.579096286485466], [-104.68774016865275, 21.57833995483889], [-104.68896941604912, 21.57479832866432], [-104.68980124815404, 21.57456291653848], [-104.69052373964408, 21.57382852513225], [-104.69102016301372, 21.572510430234615], [-104.69140428569489, 21.570859058654467], [-104.69177954257627, 21.569704785320543], [-104.69146038657966, 21.567710761567547], [-104.69100532801687, 21.566709060722133], [-104.69021194430069, 21.564790381245235], [-104.68846419119032, 21.56335378168501], [-104.68683614088786, 21.561836192535612], [-104.68594092222258, 21.55900426473644], [-104.68313701148331, 21.557136445200392], [-104.68163319673432, 21.55528928690574], [-104.68000085961192, 21.55402018123262], [-104.6781455394579, 21.55200164188072], [-104.67860510531135, 21.550487295471896], [-104.68062055434027, 21.549994296881437], [-104.68239103978426, 21.54701053554302], [-104.68333557593365, 21.545518793732445], [-104.68499553100027, 21.54519087090271], [-104.68689301896538, 21.544946518136918], [-104.68807684465781, 21.54411937035805], [-104.68938240910349, 21.54428856406538], [-104.69092369697019, 21.54396029285984], [-104.69246341142293, 21.54313397661806], [-104.6941227959215, 21.542639952007356], [-104.69519002508389, 21.542476508356376], [-104.69531129166636, 21.54330684447019], [-104.69602549951877, 21.544055597462208], [-104.69649953494077, 21.54389072340685], [-104.6970906271547, 21.543228100655394], [-104.69780114580132, 21.542814774130537], [-104.69839513710613, 21.54306520325593], [-104.69887075524018, 21.54339835328385], [-104.69887234375788, 21.543896384161282], [-104.69875582076757, 21.544560143044382], [-104.69934955579937, 21.544727563681676], [-104.69994302686332, 21.544811977077938], [-104.69994461899095, 21.545310007903534], [-104.70041918547498, 21.545311133005605], [-104.70101186169316, 21.54514652720164], [-104.70148642769409, 21.545147649260656], [-104.70172477616663, 21.5454802303596], [-104.70160826476129, 21.546143991245476], [-104.70160959623223, 21.546559016910965], [-104.70244089513008, 21.5468099921454], [-104.70315328668892, 21.546977678991446], [-104.70351081994778, 21.547476546945983], [-104.70386755292691, 21.54772639874402], [-104.70457861078388, 21.5474790538744], [-104.70481455709069, 21.547064584342294], [-104.70564452164949, 21.54690051795343], [-104.70588315120467, 21.547316098325712], [-104.70588530095229, 21.5479801394556], [-104.70600636385812, 21.548727462869394], [-104.70636202827271, 21.5486452888467], [-104.7069544423304, 21.54839765692649], [-104.70695605826296, 21.54889568774558], [-104.70695875145961, 21.549725739044913], [-104.70660416118238, 21.55013993479029], [-104.70696090599486, 21.550389780025114], [-104.70779088723869, 21.550225703205573], [-104.70874005290338, 21.55022790776395], [-104.70945301014815, 21.550561578161634], [-104.71004542692343, 21.55031393534494], [-104.71028082007658, 21.549733447812713], [-104.71110862060212, 21.54890531316663], [-104.7130042077944, 21.54807962724982], [-104.71501841711621, 21.547254190244963], [-104.71584535364227, 21.546177015774628], [-104.72164995140045, 21.543533983562646], [-104.72236068145547, 21.543203556927764], [-104.72319227688723, 21.543537434270146], [-104.72390635139973, 21.54420306419156], [-104.72450095293196, 21.54461941137524], [-104.72521196172451, 21.54437197788449], [-104.72734132153293, 21.54255059032301], [-104.72840767087138, 21.54213791779666], [-104.72923955648415, 21.542554770411694], [-104.73007314186592, 21.543469650678276], [-104.73090419097393, 21.543637479168336], [-104.73149626073277, 21.54330675394553], [-104.73161688467499, 21.54388804997145], [-104.73162255207184, 21.545548155711163], [-104.73198358275727, 21.54704302697398], [-104.73269913461112, 21.54812364587171], [-104.73365255630111, 21.54937078733209], [-104.73424834628675, 21.55011912100053], [-104.73425147950323, 21.55103217863823], [-104.73472948732913, 21.55202926909391], [-104.73544222860188, 21.552279823785838], [-104.73567866700354, 21.552031320425016], [-104.73710558766089, 21.552947444847383], [-104.74209720351345, 21.555365235190205], [-104.7438624423704, 21.551218736189963], [-104.7437400224066, 21.550139417299526], [-104.74682102311458, 21.54906682837146], [-104.74741337195485, 21.54881905202171], [-104.74764773720165, 21.547989494112898], [-104.74859630559769, 21.547825461000272], [-104.74930787724129, 21.547743935272766], [-104.75037214602422, 21.54675008493484], [-104.75072542792033, 21.54600377318267], [-104.75084289344467, 21.545671997056445], [-104.75309503104995, 21.545095603788436], [-104.75569059889602, 21.541033678953035], [-104.75770417688685, 21.54012471668245], [-104.75889474148248, 21.54128919182717], [-104.76210009879298, 21.541876664978368], [-104.76399772678816, 21.54171443851609], [-104.76601611061037, 21.542133461986236], [-104.76850845781932, 21.542387382494017], [-104.77052686443024, 21.542806352553185], [-104.77159554546024, 21.543057446417524], [-104.77171724772724, 21.543887731307745], [-104.77195667426538, 21.54446922997876], [-104.77219640913451, 21.545133733715396], [-104.77149373704275, 21.54762251448324], [-104.77161697277583, 21.54886782600119], [-104.77256613466473, 21.548869667153735], [-104.77470790626813, 21.55053389789773], [-104.77518526582288, 21.551281858861884], [-104.77554614066494, 21.552610628369948], [-104.77590702196756, 21.553939396942262], [-104.77650459296936, 21.555102608151756], [-104.77721896915267, 21.555768011686183], [-104.77805014488507, 21.555935606113714], [-104.77829023577839, 21.556683105917], [-104.77959944187245, 21.557764653834298], [-104.78054803988755, 21.557600439372166], [-104.78767884894137, 21.560684936145513], [-104.78863282486692, 21.56193176630923], [-104.79599781703683, 21.56410328694274], [-104.7973630034474, 21.57008624725577], [-104.80418715710091, 21.564615830797752], [-104.81367256522458, 21.56280603554106], [-104.81388857168598, 21.562635874533605], [-104.81529048870354, 21.56152288735314], [-104.81556511659919, 21.5613151362093], [-104.817110960295, 21.562147773607602], [-104.81806120892568, 21.562398372551915], [-104.81960541167145, 21.562815959985972], [-104.82150659861655, 21.56348313486097], [-104.82282289247952, 21.566224452520505], [-104.82779849023268, 21.564240403157783], [-104.82898168497503, 21.56341225097307], [-104.8306401729535, 21.562750855929245], [-104.8320650781011, 21.563002128759575], [-104.83313435710218, 21.563335834851458], [-104.83431888140436, 21.56283966423626], [-104.83586347912656, 21.563340106740657], [-104.83705005406898, 21.563341950950427], [-104.83824178862112, 21.56458886867667], [-104.84904847059175, 21.56668032120461], [-104.85510049999402, 21.566772168431594], [-104.87192277846407, 21.56130596567006], [-104.87186160554573, 21.560289871100995], [-104.87179930999228, 21.559407972548566], [-104.87202899162062, 21.557665176776066], [-104.87216467209103, 21.55705233269491], [-104.87237804612458, 21.55608854889681], [-104.87225212757916, 21.55442827957665], [-104.87165234139214, 21.552933384331066], [-104.87093682011685, 21.552102371392273], [-104.86997689332813, 21.55167154737271], [-104.88397439324223, 21.544135394087785], [-104.88901357364063, 21.541421854984954], [-104.89170638678904, 21.540180949062865], [-104.89149662783659, 21.538882506527845], [-104.89150707478848, 21.53835425655408], [-104.89182653894954, 21.537652663870492], [-104.8923383979549, 21.53737103993242], [-104.89244088112363, 21.537351540222122], [-104.89269798931888, 21.537302617244237], [-104.89274653220055, 21.537293380503776], [-104.8927121374698, 21.537211027626245], [-104.8926409234672, 21.537040516705908], [-104.89269332568753, 21.53679891762807], [-104.89299017008713, 21.53542958573878], [-104.89304329438559, 21.535280969706285], [-104.89313316071323, 21.535059049921617], [-104.89334290623016, 21.53467842725205], [-104.89319747501166, 21.534135824330885], [-104.89317396855913, 21.534077783678544], [-104.89283425878924, 21.533238990419513], [-104.89267752803511, 21.53311230118481], [-104.8922613120927, 21.53277586661542], [-104.8915417123906, 21.532448527914017], [-104.891226883975, 21.532345433287503], [-104.89100493683317, 21.532151659565894], [-104.89085366620347, 21.53194376159162], [-104.8908337337627, 21.531598997248523], [-104.89084909510126, 21.53130620003779], [-104.89072807519304, 21.53114555051567], [-104.89060190902045, 21.531117134489467], [-104.889909921708, 21.531229914082385], [-104.88961577069159, 21.531187452704607], [-104.88912820197166, 21.530903640002744], [-104.88904250231454, 21.53076190300413], [-104.88905280890751, 21.53048327313068], [-104.88912968059579, 21.530285298839203], [-104.88916460425251, 21.5301953567412], [-104.88926545430046, 21.529623890858034], [-104.88964125706177, 21.529119449566643], [-104.88987175978643, 21.528811995399394], [-104.88992237271444, 21.52862784514874], [-104.8898584844366, 21.527983672165373], [-104.88985525492112, 21.527621541296856], [-104.88985769992358, 21.527376298115442], [-104.89022391391951, 21.527169051103424], [-104.8905141263612, 21.52701781259707], [-104.89057468044746, 21.527036742947413], [-104.89168930183024, 21.52817563022461], [-104.89191567503669, 21.527750164575828], [-104.892116223634, 21.527338979901824], [-104.89220191193985, 21.527163292427954], [-104.89254862643546, 21.52645241587589], [-104.89255262148454, 21.526391444802115], [-104.8925574033103, 21.52631846624259], [-104.89260381503095, 21.526214296226943], [-104.8927964378356, 21.525781956405186], [-104.8936598162058, 21.524655695877374], [-104.8936741543728, 21.524557564801402], [-104.89371833782413, 21.52425517191068], [-104.8937415109927, 21.524096572710867], [-104.89371670409962, 21.523506224323196], [-104.89380469899932, 21.523360194540693], [-104.8940299201707, 21.523109719952483], [-104.8940705649408, 21.522741378173496], [-104.89418158178938, 21.52250040835768], [-104.89427394479453, 21.522299927339805], [-104.8944179015723, 21.52198745684902], [-104.89443985355526, 21.5215751146809], [-104.89422662089193, 21.521189905791342], [-104.89413873600618, 21.521133328904874], [-104.89409943166156, 21.521108026339036], [-104.89404856254791, 21.5210945876587], [-104.89392355610077, 21.5210615631878], [-104.8938716156262, 21.521227022259374], [-104.8937728774169, 21.52120096975379], [-104.89290582883162, 21.521343386337534], [-104.89227172437262, 21.521350852495264], [-104.89198383144048, 21.52128959660463], [-104.89181295187063, 21.52116507885266], [-104.89153108660886, 21.52094532396915], [-104.89141705381222, 21.52078469372476], [-104.89106328230106, 21.520316063439573], [-104.8911447706021, 21.52017202421513], [-104.89116114174504, 21.520143086442165], [-104.89118498270895, 21.520100944925833], [-104.89117424523467, 21.52003972631415], [-104.89113441677033, 21.51981264794605], [-104.8913288770806, 21.519165489603115], [-104.89131253922031, 21.518980365955798], [-104.89123692094466, 21.518862250124627], [-104.89103102480304, 21.51861449698465], [-104.89039628975561, 21.518293146840662], [-104.89036700098094, 21.518087751572278], [-104.89034557320645, 21.517937483278523], [-104.8904429729629, 21.517608542907194], [-104.89045011682799, 21.517584492440342], [-104.890517466991, 21.517356959156835], [-104.89054073002956, 21.517278394248923], [-104.89042204517531, 21.516609312730928], [-104.89002643347281, 21.51633284276435], [-104.8899285635886, 21.516272147097393], [-104.88994340450438, 21.516217737107894], [-104.89009815650724, 21.51576795474908], [-104.89017388597794, 21.51560548376908], [-104.89034427281614, 21.51520348928309], [-104.89093237147286, 21.513847962159453], [-104.89120835770446, 21.513107847519155], [-104.8915106324751, 21.51229722453522], [-104.89169408589129, 21.511651980458097], [-104.89174955250846, 21.511456891570614], [-104.89198926960334, 21.51086735680685], [-104.89230372009234, 21.51009402354053], [-104.89260900799835, 21.50934321476313], [-104.89290905347596, 21.508605290940068], [-104.89366687044584, 21.508905119393688], [-104.89467766789618, 21.509305031692207], [-104.89540402593438, 21.509592403138384], [-104.89639744349564, 21.509989148161484], [-104.89690983697302, 21.510193781577048], [-104.89701324272998, 21.510230067868434], [-104.8973017478929, 21.510306700397436], [-104.8975748795559, 21.510404488185873], [-104.89802258401357, 21.51060673039871], [-104.89897638574648, 21.51099464003263], [-104.89950713837403, 21.509969431965445], [-104.9000395003657, 21.508942135323988]]]}}, {"type": "Feature", "properties": {"id": 6, "entidad": 18, "distrito_l": 6}, "geometry": {"type": "Polygon", "coordinates": [[[-104.86186350778908, 21.46526738550067], [-104.8593707618812, 21.46204152964886], [-104.86396270087187, 21.46008958632717], [-104.86396553390277, 21.459482930522835], [-104.86439574583217, 21.45948146642655], [-104.864281792501, 21.459162790617338], [-104.86628305475978, 21.4585702317235], [-104.8679636660794, 21.463443596433926], [-104.86798097816356, 21.463558121504256], [-104.86800716822144, 21.463630234792948], [-104.86894454839513, 21.466297839521232], [-104.86923611827999, 21.467127569405758], [-104.86930775579214, 21.467261506437474], [-104.86954300908819, 21.46805257488986], [-104.86968021049, 21.46847017329138], [-104.87015787791297, 21.469924024956867], [-104.87025268145314, 21.470212570005486], [-104.87122250488159, 21.472950549366885], [-104.8713704331809, 21.473368167522793], [-104.87201388463228, 21.47522649036706], [-104.87269559871494, 21.47719509125854], [-104.87271410086956, 21.477248519565144], [-104.8727234688571, 21.477275571302187], [-104.87273507280773, 21.477309262195615], [-104.87276936408422, 21.47740693681038], [-104.87278134181531, 21.477440961336306], [-104.87283083101505, 21.477581542589153], [-104.87359045403952, 21.479739326318143], [-104.87403061263466, 21.480989609321252], [-104.87420530687076, 21.481484775029436], [-104.87433582438672, 21.481852347983974], [-104.87436269424506, 21.481932881681317], [-104.87453147811603, 21.482412304395517], [-104.87464854288245, 21.482744819592337], [-104.87467526157135, 21.48282071214521], [-104.87484940663691, 21.483315356899375], [-104.87491180179472, 21.48348852438146], [-104.87495203380804, 21.483600181477243], [-104.87501651896577, 21.483790022430018], [-104.87517227532298, 21.484232429559686], [-104.875239361303, 21.484422978506903], [-104.87605032929355, 21.486726383316814], [-104.87621420358329, 21.487191640372032], [-104.87623028583376, 21.487237299474277], [-104.87666331730522, 21.488466707429534], [-104.87673175842238, 21.488661134351712], [-104.87676026254947, 21.488742108619604], [-104.87696020717478, 21.489310632062278], [-104.87726553984321, 21.490177821405346], [-104.87750310389643, 21.49085253020564], [-104.8775267596835, 21.49095590596864], [-104.87759554349005, 21.491117780527095], [-104.87933798844254, 21.49606358900836], [-104.88014343762171, 21.498693984568945], [-104.88049767440218, 21.498986433870027], [-104.88122663626957, 21.50120803448191], [-104.88148663278459, 21.502000388626385], [-104.88184053208437, 21.50307890239673], [-104.8822787829729, 21.504414455718898], [-104.88243309274132, 21.50504959966785], [-104.88277890757824, 21.506474240103408], [-104.88291863372521, 21.507049856878854], [-104.88317250291476, 21.50818007186328], [-104.88333030836083, 21.508882606233787], [-104.8832016194982, 21.50970277121494], [-104.88283916851405, 21.51065142332], [-104.88248157381938, 21.510965169368294], [-104.88175478486008, 21.51160283211739], [-104.88139112708386, 21.5118153765252], [-104.88127708998617, 21.511610668345696], [-104.88113712190352, 21.511359410520683], [-104.88070789687525, 21.51081576580964], [-104.87877513103763, 21.509928728743578], [-104.8772759727098, 21.509337486657916], [-104.87678438132062, 21.508976426229058], [-104.87648278763646, 21.508584998402885], [-104.87614297373518, 21.50747756905234], [-104.87589568646875, 21.506711182602764], [-104.8757520993638, 21.50626617696094], [-104.87527534562454, 21.50464688484265], [-104.87467381006364, 21.502603717928412], [-104.87444738580965, 21.50184262839414], [-104.87439579987857, 21.501669228599738], [-104.87435999810792, 21.501548884806166], [-104.87422071991645, 21.501080718398672], [-104.8740036654759, 21.500351108422535], [-104.87339289719175, 21.49810239586062], [-104.87329903814415, 21.497866631959003], [-104.87328120988846, 21.497821849282907], [-104.87326018360035, 21.4977690332574], [-104.87316762955702, 21.497536546258928], [-104.87290488896139, 21.497296702765272], [-104.87279817232131, 21.497222958306452], [-104.87249400085845, 21.497012765838818], [-104.87162255485072, 21.496590318148407], [-104.86874235300019, 21.495232850820226], [-104.86604746100015, 21.493947433819756], [-104.86299041292656, 21.49261527614837], [-104.8619876710002, 21.492178297819216], [-104.86087879121236, 21.491708132433374], [-104.85861436200017, 21.49052452881873], [-104.85627739859062, 21.489402444548514], [-104.85577447404577, 21.489160960633274], [-104.85594875768828, 21.488878873827257], [-104.85637422527284, 21.489058786197578], [-104.85643983539406, 21.488947621260152], [-104.85602314086485, 21.48874523151294], [-104.855746201613, 21.488616849967027], [-104.85296444712279, 21.487317359534305], [-104.85275129268466, 21.48716839537083], [-104.85246971961642, 21.486912924256618], [-104.85225421606654, 21.48659191090301], [-104.85209590398493, 21.486211536215766], [-104.85189712447226, 21.48475113076236], [-104.85142135221706, 21.4847991777378], [-104.8511862016392, 21.483195378177435], [-104.85111160172926, 21.48269443208051], [-104.85095312049668, 21.480938353119644], [-104.85091877175195, 21.48068754404956], [-104.85062559896983, 21.478546808338812], [-104.85060130611693, 21.47834037303168], [-104.85057886761433, 21.478149695074265], [-104.85057009749964, 21.47750554999509], [-104.85024224675563, 21.475449307182867], [-104.8504220821855, 21.47474356298699], [-104.85065819000415, 21.47432022918886], [-104.85101742156616, 21.473332282232626], [-104.85115008917764, 21.47265296646473], [-104.85138619148604, 21.472229633208656], [-104.85161776310629, 21.47163617616844], [-104.84949085047526, 21.470908144410345], [-104.84684778862837, 21.469936723755307], [-104.84455842015213, 21.469128723077983], [-104.84311414552123, 21.468631025019512], [-104.84261212807216, 21.468458025739896], [-104.84199550334257, 21.46823311459746], [-104.8414504893285, 21.468034320679624], [-104.84091368926677, 21.46786719963281], [-104.84147119899485, 21.466834796691344], [-104.83637376152726, 21.463823481792097], [-104.83746327134465, 21.461891118249508], [-104.83618974172744, 21.461100322427882], [-104.83846468196724, 21.46021047536911], [-104.83939361766953, 21.461037434565185], [-104.84205152251604, 21.462736471460016], [-104.84616838458913, 21.46175921212185], [-104.85097602870762, 21.466239572625508], [-104.8513459440515, 21.46687900873789], [-104.85150799240812, 21.46767340895137], [-104.85543294587283, 21.46676156149199], [-104.85943007082996, 21.46583284053242], [-104.86186350778908, 21.46526738550067]]]}}, {"type": "Feature", "properties": {"id": 2, "entidad": 18, "distrito_l": 2}, "geometry": {"type": "Polygon", "coordinates": [[[-105.496223104535, 21.79837847018074], [-105.49743507672903, 21.79742023038877], [-105.49803457005069, 21.797829895372686], [-105.49886098926042, 21.797656178385672], [-105.49980444344202, 21.797398334582283], [-105.50039678489208, 21.797392855323512], [-105.50134882764787, 21.797633165353005], [-105.50218240483447, 21.797874567222912], [-105.50312872055629, 21.797782758644125], [-105.50454460652591, 21.797437468096884], [-105.50549378677009, 21.797511700077767], [-105.50609043284943, 21.797755281391122], [-105.50692545359767, 21.798079686138394], [-105.50774899072813, 21.79773987094755], [-105.50868811912687, 21.797232895858414], [-105.50938886897548, 21.796645093764198], [-105.50936444340518, 21.795233635722322], [-105.50863928203913, 21.79440997925231], [-105.50850932632366, 21.793746865298072], [-105.50896451211989, 21.7926631065945], [-105.50930410124695, 21.791746503003907], [-105.51981864393174, 21.783178211079388], [-105.52114908385609, 21.784743508385606], [-105.52237553483398, 21.787140173561692], [-105.52336077062542, 21.789289972917768], [-105.52397475186856, 21.79052981057022], [-105.52493979611647, 21.79151722519027], [-105.5277150957899, 21.794397521994856], [-105.53004995797724, 21.799191848419746], [-105.53244979196414, 21.800913039566645], [-105.53295123313964, 21.80248606426574], [-105.53536858023979, 21.805203526713584], [-105.53575159396131, 21.80677766239448], [-105.53613171143786, 21.808185744163712], [-105.5369741223303, 21.808925125359004], [-105.5375723201079, 21.809251616859488], [-105.53806803333465, 21.810492517841702], [-105.53832098163589, 21.811403559344576], [-105.54013308201343, 21.81337932516064], [-105.54330680764845, 21.818663718383892], [-105.54474320144121, 21.819480445930235], [-105.5458226949107, 21.820217522046185], [-105.54751944137125, 21.822360381104698], [-105.54825372468238, 21.823682011955693], [-105.54827562280084, 21.824927399881723], [-105.54865299394048, 21.826169394545012], [-105.5504712691529, 21.8284771397288], [-105.55120268842579, 21.829632703763124], [-105.55158009798977, 21.83087469024164], [-105.55266410006448, 21.831860795191876], [-105.55339262849596, 21.832850296972186], [-105.55376567611518, 21.833843200442267], [-105.55449129494085, 21.834666645502423], [-105.5552169221124, 21.83549008711451], [-105.55571434649177, 21.836813951702347], [-105.55608595624503, 21.837723823333274], [-105.55681014308072, 21.83846423157215], [-105.56264209229062, 21.846546033859152], [-105.56395301883352, 21.846948598208616], [-105.56491871934887, 21.84793575881224], [-105.56529188761643, 21.848928631881495], [-105.56833410692951, 21.853383376833698], [-105.57004337231169, 21.856190180952606], [-105.57662633542499, 21.86642320242891], [-105.57819226664787, 21.867819641284814], [-105.57868854175696, 21.86906039965184], [-105.58159828028523, 21.87268577734906], [-105.58733379506054, 21.881847086266546], [-105.58844069799983, 21.884078302307454], [-105.59000990931814, 21.885640667755535], [-105.59134802007047, 21.88753744035524], [-105.59401839702201, 21.890998852470805], [-105.59621769899013, 21.89463093204343], [-105.59830601812183, 21.898679266416107], [-105.60612642556275, 21.91155604147714], [-105.60793475244023, 21.913198895088463], [-105.61223430029696, 21.921460057957656], [-105.61296070404867, 21.922283219403706], [-105.61443154422481, 21.924925812615122], [-105.61614709368779, 21.927981144299977], [-105.61725030819882, 21.929963065851826], [-105.618691243261, 21.930945150058157], [-105.61956638531174, 21.93342755998342], [-105.61982610032669, 21.934670539234826], [-105.62151930969758, 21.936480459020498], [-105.62396322046976, 21.940441836131466], [-105.62616406394626, 21.94407345845453], [-105.62971933481695, 21.950431696072958], [-105.6321909294552, 21.955887341696315], [-105.63351363303096, 21.956870477892732], [-105.63389665277785, 21.95836130062481], [-105.63622269100577, 21.96232366284014], [-105.63806080453205, 21.96554357837487], [-105.64128864618715, 21.97339951959297], [-105.64179496044406, 21.975138184015083], [-105.64229521484583, 21.976544757332913], [-105.64513577493331, 21.98266074060439], [-105.64625959814965, 21.985721721180838], [-105.64725572023369, 21.988285765103413], [-105.64774542581965, 21.989111163380862], [-105.64826557757203, 21.991596998684948], [-105.65039949881455, 21.99796916673884], [-105.65166353654784, 22.002191195723725], [-105.65218381033606, 22.004677011826544], [-105.65269495316545, 22.006664695100454], [-105.65345711883782, 22.00939715061228], [-105.65436390182082, 22.013539756804636], [-105.65512919318367, 22.016438243608988], [-105.65530127810791, 22.01934278426898], [-105.65595408212832, 22.022574561327705], [-105.65704998079515, 22.030534911823395], [-105.65738358791876, 22.035762826264488], [-105.65786647068997, 22.042649945874665], [-105.65799033229426, 22.04937465791805], [-105.65800777209043, 22.056764746674006], [-105.65748166292865, 22.060423742123447], [-105.65663158107064, 22.065829816144916], [-105.65526951159046, 22.08211889626633], [-105.65456851025056, 22.089184152925768], [-105.65448189915534, 22.090928801408626], [-105.653940315737, 22.093757568330265], [-105.65330796605879, 22.104558741994794], [-105.65250181245032, 22.112372372780957], [-105.65213842712713, 22.11843771861403], [-105.651819322497, 22.12691065313764], [-105.65202209721599, 22.131475564662416], [-105.65231153998646, 22.13429583402478], [-105.65153075113027, 22.137043986293644], [-105.65147923222807, 22.140698091943644], [-105.65201994682825, 22.144263117931075], [-105.65207344197924, 22.147168826416568], [-105.65219162999495, 22.16003816304021], [-105.65226043402369, 22.163774066196446], [-105.65297565205267, 22.176803351125994], [-105.65344216134471, 22.182777141040454], [-105.65325049721771, 22.185270162554627], [-105.65318526758229, 22.18817706867503], [-105.65322352499254, 22.190252562757674], [-105.65408873991653, 22.19207049943817], [-105.65450789492152, 22.1954706634111], [-105.65397974967053, 22.199046580934933], [-105.6542510324388, 22.200870583932346], [-105.6554259359447, 22.206587999196284], [-105.65583138434064, 22.209240976471435], [-105.65540058967298, 22.21165340450696], [-105.65603907894369, 22.2140548894659], [-105.65656950936474, 22.21703872306174], [-105.6566262338137, 22.220110440032148], [-105.65726631972305, 22.222594935583047], [-105.65742654784665, 22.22483523958093], [-105.65819623342313, 22.227899646488225], [-105.65896441940097, 22.23088102859796], [-105.6586570539285, 22.23354129800025], [-105.65918608928477, 22.23644209369085], [-105.65912866370415, 22.23976407711718], [-105.6598861912003, 22.24216431508596], [-105.6606729337075, 22.246141909232104], [-105.66071287725158, 22.248300402761252], [-105.66122665165264, 22.250370994823044], [-105.66265845017931, 22.257082090772265], [-105.66244689571262, 22.258495854383412], [-105.66416425754997, 22.267778063158335], [-105.66472280157751, 22.27225617688268], [-105.6632106812538, 22.292375035650668], [-105.66454953903066, 22.301104834004402], [-105.66653610137277, 22.307749589398114], [-105.66755349515117, 22.313759008006897], [-105.66868702854944, 22.31968256785885], [-105.67068947328526, 22.32682301930761], [-105.67297817445038, 22.3355269397653], [-105.67498622492603, 22.34283257044134], [-105.67685786084981, 22.349562989036123], [-105.67887405200537, 22.357116433876147], [-105.68139853056074, 22.365731099247643], [-105.68489835056542, 22.375146151658218], [-105.68747775357113, 22.38169176088507], [-105.68865920092854, 22.38529828943809], [-105.69058110790392, 22.389794305431394], [-105.6933932479612, 22.396168070962723], [-105.6957257650681, 22.40238947574416], [-105.69828035089168, 22.408108593354047], [-105.70009973385373, 22.41310347058651], [-105.70294905011198, 22.42063380543768], [-105.70387313907463, 22.423585660502166], [-105.70467079839946, 22.42629287345578], [-105.70580645735453, 22.428411955252262], [-105.70828158549516, 22.431569448699282], [-105.70985386307032, 22.43624017500604], [-105.71269382728512, 22.44343978527924], [-105.71522912272427, 22.448497558844792], [-105.71802024449167, 22.454127155415627], [-105.71881836870926, 22.45683427661574], [-105.72069026908, 22.45967732600521], [-105.72183426039051, 22.46204415045656], [-105.72605441369917, 22.47152113684346], [-105.72802455777044, 22.473699820323667], [-105.72882299857878, 22.476406877409197], [-105.72995684364693, 22.478443130424232], [-105.73094850786742, 22.479739011955456], [-105.73309238495277, 22.48364949112218], [-105.73498322196902, 22.487070724188378], [-105.73658702967332, 22.48892859582366], [-105.73710643504619, 22.490320139804602], [-105.7394347453536, 22.496292873442332], [-105.7404423130067, 22.49808443716765], [-105.741325917451, 22.499714017965722], [-105.74149958895102, 22.501445864529288], [-105.7437916567418, 22.50626177129528], [-105.74703142547074, 22.510968788674372], [-105.75063035731185, 22.515748513255843], [-105.75410289282159, 22.52028355921204], [-105.75659128952739, 22.523770698706855], [-105.75769443809358, 22.52481523490108], [-105.75774169556331, 22.526302466858237], [-105.75851582963749, 22.527797348895724], [-105.75915613209757, 22.52903376879369], [-105.76040162305567, 22.53143873047579], [-105.76148636356494, 22.53965041093684], [-105.76044687088144, 22.54674025201975], [-105.759017570918, 22.547126240778347], [-105.75770883257982, 22.547897895526475], [-105.75699457584811, 22.548206591393807], [-105.7560418683072, 22.548515328552917], [-105.75461118487593, 22.548515583388987], [-105.75306154140212, 22.548592985500875], [-105.75127157630035, 22.5481304238283], [-105.74972033188418, 22.5477449465703], [-105.74852570488216, 22.547050839967852], [-105.74768717305052, 22.54589382875166], [-105.74684997485652, 22.545122516839644], [-105.74658746808457, 22.544851741756712], [-105.74565354327416, 22.54388838827215], [-105.74481479615041, 22.542654209477234], [-105.74409554732502, 22.54149715310273], [-105.74409214886232, 22.540494309248697], [-105.74480536898123, 22.53987710700985], [-105.74468327407847, 22.539028559145383], [-105.74408457527748, 22.5382571958577], [-105.74324719030618, 22.537408706580393], [-105.74324555182858, 22.536482923594757], [-105.74276530963077, 22.53548011502671], [-105.74216612104411, 22.534554453853513], [-105.74204457387872, 22.533860182982146], [-105.74180252131974, 22.532780208728038], [-105.7409662216459, 22.532240264990822], [-105.74072624763316, 22.53177742493062], [-105.7398886704593, 22.53085176076527], [-105.73928927026076, 22.52984893645639], [-105.73809613436093, 22.529540414054352], [-105.73614795332264, 22.5239214428694], [-105.73444188770746, 22.518841218139915], [-105.73323192541802, 22.514408895372135], [-105.73177667747662, 22.509735218587767], [-105.73070913072297, 22.506043225934846], [-105.7285571335628, 22.501884857664884], [-105.72591720404296, 22.497326379770662], [-105.72401341845962, 22.49349191532071], [-105.72175088028088, 22.48958457682994], [-105.72011343655602, 22.486652419646184], [-105.7167156453983, 22.48443009191826], [-105.71330757187879, 22.48187718558178], [-105.71144848872756, 22.47944719200794], [-105.70911190733875, 22.476947548463087], [-105.70583585947203, 22.474804354421657], [-105.70093123388611, 22.473780653470126], [-105.69829048439483, 22.47294310326171], [-105.6944804798131, 22.472716288611974], [-105.69233800269944, 22.47260932233486], [-105.69005612238576, 22.47184454950942], [-105.6878052494602, 22.472071265244967], [-105.68473351366333, 22.47265108176464], [-105.68204375730525, 22.474047420894355], [-105.68077111879117, 22.47515709449023], [-105.67871364031873, 22.477776638599938], [-105.6772523939194, 22.48046265346931], [-105.67637453470776, 22.4828020193149], [-105.67600513027156, 22.48620262987754], [-105.67559708017443, 22.48836383384261], [-105.67632221106157, 22.492561680260376], [-105.67689513607088, 22.495688597461672], [-105.67743716776943, 22.49782398883683], [-105.67838963154377, 22.501684857163244], [-105.67991020597238, 22.504703306337625], [-105.68115977790711, 22.506654052320464], [-105.68231125506814, 22.5092690305836], [-105.68313742466881, 22.512885211353066], [-105.68515399199583, 22.516551685946496], [-105.68769487697016, 22.52177509118819], [-105.68908934553683, 22.524548792080065], [-105.69056919581455, 22.530049139941084], [-105.69093606883165, 22.534173967982586], [-105.69210607884601, 22.537367238901275], [-105.69348527340547, 22.539645134748184], [-105.69407948625317, 22.541255240387077], [-105.69478454493861, 22.543165645000677], [-105.69645842003733, 22.54725479613438], [-105.69846549520831, 22.550590564397012], [-105.70117255402911, 22.553493704196274], [-105.70128093249645, 22.557542884314113], [-105.70098212711018, 22.56065047291714], [-105.69862039936032, 22.563327782099414], [-105.6980258468802, 22.564330690453527], [-105.6970763883258, 22.56579635617362], [-105.69517598887563, 22.56826479421098], [-105.69267734924455, 22.570115930905338], [-105.6901769861872, 22.5714270004299], [-105.68755754359536, 22.572815167012234], [-105.68588403498697, 22.5741190829073], [-105.68545189962819, 22.57436797320012], [-105.68413130371596, 22.575128563698225], [-105.68285849254049, 22.573281384555397], [-105.68238275303875, 22.57259094743827], [-105.6813905955871, 22.571151009381584], [-105.67553797251959, 22.558905633898632], [-105.67398852092454, 22.55497828626864], [-105.6730383471784, 22.55120004966162], [-105.67321702062452, 22.545489151715156], [-105.67291276971825, 22.539543268882632], [-105.67145924675833, 22.53486901663601], [-105.66847442593398, 22.530649760142243], [-105.66500693195566, 22.52619543511618], [-105.66242508169657, 22.523453683110056], [-105.65897592964009, 22.519577605002286], [-105.65658492168777, 22.51914609950867], [-105.6538504041136, 22.519137325055265], [-105.65197297420507, 22.519932319990627], [-105.6503228409372, 22.520390369136386], [-105.64877355514429, 22.52026680313222], [-105.64734305347818, 22.52014001698932], [-105.64581168343739, 22.520594815044646], [-105.64463920908574, 22.521122617027242], [-105.6439444161722, 22.521720228021984], [-105.64351531675831, 22.52322033501554], [-105.64343233618393, 22.524380323623976], [-105.64249483596427, 22.524819078106177], [-105.64142576184898, 22.524847890081656], [-105.64046013897935, 22.524377728784163], [-105.64008844907204, 22.5238915629492], [-105.6404115816074, 22.522807802920962], [-105.64060570315864, 22.521396731765225], [-105.6404511419629, 22.52024314410941], [-105.64017524706483, 22.519010128296234], [-105.63965413222638, 22.51753562759101], [-105.6386706859278, 22.516487059311505], [-105.63671660364034, 22.51480304270979], [-105.63501032950968, 22.51344312097236], [-105.633660415082, 22.51207359565838], [-105.63184053001875, 22.51088208939324], [-105.63039229188398, 22.510176753287276], [-105.62873200349341, 22.510304068152674], [-105.62649821518438, 22.51110834106402], [-105.6241558069323, 22.512246284613393], [-105.61520317324324, 22.503307000306837], [-105.61423016832444, 22.502588789098546], [-105.61245118281714, 22.502719114990725], [-105.61112189240275, 22.5020104215937], [-105.61000478176383, 22.500469074242147], [-105.60890291266219, 22.499423491465876], [-105.60756353036996, 22.498384251783524], [-105.60494563352225, 22.49828883318035], [-105.60282052608817, 22.49875908809555], [-105.6012993593384, 22.499543978313486], [-105.60048065173937, 22.499979317851665], [-105.59966953091693, 22.50066254065339], [-105.59874722474953, 22.501596815948982], [-105.59757219167788, 22.50204164779412], [-105.59601050178229, 22.501504422391317], [-105.59397880761063, 22.501145102850394], [-105.59267488779918, 22.501262547602238], [-105.59137854282719, 22.501627869861885], [-105.58983455394434, 22.50166898946416], [-105.58902164673914, 22.501307102259506], [-105.58790649737942, 22.500810654089925], [-105.58644596421541, 22.499691767428935], [-105.58464680823495, 22.499160749932546], [-105.58425520832431, 22.498013411384644], [-105.58350984228085, 22.496958174783472], [-105.5818093372441, 22.495762929559078], [-105.57893130584819, 22.494929732150048], [-105.57652835783584, 22.494083873059193], [-105.57339023355593, 22.492513210977975], [-105.57157362144017, 22.49140363424063], [-105.570452004253, 22.48969673941248], [-105.56516636530614, 22.4878520414167], [-105.56392378687279, 22.487509846193543], [-105.56184673327257, 22.486937818484876], [-105.56133101213288, 22.48679578219633], [-105.55903202629919, 22.485450732781576], [-105.55898463972173, 22.484926278963737], [-105.55885312805331, 22.483470741931814], [-105.55881052862375, 22.48206602429621], [-105.558530426838, 22.480667584681534], [-105.5573003259491, 22.479294252064943], [-105.5563778676119, 22.48022829035299], [-105.55581916590454, 22.481400804344855], [-105.55525294381924, 22.48232542476798], [-105.55438412252641, 22.48110792061758], [-105.55398531602278, 22.479712607949313], [-105.55442277364973, 22.478460605322077], [-105.55354397427661, 22.476912572864165], [-105.55172021731752, 22.47555487080089], [-105.55036398047227, 22.473936723764854], [-105.54875778750254, 22.471911673822103], [-105.54704289229564, 22.47022026053387], [-105.54579301592514, 22.468185786731897], [-105.54454567336775, 22.46623393302413], [-105.54403326502289, 22.465006980897204], [-105.54286334526816, 22.465616675327833], [-105.54230458447744, 22.466789145717307], [-105.54175330022915, 22.468209507404573], [-105.54132074808855, 22.469626741014075], [-105.54026203798729, 22.46998539774676], [-105.53882714229994, 22.469692372172226], [-105.53843351266282, 22.468462277638263], [-105.53850986810998, 22.46705442375334], [-105.53824246849747, 22.46606909757991], [-105.5372676217877, 22.465267773692766], [-105.53428418750346, 22.464850037497943], [-105.53296560543997, 22.464471205995828], [-105.53263428588335, 22.46530687907205], [-105.53184791527036, 22.466816079695242], [-105.5312940344578, 22.46815377637065], [-105.53097762994855, 22.469485234108227], [-105.53020366116608, 22.47140758343923], [-105.52987230935454, 22.472243250766468], [-105.52904606476625, 22.472430336169783], [-105.52821484312499, 22.472452154596628], [-105.52738610800623, 22.472556600157894], [-105.52656483074664, 22.47290893578123], [-105.52561237325654, 22.472851224774285], [-105.52547374082623, 22.472193287719545], [-105.52534008104527, 22.47170061342271], [-105.52449146680863, 22.471143992163427], [-105.52245044553035, 22.47045323095729], [-105.52115667128646, 22.470900619400293], [-105.52056791214729, 22.47108143850285], [-105.51996673924172, 22.47084909734622], [-105.51971683798045, 22.470442160017292], [-105.51970194444202, 22.469946370158606], [-105.51957327160598, 22.469618953819936], [-105.51910822350997, 22.4699619206104], [-105.51827701390208, 22.46998368757522], [-105.51756206726559, 22.469919709865543], [-105.51730969386067, 22.469430136885283], [-105.51636718382792, 22.46970289762949], [-105.51602583189593, 22.47020801125207], [-105.51580570244377, 22.470792648499938], [-105.51508331395705, 22.47048076461397], [-105.51507091639236, 22.470067605787346], [-105.51422483107709, 22.46959356121578], [-105.51480615473572, 22.46916486984928], [-105.51551365727772, 22.468980964579625], [-105.51562000181957, 22.468564698491086], [-105.51632005960938, 22.46813289445486], [-105.51594647160283, 22.46756379506469], [-105.51510535766408, 22.46725501830429], [-105.51461551453352, 22.46677165427362], [-105.51413063246699, 22.466453552326133], [-105.51342066230977, 22.466554819532675], [-105.51222085822378, 22.46617271209943], [-105.51160485600502, 22.465444547600413], [-105.51158008313554, 22.46461822847231], [-105.51120900101336, 22.464131749251827], [-105.51025908445168, 22.464156578214073], [-105.5095441706829, 22.46409256429288], [-105.50883668437774, 22.464276443175464], [-105.50803025750396, 22.46512447672727], [-105.50720154846132, 22.4652288181402], [-105.50659052495196, 22.464665897924363], [-105.50609824609056, 22.46409987509812], [-105.5052621209398, 22.46395631024537], [-105.50478716240909, 22.463968707915487], [-105.50407967000667, 22.464152566043314], [-105.50323860178713, 22.463843726408623], [-105.50188797891875, 22.462390420874698], [-105.50127451805751, 22.461744847495474], [-105.50078227101122, 22.461178807658325], [-105.49981508008443, 22.460625149044006], [-105.49897651196463, 22.46039891877423], [-105.4984892177023, 22.45999813619674], [-105.49823446017359, 22.459425898887872], [-105.49727469720726, 22.459120121531996], [-105.49631740639342, 22.4588969707577], [-105.4954813215719, 22.458753354371634], [-105.49452896989713, 22.458695457705065], [-105.49358648459982, 22.458968085203182], [-105.49287653561632, 22.45906926167034], [-105.49215918876095, 22.458922537577976], [-105.49179065441945, 22.45851864433403], [-105.4914196570965, 22.45803211767609], [-105.49161768358104, 22.4567038186089], [-105.49160782281518, 22.456373288508903], [-105.49090281493005, 22.456639721177982], [-105.49045005974872, 22.457395769113344], [-105.48974258029915, 22.457579564260538], [-105.48844635076198, 22.457944058247048], [-105.48749154389458, 22.45780348728437], [-105.48688309401659, 22.457323122520354], [-105.48627218628226, 22.456760122698828], [-105.48531246655496, 22.456454273292568], [-105.48474094667014, 22.457213390529223], [-105.48441673511398, 22.45829686840635], [-105.4833727182665, 22.459150949591482], [-105.48221241120282, 22.460090739507564], [-105.48116590821358, 22.460862173966223], [-105.47962477330412, 22.46098486305306], [-105.47842510491887, 22.460602501485663], [-105.47745063337551, 22.459800808600185], [-105.4767087330831, 22.45882768692406], [-105.47583828416015, 22.457527107776677], [-105.47439382057946, 22.456902972067702], [-105.47435454105153, 22.455580844532452], [-105.47362004856463, 22.454855606368422], [-105.47346695411224, 22.453701820310155], [-105.47331140814981, 22.45246540086122], [-105.47305185943075, 22.451727855102813], [-105.4713552903705, 22.450614043256415], [-105.47024748669547, 22.44931957959332], [-105.46833802559517, 22.44903821364779], [-105.46749467394284, 22.448646550921353], [-105.46699280783821, 22.44774987092692], [-105.46614456801737, 22.447192934364775], [-105.464593772218, 22.44698494458168], [-105.46351788696198, 22.44676466594427], [-105.46268190549642, 22.44662087756976], [-105.46163539154902, 22.447392186784697], [-105.46047258464156, 22.44824918920859], [-105.45954477475686, 22.44901741864633], [-105.4583672695525, 22.449378605611923], [-105.4567123965336, 22.449669406016405], [-105.45599757698172, 22.449605153019984], [-105.44950078754465, 22.44687825732745], [-105.45005293832367, 22.445458191837677], [-105.4482281438988, 22.444016655447744], [-105.44772641772353, 22.443119912703743], [-105.44674736677212, 22.44215276009924], [-105.44588461417653, 22.441099911813236], [-105.44489827908221, 22.439884845716634], [-105.44414452883827, 22.438498396887777], [-105.44351194895522, 22.437191524244707], [-105.44382668881063, 22.43577758538081], [-105.44497974999558, 22.43459016581404], [-105.44612547885545, 22.433154836395307], [-105.44690772727328, 22.431480766314095], [-105.44674756905665, 22.43007904565689], [-105.44587514358899, 22.428695658689577], [-105.44453276580087, 22.42748975291859], [-105.44392584415948, 22.426929984730094], [-105.44331155675292, 22.42636341603172], [-105.44209280236767, 22.42531970354176], [-105.44064395193828, 22.424529987096626], [-105.43430117165907, 22.43226809403062], [-105.42589706729699, 22.442519295656403], [-105.42229270258811, 22.446915254689003], [-105.41660117254686, 22.445609183296803], [-105.41471484506148, 22.445176265892393], [-105.40997184009585, 22.444087623282666], [-105.41015644274853, 22.438211470701145], [-105.41059917088545, 22.438200173371154], [-105.41069547167972, 22.438197715851498], [-105.41122493285138, 22.43818420339672], [-105.41274412694744, 22.43731845795558], [-105.41377633131958, 22.436051653546446], [-105.41444752502761, 22.43462867092922], [-105.41536581619056, 22.43353015819986], [-105.41664750134223, 22.432670442653787], [-105.41793885405546, 22.43214125557579], [-105.41591342680792, 22.4319449331314], [-105.41484256687879, 22.431889596045398], [-105.41364573711672, 22.43158937950359], [-105.41279538670315, 22.43094952187338], [-105.41241023132612, 22.42996699770704], [-105.4126041418924, 22.42847350979343], [-105.41347573097529, 22.424188143245807], [-105.41390460605608, 22.42207938625603], [-105.41405813526386, 22.421324475738853], [-105.41323685960157, 22.42167623673456], [-105.41279578386964, 22.421595877563224], [-105.41204253809289, 22.421458641417264], [-105.40860984663183, 22.419938068981715], [-105.40759758242531, 22.419489647909845], [-105.40719577247121, 22.419311648272405], [-105.40730915245345, 22.418023458982525], [-105.40774775215307, 22.416771825141396], [-105.40782782390252, 22.415446637347493], [-105.40790789434911, 22.41412144931957], [-105.40798313460833, 22.412630990933884], [-105.40842171214305, 22.41137935477274], [-105.40898139428413, 22.410207324357863], [-105.40919859169414, 22.409359484725936], [-105.40951449953026, 22.408126306221828], [-105.40958972051875, 22.406635846289422], [-105.40950545794772, 22.405929378688292], [-105.40943238419307, 22.405316713185858], [-105.41008174132787, 22.40315002879572], [-105.4103870880257, 22.401405604562935], [-105.41033877775709, 22.39975290191554], [-105.41017902790435, 22.398351133250173], [-105.41001686628755, 22.39686672895738], [-105.41007758674668, 22.394880455714702], [-105.40227630934464, 22.39210226401958], [-105.40814009458491, 22.38387904797386], [-105.40359734366682, 22.384460499661476], [-105.40111960944029, 22.385019794086073], [-105.39902437784501, 22.38647898086884], [-105.3970405593573, 22.38768721511812], [-105.39501580228685, 22.387490619749325], [-105.39267349031591, 22.388625217740714], [-105.3910456277095, 22.389824331326107], [-105.38819728876068, 22.389896658901574], [-105.38593995028808, 22.389871246871], [-105.38284704718923, 22.389701594463478], [-105.38046863312437, 22.38959647873914], [-105.37845345372787, 22.389730220019953], [-105.37699976427261, 22.389645768906913], [-105.37547924153482, 22.389557421056608], [-105.37368945151992, 22.389271915944516], [-105.37330947584339, 22.388454560228794], [-105.37268975282174, 22.387560569919], [-105.37181114914439, 22.38592885270896], [-105.3707119544003, 22.384881583272907], [-105.37103210813669, 22.38363304041339], [-105.37198151695578, 22.38360903806721], [-105.37318742221598, 22.384240116702774], [-105.37364776813673, 22.383732292898955], [-105.3730256713843, 22.382755666917895], [-105.37216384190322, 22.381702403774366], [-105.3720092822203, 22.380465861028803], [-105.37256436691486, 22.37912867711078], [-105.37371758314983, 22.377941755525345], [-105.37488035553217, 22.37708537065033], [-105.37509854400459, 22.376418275448973], [-105.37366493223507, 22.376123758363804], [-105.37152887701755, 22.376177776522344], [-105.36999573326021, 22.376547317419295], [-105.36858125171166, 22.376913845853622], [-105.36692464235144, 22.37712108314148], [-105.3657355460651, 22.37706841099474], [-105.36408131777243, 22.37735825567784], [-105.3631152403483, 22.37680375581378], [-105.36240321663769, 22.37682171864245], [-105.36157252201687, 22.37684267131923], [-105.36095054018126, 22.375865996539318], [-105.35974953132806, 22.375400097485546], [-105.3584346295219, 22.375102453244327], [-105.35794088122888, 22.374453322093036], [-105.3567470436815, 22.37423531027915], [-105.35555082728557, 22.373934652926792], [-105.35516861772828, 22.373034614407565], [-105.35514241387071, 22.372125610699218], [-105.35415259199655, 22.370744688799302], [-105.3539958233356, 22.36942548815051], [-105.3539410520037, 22.36752484243812], [-105.35351839312719, 22.365219973336526], [-105.35178607594204, 22.366917504057657], [-105.35015810617578, 22.36811621084187], [-105.34825948682612, 22.368163951331262], [-105.34696131674916, 22.36844467079321], [-105.3456916592056, 22.36971702326443], [-105.34440772390481, 22.370493544114467], [-105.34288644115198, 22.371276013418925], [-105.3400503078184, 22.371760673932894], [-105.33803771082178, 22.371976546351085], [-105.33518258230328, 22.37180002506155], [-105.33279739111313, 22.37144629242769], [-105.33127839971009, 22.37231129067533], [-105.33000382862097, 22.373418247219902], [-105.3274522600194, 22.37554949319164], [-105.32681396177769, 22.373994222911158], [-105.32568445212615, 22.371872355244125], [-105.3212234454048, 22.36536809691069], [-105.31522407537604, 22.35653003612899], [-105.31415789367293, 22.354959232176846], [-105.31096774455062, 22.349764548381998], [-105.30245438829672, 22.335899577254654], [-105.28993310013799, 22.317190133301484], [-105.28824428890967, 22.31623961875225], [-105.28703934658587, 22.31560789095262], [-105.28512269069677, 22.314993773786878], [-105.28120793446489, 22.31510046978856], [-105.27753095102226, 22.315181523554013], [-105.27574463161291, 22.31497755904026], [-105.27454675502848, 22.314593654661437], [-105.27356513188676, 22.313460134197907], [-105.27246956970052, 22.312494812787662], [-105.27056234149201, 22.312211078652336], [-105.26962038160313, 22.31248239889096], [-105.26738043392452, 22.308816270546185], [-105.26448469825351, 22.298885160546043], [-105.2574723562405, 22.274829686356263], [-105.26991630041303, 22.27326246566374], [-105.27050436946931, 22.265227182336837], [-105.27114817043353, 22.259978307393602], [-105.27210873539725, 22.25214616836207], [-105.27272853390942, 22.24709208258979], [-105.2729277742156, 22.245467322685844], [-105.27312345965079, 22.231244299810086], [-105.27381259686304, 22.218016642005505], [-105.27187300991936, 22.208941366208165], [-105.26688642728642, 22.185603617824867], [-105.26465697179808, 22.179808480222878], [-105.26260891617761, 22.177997683001852], [-105.25780284093072, 22.174547615498632], [-105.25683568684644, 22.173475658980244], [-105.25597825528024, 22.171821581421842], [-105.25437431022637, 22.16834481346273], [-105.24611565381574, 22.150440040030205], [-105.24208666037113, 22.14170334651481], [-105.24159488368477, 22.14062763772323], [-105.24398953937363, 22.13421530050742], [-105.24170233370754, 22.132239995497798], [-105.24121188090133, 22.13124731192052], [-105.24084533299674, 22.130585826103708], [-105.2405988246368, 22.130006455120355], [-105.24022970930089, 22.129178911823864], [-105.23986317140808, 22.128517423545173], [-105.23961667073348, 22.127938050863854], [-105.23925399747482, 22.127525645071984], [-105.23864997534699, 22.12686597621352], [-105.23911338685167, 22.12611508006756], [-105.23969039317407, 22.125031158958322], [-105.23991373145478, 22.124116027360543], [-105.24025581038077, 22.12319998345758], [-105.24035911279488, 22.12220273497412], [-105.24010876158906, 22.121374278347822], [-105.23997586811392, 22.120461881459608], [-105.24020949058709, 22.12021097360472], [-105.24055027162291, 22.119211900673225], [-105.240883325996, 22.117714658464276], [-105.24062268541566, 22.1162219773503], [-105.24049236724252, 22.115475636516585], [-105.24036205048057, 22.114729295498485], [-105.2398716688656, 22.11373660513966], [-105.23938258020009, 22.11282694128064], [-105.2391361094204, 22.112247566499793], [-105.23936714799451, 22.11183060337522], [-105.23959304069936, 22.111081527246878], [-105.23958403786641, 22.1105003300447], [-105.23921498038233, 22.1096727819714], [-105.2396809059165, 22.109087939547358], [-105.24015068686253, 22.10875218034655], [-105.2409753719361, 22.108330654868755], [-105.24180005207856, 22.10790912525038], [-105.24237696512996, 22.106825193084195], [-105.24248024188182, 22.10582794150215], [-105.24174083520292, 22.104089828411084], [-105.24149179613276, 22.103344400074377], [-105.24188352415216, 22.101805182861288], [-105.24196774065135, 22.101493142216313], [-105.24205195678685, 22.10118110151931], [-105.24263270430237, 22.100346252556207], [-105.24333088047662, 22.099427459284666], [-105.2436728793802, 22.098511406194827], [-105.24436975115653, 22.09750958017244], [-105.24519693687235, 22.097254090002906], [-105.24549245170867, 22.09716877309209], [-105.24578796618465, 22.097083455649216], [-105.24685516972562, 22.096992181818017], [-105.247562336041, 22.096654568033138], [-105.24886052057882, 22.096146305791684], [-105.24968123107413, 22.09547565203542], [-105.25096776431539, 22.094220119381195], [-105.25189424167328, 22.09271825302481], [-105.25246972337752, 22.09155125629817], [-105.25292777348463, 22.09046820663875], [-105.25315097415026, 22.089553054366053], [-105.25337934739271, 22.08897001456881], [-105.2540864581367, 22.088632372748542], [-105.25480521759387, 22.089041981652574], [-105.2557575254486, 22.089200657029345], [-105.25635109941553, 22.08919604109951], [-105.25644778823352, 22.08778363867148], [-105.25643094524617, 22.08670427222079], [-105.25653022312169, 22.085457925751946], [-105.25616242932942, 22.08471344194166], [-105.25591075934395, 22.083801977740112], [-105.25577909733524, 22.082972618367844], [-105.2551596534409, 22.08131666682004], [-105.25701103832183, 22.078229850691333], [-105.25522009578323, 22.077579471513204], [-105.254151749822, 22.077587770425232], [-105.25307952315879, 22.07734697735456], [-105.25188213134628, 22.076691955538397], [-105.25127568499845, 22.075866271045125], [-105.25054537476422, 22.07470938969517], [-105.25041633680918, 22.074046081506534], [-105.25040600175146, 22.073381854231158], [-105.24992215397066, 22.07280433043863], [-105.24921252916441, 22.072975897400315], [-105.24826420901152, 22.073066267840122], [-105.2474268483339, 22.072657545286305], [-105.24670948290321, 22.0723309306261], [-105.24576503275026, 22.0726703719869], [-105.24529538372519, 22.073006147604005], [-105.24518957054302, 22.0738373476319], [-105.24496376464936, 22.074586434113495], [-105.2443728276467, 22.074757065112458], [-105.24377158504548, 22.07426346607791], [-105.24317678490722, 22.074185007279347], [-105.24247100653363, 22.07460563060872], [-105.24139882140932, 22.074364760488084], [-105.24079887696757, 22.07395417892425], [-105.2404337677517, 22.073375714732233], [-105.23982997320068, 22.07271604384161], [-105.2394700130108, 22.07246969160953], [-105.2387526664554, 22.072143041874735], [-105.2379204763201, 22.072066384661376], [-105.23792818371894, 22.072564556193424], [-105.23769977249776, 22.07314757593023], [-105.2368752807873, 22.073569084969797], [-105.23592694808967, 22.073659383987], [-105.23570109351014, 22.074408458133536], [-105.23594876651632, 22.075070870077536], [-105.23572034322207, 22.075653886978944], [-105.23494059506422, 22.07589471133314], [-105.23489326536811, 22.075909328911568], [-105.23381851828574, 22.07550235191377], [-105.2332185906279, 22.075091742453086], [-105.23262251094205, 22.074930216636986], [-105.23190901060698, 22.074852622868697], [-105.23119935304668, 22.075024111929075], [-105.23060967753187, 22.075277722007524], [-105.22941368477363, 22.074705563124226], [-105.22869634955347, 22.07437886927532], [-105.22855845992287, 22.07313434202618], [-105.22839794299215, 22.072453448802907], [-105.22830442997788, 22.072056774840714], [-105.22769558263622, 22.07106494360762], [-105.22443833762912, 22.0676850983886], [-105.2241907313072, 22.067022667850274], [-105.22453277812475, 22.06610665075252], [-105.22416009666966, 22.065029975931168], [-105.22366872677556, 22.063954199612624], [-105.22270896901783, 22.063297161855093], [-105.22103068877671, 22.06223036083882], [-105.21684280922237, 22.06086167352078], [-105.21765478486536, 22.031669032940787], [-105.2176554846984, 22.029617851665257], [-105.21767704883683, 22.027940959666985], [-105.218097045403, 22.020575482094706], [-105.21901587747188, 22.004459466824652], [-105.21929811717845, 21.999508396150564], [-105.21989818146834, 21.98898096361741], [-105.2203605351658, 21.980868522174493], [-105.2204146680351, 21.97991865290205], [-105.22056679658868, 21.97724919857736], [-105.22097077814409, 21.97015991326258], [-105.21865676016769, 21.96932763769794], [-105.21675891277549, 21.96934195035112], [-105.20949380220354, 21.95968091200975], [-105.21095155970104, 21.94638364069378], [-105.21226753122943, 21.947121122639693], [-105.21376616098647, 21.947368124063612], [-105.21454800641925, 21.94746694298536], [-105.21507526257203, 21.947533581622803], [-105.21727140212879, 21.94696378310363], [-105.21771522048273, 21.946796030087615], [-105.21863412803793, 21.946533159569235], [-105.21942917248857, 21.946786482311513], [-105.22077736447159, 21.94735312574681], [-105.220886566538, 21.94736987993974], [-105.22099931203942, 21.947396420207856], [-105.22195455659961, 21.947546237916445], [-105.22379262344353, 21.94718760964473], [-105.2241223186766, 21.947161237830226], [-105.22517920704179, 21.947076694434223], [-105.2262933422409, 21.94711150428232], [-105.22723646236284, 21.94738638933117], [-105.22804742089022, 21.947835885969383], [-105.22921629610983, 21.947994157074234], [-105.22932261413074, 21.947980796556532], [-105.23066283911126, 21.947812371826707], [-105.23143564076827, 21.947931040580936], [-105.23258830769011, 21.94827246529834], [-105.23389204499503, 21.949289398787222], [-105.23444019859133, 21.95058168944634], [-105.23463522893097, 21.95261996386588], [-105.23465387881791, 21.9528148717562], [-105.23495002911305, 21.9541075196411], [-105.23533070966367, 21.955713517646696], [-105.23575256376955, 21.956810063614316], [-105.23575275763969, 21.956927615329022], [-105.23655292436145, 21.958180351552677], [-105.23748009845217, 21.960020659024774], [-105.23757249148872, 21.96015028491413], [-105.23979587040911, 21.963269560511947], [-105.24221876547291, 21.966407814402928], [-105.24438467541984, 21.968384090264227], [-105.24676597819334, 21.968947003761247], [-105.24997373549807, 21.96925437120324], [-105.2529378168535, 21.96914836879741], [-105.2548227253573, 21.968303343811094], [-105.25682493076802, 21.967374345166167], [-105.25775053589496, 21.965872430913425], [-105.25959909709269, 21.962702527665666], [-105.25956152801814, 21.960294674172484], [-105.25940794594051, 21.95805380350332], [-105.25937685857367, 21.956061096016374], [-105.25946826051695, 21.95431655201347], [-105.25968344306814, 21.952903201004823], [-105.25989214397404, 21.951074701859532], [-105.25986882523604, 21.949580170128897], [-105.25984162087988, 21.947836549422757], [-105.25981182666828, 21.945926869164776], [-105.26002958509113, 21.94467957561444], [-105.26036204624813, 21.943182267702493], [-105.26237567840437, 21.942540777271365], [-105.26429621633788, 21.943063451503214], [-105.26481573547035, 21.943526119439333], [-105.26554534983327, 21.944175883872532], [-105.2676649449162, 21.94576890441504], [-105.2697085751704, 21.946159876367393], [-105.27340703933208, 21.946219483556124], [-105.27502685345188, 21.946003194325257], [-105.27801962425164, 21.945423118473464], [-105.27883008419607, 21.94560247219487], [-105.2801510099164, 21.94564951478888], [-105.28119830742426, 21.945378325590237], [-105.28238647905194, 21.945070648870534], [-105.28414532544764, 21.943933967324668], [-105.28611711529881, 21.94361838192309], [-105.28649792988942, 21.943430027309375], [-105.2865623833871, 21.94339814784412], [-105.28738383860622, 21.942991842887228], [-105.28875717636613, 21.942841568376004], [-105.29013718849295, 21.943086064519623], [-105.29076615032008, 21.943197605929296], [-105.29269445475191, 21.943539576100573], [-105.29358426090673, 21.943687361026136], [-105.29457543324449, 21.944249994663636], [-105.29494233272754, 21.94445826051526], [-105.29556661333181, 21.944812622197965], [-105.29730501671081, 21.945933178592316], [-105.29828449363362, 21.946723927780127], [-105.29862001586426, 21.94702458673888], [-105.29931070021213, 21.947527408382268], [-105.2998546963288, 21.947923435553893], [-105.30101303636759, 21.948774988798085], [-105.30130679316404, 21.94893103295467], [-105.30283349269003, 21.94972581473384], [-105.30363801584083, 21.95014502686488], [-105.3044980928521, 21.950592902035964], [-105.30506749218893, 21.95084712454394], [-105.30516998051924, 21.950892882702338], [-105.30617710431902, 21.9513425301702], [-105.3067412262868, 21.951594388008104], [-105.3077048062821, 21.951857148875842], [-105.30861693953551, 21.95297245292738], [-105.30882062695989, 21.95322150709545], [-105.30986739887037, 21.954742740429616], [-105.31936038454973, 21.968536713858743], [-105.32487793610377, 21.97231140341927], [-105.34407168192071, 21.985439272259462], [-105.34388015465906, 21.988264193951476], [-105.34403240976916, 21.990338905782604], [-105.34465516411281, 21.992160588013185], [-105.34574708605297, 21.993646207424423], [-105.34680127032384, 21.99448704863879], [-105.3471895476158, 21.994796743126024], [-105.34767621147529, 21.995540039197017], [-105.34769776820526, 21.9968684837041], [-105.34795255793678, 21.99794586701428], [-105.34844867123418, 21.999270354533063], [-105.35311472846712, 22.001639508403596], [-105.35477974561063, 22.001874684985346], [-105.35750035468956, 22.00135363693583], [-105.3606941458661, 22.000745524437644], [-105.36235007836532, 22.000478998679256], [-105.36516588346996, 22.000025748432027], [-105.36709658893295, 22.000442415578533], [-105.36911073102763, 22.00025930073869], [-105.37194716860898, 21.999570955021486], [-105.37418630218004, 21.99863851924575], [-105.37659540189925, 21.99838835822865], [-105.38148538642679, 21.997933945587846], [-105.38276497657293, 21.9983284043965], [-105.38375872706249, 21.9987160589703], [-105.38492409956523, 21.99891951124541], [-105.38629595878258, 21.998953545949245], [-105.38786755536557, 21.998974676965823], [-105.38906651795644, 21.999096037165284], [-105.39055858183012, 21.999253950853884], [-105.39090751436649, 21.99937569437472], [-105.39137176756111, 21.999537672106626], [-105.39202438810662, 21.99954853350689], [-105.39338201115373, 21.99924720334546], [-105.39428674659041, 21.998922111374632], [-105.39476464886573, 21.998362062650436], [-105.39506855449511, 21.997491932143422], [-105.39514564087466, 21.99647330776631], [-105.39492946175484, 21.995356029658026], [-105.394700896265, 21.994574120560795], [-105.3942977979866, 21.993283411033676], [-105.39420121283678, 21.992066483974945], [-105.39427402906072, 21.99104863465411], [-105.39429096840996, 21.99081184895922], [-105.39480759307462, 21.989817007013077], [-105.39561852922179, 21.98930583386372], [-105.39639040519245, 21.989117670980225], [-105.39682986980712, 21.98911660869184], [-105.39730907825954, 21.989040929030036], [-105.39766836312273, 21.988940698686488], [-105.39787266796539, 21.988803066536484], [-105.39976108447274, 21.9882054678307], [-105.40107150680605, 21.988526281518247], [-105.40239020875686, 21.98934524634608], [-105.40347856452783, 21.990581393001502], [-105.40504008286464, 21.991730385214034], [-105.40670920560385, 21.99221411596621], [-105.40966945524454, 21.99185619822152], [-105.41144061397968, 21.991342525666074], [-105.4107865699103, 21.9876945191532], [-105.41110923600512, 21.985698772254782], [-105.41204578192138, 21.98494325251702], [-105.41334511784817, 21.984599753829386], [-105.41441274171892, 21.984590425898237], [-105.41537144562528, 21.985163315958243], [-105.4163370923248, 21.986151333962724], [-105.41743386862547, 21.987885547321916], [-105.41852928344686, 21.989536725900027], [-105.41879708923383, 21.991361232346616], [-105.4198897685897, 21.992846347242413], [-105.4212030561386, 21.993333051773547], [-105.42593579816003, 21.992544070889412], [-105.43562394779346, 21.976016737114804], [-105.43876950766067, 21.96889707701076], [-105.44899190117924, 21.945754476451402], [-105.43289268324975, 21.947641582494096], [-105.4321950750179, 21.948478147536445], [-105.43123794920963, 21.947988377156012], [-105.42685692587864, 21.948442247595374], [-105.42747218279442, 21.949765450577218], [-105.42640760579513, 21.949940913183248], [-105.42522999593665, 21.950449520953253], [-105.42381518408264, 21.950960206911116], [-105.42192458350944, 21.95139202178551], [-105.42111246187889, 21.95247866348852], [-105.42090304609711, 21.95414128571493], [-105.4204439248658, 21.95505874638793], [-105.41938901643339, 21.95581535309782], [-105.41797135527709, 21.956159935560216], [-105.41665980897103, 21.95575622446356], [-105.4156985274169, 21.95501728273605], [-105.41509444049166, 21.954358251859205], [-105.41472201579693, 21.95336503707965], [-105.41446819449875, 21.952370784848554], [-105.41409577955409, 21.951377568260718], [-105.4133869649721, 21.951549838018725], [-105.41267122756844, 21.95130696895224], [-105.41218161538839, 21.950397809918083], [-105.41217331200947, 21.949899646834822], [-105.41240081609318, 21.949316386866123], [-105.41262970248889, 21.948816153756635], [-105.41191398007885, 21.948573281077906], [-105.41024811859408, 21.94825564756717], [-105.40964961507579, 21.947928704270886], [-105.40907046294105, 21.94876414030808], [-105.4077811097648, 21.949688792647066], [-105.40672755272058, 21.95052834623838], [-105.40578567968616, 21.950951726640056], [-105.4044866290951, 21.95129516248945], [-105.40354060745071, 21.951469448237173], [-105.40307448893988, 21.951971725689177], [-105.40344407162003, 21.952798913733698], [-105.40381641687098, 21.953792155376952], [-105.40336683834006, 21.955290761000494], [-105.40231734904822, 21.95637936860319], [-105.40150780469487, 21.957631970036804], [-105.40093269876697, 21.95871645957764], [-105.40082924742504, 21.95963078642418], [-105.40048582989233, 21.960381111661924], [-105.39977557651967, 21.96047029614911], [-105.39929014307867, 21.95981018083613], [-105.39903779290462, 21.958898931391822], [-105.39867097159065, 21.958237788563988], [-105.39806419650165, 21.95741263963703], [-105.3952191068941, 21.95752023449259], [-105.3935669073068, 21.95803270730148], [-105.39191057873967, 21.958296081302635], [-105.39048322245353, 21.958059235601297], [-105.38975926327896, 21.957318101906242], [-105.38927114509866, 21.956491900878067], [-105.3891278717011, 21.954998423816473], [-105.38817221500386, 21.95459142888262], [-105.38720834681085, 21.953686262873543], [-105.38717958846965, 21.95194268366951], [-105.38699115640185, 21.947709292033547], [-105.38753208827333, 21.944549157707637], [-105.3871585114162, 21.943472848332558], [-105.3862029377049, 21.943065840167925], [-105.38501429203966, 21.94290993982304], [-105.38275013202421, 21.942264988772717], [-105.38120162833869, 21.941863017258886], [-105.3799816017116, 21.93979744052644], [-105.37829271990168, 21.93806800658228], [-105.3768724024952, 21.938246178285194], [-105.3750949572646, 21.93834433382568], [-105.37403447955332, 21.93876854090126], [-105.37320028296674, 21.938526504683743], [-105.37259373880194, 21.93770125639037], [-105.3718686155816, 21.93687701124422], [-105.370907689558, 21.936137800533373], [-105.36982954756306, 21.935482616124585], [-105.36863690592278, 21.935077511877886], [-105.36758050565426, 21.93575076163321], [-105.36699708122521, 21.936336969261276], [-105.36581936407592, 21.936845153623686], [-105.36486796216943, 21.936687103937704], [-105.3643800589308, 21.93586082387165], [-105.36400396785606, 21.93461840152971], [-105.36409679414486, 21.933039866688144], [-105.36466801354156, 21.931706415652098], [-105.36548587908403, 21.930952158220624], [-105.36618786898293, 21.93036495448815], [-105.36274711725895, 21.908471483545114], [-105.36380876167001, 21.908130378768828], [-105.36547270356454, 21.908365464176043], [-105.36653434042745, 21.908024341911144], [-105.36770910500054, 21.90735009723409], [-105.36961288413166, 21.907749192981296], [-105.37092114361144, 21.907987233548887], [-105.37234932962491, 21.908307286434095], [-105.37352542912284, 21.907716028887634], [-105.37483369429539, 21.907954038263224], [-105.37567043838851, 21.908362126031083], [-105.37662030006041, 21.90843708803453], [-105.37755516961951, 21.90759873434759], [-105.37872169571062, 21.906426242575915], [-105.38024661101657, 21.90541676581367], [-105.38131774529029, 21.905656746075582], [-105.38203729894848, 21.90614884159597], [-105.3828685881476, 21.90622478016923], [-105.38398671273437, 21.90571698323399], [-105.38510482930056, 21.90520917878555], [-105.38712307947277, 21.90535797279502], [-105.38854990372492, 21.905594856986088], [-105.39009666275776, 21.90591373848972], [-105.3917551328573, 21.905816445970398], [-105.39174005002693, 21.90490313808562], [-105.39207652895831, 21.903737687372065], [-105.3930099045636, 21.902816219199497], [-105.39287625766046, 21.901903931650487], [-105.39262405654166, 21.900992663823295], [-105.39236911587567, 21.899915339394067], [-105.39199836732051, 21.899005089927083], [-105.39234031657502, 21.89817175030658], [-105.39244241314323, 21.89717439392569], [-105.39219570861412, 21.89659523688348], [-105.39205384641383, 21.895184779162964], [-105.39215731439917, 21.89427045054163], [-105.39297207923372, 21.893350002013253], [-105.39402942037026, 21.892759620077275], [-105.39544651782508, 21.8924152500636], [-105.39980531164495, 21.89071681830503], [-105.39813740083643, 21.890232993187624], [-105.39705811229548, 21.889494952281986], [-105.39551975487147, 21.889674301680156], [-105.39374841590546, 21.890104762727553], [-105.39208190268373, 21.889703903953738], [-105.39100264865151, 21.888965822786272], [-105.38980486017483, 21.888228752231583], [-105.38860434592526, 21.887325616265535], [-105.38764846119703, 21.886877094120695], [-105.38669258237647, 21.88642856643602], [-105.38490895361379, 21.8861116778266], [-105.38374400755025, 21.887367241523346], [-105.3829292160644, 21.88828764542619], [-105.38197675500182, 21.888046661115425], [-105.38124637549485, 21.88689033613], [-105.38017128972945, 21.886401267710134], [-105.3792174820712, 21.886077238750065], [-105.37860840422127, 21.885085947849934], [-105.37912948248548, 21.884699125197002], [-105.37954352033755, 21.883955987090694], [-105.38001660966127, 21.883254154187334], [-105.3803711490162, 21.883171660522386], [-105.38054834205363, 21.883254287418346], [-105.38060737247514, 21.88333688485101], [-105.3804890055773, 21.883667186125948], [-105.3803115309043, 21.884038763866855], [-105.38013379925471, 21.884823254734], [-105.38031068757189, 21.88540137772523], [-105.38042880105654, 21.885483989897644], [-105.38084237710859, 21.885484092542434], [-105.38102002957591, 21.884823475000786], [-105.38137525398032, 21.883626113251943], [-105.38155287661931, 21.883006786389892], [-105.38208530956902, 21.88185075728692], [-105.38208586089127, 21.880942347797514], [-105.38214571779191, 21.879662330241704], [-105.38208716436823, 21.878795197760848], [-105.38191010163827, 21.87850611563366], [-105.38143787050943, 21.877845339226653], [-105.38090653946446, 21.877225838111386], [-105.38061147656514, 21.876688976915258], [-105.38049380451079, 21.875904411414066], [-105.38025777284466, 21.875450147019937], [-105.3799627675148, 21.87483070169512], [-105.37996333298106, 21.873922291246444], [-105.38002266740706, 21.873509392338157], [-105.38049584855911, 21.872601100748142], [-105.38037815526106, 21.871857826049542], [-105.38026033508436, 21.87132100817555], [-105.38032005196781, 21.8702887380354], [-105.38020220773703, 21.869793211468025], [-105.37972972999303, 21.86958663445193], [-105.37907932518497, 21.87049487826417], [-105.37919714023046, 21.871031697109387], [-105.37925564635054, 21.871940123192147], [-105.37919620655809, 21.872518187512114], [-105.37919576573874, 21.873220141220433], [-105.37925416933969, 21.8742937326007], [-105.37931301402799, 21.874665370290227], [-105.37937157447683, 21.875491213074756], [-105.37972552830215, 21.876317131296844], [-105.38002045875301, 21.87706045095372], [-105.38055168332365, 21.877845120462535], [-105.38096483099575, 21.87850588489263], [-105.38155529723625, 21.879042817388584], [-105.38155514589839, 21.879290565510775], [-105.38143668335877, 21.879786032955117], [-105.3813774012524, 21.88011634933835], [-105.38102309838223, 21.87982722291826], [-105.38072813138363, 21.879125196819984], [-105.38037401123412, 21.878547029389004], [-105.3801970034754, 21.878175362629726], [-105.3799017355586, 21.877968831214922], [-105.37966531565654, 21.878133936627396], [-105.37936999686113, 21.878009986919984], [-105.37913412071795, 21.877307972797812], [-105.37925271881396, 21.876606049899426], [-105.379016793726, 21.87598661827221], [-105.37854453204966, 21.875408415828343], [-105.37795411835033, 21.874830180601215], [-105.37765878146263, 21.874747519112674], [-105.3769495810862, 21.875160241981707], [-105.37694891698347, 21.876192526718274], [-105.37647594200506, 21.87672918575054], [-105.37594375036083, 21.877472283945046], [-105.37659316638612, 21.878174416428926], [-105.37747898636387, 21.87875273562379], [-105.37795154388662, 21.878876735740015], [-105.37830609988744, 21.87875295524566], [-105.37925165718164, 21.878298996129786], [-105.37978283081972, 21.879166250779136], [-105.37942788763384, 21.879909404842287], [-105.37942755183717, 21.880446192422593], [-105.3796045862916, 21.880776568541613], [-105.38007720352516, 21.880817979767446], [-105.37984070208311, 21.881106959471907], [-105.37995868334649, 21.8813960288471], [-105.38001748176411, 21.881850248590194], [-105.37972202628211, 21.88193275648591], [-105.37936759293983, 21.88185008333298], [-105.37907216299024, 21.881891298718514], [-105.37901290057754, 21.882180322908543], [-105.3788353978411, 21.88259319050183], [-105.37614831146554, 21.8832800041673], [-105.37561078972276, 21.883035453786917], [-105.37419373409426, 21.883379652843924], [-105.37348928420234, 21.883800833377265], [-105.37227531361303, 21.882067290510985], [-105.3701614324179, 21.879560187043516], [-105.3694945627898, 21.87876924268238], [-105.36891408943102, 21.879521515079542], [-105.36750654793765, 21.880446856953174], [-105.36575150132522, 21.881873360740265], [-105.3654202779658, 21.88337087766837], [-105.36520894652821, 21.88495042230341], [-105.36414883115138, 21.885374563310865], [-105.36167836181582, 21.88655793295923], [-105.36026935175866, 21.88740018510856], [-105.35910823280086, 21.888904663563693], [-105.3578150293754, 21.889579841759282], [-105.35626176248469, 21.888845509127517], [-105.3549388557938, 21.887694032308506], [-105.35432454064971, 21.88637053438126], [-105.35572142699263, 21.884781073559324], [-105.35594771314575, 21.884114856489223], [-105.35522026133953, 21.88312446992259], [-105.35531855847373, 21.88187804469209], [-105.35470561483504, 21.88063757605895], [-105.35589720885096, 21.8785493417208], [-105.35689574868762, 21.876799376261044], [-105.3559542047826, 21.877222470352905], [-105.35535477171159, 21.876812291840228], [-105.3547620881261, 21.876817255533563], [-105.35393233098235, 21.876824201123], [-105.35297999235934, 21.876583047069175], [-105.3527240467717, 21.875422624371744], [-105.35246406192888, 21.874013114200725], [-105.35316313440646, 21.873259907098593], [-105.35350525159086, 21.872426643215928], [-105.35385275926976, 21.871925494410558], [-105.35325470269188, 21.871598336577534], [-105.35300550484631, 21.870853058414017], [-105.35263912629001, 21.870191799728712], [-105.35251116042913, 21.869611587648265], [-105.35156560829284, 21.869785569564737], [-105.350976994089, 21.870039606303536], [-105.3505122957738, 21.870624767692906], [-105.35004355452128, 21.870960840714684], [-105.34942272315911, 21.870642571620255], [-105.34813089926841, 21.869980306182043], [-105.34760970129355, 21.867078238210063], [-105.34782792851257, 21.86591385603823], [-105.34439767862916, 21.859050046971856], [-105.344257671274, 21.85772256393053], [-105.3444785984777, 21.85672424322046], [-105.3448180422061, 21.855724937029777], [-105.34456488795112, 21.854730555915015], [-105.3440720163235, 21.853572085010924], [-105.34369901192753, 21.852495657415687], [-105.34368290347872, 21.851499305617573], [-105.34438325753135, 21.85082916385864], [-105.34521017925631, 21.850656209689284], [-105.34566677517999, 21.849572886552405], [-105.3467186199234, 21.848650689607062], [-105.3476532828905, 21.847812502464546], [-105.34895423415465, 21.847635580667482], [-105.34990099018326, 21.847544644422637], [-105.35084370567532, 21.847204615003886], [-105.35153457765661, 21.845953238443663], [-105.35152245662444, 21.845205975119622], [-105.3521028861691, 21.844453761490513], [-105.35279508172437, 21.84328540882385], [-105.35289742051174, 21.842288066859535], [-105.35300514821367, 21.841622841837435], [-105.36167732860989, 21.835571183890952], [-105.35984843688793, 21.8324310186794], [-105.35969345327985, 21.830190223963054], [-105.35665407984136, 21.82548241292132], [-105.354032376787, 21.82459092168195], [-105.35211627664182, 21.823361331622966], [-105.35156897956135, 21.822417037100053], [-105.35077517071173, 21.82104739069868], [-105.3501436963612, 21.818644478104524], [-105.3514376498577, 21.81805239190484], [-105.35307897309073, 21.816959146896977], [-105.35412649110073, 21.815787814312305], [-105.3543405504235, 21.81437432944088], [-105.35385043879225, 21.813381940386126], [-105.35348420686675, 21.812720677064497], [-105.35221947274631, 21.812061600800707], [-105.35092132161776, 21.810758375625365], [-105.35262064476495, 21.809376144514157], [-105.3531384223343, 21.80833325884957], [-105.35431716907317, 21.802797166947027], [-105.35531224711043, 21.80168849453271], [-105.35537384555352, 21.801071250868905], [-105.35552234924316, 21.79958315846963], [-105.35740037682015, 21.798487886739224], [-105.35904548394005, 21.797643672399314], [-105.36117932036885, 21.797708783140934], [-105.36344109917043, 21.79835407532243], [-105.3655898415218, 21.799332453702416], [-105.36679759882712, 21.800733956175435], [-105.3685841962358, 21.801300147877047], [-105.37048114066312, 21.80136714068077], [-105.37166316800545, 21.80119104797508], [-105.37200501260743, 21.800357742310045], [-105.37378483092859, 21.800508730720402], [-105.37568992569085, 21.801073839864358], [-105.3774751997856, 21.801556905531132], [-105.37996860867736, 21.80186783605958], [-105.38223053303363, 21.802512868551837], [-105.38414660439719, 21.803742112549415], [-105.38559153184674, 21.805141447952217], [-105.38679816456873, 21.806459770620226], [-105.3887074894978, 21.80727381450853], [-105.3917893059602, 21.807330395925973], [-105.39284876522876, 21.806906082734457], [-105.39213241688749, 21.80658007970495], [-105.39657147146514, 21.802721982189766], [-105.3988293599545, 21.80311769923539], [-105.40216316557824, 21.804085359223837], [-105.40538404662588, 21.80538609432014], [-105.40792168911858, 21.8083535204372], [-105.40865049223453, 21.809426712375455], [-105.40914234423848, 21.81050196257448], [-105.40903903549534, 21.811416308560784], [-105.41107957048669, 21.81067927598255], [-105.41398624247608, 21.80962934224361], [-105.42180731642992, 21.80964392372], [-105.41965733089123, 21.815724743288175], [-105.41944668339029, 21.817304359902977], [-105.41958456704357, 21.81846571919895], [-105.42042922487433, 21.819371760444515], [-105.42139099558321, 21.820193729072848], [-105.4224615559861, 21.820433453122355], [-105.42388481104, 21.820503989395032], [-105.42464497212966, 21.820348937486266], [-105.42564825447606, 21.81965807439214], [-105.42634251041645, 21.81865547701887], [-105.42716497255546, 21.818233030850006], [-105.42762501903186, 21.817398572215872], [-105.42855761209067, 21.816476905459677], [-105.42996413230132, 21.81555105096232], [-105.43137898786276, 21.815123354014723], [-105.43267535081075, 21.814696692846464], [-105.43363019052917, 21.815103449078666], [-105.43493491215558, 21.81517493930057], [-105.43873059918997, 21.81539040011471], [-105.43979835621738, 21.815463955846937], [-105.43992662113804, 21.816044099361037], [-105.440066065616, 21.8172884670827], [-105.44008702570382, 21.818533887616624], [-105.4404522697128, 21.819111924025847], [-105.44163714429341, 21.81910138592369], [-105.44483910419606, 21.819238946456633], [-105.4474562938429, 21.82685530269127], [-105.4519562432572, 21.82664896212024], [-105.4532273536177, 21.824727640308694], [-105.45696533176796, 21.828513929217713], [-105.45826736698554, 21.828419177427225], [-105.46117890835096, 21.83237888270347], [-105.46795731952574, 21.833729308185017], [-105.46902098089168, 21.833553590044236], [-105.46938213543206, 21.833882476703106], [-105.4699802901643, 21.834209213109887], [-105.47058269345973, 21.834785029187483], [-105.47153069117097, 21.83477642458047], [-105.47236018898346, 21.83476889108274], [-105.47284127066072, 21.835179720626993], [-105.47393328097985, 21.8366645154477], [-105.47430154195229, 21.837408526908142], [-105.47490822947906, 21.83823340798302], [-105.47598326253056, 21.83872186195831], [-105.47716687168253, 21.83862803885168], [-105.47786937061129, 21.838123394453966], [-105.47809075857892, 21.837207934853645], [-105.47803965175282, 21.834218957547645], [-105.47789702122694, 21.83280857614894], [-105.4782283808676, 21.831393872314013], [-105.47892232105215, 21.83039106056804], [-105.48322558721797, 21.825618453243603], [-105.48316016009083, 21.82179920334046], [-105.48406166794202, 21.821522287217093], [-105.48622520212386, 21.820857690199066], [-105.48905465447162, 21.820001324595747], [-105.49094474136695, 21.81965179305517], [-105.49237086539789, 21.81988779251734], [-105.49344010428268, 21.820044027214177], [-105.49462068832305, 21.819784027760726], [-105.49472631515522, 21.819035692520416], [-105.49528301656368, 21.81695455490963], [-105.49620515823385, 21.81545132467109], [-105.49771682971544, 21.813776564451977], [-105.50005782888809, 21.81209412045832], [-105.50146956493151, 21.811499773183645], [-105.50216898005309, 21.810828973892416], [-105.50191912596033, 21.810083926324722], [-105.50154936386146, 21.80925694842048], [-105.50115463916242, 21.80895353777875], [-105.50058865137838, 21.808518479436582], [-105.4939281463201, 21.80019290862526], [-105.496223104535, 21.79837847018074]]]}}, {"type": "Feature", "properties": {"id": 7, "entidad": 18, "distrito_l": 7}, "geometry": {"type": "Polygon", "coordinates": [[[-104.83111158554576, 21.47991433953522], [-104.8308287066147, 21.477881689141444], [-104.83051372369016, 21.4756118291324], [-104.83010114113765, 21.47265344958938], [-104.8298582227163, 21.470907769970964], [-104.8365487001709, 21.470473323416382], [-104.8378499681836, 21.46838576356096], [-104.83867552731733, 21.467061321276258], [-104.84091368926677, 21.46786719963281], [-104.8414504893285, 21.468034320679624], [-104.84199550334257, 21.46823311459746], [-104.84261212807216, 21.468458025739896], [-104.84311414552123, 21.468631025019512], [-104.84455842015213, 21.469128723077983], [-104.84684778862837, 21.469936723755307], [-104.84949085047526, 21.470908144410345], [-104.85161776310629, 21.47163617616844], [-104.85138619148604, 21.472229633208656], [-104.85115008917764, 21.47265296646473], [-104.85101742156616, 21.473332282232626], [-104.85065819000415, 21.47432022918886], [-104.8504220821855, 21.47474356298699], [-104.85024224675563, 21.475449307182867], [-104.85057009749964, 21.47750554999509], [-104.85057886761433, 21.478149695074265], [-104.85060130611693, 21.47834037303168], [-104.85062559896983, 21.478546808338812], [-104.85091877175195, 21.48068754404956], [-104.85095312049668, 21.480938353119644], [-104.85111160172926, 21.48269443208051], [-104.8511862016392, 21.483195378177435], [-104.85142135221706, 21.4847991777378], [-104.85189712447226, 21.48475113076236], [-104.85209590398493, 21.486211536215766], [-104.85225421606654, 21.48659191090301], [-104.85246971961642, 21.486912924256618], [-104.85275129268466, 21.48716839537083], [-104.85296444712279, 21.487317359534305], [-104.855746201613, 21.488616849967027], [-104.85602314086485, 21.48874523151294], [-104.85643983539406, 21.488947621260152], [-104.85637422527284, 21.489058786197578], [-104.85594875768828, 21.488878873827257], [-104.85577447404577, 21.489160960633274], [-104.85627739859062, 21.489402444548514], [-104.85861436200017, 21.49052452881873], [-104.86087879121236, 21.491708132433374], [-104.8619876710002, 21.492178297819216], [-104.86299041292656, 21.49261527614837], [-104.86604746100015, 21.493947433819756], [-104.86874235300019, 21.495232850820226], [-104.87162255485072, 21.496590318148407], [-104.87249400085845, 21.497012765838818], [-104.87279817232131, 21.497222958306452], [-104.87290488896139, 21.497296702765272], [-104.87316762955702, 21.497536546258928], [-104.87326018360035, 21.4977690332574], [-104.87328120988846, 21.497821849282907], [-104.87329903814415, 21.497866631959003], [-104.87339289719175, 21.49810239586062], [-104.8740036654759, 21.500351108422535], [-104.87422071991645, 21.501080718398672], [-104.87435999810792, 21.501548884806166], [-104.87439579987857, 21.501669228599738], [-104.87444738580965, 21.50184262839414], [-104.87467381006364, 21.502603717928412], [-104.87527534562454, 21.50464688484265], [-104.8757520993638, 21.50626617696094], [-104.8756305763573, 21.50629824296524], [-104.87523759945044, 21.506401935915477], [-104.87518279359935, 21.506416396650565], [-104.87509261064332, 21.50644019315215], [-104.87494647116444, 21.506478753860915], [-104.87489572572889, 21.50649214363697], [-104.87446200621831, 21.50660658486555], [-104.87387802413703, 21.50676067230813], [-104.87320496017995, 21.50665541184455], [-104.87279181405212, 21.50659079850899], [-104.87244896767172, 21.506557543886366], [-104.87147977342659, 21.506444694254004], [-104.8712714398888, 21.506414885570106], [-104.87093959215785, 21.50636740372358], [-104.87035316201023, 21.506283493714548], [-104.86997512730501, 21.50622940105683], [-104.86943749931358, 21.506152470792248], [-104.86853987778856, 21.50602402429734], [-104.86849668571354, 21.506017843535485], [-104.86831445996488, 21.505991766920694], [-104.86864684566092, 21.50493380352076], [-104.86864221743102, 21.504744256078453], [-104.86864054544152, 21.504703977323537], [-104.86866924623158, 21.504638127425387], [-104.86873104466859, 21.50448169274288], [-104.86875817348519, 21.50441769060795], [-104.86876865242118, 21.504318674267758], [-104.86877263464079, 21.50424382131629], [-104.86878759788549, 21.504052359572736], [-104.86879297478107, 21.503856597778988], [-104.86879013330412, 21.5037436688498], [-104.86880349000249, 21.503675259151624], [-104.86884631178647, 21.503592392436317], [-104.86890070508478, 21.50350497380314], [-104.86894810990476, 21.503444788790677], [-104.86896920917499, 21.50338599309024], [-104.86899135706166, 21.503307118866562], [-104.86898797821122, 21.503239267357788], [-104.86894382538463, 21.503176695706905], [-104.86886166867971, 21.503089810808895], [-104.86875683517103, 21.503004018642326], [-104.86857523840261, 21.50290128298473], [-104.86840083013932, 21.50282013112768], [-104.86820294757221, 21.50271452685615], [-104.86796051449022, 21.50260750177941], [-104.86778174064241, 21.50257986559436], [-104.86757193825292, 21.50251198018539], [-104.86745755181641, 21.502472039284036], [-104.86733974309944, 21.502421143034407], [-104.86723270097343, 21.502334275813826], [-104.86714605535212, 21.502181561755673], [-104.86710822721832, 21.502073852850973], [-104.86705181780592, 21.501914746626944], [-104.86698752317932, 21.501824368429464], [-104.86690372233683, 21.501731683559736], [-104.86679056931992, 21.501652563466596], [-104.86668594063121, 21.501608328281698], [-104.86665607662329, 21.501590575207356], [-104.86662621262262, 21.501572822127752], [-104.86637938786825, 21.501531845005307], [-104.86611056498194, 21.501457618667022], [-104.86588904434096, 21.5015462542572], [-104.86566763217104, 21.501516471912765], [-104.86536713464291, 21.50148662528455], [-104.8650191450069, 21.50150114692607], [-104.8646236629347, 21.50156003573814], [-104.86432315181285, 21.501544989703522], [-104.86416507706646, 21.501441245726316], [-104.86411781829824, 21.50123397627276], [-104.8639755473208, 21.501145047185407], [-104.86391236172945, 21.501056182247627], [-104.86362760600015, 21.50102429082197], [-104.86356744428033, 21.501029661903825], [-104.86344663000017, 21.501040447821943], [-104.86338739274782, 21.50113724827943], [-104.86331962900017, 21.501247981821983], [-104.86323503800281, 21.50158321377384], [-104.86313230400016, 21.501990343822236], [-104.86307984600019, 21.50227979282237], [-104.86340524500015, 21.50318316682258], [-104.86287669700019, 21.504031048822903], [-104.86048264200019, 21.504152562822895], [-104.85947181900018, 21.503904192822883], [-104.85919158700017, 21.503448866822684], [-104.85769554200019, 21.50312297482258], [-104.85652510400018, 21.503121973822644], [-104.85535475000019, 21.503034490822554], [-104.8547500940635, 21.503105686013548], [-104.8542611860002, 21.50316325082263], [-104.85304381455187, 21.50367163302231], [-104.8519193160002, 21.50414121982291], [-104.85043628949683, 21.504330142871638], [-104.8480994560002, 21.50462780482307], [-104.84723546252586, 21.504562328136657], [-104.84655951100018, 21.50451109882303], [-104.84579906210824, 21.50462108156194], [-104.84517323900019, 21.50471159082305], [-104.84320238600017, 21.504306210823], [-104.84273219258098, 21.50436763700372], [-104.84221660650995, 21.504434991708614], [-104.84160006100018, 21.504422868822953], [-104.84144659033691, 21.504419850135474], [-104.8411935483072, 21.504813611751658], [-104.84112262900038, 21.504923969646303], [-104.84106032093116, 21.505035348440423], [-104.84039738100043, 21.50622037464707], [-104.83957187716068, 21.50698285103063], [-104.83927841900041, 21.507253900647694], [-104.83941091732312, 21.507413427712397], [-104.83952944900042, 21.50755613864795], [-104.83938923700046, 21.507658663647963], [-104.8400065209856, 21.508553859846266], [-104.83945958327232, 21.510102386990305], [-104.839555824475, 21.51101470742633], [-104.84028551675928, 21.512330446706905], [-104.83948322561008, 21.5123417069333], [-104.83878445330102, 21.513162808121706], [-104.83837202571681, 21.513141821322357], [-104.8375077338774, 21.513951772064793], [-104.8374622467381, 21.514611802956345], [-104.83792814683864, 21.517524495631598], [-104.83348303768301, 21.532707532929], [-104.83384439973925, 21.534036183355013], [-104.8347992840379, 21.535448766329853], [-104.8359900877266, 21.536529690449154], [-104.83765167487937, 21.536698278140943], [-104.83931774611446, 21.537945922955416], [-104.83932360475869, 21.53935701905931], [-104.83909494104826, 21.541431795259882], [-104.83886558191192, 21.54334055938006], [-104.83886931999967, 21.544241600212228], [-104.83887212475203, 21.544917665743082], [-104.83794395772846, 21.549979541558933], [-104.83735828127544, 21.55180474565988], [-104.8364138976451, 21.552965350366826], [-104.83653769194419, 21.55421061723017], [-104.83678185512507, 21.555871095422688], [-104.83631376423374, 21.557447461572014], [-104.83560630028123, 21.55852542401621], [-104.83501919099088, 21.560018595901965], [-104.83490737771166, 21.561678519436473], [-104.83431888140436, 21.56283966423626], [-104.83313435710218, 21.563335834851458], [-104.8320650781011, 21.563002128759575], [-104.8306401729535, 21.562750855929245], [-104.82898168497503, 21.56341225097307], [-104.82779849023268, 21.564240403157783], [-104.82282289247952, 21.566224452520505], [-104.82150659861655, 21.56348313486097], [-104.81960541167145, 21.562815959985972], [-104.81806120892568, 21.562398372551915], [-104.817110960295, 21.562147773607602], [-104.81556511659919, 21.5613151362093], [-104.81529048870354, 21.56152288735314], [-104.81388857168598, 21.562635874533605], [-104.81367256522458, 21.56280603554106], [-104.80418715710091, 21.564615830797752], [-104.7973630034474, 21.57008624725577], [-104.79599781703683, 21.56410328694274], [-104.78863282486692, 21.56193176630923], [-104.78767884894137, 21.560684936145513], [-104.78054803988755, 21.557600439372166], [-104.77959944187245, 21.557764653834298], [-104.77829023577839, 21.556683105917], [-104.77805014488507, 21.555935606113714], [-104.77721896915267, 21.555768011686183], [-104.77650459296936, 21.555102608151756], [-104.77590702196756, 21.553939396942262], [-104.77554614066494, 21.552610628369948], [-104.77518526582288, 21.551281858861884], [-104.77470790626813, 21.55053389789773], [-104.77256613466473, 21.548869667153735], [-104.77161697277583, 21.54886782600119], [-104.77149373704275, 21.54762251448324], [-104.77219640913451, 21.545133733715396], [-104.77195667426538, 21.54446922997876], [-104.77171724772724, 21.543887731307745], [-104.77159554546024, 21.543057446417524], [-104.77052686443024, 21.542806352553185], [-104.76850845781932, 21.542387382494017], [-104.76601611061037, 21.542133461986236], [-104.76399772678816, 21.54171443851609], [-104.76210009879298, 21.541876664978368], [-104.75889474148248, 21.54128919182717], [-104.75770417688685, 21.54012471668245], [-104.75721800463705, 21.536886542275262], [-104.75626059395996, 21.534560461266686], [-104.75351959776296, 21.53106865844972], [-104.75208983406439, 21.529322617975144], [-104.75090030397774, 21.528407110791903], [-104.74851366900694, 21.524417926942533], [-104.74768065960238, 21.523669147775948], [-104.7463714119165, 21.522421338804133], [-104.74612891386889, 21.520926741833346], [-104.74552997458326, 21.519265387057338], [-104.7445789710868, 21.518682354739436], [-104.74374601442358, 21.51793355594285], [-104.74386172973695, 21.517103749899405], [-104.74421526200844, 21.51644045452297], [-104.74421119277427, 21.515278375781843], [-104.74334104485594, 21.512897711547808], [-104.74205552306825, 21.50938046519566], [-104.74428707120721, 21.50307678797], [-104.74428209087148, 21.50165500843005], [-104.74427718530808, 21.500254591942273], [-104.74439142831129, 21.499009754653393], [-104.74533764202123, 21.498264695392717], [-104.74616407540229, 21.49718735920851], [-104.74639660972862, 21.495859762206962], [-104.74639047795853, 21.494116639569686], [-104.74626720659364, 21.492788297857963], [-104.74756331354111, 21.490383851100283], [-104.74589740511594, 21.48880327104285], [-104.74658736385558, 21.482662320355896], [-104.74990350970124, 21.481424135073315], [-104.75679396517825, 21.484841472754223], [-104.75727370531024, 21.48633654176217], [-104.75834523778224, 21.487500783752687], [-104.7596503853589, 21.487669424646267], [-104.76071594368719, 21.487173532251916], [-104.76213968649489, 21.487342391445324], [-104.76308965422993, 21.487676306781733], [-104.76403962634723, 21.48801021674482], [-104.76498536695333, 21.487182037636334], [-104.76605211668527, 21.487018134964664], [-104.76735666165413, 21.487020703739443], [-104.7680688403273, 21.487188112588022], [-104.76913497701692, 21.486858178203978], [-104.77138797391824, 21.486779561189316], [-104.77328641340074, 21.487032251658274], [-104.77470801387888, 21.486619961758514], [-104.77589272636985, 21.486290211874334], [-104.77660151090619, 21.485544518052805], [-104.7770731016349, 21.48479836896059], [-104.77789829631115, 21.483471853071798], [-104.77944185992895, 21.48397281459428], [-104.77980168051265, 21.48505256636299], [-104.78064117842739, 21.48754431510123], [-104.78147384254584, 21.488209926749363], [-104.78147914500673, 21.48962102907318], [-104.78112553525892, 21.49020140157458], [-104.78041426038224, 21.490283066179217], [-104.78041675079874, 21.490947114171544], [-104.78089425970288, 21.4917780687168], [-104.78387840373769, 21.498164069643604], [-104.78422205291488, 21.497685393645472], [-104.78449433158438, 21.497284861525777], [-104.78482857215998, 21.496875406415533], [-104.78508942219858, 21.49657747342693], [-104.785413801464, 21.49627182153088], [-104.78562982733499, 21.496084246788467], [-104.78578735047299, 21.4959621264992], [-104.78569887198118, 21.4956803058201], [-104.78584632623279, 21.49558673196475], [-104.7860899005814, 21.49544359763628], [-104.78646627027659, 21.49523321140718], [-104.78667808768259, 21.495110391071783], [-104.78692985419961, 21.494955494309334], [-104.78717058274671, 21.494813682292417], [-104.78737913964989, 21.494691034073576], [-104.78755442086118, 21.494587330640126], [-104.7877495305933, 21.49446802506123], [-104.7879462494123, 21.49435276335819], [-104.7880923455553, 21.49425889419472], [-104.78822799811519, 21.49417337086667], [-104.78832765028291, 21.494100159846386], [-104.7884199509703, 21.494027475506535], [-104.788496391053, 21.493960708424115], [-104.78858656724539, 21.49387053342514], [-104.7886934497301, 21.493767117342568], [-104.7888445149912, 21.493635865839526], [-104.78889665412538, 21.493597523899332], [-104.78893703551438, 21.49357456958347], [-104.78899003163559, 21.493556171919508], [-104.78903686153298, 21.49354546360677], [-104.7890837974852, 21.49353903519549], [-104.78922528773579, 21.493529958149864], [-104.7893568952609, 21.493531818192498], [-104.7894644044589, 21.493526870943377], [-104.7895140352994, 21.493521469499857], [-104.7895675695515, 21.493509589779066], [-104.7896318971383, 21.493485481663633], [-104.78975254460808, 21.493432861408593], [-104.7900447615569, 21.493296537977333], [-104.790323841351, 21.493175095134507], [-104.7905884534551, 21.493050787652265], [-104.7908061209741, 21.49295136722775], [-104.79103355544258, 21.4928472069549], [-104.79123551521138, 21.492757306631372], [-104.79141406775221, 21.49267398024029], [-104.79154682018998, 21.49261711129583], [-104.7916995445274, 21.49255596253268], [-104.79183851299848, 21.492503333069834], [-104.79194935791229, 21.492467841379526], [-104.79206620146809, 21.492440598706622], [-104.79215614067328, 21.49242201062933], [-104.79237973371946, 21.492378538821615], [-104.79253243156109, 21.492341137768562], [-104.7928126289306, 21.492254466184953], [-104.7929215392178, 21.49222709611963], [-104.793023250284, 21.492194529804976], [-104.7931161264147, 21.492158789134198], [-104.79320582964168, 21.492122589641745], [-104.79328907693412, 21.49207810489191], [-104.7933576597492, 21.492023248246404], [-104.79348037456349, 21.491917638260954], [-104.79355680085938, 21.49185706326362], [-104.79362909352949, 21.49179756672139], [-104.79371001287059, 21.491749398904865], [-104.793785569933, 21.491713112004284], [-104.79387115455988, 21.49167915631242], [-104.79395228676319, 21.491652091286255], [-104.79405838913158, 21.491620989666075], [-104.79417046406238, 21.4915920781394], [-104.7942862965844, 21.4915676097095], [-104.79442443295929, 21.491537508399848], [-104.79453049884567, 21.491509231448966], [-104.79459608432607, 21.49148539027765], [-104.7947303802665, 21.491431066914334], [-104.79482284097838, 21.49138600799628], [-104.79492514350359, 21.491336546568636], [-104.79501616272726, 21.49128948351952], [-104.79511685262489, 21.491236169190522], [-104.79527408628549, 21.49115358781032], [-104.79538292939947, 21.491092570532327], [-104.7955098645149, 21.49101143924926], [-104.79564490015987, 21.490919615878106], [-104.7957626063224, 21.49083476930818], [-104.79588007545578, 21.490741636975425], [-104.79601525821619, 21.49064007453193], [-104.7961029684277, 21.49055024434878], [-104.79615792981818, 21.490508202816162], [-104.79626875217818, 21.490412190934173], [-104.79637277696749, 21.490334120233335], [-104.79651424707258, 21.49024754809295], [-104.79668923704611, 21.490150207697447], [-104.79693514688398, 21.490028546785666], [-104.7971275250005, 21.48993513241128], [-104.79731360179461, 21.48985052374004], [-104.79748586391528, 21.48977081404352], [-104.79766279611148, 21.48969359342548], [-104.79793119129559, 21.48960257199731], [-104.79801237319577, 21.489576585776597], [-104.7980828554868, 21.489559132915986], [-104.79813919518189, 21.48955136041437], [-104.79820881527708, 21.489544580940752], [-104.79825272001928, 21.489542246550517], [-104.79828355778264, 21.48953499066178], [-104.79858722100013, 21.489409403909193], [-104.79899337500014, 21.489245158909192], [-104.79959919000014, 21.488987814909144], [-104.79982815000012, 21.48887425490913], [-104.79999645600016, 21.488812438909104], [-104.80027084000011, 21.488695335909085], [-104.80068023200013, 21.488502979909125], [-104.80110031800012, 21.488334098909068], [-104.80139213400014, 21.488207106909012], [-104.80163409800012, 21.488094401909], [-104.80190437400012, 21.48797036390902], [-104.80213462300013, 21.48786976890898], [-104.80236105100012, 21.48776807690898], [-104.80270241800014, 21.48761679590896], [-104.80303225200011, 21.487465618908946], [-104.80334426600014, 21.487324655908893], [-104.80357370800016, 21.487215533908902], [-104.80376896500013, 21.48712031990892], [-104.80389915100012, 21.487051788908822], [-104.80396992400013, 21.487059135908833], [-104.80419063000012, 21.486974130908862], [-104.80444529900012, 21.48684651990884], [-104.80457911400013, 21.486779516908815], [-104.80459876200013, 21.486768165908813], [-104.80474201800013, 21.486685397908847], [-104.80483349000012, 21.48663601890883], [-104.80487436900015, 21.486617610908805], [-104.80490743600014, 21.486605699908782], [-104.80496732300011, 21.48659852790878], [-104.80505109000013, 21.486587831908825], [-104.80524989600015, 21.486569231908813], [-104.80556251700015, 21.486558471908776], [-104.80590989100014, 21.486532696908775], [-104.80630101200013, 21.48650642190879], [-104.80668387700013, 21.48647573890877], [-104.80713729500012, 21.4864400409088], [-104.80758383100012, 21.486401828908757], [-104.8078397600001, 21.486475368908742], [-104.80816695700011, 21.486475378908754], [-104.80840501604536, 21.486418157603964], [-104.80878650236714, 21.48635972777049], [-104.80906912655799, 21.486323844515145], [-104.80955483831035, 21.48629537990858], [-104.80980479163755, 21.486277135270957], [-104.81002839061114, 21.486264871886746], [-104.81036801991208, 21.486235695320765], [-104.81074770731037, 21.486208250894983], [-104.81099087219243, 21.48619095400642], [-104.81138871360064, 21.486163201387615], [-104.81171489527185, 21.486138359699194], [-104.81206635599744, 21.486114927448085], [-104.81232558075905, 21.486094787804962], [-104.81263150085398, 21.48608135065868], [-104.81282944236281, 21.486067084493012], [-104.81322839100012, 21.487480022908912], [-104.81335614400011, 21.48809878690901], [-104.81344292000011, 21.488554046909073], [-104.81350495700012, 21.488935237909168], [-104.81356956800012, 21.48942310990924], [-104.81360965027233, 21.48979117108951], [-104.81376718815964, 21.489513273701938], [-104.81387265695894, 21.489331260101793], [-104.81404131058974, 21.489039254833497], [-104.81423585850224, 21.48871915124647], [-104.81436381883495, 21.488515763841065], [-104.81447751220362, 21.48834047610751], [-104.81462469071305, 21.488125734147985], [-104.81471271, 21.488005868999974], [-104.8147382804165, 21.487971046204127], [-104.8148361431522, 21.487844387365968], [-104.8149492509907, 21.487704766393048], [-104.8150452667838, 21.487583044674874], [-104.8151528584728, 21.487458307432355], [-104.8152841100278, 21.48731119757326], [-104.815367906035, 21.487222216976555], [-104.8154505887103, 21.48713323387099], [-104.8155923891811, 21.486991039129446], [-104.81569908622352, 21.486885955380732], [-104.81579420226521, 21.486797745214485], [-104.8159187872124, 21.486686478180218], [-104.81603623976291, 21.48658262290278], [-104.81616832127261, 21.486471671877737], [-104.8162995339502, 21.486364373586046], [-104.8164303607686, 21.486261194056603], [-104.8165342348198, 21.486180093789024], [-104.8167007631313, 21.486055039478735], [-104.8168478631079, 21.48595074996025], [-104.81701944821492, 21.485832964449028], [-104.817211585394, 21.48570814043879], [-104.8173922603106, 21.4855973740879], [-104.8175606514435, 21.485499073689216], [-104.8178083206159, 21.48535789488389], [-104.8181402105923, 21.48517522290194], [-104.8182966318545, 21.485088996752363], [-104.8185013239844, 21.484976386212566], [-104.8186723287095, 21.484887200634233], [-104.8188975126677, 21.484774411861462], [-104.8191873691538, 21.48463068762184], [-104.8193894738452, 21.48453156966251], [-104.8195289903768, 21.484468022154783], [-104.819683650896, 21.48439511825621], [-104.819896023036, 21.484296294724402], [-104.8202808570921, 21.484128500708145], [-104.82054262300554, 21.484016860973657], [-104.82072486792345, 21.483941526394496], [-104.82086246645444, 21.48388505281007], [-104.82102508963307, 21.483821046687268], [-104.82124036740755, 21.48373625843078], [-104.82140671700225, 21.483676627541932], [-104.82156477100254, 21.48361539928093], [-104.82174125084654, 21.48355171444914], [-104.82189561375108, 21.48349744192958], [-104.82204686508827, 21.483445732451507], [-104.82221658692113, 21.483389599285722], [-104.82238059444434, 21.48333472502703], [-104.82255565818615, 21.48327900797482], [-104.8227957796686, 21.483207498341635], [-104.8229409655333, 21.483161503866036], [-104.8230784906721, 21.483122834064986], [-104.82328404738371, 21.483062028868773], [-104.8234669076537, 21.483013840051502], [-104.82366661728291, 21.482960371257665], [-104.8237852616074, 21.482930054484836], [-104.823931867182, 21.482890560010894], [-104.8241105262306, 21.48284602787594], [-104.8243346897653, 21.482795215321307], [-104.8245347438401, 21.482749885813547], [-104.8247194664637, 21.482711085520226], [-104.8248779121488, 21.48267912874455], [-104.8250379347848, 21.48264743660307], [-104.8252291470229, 21.482611121652223], [-104.8254449164196, 21.482570372419794], [-104.8256728968054, 21.48253295928423], [-104.8259086722661, 21.48249740111379], [-104.8260738894872, 21.482471955362136], [-104.82628417934872, 21.48244380072517], [-104.826480656453, 21.482417072702056], [-104.8266881858154, 21.48239290597858], [-104.8269191954553, 21.482365331218496], [-104.8271009506186, 21.48234693230656], [-104.8273302662478, 21.482327404502175], [-104.8274912891069, 21.482314583189673], [-104.8277238853608, 21.48229436642166], [-104.82791710036591, 21.482281848149956], [-104.8281134604779, 21.48227169794767], [-104.8283041151817, 21.482261682234796], [-104.8284824255028, 21.482255036773058], [-104.8286852706201, 21.48224834367657], [-104.8287834279938, 21.482246807993832], [-104.82972634130577, 21.48224391374671], [-104.82972291078057, 21.48173942830362], [-104.82971234620601, 21.480906183282222], [-104.82960292180077, 21.48011845358246], [-104.83111158554576, 21.47991433953522]]]}}, {"type": "Feature", "properties": {"id": 9, "entidad": 18, "distrito_l": 9}, "geometry": {"type": "Polygon", "coordinates": [[[-104.91751854119964, 21.523179159603515], [-104.9181368906871, 21.52231240196837], [-104.91872760566204, 21.521484368534697], [-104.9195804711401, 21.520288845405855], [-104.91959694015881, 21.52026575936191], [-104.91961514589474, 21.520235974436087], [-104.91924459970184, 21.52007770747268], [-104.91860623213869, 21.519829784870115], [-104.91757326069693, 21.519353258480756], [-104.91715219161902, 21.51911893026426], [-104.91678060687998, 21.51891074064376], [-104.91671095978957, 21.518871718945064], [-104.91666955385392, 21.518848520510545], [-104.91632108192212, 21.518619041342657], [-104.91607436421067, 21.518456569488297], [-104.9159118308737, 21.518349535458995], [-104.91587542469664, 21.518325560642914], [-104.91577768533323, 21.5182611955736], [-104.91473796999986, 21.517573647915352], [-104.91433031346186, 21.517304067414912], [-104.9139546608642, 21.517063075256008], [-104.9134088024739, 21.516712888460535], [-104.91251950286596, 21.51614236519168], [-104.91213959088729, 21.51589863276189], [-104.91004231981104, 21.514553098805337], [-104.90932668305929, 21.51409658455844], [-104.90887589587346, 21.513797572407086], [-104.90824185542104, 21.513402135372203], [-104.90807235950726, 21.51329642408896], [-104.90783135890003, 21.513142324166243], [-104.90761825218243, 21.513007930212055], [-104.90705001503773, 21.512649573706152], [-104.90620356153003, 21.512115754294054], [-104.90545088445673, 21.511641068485737], [-104.90483727986489, 21.511254085730855], [-104.90471989416874, 21.511180053347253], [-104.90422102866275, 21.510865429963875], [-104.9034993475227, 21.510410275536405], [-104.90275251651303, 21.509846292558418], [-104.90266722728539, 21.509723135515074], [-104.90190634858112, 21.50859941201119], [-104.90186359680497, 21.508534783229198], [-104.90162558874295, 21.508159360679564], [-104.90144128430899, 21.50786864610531], [-104.90094771298506, 21.507090099189735], [-104.90120307141513, 21.506551302838883], [-104.90152293980577, 21.505884441496686], [-104.90174171366851, 21.505175165276864], [-104.90196821607854, 21.50432861825998], [-104.90231521846835, 21.503039372381824], [-104.90228390924402, 21.50273956541413], [-104.90216858012789, 21.50243233738835], [-104.90187659434191, 21.50211146463569], [-104.90209955473821, 21.501817702710373], [-104.90229585135219, 21.501955658098854], [-104.90254353351875, 21.502232468793196], [-104.9025958698784, 21.50211327355048], [-104.90279325782318, 21.501777660108047], [-104.90283943671128, 21.501707662789055], [-104.9031392800941, 21.501686634071312], [-104.9032705614934, 21.501636465044776], [-104.9034117944794, 21.50158249053831], [-104.90369122868546, 21.501264051349004], [-104.9043162841746, 21.500564334274518], [-104.90490364580744, 21.499896220909992], [-104.90482283946277, 21.49985470990825], [-104.90435769407863, 21.499615737259074], [-104.90374827806953, 21.49930264588118], [-104.90312763258736, 21.498983776473256], [-104.90253547498625, 21.498679536620102], [-104.9030619294569, 21.497778872721884], [-104.90358569560232, 21.49687845218578], [-104.90419765939833, 21.49719637459961], [-104.90482327861997, 21.497521327116736], [-104.90545292877417, 21.497848369188794], [-104.90588396263706, 21.498072243830872], [-104.9062022679511, 21.49752408040431], [-104.90644654231278, 21.4971034136182], [-104.90653344187045, 21.496953758405414], [-104.90618965447794, 21.496764964412616], [-104.90669448638161, 21.495880231145936], [-104.90705360869585, 21.49605124458695], [-104.90724235901321, 21.496124743554063], [-104.90741590364182, 21.49619232084603], [-104.90662561869901, 21.49515250296315], [-104.90641734572387, 21.494878463766867], [-104.90492928625332, 21.492920489188545], [-104.9042696842648, 21.492043840167714], [-104.90405615751354, 21.491688719260434], [-104.9037967961518, 21.491257367137727], [-104.90368382949586, 21.4905870715865], [-104.90360027810998, 21.490091309062226], [-104.90358381628391, 21.48990553207115], [-104.90348137470453, 21.488749439944204], [-104.90346883183497, 21.48860788667082], [-104.90337668670173, 21.48754888896987], [-104.90324816529696, 21.486959919850502], [-104.90303920033136, 21.486537521865564], [-104.90241460923579, 21.485802826655295], [-104.9018638302634, 21.485159668734006], [-104.90183031190887, 21.48512052829926], [-104.9012414644781, 21.484423722227397], [-104.9011175388072, 21.484277075047267], [-104.9005160261275, 21.48356949787074], [-104.89964249815894, 21.482598331516932], [-104.89941068938835, 21.48263127942167], [-104.89955186525552, 21.4828928208537], [-104.89965080400916, 21.483034689619323], [-104.89974451253966, 21.48316905843371], [-104.89979191257548, 21.483277950312317], [-104.89985183077088, 21.483415599848104], [-104.89990004517546, 21.483641985226413], [-104.89960442599313, 21.48364431039089], [-104.89931327366375, 21.48364659991066], [-104.89884539059632, 21.483650278116404], [-104.89797751424199, 21.48364623092643], [-104.89765601455669, 21.483644730524787], [-104.89673057891667, 21.483640408172683], [-104.89591504044246, 21.48363659486045], [-104.89536471123901, 21.483634019370914], [-104.89485542022953, 21.483631634322037], [-104.89378076808485, 21.48362659655179], [-104.89313241429062, 21.48362355384751], [-104.89294006695732, 21.483621114186032], [-104.89248561792715, 21.48219688180832], [-104.89227709145858, 21.48167289437567], [-104.89201697147428, 21.480759856820903], [-104.89167233347804, 21.479703682094645], [-104.89145988053261, 21.479116786533567], [-104.89137081209564, 21.47882662120781], [-104.89086168344669, 21.477155309280917], [-104.89076524567618, 21.476925767630465], [-104.89042310134161, 21.475842744762975], [-104.88998986630133, 21.474583371226007], [-104.88967976205883, 21.47363873184634], [-104.88961048401414, 21.47337948766234], [-104.88936597189873, 21.47251479738929], [-104.88895355627096, 21.47128268959622], [-104.8889407391591, 21.471238274833933], [-104.88891553525062, 21.47115017679827], [-104.88899168036038, 21.471205542972683], [-104.88912633990822, 21.47103397134739], [-104.8893035612215, 21.470808170391685], [-104.8896742463453, 21.470335870725837], [-104.89232503609145, 21.466958318143803], [-104.90705554951745, 21.47266660659024], [-104.90819314846074, 21.472683925378018], [-104.91166114561024, 21.47273667319588], [-104.91534380834534, 21.47279260785183], [-104.91933411719029, 21.47285312305897], [-104.93265720745654, 21.471670112558417], [-104.94971567672516, 21.472960509698765], [-104.95841900932547, 21.470810030278564], [-104.96497642670708, 21.47153970957207], [-104.96966726714602, 21.472061522512284], [-104.97314155309668, 21.472447917714394], [-104.97844558070707, 21.469518856603695], [-104.98068224648013, 21.47156480683906], [-104.9850994965256, 21.475605150683652], [-104.99447912930661, 21.478715006279224], [-105.0035001082739, 21.474996833956812], [-105.01229815558032, 21.476475948686165], [-105.01318143655858, 21.476624417152983], [-105.02054778590737, 21.471869295837177], [-105.02881488904751, 21.46799646869708], [-105.03733811388983, 21.463812011058497], [-105.04511807522834, 21.459533640671765], [-105.05454323529284, 21.45836230459095], [-105.06380806668734, 21.456700961621507], [-105.07307702362655, 21.455003302922098], [-105.08267951345465, 21.453708627595162], [-105.08278789378403, 21.453689373587185], [-105.08239273763128, 21.454306550933033], [-105.08181242265056, 21.456464660236957], [-105.08206161969188, 21.458539831801403], [-105.08372647239436, 21.45937002158788], [-105.08574658250006, 21.460117210644405], [-105.08764959438939, 21.461113387377342], [-105.08706690505568, 21.462856483042927], [-105.08648420193609, 21.464599576362225], [-105.0848265309639, 21.465014504592673], [-105.08340938852749, 21.466010476147872], [-105.0823503782189, 21.467421494674348], [-105.08295052003353, 21.468666631008787], [-105.08319395983307, 21.46974572649026], [-105.08225205665849, 21.470907735014553], [-105.08036242989446, 21.47223566470318], [-105.07882900464715, 21.473646615475634], [-105.07788608197959, 21.4746425872241], [-105.07754135743339, 21.476551684534655], [-105.07791151812405, 21.479041899697606], [-105.0788703248986, 21.480785121812566], [-105.08053541285534, 21.481615340417676], [-105.08267392353858, 21.482279568646202], [-105.08350890007868, 21.48310969000768], [-105.08363184181285, 21.483856750927682], [-105.07796719661229, 21.48867057548856], [-105.0811881175981, 21.491908110574915], [-105.08107529932815, 21.492904168888234], [-105.08108108113383, 21.49390023748377], [-105.08156079051824, 21.494813341281006], [-105.08132888751172, 21.4957263836], [-105.07959181819896, 21.499387120505926], [-105.07664180403356, 21.505603580350172], [-105.07569291534422, 21.50560346923095], [-105.07462493732888, 21.505520332152877], [-105.07367700450668, 21.505686220830945], [-105.07308776749875, 21.50635018650439], [-105.07273718108844, 21.507263199730193], [-105.07250472646803, 21.508093223050643], [-105.07131954803472, 21.508259065212258], [-105.07048639996935, 21.507760908147592], [-105.06965278216565, 21.507179741250695], [-105.06846333525323, 21.506598512436792], [-105.06680561122246, 21.50709626703533], [-105.0660986712118, 21.50792619873738], [-105.06551175603974, 21.509005165774443], [-105.0649224685475, 21.50966910250893], [-105.06421408842532, 21.51025000917441], [-105.06375001449786, 21.51207604258905], [-105.06411011414527, 21.512823160716643], [-105.06448061255257, 21.515396400762604], [-105.06496596288636, 21.51730561664299], [-105.06545037980683, 21.51904881958348], [-105.0653412181591, 21.520708908530192], [-105.0588699701671, 21.530087216902093], [-105.05709846790677, 21.531497908113266], [-105.05485099689938, 21.532659448793996], [-105.05212569492025, 21.533239798040157], [-105.05072765532285, 21.537804719435357], [-105.05073881074775, 21.539796848898664], [-105.05180795702026, 21.54004614866292], [-105.05287803900009, 21.5404614522997], [-105.05299947505924, 21.540959514826994], [-105.05218110297253, 21.543117440037403], [-105.05194987157516, 21.544196447578553], [-105.05171724058394, 21.545026438684694], [-105.05207689480994, 21.54569057446283], [-105.05326426413332, 21.54585689019709], [-105.05397846042734, 21.54627209574823], [-105.0546926607801, 21.546687298211566], [-105.0549336876169, 21.54735139854875], [-105.05493789277031, 21.548098446147424], [-105.05470527261384, 21.548928441010936], [-105.0544745177678, 21.550090456547487], [-105.05447918767734, 21.550920509176127], [-105.05306473637684, 21.552580257645786], [-105.05259899199905, 21.554157235691765], [-105.05260644710994, 21.55548531932846], [-105.05273348716075, 21.556979443654686], [-105.05262182379359, 21.558224491158427], [-105.05227517767904, 21.55988450293407], [-105.05252460214751, 21.562042698627106], [-105.05300715558265, 21.563453907792116], [-105.05348971838583, 21.56486511530164], [-105.0531426002419, 21.56644212246219], [-105.053388783812, 21.568019279480772], [-105.053399512368, 21.569928396390086], [-105.0529383787618, 21.572335422747404], [-105.05366436975508, 21.57482575395722], [-105.05367230271838, 21.576236839237907], [-105.05403437744036, 21.5773159931291], [-105.05463426531443, 21.578478209349196], [-105.05499682018419, 21.57964036580272], [-105.05500429899307, 21.580968445219515], [-105.05477256183137, 21.581964446907552], [-105.05394745151281, 21.582960301525855], [-105.05347835436058, 21.58395624195398], [-105.05336621071376, 21.585118281030507], [-105.05349048552813, 21.58611436993616], [-105.05302184147165, 21.587193313630017], [-105.05195653874239, 21.587691067912886], [-105.05219901895727, 21.588604183503097], [-105.0532717911585, 21.589434505887052], [-105.0533960690797, 21.59043059434019], [-105.05281012822655, 21.591758521522753], [-105.05186440437669, 21.59242231500912], [-105.05044254821519, 21.59283696112295], [-105.0494981995981, 21.593749755665353], [-105.04867623377775, 21.595326616829162], [-105.04868551168342, 21.596986713736257], [-105.04928497404944, 21.598065941594644], [-105.05047741636784, 21.599062323326354], [-105.05107364364713, 21.59956051093188], [-105.05167034062399, 21.600141701142746], [-105.05155584259194, 21.600888712946198], [-105.05167825621578, 21.601552782260605], [-105.05286794563098, 21.60205111782364], [-105.05441090993152, 21.602051504256337], [-105.05560201635024, 21.602798834439813], [-105.05631837188541, 21.60354604543237], [-105.05632352304784, 21.60445909736957], [-105.05656512195449, 21.605206195225016], [-105.0560936305795, 21.605787116967218], [-105.05550578153179, 21.606783032490505], [-105.05586560611376, 21.607447154806778], [-105.05764742266331, 21.607696581248575], [-105.06061995493776, 21.608610277496506], [-105.06204806633906, 21.609274605403485], [-105.06288743147992, 21.610768852747274], [-105.0631290746285, 21.611515940401908], [-105.06301462664152, 21.61226295895654], [-105.06314040778648, 21.613508051002338], [-105.06385921801092, 21.61467025129173], [-105.06445555507997, 21.61516838976257], [-105.06505473619048, 21.616164553452567], [-105.0654165217857, 21.617160672423402], [-105.0658946459496, 21.617741788756717], [-105.06637561849669, 21.618820930868974], [-105.06649906338264, 21.61965099670172], [-105.06685659820171, 21.619900071431893], [-105.06804553942575, 21.620232287858578], [-105.06852225821825, 21.620564382855367], [-105.07042486735357, 21.6211457086048], [-105.07220783118193, 21.62156098715466], [-105.0747030398247, 21.621976336002056], [-105.07683830357911, 21.621727572723366], [-105.07861936823416, 21.621810764627885], [-105.079571421532, 21.6222258790073], [-105.07945560503735, 21.622723894402895], [-105.07874769736068, 21.62347086520742], [-105.07780236720633, 21.624217808245813], [-105.07685990800583, 21.625462772397785], [-105.07639179138904, 21.626624781094673], [-105.0761856144505, 21.62724815948869], [-105.07592510609355, 21.62803580152789], [-105.07486245740935, 21.629031726932762], [-105.07380122933694, 21.6302766586243], [-105.07262079179128, 21.63143856295093], [-105.0710856225407, 21.632849420635516], [-105.06966723509711, 21.63392826479131], [-105.06895827129634, 21.634509184481065], [-105.06872702095653, 21.635588203519212], [-105.0689730167125, 21.637082319346522], [-105.06910029822215, 21.63857641595027], [-105.06982070908774, 21.639987599443096], [-105.07065890233036, 21.641232788501416], [-105.07232625725796, 21.642146072236223], [-105.07446708862173, 21.642810386093828], [-105.07435554744764, 21.64405543502782], [-105.07436129286293, 21.645051485894758], [-105.07543460858064, 21.64588165832407], [-105.07663002321159, 21.647292866395777], [-105.07746927825957, 21.648704028089877], [-105.07830710644168, 21.64986617275645], [-105.0792670489378, 21.651609353406386], [-105.07939733981743, 21.653601463935193], [-105.07929161287244, 21.655842563695007], [-105.07930606311615, 21.658332686420724], [-105.07919792339365, 21.660158764632964], [-105.07968106379205, 21.661569878236126], [-105.07968676209035, 21.66255132809236], [-105.07969359388302, 21.663727983103882], [-105.08017675110382, 21.665139094606733], [-105.08101517896672, 21.66638422694771], [-105.08173391191201, 21.667463337396462], [-105.08364203075178, 21.668874546165934], [-105.08459828556768, 21.669953659916796], [-105.0856737858816, 21.671115778628902], [-105.08603536533172, 21.672028841378552], [-105.08698728335219, 21.67236090572542], [-105.08817816066362, 21.67294198622432], [-105.08913155171223, 21.67352304985098], [-105.08972968076539, 21.67427010470572], [-105.08926248628845, 21.67559815073043], [-105.08832076752078, 21.677009180651716], [-105.08809641015041, 21.679250274550753], [-105.08775231826486, 21.681325354816032], [-105.08776399793621, 21.683317445966345], [-105.08824583875214, 21.68447951885845], [-105.08913556390365, 21.686740915812155], [-105.0892085396239, 21.687175787057956], [-105.0892555442275, 21.687455891814313], [-105.08947102755661, 21.687958538557865], [-105.08951757319716, 21.688446282870768], [-105.08973083406578, 21.690680965966987], [-105.08991212501356, 21.691580153891145], [-105.0899630839648, 21.693775994483804], [-105.08961313166287, 21.694855031112958], [-105.08795139013111, 21.69502097680982], [-105.08756657428262, 21.695263904487735], [-105.08676811043243, 21.695767955629282], [-105.08606862925095, 21.698009017865708], [-105.08631831311438, 21.700084121302684], [-105.08680311590095, 21.701744217558552], [-105.08800884174933, 21.704815404023634], [-105.11809858900128, 21.730959978306775], [-105.11882246313222, 21.732785945450885], [-105.11990123316147, 21.734362845916106], [-105.12073939347124, 21.735441757866223], [-105.12169991089237, 21.737101667592675], [-105.12147243741191, 21.73876176731673], [-105.12053416597254, 21.740753991150353], [-105.11994672229982, 21.741833122102722], [-105.11876070307618, 21.742165310896382], [-105.11698065639423, 21.74249757209692], [-105.11543770789127, 21.742746781586554], [-105.11400904019757, 21.742248935408803], [-105.11340950027967, 21.741335969753543], [-105.11281247478645, 21.740838017209075], [-105.11126803515928, 21.740838178593155], [-105.10995720375048, 21.74017427909692], [-105.10900628447881, 21.74009136059763], [-105.10829596365203, 21.740506436025875], [-105.10710494721671, 21.740008510319985], [-105.10650695336574, 21.73934452858985], [-105.10484273400374, 21.739178632099176], [-105.10306269135869, 21.739510743765624], [-105.10116581687849, 21.740174853570363], [-105.0993882216332, 21.74092194151701], [-105.0982095567101, 21.742499030462923], [-105.09786299921265, 21.74415910027339], [-105.09703874337094, 21.745404160820954], [-105.09644421711072, 21.745321164951758], [-105.09536512858662, 21.743661109901414], [-105.09405238159175, 21.742665071898077], [-105.0921461232081, 21.741752018253163], [-105.09095515163247, 21.741253976277772], [-105.08964733744166, 21.741087934867295], [-105.08821828680804, 21.74050686242868], [-105.0861981522056, 21.740423767326114], [-105.08453685364172, 21.74075568606947], [-105.08359418251825, 21.742083676375422], [-105.08253268883958, 21.743411652446436], [-105.08146332451828, 21.74547663724637], [-105.0807704122864, 21.746814642829357], [-105.07887719391789, 21.748142522765747], [-105.07838510019795, 21.745237364747172], [-105.0756064685156, 21.744623204615582], [-105.07124762094406, 21.743659446040017], [-105.06993599303432, 21.7428292228357], [-105.06969171085998, 21.741667141151375], [-105.06908959519075, 21.740255994196936], [-105.06860534090968, 21.738678856939195], [-105.06776754981854, 21.737599680258572], [-105.06624651796659, 21.736390418489123], [-105.06494408521132, 21.73581497502497], [-105.06395694083358, 21.736021953244386], [-105.06276658560617, 21.7356067111323], [-105.06193121647, 21.73494252130618], [-105.06104979581765, 21.734094303474258], [-105.06037835602723, 21.73344814669357], [-105.05942609643789, 21.73311593295118], [-105.05878171599366, 21.73309210287888], [-105.05810111797393, 21.733066930699557], [-105.05755298146431, 21.733700792611568], [-105.05748855487572, 21.733799166072256], [-105.05538840880482, 21.73336403197615], [-105.05384825435006, 21.734110688429165], [-105.05255314825624, 21.736185445984365], [-105.0511401358215, 21.738426168512515], [-105.04995910253056, 21.739670902287067], [-105.04889592285012, 21.740749653663645], [-105.0474749237021, 21.74157928661674], [-105.04555832937251, 21.738756617478124], [-105.04281252143545, 21.736348683528583], [-105.04090068796668, 21.73435599317639], [-105.03756381032987, 21.732445797396053], [-105.03410457707015, 21.729871462007605], [-105.03279328713162, 21.729040942589165], [-105.03135958310656, 21.727546338642338], [-105.03002883918357, 21.72651704902542], [-105.02921225569753, 21.725885434121043], [-105.02718693206133, 21.72480557526913], [-105.02409523828273, 21.724223260415563], [-105.02124518597238, 21.724388026297238], [-105.01756538463776, 21.724884372139428], [-105.01483988760643, 21.726128130538168], [-105.01318080852542, 21.72687435227296], [-105.0123537025011, 21.727703976905733], [-105.00998050742295, 21.728200799302954], [-105.00879611170052, 21.72886421593352], [-105.00784444148213, 21.72861470891318], [-105.00701200808545, 21.728448263056745], [-105.00639134132406, 21.72830355331504], [-105.00594155084029, 21.728198682095584], [-105.0051095614962, 21.728115230321315], [-105.0028542515742, 21.72844600730769], [-104.9997678145537, 21.72885928256707], [-104.99810340089473, 21.72860930916624], [-104.99644159996613, 21.728857341066686], [-104.99561395253363, 21.729603878266875], [-104.99454307299794, 21.729271220010848], [-104.99335124133165, 21.72852346372174], [-104.99216503850413, 21.728854746707146], [-104.99109676102653, 21.72902008822927], [-104.98990710298298, 21.72868732557417], [-104.98919864698587, 21.72951690958009], [-104.98825818112091, 21.731425385529093], [-104.9880712955062, 21.73191687601257], [-104.98743777548826, 21.73358294365722], [-104.98697202610677, 21.735408715004155], [-104.98674300754777, 21.737068632563687], [-104.98590975222837, 21.739881639010942], [-104.98534181051278, 21.741798901181557], [-104.98320547315312, 21.742212492247486], [-104.98130801047546, 21.742875229374857], [-104.9795297606602, 21.74362103096387], [-104.97798571318857, 21.743702952612686], [-104.9769113832934, 21.742706152309026], [-104.9764268574228, 21.74087973454694], [-104.97558467092601, 21.73880404801936], [-104.97462750671238, 21.737475303295284], [-104.97331901695323, 21.737142335575513], [-104.9712994142602, 21.737140842190435], [-104.96726229792246, 21.73755279976523], [-104.96358239248354, 21.738130948867813], [-104.9612105163136, 21.73895908612132], [-104.95765347569574, 21.74036723533234], [-104.95374118410363, 21.74202401550459], [-104.9500627428428, 21.74293387799463], [-104.94815983081675, 21.742517187915205], [-104.94613731434488, 21.741934362109998], [-104.94411440976116, 21.741268507947005], [-104.94078831463523, 21.741348451904866], [-104.93758622908257, 21.742507489218617], [-104.93569015288837, 21.743501717646353], [-104.93415286156814, 21.744994292298205], [-104.93312985774945, 21.743260415932966], [-104.93307484365037, 21.743167171863412], [-104.93330847095402, 21.742337367302977], [-104.93378129706232, 21.74183980809089], [-104.9337757174733, 21.740677756923063], [-104.93376575407727, 21.73860266514607], [-104.93364057742505, 21.73727449059004], [-104.93328099085642, 21.736610113852382], [-104.93221815638583, 21.737937126935392], [-104.93174176138712, 21.737687648738287], [-104.9316209743723, 21.73727251327044], [-104.9309081733256, 21.737271809511974], [-104.93054899602257, 21.73669043057741], [-104.93030822427578, 21.736026165139645], [-104.93113703917918, 21.73544596289855], [-104.93184863894307, 21.735197654499974], [-104.93148827131992, 21.73436726628875], [-104.93077350055353, 21.73395154335285], [-104.93041869464237, 21.734283204972662], [-104.92994152212505, 21.733867714065564], [-104.92922636237225, 21.733368980709653], [-104.9282732190891, 21.732787001816995], [-104.92826847464555, 21.731790956821666], [-104.9285029019396, 21.73112716544992], [-104.92826096269951, 21.730213885333935], [-104.92694554330451, 21.72838648325182], [-104.92491544179565, 21.726143321958585], [-104.92431480412371, 21.72473164682177], [-104.92264860917612, 21.724065896319665], [-104.92145562734056, 21.72298560768472], [-104.92026188179543, 21.72173930265185], [-104.91563577225625, 21.723145422670374], [-104.9143283238713, 21.722977996662728], [-104.9133760828094, 21.72256193942254], [-104.91316311041005, 21.722198584585847], [-104.91337260149159, 21.721814904681686], [-104.91218549960982, 21.721979607275205], [-104.91099569691517, 21.72156327430012], [-104.91015879695065, 21.72040029550436], [-104.9101510976565, 21.718740217753222], [-104.91014686308807, 21.717827174848257], [-104.90954986549926, 21.717162480570472], [-104.90942569826247, 21.716000292864425], [-104.9090635852997, 21.7147548348303], [-104.90798994621417, 21.713757585673406], [-104.90679945715142, 21.713175214534342], [-104.90525149179716, 21.712343415694786], [-104.90382308585882, 21.71167774726328], [-104.9021544734695, 21.710430762649246], [-104.90119703256484, 21.708852579368617], [-104.90024150886201, 21.707689410390273], [-104.89976034175687, 21.70636078763145], [-104.89940193434948, 21.705903845719163], [-104.90057186629448, 21.705168604795862], [-104.90053745649807, 21.704930414563393], [-104.90034415786717, 21.704535496340018], [-104.90043956852799, 21.70411009315551], [-104.90040045050945, 21.703788698455902], [-104.90048879667509, 21.703367787350324], [-104.90065957433566, 21.70295999542303], [-104.90069112359728, 21.70260612979347], [-104.9007535747732, 21.70221928534895], [-104.90094245402898, 21.701912042930314], [-104.90129107691438, 21.701622396065293], [-104.90149792076545, 21.70142749170185], [-104.9015940472416, 21.700980351099666], [-104.9015339952533, 21.70050509271211], [-104.9015932605081, 21.70003753116316], [-104.90162227871797, 21.699502667452858], [-104.9015265947309, 21.699200552825204], [-104.90163712334966, 21.698832985219788], [-104.90185592650964, 21.698458957850185], [-104.9020743990907, 21.69825368113353], [-104.90227493375569, 21.697984631673627], [-104.90249817609747, 21.697909006275967], [-104.90276349132769, 21.697692916018745], [-104.90289110952767, 21.69746622969178], [-104.90286327218429, 21.697093551986168], [-104.90334091155147, 21.69698870787259], [-104.90372496901867, 21.69682019033806], [-104.90389685022377, 21.696566059316616], [-104.90420909048619, 21.695940359899282], [-104.90451018622277, 21.695205712500233], [-104.90469636362727, 21.69459716317208], [-104.90496471925037, 21.694077326432364], [-104.90489121428162, 21.694062119773196], [-104.90481770931291, 21.694046913114086], [-104.90467069943769, 21.69401649966554], [-104.90449783768997, 21.694040339322267], [-104.90431434427128, 21.694009884166846], [-104.90420203460887, 21.693944361526622], [-104.90399032692909, 21.6939415669427], [-104.90379571898187, 21.693918215500016], [-104.90352203996748, 21.693882778719978], [-104.90333385240218, 21.693846589467945], [-104.90322643078117, 21.6937766103483], [-104.90301232827699, 21.69367799044549], [-104.90292540608945, 21.693609996447876], [-104.90278575743068, 21.69357347878534], [-104.90261789104709, 21.69356563645922], [-104.90244768039005, 21.69357689140765], [-104.90239402946729, 21.693509746767404], [-104.90225087057689, 21.69341053594409], [-104.90206967591357, 21.693376420608004], [-104.90194697340827, 21.693343534877393], [-104.90176559955668, 21.693310887750055], [-104.9015707306265, 21.69331978950179], [-104.90289947281536, 21.691589802340836], [-104.90479318214085, 21.69018092053477], [-104.90726915703546, 21.68628256332279], [-104.90416160358221, 21.681962820534494], [-104.90462745948378, 21.67997126353413], [-104.9034265903656, 21.67706474645579], [-104.90234946368244, 21.675237414138934], [-104.90174355346902, 21.672580584749667], [-104.89816299552872, 21.668592188070367], [-104.89589932917279, 21.666929408945478], [-104.89327874125557, 21.665100157431183], [-104.89208833601664, 21.66443467463641], [-104.89112981031501, 21.662524408325602], [-104.89112195513918, 21.66078131447967], [-104.89194824737402, 21.65970327494651], [-104.8925381808253, 21.65887395514833], [-104.89253405733113, 21.65796090563345], [-104.89264566869664, 21.656383964642067], [-104.89275540260893, 21.65439200056865], [-104.8938176061624, 21.65298222159], [-104.89488242248532, 21.652153467464288], [-104.89571165089146, 21.651739444360185], [-104.8963019073412, 21.65099311475702], [-104.89629776016649, 21.65008006437398], [-104.89581531108524, 21.648419403578604], [-104.89925537067602, 21.647759461712813], [-104.89996280232789, 21.646681240067657], [-104.9011493008059, 21.646516621254584], [-104.9025724865134, 21.646186260080384], [-104.90256106857575, 21.643696121009786], [-104.90315049518911, 21.642783756775856], [-104.90468510777603, 21.640876425583446], [-104.90681749091134, 21.639882805027902], [-104.90871432656853, 21.639303914136736], [-104.91523538432679, 21.637485008083907], [-104.9165405089818, 21.63732040735662], [-104.91867899612801, 21.63765470916516], [-104.92117521445341, 21.638321375506425], [-104.92284002643231, 21.638904140060816], [-104.92414633421576, 21.63898849371751], [-104.92580604544654, 21.638492167622815], [-104.9268776741845, 21.63915729049648], [-104.92770278803151, 21.637913059615382], [-104.92686662863362, 21.636833159066967], [-104.92686110594583, 21.63567109310835], [-104.92721094182302, 21.634343377811852], [-104.9273225523307, 21.632849412462], [-104.92576941632517, 21.630772727890186], [-104.92516994925501, 21.62952705028466], [-104.92528118331293, 21.62795008069324], [-104.9253928085301, 21.62645611553182], [-104.92479336237287, 21.62521043598176], [-104.92407796926062, 21.624545665805556], [-104.9228920678388, 21.62479345424044], [-104.92229656852919, 21.62437781388134], [-104.92110479777763, 21.623380517047526], [-104.9203886490237, 21.62254972122982], [-104.92014615848943, 21.621470408284388], [-104.91966860486728, 21.62088887361626], [-104.91836051438871, 21.62038946072917], [-104.91799972835811, 21.61939302302443], [-104.91763855805375, 21.618313579537134], [-104.91644570337894, 21.617067234125475], [-104.91490064350062, 21.61665054346481], [-104.91394522656365, 21.615404437240414], [-104.91298557404441, 21.613245271005688], [-104.91250537216688, 21.612082680677236], [-104.91202749387251, 21.611418118647165], [-104.91249726069142, 21.61033957631563], [-104.91296895315027, 21.609676057428278], [-104.9130818498911, 21.608431112594698], [-104.9133153718733, 21.607601322390213], [-104.91366371521067, 21.605941611199018], [-104.91365752450159, 21.604613530746214], [-104.9136493992974, 21.60287042483035], [-104.91364127420843, 21.60112731847562], [-104.9145869090368, 21.60029830158704], [-104.9148196340647, 21.599302498214072], [-104.91540919080606, 21.59847308986402], [-104.9162368892441, 21.597809945114342], [-104.91670735791104, 21.59689739911026], [-104.91789148485495, 21.596317632806283], [-104.91883589462742, 21.595239575738795], [-104.92106898439765, 21.59059366341466], [-104.92047284834325, 21.590012004907944], [-104.91987593614171, 21.589264333872773], [-104.91916308198941, 21.58909757141869], [-104.9180930249657, 21.58868141163667], [-104.91666693951885, 21.58826486322311], [-104.91595642329159, 21.588596118213548], [-104.91524706728651, 21.589176385716335], [-104.91417702096724, 21.588760200805247], [-104.91251436212032, 21.588509368775085], [-104.91179689000708, 21.58734651239363], [-104.9113160111181, 21.586017904896867], [-104.90988766276114, 21.585103267089917], [-104.90893672122633, 21.584770185843787], [-104.90810369160842, 21.584271222203864], [-104.90833643489246, 21.58327542604006], [-104.90868900047457, 21.582528778285283], [-104.90876387745764, 21.58125793696439], [-104.90890905820348, 21.5787938068192], [-104.90962185007704, 21.578960613166327], [-104.91045138891872, 21.578712521827725], [-104.91092221697552, 21.57788299529427], [-104.91103857420576, 21.577385094866486], [-104.9105631267156, 21.577218558135904], [-104.91008768031675, 21.57705202004874], [-104.91020480959487, 21.576720130791934], [-104.9105592753148, 21.576388505002996], [-104.91032078332701, 21.576139225481462], [-104.91008113755508, 21.575640929642486], [-104.91162189130775, 21.575227612342246], [-104.91197635017156, 21.57489598345489], [-104.9117370865662, 21.574480695247196], [-104.91138031453549, 21.574314291631644], [-104.91149358193987, 21.573152347887188], [-104.91137106007439, 21.57232216328625], [-104.91065752821918, 21.571989353675665], [-104.91006227941216, 21.57157366772285], [-104.90970282386105, 21.570826222902213], [-104.90934106532424, 21.569580744952898], [-104.90862447925029, 21.56858388346215], [-104.90838139653602, 21.567338536154118], [-104.90825889715636, 21.566508348764042], [-104.90754386718572, 21.5658435040316], [-104.90682960975789, 21.565344667060145], [-104.90540225617454, 21.564596000209196], [-104.90456859029376, 21.563931007261974], [-104.9038528271702, 21.563100135696054], [-104.90349342421581, 21.56235267691119], [-104.90313516765434, 21.561854233693765], [-104.90301384514845, 21.561273058440158], [-104.90348694535133, 21.560941583988754], [-104.9038425317136, 21.560858988204348], [-104.90348465870933, 21.560443551135585], [-104.90265254779774, 21.560110570318137], [-104.90229353873522, 21.55944611421605], [-104.90228935403809, 21.558533053796726], [-104.90252171462002, 21.557454257164594], [-104.90251905072098, 21.55687321858901], [-104.90227718053127, 21.555876877463174], [-104.90310241045172, 21.554715760732076], [-104.90333742596908, 21.554218001227227], [-104.90309822070036, 21.55380269979617], [-104.90273998636552, 21.553304255301605], [-104.90250002319803, 21.552722941871483], [-104.9027331341389, 21.551810155282435], [-104.90391809336205, 21.551479500784367], [-104.90510304724752, 21.551148837831768], [-104.90569284565912, 21.55040246416269], [-104.90568863970806, 21.549489402759892], [-104.90580460932144, 21.5489084986798], [-104.90627651492844, 21.548327998855598], [-104.90698570712406, 21.547747766131625], [-104.90757739927263, 21.547416413458574], [-104.9076914422088, 21.546420479814454], [-104.90852079900223, 21.54617239647539], [-104.90958820954275, 21.54609058501226], [-104.90994721928033, 21.54675502647275], [-104.91125346403854, 21.54700549075584], [-104.91196610342242, 21.547172287185614], [-104.9124402961288, 21.547089803364067], [-104.91267604012268, 21.54675804131092], [-104.91315061768971, 21.546758561072384], [-104.9136236477852, 21.54642705652946], [-104.91373880948568, 21.545680135356633], [-104.9138539699933, 21.54493321403349], [-104.91373339242222, 21.544518056567462], [-104.9140835131701, 21.54327335964591], [-104.91419712119196, 21.542194415237386], [-104.91348295634967, 21.541695605674004], [-104.91300607613594, 21.54119705292645], [-104.91276531897171, 21.540449742002476], [-104.91252379177568, 21.539536419306707], [-104.91204769381416, 21.539203873917533], [-104.91157314082199, 21.53920335110063], [-104.91121568409243, 21.538870935344914], [-104.91085476135505, 21.537791467532802], [-104.91037636276411, 21.536960884277], [-104.90966262117966, 21.536545063888582], [-104.90977779514118, 21.53579814460623], [-104.91036866242598, 21.535300769907437], [-104.91060362168008, 21.534802998801403], [-104.91106968123505, 21.53297739803593], [-104.91118600155133, 21.532479494695345], [-104.91059206736045, 21.532312826481622], [-104.91046958399967, 21.531482637282476], [-104.91061941857494, 21.530241928092515], [-104.91196970666552, 21.530523647994247], [-104.91170243011942, 21.528536005459934], [-104.91168460889281, 21.528196831154823], [-104.9117126435888, 21.52594087066077], [-104.91171271572846, 21.52591458181259], [-104.91116616273399, 21.52577675214305], [-104.91140536604355, 21.525190524982882], [-104.91209881563121, 21.525517926795736], [-104.91215975913228, 21.52541655559171], [-104.91235552642213, 21.525053619002694], [-104.91263549084283, 21.524609522792097], [-104.91312535010111, 21.523972808601858], [-104.91446648428246, 21.524547230711807], [-104.91451426199067, 21.52461114153393], [-104.91457248476297, 21.524646561993716], [-104.91463562317156, 21.5246590309971], [-104.91505655682604, 21.524650673859433], [-104.915145317422, 21.52465918931532], [-104.91545442245977, 21.524204191540395], [-104.916045346778, 21.52332377445688], [-104.91696825219302, 21.52395050411697], [-104.91751854119964, 21.523179159603515]]]}}, {"type": "Feature", "properties": {"id": 18, "entidad": 18, "distrito_l": 18}, "geometry": {"type": "Polygon", "coordinates": [[[-105.22137743441498, 20.752684793108493], [-105.22057094989859, 20.752074581707006], [-105.21989035518416, 20.751218796983597], [-105.2195660706018, 20.750291788337485], [-105.219600758404, 20.74921037193446], [-105.22056778555522, 20.748493601302222], [-105.22197697140501, 20.74870781693933], [-105.22339149350836, 20.748755649133127], [-105.22514898627527, 20.74914816677167], [-105.2260946688653, 20.74909685281275], [-105.22705633595133, 20.748546417868752], [-105.22743927014464, 20.747643320832605], [-105.22748988514617, 20.74606278706685], [-105.22768234713578, 20.743737561540105], [-105.2281105461627, 20.74142030008683], [-105.22899423241012, 20.739618081166615], [-105.2305611498101, 20.738588417988822], [-105.23257823110406, 20.738240147478024], [-105.23446413418515, 20.738303806130425], [-105.23585994759154, 20.738933839606755], [-105.23727969893953, 20.73881518614531], [-105.24004745656391, 20.740823863066552], [-105.24198786073701, 20.740626290279174], [-105.24222557974839, 20.74020306571287], [-105.24236249308811, 20.739997220877747], [-105.24251186076738, 20.73982639835035], [-105.24354205763267, 20.73872135188527], [-105.24368172738059, 20.738633330503582], [-105.2439334124016, 20.73948594350898], [-105.24426313126787, 20.74072182035407], [-105.24434348680722, 20.74098158004892], [-105.24440484450072, 20.74125301407523], [-105.24448862702252, 20.741549972625577], [-105.24456150342863, 20.741824422567824], [-105.24465468222603, 20.742043237044165], [-105.24470567962533, 20.742251990696335], [-105.2447653604846, 20.742443406596678], [-105.24481645918591, 20.742620797730766], [-105.24487661227731, 20.742793818193075], [-105.2449342855429, 20.743023316122564], [-105.24497508661071, 20.743245044281306], [-105.2450224783107, 20.743456492767926], [-105.24506922793152, 20.74370013267827], [-105.24512782566441, 20.743960992105837], [-105.2451678980124, 20.744218641081503], [-105.24521981865792, 20.744412494823937], [-105.2452321225138, 20.744511541992146], [-105.24528055671739, 20.744697408062734], [-105.2452989187924, 20.744844902740034], [-105.24532434343989, 20.744940104467958], [-105.2453046195909, 20.745063097116333], [-105.24532359461512, 20.745198527172814], [-105.24536575270191, 20.74538487673539], [-105.24539995663591, 20.745521913984607], [-105.2454219336725, 20.74563857244559], [-105.24546351633829, 20.745720113211366], [-105.24548314851049, 20.74586726324208], [-105.245488081427, 20.746031452220716], [-105.24552162729408, 20.746195060135832], [-105.2455431410978, 20.746348687089355], [-105.24559728206239, 20.746503959037604], [-105.2456195822479, 20.746656857642805], [-105.24564060408419, 20.746762820856908], [-105.24568133552819, 20.746847703237158], [-105.24569878068559, 20.746918845158692], [-105.24574053041778, 20.746995952903124], [-105.24576025045597, 20.74714517750636], [-105.24577347033119, 20.747297587788164], [-105.24577954169926, 20.747450775824525], [-105.24582651565069, 20.74767604971843], [-105.24589016842793, 20.747966519375197], [-105.24596603731702, 20.74841928348455], [-105.24601885620223, 20.74855265116977], [-105.24604130422844, 20.748820707012182], [-105.24609276566318, 20.749013351736405], [-105.24615618530405, 20.749177894924678], [-105.24615486483161, 20.7492571230513], [-105.24617155550673, 20.74929252496498], [-105.24621123559558, 20.749723457278986], [-105.24630758531349, 20.75017880651215], [-105.2464055967598, 20.750383513744342], [-105.2465219560842, 20.75044554816961], [-105.24685471506105, 20.75074661581537], [-105.24680717806405, 20.750813959693083], [-105.24671210407097, 20.750942045690643], [-105.24668810060815, 20.751131663524706], [-105.24666568595808, 20.751740021417305], [-105.24658998955228, 20.752527523871276], [-105.24661133013628, 20.752738001370318], [-105.246578791, 20.753144628000026], [-105.24656421119101, 20.753326817508707], [-105.24649224545934, 20.75380416782982], [-105.24640905599935, 20.755048053599356], [-105.24640377382659, 20.755376850138312], [-105.24641631799936, 20.75546994459951], [-105.24642886279675, 20.75556303650857], [-105.2463892452952, 20.755697068258698], [-105.24638453709692, 20.755897010195202], [-105.24632316481483, 20.756139930043677], [-105.24633750867513, 20.75639304930645], [-105.24627205533842, 20.756557120509544], [-105.24623712855838, 20.75670873840767], [-105.24623739433785, 20.756966698384375], [-105.24626257099874, 20.757049386199835], [-105.246272974233, 20.757083553181445], [-105.2463087, 20.757340393000042], [-105.246413244, 20.75758548699996], [-105.246543704, 20.757715949000005], [-105.246633536, 20.758222467999992], [-105.24678935168988, 20.75867406980268], [-105.247887985, 20.761605517999993], [-105.24877534177402, 20.763921626049665], [-105.24878577, 20.763950041999976], [-105.24897338853008, 20.76446127394187], [-105.24878760799935, 20.76539953760238], [-105.2488981456809, 20.76652031445494], [-105.24890886899934, 20.767399849602977], [-105.24901830899935, 20.767868516603126], [-105.24912278499933, 20.768022254603085], [-105.24938629399938, 20.768002475603105], [-105.25088891799935, 20.76754193360302], [-105.25137535139812, 20.76937319484434], [-105.2514228883939, 20.769760092631117], [-105.25162095921345, 20.770648770375665], [-105.2517728135088, 20.77125354680986], [-105.25205341383617, 20.772484226638525], [-105.25237560903598, 20.773722169261838], [-105.2525307645113, 20.774455691530893], [-105.2527037463604, 20.775271743308284], [-105.25276316840987, 20.775673166650137], [-105.25340623753377, 20.777858548213977], [-105.2534801839731, 20.778282419768267], [-105.25367033195987, 20.778888516476613], [-105.25364656346152, 20.779073382575014], [-105.2548776057969, 20.784432296273387], [-105.2550245034003, 20.785066500331887], [-105.25698207606409, 20.785294622747564], [-105.26238435281576, 20.786044423006818], [-105.26252613292145, 20.786249723118782], [-105.26299531032936, 20.78861279550449], [-105.26597657385247, 20.78681284166947], [-105.26910166258168, 20.78483910267918], [-105.2696776101547, 20.78748027785091], [-105.26926279424484, 20.787799521401862], [-105.26911146642733, 20.787948455840105], [-105.26906242873392, 20.788063577587018], [-105.26905801062543, 20.78816906324292], [-105.26913771145414, 20.788371552842253], [-105.26964965149246, 20.788865155334857], [-105.26863524809896, 20.791833523572848], [-105.26800341648203, 20.793144727289217], [-105.26925026038657, 20.794768755031726], [-105.27000069672711, 20.795479486486276], [-105.2732611003696, 20.79856726654703], [-105.27322414794799, 20.799731869734558], [-105.27304552056802, 20.801641195098878], [-105.27397567603923, 20.802088730075898], [-105.2738260869008, 20.803083010295666], [-105.2751962736976, 20.804544570343822], [-105.27573311656431, 20.8062280348966], [-105.27628316098347, 20.807495567861437], [-105.27778715869846, 20.808461939584618], [-105.27919170461804, 20.808842049042823], [-105.28038149291811, 20.808548768724165], [-105.2815923563181, 20.80758999232781], [-105.2821951476348, 20.807193786897987], [-105.28289741912954, 20.807383824869294], [-105.2833454070776, 20.808148274463917], [-105.2833085307283, 20.809312877673655], [-105.28384811462799, 20.8109131287582], [-105.2842934844698, 20.811760761687967], [-105.28569807667051, 20.81214081718403], [-105.28616452060197, 20.812322957189398], [-105.28707109170156, 20.81351909270153], [-105.285503796587, 20.81454926700172], [-105.28547746756689, 20.81538112603963], [-105.28452086260938, 20.81576551435494], [-105.28390750856161, 20.81649447139147], [-105.2843528955354, 20.81734210265599], [-105.28585177678323, 20.818474772160062], [-105.28691843070413, 20.818343875374236], [-105.28677154410705, 20.819254979087987], [-105.2863993186806, 20.81982545563427], [-105.28673995703346, 20.820253209524296], [-105.28815252857117, 20.820383685995957], [-105.2880056475917, 20.821294790486284], [-105.28725329747058, 20.82268530540398], [-105.28673680673276, 20.82408369985307], [-105.28717170397833, 20.825264065868804], [-105.28902450024215, 20.82640852820309], [-105.29078305617156, 20.82680035898843], [-105.29171341809037, 20.82724779406476], [-105.29155340397182, 20.828574829553496], [-105.29173406248121, 20.830329607975806], [-105.2921558700347, 20.8319258888069], [-105.2941004455201, 20.83390608924574], [-105.2945485697732, 20.834670505995483], [-105.29428639734287, 20.835494491798656], [-105.29502529684454, 20.83826717278424], [-105.29544716221805, 20.83986344373769], [-105.29659775471585, 20.840817835227405], [-105.29751771383044, 20.841597980179934], [-105.29714284863721, 20.842251664499376], [-105.29640624459081, 20.843143101989607], [-105.29639573583046, 20.843475844548752], [-105.2974362893142, 20.844176738268633], [-105.29694346465938, 20.84482648819646], [-105.2959867047058, 20.845210941036832], [-105.2961411633061, 20.8477975671427], [-105.29694846110525, 20.8484074072465], [-105.29763780924381, 20.8490133102184], [-105.29691431066378, 20.849488821492017], [-105.29969801039267, 20.85108055889039], [-105.30023004596185, 20.85293030414971], [-105.300547173671, 20.854106698552982], [-105.30205441439767, 20.85498965874019], [-105.30252363402174, 20.85508856582559], [-105.3025917409254, 20.856673023256523], [-105.30353281531013, 20.856787647718114], [-105.30484870200908, 20.859995850365962], [-105.30608600896181, 20.861952329261683], [-105.30669157122563, 20.861472853075192], [-105.30963548299, 20.861737380331302], [-105.30975448269619, 20.86171354488883], [-105.31070503813581, 20.861523146988027], [-105.31077061506672, 20.863190784909055], [-105.31109046643391, 20.864283971436162], [-105.31035907946892, 20.86500909558667], [-105.31065011653908, 20.867017324671085], [-105.31005502474162, 20.867164072561447], [-105.30949405562264, 20.869976682610968], [-105.30923714950579, 20.870634310750177], [-105.31089401144173, 20.870522893501143], [-105.3137901288585, 20.872006793283077], [-105.29935310906048, 20.880714274609208], [-105.27757898066919, 20.90813357033646], [-105.25561618580328, 20.911561235791847], [-105.24206110410096, 20.94834881384744], [-105.24164111964139, 20.949647231064247], [-105.16779936205931, 20.95664009944344], [-105.13444977941741, 20.959634103649798], [-105.12633695968115, 20.960361439216385], [-105.11565105182507, 20.961318859322194], [-105.1134213984375, 20.961518542543377], [-105.10157765063067, 20.962578747034296], [-105.09839557999983, 20.962863450434206], [-105.06030002156963, 20.966267208289057], [-105.03617751260053, 20.984415657774257], [-105.03458525427764, 21.000266227849735], [-105.02714519630668, 20.998476783628703], [-105.01042484383017, 20.994592402105695], [-105.00057871920754, 20.960436460348223], [-104.9606579564898, 20.945790749260308], [-104.96771961402233, 20.908147578226032], [-104.96962718914439, 20.9076318761895], [-104.97148141820725, 20.908696590433394], [-104.97249005408437, 20.91031444953709], [-104.97353365928214, 20.911103433058393], [-104.97457721303813, 20.912931292343337], [-104.9754493485599, 20.91409550997264], [-104.97767828031675, 20.914230885758165], [-104.9787405080119, 20.913366269153244], [-104.980565538855, 20.91250543007547], [-104.98085750138966, 20.912713996249014], [-104.98131807727005, 20.914000414391236], [-104.98207006005342, 20.915578239760354], [-104.98340344450494, 20.917945986169816], [-104.98439930057806, 20.918199446897727], [-104.98580762850654, 20.91820639264426], [-104.98685904721063, 20.918915773495804], [-104.98820047712123, 20.92012365737492], [-104.98954561050132, 20.920793040704865], [-104.99059678189617, 20.921543820641812], [-104.9915926738456, 20.921797239336207], [-104.99224269285155, 20.92113764027805], [-104.99288875384752, 20.92105795094372], [-104.9940621010608, 20.921105103847285], [-104.9952357306753, 20.92111082638333], [-104.99658821777925, 20.920703174236536], [-104.99723624242178, 20.920333512271377], [-104.99841997454884, 20.918848009521145], [-104.9988436496133, 20.916944575773503], [-104.99867575065969, 20.915742473914154], [-104.99915500610821, 20.91429496924092], [-104.99975076768133, 20.91297229882515], [-105.00252179266307, 20.91103879111929], [-105.00405299424511, 20.910217705862056], [-105.00428351589719, 20.91084017287022], [-105.00433577303475, 20.91179317015255], [-105.0037420115229, 20.912825900220433], [-105.0029199566146, 20.91290478091921], [-105.00274000746593, 20.91348384396769], [-105.0027291033637, 20.91509931567561], [-105.00330555578473, 20.9166347749323], [-105.00434336722753, 20.91937374259382], [-105.00486256611082, 20.9207018014042], [-105.00608734990264, 20.921826134642572], [-105.00667138248727, 20.922243178799466], [-105.00778661770195, 20.922207110755917], [-105.00819878176546, 20.922001969938], [-105.00937019662098, 20.922338973910534], [-105.01031160616759, 20.921970667495028], [-105.01179029133446, 20.920237941851745], [-105.01262207259464, 20.918709236556165], [-105.01339598701618, 20.917055980205642], [-105.01386625614347, 20.91693394998336], [-105.01509549568176, 20.91739546147579], [-105.01673936504733, 20.917279001360786], [-105.01780139025905, 20.916414142170893], [-105.01821435088279, 20.916084709964565], [-105.01874356779156, 20.91592152195926], [-105.01909894602937, 20.915426120260257], [-105.01969563685725, 20.913937691026895], [-105.02040280381547, 20.91348537366391], [-105.02146642797265, 20.912371957022465], [-105.02323334692616, 20.911386117969855], [-105.02405757271919, 20.910975760338715], [-105.02593935386645, 20.91036324680559], [-105.0268844694776, 20.909414934921635], [-105.02747724071475, 20.908506391380783], [-105.02853723509976, 20.907931421608055], [-105.02900473981694, 20.90822357380984], [-105.0304105286314, 20.908602953657763], [-105.03134663818945, 20.909021556789362], [-105.03310314601279, 20.909609667285128], [-105.03485966750783, 20.910197759664086], [-105.03614434872433, 20.91115646130551], [-105.0371353858779, 20.91215521814934], [-105.03741824374504, 20.9137720494], [-105.03746747062925, 20.915222104777705], [-105.03787039709576, 20.916425253594493], [-105.03839123000556, 20.91754609875029], [-105.039091887047, 20.918087841481746], [-105.03861165432623, 20.919742569116394], [-105.03771928949607, 20.92160250812774], [-105.03742181970732, 20.92225025762257], [-105.03830770357592, 20.92402997605347], [-105.0392839196003, 20.926645619360954], [-105.0405238895528, 20.928437659337586], [-105.04254394798348, 20.928091618587782], [-105.04385869084777, 20.92763772366315], [-105.0476046651859, 20.928684149110094], [-105.05054670368024, 20.929036312445188], [-105.05245978450442, 20.92835332277142], [-105.05436180132801, 20.928003039847493], [-105.05590701089949, 20.927723618253278], [-105.05732040222856, 20.927855994212038], [-105.05859646790648, 20.92856653516831], [-105.06032529249465, 20.92987572964008], [-105.06174146541548, 20.92992488679098], [-105.06329770783935, 20.92931266978395], [-105.06461791046394, 20.928692250834324], [-105.066986446895, 20.928524566909292], [-105.06950327776434, 20.92744593576471], [-105.07118297984711, 20.92667137283058], [-105.07250037510138, 20.926134075205663], [-105.07817954339136, 20.92491881512787], [-105.07842582289304, 20.924768365487903], [-105.08054589992187, 20.92357636718372], [-105.08171826133238, 20.92378860728619], [-105.0836110350373, 20.921394294437903], [-105.0867989842731, 20.91888405141555], [-105.08763903386607, 20.919159547415823], [-105.08878589675109, 20.919535655148767], [-105.09045444470543, 20.919093633263095], [-105.09190341482099, 20.91814434868677], [-105.0932535415582, 20.916608698574485], [-105.09520735358942, 20.914677489125516], [-105.09752607160546, 20.91242573997457], [-105.09959230209125, 20.910664916754953], [-105.10105207601245, 20.90938282267625], [-105.1034585464544, 20.90805007314885], [-105.10524218863797, 20.90769515681636], [-105.10761854373366, 20.907277361450618], [-105.10920440649572, 20.905749712848245], [-105.11021664238532, 20.9037026392558], [-105.11063888336095, 20.901635249088834], [-105.11105292311451, 20.89981740682127], [-105.11134623258474, 20.898078684629635], [-105.11213332726466, 20.895690741821962], [-105.11358466452768, 20.89465808911082], [-105.11573572426298, 20.89389932778528], [-105.11715975494621, 20.893698477213892], [-105.11894864571698, 20.89317705162049], [-105.12168414188966, 20.892604863878653], [-105.12301467470468, 20.89165125983666], [-105.12412555573316, 20.89019043923273], [-105.1255685924341, 20.889407234982304], [-105.12632820413944, 20.887851060104403], [-105.12745807010545, 20.885807933272687], [-105.12939200866997, 20.884458614370974], [-105.13235511295746, 20.88414390549539], [-105.13485443379352, 20.883563412734986], [-105.1370188042841, 20.882388466032133], [-105.13859596459554, 20.881110094103587], [-105.13936082861017, 20.879387493407833], [-105.13976632142095, 20.877819130109454], [-105.13957922043153, 20.87631373843851], [-105.13999284378967, 20.874495822862713], [-105.14064511367877, 20.87260280568017], [-105.14328969360159, 20.873486796892394], [-105.14341689364774, 20.872826759814497], [-105.14425212495082, 20.871967967865196], [-105.14509098095266, 20.87086116279988], [-105.14662331599231, 20.87054762500503], [-105.14797637161502, 20.870438772208054], [-105.14941416887893, 20.868553168221265], [-105.15164314206703, 20.864901416878837], [-105.1528877529568, 20.862945337845368], [-105.15354793009799, 20.86080271805935], [-105.15430170000639, 20.85941278438993], [-105.15529678694041, 20.85786454250884], [-105.15582272173036, 20.856216986051272], [-105.15578590283643, 20.853717430569308], [-105.15550235616223, 20.851542548124357], [-105.15509004435573, 20.849696369553136], [-105.15573390631893, 20.848052843758467], [-105.15742579920422, 20.846861511861068], [-105.15935086464283, 20.845761405517813], [-105.16163785635827, 20.844423807068562], [-105.16298121582238, 20.843053969298033], [-105.16350701648786, 20.84140638726654], [-105.16405440499072, 20.839093328268525], [-105.1632827902293, 20.837401458465838], [-105.16344123778488, 20.836157718577994], [-105.16408225254928, 20.834597344195227], [-105.16507437850768, 20.83313222717703], [-105.16595124394586, 20.831579895395063], [-105.1657639430499, 20.830074525476732], [-105.16451250733454, 20.828616113746417], [-105.16302792292278, 20.827066455158867], [-105.16154066782399, 20.82559996772407], [-105.16158658580476, 20.824185831253434], [-105.16268309961328, 20.82314067662734], [-105.16388403221072, 20.82251546367477], [-105.1653397124791, 20.821316000343376], [-105.16598874167414, 20.819506062901812], [-105.1672139126473, 20.818132165165167], [-105.16818971775542, 20.81716613606764], [-105.16904218860888, 20.816362448367656], [-105.1694741749957, 20.813962159330636], [-105.17057864845336, 20.81266739971692], [-105.17188121909065, 20.812545260461278], [-105.17365548881635, 20.812439189017955], [-105.17866487917637, 20.810861045024783], [-105.17887500951372, 20.810451554457885], [-105.17999208714131, 20.808309926948105], [-105.18088617231064, 20.806532183214973], [-105.18181471867226, 20.804722547895775], [-105.1825571962267, 20.803665224323932], [-105.18353549924107, 20.802615922701573], [-105.18454067011176, 20.800734765494287], [-105.18531804921889, 20.798596024582444], [-105.18629630061639, 20.797546706987518], [-105.18727453849893, 20.796497383790108], [-105.18779991712793, 20.794849721371925], [-105.18821274584558, 20.793031677546786], [-105.188387060702, 20.79128879919232], [-105.18832287015661, 20.789621087016002], [-105.1878969030675, 20.788190901479826], [-105.18794525284098, 20.78669356845508], [-105.1883607443044, 20.784792337537656], [-105.18930666291841, 20.784741224328936], [-105.1903382681219, 20.785692336506163], [-105.19207195256413, 20.786833854735065], [-105.1939262525389, 20.78789617539144], [-105.19616111700282, 20.7881386354079], [-105.19750902951422, 20.78660215362256], [-105.19837725555628, 20.785299208026217], [-105.19817897242423, 20.78412660864201], [-105.19751712319253, 20.78268844131975], [-105.19649085664376, 20.78157100149441], [-105.19558518794463, 20.780374374379782], [-105.19467148667954, 20.77942729817615], [-105.19423744183015, 20.778246682922273], [-105.19428840924219, 20.77666616134924], [-105.19536290045289, 20.776286279037116], [-105.19611997807036, 20.77601861238283], [-105.19751186659656, 20.775526494324478], [-105.19824069184081, 20.774885028452406], [-105.19862922277466, 20.77381562551762], [-105.19832645963825, 20.772223095076267], [-105.19788704669992, 20.77120885900449], [-105.19782276232326, 20.769541147234502], [-105.19752805831162, 20.7676990580499], [-105.19781744901945, 20.76604335464645], [-105.19882756383721, 20.763995738062928], [-105.20017255815921, 20.762542418524372], [-105.20174258605712, 20.76142983145253], [-105.20329384958784, 20.76089952926289], [-105.20434946936071, 20.761101890271203], [-105.20539973949771, 20.761470615993037], [-105.20632142520859, 20.76216808060801], [-105.20773606890121, 20.762216040512605], [-105.20917210651977, 20.761598503572078], [-105.21058674558441, 20.761646440050328], [-105.21200940317452, 20.761444807825477], [-105.21391428851568, 20.760926389455307], [-105.21548953937771, 20.759647306150853], [-105.21694954933496, 20.758281032842905], [-105.21839618791867, 20.757330676119444], [-105.21985348125853, 20.756047564002102], [-105.22106965193959, 20.75492283725933], [-105.22158118740293, 20.753690997101486], [-105.22137743441498, 20.752684793108493]]]}}, {"type": "Feature", "properties": {"id": 11, "entidad": 18, "distrito_l": 11}, "geometry": {"type": "Polygon", "coordinates": [[[-104.88248157381938, 21.510965169368294], [-104.88283916851405, 21.51065142332], [-104.8832016194982, 21.50970277121494], [-104.88333030836083, 21.508882606233787], [-104.8837940452168, 21.508998073013956], [-104.88526582662894, 21.509640636569063], [-104.88657229495149, 21.510097173480663], [-104.8884496086237, 21.510818820146582], [-104.88964574475736, 21.51129145945552], [-104.88950110519822, 21.511567549000638], [-104.89069072118807, 21.511998212135662], [-104.8915106324751, 21.51229722453522], [-104.89120835770446, 21.513107847519155], [-104.89093237147286, 21.513847962159453], [-104.89034427281614, 21.51520348928309], [-104.89017388597794, 21.51560548376908], [-104.89009815650724, 21.51576795474908], [-104.88994340450438, 21.516217737107894], [-104.8899285635886, 21.516272147097393], [-104.89002643347281, 21.51633284276435], [-104.89042204517531, 21.516609312730928], [-104.89054073002956, 21.517278394248923], [-104.890517466991, 21.517356959156835], [-104.89045011682799, 21.517584492440342], [-104.8904429729629, 21.517608542907194], [-104.89034557320645, 21.517937483278523], [-104.89036700098094, 21.518087751572278], [-104.89039628975561, 21.518293146840662], [-104.89103102480304, 21.51861449698465], [-104.89123692094466, 21.518862250124627], [-104.89131253922031, 21.518980365955798], [-104.8913288770806, 21.519165489603115], [-104.89113441677033, 21.51981264794605], [-104.89117424523467, 21.52003972631415], [-104.89118498270895, 21.520100944925833], [-104.89116114174504, 21.520143086442165], [-104.8911447706021, 21.52017202421513], [-104.89106328230106, 21.520316063439573], [-104.89141705381222, 21.52078469372476], [-104.89153108660886, 21.52094532396915], [-104.89181295187063, 21.52116507885266], [-104.89198383144048, 21.52128959660463], [-104.89227172437262, 21.521350852495264], [-104.89290582883162, 21.521343386337534], [-104.8937728774169, 21.52120096975379], [-104.8938716156262, 21.521227022259374], [-104.89392355610077, 21.5210615631878], [-104.89404856254791, 21.5210945876587], [-104.89409943166156, 21.521108026339036], [-104.89413873600618, 21.521133328904874], [-104.89422662089193, 21.521189905791342], [-104.89443985355526, 21.5215751146809], [-104.8944179015723, 21.52198745684902], [-104.89427394479453, 21.522299927339805], [-104.89418158178938, 21.52250040835768], [-104.8940705649408, 21.522741378173496], [-104.8940299201707, 21.523109719952483], [-104.89380469899932, 21.523360194540693], [-104.89371670409962, 21.523506224323196], [-104.8937415109927, 21.524096572710867], [-104.89371833782413, 21.52425517191068], [-104.8936741543728, 21.524557564801402], [-104.8936598162058, 21.524655695877374], [-104.8927964378356, 21.525781956405186], [-104.89260381503095, 21.526214296226943], [-104.8925574033103, 21.52631846624259], [-104.89255262148454, 21.526391444802115], [-104.89254862643546, 21.52645241587589], [-104.89220191193985, 21.527163292427954], [-104.892116223634, 21.527338979901824], [-104.89191567503669, 21.527750164575828], [-104.89168930183024, 21.52817563022461], [-104.89057468044746, 21.527036742947413], [-104.8905141263612, 21.52701781259707], [-104.89022391391951, 21.527169051103424], [-104.88985769992358, 21.527376298115442], [-104.88985525492112, 21.527621541296856], [-104.8898584844366, 21.527983672165373], [-104.88992237271444, 21.52862784514874], [-104.88987175978643, 21.528811995399394], [-104.88964125706177, 21.529119449566643], [-104.88926545430046, 21.529623890858034], [-104.88916460425251, 21.5301953567412], [-104.88912968059579, 21.530285298839203], [-104.88905280890751, 21.53048327313068], [-104.88904250231454, 21.53076190300413], [-104.88912820197166, 21.530903640002744], [-104.88961577069159, 21.531187452704607], [-104.889909921708, 21.531229914082385], [-104.89060190902045, 21.531117134489467], [-104.89072807519304, 21.53114555051567], [-104.89084909510126, 21.53130620003779], [-104.8908337337627, 21.531598997248523], [-104.89085366620347, 21.53194376159162], [-104.89100493683317, 21.532151659565894], [-104.891226883975, 21.532345433287503], [-104.8915417123906, 21.532448527914017], [-104.8922613120927, 21.53277586661542], [-104.89267752803511, 21.53311230118481], [-104.89283425878924, 21.533238990419513], [-104.89317396855913, 21.534077783678544], [-104.89319747501166, 21.534135824330885], [-104.89334290623016, 21.53467842725205], [-104.89313316071323, 21.535059049921617], [-104.89304329438559, 21.535280969706285], [-104.89299017008713, 21.53542958573878], [-104.89269332568753, 21.53679891762807], [-104.8926409234672, 21.537040516705908], [-104.8927121374698, 21.537211027626245], [-104.89274653220055, 21.537293380503776], [-104.89269798931888, 21.537302617244237], [-104.89244088112363, 21.537351540222122], [-104.8923383979549, 21.53737103993242], [-104.89182653894954, 21.537652663870492], [-104.89150707478848, 21.53835425655408], [-104.89149662783659, 21.538882506527845], [-104.89170638678904, 21.540180949062865], [-104.88901357364063, 21.541421854984954], [-104.88397439324223, 21.544135394087785], [-104.86997689332813, 21.55167154737271], [-104.87093682011685, 21.552102371392273], [-104.87165234139214, 21.552933384331066], [-104.87225212757916, 21.55442827957665], [-104.87237804612458, 21.55608854889681], [-104.87216467209103, 21.55705233269491], [-104.87202899162062, 21.557665176776066], [-104.87179930999228, 21.559407972548566], [-104.87186160554573, 21.560289871100995], [-104.87192277846407, 21.56130596567006], [-104.85510049999402, 21.566772168431594], [-104.84904847059175, 21.56668032120461], [-104.83824178862112, 21.56458886867667], [-104.83705005406898, 21.563341950950427], [-104.83586347912656, 21.563340106740657], [-104.83431888140436, 21.56283966423626], [-104.83490737771166, 21.561678519436473], [-104.83501919099088, 21.560018595901965], [-104.83560630028123, 21.55852542401621], [-104.83631376423374, 21.557447461572014], [-104.83678185512507, 21.555871095422688], [-104.83653769194419, 21.55421061723017], [-104.8364138976451, 21.552965350366826], [-104.83735828127544, 21.55180474565988], [-104.83794395772846, 21.549979541558933], [-104.83887212475203, 21.544917665743082], [-104.83886931999967, 21.544241600212228], [-104.83886558191192, 21.54334055938006], [-104.83909494104826, 21.541431795259882], [-104.83932360475869, 21.53935701905931], [-104.83931774611446, 21.537945922955416], [-104.83765167487937, 21.536698278140943], [-104.8359900877266, 21.536529690449154], [-104.8347992840379, 21.535448766329853], [-104.83384439973925, 21.534036183355013], [-104.83348303768301, 21.532707532929], [-104.83792814683864, 21.517524495631598], [-104.8374622467381, 21.514611802956345], [-104.8375077338774, 21.513951772064793], [-104.83837202571681, 21.513141821322357], [-104.83878445330102, 21.513162808121706], [-104.83948322561008, 21.5123417069333], [-104.84028551675928, 21.512330446706905], [-104.839555824475, 21.51101470742633], [-104.83945958327232, 21.510102386990305], [-104.8400065209856, 21.508553859846266], [-104.83938923700046, 21.507658663647963], [-104.83952944900042, 21.50755613864795], [-104.83941091732312, 21.507413427712397], [-104.83927841900041, 21.507253900647694], [-104.83957187716068, 21.50698285103063], [-104.84039738100043, 21.50622037464707], [-104.84106032093116, 21.505035348440423], [-104.84112262900038, 21.504923969646303], [-104.8411935483072, 21.504813611751658], [-104.84144659033691, 21.504419850135474], [-104.84160006100018, 21.504422868822953], [-104.84221660650995, 21.504434991708614], [-104.84273219258098, 21.50436763700372], [-104.84320238600017, 21.504306210823], [-104.84517323900019, 21.50471159082305], [-104.84579906210824, 21.50462108156194], [-104.84655951100018, 21.50451109882303], [-104.84723546252586, 21.504562328136657], [-104.8480994560002, 21.50462780482307], [-104.85043628949683, 21.504330142871638], [-104.8519193160002, 21.50414121982291], [-104.85304381455187, 21.50367163302231], [-104.8542611860002, 21.50316325082263], [-104.8547500940635, 21.503105686013548], [-104.85535475000019, 21.503034490822554], [-104.85652510400018, 21.503121973822644], [-104.85769554200019, 21.50312297482258], [-104.85919158700017, 21.503448866822684], [-104.85947181900018, 21.503904192822883], [-104.86048264200019, 21.504152562822895], [-104.86287669700019, 21.504031048822903], [-104.86340524500015, 21.50318316682258], [-104.86307984600019, 21.50227979282237], [-104.86313230400016, 21.501990343822236], [-104.86323503800281, 21.50158321377384], [-104.86331962900017, 21.501247981821983], [-104.86338739274782, 21.50113724827943], [-104.86344663000017, 21.501040447821943], [-104.86356744428033, 21.501029661903825], [-104.86362760600015, 21.50102429082197], [-104.86391236172945, 21.501056182247627], [-104.8639755473208, 21.501145047185407], [-104.86411781829824, 21.50123397627276], [-104.86416507706646, 21.501441245726316], [-104.86432315181285, 21.501544989703522], [-104.8646236629347, 21.50156003573814], [-104.8650191450069, 21.50150114692607], [-104.86536713464291, 21.50148662528455], [-104.86566763217104, 21.501516471912765], [-104.86588904434096, 21.5015462542572], [-104.86611056498194, 21.501457618667022], [-104.86637938786825, 21.501531845005307], [-104.86662621262262, 21.501572822127752], [-104.86665607662329, 21.501590575207356], [-104.86668594063121, 21.501608328281698], [-104.86679056931992, 21.501652563466596], [-104.86690372233683, 21.501731683559736], [-104.86698752317932, 21.501824368429464], [-104.86705181780592, 21.501914746626944], [-104.86710822721832, 21.502073852850973], [-104.86714605535212, 21.502181561755673], [-104.86723270097343, 21.502334275813826], [-104.86733974309944, 21.502421143034407], [-104.86745755181641, 21.502472039284036], [-104.86757193825292, 21.50251198018539], [-104.86778174064241, 21.50257986559436], [-104.86796051449022, 21.50260750177941], [-104.86820294757221, 21.50271452685615], [-104.86840083013932, 21.50282013112768], [-104.86857523840261, 21.50290128298473], [-104.86875683517103, 21.503004018642326], [-104.86886166867971, 21.503089810808895], [-104.86894382538463, 21.503176695706905], [-104.86898797821122, 21.503239267357788], [-104.86899135706166, 21.503307118866562], [-104.86896920917499, 21.50338599309024], [-104.86894810990476, 21.503444788790677], [-104.86890070508478, 21.50350497380314], [-104.86884631178647, 21.503592392436317], [-104.86880349000249, 21.503675259151624], [-104.86879013330412, 21.5037436688498], [-104.86879297478107, 21.503856597778988], [-104.86878759788549, 21.504052359572736], [-104.86877263464079, 21.50424382131629], [-104.86876865242118, 21.504318674267758], [-104.86875817348519, 21.50441769060795], [-104.86873104466859, 21.50448169274288], [-104.86866924623158, 21.504638127425387], [-104.86864054544152, 21.504703977323537], [-104.86864221743102, 21.504744256078453], [-104.86864684566092, 21.50493380352076], [-104.86831445996488, 21.505991766920694], [-104.86849668571354, 21.506017843535485], [-104.86853987778856, 21.50602402429734], [-104.86943749931358, 21.506152470792248], [-104.86997512730501, 21.50622940105683], [-104.87035316201023, 21.506283493714548], [-104.87093959215785, 21.50636740372358], [-104.8712714398888, 21.506414885570106], [-104.87147977342659, 21.506444694254004], [-104.87244896767172, 21.506557543886366], [-104.87279181405212, 21.50659079850899], [-104.87320496017995, 21.50665541184455], [-104.87387802413703, 21.50676067230813], [-104.87446200621831, 21.50660658486555], [-104.87489572572889, 21.50649214363697], [-104.87494647116444, 21.506478753860915], [-104.87509261064332, 21.50644019315215], [-104.87518279359935, 21.506416396650565], [-104.87523759945044, 21.506401935915477], [-104.8756305763573, 21.50629824296524], [-104.8757520993638, 21.50626617696094], [-104.87589568646875, 21.506711182602764], [-104.87614297373518, 21.50747756905234], [-104.87648278763646, 21.508584998402885], [-104.87678438132062, 21.508976426229058], [-104.8772759727098, 21.509337486657916], [-104.87877513103763, 21.509928728743578], [-104.88070789687525, 21.51081576580964], [-104.88113712190352, 21.511359410520683], [-104.88127708998617, 21.511610668345696], [-104.88139112708386, 21.5118153765252], [-104.88175478486008, 21.51160283211739], [-104.88248157381938, 21.510965169368294]]]}}, {"type": "Feature", "properties": {"id": 12, "entidad": 18, "distrito_l": 12}, "geometry": {"type": "Polygon", "coordinates": [[[-104.64348849619265, 21.18222635287918], [-104.64420964772901, 21.183729554771332], [-104.64493128121148, 21.185482195561352], [-104.64541128669302, 21.186068589603654], [-104.64553320184503, 21.18723374276873], [-104.64637459837151, 21.188987467527536], [-104.64721507194129, 21.19024230414859], [-104.64769510160373, 21.190828691716657], [-104.64841475878745, 21.191500402265355], [-104.64949425675907, 21.192507962412222], [-104.65081339791357, 21.19360083672237], [-104.65141302844577, 21.194105153256157], [-104.65189372578755, 21.195024118233896], [-104.65237554853519, 21.196525112852473], [-104.65261726377017, 21.197691345990997], [-104.6533395434772, 21.1996933920959], [-104.6539395285377, 21.20036399427836], [-104.65537818983007, 21.201291623403634], [-104.65693726080147, 21.202552912008237], [-104.65789699060653, 21.20347618922821], [-104.65897827517465, 21.20531516192031], [-104.65862279911171, 21.20722430461038], [-104.65874417914159, 21.20805685813303], [-104.6591048914066, 21.20880842654715], [-104.65958486349547, 21.20931163330023], [-104.65886735859388, 21.209804030749197], [-104.65862867922388, 21.210217604119574], [-104.65851040020466, 21.21096484738886], [-104.65875120518282, 21.211632187662474], [-104.65911241663197, 21.212633197385202], [-104.65959354781047, 21.213718434237233], [-104.65995542596495, 21.215052030683037], [-104.66007780377096, 21.216383465535827], [-104.65995969066228, 21.217213856441504], [-104.65972165761175, 21.217960019380648], [-104.65960370493379, 21.218873556954385], [-104.65984534681745, 21.219956630824964], [-104.66008699211206, 21.221039704258263], [-104.65996936692015, 21.22211953592501], [-104.65949246341991, 21.22319612496988], [-104.65913482206574, 21.224024352483713], [-104.65889677343903, 21.224770513455578], [-104.65794032117448, 21.225593330282727], [-104.65698304689049, 21.226000406336563], [-104.65590487430086, 21.225824364275528], [-104.65578656795164, 21.226571603902254], [-104.65506993360883, 21.227562864915914], [-104.65435248566156, 21.228138387702632], [-104.65399528521205, 21.229216044222472], [-104.65351719282458, 21.229710585825682], [-104.65231875505175, 21.229283994463195], [-104.65100199123441, 21.22960463030438], [-104.65076389249691, 21.230350778631703], [-104.65052626719368, 21.231346367324193], [-104.65016887256833, 21.23234086792818], [-104.64897137015812, 21.232413134240044], [-104.64873357173573, 21.233325573053023], [-104.64837600277397, 21.23423692250589], [-104.64729966306062, 21.235058587484836], [-104.64622206200539, 21.235215070460693], [-104.64490414479187, 21.234953629600195], [-104.64370646451975, 21.234942711346157], [-104.64274862900287, 21.23510026430827], [-104.6426313275337, 21.236429520681746], [-104.64299217871958, 21.237264267651017], [-104.64323403577207, 21.23851365531146], [-104.6434743506273, 21.238931574448454], [-104.64359767936853, 21.24084504327635], [-104.6437200825581, 21.242259630972026], [-104.64360262844549, 21.243505740172687], [-104.64348486304344, 21.24458555557449], [-104.64339636319141, 21.24537419904786], [-104.64285429511948, 21.246006498521997], [-104.6427635937712, 21.246259685001036], [-104.64271819208317, 21.246407392990587], [-104.64274010410513, 21.24666081797253], [-104.64285220919207, 21.246872204213542], [-104.64305445679103, 21.24706266631281], [-104.64327932940813, 21.247210946270908], [-104.64395389925093, 21.247676899140913], [-104.64431299932036, 21.24820552889405], [-104.64505080826918, 21.249339115330553], [-104.64553288485963, 21.250923268029787], [-104.64589503340211, 21.25242318165447], [-104.64613740565595, 21.25392200364301], [-104.64637993869152, 21.25550397175204], [-104.6465015974886, 21.256502822237263], [-104.64638618276084, 21.2588298377479], [-104.64626842365405, 21.25990965324729], [-104.64603118535118, 21.261154670871772], [-104.64639351838679, 21.26273772862298], [-104.64687502543046, 21.263989289438598], [-104.64841265315758, 21.264760258606273], [-104.65082236523403, 21.278159595244542], [-104.6520111199938, 21.283568161143265], [-104.65593179990704, 21.30140358614621], [-104.6572514607901, 21.30224697105622], [-104.65929089240049, 21.303512570213602], [-104.66025030039053, 21.303936954310625], [-104.66144870612088, 21.304030908804744], [-104.66288626711601, 21.303877574800843], [-104.66408351445558, 21.30338948636955], [-104.66456197968695, 21.302978068145688], [-104.66503944479756, 21.30206777052854], [-104.66479697544166, 21.30065212698511], [-104.66431437215283, 21.298984887409716], [-104.66419223081677, 21.297819759987323], [-104.66442871647924, 21.296242135390674], [-104.66478551201516, 21.294915027269436], [-104.66538226565798, 21.293756366071996], [-104.6662194748306, 21.293015588558934], [-104.66705717797163, 21.292524246028016], [-104.66825381509857, 21.291786686525658], [-104.66969108171506, 21.291550146059507], [-104.66992952674102, 21.2909702693952], [-104.67028625965705, 21.2896431479745], [-104.67100343919257, 21.28881812519778], [-104.67220036753666, 21.28824682970837], [-104.67327901434395, 21.28842277249056], [-104.6821345370804, 21.283513057412065], [-104.68273110840346, 21.282354330835904], [-104.68335674451741, 21.281182902102014], [-104.68392439973785, 21.280120017182156], [-104.68464358619889, 21.28029269391775], [-104.68643941870317, 21.279726612251448], [-104.6873976797112, 21.2796519617383], [-104.68823721158846, 21.28007512487988], [-104.68979413976719, 21.279839471718326], [-104.69147068689152, 21.279521716209885], [-104.69278726700334, 21.278951330588566], [-104.69398421573273, 21.278463024313982], [-104.69434179916588, 21.277634727426474], [-104.6935017159015, 21.276962154291873], [-104.69433759263613, 21.275722351960333], [-104.69409524738987, 21.274473036771425], [-104.6943321055128, 21.273227948528213], [-104.69492872260136, 21.272152322473893], [-104.6949248741991, 21.270406239340094], [-104.69540167863161, 21.269329554791685], [-104.69683776476032, 21.268677044542034], [-104.69755931334748, 21.269930574935408], [-104.69803998245104, 21.27059996644665], [-104.69935812988012, 21.270777849274438], [-104.70067646710142, 21.271038868675003], [-104.70187501067699, 21.271298826543585], [-104.70271247393262, 21.27080730243305], [-104.70307036537629, 21.27014527921657], [-104.70414722398101, 21.26957270161296], [-104.70582646643888, 21.270502004487692], [-104.70786417338938, 21.2710186978618], [-104.71026109925367, 21.271455356250016], [-104.71253766116443, 21.271641496269705], [-104.71493344478284, 21.271579206900565], [-104.71732883514093, 21.271350589573114], [-104.71769254413633, 21.273182942576813], [-104.71829625798144, 21.27518366780559], [-104.71877998774823, 21.277100204393466], [-104.71938215604769, 21.27843575015136], [-104.72130358276713, 21.280364740172374], [-104.72190717532695, 21.282282304764998], [-104.72287060863158, 21.28436927046342], [-104.72395487725193, 21.28687300030368], [-104.72515499276061, 21.287714821662888], [-104.72623470694245, 21.288306160003252], [-104.72719562314958, 21.28931219210594], [-104.72815836875634, 21.291066539933322], [-104.72924054848289, 21.292655620643952], [-104.73080222450129, 21.29433196554688], [-104.73212246186148, 21.295257915235307], [-104.7328432115912, 21.29601241467749], [-104.73368624689184, 21.297765701113303], [-104.73500879484223, 21.29960624254094], [-104.73560996383976, 21.30044284882584], [-104.73681108241885, 21.30161717454081], [-104.73837044862937, 21.302295688579687], [-104.73945011436433, 21.302803796073363], [-104.74196957303074, 21.304072500195538], [-104.74341105594578, 21.30549826528008], [-104.74473273869928, 21.306922996974745], [-104.74509750390833, 21.30900472761752], [-104.74534181359422, 21.31083599634432], [-104.74570405754388, 21.31191996490132], [-104.74774269142813, 21.31251932731763], [-104.74966321941915, 21.31378282090616], [-104.75157991267935, 21.313549652611805], [-104.75242628378973, 21.31646689800242], [-104.75279053306568, 21.318299170994152], [-104.75303430534908, 21.319880987750047], [-104.75351884208033, 21.32188056707232], [-104.7528021715097, 21.32278908821112], [-104.75160526603189, 21.323360955032943], [-104.75256830488945, 21.325032014724755], [-104.75424848342286, 21.325960838234273], [-104.75556936731293, 21.326969751323134], [-104.75689135828168, 21.328394386870333], [-104.75797280766481, 21.32948440227185], [-104.75953125044447, 21.32966384243107], [-104.76120690128155, 21.328846519030773], [-104.76228374863409, 21.328190428984584], [-104.76263842218546, 21.326364230004597], [-104.76359628790567, 21.326039709004945], [-104.76539461218152, 21.32630425672365], [-104.76814923136678, 21.325662211881983], [-104.76910505850175, 21.324589339582214], [-104.76982208854497, 21.323847041607383], [-104.77042129885479, 21.323852057441297], [-104.77281950143902, 21.324370979379623], [-104.77401587963872, 21.323632667614145], [-104.77437130746186, 21.3221390282263], [-104.77532661024826, 21.32089982610597], [-104.7770032210769, 21.320498076319346], [-104.78408004690368, 21.322801785353295], [-104.78612250528768, 21.324647885229524], [-104.78696539658624, 21.32606831935218], [-104.78780806879985, 21.327405602467255], [-104.78984354650645, 21.32675725659926], [-104.79163789387441, 21.325608030132432], [-104.79283537961877, 21.325285317463216], [-104.79463470644227, 21.32588213973352], [-104.79630964317518, 21.324898170624795], [-104.7972635783012, 21.323243109162203], [-104.79800561794538, 21.324142314935457], [-104.79857020668328, 21.325642674826767], [-104.7987822099646, 21.327054786187883], [-104.80180798104223, 21.329587114080862], [-104.80226167224068, 21.330671396108826], [-104.80272100861187, 21.331424261315675], [-104.80342622835286, 21.331600737080183], [-104.80425368281944, 21.331530442091967], [-104.80460347650589, 21.331784384936043], [-104.80482258829271, 21.332782218724468], [-104.80622460143682, 21.333632273175944], [-104.80644794961219, 21.334381543050068], [-104.80666848507485, 21.335296520360348], [-104.8067766426793, 21.33587828970742], [-104.80792297994385, 21.33788469987273], [-104.80802551726497, 21.338797883782945], [-104.80741153460957, 21.340197442171455], [-104.8068073926282, 21.34101702116853], [-104.80666826508269, 21.342258036439556], [-104.80664292836464, 21.343749405086665], [-104.80720767846019, 21.345249733723442], [-104.80836675359441, 21.346510455133906], [-104.80846507927548, 21.34767219927583], [-104.80797189756754, 21.348907841377788], [-104.80678747051165, 21.349138485202683], [-104.80558332372561, 21.35052907288078], [-104.80497208550263, 21.3517629124348], [-104.8040081752752, 21.35290851377954], [-104.8024583580656, 21.353796573220905], [-104.80267889671201, 21.354711553685885], [-104.8032535152463, 21.355631918208054], [-104.80274898283875, 21.357530372286806], [-104.80166839981166, 21.35859131029185], [-104.80073405332917, 21.35799696600805], [-104.79920675501269, 21.35755933704915], [-104.7983763272776, 21.357795312931486], [-104.79719181427195, 21.35802588817965], [-104.79612532533956, 21.35825825478778], [-104.79353862292619, 21.35763866664805], [-104.7924806259114, 21.35737388912414], [-104.79095477585, 21.356853331851074], [-104.78765287258966, 21.356637099156995], [-104.78624365414719, 21.356201158280616], [-104.78542599140138, 21.35569138930944], [-104.78389308140021, 21.35558503517651], [-104.78295456319805, 21.355239152695827], [-104.7823800735662, 21.35431871973492], [-104.78180132593188, 21.353646844931315], [-104.78050448738696, 21.353544079369296], [-104.77967263035274, 21.353862816190873], [-104.77693386632862, 21.355229642049256], [-104.77689255565387, 21.357632387550957], [-104.77652422768813, 21.358455480241076], [-104.77545200286363, 21.359019128287507], [-104.77461012320542, 21.35991781212522], [-104.77447355743925, 21.36099308911177], [-104.77422608976585, 21.361652284730365], [-104.77314241918415, 21.362878743059103], [-104.7718383688832, 21.36319017588544], [-104.77065662898138, 21.363254856790213], [-104.7699412990428, 21.363658215104273], [-104.76887044054976, 21.364138967097762], [-104.7682602682132, 21.36528981486971], [-104.76695046559102, 21.365932621665216], [-104.76111236387884, 21.368991741989838], [-104.7600371356166, 21.369720995537207], [-104.75873730276244, 21.369783766770393], [-104.75685303170386, 21.36950598044331], [-104.75579645454485, 21.36915811908751], [-104.75544091080522, 21.369235487202644], [-104.75542941651238, 21.36989831015321], [-104.75564824890985, 21.37089620113389], [-104.75515023523752, 21.372380238688987], [-104.7548897273665, 21.373785079358584], [-104.75437732123736, 21.376097641917717], [-104.7534157354649, 21.377077239090717], [-104.7525822492873, 21.37747869178961], [-104.75233753282714, 21.377972147188597], [-104.75255923273299, 21.378804335683114], [-104.7565425453877, 21.380606432355417], [-104.75783242529, 21.381123648643594], [-104.75900857351435, 21.38139047074886], [-104.75958445478565, 21.382228127555102], [-104.75945923495382, 21.382640565935773], [-104.75757049079918, 21.382611344878896], [-104.7567168762727, 21.384172756217367], [-104.75518944209088, 21.383734726891007], [-104.7535382178962, 21.3836262647629], [-104.75092534510945, 21.384497367812447], [-104.74949004624291, 21.385552466018197], [-104.74842040337528, 21.38595023152063], [-104.74640636076, 21.386333313886993], [-104.74474645645154, 21.386721880425547], [-104.74251940394267, 21.385775603084763], [-104.74157356953054, 21.385843752199243], [-104.73968189826192, 21.385980034402515], [-104.738128455671, 21.387033194627527], [-104.73832115374158, 21.389522448945176], [-104.73854134420898, 21.39043750661934], [-104.7387586443057, 21.391518268762248], [-104.73897739392565, 21.392516178110252], [-104.73884053539187, 21.39359141912947], [-104.73871380097034, 21.39408669329124], [-104.73857549222909, 21.395244786128792], [-104.73843718120492, 21.396402878775366], [-104.73841691577165, 21.3976208878341], [-104.74095862539502, 21.39937839513772], [-104.74775346006577, 21.403981801536844], [-104.75046315938206, 21.404355372524517], [-104.75175322472937, 21.404872636003965], [-104.75208332967692, 21.4049881532258], [-104.75224588666839, 21.404165821059447], [-104.75244942457421, 21.402990941701855], [-104.75314449146869, 21.402855913366654], [-104.75440190016235, 21.40131299384661], [-104.75781410967727, 21.400715599446272], [-104.76020347646963, 21.399234396501548], [-104.76178400865587, 21.399742316760594], [-104.76235458826876, 21.3989750470754], [-104.76212505740757, 21.397475219340055], [-104.76397386936245, 21.39486686949183], [-104.77692757306849, 21.396456863105072], [-104.79708506583016, 21.408662501918283], [-104.80382379415988, 21.41274190229594], [-104.8093000056065, 21.415988562425003], [-104.7902326599546, 21.42404361768136], [-104.78437311196987, 21.424598172306503], [-104.79647102522506, 21.434524411948463], [-104.80954014361602, 21.445245026912005], [-104.81033390884704, 21.4442873190927], [-104.81047068355585, 21.44439041674326], [-104.81238320991758, 21.442170662635927], [-104.81331902858119, 21.442380908431627], [-104.81394429188569, 21.442673746731444], [-104.81444801012243, 21.44301922398564], [-104.81376637078858, 21.443835798501397], [-104.81568008557932, 21.444565059964283], [-104.81754499595107, 21.445031183122055], [-104.81792043982743, 21.445183213306034], [-104.81954130569095, 21.445351711953027], [-104.82175183097223, 21.445928260981376], [-104.82178792987143, 21.446430585295268], [-104.82370463529091, 21.446954372637006], [-104.82373835292752, 21.44702499346072], [-104.8257929042363, 21.447599752613144], [-104.81865234556167, 21.45269892719412], [-104.8248647298972, 21.457579200193532], [-104.8287649290697, 21.460781421488452], [-104.8302842447164, 21.462028778699995], [-104.83416118631726, 21.465257632808207], [-104.83450006645364, 21.465484816805265], [-104.83486610810607, 21.46568960285132], [-104.83499121613583, 21.465734654191838], [-104.83867552731733, 21.467061321276258], [-104.8378499681836, 21.46838576356096], [-104.8365487001709, 21.470473323416382], [-104.8298582227163, 21.470907769970964], [-104.83010114113765, 21.47265344958938], [-104.83051372369016, 21.4756118291324], [-104.8308287066147, 21.477881689141444], [-104.83111158554576, 21.47991433953522], [-104.82960292180077, 21.48011845358246], [-104.82971234620601, 21.480906183282222], [-104.82972291078057, 21.48173942830362], [-104.82972634130577, 21.48224391374671], [-104.8287834279938, 21.482246807993832], [-104.8286852706201, 21.48224834367657], [-104.8284824255028, 21.482255036773058], [-104.8283041151817, 21.482261682234796], [-104.8281134604779, 21.48227169794767], [-104.82791710036591, 21.482281848149956], [-104.8277238853608, 21.48229436642166], [-104.8274912891069, 21.482314583189673], [-104.8273302662478, 21.482327404502175], [-104.8271009506186, 21.48234693230656], [-104.8269191954553, 21.482365331218496], [-104.8266881858154, 21.48239290597858], [-104.826480656453, 21.482417072702056], [-104.82628417934872, 21.48244380072517], [-104.8260738894872, 21.482471955362136], [-104.8259086722661, 21.48249740111379], [-104.8256728968054, 21.48253295928423], [-104.8254449164196, 21.482570372419794], [-104.8252291470229, 21.482611121652223], [-104.8250379347848, 21.48264743660307], [-104.8248779121488, 21.48267912874455], [-104.8247194664637, 21.482711085520226], [-104.8245347438401, 21.482749885813547], [-104.8243346897653, 21.482795215321307], [-104.8241105262306, 21.48284602787594], [-104.823931867182, 21.482890560010894], [-104.8237852616074, 21.482930054484836], [-104.82366661728291, 21.482960371257665], [-104.8234669076537, 21.483013840051502], [-104.82328404738371, 21.483062028868773], [-104.8230784906721, 21.483122834064986], [-104.8229409655333, 21.483161503866036], [-104.8227957796686, 21.483207498341635], [-104.82255565818615, 21.48327900797482], [-104.82238059444434, 21.48333472502703], [-104.82221658692113, 21.483389599285722], [-104.82204686508827, 21.483445732451507], [-104.82189561375108, 21.48349744192958], [-104.82174125084654, 21.48355171444914], [-104.82156477100254, 21.48361539928093], [-104.82140671700225, 21.483676627541932], [-104.82124036740755, 21.48373625843078], [-104.82102508963307, 21.483821046687268], [-104.82086246645444, 21.48388505281007], [-104.82072486792345, 21.483941526394496], [-104.82054262300554, 21.484016860973657], [-104.8202808570921, 21.484128500708145], [-104.819896023036, 21.484296294724402], [-104.819683650896, 21.48439511825621], [-104.8195289903768, 21.484468022154783], [-104.8193894738452, 21.48453156966251], [-104.8191873691538, 21.48463068762184], [-104.8188975126677, 21.484774411861462], [-104.8186723287095, 21.484887200634233], [-104.8185013239844, 21.484976386212566], [-104.8182966318545, 21.485088996752363], [-104.8181402105923, 21.48517522290194], [-104.8178083206159, 21.48535789488389], [-104.8175606514435, 21.485499073689216], [-104.8173922603106, 21.4855973740879], [-104.817211585394, 21.48570814043879], [-104.81701944821492, 21.485832964449028], [-104.8168478631079, 21.48595074996025], [-104.8167007631313, 21.486055039478735], [-104.8165342348198, 21.486180093789024], [-104.8164303607686, 21.486261194056603], [-104.8162995339502, 21.486364373586046], [-104.81616832127261, 21.486471671877737], [-104.81603623976291, 21.48658262290278], [-104.8159187872124, 21.486686478180218], [-104.81579420226521, 21.486797745214485], [-104.81569908622352, 21.486885955380732], [-104.8155923891811, 21.486991039129446], [-104.8154505887103, 21.48713323387099], [-104.815367906035, 21.487222216976555], [-104.8152841100278, 21.48731119757326], [-104.8151528584728, 21.487458307432355], [-104.8150452667838, 21.487583044674874], [-104.8149492509907, 21.487704766393048], [-104.8148361431522, 21.487844387365968], [-104.8147382804165, 21.487971046204127], [-104.81471271, 21.488005868999974], [-104.81462469071305, 21.488125734147985], [-104.81447751220362, 21.48834047610751], [-104.81436381883495, 21.488515763841065], [-104.81423585850224, 21.48871915124647], [-104.81404131058974, 21.489039254833497], [-104.81387265695894, 21.489331260101793], [-104.81376718815964, 21.489513273701938], [-104.81360965027233, 21.48979117108951], [-104.81356956800012, 21.48942310990924], [-104.81350495700012, 21.488935237909168], [-104.81344292000011, 21.488554046909073], [-104.81335614400011, 21.48809878690901], [-104.81322839100012, 21.487480022908912], [-104.81282944236281, 21.486067084493012], [-104.81263150085398, 21.48608135065868], [-104.81232558075905, 21.486094787804962], [-104.81206635599744, 21.486114927448085], [-104.81171489527185, 21.486138359699194], [-104.81138871360064, 21.486163201387615], [-104.81099087219243, 21.48619095400642], [-104.81074770731037, 21.486208250894983], [-104.81036801991208, 21.486235695320765], [-104.81002839061114, 21.486264871886746], [-104.80980479163755, 21.486277135270957], [-104.80955483831035, 21.48629537990858], [-104.80906912655799, 21.486323844515145], [-104.80878650236714, 21.48635972777049], [-104.80840501604536, 21.486418157603964], [-104.80816695700011, 21.486475378908754], [-104.8078397600001, 21.486475368908742], [-104.80758383100012, 21.486401828908757], [-104.80713729500012, 21.4864400409088], [-104.80668387700013, 21.48647573890877], [-104.80630101200013, 21.48650642190879], [-104.80590989100014, 21.486532696908775], [-104.80556251700015, 21.486558471908776], [-104.80524989600015, 21.486569231908813], [-104.80505109000013, 21.486587831908825], [-104.80496732300011, 21.48659852790878], [-104.80490743600014, 21.486605699908782], [-104.80487436900015, 21.486617610908805], [-104.80483349000012, 21.48663601890883], [-104.80474201800013, 21.486685397908847], [-104.80459876200013, 21.486768165908813], [-104.80457911400013, 21.486779516908815], [-104.80444529900012, 21.48684651990884], [-104.80419063000012, 21.486974130908862], [-104.80396992400013, 21.487059135908833], [-104.80389915100012, 21.487051788908822], [-104.80376896500013, 21.48712031990892], [-104.80357370800016, 21.487215533908902], [-104.80334426600014, 21.487324655908893], [-104.80303225200011, 21.487465618908946], [-104.80270241800014, 21.48761679590896], [-104.80236105100012, 21.48776807690898], [-104.80213462300013, 21.48786976890898], [-104.80190437400012, 21.48797036390902], [-104.80163409800012, 21.488094401909], [-104.80139213400014, 21.488207106909012], [-104.80110031800012, 21.488334098909068], [-104.80068023200013, 21.488502979909125], [-104.80027084000011, 21.488695335909085], [-104.79999645600016, 21.488812438909104], [-104.79982815000012, 21.48887425490913], [-104.79959919000014, 21.488987814909144], [-104.79899337500014, 21.489245158909192], [-104.79858722100013, 21.489409403909193], [-104.79828355778264, 21.48953499066178], [-104.79825272001928, 21.489542246550517], [-104.79820881527708, 21.489544580940752], [-104.79813919518189, 21.48955136041437], [-104.7980828554868, 21.489559132915986], [-104.79801237319577, 21.489576585776597], [-104.79793119129559, 21.48960257199731], [-104.79766279611148, 21.48969359342548], [-104.79748586391528, 21.48977081404352], [-104.79731360179461, 21.48985052374004], [-104.7971275250005, 21.48993513241128], [-104.79693514688398, 21.490028546785666], [-104.79668923704611, 21.490150207697447], [-104.79651424707258, 21.49024754809295], [-104.79637277696749, 21.490334120233335], [-104.79626875217818, 21.490412190934173], [-104.79615792981818, 21.490508202816162], [-104.7961029684277, 21.49055024434878], [-104.79601525821619, 21.49064007453193], [-104.79588007545578, 21.490741636975425], [-104.7957626063224, 21.49083476930818], [-104.79564490015987, 21.490919615878106], [-104.7955098645149, 21.49101143924926], [-104.79538292939947, 21.491092570532327], [-104.79527408628549, 21.49115358781032], [-104.79511685262489, 21.491236169190522], [-104.79501616272726, 21.49128948351952], [-104.79492514350359, 21.491336546568636], [-104.79482284097838, 21.49138600799628], [-104.7947303802665, 21.491431066914334], [-104.79459608432607, 21.49148539027765], [-104.79453049884567, 21.491509231448966], [-104.79442443295929, 21.491537508399848], [-104.7942862965844, 21.4915676097095], [-104.79417046406238, 21.4915920781394], [-104.79405838913158, 21.491620989666075], [-104.79395228676319, 21.491652091286255], [-104.79387115455988, 21.49167915631242], [-104.793785569933, 21.491713112004284], [-104.79371001287059, 21.491749398904865], [-104.79362909352949, 21.49179756672139], [-104.79355680085938, 21.49185706326362], [-104.79348037456349, 21.491917638260954], [-104.7933576597492, 21.492023248246404], [-104.79328907693412, 21.49207810489191], [-104.79320582964168, 21.492122589641745], [-104.7931161264147, 21.492158789134198], [-104.793023250284, 21.492194529804976], [-104.7929215392178, 21.49222709611963], [-104.7928126289306, 21.492254466184953], [-104.79253243156109, 21.492341137768562], [-104.79237973371946, 21.492378538821615], [-104.79215614067328, 21.49242201062933], [-104.79206620146809, 21.492440598706622], [-104.79194935791229, 21.492467841379526], [-104.79183851299848, 21.492503333069834], [-104.7916995445274, 21.49255596253268], [-104.79154682018998, 21.49261711129583], [-104.79141406775221, 21.49267398024029], [-104.79123551521138, 21.492757306631372], [-104.79103355544258, 21.4928472069549], [-104.7908061209741, 21.49295136722775], [-104.7905884534551, 21.493050787652265], [-104.790323841351, 21.493175095134507], [-104.7900447615569, 21.493296537977333], [-104.78975254460808, 21.493432861408593], [-104.7896318971383, 21.493485481663633], [-104.7895675695515, 21.493509589779066], [-104.7895140352994, 21.493521469499857], [-104.7894644044589, 21.493526870943377], [-104.7893568952609, 21.493531818192498], [-104.78922528773579, 21.493529958149864], [-104.7890837974852, 21.49353903519549], [-104.78903686153298, 21.49354546360677], [-104.78899003163559, 21.493556171919508], [-104.78893703551438, 21.49357456958347], [-104.78889665412538, 21.493597523899332], [-104.7888445149912, 21.493635865839526], [-104.7886934497301, 21.493767117342568], [-104.78858656724539, 21.49387053342514], [-104.788496391053, 21.493960708424115], [-104.7884199509703, 21.494027475506535], [-104.78832765028291, 21.494100159846386], [-104.78822799811519, 21.49417337086667], [-104.7880923455553, 21.49425889419472], [-104.7879462494123, 21.49435276335819], [-104.7877495305933, 21.49446802506123], [-104.78755442086118, 21.494587330640126], [-104.78737913964989, 21.494691034073576], [-104.78717058274671, 21.494813682292417], [-104.78692985419961, 21.494955494309334], [-104.78667808768259, 21.495110391071783], [-104.78646627027659, 21.49523321140718], [-104.7860899005814, 21.49544359763628], [-104.78584632623279, 21.49558673196475], [-104.78569887198118, 21.4956803058201], [-104.78578735047299, 21.4959621264992], [-104.78562982733499, 21.496084246788467], [-104.785413801464, 21.49627182153088], [-104.78508942219858, 21.49657747342693], [-104.78482857215998, 21.496875406415533], [-104.78449433158438, 21.497284861525777], [-104.78422205291488, 21.497685393645472], [-104.78387840373769, 21.498164069643604], [-104.78089425970288, 21.4917780687168], [-104.78041675079874, 21.490947114171544], [-104.78041426038224, 21.490283066179217], [-104.78112553525892, 21.49020140157458], [-104.78147914500673, 21.48962102907318], [-104.78147384254584, 21.488209926749363], [-104.78064117842739, 21.48754431510123], [-104.77980168051265, 21.48505256636299], [-104.77944185992895, 21.48397281459428], [-104.77789829631115, 21.483471853071798], [-104.7770731016349, 21.48479836896059], [-104.77660151090619, 21.485544518052805], [-104.77589272636985, 21.486290211874334], [-104.77470801387888, 21.486619961758514], [-104.77328641340074, 21.487032251658274], [-104.77138797391824, 21.486779561189316], [-104.76913497701692, 21.486858178203978], [-104.7680688403273, 21.487188112588022], [-104.76735666165413, 21.487020703739443], [-104.76605211668527, 21.487018134964664], [-104.76498536695333, 21.487182037636334], [-104.76403962634723, 21.48801021674482], [-104.76308965422993, 21.487676306781733], [-104.76213968649489, 21.487342391445324], [-104.76071594368719, 21.487173532251916], [-104.7596503853589, 21.487669424646267], [-104.75834523778224, 21.487500783752687], [-104.75727370531024, 21.48633654176217], [-104.75679396517825, 21.484841472754223], [-104.74990350970124, 21.481424135073315], [-104.74658736385558, 21.482662320355896], [-104.74589740511594, 21.48880327104285], [-104.74756331354111, 21.490383851100283], [-104.74626720659364, 21.492788297857963], [-104.74639047795853, 21.494116639569686], [-104.74639660972862, 21.495859762206962], [-104.74616407540229, 21.49718735920851], [-104.74533764202123, 21.498264695392717], [-104.74439142831129, 21.499009754653393], [-104.74427718530808, 21.500254591942273], [-104.74428209087148, 21.50165500843005], [-104.74428707120721, 21.50307678797], [-104.74205552306825, 21.50938046519566], [-104.74334104485594, 21.512897711547808], [-104.74421119277427, 21.515278375781843], [-104.74421526200844, 21.51644045452297], [-104.74386172973695, 21.517103749899405], [-104.74374601442358, 21.51793355594285], [-104.7445789710868, 21.518682354739436], [-104.74552997458326, 21.519265387057338], [-104.74612891386889, 21.520926741833346], [-104.7463714119165, 21.522421338804133], [-104.74768065960238, 21.523669147775948], [-104.74851366900694, 21.524417926942533], [-104.75090030397774, 21.528407110791903], [-104.75208983406439, 21.529322617975144], [-104.75351959776296, 21.53106865844972], [-104.75626059395996, 21.534560461266686], [-104.75721800463705, 21.536886542275262], [-104.75770417688685, 21.54012471668245], [-104.75569059889602, 21.541033678953035], [-104.75309503104995, 21.545095603788436], [-104.75084289344467, 21.545671997056445], [-104.75072542792033, 21.54600377318267], [-104.75037214602422, 21.54675008493484], [-104.74930787724129, 21.547743935272766], [-104.74859630559769, 21.547825461000272], [-104.74764773720165, 21.547989494112898], [-104.74741337195485, 21.54881905202171], [-104.74682102311458, 21.54906682837146], [-104.7437400224066, 21.550139417299526], [-104.7438624423704, 21.551218736189963], [-104.74209720351345, 21.555365235190205], [-104.73710558766089, 21.552947444847383], [-104.73567866700354, 21.552031320425016], [-104.73544222860188, 21.552279823785838], [-104.73472948732913, 21.55202926909391], [-104.73425147950323, 21.55103217863823], [-104.73424834628675, 21.55011912100053], [-104.73365255630111, 21.54937078733209], [-104.73269913461112, 21.54812364587171], [-104.73198358275727, 21.54704302697398], [-104.73162255207184, 21.545548155711163], [-104.73161688467499, 21.54388804997145], [-104.73149626073277, 21.54330675394553], [-104.73090419097393, 21.543637479168336], [-104.73007314186592, 21.543469650678276], [-104.72923955648415, 21.542554770411694], [-104.72840767087138, 21.54213791779666], [-104.72734132153293, 21.54255059032301], [-104.72521196172451, 21.54437197788449], [-104.72450095293196, 21.54461941137524], [-104.72390635139973, 21.54420306419156], [-104.72319227688723, 21.543537434270146], [-104.72236068145547, 21.543203556927764], [-104.72164995140045, 21.543533983562646], [-104.71584535364227, 21.546177015774628], [-104.71501841711621, 21.547254190244963], [-104.7130042077944, 21.54807962724982], [-104.71110862060212, 21.54890531316663], [-104.71028082007658, 21.549733447812713], [-104.71004542692343, 21.55031393534494], [-104.70945301014815, 21.550561578161634], [-104.70874005290338, 21.55022790776395], [-104.70779088723869, 21.550225703205573], [-104.70696090599486, 21.550389780025114], [-104.70660416118238, 21.55013993479029], [-104.70695875145961, 21.549725739044913], [-104.70695605826296, 21.54889568774558], [-104.7069544423304, 21.54839765692649], [-104.70636202827271, 21.5486452888467], [-104.70600636385812, 21.548727462869394], [-104.70588530095229, 21.5479801394556], [-104.70588315120467, 21.547316098325712], [-104.70564452164949, 21.54690051795343], [-104.70481455709069, 21.547064584342294], [-104.70457861078388, 21.5474790538744], [-104.70386755292691, 21.54772639874402], [-104.70351081994778, 21.547476546945983], [-104.70315328668892, 21.546977678991446], [-104.70244089513008, 21.5468099921454], [-104.70160959623223, 21.546559016910965], [-104.70160826476129, 21.546143991245476], [-104.70172477616663, 21.5454802303596], [-104.70148642769409, 21.545147649260656], [-104.70101186169316, 21.54514652720164], [-104.70041918547498, 21.545311133005605], [-104.69994461899095, 21.545310007903534], [-104.69994302686332, 21.544811977077938], [-104.69934955579937, 21.544727563681676], [-104.69875582076757, 21.544560143044382], [-104.69887234375788, 21.543896384161282], [-104.69887075524018, 21.54339835328385], [-104.69839513710613, 21.54306520325593], [-104.69780114580132, 21.542814774130537], [-104.6970906271547, 21.543228100655394], [-104.69649953494077, 21.54389072340685], [-104.69602549951877, 21.544055597462208], [-104.69531129166636, 21.54330684447019], [-104.69519002508389, 21.542476508356376], [-104.6941227959215, 21.542639952007356], [-104.69246341142293, 21.54313397661806], [-104.69092369697019, 21.54396029285984], [-104.68938240910349, 21.54428856406538], [-104.68807684465781, 21.54411937035805], [-104.68689301896538, 21.544946518136918], [-104.68499553100027, 21.54519087090271], [-104.68333557593365, 21.545518793732445], [-104.68239103978426, 21.54701053554302], [-104.68062055434027, 21.549994296881437], [-104.67860510531135, 21.550487295471896], [-104.6781455394579, 21.55200164188072], [-104.68000085961192, 21.55402018123262], [-104.68163319673432, 21.55528928690574], [-104.68313701148331, 21.557136445200392], [-104.68594092222258, 21.55900426473644], [-104.68683614088786, 21.561836192535612], [-104.68846419119032, 21.56335378168501], [-104.69021194430069, 21.564790381245235], [-104.69100532801687, 21.566709060722133], [-104.69146038657966, 21.567710761567547], [-104.69177954257627, 21.569704785320543], [-104.69140428569489, 21.570859058654467], [-104.69102016301372, 21.572510430234615], [-104.69052373964408, 21.57382852513225], [-104.68980124815404, 21.57456291653848], [-104.68896941604912, 21.57479832866432], [-104.68774016865275, 21.57833995483889], [-104.68747759034184, 21.579096286485466], [-104.68728848428428, 21.579641269489034], [-104.68722440687984, 21.57982587795416], [-104.68578080321234, 21.58121177697024], [-104.68529466238097, 21.581949906072754], [-104.68434309449705, 21.582266264191112], [-104.6835215772983, 21.581921700519725], [-104.68292017930189, 21.58249224209168], [-104.68231433128207, 21.583311330314732], [-104.68114264115565, 21.582712560066614], [-104.68043933517734, 21.58236986392066], [-104.6797271331953, 21.58252426247893], [-104.67947737073642, 21.58326614129581], [-104.67922612214232, 21.5840908692225], [-104.67980084326956, 21.585011633965454], [-104.67931465943273, 21.58574974474698], [-104.67883292206764, 21.5862393053254], [-104.67788131251949, 21.58655562583908], [-104.67740402159208, 21.586796633558478], [-104.67691633470123, 21.58761758646831], [-104.67606658288064, 21.588847126558587], [-104.67500119722571, 21.588912995404353], [-104.67335070292314, 21.588638019252453], [-104.67135153571539, 21.588025960417998], [-104.66971297100368, 21.587088153111722], [-104.66842756397833, 21.586238854864476], [-104.66755217478647, 21.58560329403649], [-104.66667679326069, 21.58496772865603], [-104.6650323269741, 21.584361273237825], [-104.66396398574176, 21.584592770535416], [-104.66230311049969, 21.584897630852343], [-104.66040431874353, 21.58528152906191], [-104.65957686404776, 21.585268244937875], [-104.65933596382818, 21.585512996457904], [-104.6587913187684, 21.586208672190637], [-104.65824666848263, 21.586904346015253], [-104.65763617665152, 21.587971889604617], [-104.65726508963921, 21.588877531932198], [-104.65641217262483, 21.59027266760213], [-104.65651691521896, 21.591020210206583], [-104.65626103284845, 21.59209344825966], [-104.6555397760454, 21.592744836948285], [-104.6546030522671, 21.592232531926665], [-104.65330720118936, 21.591963061691462], [-104.65224028555237, 21.59211163350027], [-104.65071551386296, 21.591424091127173], [-104.64919525897477, 21.590487987850064], [-104.64779023169679, 21.58971947535065], [-104.6466186359618, 21.589120463808815], [-104.64544254143482, 21.588769991058246], [-104.64425893512578, 21.588833754876333], [-104.64282536818585, 21.58963933093397], [-104.64199337722265, 21.589874505883547], [-104.64115686770795, 21.590358223314077], [-104.64054774238339, 21.591342853026816], [-104.64051009968374, 21.59341407457284], [-104.63977822365364, 21.5946453356703], [-104.6392842734502, 21.595797569649662], [-104.63843867896011, 21.596778365233185], [-104.6369974625951, 21.59799813260464], [-104.63639732570299, 21.598485652991275], [-104.6364974461752, 21.599481752295688], [-104.63624290916106, 21.60047210755134], [-104.63552453949707, 21.600957709664822], [-104.63505015072937, 21.601032896590944], [-104.63492136724403, 21.601610921674798], [-104.63500789794251, 21.603352659332227], [-104.63463964882655, 21.604092549786614], [-104.63437452442923, 21.60566284174464], [-104.63400928545998, 21.606237033243904], [-104.63384727732677, 21.60863772609689], [-104.63347598843475, 21.609543310380413], [-104.6328667292259, 21.61052790785937], [-104.63203762481545, 21.61059733347087], [-104.63085534807163, 21.61057815070935], [-104.6297958358954, 21.610312333554827], [-104.6282709841943, 21.609624585864616], [-104.62778899719356, 21.61011399391362], [-104.62730549335554, 21.610686248942425], [-104.62659007152602, 21.611006113862956], [-104.62553207908668, 21.61065742120427], [-104.62448318294747, 21.6098116314258], [-104.62353888384384, 21.609713394627523], [-104.62294471795259, 21.60986947092553], [-104.62243993785992, 21.610210607307604], [-104.62198677021308, 21.610516860683912], [-104.62126375272562, 21.61125094429336], [-104.6200693315532, 21.61189447144171], [-104.6193629971935, 21.611717215078798], [-104.61864603481078, 21.612119893760944], [-104.61792451158024, 21.612771114079344], [-104.61732576949817, 21.613175714756732], [-104.61650120322219, 21.612996517848472], [-104.61592221791363, 21.61232408632306], [-104.61499007417437, 21.61156301501339], [-104.61311364272552, 21.610703642602655], [-104.61253163824117, 21.610196895867993], [-104.61117078055649, 21.607025478100635], [-104.61024021882085, 21.606181532365213], [-104.60931881021284, 21.60484049234683], [-104.60815640275027, 21.60374412252544], [-104.60699553779111, 21.602564896528122], [-104.60605740120732, 21.602135168621203], [-104.60523291210208, 21.601955916777747], [-104.60453427679478, 21.60136435749852], [-104.60394928611991, 21.601023277480873], [-104.60320484706035, 21.602917156454506], [-104.60282880165327, 21.604071214641007], [-104.60210419370361, 21.604888062661335], [-104.60115077359849, 21.605286787782973], [-104.6007961058119, 21.605280968198564], [-104.60066259668832, 21.6061075084917], [-104.59947730567164, 21.606253799382376], [-104.5994406006678, 21.608242151257162], [-104.6007920396679, 21.61191074864022], [-104.59867617618217, 21.611213030249296], [-104.59621484095862, 21.610012368206807], [-104.59424177170033, 21.60799097078423], [-104.59263875825144, 21.605146909226942], [-104.59150255123063, 21.602642010696414], [-104.59071950292345, 21.60022579379444], [-104.58981365970942, 21.59805616901264], [-104.58915041233132, 21.5955590439234], [-104.58884949962186, 21.592653521414856], [-104.58793144480643, 21.59114666929014], [-104.5852279694854, 21.59027334230769], [-104.58227887618301, 21.589893153321896], [-104.58098626835044, 21.589457426700893], [-104.58089269211347, 21.58812990731935], [-104.58034014754342, 21.586048940508704], [-104.5799135230222, 21.583555686814837], [-104.57864562978274, 21.581794376681213], [-104.57654727304183, 21.580185056617143], [-104.57479276383867, 21.57916152005486], [-104.5726913999753, 21.57771784786793], [-104.57023393789547, 21.576351113823844], [-104.56886039597266, 21.573924987082737], [-104.5693532765228, 21.572855814241898], [-104.5712706638427, 21.571478780632464], [-104.57330157800325, 21.570352226892307], [-104.5742718130823, 21.569042330067994], [-104.5741921939405, 21.56696917346093], [-104.57328062262987, 21.565130849232908], [-104.5722616935969, 21.56271062472132], [-104.57194418953455, 21.56071639445581], [-104.572329622931, 21.559065314245256], [-104.57295141332584, 21.557418151112937], [-104.57322327387328, 21.555516564598815], [-104.5737345725749, 21.55345319819365], [-104.57354604485238, 21.550880990603645], [-104.57359850279437, 21.548064155055314], [-104.57316746376259, 21.54581942087156], [-104.57321529650675, 21.543251128312054], [-104.57336586806059, 21.541513275427015], [-104.57329861200633, 21.53877732638587], [-104.57202809167752, 21.537181660588097], [-104.57099701767822, 21.53542420951318], [-104.56974663256211, 21.532751499899593], [-104.56919135267096, 21.530836184833905], [-104.56875270158119, 21.52900567772078], [-104.56726454913266, 21.526411873722157], [-104.56589151117295, 21.523985716702832], [-104.5646242931525, 21.522224298762673], [-104.56334781709195, 21.52095996056343], [-104.56122105885969, 21.520924568866462], [-104.55907879727134, 21.521717631250578], [-104.55658049789683, 21.522587603312292], [-104.55434799059158, 21.52188736907117], [-104.55259899699936, 21.520615062254453], [-104.55061995173324, 21.519007396825348], [-104.54697594972119, 21.517951974291726], [-104.5412813285317, 21.519099699233447], [-104.53843320472762, 21.51971491206555], [-104.53732981613923, 21.519577078631364], [-104.53536752076224, 21.519331933394582], [-104.53219935992324, 21.518118435010074], [-104.5297464151856, 21.51658542346113], [-104.52826221968006, 21.513825587072557], [-104.52723183668147, 21.51206787285187], [-104.52655120304475, 21.510564669517873], [-104.52361279774851, 21.51088374888768], [-104.52020617654448, 21.509450413253592], [-104.51834931219649, 21.51057524260084], [-104.51724665349613, 21.511243179949236], [-104.51428518439903, 21.51328375266431], [-104.51344970635675, 21.5146813037455], [-104.51201876219997, 21.516900051764967], [-104.5105871472414, 21.51920140606878], [-104.50950964086131, 21.521423132309693], [-104.50820081152558, 21.523064505943154], [-104.50677096212291, 21.525117963979454], [-104.50429369419433, 21.525427346363536], [-104.50241259174899, 21.5248329093715], [-104.50029012131988, 21.52498001280304], [-104.49635129136121, 21.52277977871654], [-104.4948062673286, 21.519889527168957], [-104.49350172903752, 21.518156704671256], [-104.49391471355528, 21.502849215409558], [-104.49426352896887, 21.501524214118245], [-104.49426065831702, 21.500779605798886], [-104.49343199330814, 21.500037920943207], [-104.49284214027166, 21.50004000667862], [-104.49225292293632, 21.500207558829395], [-104.49142585836681, 21.499879535457595], [-104.49095017125643, 21.498888387620728], [-104.49059277623621, 21.49797955735239], [-104.49023696917253, 21.497484397601603], [-104.48905507172657, 21.49690940509344], [-104.48811195857722, 21.49707818542388], [-104.48728618152954, 21.497081078900706], [-104.48658057527476, 21.49766269533893], [-104.48599167522315, 21.497912959711922], [-104.48528229285249, 21.497501759979826], [-104.48504259043018, 21.496509772541636], [-104.48421399687952, 21.495768042989518], [-104.48279745480805, 21.495524765343553], [-104.48102919862895, 21.495861841484345], [-104.48020467337089, 21.496195636792397], [-104.4789064120786, 21.496034652258377], [-104.47819612948622, 21.495375220445236], [-104.47713412036528, 21.495296142954096], [-104.47607273002295, 21.49538252702245], [-104.47524603886374, 21.495137158770795], [-104.47453700889572, 21.49480864829101], [-104.47418311047642, 21.494809860204743], [-104.47371309036974, 21.49530787966365], [-104.47347869364759, 21.495722357092504], [-104.47312479306184, 21.495723566718933], [-104.47300559819843, 21.49539303331461], [-104.47276690316525, 21.494649232127042], [-104.47276567565604, 21.494318295647737], [-104.4725294374687, 21.49423636706848], [-104.47205818782501, 21.494403445383398], [-104.471585406075, 21.494156851796003], [-104.47087730683091, 21.49407652832819], [-104.47028809030044, 21.494244003105017], [-104.46899290640755, 21.494910282878948], [-104.46746238528497, 21.4957428187699], [-104.46687406895953, 21.496158483391252], [-104.46645536468063, 21.496511928391076], [-104.4657627781567, 21.494688107086446], [-104.46459958837863, 21.49277753210168], [-104.46426244915341, 21.49070894443098], [-104.46274194480299, 21.489290974117928], [-104.4596859573752, 21.488355241762815], [-104.4576890197783, 21.487594036347936], [-104.45640817875332, 21.485682368346733], [-104.45610724068256, 21.485342563943515], [-104.45409747017813, 21.486107509145416], [-104.45339090122589, 21.48644078254783], [-104.45339415735457, 21.487350856558848], [-104.45257139392261, 21.48818091941965], [-104.45186894326154, 21.48967246149411], [-104.45151948190096, 21.490914634879058], [-104.45046399809627, 21.492655535073915], [-104.44881748822667, 21.49406742293104], [-104.44693589083975, 21.495728264545168], [-104.44446499347781, 21.497556466451698], [-104.44187201431917, 21.49822673837072], [-104.43939554146338, 21.498482921605554], [-104.43656458181577, 21.49857473252556], [-104.43432232278376, 21.498333683524507], [-104.43160734850463, 21.49784589915349], [-104.43007150342038, 21.497188881364035], [-104.42841939619271, 21.497028623092866], [-104.42653500788182, 21.49794462603037], [-104.42300349379876, 21.500189498942387], [-104.42230096240723, 21.501763640215277], [-104.4210071668167, 21.502925942169114], [-104.42053666539688, 21.50334107355949], [-104.42006810002698, 21.504335337888374], [-104.41971943916461, 21.505908369697956], [-104.41995871015543, 21.506900440601424], [-104.42102409299959, 21.507972684113522], [-104.42185187027097, 21.50854925377635], [-104.42232488880649, 21.508878720360734], [-104.42398102878214, 21.51019731005], [-104.42492652912712, 21.5106907632433], [-104.42587259625488, 21.511349678137073], [-104.42670201806429, 21.51262306816229], [-104.42776925547575, 21.51399122779387], [-104.42906986509932, 21.514814479493957], [-104.42966400691867, 21.516053622356726], [-104.42943396570666, 21.517791768779716], [-104.42917747052785, 21.518445702216656], [-104.42884911701566, 21.519282828686197], [-104.42909100659647, 21.521019487514195], [-104.43051334712591, 21.522917891646347], [-104.43122410658954, 21.52374298920313], [-104.43122665381037, 21.524487589826062], [-104.4313477571851, 21.52539728415359], [-104.43111545499276, 21.52647356407766], [-104.43088286639738, 21.52746711009927], [-104.43088654258527, 21.528542643787656], [-104.43136134394294, 21.529368486001157], [-104.43207298903756, 21.530441780159848], [-104.4332560569658, 21.531348108162234], [-104.43408429865697, 21.532007352912554], [-104.43420570954301, 21.532999778225218], [-104.43350313095311, 21.53457395966332], [-104.43445138289202, 21.535811961603994], [-104.4356342233044, 21.53663554010928], [-104.43693622155777, 21.537789667012145], [-104.43859482729127, 21.539687250592852], [-104.43894395017594, 21.53827964967913], [-104.43941049058857, 21.536706202410233], [-104.44058587431931, 21.535378678520594], [-104.44223438253711, 21.534380557630907], [-104.44317256997846, 21.53272284147336], [-104.44352192056638, 21.531397961956554], [-104.44564030381886, 21.529819144077774], [-104.44799901398916, 21.529480531638484], [-104.45000549508113, 21.529639445815906], [-104.45130225079265, 21.529304258623142], [-104.45389283006283, 21.526434352008785], [-104.45460811450053, 21.524534012813206], [-104.45391064095475, 21.522051373707868], [-104.45451267898264, 21.51899298004023], [-104.45569792121675, 21.517507259096686], [-104.45669674136775, 21.51653285877025], [-104.45893689056089, 21.51959907955632], [-104.46023563432077, 21.519842956498657], [-104.46189044473878, 21.520664775887766], [-104.46295623956021, 21.521736758831867], [-104.46603209456875, 21.523960260473956], [-104.46827693620772, 21.524780028796005], [-104.47005044990291, 21.52576683726308], [-104.47123677927144, 21.527500238525608], [-104.47268535119953, 21.528459659854246], [-104.47291261645938, 21.52953576628839], [-104.47360998384164, 21.530781220550445], [-104.47501446239924, 21.53203283108044], [-104.4762894763646, 21.53477055216215], [-104.47744926656192, 21.5371767618304], [-104.47871920707927, 21.540575418661525], [-104.4781157186068, 21.542387922256207], [-104.47822001916592, 21.544123950470883], [-104.48021010071096, 21.545876354171543], [-104.48173199792612, 21.547211552009365], [-104.48171847994924, 21.548946556128723], [-104.48018431796963, 21.549181123211113], [-104.47981976439654, 21.55058258049352], [-104.48074979816214, 21.55224314715894], [-104.48179836428892, 21.553822111418164], [-104.48343244049524, 21.555901888935654], [-104.48423568312838, 21.558718084316453], [-104.48362832538858, 21.561026318694985], [-104.48243865002301, 21.562420633025404], [-104.48066344070293, 21.56331411079598], [-104.47889079232554, 21.563877092957867], [-104.47724311862434, 21.56353227203483], [-104.4757100912354, 21.563601556285906], [-104.47370620947858, 21.563584097257092], [-104.47252485920309, 21.56390429177536], [-104.47134870286136, 21.563563526385508], [-104.47040830218255, 21.56322481303263], [-104.47770580822952, 21.579730710962863], [-104.47698553796782, 21.581376935558822], [-104.47756852062477, 21.58220825135608], [-104.47909980606269, 21.582386810676375], [-104.48038821797977, 21.583472117210658], [-104.47990503491916, 21.58495516272988], [-104.47860046080159, 21.585935323186764], [-104.47682817493242, 21.586415657382332], [-104.47539919278918, 21.58822095353519], [-104.47538947259504, 21.589460234643457], [-104.47525666963091, 21.591359438287764], [-104.4732400698724, 21.592911720932673], [-104.47134392921895, 21.59413453342132], [-104.4707381601091, 21.596194848113782], [-104.46930835324952, 21.598082704941216], [-104.46811431835981, 21.5999726129958], [-104.4666863992872, 21.601612589538046], [-104.46298216671195, 21.607776896264355], [-104.4620237929797, 21.609668827042658], [-104.46201264120023, 21.61107333844332], [-104.4623578562039, 21.612150486422053], [-104.46068669434098, 21.614697132861796], [-104.46067093009998, 21.616679970705857], [-104.46041604026364, 21.619073823217978], [-104.45957810729833, 21.620636300418422], [-104.45685339707047, 21.622182133585675], [-104.45577164283418, 21.624733925406698], [-104.45422144737073, 21.626868448865572], [-104.45266789777321, 21.629416046274358], [-104.45218228454831, 21.631146848007912], [-104.45193649393066, 21.632384028846264], [-104.45262819574087, 21.63437312352996], [-104.45332520704416, 21.63570127187038], [-104.45425149075957, 21.637857682168278], [-104.45553557306607, 21.639521505730784], [-104.45623263481698, 21.640849642133144], [-104.45669449142558, 21.642093075787578], [-104.45727033959704, 21.643833256317738], [-104.45737970953688, 21.644908329655067], [-104.45759054364288, 21.648049890449293], [-104.45462808091213, 21.649758825242237], [-104.45249646877102, 21.65081407480216], [-104.44860094629225, 21.651192659435505], [-104.44670050579822, 21.652828250484397], [-104.44408766381754, 21.65503584186643], [-104.44194788103782, 21.657082362634092], [-104.4418192373359, 21.658403191150498], [-104.44168591182864, 21.660302341784366], [-104.4419057774387, 21.662287265374363], [-104.4427181013278, 21.66394697631947], [-104.44506655569329, 21.665289866826512], [-104.4454130962696, 21.666201808086686], [-104.44468600967342, 21.668591416352477], [-104.4452564773837, 21.670992571753334], [-104.44441006429159, 21.67354636192848], [-104.44356362039275, 21.676100146368583], [-104.44330498174149, 21.67890703409663], [-104.44258447512217, 21.680470454360204], [-104.44115947453531, 21.681614469341238], [-104.44044294836667, 21.682682175514497], [-104.43936646352707, 21.684490271327686], [-104.43875782394855, 21.686798281187954], [-104.43814983514099, 21.689023670610315], [-104.43883891503008, 21.691343279495776], [-104.43869544784906, 21.69448167537498], [-104.43926858926883, 21.696552375609702], [-104.43948779406738, 21.69861991131149], [-104.43853251468853, 21.700015964462047], [-104.43839976560109, 21.701832484198317], [-104.437443782251, 21.703311146853892], [-104.43636642845975, 21.705201831570925], [-104.43492497545648, 21.708328589328197], [-104.43419748848038, 21.710718131266702], [-104.4326379348527, 21.713843806530303], [-104.43143771197522, 21.716311711694203], [-104.43070269032927, 21.719610017877045], [-104.42997507272625, 21.721999535291964], [-104.430305417093, 21.724894302839832], [-104.43111794007294, 21.726554062848503], [-104.4322865307421, 21.727969149043915], [-104.43261828205686, 21.73069867792876], [-104.43461030379254, 21.732451630737575], [-104.43743317114868, 21.73363363989852], [-104.43908601926033, 21.73356580352837], [-104.4398939942104, 21.735803838930956], [-104.44106877697978, 21.736475314635488], [-104.44224290122146, 21.7372293989161], [-104.4415214074435, 21.73887541386639], [-104.44045388972096, 21.739526862377215], [-104.43820819851828, 21.73991989913444], [-104.43655460459803, 21.740070341730668], [-104.43606705042964, 21.741966294439933], [-104.43546617693849, 21.743282871232957], [-104.43404251387874, 21.744178952265912], [-104.4326080295583, 21.74639688440078], [-104.43128206050362, 21.74977249362067], [-104.43091107614487, 21.751834720514623], [-104.43101422533013, 21.753653342400828], [-104.43005916544209, 21.754966711452767], [-104.42922347365719, 21.756115904371054], [-104.42991879557789, 21.757691988619065], [-104.43108558946669, 21.759354932182493], [-104.43130813135718, 21.76100938107165], [-104.42987410914489, 21.76314466420391], [-104.42750116651362, 21.76461049468409], [-104.42676917713489, 21.767495676047254], [-104.427100217201, 21.770307818869696], [-104.42767550092616, 21.772130694852212], [-104.42884170323298, 21.77387626947299], [-104.42918296196248, 21.775449165272192], [-104.42833900135541, 21.777589741436657], [-104.42642984724482, 21.78005119492631], [-104.42534767324943, 21.782437470940213], [-104.42497854977903, 21.78425182480659], [-104.4256746327589, 21.785745307541088], [-104.4258978254326, 21.787317142030126], [-104.42481694622991, 21.789538179248314], [-104.42503401038836, 21.791853557235868], [-104.42573216890999, 21.793099191491244], [-104.42595741150781, 21.794423177107692], [-104.42582030767647, 21.79673535600454], [-104.42521433776186, 21.798630190757688], [-104.4254409436961, 21.799788944630368], [-104.42555288731269, 21.800533553106813], [-104.42695949892283, 21.801785576398224], [-104.427298757369, 21.803606319249575], [-104.42775287912144, 21.804299873996502], [-104.42811506073195, 21.804853008109593], [-104.4284577339338, 21.80626066933984], [-104.42879973491586, 21.80775094556908], [-104.4293792476724, 21.80907811635435], [-104.43055117988801, 21.810162751693124], [-104.43030350745633, 21.81156509490197], [-104.42934600927659, 21.81312628949126], [-104.42815708631703, 21.81410703912571], [-104.42661527026108, 21.814919352276544], [-104.4267224701909, 21.816242268744908], [-104.42647950943771, 21.81706629447185], [-104.42622566142332, 21.819212170120284], [-104.4263274178928, 21.82119601118607], [-104.42702912307335, 21.82202856077922], [-104.42749262669028, 21.82310682455366], [-104.42760323689129, 21.824016661369214], [-104.42830632133706, 21.824683974468616], [-104.42889811351526, 21.82452406435472], [-104.42937046061196, 21.824528319743326], [-104.43241161303949, 21.82810842088495], [-104.43369775360773, 21.82968979074273], [-104.43486853203132, 21.830939628388567], [-104.4358004441108, 21.83251780240519], [-104.43543670997076, 21.833671243569608], [-104.436135828321, 21.83483421823757], [-104.43777838104661, 21.836170886958282], [-104.439067344622, 21.83742175356602], [-104.43964437390036, 21.839079350818547], [-104.44022477933682, 21.84032386770198], [-104.44281022833636, 21.841916781611115], [-104.44564064538123, 21.84243775640509], [-104.44716928320486, 21.843277587271402], [-104.44810742244222, 21.84411215226632], [-104.44928178065793, 21.84494881180506], [-104.45057892496766, 21.84520820165418], [-104.45223038779872, 21.845470724814884], [-104.45327935845154, 21.84721508258212], [-104.45421157630558, 21.848793155953953], [-104.4553820239991, 21.85012546794627], [-104.45620081930662, 21.851124174185667], [-104.45642443042813, 21.852695964204965], [-104.45712181996885, 21.85410670012307], [-104.45710855573665, 21.85575901585871], [-104.45697783961575, 21.857327671056037], [-104.45614108155259, 21.85855959372966], [-104.45554253437345, 21.85954575580875], [-104.45517556181333, 21.861112317119364], [-104.45445222998066, 21.86292358538886], [-104.45361541682038, 21.86415549328728], [-104.45242689078064, 21.865053790763287], [-104.4513624717422, 21.865209587669277], [-104.45006314378273, 21.865198047533823], [-104.4487658208751, 21.86493865050479], [-104.44711681881823, 21.864345626593742], [-104.44522488975359, 21.86457663561806], [-104.44321147794363, 21.865219645673363], [-104.44214503306198, 21.865623229141185], [-104.44072892870196, 21.865445329215273], [-104.4394242128197, 21.866094628362085], [-104.4379946193216, 21.867569012238548], [-104.43678773996315, 21.87069780744484], [-104.43629362447624, 21.87333725898621], [-104.43578326839918, 21.877959473110884], [-104.43610522486304, 21.881928182210945], [-104.43773750687448, 21.884586698039513], [-104.4391409870056, 21.886334315786062], [-104.44018806252782, 21.888326596726902], [-104.43993426659375, 21.890472476707064], [-104.43967911440794, 21.892783585829193], [-104.44013888692167, 21.89435750246415], [-104.44012541235467, 21.896009804620217], [-104.43951783049877, 21.898069894423312], [-104.44033071582392, 21.899812212750483], [-104.44079118966512, 21.90130351179938], [-104.44112813489485, 21.903454673269565], [-104.44122137563762, 21.906512485851852], [-104.4426170365447, 21.909251454835683], [-104.4446069026205, 21.911582609618307], [-104.4463625231057, 21.91366379002892], [-104.44729105842168, 21.915737587390176], [-104.44869227603189, 21.917815586023266], [-104.44973636200453, 21.920220881277533], [-104.45007281116055, 21.922454638237667], [-104.4502937739431, 21.92435688384546], [-104.45111294479017, 21.925355614459107], [-104.4519287894588, 21.926767416015196], [-104.4472999988735, 21.929204876500247], [-104.44280941348705, 21.92916481476788], [-104.43831883358042, 21.929124630444036], [-104.43395117760403, 21.928507083138726], [-104.42922087885857, 21.928877599260858], [-104.42590385522867, 21.929839102730142], [-104.42127933590307, 21.93169751709064], [-104.4150016107176, 21.933375515005206], [-104.41191383964266, 21.935165025556074], [-104.40977626696274, 21.93638481745658], [-104.4055218488769, 21.936345891881228], [-104.40279191802959, 21.937725404147375], [-104.39983325060513, 21.938193942040453], [-104.39746126957935, 21.939163554100986], [-104.3957934423431, 21.940717969064316], [-104.39483747880828, 21.941948455559007], [-104.39163811993528, 21.942910344685966], [-104.38867156565185, 21.94428742939726], [-104.38652449102048, 21.946580887949793], [-104.3847326180361, 21.94879499690408], [-104.38224004942373, 21.950011124319737], [-104.3792725500915, 21.95147064615292], [-104.37654137348461, 21.95293232076759], [-104.37332881146243, 21.95538088428475], [-104.37141128299993, 21.958419864827217], [-104.37007178329752, 21.962951402850713], [-104.36980818924118, 21.966088486637524], [-104.36942709331942, 21.969141846052423], [-104.36857888428595, 21.971529858723617], [-104.36679287374929, 21.973000233797862], [-104.3647790347482, 21.973477006667423], [-104.36288771033912, 21.973459190830994], [-104.36053076858732, 21.972610760974735], [-104.35817385563601, 21.971762297865336], [-104.35438473636087, 21.972470008898313], [-104.34692605807427, 21.973721065998134], [-104.34526896311407, 21.973953136284997], [-104.34349146211679, 21.974431899443445], [-104.34170369943871, 21.976067219000146], [-104.33991442933548, 21.97786774277054], [-104.33824846594435, 21.97909109035112], [-104.33599803093297, 21.97956524107469], [-104.33423295306652, 21.978639490384776], [-104.33176084999613, 21.977459065623677], [-104.3297631033085, 21.976117932803742], [-104.32834977482297, 21.97552598362216], [-104.32621609393262, 21.976166364614897], [-104.32478423130972, 21.977639691164807], [-104.32417907588228, 21.979203613577766], [-104.32415977315907, 21.981351530444876], [-104.32378730947426, 21.983330795232575], [-104.322368732138, 21.983317078795665], [-104.32083268514626, 21.983219593398598], [-104.31927651688503, 21.98535261910195], [-104.31819765005483, 21.98699454354762], [-104.31676335417765, 21.988715629190345], [-104.31486810988171, 21.989110314719444], [-104.31250747094377, 21.98867425688365], [-104.3096724716059, 21.988398778580855], [-104.30729380568106, 21.989945329174915], [-104.30525995476194, 21.99256926424164], [-104.30393084577672, 21.995695785143123], [-104.30249100347007, 21.9979950186018], [-104.29987110314671, 22.00003480609786], [-104.2970161864176, 22.00190700213213], [-104.29453413003625, 22.00179996553952], [-104.29229767271626, 22.000703886684132], [-104.2903076167479, 21.998536164973643], [-104.28829853209754, 21.998433702847763], [-104.28509341204021, 21.999806515362504], [-104.28331693703744, 22.000119389137716], [-104.28131551437401, 21.999190729489786], [-104.27979547522494, 21.99735802244879], [-104.27921972578777, 21.9956999261347], [-104.27829470713091, 21.993460023624117], [-104.27819417926331, 21.991558791570903], [-104.27750179032427, 21.989734291315237], [-104.27609703376848, 21.988233172530123], [-104.27576318724894, 21.985999139962637], [-104.27613709191775, 21.98393739143802], [-104.27638738200459, 21.982452743210374], [-104.2735749742307, 21.97978092171707], [-104.26934727146113, 21.976764436517378], [-104.26675290678067, 21.97607753241648], [-104.26474571709504, 21.975809568558542], [-104.26273620217925, 21.975789413368414], [-104.26143670713928, 21.975693747696113], [-104.26049339190446, 21.97543641404914], [-104.2595594361492, 21.974187743687907], [-104.2565134483478, 21.97126543038245], [-104.25439284204796, 21.970500486120386], [-104.25297676749139, 21.970238340945922], [-104.25168595688443, 21.969233880373334], [-104.2502777493262, 21.96814560414725], [-104.2478049857445, 21.967129158713952], [-104.24592167453528, 21.966283890475285], [-104.24378700823377, 21.967005805266222], [-104.24211406448487, 21.96888904522898], [-104.23986272216167, 21.969444484854105], [-104.23738605399048, 21.968840936890018], [-104.2353798258303, 21.96849000765218], [-104.2332395141837, 21.96979005581514], [-104.22908893660599, 21.97115212000028], [-104.2268327224962, 21.972203040035023], [-104.22516029731457, 21.974003487606065], [-104.22408045762263, 21.97564476798742], [-104.22253737949981, 21.976289858024394], [-104.2201628311095, 21.97733946660558], [-104.21813403011198, 21.979301405748494], [-104.21646865467207, 21.980358267805876], [-104.2148080891115, 21.980919452560435], [-104.21279207462807, 21.981559563093153], [-104.2107792750395, 21.98186920896995], [-104.20888386865117, 21.982262664960494], [-104.20663706259818, 21.982321979547933], [-104.20474732128375, 21.982137119335267], [-104.20226165832523, 21.98244174631465], [-104.19941320815245, 21.98356873509171], [-104.1984577366457, 21.984550189908074], [-104.19620517921945, 21.985187626807335], [-104.19407735793075, 21.985165392831313], [-104.19223255537533, 21.984148544898115], [-104.19169765235692, 21.983363342302976], [-104.19122348476604, 21.983034539840002], [-104.19063194421149, 21.98295577597194], [-104.18938915901033, 21.982632550501354], [-104.18903353905044, 21.98238594392944], [-104.18891369221986, 21.981929970472045], [-104.18855662345008, 21.981268061699165], [-104.18814072408246, 21.9806896411211], [-104.18701621226464, 21.9803655409841], [-104.18583229346117, 21.97995880092023], [-104.18476648442375, 21.979509667515618], [-104.18417338007332, 21.978974049804442], [-104.18369852604694, 21.978437575908984], [-104.18286893932584, 21.977903661901443], [-104.18204007527841, 21.9775773943086], [-104.18097343871928, 21.97687905655513], [-104.18049946077019, 21.976591754347343], [-104.17955322146949, 21.976515506887164], [-104.17913879701534, 21.976352365441883], [-104.17854544263898, 21.975733668102222], [-104.17783257167669, 21.974742048196166], [-104.17652708409382, 21.973339371487775], [-104.17569642259117, 21.972473182143528], [-104.17474682502552, 21.971400186466873], [-104.17415351005539, 21.9707814741086], [-104.1739160445209, 21.97049245853769], [-104.17379597309422, 21.96995341506256], [-104.17397121599352, 21.96932919310817], [-104.1741471625881, 21.96891262121876], [-104.17414659833453, 21.968746500941776], [-104.17414603407538, 21.968580380661415], [-104.17420077910367, 21.967292524574123], [-104.1741988037603, 21.96671110347105], [-104.17425509936453, 21.965880077984185], [-104.17419344176881, 21.965132960274147], [-104.17407252657296, 21.964344736218937], [-104.17395175361506, 21.963598042135057], [-104.17412557590681, 21.96255851827964], [-104.17430165418399, 21.962183475715207], [-104.17453684746796, 21.961808008920936], [-104.17518500153373, 21.96118039185304], [-104.17524241976443, 21.960681606184618], [-104.17524072223824, 21.96018324474461], [-104.17529729084008, 21.959435278229414], [-104.17529531000098, 21.95885385645359], [-104.17558918478274, 21.958353373018067], [-104.17588277411942, 21.95776982868613], [-104.17611667994422, 21.957020587784218], [-104.17664544208432, 21.95606157172395], [-104.17682107933727, 21.95556193523973], [-104.17687664306688, 21.95452325631597], [-104.17687309318114, 21.95348500218333], [-104.17704744764676, 21.9526115936232], [-104.1771622616759, 21.951614019274196], [-104.17704062843336, 21.95061814505195], [-104.17709490844443, 21.949205693615568], [-104.17732481121033, 21.947293603997107], [-104.17791377561366, 21.94666639783546], [-104.1783261188531, 21.94624811725069], [-104.17932769737912, 21.94528568427439], [-104.17979842683246, 21.94465932253753], [-104.17985567738258, 21.944119003320377], [-104.17967563609453, 21.943331207124167], [-104.1794968824027, 21.942917182901603], [-104.17961266952891, 21.94221031663377], [-104.17955084677217, 21.941421668002107], [-104.17937009581135, 21.940426220109675], [-104.17913123987464, 21.939721909722863], [-104.17948202302432, 21.938598036646393], [-104.17977598225052, 21.938139073024058], [-104.18060060481197, 21.937302498660447], [-104.18077577315697, 21.936678264829464], [-104.18154199363181, 21.93604976319804], [-104.1823690376696, 21.935919194199506], [-104.18289983434036, 21.93558310648155], [-104.18342933186919, 21.934873244145138], [-104.18372269393608, 21.934248151355618], [-104.18407573486242, 21.93378875142514], [-104.18448787777767, 21.93332892269934], [-104.18501634695033, 21.9323283421872], [-104.18590203617225, 21.932072735382988], [-104.18631402329854, 21.931571371297732], [-104.18672383143536, 21.930447050652766], [-104.18719259028904, 21.929280769299087], [-104.18736742851294, 21.92857346590083], [-104.18771898950583, 21.927698753212642], [-104.18878151404427, 21.927317250877966], [-104.18948796386927, 21.92652301683613], [-104.1895438548516, 21.925608918045956], [-104.1894830026456, 21.925110982990432], [-104.18942317217167, 21.924903760779376], [-104.18882895740236, 21.923994389067964], [-104.18864786786462, 21.922915887150005], [-104.18858556269632, 21.922002647552052], [-104.1881680802121, 21.920925863145747], [-104.18828409433308, 21.92030204788326], [-104.18863591916327, 21.919510392433594], [-104.18951743467223, 21.918091910703527], [-104.18998729620355, 21.917257861351302], [-104.19039849358677, 21.916548832091244], [-104.1906325417945, 21.9158826233317], [-104.1911623650532, 21.91529732241934], [-104.1919288640705, 21.914793357304063], [-104.19304934852069, 21.914120679196397], [-104.19393417454855, 21.91365737217092], [-104.19499569263688, 21.91302664226773], [-104.19529058175877, 21.912858359995234], [-104.19570351409017, 21.912647682197743], [-104.19611718504729, 21.912644655951205], [-104.19659009997758, 21.912682726638376], [-104.19706242226063, 21.912554673841793], [-104.19723911657834, 21.91238725339746], [-104.19753325997394, 21.912011314274398], [-104.19788575483591, 21.911427288803953], [-104.19829704467446, 21.910759768155867], [-104.19876816919617, 21.91029946573327], [-104.19929793867897, 21.909714136587205], [-104.1999463399941, 21.909252529693628], [-104.20053728490277, 21.909248190495127], [-104.2008293220004, 21.908290816718203], [-104.20058846647593, 21.907046635558935], [-104.20045639531098, 21.903185158134086], [-104.20080228101615, 21.90077377762488], [-104.20186082785854, 21.89935391656814], [-104.20327742189828, 21.89497943473885], [-104.20399391095575, 21.89518467608294], [-104.20453134987336, 21.895348999001317], [-104.20524387983356, 21.89497217541637], [-104.20536136050964, 21.894722280582823], [-104.20565449396861, 21.89401439166051], [-104.20636503056237, 21.89334653296353], [-104.2063610628684, 21.892764473129652], [-104.20569878946863, 21.891769083426983], [-104.20545902042451, 21.891562086900578], [-104.20480043729759, 21.89110717791208], [-104.2045002340725, 21.890775673160373], [-104.2038413749476, 21.89027918479528], [-104.20383769985563, 21.889738700697613], [-104.20389276378374, 21.88907326954381], [-104.2037108928638, 21.888616596456146], [-104.20352789255978, 21.887993620348624], [-104.20358465284664, 21.887577643445727], [-104.20345897963449, 21.886621841692005], [-104.20327654781579, 21.886082016695624], [-104.20297466342086, 21.885501055095578], [-104.2024324633236, 21.884629940915453], [-104.20236949018037, 21.884131251744396], [-104.20164064508039, 21.882096673158323], [-104.20154915291918, 21.881785183979904], [-104.20145766118381, 21.88147369478387], [-104.2013322881869, 21.880559467023282], [-104.20085195444962, 21.880020734689428], [-104.20043318002024, 21.87977281234161], [-104.19923982592786, 21.87952772942257], [-104.19828537073582, 21.87936491751641], [-104.19714851783725, 21.878662268859237], [-104.19672947328561, 21.878372761662213], [-104.19547150874996, 21.877379506814297], [-104.19511009156153, 21.87679874872129], [-104.19486531881029, 21.875843374944637], [-104.19456376923986, 21.875303974606034], [-104.19419928038093, 21.8742658818568], [-104.19395563734729, 21.873476809600344], [-104.19353381578524, 21.872771537648212], [-104.19287144097004, 21.87173452375502], [-104.19251116619174, 21.87132006316777], [-104.19227089098712, 21.871029897125336], [-104.19214642197264, 21.870240390428346], [-104.19208209199189, 21.869533819155937], [-104.1920227925021, 21.869575610756193], [-104.19231537618414, 21.86878459242643], [-104.19242978075924, 21.868077373072804], [-104.1926622215848, 21.86720341839307], [-104.1919425354882, 21.866499223035742], [-104.19182282133168, 21.86641650329525], [-104.19116774660691, 21.86646045195771], [-104.19068945097297, 21.866212721748052], [-104.19062457115065, 21.865422998385164], [-104.19050067309082, 21.864716641799358], [-104.1903801242324, 21.864509193874824], [-104.18978100996299, 21.864012437498232], [-104.1898344517093, 21.863097556272812], [-104.1901868877336, 21.862347901627142], [-104.19065707564879, 21.86138993639413], [-104.19089091085296, 21.86072386227654], [-104.19124249729678, 21.85984947753268], [-104.19195068805116, 21.858849069008333], [-104.19236547249658, 21.858514950416886], [-104.1931955953794, 21.857929861451296], [-104.19420611428508, 21.85759357245926], [-104.19444328932707, 21.857426401856216], [-104.1947355523937, 21.856593801109717], [-104.19532427561968, 21.855552234672253], [-104.19544033592616, 21.85509446621167], [-104.1957323074175, 21.854220287323837], [-104.19596526435907, 21.853429476882877], [-104.19625975619913, 21.852929479162988], [-104.19643482131933, 21.85238834040411], [-104.1964898991282, 21.8517229093415], [-104.19624796219412, 21.851183294147372], [-104.19564607437476, 21.850270801010115], [-104.19516473784145, 21.849565750517158], [-104.19510376466869, 21.849358088576903], [-104.19479862088299, 21.84827820269851], [-104.1946179478731, 21.847987823150202], [-104.19431561320573, 21.847323694837996], [-104.19437181927393, 21.846824567704797], [-104.19442914620218, 21.84649174390478], [-104.19406612529016, 21.845661528776652], [-104.19394362483712, 21.845163052362746], [-104.19381944417445, 21.84441512073322], [-104.19393493858844, 21.843874200876325], [-104.19393381776395, 21.8437078974446], [-104.19345139036129, 21.842836538891145], [-104.1931440312569, 21.841424043006974], [-104.19253968375202, 21.840137356537262], [-104.19265238022949, 21.839180678635852], [-104.19270746830007, 21.838515248161396], [-104.19222954093654, 21.838309100229644], [-104.19157543342322, 21.838477782191394], [-104.19020373948194, 21.838233291799796], [-104.18954823530905, 21.83819408639936], [-104.18901214217952, 21.838196023928898], [-104.18835357362188, 21.837699479493526], [-104.18799562242941, 21.83761761713162], [-104.18757810605905, 21.837535968690258], [-104.18715864209872, 21.837163288317456], [-104.18691453736578, 21.83629105356877], [-104.18661031438181, 21.835335881128835], [-104.1860116096711, 21.834880689306488], [-104.1848150446455, 21.834095026941448], [-104.18427757980912, 21.83388907037684], [-104.18344423749375, 21.83397520934587], [-104.18266713407813, 21.833562221227186], [-104.18248567253595, 21.833147101719902], [-104.18194572332443, 21.832566955324562], [-104.18176260434451, 21.831902380109664], [-104.18092512435757, 21.83136486935188], [-104.18056249401874, 21.83057620240999], [-104.18031816301156, 21.829662382970433], [-104.18025362607007, 21.828914230165076], [-104.17995277711951, 21.82845795645702], [-104.17977215815375, 21.82816756165246], [-104.1792316860002, 21.827504255289668], [-104.17905079360682, 21.827172283913313], [-104.17844966400688, 21.826342883535315], [-104.17796520552061, 21.82571135815706], [-104.17790892893692, 21.825637997268668], [-104.17760726713415, 21.82505699205746], [-104.17736489221309, 21.824434199352357], [-104.17718345675323, 21.824019074395103], [-104.17676240637687, 21.823396914055014], [-104.17634163487777, 21.822816328542107], [-104.17573971316428, 21.82186219141899], [-104.1754968011828, 21.8211562444832], [-104.17525636645848, 21.82082447973184], [-104.17459957359233, 21.82057733830583], [-104.17388322473074, 21.8203304042934], [-104.17286991027511, 21.820209242924236], [-104.17227186034933, 21.81983715538127], [-104.171611516037, 21.81904951674683], [-104.17052962466256, 21.817556548698803], [-104.1702889337713, 21.817183201301873], [-104.16968652833977, 21.816145891831233], [-104.16944502182102, 21.81564781583279], [-104.16938409875253, 21.815440145145484], [-104.16943654746039, 21.814358965384198], [-104.16937453146045, 21.81398499137887], [-104.16889289506739, 21.81319671730947], [-104.16823532926482, 21.812824824312827], [-104.16739746513556, 21.812204097120436], [-104.16715651824526, 21.811789169637493], [-104.16709287274192, 21.811165739953026], [-104.16684974712445, 21.810418205470285], [-104.1664935124705, 21.810585753636115], [-104.16572094174133, 21.810837903088352], [-104.16512730378506, 21.811131003993175], [-104.16453067167322, 21.81096676884497], [-104.1639351282399, 21.810968834780414], [-104.16298144426584, 21.81084740843026], [-104.16202911840449, 21.810933855550143], [-104.16119725534836, 21.811227765078627], [-104.16071973652302, 21.811063105254142], [-104.16017914508286, 21.810358164177767], [-104.15999615204326, 21.809693567108702], [-104.1596323354289, 21.808696978597055], [-104.15926987608083, 21.807908268224683], [-104.15855523989244, 21.807910724802944], [-104.15790231754465, 21.808245580093107], [-104.15742562246763, 21.808205638410072], [-104.15683090063985, 21.808332406358822], [-104.15581553250459, 21.807878537275304], [-104.15521919490978, 21.807755844936768], [-104.15468402625852, 21.80788240176378], [-104.15361261089267, 21.80796920717639], [-104.15325475553277, 21.807887272137858], [-104.15247895619059, 21.807640450721735], [-104.15164172885768, 21.807102797780278], [-104.1508613794636, 21.80614918171583], [-104.1501419314801, 21.80540323922379], [-104.15001318523746, 21.803906916269142], [-104.14971328683282, 21.80357531798034], [-104.14953168858906, 21.803118589249305], [-104.14923179289949, 21.802786990143865], [-104.14833799648102, 21.802706855663065], [-104.14767919770821, 21.80212700499587], [-104.14720252674714, 21.8020870345197], [-104.14654827223605, 21.802213966614243], [-104.14577304904546, 21.802050266296977], [-104.14487819425284, 21.801803810509437], [-104.14416172713788, 21.801515175927634], [-104.14356170296645, 21.8008103829028], [-104.14308291088469, 21.800437795191378], [-104.1429018691881, 21.8000642111947], [-104.14283859815149, 21.799482350530333], [-104.14277585915313, 21.798983641210732], [-104.14247598772594, 21.798652030460527], [-104.14209770494459, 21.798573332684406], [-104.14164642407053, 21.798565098766193], [-104.13771076557798, 21.798427547369563], [-104.13583878897606, 21.79675499141159], [-104.13491213190123, 21.795009996480438], [-104.13410015995265, 21.793596710659614], [-104.13222659094743, 21.79208933652731], [-104.13093991467191, 21.790918763971227], [-104.12976791002406, 21.790079898580448], [-104.12693217268247, 21.79029705477934], [-104.12504082507242, 21.79052440815666], [-104.12280215212124, 21.790087016163135], [-104.12079873653926, 21.789734770989497], [-104.11784666240302, 21.78978526832232], [-104.115728647577, 21.789101238345516], [-104.1140888533142, 21.78784406857917], [-104.11232244684474, 21.787411688968067], [-104.11090588846183, 21.787396209780116], [-104.1094936365628, 21.786967671313967], [-104.10817961555863, 21.78844042948845], [-104.10698189061966, 21.790079688070076], [-104.10579536193474, 21.79064501585699], [-104.10332065858121, 21.790204773338033], [-104.10131470044385, 21.790100121118808], [-104.10035645017277, 21.79141148620116], [-104.09905183637946, 21.791975466069054], [-104.09752066182442, 21.79162813521463], [-104.09586449346298, 21.791940361539943], [-104.09469095509169, 21.791266472137124], [-104.09316763543914, 21.79017562055768], [-104.0937848522081, 21.78762125575868], [-104.0940400840071, 21.78580646183603], [-104.0938135656785, 21.784895157158854], [-104.09203942468201, 21.785206045166518], [-104.0909744137416, 21.78544213408815], [-104.08944769319025, 21.784681686418146], [-104.08802593156571, 21.785161665657707], [-104.08660503510477, 21.785559023435095], [-104.08518675633628, 21.78570854219595], [-104.08437095307485, 21.784708072990615], [-104.08260906860042, 21.783862336021976], [-104.08167788281001, 21.782612717387327], [-104.08073881585999, 21.78210657276925], [-104.0806076114841, 21.78334439217533], [-104.08082790117783, 21.784833973303673], [-104.07998930650558, 21.785981310274792], [-104.07856486713295, 21.78670903250291], [-104.07760468003531, 21.788185477021564], [-104.07688232683336, 21.78949932759864], [-104.0754684058979, 21.78923571836538], [-104.07298236979064, 21.789868936017918], [-104.0707377089219, 21.790009103498235], [-104.06908770266938, 21.789742801359935], [-104.06766228891647, 21.790553034373247], [-104.06705522583309, 21.792115984342892], [-104.06574516755592, 21.793175346039344], [-104.06397531251628, 21.79307288556404], [-104.06232351000189, 21.792971731549084], [-104.0611394618205, 21.793288907032984], [-104.05866843839769, 21.792517566646566], [-104.05642640530425, 21.792409713558865], [-104.05487927824643, 21.793548934956753], [-104.05358430833655, 21.793203861209566], [-104.0532203318272, 21.794108553523344], [-104.0522723569279, 21.79442832785661], [-104.04933633625114, 21.79299065556247], [-104.0472141505933, 21.792718796371535], [-104.04487025065539, 21.791122511082907], [-104.0434563837396, 21.7908586294972], [-104.04204432225033, 21.79042952064201], [-104.04116918259177, 21.78989795931487], [-104.04051962805973, 21.789503413411403], [-104.03863270354829, 21.789316735300527], [-104.03709089326766, 21.789960141308647], [-104.03555720203241, 21.789860064814583], [-104.03355856923706, 21.78909373217345], [-104.03226460238315, 21.7886658870263], [-104.03108506334945, 21.78856980913057], [-104.02955864910895, 21.78780881862559], [-104.0279114847389, 21.787294286906874], [-104.02637601425235, 21.787359341046933], [-104.02460263696997, 21.787586891400633], [-104.02295458418051, 21.787154918219166], [-104.02073000882342, 21.785477048639148], [-104.01920277258863, 21.784798572577163], [-104.01778354189335, 21.78503011772481], [-104.01625083848651, 21.78484725737545], [-104.01449487502822, 21.783505166650304], [-104.01320834990032, 21.782416320055116], [-104.01073871472023, 21.781561671327193], [-104.00861587153457, 21.78137193189478], [-104.00719482258158, 21.781768600514436], [-104.00565296671053, 21.78241171156472], [-104.00388239198656, 21.782391220537413], [-104.00270108740598, 21.782460156026065], [-104.0011702824479, 21.782111944176574], [-103.99997881865251, 21.78308953318694], [-103.99903913078538, 21.78266554144584], [-103.99822395958638, 21.781664669253633], [-103.99658532040476, 21.780406372761334], [-103.99481662906487, 21.780220572567032], [-103.99292248558368, 21.780694230838453], [-103.99138522663078, 21.780924174821713], [-103.98914160316687, 21.780980630035668], [-103.98808764912559, 21.780224775168236], [-103.98449474455879, 21.77431697584072], [-103.98379029038189, 21.773978267562864], [-103.9830783745241, 21.774300406355252], [-103.98212572498667, 21.775032809197757], [-103.98118240855565, 21.774939144334578], [-103.98048263300586, 21.774187391311806], [-103.97965922424653, 21.773929888794626], [-103.97907562048724, 21.773344726170468], [-103.97861285775996, 21.772513127706834], [-103.97731547382257, 21.772415287835972], [-103.97636280938097, 21.773147656980967], [-103.97565181991604, 21.773387157292408], [-103.97506729745619, 21.772884587235925], [-103.97484249250918, 21.771890540770652], [-103.97390107976257, 21.771631623279518], [-103.97330718401098, 21.771955107404317], [-103.972242110126, 21.772190428136973], [-103.97179536247023, 21.76995451076196], [-103.96991069696507, 21.769601848985328], [-103.96778904778829, 21.769328988019314], [-103.96695721190761, 21.769814876653815], [-103.96659370804129, 21.770636756509518], [-103.96646437028055, 21.771626633214055], [-103.96551165894662, 21.77235893794425], [-103.96503105422954, 21.773096813952804], [-103.96432004839757, 21.77333626480381], [-103.95783034507602, 21.77309422065214], [-103.95782181687751, 21.77383767049877], [-103.95651780414062, 21.77431790604334], [-103.95439232087374, 21.774375293354208], [-103.95319872076671, 21.77551774695324], [-103.95224401722547, 21.77641518190243], [-103.95142160404373, 21.776074934961017], [-103.95048401983846, 21.775485463587632], [-103.94929228560274, 21.776462676685185], [-103.94799298998707, 21.77652981659403], [-103.94692594024654, 21.776930181513677], [-103.94526872634071, 21.777323498468437], [-103.94396942253336, 21.777390606357795], [-103.94267872532401, 21.77671425837734], [-103.94138421222362, 21.776368320909384], [-103.93937385760535, 21.776674739695945], [-103.93784041551507, 21.776573764368973], [-103.93618990568781, 21.776388755232137], [-103.9353636921138, 21.776378849409923], [-103.93382256633028, 21.776938675647823], [-103.93251075622388, 21.77807955543775], [-103.93073546434891, 21.77847130694728], [-103.92921165410273, 21.777544204296706], [-103.92686068610534, 21.776689744561914], [-103.92580131101927, 21.776429133992277], [-103.92558843730593, 21.774443779261027], [-103.9246683737148, 21.772367283466522], [-103.92339596968326, 21.77127330965825], [-103.9226894713757, 21.770856627737178], [-103.92281103998086, 21.770112658586978], [-103.92251993836277, 21.76924281127832], [-103.92252207517528, 21.768787849557388], [-103.92217077623579, 21.768165905778094], [-103.92105377491276, 21.76716837624101], [-103.92028943772107, 21.76650326677782], [-103.92011798563098, 21.765303049785647], [-103.92018091717155, 21.76447610448995], [-103.92024267878486, 21.763897319977122], [-103.9202450167276, 21.763400998134024], [-103.92001278063816, 21.762572764611757], [-103.9200731777643, 21.762283501137198], [-103.9200747366, 21.76195261986526], [-103.91990114617208, 21.76120736408456], [-103.9195494857399, 21.760668135721104], [-103.9199081617924, 21.759718398143818], [-103.92014740625342, 21.759057665709015], [-103.91997518199194, 21.758022888635026], [-103.9197423700341, 21.757318735161558], [-103.91962820622817, 21.75649101624541], [-103.91963073985099, 21.755953333872668], [-103.92035078468358, 21.753474812355794], [-103.92041487422443, 21.752399704275806], [-103.92053662901039, 21.751614374791846], [-103.92071643807535, 21.75103610340469], [-103.92124885988265, 21.750790255910275], [-103.92230942926076, 21.751208480914737], [-103.92348903103547, 21.751420410544174], [-103.92496494005898, 21.75138544895378], [-103.92614454805503, 21.751597359865624], [-103.92755989016466, 21.751893002345327], [-103.92868047795818, 21.752104640709433], [-103.929919511351, 21.75223405884837], [-103.93086359332013, 21.752320839734146], [-103.93180863341264, 21.75220081348218], [-103.9324598650114, 21.75178999433291], [-103.93311090200804, 21.75142053282973], [-103.93423530880722, 21.75080492587694], [-103.93464927080866, 21.750641250317397], [-103.93535837413908, 21.750478833749764], [-103.93518471508247, 21.74973359033031], [-103.93447847344419, 21.74927560020465], [-103.93418523995443, 21.748860734608545], [-103.9342469360508, 21.74828194122439], [-103.93342303143773, 21.747740721449286], [-103.93283505035753, 21.747241869581263], [-103.93248279867738, 21.74682674841761], [-103.93242491830898, 21.746578333111085], [-103.93260543726356, 21.74583460464904], [-103.93278557226438, 21.745173596663538], [-103.93272883774452, 21.74467701897012], [-103.93238327922455, 21.742814283367167], [-103.93208853518402, 21.742730297809345], [-103.93126524391579, 21.742064987343806], [-103.93085494138646, 21.74144280787005], [-103.93008972917558, 21.740984547356664], [-103.92967924291366, 21.74040372561249], [-103.92909303152406, 21.739532618274612], [-103.92833379142685, 21.73779217826826], [-103.92774644451531, 21.737169228957896], [-103.92639335017553, 21.736212082511035], [-103.92597961468088, 21.736334378645264], [-103.92521193631651, 21.736413781667572], [-103.9239767174365, 21.735498487320346], [-103.92321213978583, 21.734916115869904], [-103.92250426497947, 21.734830321313968], [-103.92174027887765, 21.734123862448847], [-103.92156612443817, 21.733502687938866], [-103.9209792127127, 21.73279699558459], [-103.92074312888256, 21.73279596824527], [-103.92021232909119, 21.732710934888193], [-103.91944641951774, 21.732418069187247], [-103.91933324340535, 21.731383546994394], [-103.91898613045439, 21.729893031640398], [-103.91787002060693, 21.728771408299718], [-103.9168117751445, 21.7278981979276], [-103.91581060549656, 21.727438842546643], [-103.91492806677977, 21.726855918295968], [-103.91369358388201, 21.725816471491612], [-103.9126336178062, 21.72531547827996], [-103.91221951081135, 21.725520461476112], [-103.91168756358786, 21.725683563425292], [-103.9112748320967, 21.725599022572982], [-103.91074524739876, 21.725265798801093], [-103.91015999887979, 21.724229189245822], [-103.90986806787384, 21.723566123016912], [-103.9096361424063, 21.722696515921267], [-103.90928381883735, 21.722322709625786], [-103.90846213269128, 21.721367771833947], [-103.90817140060352, 21.72045654169449], [-103.90817456272525, 21.719794778301353], [-103.9079432455567, 21.71880108847689], [-103.90782541326313, 21.718759205819158], [-103.9069980159005, 21.719003707588083], [-103.90634865208078, 21.719042189560323], [-103.90516874783071, 21.718954229543748], [-103.90446096510209, 21.71886836139269], [-103.9041104531918, 21.71812230336076], [-103.90364052384031, 21.71766524045503], [-103.90269908083938, 21.71708199219134], [-103.90205550584973, 21.715921013303944], [-103.90200087733713, 21.7150108266601], [-103.90165297901365, 21.71372708197181], [-103.90165716626264, 21.712858518610076], [-103.90095260928923, 21.71211087425409], [-103.90030707138091, 21.711363490945857], [-103.89966193991928, 21.710533385042798], [-103.89954551658433, 21.710201975810033], [-103.89901701584351, 21.709661916715017], [-103.89842950815493, 21.709121591653247], [-103.89819666967409, 21.708458771606292], [-103.89808265516868, 21.7076310397991], [-103.89802564832074, 21.70721717385622], [-103.89779221317359, 21.706678433725777], [-103.89767780107137, 21.705933421910668], [-103.8980344625251, 21.705397327400494], [-103.89768401369363, 21.704651257349976], [-103.89691769873976, 21.704482375057424], [-103.8965092527056, 21.70352923719786], [-103.8964542586481, 21.702701769344348], [-103.89633905266707, 21.702122197260096], [-103.89670032322711, 21.700634821641266], [-103.89682435517251, 21.699394546529152], [-103.89659795708937, 21.69740819904228], [-103.89613574360773, 21.69537943101601], [-103.89579074749291, 21.69351663270923], [-103.89550175043277, 21.692274501587562], [-103.89550897992456, 21.690785534875776], [-103.89563481625567, 21.689173017493022], [-103.89576004685898, 21.687684580216047], [-103.89606047337928, 21.686569179157253], [-103.89641708949115, 21.68603308513503], [-103.89700830568849, 21.6857875701086], [-103.89836533687861, 21.685793648710213], [-103.89990495803134, 21.68464241907908], [-103.8998545339159, 21.682863663437203], [-103.89932951973503, 21.681620482899422], [-103.89974411324452, 21.68129144546346], [-103.90080749962615, 21.681006662515216], [-103.9016348846516, 21.68072082154776], [-103.90210946359264, 21.680185238969937], [-103.90281864492681, 21.67994022683618], [-103.90305503820014, 21.67985855542725], [-103.90329440742366, 21.67915647842877], [-103.90276719113088, 21.678368271394433], [-103.90271017830383, 21.677954405549432], [-103.90288955512237, 21.677458868321153], [-103.9020653709333, 21.67708295105213], [-103.90159716607639, 21.676295003261778], [-103.90159895569317, 21.675922760169172], [-103.90154592377478, 21.674681687025377], [-103.9016065112433, 21.674351066926405], [-103.90173007046891, 21.673193502285454], [-103.90161525854363, 21.672531211218423], [-103.90202922415098, 21.67232624750683], [-103.90297514357846, 21.671916841202503], [-103.90321866260209, 21.67034619490482], [-103.90334141107758, 21.669354069431325], [-103.90458386358176, 21.668615079173573], [-103.90647543751284, 21.66783758925245], [-103.9093691031051, 21.667229938667315], [-103.91049489397939, 21.666200858716834], [-103.91108718215352, 21.665707125432863], [-103.911325898668, 21.665129114641786], [-103.91091431840601, 21.664837776881047], [-103.91055996770487, 21.6649189421778], [-103.9100294223402, 21.664833886122107], [-103.90967644584505, 21.66462552596631], [-103.90897265812801, 21.663753838005977], [-103.90856167664909, 21.663338413228903], [-103.90809091807989, 21.663088169302107], [-103.90803487791358, 21.662467501674573], [-103.90850937110632, 21.66193189613484], [-103.90886627058089, 21.661313048282747], [-103.90963453589919, 21.661026901477648], [-103.91034243406442, 21.66103001536986], [-103.9109934961738, 21.66057790114692], [-103.91182407173446, 21.659588873482612], [-103.91176879891685, 21.65880276399579], [-103.91171215665317, 21.658306178401503], [-103.91153792569784, 21.6577263539143], [-103.91159926446966, 21.657230285979107], [-103.9119569209464, 21.656445987797575], [-103.91266772813391, 21.655828682035693], [-103.91332188230864, 21.654714787505764], [-103.91361936358388, 21.654178390327367], [-103.9138598041005, 21.653228128339485], [-103.91415650046498, 21.65285717238976], [-103.91469070585136, 21.652156361636692], [-103.91564443176675, 21.650051088438893], [-103.9155891393589, 21.649264978625123], [-103.91576998781709, 21.648438537145584], [-103.91583091802386, 21.648025187674193], [-103.91577484736337, 21.647404520413435], [-103.91577679106419, 21.646990913684277], [-103.91513242055447, 21.646036787886114], [-103.91495799357392, 21.64549832686133], [-103.9149595501738, 21.645167441489416], [-103.91507946585202, 21.64475434961205], [-103.91555348418855, 21.64430144068318], [-103.91614255555982, 21.64446945471379], [-103.91655156760673, 21.64529846726434], [-103.91772720310237, 21.646172175765965], [-103.91825768644387, 21.646257204756502], [-103.91873015234759, 21.64613517236955], [-103.91932155539122, 21.64580684686356], [-103.91961725593413, 21.645642683274463], [-103.92068092354033, 21.64523367702522], [-103.92227872392799, 21.64412382511972], [-103.92234213509589, 21.643172782106163], [-103.92216941625915, 21.64226208048608], [-103.92228969374808, 21.64176626074154], [-103.92282247183917, 21.641354945142712], [-103.9238876351213, 21.64061503000626], [-103.92412702304085, 21.639871551996606], [-103.92448341525731, 21.63933538559146], [-103.9248388464572, 21.63900602243724], [-103.92566766920156, 21.638347800732074], [-103.92590551308406, 21.63793520623528], [-103.92655699607711, 21.637358940870623], [-103.92714777311535, 21.637154667559965], [-103.92732491045398, 21.637114065579162], [-103.92785555880751, 21.637157701996333], [-103.92850474370039, 21.6370777591399], [-103.92891857100176, 21.636872721744872], [-103.92927436703545, 21.63646062654168], [-103.92951219757207, 21.636048026240054], [-103.92939861145062, 21.635096221064458], [-103.9294576859158, 21.63478507327382], [-103.92356914441866, 21.623974024013133], [-103.91983376548546, 21.62070694931147], [-103.91829813119017, 21.620936283488298], [-103.91618553759434, 21.620084608602454], [-103.91466151083539, 21.619322639147587], [-103.91492148658018, 21.617260342393685], [-103.91459196173189, 21.615190921452825], [-103.91307089750404, 21.61418112192288], [-103.91225723434137, 21.613179869081215], [-103.91120294672842, 21.612588787602036], [-103.91168905883907, 21.61135540805674], [-103.91252884471706, 21.610126305221463], [-103.91360827175622, 21.608569624471006], [-103.91397452266538, 21.60750002283411], [-103.91446155932611, 21.606184026788043], [-103.91519402936142, 21.604044816959913], [-103.91626855250236, 21.602901144974716], [-103.91687440398904, 21.60150395667602], [-103.91689081208646, 21.60009965316849], [-103.91749664475759, 21.59870246140526], [-103.91904360992766, 21.59748185013488], [-103.92011708987756, 21.596420755346948], [-103.92059343810801, 21.59601340456542], [-103.92179224317728, 21.59144474635862], [-103.92005926593782, 21.586721689696688], [-103.91973035403593, 21.583494942315692], [-103.91951044539177, 21.5814264627346], [-103.91821997576392, 21.580509603583724], [-103.91539932262825, 21.579170638575214], [-103.9119889568195, 21.577828280971335], [-103.90928701470634, 21.57640720023136], [-103.90681196623127, 21.576145024583578], [-103.90492409179824, 21.576216928832114], [-103.90398956321819, 21.57505393065121], [-103.90341538996793, 21.57306609780892], [-103.90106811807472, 21.571564230437207], [-103.89763850252322, 21.57270215735731], [-103.89491914827235, 21.573513360068073], [-103.89268401378916, 21.572756227939664], [-103.8910964791159, 21.57208643019926], [-103.89142134288466, 21.56836638463147], [-103.89179287691881, 21.5661359294979], [-103.89239438444999, 21.564651007760336], [-103.89169656609006, 21.563406626707856], [-103.89146920714141, 21.562330348846316], [-103.89195210635631, 21.56092742935949], [-103.89101646543581, 21.559929735824664], [-103.88937255814893, 21.559010614849402], [-103.88810154285223, 21.555695659301687], [-103.88540486333162, 21.553695417277368], [-103.88270627800325, 21.55194319026559], [-103.8810592091489, 21.551437418930295], [-103.88083260493521, 21.550278443953545], [-103.87930018096436, 21.5501867730242], [-103.87848063661963, 21.549437761875765], [-103.87706482620969, 21.54951213344523], [-103.87530120680798, 21.54884024351153], [-103.87377678552575, 21.547756301444696], [-103.87189927393545, 21.54658757103565], [-103.87071667620384, 21.546994023405563], [-103.86964732702977, 21.54797996043106], [-103.86834210706482, 21.548964491109338], [-103.86740336319869, 21.548380098411787], [-103.86621940088786, 21.548951887349865], [-103.86445651422179, 21.548197200283482], [-103.86152759729971, 21.550465403066863], [-103.86152836457104, 21.55030026596044], [-103.86135527720768, 21.549473898164088], [-103.86124250884474, 21.548358767692946], [-103.86148128203426, 21.54774041304048], [-103.8617181359224, 21.54753490085408], [-103.8619549891456, 21.547329388296802], [-103.86248843306619, 21.546753451841983], [-103.86213574198449, 21.546504383723686], [-103.86207830145018, 21.5461738821742], [-103.86219797188701, 21.545802777610746], [-103.8622884425096, 21.545369632936563], [-103.86237891253289, 21.5449364881676], [-103.86273695923099, 21.544029594670032], [-103.86244535226142, 21.543326626680756], [-103.8620340804226, 21.542994763027306], [-103.86091457371508, 21.542784023197346], [-103.8609760395952, 21.54224755465987], [-103.86115525588484, 21.54175282513965], [-103.86139293404543, 21.54133201302468], [-103.86169040597528, 21.54080533118291], [-103.86240322646353, 21.53969337851383], [-103.86275934558965, 21.539199327325363], [-103.86311794763596, 21.538168578601905], [-103.8631204328953, 21.53763188192747], [-103.8631815052979, 21.53717798052762], [-103.86318647483195, 21.536104586995187], [-103.86330880810189, 21.535155499470918], [-103.86307771142512, 21.534122483964566], [-103.86296168630031, 21.53370918704386], [-103.86219988411952, 21.53267413038138], [-103.86184990658047, 21.531847081571634], [-103.86161920736023, 21.530731495578962], [-103.86144900986667, 21.52928586131062], [-103.86133452484854, 21.528542288350963], [-103.86104371834843, 21.527674180765302], [-103.86092942787987, 21.52688932314954], [-103.86052108000904, 21.525938191587905], [-103.85999499984919, 21.524945319852677], [-103.85970171243919, 21.52461390716773], [-103.85940842634812, 21.524282494012997], [-103.85817517738403, 21.523204314810187], [-103.85511477510856, 21.52575845467371], [-103.84999578528554, 21.526950709634285], [-103.84685824553445, 21.525159697882323], [-103.84465571863171, 21.52470212356986], [-103.84228395137214, 21.525717810030724], [-103.84006504420002, 21.527324308966886], [-103.837703763179, 21.527012984979702], [-103.83582696622344, 21.52523054811113], [-103.83395021504138, 21.5234480918224], [-103.83144205590965, 21.521808641879197], [-103.82797672751506, 21.521636895833023], [-103.82357668588402, 21.520131480667853], [-103.81789952632215, 21.52068114942048], [-103.81143569804023, 21.521077577434955], [-103.80682763933943, 21.524360829851943], [-103.80304360181553, 21.526030724817335], [-103.8000545849859, 21.525419478077268], [-103.80005636881641, 21.521672049734942], [-103.80066140864682, 21.519856751974807], [-103.79961723911751, 21.517865636070944], [-103.79845590506292, 21.515791083713253], [-103.80130269339763, 21.507735062271202], [-103.79864005914621, 21.505799142013704], [-103.7970766904888, 21.50431343820765], [-103.79519947552573, 21.502678012051675], [-103.7942736447656, 21.50031221268302], [-103.793531376096, 21.493208504674712], [-103.79240482772911, 21.493459862372497], [-103.79204607151038, 21.494449163231913], [-103.79169468309544, 21.49399353808396], [-103.7906335700611, 21.493989016156174], [-103.78992785072246, 21.493655729416485], [-103.78957520353629, 21.49344780143646], [-103.78845704870263, 21.49307146232157], [-103.78780859550804, 21.49306868734685], [-103.78704160611372, 21.493189255113258], [-103.78674685455097, 21.49318799156481], [-103.78598092512513, 21.49310213691915], [-103.78486129555837, 21.49301475863466], [-103.78491982068118, 21.49309757900432], [-103.78485789458308, 21.49367529424788], [-103.78485130464924, 21.494955081848587], [-103.78443886051467, 21.49491202362866], [-103.78361567660886, 21.49449563655708], [-103.78250009021829, 21.49362385667199], [-103.7817943929752, 21.493290536508976], [-103.78108763096678, 21.493163630614173], [-103.78073606707952, 21.492749267516356], [-103.78056391969322, 21.491840267600047], [-103.78021171880299, 21.491549753807654], [-103.77974119260314, 21.491341295799092], [-103.77903230044556, 21.491627215718655], [-103.77855920414319, 21.491914155160924], [-103.77767195593572, 21.492488285693497], [-103.7768451546554, 21.49277368388386], [-103.77595875510292, 21.493182671303497], [-103.77525049312514, 21.493344724329926], [-103.77413044083572, 21.493339840973142], [-103.77366056575832, 21.493007516076503], [-103.77271909432626, 21.492673128999648], [-103.77183636088239, 21.49238027811476], [-103.77065715113521, 21.492416397079584], [-103.7699495385241, 21.492454577753662], [-103.7691834099801, 21.49240992997676], [-103.76782887294584, 21.49215626937827], [-103.76718108112287, 21.492029564865422], [-103.76500235249205, 21.491565828727232], [-103.7638235871997, 21.491519333333066], [-103.76293738152822, 21.49188696717435], [-103.76222999018002, 21.49188383202361], [-103.76164115479506, 21.49175736768673], [-103.76099117870508, 21.49204347082862], [-103.75986938534642, 21.49236875725748], [-103.75922182095293, 21.492200739061584], [-103.75827863176855, 21.49219653712253], [-103.75786598660956, 21.492194697100302], [-103.75745576447513, 21.4917387421986], [-103.75692676540987, 21.49144739223023], [-103.7559255156603, 21.49127778174231], [-103.75294149513145, 21.487094725657283], [-103.753236452248, 21.48705476521496], [-103.75435733228981, 21.486894654100748], [-103.75512364463258, 21.486898085228084], [-103.75553627445085, 21.48689993130291], [-103.75648207400803, 21.48640875000124], [-103.75719141964368, 21.48604036029137], [-103.75831382843543, 21.485591240188516], [-103.75908255172234, 21.48514053836072], [-103.75908474861919, 21.48472770699102], [-103.75849528546402, 21.484725082367724], [-103.75831932614541, 21.484559162067384], [-103.75885335823465, 21.483900994660065], [-103.75950659415496, 21.48299565075502], [-103.75974457137276, 21.482583867719793], [-103.75992557651657, 21.48180027378323], [-103.76028407190915, 21.480893615647208], [-103.76010789549656, 21.480768980453238], [-103.75946103989733, 21.480477115920436], [-103.758637353526, 21.480184461807124], [-103.75839959736082, 21.48055496027071], [-103.758043950418, 21.48092493306004], [-103.7577496665828, 21.480841053267643], [-103.75727920942838, 21.480632534918247], [-103.75674914831399, 21.4805476015878], [-103.7564546457378, 21.48050500270347], [-103.75575061927573, 21.479882596101806], [-103.75540070431602, 21.47917920224294], [-103.75517066613465, 21.478104787034276], [-103.7548781558444, 21.477690637637256], [-103.7542889428295, 21.477646716444166], [-103.75352489043027, 21.47723045292343], [-103.75234979165255, 21.476523353009405], [-103.75152725158765, 21.47602425013936], [-103.75076454719272, 21.47536027635261], [-103.75023584202128, 21.47502762509974], [-103.75000207181553, 21.474655016318145], [-103.74976830276499, 21.47428240725118], [-103.74942065129719, 21.473166171959786], [-103.7496604156681, 21.472424138962538], [-103.74954497710732, 21.47196949441427], [-103.74919355375701, 21.47155507066148], [-103.74884191003012, 21.47118192929773], [-103.74884502273929, 21.47060396656384], [-103.74908367380297, 21.470068349411015], [-103.7496770734323, 21.46932790909477], [-103.75020975201794, 21.468917465821402], [-103.75085986342879, 21.468590116801742], [-103.75127554352959, 21.468014007483063], [-103.7517517096881, 21.467149179756316], [-103.75193184792782, 21.466530726690472], [-103.75187534452304, 21.466076347828963], [-103.75199787037585, 21.465209931228557], [-103.7517071644798, 21.464465512329866], [-103.75123876208501, 21.463885431442847], [-103.75059532445627, 21.46297428973828], [-103.75012560008813, 21.462641904757245], [-103.74959583088847, 21.462515668816753], [-103.74889080655777, 21.462099653111533], [-103.74848224865532, 21.46135469836701], [-103.74842642396281, 21.460776469396297], [-103.74860634449357, 21.460199302855216], [-103.74860923328359, 21.459662622522508], [-103.74843664803652, 21.458877446778686], [-103.74785062723055, 21.458255543184727], [-103.74744052685968, 21.45779956801673], [-103.74685473719101, 21.45713637818031], [-103.74638793603066, 21.456267303676462], [-103.74609861145161, 21.455275177977477], [-103.74557288636838, 21.45440583516245], [-103.74516302658007, 21.453908571995687], [-103.7451652573526, 21.453495741184458], [-103.74517128005209, 21.452381097891386], [-103.74535097806897, 21.451845217502044], [-103.7456474253492, 21.451516285247607], [-103.74558983018089, 21.45126832019688], [-103.74553201225717, 21.451061638228204], [-103.7451241686148, 21.45019282735966], [-103.74500898103095, 21.44969689694088], [-103.7450710353828, 21.44911920015721], [-103.74501790249168, 21.44804557284149], [-103.74460873061928, 21.447424459596867], [-103.74419799949335, 21.4470923271732], [-103.74390446175533, 21.446884577083594], [-103.74331716533867, 21.446510358554928], [-103.74296402881939, 21.44642618899571], [-103.74285242829448, 21.445269728000515], [-103.74274038183471, 21.444195833043537], [-103.74256739468385, 21.44349321843594], [-103.74239664566177, 21.44237777273617], [-103.74192722833905, 21.442004084973263], [-103.7417515611939, 21.44179686673137], [-103.74169509480048, 21.441342485124043], [-103.74211318723327, 21.440312280642704], [-103.74217524689765, 21.439734584664368], [-103.74247122781249, 21.439488222943055], [-103.74300291848355, 21.439242929359686], [-103.7440669640887, 21.43862848742946], [-103.74430535062592, 21.438134156551477], [-103.74430825022229, 21.437597475658112], [-103.7445486407526, 21.43673159587018], [-103.74478590784308, 21.43644367976837], [-103.74519995347327, 21.436156562280168], [-103.74508432842755, 21.43574319796355], [-103.74473277646206, 21.435370051101057], [-103.74414708350375, 21.434706855022398], [-103.74379843697703, 21.433797025349598], [-103.74403525431784, 21.433591676377755], [-103.74468477144602, 21.433346909385563], [-103.74498051213584, 21.43314182538531], [-103.74492270080331, 21.43293514316027], [-103.74451423659697, 21.432190181139685], [-103.74457672735977, 21.43152991673211], [-103.74452404299913, 21.430373721174327], [-103.74452983698747, 21.429300358280877], [-103.7447688733722, 21.428682175796755], [-103.74547951616016, 21.428024838656945], [-103.7458942031312, 21.427613868285633], [-103.7464260668266, 21.42732727787758], [-103.74678071555985, 21.427122455526753], [-103.74690167114565, 21.426545021285268], [-103.74672734696159, 21.426090109017135], [-103.7465543569981, 21.42538749715664], [-103.74679093434675, 21.425223426478347], [-103.74720316736239, 21.42526656793126], [-103.74773413252723, 21.425145105786385], [-103.74791156436403, 21.425022051495496], [-103.74779704777502, 21.424402272252596], [-103.74756646392312, 21.423451696400928], [-103.74751131462848, 21.42274961564454], [-103.7479849014784, 21.422338904046892], [-103.74833864921119, 21.422299210712552], [-103.7490448155465, 21.422467521530933], [-103.74981189592297, 21.422264544140084], [-103.75069770017468, 21.42189695807924], [-103.7514062963792, 21.42161114235668], [-103.7520544251701, 21.42161404329742], [-103.7528788758824, 21.421700298485504], [-103.75334958211656, 21.421826254460402], [-103.75364462701918, 21.421745003254745], [-103.75405927354227, 21.421334010384687], [-103.75412083426586, 21.42083887276945], [-103.7544178559609, 21.420386069639157], [-103.75512841560275, 21.41972868685582], [-103.75548369303948, 21.419399994198926], [-103.75542762782513, 21.418863047574103], [-103.75561009502961, 21.4177904659007], [-103.75561404633105, 21.417047364422853], [-103.75550652590577, 21.415106519091264], [-103.7552728289641, 21.41473391905377], [-103.75468672404574, 21.414153326771526], [-103.75392167158495, 21.413984778415564], [-103.75398344822291, 21.41344835688916], [-103.75410436152514, 21.412870914597466], [-103.75422769171786, 21.411839354503964], [-103.75405291963627, 21.4114670156687], [-103.75405313948916, 21.411425732247395], [-103.75346441195985, 21.411340537320438], [-103.75252218523123, 21.41125376128101], [-103.75240479253469, 21.411170667961144], [-103.75211527828046, 21.41021983319139], [-103.75206143087479, 21.40927005162344], [-103.75188909165384, 21.408443593406478], [-103.75171300646915, 21.408318952881977], [-103.75148175491412, 21.407492230841328], [-103.7511317937608, 21.406830114890976], [-103.75078293903401, 21.405961581319712], [-103.75019600246408, 21.405546108875697], [-103.74978470697584, 21.4053378438006], [-103.74949079892093, 21.405212672951194], [-103.74914085182678, 21.404550553369518], [-103.74896565825661, 21.404260776723355], [-103.74843587688288, 21.4041758299438], [-103.74767044145584, 21.404089822456005], [-103.7466700179803, 21.403878901010852], [-103.74590525160136, 21.40366903557116], [-103.74549485635983, 21.403295627145596], [-103.74532056018762, 21.402840713743743], [-103.7452060667005, 21.40222093250805], [-103.74479434342452, 21.402095222562714], [-103.74426346072225, 21.402216679673934], [-103.7438515158355, 21.402132250766627], [-103.74320703864517, 21.401468789411748], [-103.7424429592561, 21.401135059078086], [-103.74220998568575, 21.400638593032255], [-103.741920555322, 21.399687743725615], [-103.74162956650356, 21.399025877067373], [-103.74175207440044, 21.39815946141112], [-103.74228561897623, 21.39754261184941], [-103.74246547192058, 21.39696544504231], [-103.74199686203787, 21.39646791266803], [-103.74176300436245, 21.396136579415494], [-103.74158895028668, 21.395640379426286], [-103.74123794423228, 21.39518466201108], [-103.74058837103246, 21.395470708020678], [-103.73999949381616, 21.395426752433224], [-103.73923791417751, 21.39463889307674], [-103.73859550476855, 21.393603866573], [-103.73783461416085, 21.392692151702967], [-103.73683473345196, 21.392398609270625], [-103.73565700771623, 21.392310670966864], [-103.73442105030527, 21.392098605582742], [-103.73306908323102, 21.391555726299263], [-103.73183336265696, 21.39130235913372], [-103.73106845971604, 21.391133713138764], [-103.7303040110507, 21.39088249741327], [-103.72883221727234, 21.39071059217138], [-103.72736178956144, 21.390290975458818], [-103.72701084111121, 21.389835230787384], [-103.7263676305334, 21.388965294607246], [-103.72607877747956, 21.387931856641085], [-103.72561002525936, 21.38747556521945], [-103.72484537835221, 21.387265609007308], [-103.72425699728025, 21.38713903377034], [-103.72331609163, 21.386845686433613], [-103.72219801492987, 21.38663407997845], [-103.72137492922938, 21.386341268867657], [-103.72073062351734, 21.385677728348586], [-103.71973426508885, 21.384764842322323], [-103.71885274855735, 21.384389179255084], [-103.71791187268833, 21.38409580292102], [-103.71750206348828, 21.383639765355138], [-103.71744614401005, 21.38310281132288], [-103.71686468090361, 21.38173772128752], [-103.71704341125796, 21.379958540059352], [-103.71775529609555, 21.379680101757952], [-103.71905784980913, 21.379328131755504], [-103.72018760570398, 21.378725301174693], [-103.72077827388328, 21.378651766396047], [-103.7217312189911, 21.37804617541413], [-103.72272774241867, 21.378392546616553], [-103.72426067253498, 21.378374998730415], [-103.72521626878611, 21.377603986556547], [-103.72617185510403, 21.376832968370692], [-103.72693997779078, 21.376720804573438], [-103.72764916690734, 21.376607723233096], [-103.72765715698317, 21.376111520874204], [-103.7271394189825, 21.375317640742605], [-103.72692167314015, 21.374197528891457], [-103.7270422002262, 21.374033956430804], [-103.72835333768487, 21.3731443575744], [-103.72912210522533, 21.372990832460673], [-103.73066562031032, 21.372311618988608], [-103.73149730059039, 21.371910893755786], [-103.73238524953649, 21.37167647760159], [-103.73356320071092, 21.37173606813165], [-103.73362877215666, 21.37132347664746], [-103.7350027598912, 21.370186632001015], [-103.73572120116653, 21.369494609388692], [-103.73720174389372, 21.36906252358114], [-103.73879483751725, 21.368963047583705], [-103.74015353489753, 21.368777217860107], [-103.74175985934897, 21.36785070380259], [-103.74241337566447, 21.36752989589669], [-103.74366147094052, 21.366887363838014], [-103.7441586830445, 21.365281957345648], [-103.744461917135, 21.36474893969325], [-103.745180288262, 21.364056872649655], [-103.74608071915935, 21.363036719257423], [-103.74662097165009, 21.362424624551373], [-103.74722938743106, 21.3612345259903], [-103.74772029019272, 21.360340418301785], [-103.74962357845061, 21.358203082691652], [-103.75045743263816, 21.357133630275953], [-103.748941013495, 21.35546987956363], [-103.7484801503229, 21.354309208571113], [-103.74837623660984, 21.352737450708123], [-103.74721390626024, 21.350993333034324], [-103.74687740017433, 21.34908928674787], [-103.74817934875698, 21.348353685359182], [-103.74901970980979, 21.346540086913052], [-103.7491542230649, 21.344639146362525], [-103.74928144934916, 21.343565038637845], [-103.75152830547012, 21.342504876406863], [-103.75318199152085, 21.341936920276773], [-103.75390522136159, 21.340039834892142], [-103.7543892974342, 21.33855461934533], [-103.75392480893335, 21.337807379281944], [-103.75250958571823, 21.338046157909613], [-103.7518263125792, 21.335395645565374], [-103.75254371438079, 21.334160032241623], [-103.75597079940174, 21.332776792014695], [-103.75808523676679, 21.333369434381126], [-103.75950618517405, 21.332469135805177], [-103.75975034802686, 21.3314784662025], [-103.75929235114592, 21.32998708594735], [-103.7595386762442, 21.328748364785476], [-103.759668694518, 21.327343507511138], [-103.76155839174966, 21.326694309488474], [-103.76274448497554, 21.325709761868623], [-103.76546266869593, 21.324569770354508], [-103.76640246456529, 21.324823928489565], [-103.76710390524909, 21.325407293178756], [-103.76828923592323, 21.324505388122166], [-103.76935752543152, 21.323520028969938], [-103.77007472130656, 21.322284329172863], [-103.77056000000886, 21.32063368477381], [-103.77092323605908, 21.31947838427234], [-103.771633249583, 21.319069518622072], [-103.77257445208915, 21.319158272600287], [-103.77411434307754, 21.318093227699393], [-103.77541303476427, 21.317688130477794], [-103.77670744822503, 21.317779129671422], [-103.77835508054558, 21.31787238220105], [-103.77942680783167, 21.316473529979998], [-103.77956230230731, 21.31440716899406], [-103.77992900084193, 21.312838421025504], [-103.7799431994326, 21.311184728571877], [-103.78066875677852, 21.30895675866608], [-103.78186591994232, 21.306649105544256], [-103.7839942599651, 21.305587714926784], [-103.78576373331788, 21.30518552938299], [-103.78706298819485, 21.30469764971686], [-103.78836928417607, 21.303382909935255], [-103.78954797095827, 21.30322500307047], [-103.79060822436703, 21.30314902775839], [-103.79120248941818, 21.30249127199497], [-103.79319893756679, 21.303082716039775], [-103.79555980183667, 21.30235339953463], [-103.79674757748076, 21.301120533359992], [-103.79875242144001, 21.3007196881662], [-103.80110973576922, 21.300403717404084], [-103.80465682208852, 21.298606730295987], [-103.80631677788068, 21.29721135966144], [-103.80751066959122, 21.29523423996587], [-103.80905145326221, 21.294003477120068], [-103.81000153273409, 21.293017101033893], [-103.8094260926145, 21.291442415133556], [-103.8088248847707, 21.289043953100222], [-103.80941965275434, 21.288680622108036], [-103.81061174353239, 21.287788545017573], [-103.81138640272651, 21.28722109560181], [-103.81227821337549, 21.28669675968054], [-103.8128665618763, 21.286746936858595], [-103.81274236176623, 21.287158693279665], [-103.81256118257714, 21.287445510679124], [-103.8130291751371, 21.287659330844484], [-103.8135611886205, 21.287543214865746], [-103.81468219340039, 21.28743591600265], [-103.81611623233607, 21.286133802923388], [-103.81695679055152, 21.285112333378386], [-103.81743564396191, 21.284623153668655], [-103.8179785018797, 21.283804035163122], [-103.81833891367023, 21.283354443546507], [-103.81977543326741, 21.28188688628103], [-103.82049240641506, 21.281235807033458], [-103.82103459670766, 21.28045802928405], [-103.82165034222875, 21.278730025422643], [-103.82084620917735, 21.277394440983528], [-103.82003124432154, 21.27676184230916], [-103.81886738576502, 21.27583449367918], [-103.81764720213864, 21.27474084800008], [-103.81724324612587, 21.27419710447908], [-103.8168975479935, 21.27369559311851], [-103.81643214815023, 21.273316376130662], [-103.81590721815263, 21.272977629126984], [-103.81532595420421, 21.272472590343195], [-103.81445278682172, 21.27179773316121], [-103.81405204823795, 21.27104722157487], [-103.81388496427495, 21.270424292980074], [-103.81377357567514, 21.270009007169563], [-103.8127922439518, 21.26871209531773], [-103.8125579569589, 21.268625862342], [-103.81144861895334, 21.267988814323918], [-103.81069519918842, 21.267191647828707], [-103.81046091593221, 21.26710541209108], [-103.81093524594833, 21.266905713491337], [-103.81194023286793, 21.266672603313857], [-103.81346883796662, 21.266860946558754], [-103.81447637882395, 21.26646241203205], [-103.81536677215789, 21.26602075667894], [-103.81625971571799, 21.265413687175577], [-103.81715137491709, 21.264889317178415], [-103.8178049139371, 21.264526830546693], [-103.81846036444018, 21.264040284203524], [-103.81934435259987, 21.264012129975626], [-103.81964454344953, 21.26364435709075], [-103.81989094530348, 21.26294488514825], [-103.8204874926795, 21.262457450673846], [-103.82096562021542, 21.26200960807664], [-103.82114547502566, 21.26180548336766], [-103.82114866203979, 21.26159872139519], [-103.82091183073688, 21.261677909831167], [-103.82050151967483, 21.261547698268828], [-103.82044581858634, 21.261340057068125], [-103.81993686275035, 21.25996751414499], [-103.81958353227498, 21.25996223714389], [-103.81911625268124, 21.259707085773293], [-103.81906182999975, 21.259416739451286], [-103.8184280985981, 21.258497309159292], [-103.81820403425847, 21.25774944670872], [-103.81791406440163, 21.257455579912907], [-103.81739110017163, 21.2569927823013], [-103.81698399777683, 21.25665580109727], [-103.81675547348601, 21.25619740348009], [-103.81682138384512, 21.255743408094176], [-103.81664983219527, 21.255409947859132], [-103.81642003349333, 21.255034254557916], [-103.81648402846002, 21.25470431632029], [-103.81654738455715, 21.254415730386366], [-103.81649552256985, 21.25395997396284], [-103.81783103423629, 21.250675629237765], [-103.81790889476804, 21.249102208324715], [-103.81815579021585, 21.248152046318534], [-103.8182799869067, 21.247614831079872], [-103.81828648914875, 21.247076336347433], [-103.81800025941912, 21.246410374949185], [-103.81753999533903, 21.245535380122366], [-103.81719092233782, 21.245200158945117], [-103.81713658044403, 21.24482671491907], [-103.81702289264906, 21.24449405347193], [-103.8181993062133, 21.244548273595235], [-103.81884260946335, 21.24488669024912], [-103.81984248973768, 21.244938980636395], [-103.82037260254066, 21.244903309004393], [-103.82213947765807, 21.24479819902169], [-103.82278877819483, 21.244639528031193], [-103.82385498378412, 21.244071091085655], [-103.82456561698282, 21.24370593674121], [-103.82592454221245, 21.243264941303384], [-103.82698873602283, 21.2428621747552], [-103.82834615538303, 21.242545427622243], [-103.8294686862121, 21.24218470379232], [-103.83012144615704, 21.241736043425604], [-103.83065949241566, 21.241037572444764], [-103.83119405843406, 21.24062905983565], [-103.83149026618301, 21.240466543234348], [-103.8320777178715, 21.24055573763148], [-103.8324886368867, 21.240643026269314], [-103.83273294303207, 21.23989995169536], [-103.83328120677812, 21.23932837363119], [-103.8336873393824, 21.23883310442704], [-103.83416155891044, 21.23854821629144], [-103.83469164769576, 21.23851249840113], [-103.83533793795823, 21.238602314990533], [-103.83581462934747, 21.238110307048427], [-103.83657959579449, 21.238118539597565], [-103.8372886870751, 21.237877597678278], [-103.83829397094922, 21.237474123439412], [-103.83906387670498, 21.237068114085123], [-103.84042369061461, 21.236544150535806], [-103.84083756667232, 21.236382880095185], [-103.84172021170137, 21.23639235214053], [-103.84242435504704, 21.236565618887393], [-103.84324963758603, 21.236450182543695], [-103.84401459764, 21.236458380998112], [-103.84524439351247, 21.236968695149063], [-103.84559499167771, 21.23717959113903], [-103.84623340993821, 21.237932136593017], [-103.84640501961776, 21.238348257433596], [-103.84757894684473, 21.238609386756416], [-103.84799085505229, 21.23861379144394], [-103.84840128852757, 21.23874246469897], [-103.84892744523229, 21.239038087510647], [-103.8495075353563, 21.239748569466013], [-103.85020581172994, 21.240418883311037], [-103.85096195763245, 21.241172669123504], [-103.85248653558088, 21.24164465049667], [-103.85366197208435, 21.241781469283204], [-103.85424797621, 21.241994857070225], [-103.85465499567688, 21.242413478609087], [-103.85535477757657, 21.24295950272064], [-103.85682201150429, 21.243306549680575], [-103.85829218647646, 21.243405044245943], [-103.85923274799023, 21.24349789888774], [-103.86052443543782, 21.243760191439804], [-103.86129041437052, 21.24368546654425], [-103.86270223933691, 21.243741874939253], [-103.86335296238484, 21.243458775339654], [-103.86395409616757, 21.242388004609552], [-103.86431301816067, 21.24189466521149], [-103.86490098816978, 21.241942322970935], [-103.86548847177151, 21.242031402135957], [-103.86631182616104, 21.242081547367714], [-103.86708363207681, 21.241509714068265], [-103.8679142775019, 21.24093849920497], [-103.86868947318133, 21.240076693471895], [-103.86928326770362, 21.239627253625173], [-103.87028751539651, 21.23930643240926], [-103.87075924460375, 21.239228555933508], [-103.8712912737947, 21.23902702855093], [-103.87282511515187, 21.238711780406742], [-103.87371020732368, 21.23851396784728], [-103.8740044301572, 21.238517068583217], [-103.87453064122099, 21.238812613777785], [-103.87546102334578, 21.239775272765357], [-103.87604415148192, 21.240237127561514], [-103.87662292945265, 21.241071793017397], [-103.87726926443356, 21.241161450527663], [-103.87804054228268, 21.240630988561687], [-103.8785735342761, 21.240346590729477], [-103.87898641826366, 21.240268072660026], [-103.87956811105553, 21.240854186794323], [-103.87985751058706, 21.241271514159727], [-103.88038133012928, 21.241774160290333], [-103.8806731469324, 21.241984368040082], [-103.88261699719122, 21.241839050483332], [-103.88368152661646, 21.241394494955827], [-103.8843900857828, 21.241194776077183], [-103.88540009174616, 21.240376778979414], [-103.88593595670258, 21.239843814646257], [-103.88658854621191, 21.239394927439864], [-103.88694450248475, 21.239150078725373], [-103.88735593750803, 21.239195811169893], [-103.88776593097643, 21.23936581399941], [-103.8886481288604, 21.23941646517099], [-103.88947484329448, 21.23917653031798], [-103.89036615892893, 21.238440119680114], [-103.89108333022253, 21.237494742337546], [-103.89138426695199, 21.23691787868739], [-103.89157182860546, 21.2359669717429], [-103.89169910564918, 21.235139722144112], [-103.89182590164735, 21.23435389618589], [-103.89200818372672, 21.23385865093306], [-103.89236411787117, 21.23361378964839], [-103.8931329094663, 21.23329037360732], [-103.89407966249306, 21.2328445212372], [-103.89526082361127, 21.232483961634376], [-103.89697586338782, 21.23175608640593], [-103.89809577939683, 21.231602014167034], [-103.89903725715777, 21.23161179675225], [-103.89950704176249, 21.231699534090858], [-103.90003519238257, 21.231829305071344], [-103.90056239016099, 21.232041922478864], [-103.90173781218058, 21.232178404957303], [-103.90273909015426, 21.232105929256754], [-103.90321125992622, 21.231986536142756], [-103.9036858092256, 21.231660021327734], [-103.90392831877031, 21.23104109855586], [-103.9043464005398, 21.230506851693928], [-103.90523664079699, 21.229853204455573], [-103.90589103165603, 21.229238541142177], [-103.9081369824934, 21.228391754265562], [-103.90913775908503, 21.228360663481347], [-103.91013900973287, 21.228288142560373], [-103.91149283360718, 21.22826068131108], [-103.91202003713533, 21.228473263163764], [-103.912430979898, 21.228560357768465], [-103.91307681578981, 21.228691300990192], [-103.91425175415054, 21.228869119921576], [-103.91530664853288, 21.229252841038104], [-103.91653712967828, 21.22972121974653], [-103.91723709470236, 21.230266995269638], [-103.91770311145414, 21.230686076484453], [-103.91805097367079, 21.231145371609912], [-103.9182783206321, 21.23185200276252], [-103.91856356896199, 21.232642086679824], [-103.91931720975754, 21.233644125945535], [-103.91954739603767, 21.234102209856786], [-103.91965895246226, 21.23464193389899], [-103.91977381086737, 21.234891687831016], [-103.9196528211558, 21.23518044966816], [-103.91941036852761, 21.23579939727447], [-103.919284659643, 21.23650240153495], [-103.91928041368621, 21.236875220015534], [-103.91944751364572, 21.237705518262636], [-103.919322746461, 21.23832567379744], [-103.91920175275955, 21.238614435038397], [-103.91831009971106, 21.239392428443317], [-103.91795277480627, 21.239761618291034], [-103.91729413155456, 21.24074914584257], [-103.91740568352998, 21.24128887082054], [-103.917636346817, 21.241705532960896], [-103.91809814935844, 21.242497432171255], [-103.91825958136847, 21.243824821750895], [-103.91831134647406, 21.244446789859154], [-103.91859803227821, 21.24511260093308], [-103.91888849680093, 21.245447017773678], [-103.91935362026518, 21.245948944382643], [-103.920068764622, 21.245169135163515], [-103.92096704509638, 21.243811194381063], [-103.92227912299369, 21.242291774529104], [-103.92329176315249, 21.241224996037996], [-103.92441690685392, 21.24061508349728], [-103.92495122776133, 21.24020626221826], [-103.92560276804792, 21.239840067741937], [-103.92654994490746, 21.23935260668691], [-103.93067338787681, 21.23902186154474], [-103.93568137530731, 21.238534297942945], [-103.93657200230362, 21.237839057593366], [-103.93727721645413, 21.23792908436298], [-103.93874649352212, 21.238109726682634], [-103.93980571786976, 21.23812047856322], [-103.94015879275682, 21.238124061046573], [-103.94110312025119, 21.237885063202537], [-103.94245936464638, 21.23765023390226], [-103.9429894409775, 21.237614174335526], [-103.94351858709013, 21.237660962339763], [-103.94451617581142, 21.23791963647557], [-103.94580892682055, 21.238098431045245], [-103.94621991978332, 21.23818544520048], [-103.94703680271644, 21.23881514193141], [-103.94720730926224, 21.239355446441174], [-103.94778464113956, 21.240355583409297], [-103.94830127832884, 21.24152082308136], [-103.94888001631296, 21.2423966826773], [-103.94993232537031, 21.24302874257415], [-103.95069410730717, 21.24332643171911], [-103.95168387992072, 21.244289285408204], [-103.95179694873788, 21.244704718655175], [-103.95190492730947, 21.245575823598706], [-103.95195544596717, 21.246322061300972], [-103.95218112553394, 21.24719435205613], [-103.95235397285562, 21.24752752850713], [-103.95247028441568, 21.24765298841458], [-103.95329187022722, 21.247868410310154], [-103.95393182330629, 21.24853772318102], [-103.95480441185754, 21.24945795070433], [-103.95585402598097, 21.25033852464991], [-103.95637906856483, 21.250758096959395], [-103.95713998096113, 21.25113860838626], [-103.95713167501245, 21.251884253886843], [-103.95765349749286, 21.25259379578487], [-103.95835741504469, 21.252808011953313], [-103.95900847484523, 21.252483112565297], [-103.95960344465122, 21.25190907138155], [-103.96019748867333, 21.251417877458767], [-103.96061129111474, 21.25125630947961], [-103.96113404935421, 21.25188299164182], [-103.96165589157869, 21.252592521936368], [-103.96218003901545, 21.25309492669489], [-103.96293684056754, 21.25384823633199], [-103.96328857646557, 21.25397604641781], [-103.96381687093, 21.254105622965593], [-103.96475943214664, 21.25403219507686], [-103.9658128120279, 21.254581311462367], [-103.9661061584511, 21.254667102619216], [-103.96669239355668, 21.254880108309194], [-103.96727725443236, 21.255217386650646], [-103.96751037405733, 21.25542686222573], [-103.96797799072917, 21.255721537826428], [-103.9681499665148, 21.25613754937779], [-103.96838171368749, 21.256471298487508], [-103.96914543711495, 21.256603208572155], [-103.97044067765177, 21.25657469725328], [-103.97150096057013, 21.25650240565834], [-103.97297413319377, 21.256351359035325], [-103.97397601710331, 21.25623704091558], [-103.974212345388, 21.25615653287739], [-103.97450935370202, 21.255910909941583], [-103.9746371063777, 21.255000731041612], [-103.97470372150163, 21.254297091592967], [-103.97459834377368, 21.253177446480397], [-103.97496058838216, 21.25235245769752], [-103.97525804398444, 21.252065407972726], [-103.97591134738263, 21.251533316569304], [-103.97685799263563, 21.251086994858465], [-103.97774578081737, 21.25064008347814], [-103.978337940379, 21.250314523124434], [-103.9790473447387, 21.25003155297272], [-103.9806404248768, 21.249674478148005], [-103.98134845823736, 21.249515773289943], [-103.98252593632368, 21.249486000778994], [-103.98358707396515, 21.249330780560193], [-103.98441325905186, 21.2491318015457], [-103.98494518700714, 21.248929910788956], [-103.98536213273384, 21.24847830451765], [-103.98572702610612, 21.24740473825329], [-103.98644999872833, 21.245878980188873], [-103.98740427702236, 21.24472836776787], [-103.98871253908361, 21.24349838014033], [-103.9896640709805, 21.242596304789974], [-103.99061604321908, 21.24165279824547], [-103.9920396894385, 21.240631067547866], [-103.99328090878784, 21.240146117562006], [-103.99499740730616, 21.239251528713076], [-103.9954695379195, 21.239131875311962], [-103.99759569168917, 21.238448429426885], [-103.99789037706735, 21.238409888753406], [-103.9997177829646, 21.23813778461793], [-104.00125409056965, 21.2375728040792], [-104.00208288153883, 21.237125182004643], [-104.0033931983365, 21.235687944574483], [-104.00387203366763, 21.234946884675825], [-104.0041150338693, 21.234244950205163], [-104.0044231481242, 21.23296363279166], [-104.00449319096705, 21.23192856969701], [-104.00444151290793, 21.231265187072015], [-104.00433233483257, 21.230476953350255], [-104.00439924111893, 21.229731868593603], [-104.00452678143417, 21.228821656069403], [-104.0047670806402, 21.228368272811853], [-104.00512506447225, 21.227916037579668], [-104.00612897594509, 21.227594391687468], [-104.00660061419389, 21.227516130710157], [-104.0074837054813, 21.22748330808784], [-104.00889950939758, 21.227165658470827], [-104.00966625206833, 21.227007401731374], [-104.01031441535203, 21.226930847947575], [-104.01125545410673, 21.226981429026914], [-104.01266456337159, 21.227285131881374], [-104.01307557331363, 21.227371983635777], [-104.01430994156216, 21.227508256013436], [-104.01554520197183, 21.227561668090303], [-104.01607567942857, 21.22748395098527], [-104.01678535207627, 21.227159388499906], [-104.01702605599253, 21.226664560425743], [-104.01721102545534, 21.225879182001023], [-104.01704604969643, 21.224800403573305], [-104.0167005517668, 21.224092746135252], [-104.01606440586744, 21.223050831045832], [-104.0154251557934, 21.22229889370613], [-104.01496109988538, 21.221672943355575], [-104.01473774841791, 21.220552166583253], [-104.01456790105692, 21.219929068745117], [-104.01480548560691, 21.219724223205105], [-104.01539877712959, 21.219274246335615], [-104.01587483025443, 21.218781700896542], [-104.01623631214505, 21.217998033493682], [-104.01630537233304, 21.21704581167464], [-104.01596300562953, 21.216048172734233], [-104.01573743060972, 21.215134525303277], [-104.01544812997439, 21.214675990364096], [-104.01492436918241, 21.214132321352917], [-104.01486908921788, 21.213800344871316], [-104.01523011841408, 21.21305810464735], [-104.01587999625207, 21.212815823861405], [-104.01653431446444, 21.21215928281198], [-104.01695372379137, 21.2114590340212], [-104.01713645089228, 21.210880782476416], [-104.01702321856811, 21.210465385101234], [-104.01649946596478, 21.209921721062663], [-104.01609649925349, 21.2090892153093], [-104.01586604407292, 21.208631251251255], [-104.01605321444174, 21.207638742890495], [-104.01617621610805, 21.207142773571686], [-104.0166535584212, 21.206525946236912], [-104.01748523586654, 21.20578825763815], [-104.01854869360255, 21.205384248055402], [-104.01890170004602, 21.205387662765734], [-104.01990410119367, 21.2051902045364], [-104.02066850491157, 21.205239021827282], [-104.02137496042577, 21.2052044157579], [-104.02178503049493, 21.20537409609796], [-104.0219557797718, 21.205914336519303], [-104.02176643775789, 21.20711398255756], [-104.0216907788371, 21.208687597098233], [-104.02185090588988, 21.210222057986453], [-104.02231451541365, 21.210889415824504], [-104.02260338838181, 21.211389365590044], [-104.02324572800566, 21.211851295277185], [-104.02383056103048, 21.212188377616016], [-104.02418225793794, 21.212316059523562], [-104.02530193322895, 21.21216113143046], [-104.02583455971872, 21.211876251724462], [-104.0270227760738, 21.21081050871605], [-104.0283317343857, 21.209455906704523], [-104.03017503403471, 21.207650695114953], [-104.03137154559623, 21.205797824610105], [-104.03191645339297, 21.20435299594669], [-104.03233620789165, 21.203611278645187], [-104.03263741151754, 21.20295128370532], [-104.03294080991205, 21.202084157889207], [-104.03265103893636, 21.201667076694292], [-104.03182693444866, 21.201700601734263], [-104.03082236932217, 21.202105262377025], [-104.03005533445533, 21.202305047511537], [-104.0294674409641, 21.202257969235607], [-104.02923563181183, 21.20192429984436], [-104.02806602109906, 21.201250172028825], [-104.02712689967284, 21.201033986737812], [-104.02648062104645, 21.20094490619306], [-104.02625235148982, 21.20027982533487], [-104.02625676490557, 21.199865565749008], [-104.02668844577485, 21.198005361485272], [-104.02674948326788, 21.19779879782857], [-104.02740633204702, 21.196893653164448], [-104.02788359431223, 21.196276790277555], [-104.02865588749293, 21.195579901641402], [-104.02918844715991, 21.195295008271668], [-104.0297802756264, 21.194969252226322], [-104.03048756191023, 21.194851753961515], [-104.03089937517433, 21.19485570750054], [-104.03178095294433, 21.19494702810798], [-104.03213261723242, 21.195074692410323], [-104.03277755645942, 21.195288028750802], [-104.03330263954055, 21.19570736532433], [-104.0342369084936, 21.1963792023961], [-104.03481819748743, 21.19704765460813], [-104.03516548138921, 21.197589573751358], [-104.03550750293759, 21.19862860532369], [-104.03573537357336, 21.199335101381447], [-104.03572659967212, 21.200163623105542], [-104.0357204577638, 21.200743588262213], [-104.03565899248194, 21.200991581600274], [-104.03612044562354, 21.201866033932035], [-104.03634656924125, 21.202738233516385], [-104.0369274532691, 21.203448105367418], [-104.03757024479653, 21.203868555296186], [-104.03880751415264, 21.203714659546517], [-104.03946213071153, 21.203016597407906], [-104.03975892576435, 21.202770849716245], [-104.04023134592072, 21.202609638572078], [-104.0410005570179, 21.20220267605355], [-104.04224305288723, 21.20155164053926], [-104.0428366271716, 21.201060134161562], [-104.04349077669004, 21.200403481214305], [-104.04414361135719, 21.199871104055017], [-104.04449922512514, 21.199625907582433], [-104.04520826895708, 21.199342643305403], [-104.04567805730073, 21.199429973535384], [-104.04602930940332, 21.199599035920688], [-104.04625853928498, 21.200181240991064], [-104.04672179636096, 21.20088996181785], [-104.04776773248577, 21.202142813014177], [-104.04893048431983, 21.203479627878554], [-104.04963171144507, 21.20394201800411], [-104.05056958535822, 21.204282358804996], [-104.05127473146659, 21.204371906016338], [-104.05250808836485, 21.20459074605022], [-104.05362594849113, 21.204601331852476], [-104.05380288649394, 21.204561576319715], [-104.05433543428785, 21.204276603356803], [-104.05475594587962, 21.203451973456307], [-104.05477024921322, 21.202084904866737], [-104.05465821650789, 21.20154524957627], [-104.05425895452407, 21.20033998986], [-104.0543878916015, 21.19926401856208], [-104.05439699467004, 21.19839406551501], [-104.05452809555405, 21.19711096203991], [-104.05483698754927, 21.195705248415635], [-104.05501911364588, 21.195168374837557], [-104.05525747012432, 21.194880615429255], [-104.0561433977922, 21.194557545720116], [-104.05632162178878, 21.194393507884456], [-104.05691339117968, 21.19406765437197], [-104.05744329961402, 21.194031228022443], [-104.05832619170877, 21.193998131331735], [-104.05873800625996, 21.19400201695283], [-104.05920692326985, 21.19417216212057], [-104.05961528275996, 21.194507457017824], [-104.05978356894006, 21.195296223157392], [-104.05959800377383, 21.196164513836678], [-104.05988395505227, 21.196954389271262], [-104.06040351071789, 21.197912188066216], [-104.06063236370589, 21.198535802173442], [-104.0610969810845, 21.199120206826425], [-104.0617973653701, 21.199665400177533], [-104.06220574554561, 21.200000689376303], [-104.06285075394777, 21.200213913207666], [-104.06379079250279, 21.20034704875921], [-104.06443838913658, 21.20031170792404], [-104.06550556555943, 21.199534557856484], [-104.06633352884617, 21.199128029366832], [-104.06769656884072, 21.198187920567758], [-104.06829090796698, 21.19761346786786], [-104.06882984586544, 21.19670704907664], [-104.06948601092695, 21.195843157418068], [-104.06966937245612, 21.19518198644929], [-104.06973464097196, 21.194561139372283], [-104.0695663022209, 21.193772381153728], [-104.06921675183914, 21.193437660894784], [-104.06863231052641, 21.1930593073324], [-104.0678756776195, 21.192265031065848], [-104.06729640174177, 21.191389554655196], [-104.06701428854608, 21.190226851327136], [-104.06679014848771, 21.18914755277334], [-104.06674292660601, 21.188028483883897], [-104.06692285054389, 21.18769872780985], [-104.06728140681068, 21.18716349464068], [-104.06757683625831, 21.18704197441275], [-104.06822566283887, 21.18688233711582], [-104.06922616840558, 21.186850284963946], [-104.06981359063545, 21.186938649754374], [-104.07183913048542, 21.187284041364503], [-104.07201323598736, 21.187947875877587], [-104.07218773697375, 21.188487409722114], [-104.07294921161473, 21.18915423662458], [-104.0742407641129, 21.189367981041002], [-104.07518016066646, 21.189497058617945], [-104.07618037987147, 21.18896349247976], [-104.07636511730591, 21.187966703207316], [-104.0764747510531, 21.187435429597134], [-104.07704328582028, 21.187205840816947], [-104.077769972256, 21.18719318642471], [-104.07844409853021, 21.187375660242697], [-104.07964700588394, 21.1886081394441], [-104.08035106996684, 21.18886030152681], [-104.08058524249314, 21.189110089272482], [-104.08040606362475, 21.190062172047675], [-104.08040438558164, 21.190600808584342], [-104.08087170515182, 21.191431852371604], [-104.08280871930793, 21.19287407110272], [-104.08329456049373, 21.19641533188528], [-104.08339556657211, 21.198979383259786], [-104.08478491278669, 21.20245897358462], [-104.08807027295148, 21.203879761449354], [-104.09043947178117, 21.201409605855424], [-104.09069717527589, 21.197937516260716], [-104.09094633924076, 21.195788531687576], [-104.09260359660304, 21.194224780810483], [-104.09578074640632, 21.194156387827558], [-104.09789056008819, 21.195406304347237], [-104.09973967054354, 21.197459711076597], [-104.0997598214498, 21.1974820879116], [-104.10080237114805, 21.200050343358342], [-104.10256775904836, 21.19997551832676], [-104.10434365421139, 21.198246785320705], [-104.10823363223392, 21.1971062665499], [-104.1103613462799, 21.195544414877457], [-104.11073569946812, 21.19215548843214], [-104.11133803238229, 21.18992532073341], [-104.11240677277166, 21.188358775696155], [-104.11499192570271, 21.188866295147772], [-104.1178046314568, 21.190615225014785], [-104.11991045974183, 21.19252643094548], [-104.12213657281721, 21.19402464774777], [-104.12483489133378, 21.195276785781424], [-104.12741867616603, 21.196032205416905], [-104.12825403780168, 21.194133763403467], [-104.12920754080335, 21.1921531262883], [-104.13192781479681, 21.1898492604087], [-104.13546341965481, 21.18887197898661], [-104.13781742608774, 21.18871658796155], [-104.14088035496358, 21.18806797521241], [-104.1433404155816, 21.189814998643644], [-104.14604136088887, 21.190653324759086], [-104.14815808434568, 21.190827585277965], [-104.1506327635168, 21.19017633485495], [-104.15146480367656, 21.188773939321212], [-104.15346883733402, 21.188120686349453], [-104.15535371482814, 21.187715009250347], [-104.15641950477142, 21.18656164782417], [-104.15818769762939, 21.18599006035581], [-104.15996081869645, 21.184591495477495], [-104.16231425182018, 21.18451845592137], [-104.16582844627256, 21.187096453707298], [-104.16887998670124, 21.188349336172948], [-104.17158545488768, 21.1884429936739], [-104.1755884825768, 21.18796294143806], [-104.17900130435753, 21.187811227129092], [-104.1860488033289, 21.189824020314756], [-104.18957262805574, 21.190830308824292], [-104.19368638696551, 21.193066137488064], [-104.19591386866273, 21.1937501744925], [-104.20014440306846, 21.193848742422546], [-104.20379501377172, 21.193283959316325], [-104.2061574889012, 21.19163907522417], [-104.20840039043401, 21.190324493326134], [-104.21052280444013, 21.18950561280908], [-104.2123001470591, 21.18727951594937], [-104.21466938993257, 21.18439405122616], [-104.2156323430944, 21.180510853095335], [-104.21717236297691, 21.178614595634464], [-104.21912107627796, 21.178021360076794], [-104.2182811254965, 21.179251255617856], [-104.21861801343928, 21.18123848407042], [-104.21908086737619, 21.182400773384266], [-104.22119334448638, 21.184408473946995], [-104.22212593225716, 21.185989364302255], [-104.22317842673587, 21.187406351961798], [-104.22518625286109, 21.187925293740523], [-104.22720390029909, 21.187370015128458], [-104.22898629261178, 21.186646733114287], [-104.23053192195528, 21.18592071627066], [-104.23182575694594, 21.186844584224236], [-104.23358935273299, 21.188187019493455], [-104.23476185030556, 21.18944003282343], [-104.23558298519168, 21.190275822216382], [-104.23509747793955, 21.191592494828946], [-104.23520010552018, 21.193329093387767], [-104.23518285412061, 21.19522959814425], [-104.23410091301496, 21.197035275058585], [-104.23396901619176, 21.1985212699077], [-104.23442753702842, 21.200179303554357], [-104.23571701871982, 21.201598928133368], [-104.23736842715307, 21.202278928595586], [-104.23877933592084, 21.20336936176455], [-104.24078370077224, 21.204301278691414], [-104.24219017564077, 21.205887468471673], [-104.24300248896915, 21.20771479229467], [-104.24251176000537, 21.209609898338773], [-104.24190785105694, 21.210925237431407], [-104.24153474410606, 21.212904320217046], [-104.24151292284178, 21.214664728687392], [-104.24409648997239, 21.215048313275272], [-104.24457046226291, 21.215118679866215], [-104.24681660747756, 21.214567136026044], [-104.25001956447522, 21.212949910230005], [-104.25131987875683, 21.212634919475615], [-104.25343163105062, 21.21332533175618], [-104.25625796658795, 21.213444437129777], [-104.25837524976689, 21.21372026901695], [-104.26015228483584, 21.212996713255126], [-104.2611123199873, 21.21168228420881], [-104.26149536704406, 21.209448387240183], [-104.26198962645626, 21.207713416168193], [-104.26260167792854, 21.205979945817276], [-104.26427503600904, 21.204177086162453], [-104.26594397580762, 21.202705825174466], [-104.26761288260941, 21.20123454648249], [-104.26880946563732, 21.199840161654986], [-104.2688291338715, 21.1983478842265], [-104.26884989382187, 21.1967727021978], [-104.27015658139439, 21.19596013440884], [-104.27167811779012, 21.196725732203376], [-104.27423587915473, 21.199328667953885], [-104.27737403356626, 21.202602265585305], [-104.27866333267578, 21.203116104389483], [-104.28219306848771, 21.203492432317464], [-104.28583737792937, 21.204118887485283], [-104.28853063294623, 21.205396627294757], [-104.29240739135439, 21.20627462615531], [-104.29487375846993, 21.20688606459473], [-104.2972341877263, 21.20658403546552], [-104.29876781644975, 21.206437441628857], [-104.30220996735702, 21.20449053833935], [-104.30386996120582, 21.20368213237036], [-104.30598292512889, 21.20428898649381], [-104.30834864895921, 21.203572274609375], [-104.3094174445618, 21.202922267849715], [-104.31107417604326, 21.202362504954145], [-104.31379538921155, 21.201484311024263], [-104.31580869468192, 21.200680185466958], [-104.31677242797933, 21.19903380071606], [-104.31810338395643, 21.19631403148575], [-104.31764390960333, 21.195396215687733], [-104.31754528913714, 21.193902453919414], [-104.31815024677016, 21.192666192497967], [-104.31900142807892, 21.190603800162794], [-104.3195989106266, 21.18994787093775], [-104.32137644303145, 21.18914074727265], [-104.3234022845584, 21.18734165728765], [-104.32577826557818, 21.185795633754257], [-104.3279196788369, 21.18416375600148], [-104.33017777513344, 21.182616210614583], [-104.33209726187256, 21.179903590209484], [-104.33413657291757, 21.17702658579484], [-104.33638711538977, 21.17605929352349], [-104.33793831108962, 21.174502931626105], [-104.34067464353467, 21.172380692693856], [-104.34220683644901, 21.172316599612373], [-104.34479590052794, 21.17251421793819], [-104.3499002380879, 21.169425828708093], [-104.3508822177144, 21.166286913260535], [-104.3519631087302, 21.164641745552228], [-104.35198297274621, 21.163066523111556], [-104.35292306768463, 21.163243850485504], [-104.3545823336441, 21.162434923117374], [-104.35587887644338, 21.162367827534357], [-104.35742138761468, 21.161474528077402], [-104.35838023310343, 21.16015950629883], [-104.35886485709497, 21.159087459983436], [-104.35771320970628, 21.157000442782213], [-104.35736303129927, 21.156747415974458], [-104.35562258965962, 21.154653205349177], [-104.35398534405141, 21.153721107905685], [-104.3530609767517, 21.152300189123924], [-104.35179378916487, 21.15004588157008], [-104.35027647254805, 21.14894937596779], [-104.34922603576285, 21.148190248991884], [-104.34769409258394, 21.1482544123477], [-104.34663214543039, 21.148407241167313], [-104.34546921448661, 21.147232115928144], [-104.34465118697254, 21.146724568261607], [-104.34417490016098, 21.147133322261954], [-104.34230439267948, 21.146032412528193], [-104.34172400216535, 21.145361930108795], [-104.34031930936229, 21.14468131619075], [-104.33927105873865, 21.14375631639271], [-104.33704209481563, 21.1430655378024], [-104.3340528114051, 21.1465942410895], [-104.33192469105818, 21.147231345574706], [-104.33039698333182, 21.146963727774132], [-104.32849589838578, 21.148266946086956], [-104.32754110866173, 21.14925017115938], [-104.31866570804243, 21.143335837474986], [-104.31798363870078, 21.141420224854276], [-104.3172920084222, 21.140250763135832], [-104.31696109848065, 21.138505347873878], [-104.31720724577627, 21.13767921495469], [-104.31757858927628, 21.136274202622083], [-104.31782685670404, 21.135282256371923], [-104.31773144709389, 21.133539767111483], [-104.31751084454243, 21.132376156857728], [-104.31799247191717, 21.13155294758561], [-104.3196664362737, 21.129583669836745], [-104.31980649525707, 21.12784410268339], [-104.31935039681255, 21.12667757116827], [-104.31901523634333, 21.125263781870316], [-104.31692460626607, 21.122998991901508], [-104.31622135738166, 21.122741493062595], [-104.31493473697229, 21.122062139225285], [-104.31283355178452, 21.12062636152294], [-104.31143136171538, 21.119779703766504], [-104.30909049722824, 21.118672571141282], [-104.30685991776261, 21.118147218730012], [-104.30544708358828, 21.118129572082342], [-104.30427079322041, 21.118031951659905], [-104.29898448864188, 21.1170536716365], [-104.3026803636102, 21.113534420127323], [-104.30352162999291, 21.112218233356852], [-104.30543957636668, 21.109588787341288], [-104.30686622992516, 21.108528653352764], [-104.30817513552755, 21.107467037788293], [-104.30960281728832, 21.10632397329808], [-104.31090741663353, 21.10559395990754], [-104.31293008236989, 21.10396076261354], [-104.31169695616256, 21.09913607618451], [-104.31161975548478, 21.09598417221284], [-104.30908866175153, 21.09139205118358], [-104.31274529386862, 21.090857173711246], [-104.31464789308211, 21.089388294475164], [-104.31689508786182, 21.08858703200539], [-104.31784635764342, 21.08785257079859], [-104.31939891978877, 21.086130530150083], [-104.31975948460288, 21.085554566003875], [-104.32158135393978, 21.081182412880466], [-104.32208610728911, 21.078535235579974], [-104.32454416022455, 21.07964363656607], [-104.32734057169581, 21.08191706279123], [-104.33002886044214, 21.08344283034621], [-104.33191326914746, 21.083383165057725], [-104.33307244575617, 21.08480709671722], [-104.33376501173089, 21.08589359123403], [-104.33435989047959, 21.08540340263251], [-104.33517965757298, 21.085745180126285], [-104.33914612621383, 21.088613259540963], [-104.34056919419669, 21.087801548478584], [-104.34386621775162, 21.08775909828142], [-104.34681951992786, 21.086966095366414], [-104.34705494567909, 21.086968978558332], [-104.34663278092903, 21.073779531540072], [-104.34984104146152, 21.071414111542545], [-104.35233466295225, 21.069703263287508], [-104.35410223944743, 21.069559001839057], [-104.35668850515087, 21.069839302612145], [-104.35951329899937, 21.069873706888878], [-104.36048397703186, 21.067563752874083], [-104.36062244361536, 21.065907033003715], [-104.36146188964797, 21.064673438602277], [-104.36254189771962, 21.063028162024693], [-104.36408436362669, 21.062051856692037], [-104.3665735292306, 21.060672420298804], [-104.36809939907398, 21.061022601542273], [-104.37044086749098, 21.062046007394727], [-104.37197192145815, 21.06198161513853], [-104.3742111998736, 21.06175992786978], [-104.37865374758778, 21.064218243655123], [-104.38288464715885, 21.06476672886108], [-104.3857247306028, 21.063557073486287], [-104.38760888413506, 21.06349678286282], [-104.3893855652008, 21.062605977709712], [-104.3917445706178, 21.06221965405694], [-104.39149284150452, 21.063543365534763], [-104.39205885941612, 21.06537439681949], [-104.39298819158661, 21.066380572160675], [-104.3948774771679, 21.065905660421866], [-104.3974759896097, 21.065190440698395], [-104.39888733934221, 21.065290216824184], [-104.40065178365566, 21.065394193451446], [-104.4025258070323, 21.06616282182637], [-104.40429026517347, 21.066266760942852], [-104.40570264455754, 21.06628357229713], [-104.4078191902872, 21.066474584343474], [-104.4091128626957, 21.06657287688162], [-104.41135317872799, 21.066267791731565], [-104.4142784935806, 21.067712126506894], [-104.41991232764688, 21.068871164521344], [-104.42001956908206, 21.069411994172732], [-104.42083853055286, 21.07581084741433], [-104.4210639479763, 21.076312283727813], [-104.42141065464229, 21.07660854950067], [-104.4216994479632, 21.07686234451674], [-104.42216120748186, 21.07728499330504], [-104.42551877585281, 21.079831105547598], [-104.42567539642599, 21.080870288832116], [-104.42595486211998, 21.081621409671225], [-104.42612083002008, 21.082163259637944], [-104.42610214444917, 21.083157925225795], [-104.42614059865792, 21.08423650371307], [-104.42606866508278, 21.084940034094494], [-104.4257627177113, 21.085598022659976], [-104.42568065802361, 21.08684032959275], [-104.42590299279594, 21.087507537075247], [-104.42599547292826, 21.088835805585774], [-104.42603003336886, 21.090121605204224], [-104.42607004490831, 21.091117294142187], [-104.4260497989315, 21.092194847349155], [-104.42573682661913, 21.093225834072115], [-104.42536826416865, 21.094090018081285], [-104.42512333242722, 21.094624695877265], [-104.42481969723787, 21.09515834847226], [-104.42457554085553, 21.095651581006145], [-104.42550308704976, 21.09628964126669], [-104.42622931599118, 21.095141493096776], [-104.42752775797312, 21.09479102351301], [-104.42847009522188, 21.09464162495315], [-104.42900541004389, 21.09427783642836], [-104.42902096804173, 21.0934489489213], [-104.42932847378596, 21.092708066357165], [-104.42969700993606, 21.091843873003516], [-104.43071357502028, 21.09086659646625], [-104.43162127580102, 21.08943138001831], [-104.43235674653236, 21.08778586961641], [-104.43325819923297, 21.086682198742928], [-104.43433340368676, 21.085705920374657], [-104.43952401866807, 21.07816788985922], [-104.44018128524671, 21.0775574350449], [-104.44135518521381, 21.077577817340597], [-104.44234835657, 21.077843803513908], [-104.44340409543116, 21.077903579116935], [-104.4441710002777, 21.077709590993923], [-104.44522596599779, 21.07781079988665], [-104.44651731411201, 21.078113665602768], [-104.44744247636896, 21.07859545687021], [-104.44724861864184, 21.079545633180786], [-104.44705630377375, 21.080412919836423], [-104.44663074608833, 21.081193248559853], [-104.44626156177763, 21.082098927170705], [-104.4447253069179, 21.085762058410012], [-104.44440242105458, 21.087331863040326], [-104.44402314954145, 21.08877631485149], [-104.44364696555448, 21.090054987199238], [-104.44343758975117, 21.091834047902815], [-104.44377431791624, 21.09266904828461], [-104.44422690500569, 21.093588973233917], [-104.44474284053769, 21.094261247642184], [-104.445203945904, 21.094725280082827], [-104.44619259896216, 21.09523991319726], [-104.44683600234124, 21.09537543695112], [-104.4473612298227, 21.095550368916005], [-104.44806411056625, 21.095645460470912], [-104.44881333558413, 21.096404678869746], [-104.44898249159516, 21.09678072945325], [-104.44932312304987, 21.097408496392234], [-104.44983600595812, 21.09824653410535], [-104.45093207112977, 21.099301952077486], [-104.45179873692065, 21.10006318922772], [-104.45225448139293, 21.100817315183015], [-104.45329110645991, 21.10191314760608], [-104.45456719303816, 21.10276436466059], [-104.45597303382131, 21.1029544866669], [-104.45665977838446, 21.10391988043026], [-104.45705993412886, 21.104507201576187], [-104.45781848976863, 21.104769045863346], [-104.45951403650197, 21.10517142916291], [-104.46121266920152, 21.105408017037746], [-104.46209403190198, 21.105381754276106], [-104.46262776919926, 21.105100748478357], [-104.46356245699043, 21.105365602602255], [-104.46460841562036, 21.10596403145185], [-104.46513293417752, 21.10618035410991], [-104.46583280656009, 21.106441152034744], [-104.46653344909379, 21.106660502403113], [-104.46681393448925, 21.10737011450958], [-104.46721567462315, 21.107874523080095], [-104.46784841099215, 21.10859019449458], [-104.47046419031523, 21.110044745476877], [-104.47117252090658, 21.10984962968489], [-104.47171315416303, 21.10919559266421], [-104.47225531481683, 21.10845866424578], [-104.47273416710516, 21.107969394238904], [-104.47309024090126, 21.107768219882885], [-104.47431850259647, 21.108038056070708], [-104.47554753409648, 21.108266438647338], [-104.47642508834186, 21.108447325708042], [-104.4777669550153, 21.10892637523418], [-104.47859115842024, 21.108816130868448], [-104.47952437159408, 21.10916378762252], [-104.48035239441462, 21.108846310501068], [-104.48111254252363, 21.109025162067663], [-104.48222417752154, 21.10925148571288], [-104.48327710787531, 21.10947679746689], [-104.48485765353472, 21.10975258562004], [-104.48596472641066, 21.110227554284346], [-104.48753919062806, 21.110834876882844], [-104.48773207676888, 21.10992609837966], [-104.4887483964884, 21.10894847054818], [-104.4896434812816, 21.108176056074683], [-104.49042266394598, 21.107318742378077], [-104.49054844969618, 21.106864852190903], [-104.49133066327444, 21.105841754079613], [-104.492459781906, 21.10511477603974], [-104.49954356903649, 21.106313375743596], [-104.50112411486072, 21.10658901228373], [-104.50270087877351, 21.107071859590935], [-104.50375837158224, 21.1070483740126], [-104.50534196136087, 21.107158191131212], [-104.50674035286478, 21.107762345389357], [-104.50773536151179, 21.10794506413926], [-104.50866108105224, 21.108707013060176], [-104.51030491238423, 21.108734889814215], [-104.51210523890572, 21.109843308956474], [-104.51350443858402, 21.110405963093573], [-104.51396882879214, 21.11070403240206], [-104.5140802110135, 21.111037581858078], [-104.51390332875286, 21.111076044862994], [-104.51366698252448, 21.111154958690317], [-104.51313482523628, 21.111353236156912], [-104.51272084029112, 21.111512055804443], [-104.51195308753435, 21.11174779649072], [-104.51136146113338, 21.111986518655737], [-104.51088876299697, 21.112144338762413], [-104.5105312167511, 21.112428483481548], [-104.51034602088932, 21.112922839114887], [-104.51033922082784, 21.113295845231224], [-104.51033393185337, 21.11358596108747], [-104.51050175164467, 21.11404484336096], [-104.51072828299368, 21.114504720684664], [-104.51066277302793, 21.114876731537887], [-104.50731538730281, 21.124521103727613], [-104.54369966321589, 21.129446309464416], [-104.54404897908243, 21.129617993966505], [-104.54451349107872, 21.12991598115007], [-104.54485907818977, 21.13029489086259], [-104.5452656226182, 21.130550447139427], [-104.54596724747732, 21.13072802757173], [-104.5468487546888, 21.130701326735704], [-104.54778227089292, 21.131048612376023], [-104.54871877194877, 21.13123011132381], [-104.54947614256282, 21.131574441127807], [-104.5500566181216, 21.1319572679572], [-104.55057837855301, 21.132339111307473], [-104.55151861308788, 21.132313367856057], [-104.55222471901949, 21.13224225004983], [-104.55299623773577, 21.131799101040297], [-104.55387775076699, 21.131772363719502], [-104.55499339202356, 21.131790987434645], [-104.55592842109287, 21.132055337671222], [-104.55715778738295, 21.13228313385482], [-104.5587974434237, 21.13255921798624], [-104.56013312628573, 21.133410632478725], [-104.56088311775947, 21.13416936684851], [-104.56157365599076, 21.1349685657344], [-104.56238831302612, 21.135396707257524], [-104.56326243557446, 21.13578437658029], [-104.56383629506328, 21.136540166547533], [-104.56493568013761, 21.137470526856795], [-104.56614733806465, 21.13869295126465], [-104.56647375435311, 21.140149401457144], [-104.56658971673123, 21.14023424462496], [-104.56694056520156, 21.140322991553788], [-104.567117469768, 21.14028447369053], [-104.56729585431435, 21.140163064578807], [-104.5675270402112, 21.140374195259007], [-104.56781546858338, 21.140669192324022], [-104.56786753129796, 21.141043177728616], [-104.56791959425586, 21.141417163105217], [-104.56779771094065, 21.141663885064276], [-104.56791219549436, 21.14183161840092], [-104.5683834518232, 21.141756531421674], [-104.5689736309748, 21.141600502531897], [-104.56962253089685, 21.141445446568017], [-104.57021270759685, 21.141289413310474], [-104.57080066588958, 21.141257714646134], [-104.57162129508227, 21.141354247999946], [-104.5723780329628, 21.14173992235717], [-104.5729057936224, 21.141790133497377], [-104.5734365080414, 21.141674560681757], [-104.57507925182632, 21.141784706818935], [-104.57584559090166, 21.141631573087345], [-104.57625959603399, 21.141472600049003], [-104.576674337737, 21.14127218036977], [-104.57709129029647, 21.140947422803297], [-104.57744362155242, 21.140953256861867], [-104.57809029933689, 21.140922505107646], [-104.57909372871787, 21.140648907701273], [-104.57986300432262, 21.14032997303778], [-104.58057355513873, 21.140010063631845], [-104.58104921722807, 21.139686267248816], [-104.58146468378395, 21.13944438994251], [-104.58176270650948, 21.13920057008144], [-104.58253270488267, 21.138840177343642], [-104.58294816671544, 21.1385982962944], [-104.58342381920876, 21.138274493027026], [-104.58384221968825, 21.137866826958206], [-104.58426061787759, 21.13745915979824], [-104.5846210285254, 21.137009076084922], [-104.58480380598925, 21.136638973945253], [-104.58528900309882, 21.135776370937297], [-104.58559289144132, 21.13520097825407], [-104.5857778687342, 21.134706537735692], [-104.58596431433934, 21.134129205507275], [-104.58621168166417, 21.133428505011477], [-104.58639591995801, 21.132975509383552], [-104.5867020018335, 21.132275777124605], [-104.58688476815078, 21.131905672352282], [-104.58718864221994, 21.13133027631258], [-104.5874903109389, 21.130879216929657], [-104.58790647673659, 21.130595877230327], [-104.58838209286554, 21.13027205913576], [-104.58879825529353, 21.129988717169788], [-104.5895072704292, 21.129751660326217], [-104.59009811469026, 21.12955411065653], [-104.59080712578117, 21.129317048292936], [-104.59151833422933, 21.128955645505524], [-104.59181851885947, 21.128587469613], [-104.59211943501289, 21.128177847334786], [-104.59236089967925, 21.12780870327611], [-104.59266034704153, 21.127481971591923], [-104.59278291033065, 21.127193784628552], [-104.59296638797875, 21.1267822268986], [-104.59332528096921, 21.126415014912617], [-104.59373995824818, 21.126214552023793], [-104.5943300506987, 21.12605843303592], [-104.59492160636981, 21.12581942026982], [-104.5955733402905, 21.12549847959807], [-104.59605038748863, 21.125091747524763], [-104.5962323898241, 21.12476307770207], [-104.59671162796397, 21.124232006050498], [-104.60193802997973, 21.12914704319576], [-104.60256742540119, 21.129738909296805], [-104.60514698729642, 21.132164586567914], [-104.60578195503884, 21.132796862885968], [-104.60606534163351, 21.133381917433564], [-104.60629292744315, 21.13380022563456], [-104.60646398217087, 21.13409323362926], [-104.60663139235493, 21.134593470998823], [-104.60674227073766, 21.134968408388197], [-104.609247403883, 21.147663716874987], [-104.60938502978551, 21.148361104744342], [-104.6094400338114, 21.149327271115602], [-104.60956457446274, 21.151514834828696], [-104.61133573339129, 21.15474166731397], [-104.61633870106311, 21.16385560869242], [-104.6168723691049, 21.163574117293486], [-104.6181676673788, 21.16384570355859], [-104.61894792991363, 21.163987996994894], [-104.61928475514064, 21.164049420896255], [-104.61942210561736, 21.164074468223813], [-104.61984971070838, 21.164239946160002], [-104.62090911258004, 21.16459611193223], [-104.62215645980146, 21.165118482478956], [-104.62275865115969, 21.16532428300495], [-104.62301873823529, 21.165239338312563], [-104.6230812470419, 21.165258113527447], [-104.62319421224386, 21.165257322866267], [-104.62327558813836, 21.16525155220686], [-104.6233228676039, 21.165273384181873], [-104.62334668145624, 21.165319601586784], [-104.623371639942, 21.165374599923407], [-104.62340737277198, 21.165468043445046], [-104.62343712184968, 21.16554447400778], [-104.62345558290339, 21.165621415447607], [-104.62348087722381, 21.165758540812796], [-104.62359926838421, 21.165717602186497], [-104.62377817997219, 21.165653528887493], [-104.6241054018117, 21.166299553673255], [-104.62435736536912, 21.16679699396165], [-104.62470835542796, 21.167385444328715], [-104.62483412880869, 21.167352210531607], [-104.6248959588534, 21.16733644888229], [-104.62495205980859, 21.167316625603323], [-104.62501944892668, 21.16729629132125], [-104.62508136392032, 21.16728484670032], [-104.62513771980944, 21.167277974649906], [-104.62518868658462, 21.167284310222783], [-104.62527873700554, 21.1672672700869], [-104.62528763291655, 21.167158450225216], [-104.62535648065138, 21.167168112692668], [-104.62541650383136, 21.167170768915657], [-104.62585437020905, 21.16716447534821], [-104.62597410587402, 21.167140909795705], [-104.62898132306799, 21.166549020423723], [-104.63005283311759, 21.16722016367332], [-104.63041315573618, 21.167888646074186], [-104.63101379934858, 21.169058213295603], [-104.63161415521893, 21.170061483561458], [-104.63293266778774, 21.170988200764604], [-104.63365156409346, 21.17132738379716], [-104.63473186809469, 21.172917068884793], [-104.63533286670399, 21.174252915638057], [-104.63665159093036, 21.17526275165133], [-104.63713122791923, 21.175682874204178], [-104.63797048514975, 21.176355724903388], [-104.63893069172828, 21.177694845568517], [-104.63917028798035, 21.17778018275479], [-104.64037026705856, 21.179287779555004], [-104.64096949726496, 21.179625837932512], [-104.64144946841286, 21.18021224314065], [-104.6415710403988, 21.181211104739123], [-104.64181233937444, 21.182211059197186], [-104.64348849619265, 21.18222635287918]]]}}, {"type": "Feature", "properties": {"id": 16, "entidad": 18, "distrito_l": 16}, "geometry": {"type": "Polygon", "coordinates": [[[-105.30597285059996, 20.711972650107192], [-105.30862314218207, 20.71772364869712], [-105.30906051204784, 20.718820788908584], [-105.31051146415783, 20.7214506316473], [-105.31290272449223, 20.72419504541667], [-105.31494310242806, 20.726844468459475], [-105.31743670400887, 20.73009185997312], [-105.31950076188791, 20.731992542616677], [-105.32248952495415, 20.734506852514677], [-105.32328587227846, 20.735449331314605], [-105.32637697728511, 20.738466609613035], [-105.32665568081391, 20.741954916115176], [-105.32784569516777, 20.744670663189922], [-105.32797349969415, 20.744962321123637], [-105.33175806323652, 20.748557086049804], [-105.3352786729731, 20.751313452121067], [-105.33806259359297, 20.75298565377753], [-105.34042768746984, 20.75500403835004], [-105.34368530572196, 20.75731666299707], [-105.34604885681144, 20.758594830399097], [-105.34814924671424, 20.75947875659562], [-105.35082603206021, 20.760065425126406], [-105.35297824159403, 20.760653129919405], [-105.35607428101346, 20.761041483972335], [-105.35864678477381, 20.761874958969283], [-105.36083902350195, 20.76174197158038], [-105.3618374793038, 20.76073967301199], [-105.36345960791567, 20.758971192618347], [-105.36426713462332, 20.756616072775984], [-105.36458318450208, 20.75438732444474], [-105.36472436849441, 20.753642529025043], [-105.36485778462914, 20.75314729480903], [-105.36510908216654, 20.75265594879197], [-105.36559614185212, 20.75217237846417], [-105.36619849185541, 20.751775881498325], [-105.3669213076902, 20.751300082391143], [-105.3676389443624, 20.750990654606692], [-105.3682361103348, 20.75076052491152], [-105.3691972622678, 20.75020930133989], [-105.36952165941725, 20.750277140133328], [-105.36988937582494, 20.750642969010933], [-105.37032768537405, 20.751752667069066], [-105.37036383464729, 20.75247504532863], [-105.3705150921281, 20.753391268118285], [-105.3705512690844, 20.7541244290496], [-105.37099992646003, 20.75477043674909], [-105.37166589661146, 20.7552110979128], [-105.37228591028862, 20.75560872428045], [-105.37280241018529, 20.75586639492916], [-105.37343304587947, 20.75591894059002], [-105.37408642370433, 20.75589595400285], [-105.37434990293889, 20.755819899940523], [-105.37496817123234, 20.755505847664793], [-105.3752770516343, 20.755246383525897], [-105.37568905034843, 20.75496512765465], [-105.37602098892638, 20.754759526390295], [-105.37663842159238, 20.754111199512796], [-105.37772507630632, 20.7531491353921], [-105.37885722175916, 20.75204678627612], [-105.38016097717826, 20.75081465535112], [-105.38048124851736, 20.750533590933955], [-105.38077861913614, 20.750263359568958], [-105.38100712821733, 20.74996093155372], [-105.38123531212592, 20.749529108912384], [-105.38142888894635, 20.7490110993757], [-105.38167999654247, 20.74857922527503], [-105.38167837342367, 20.7479322535788], [-105.38150512924844, 20.74741505778351], [-105.38155000795231, 20.747026772970724], [-105.3818037942964, 20.746838605629506], [-105.38188190626539, 20.74682148882431], [-105.38202548468023, 20.746747679262427], [-105.38222451845029, 20.746680965983693], [-105.38241396879359, 20.746495086365346], [-105.38251015882628, 20.746302695164054], [-105.38265791764847, 20.74602200879726], [-105.38273701571097, 20.745758293282936], [-105.38284377483595, 20.745438469660176], [-105.38289257595156, 20.745127497100636], [-105.3829495766007, 20.744824351927953], [-105.38305258077007, 20.744528449127326], [-105.38316003038562, 20.74426429463471], [-105.38327567932886, 20.744007967467205], [-105.38338701485273, 20.743839204208665], [-105.3835147495073, 20.743686095645717], [-105.38394171936302, 20.7434885836012], [-105.38410488781487, 20.74347014908108], [-105.38427500471543, 20.743467515419376], [-105.38447153076255, 20.74341674692839], [-105.38469558309153, 20.743190557503617], [-105.38481636735233, 20.743021646995505], [-105.3849673137894, 20.74278068065469], [-105.38508365124324, 20.742580021633163], [-105.38523140178584, 20.742299333064718], [-105.38534398505942, 20.74212259488623], [-105.3854451732958, 20.741898307350915], [-105.3855237061545, 20.74169823355458], [-105.38558277887346, 20.74156209551847], [-105.38568910553457, 20.741425225493256], [-105.38576401911081, 20.741368384976063], [-105.38589119113111, 20.741278917692632], [-105.38603120189639, 20.741175566749043], [-105.38623240095569, 20.741027048350098], [-105.3864383739528, 20.740976131232298], [-105.38663433815978, 20.740989003334864], [-105.38676928667316, 20.74109031801696], [-105.38691869043001, 20.741159591388303], [-105.38704543954758, 20.74125307862384], [-105.38721749834657, 20.741298137733565], [-105.38737440877873, 20.74131956858201], [-105.38757093096777, 20.74126879659644], [-105.38781846004572, 20.74119337076535], [-105.38798468483719, 20.741095342212073], [-105.38820122251684, 20.740916990445317], [-105.3883655019264, 20.74077126590247], [-105.3885606352383, 20.74060915416074], [-105.38882623317508, 20.740358452142715], [-105.38895020656378, 20.740229260706236], [-105.38907336653165, 20.739835387185902], [-105.39094361207616, 20.7338539655688], [-105.39155354511924, 20.73320781868064], [-105.39227361893992, 20.732815102073467], [-105.3929885423932, 20.732588757490905], [-105.39380589342511, 20.73286540386005], [-105.39428765306681, 20.732548128565707], [-105.39465411626973, 20.732143796200393], [-105.39536903287053, 20.731917441815547], [-105.39573549167253, 20.731513107187993], [-105.39645554645365, 20.731120373302822], [-105.39704487641066, 20.731139707536524], [-105.39767790913217, 20.7297448514603], [-105.39851067457715, 20.729522350404384], [-105.39959458482022, 20.72880844994923], [-105.40064251757614, 20.729259168909252], [-105.40136511747974, 20.728783227180905], [-105.40194416514926, 20.729135295085545], [-105.4025103750632, 20.729903298896787], [-105.40322783662047, 20.729593724582738], [-105.40473697870875, 20.73039261763463], [-105.40591820037905, 20.730348039812743], [-105.40781430975788, 20.73007704819077], [-105.40971041200396, 20.72980603577695], [-105.41113248400636, 20.729602762822473], [-105.41184736297538, 20.729376340500465], [-105.41614178826696, 20.731681855435607], [-105.41961382159673, 20.73387711673111], [-105.42216600975435, 20.735292824536273], [-105.42483611555966, 20.73671234098157], [-105.42784966887211, 20.73847610209317], [-105.43040966787133, 20.739642121339593], [-105.43342844502982, 20.741239406755458], [-105.43647023127004, 20.742087948908967], [-105.4392839433283, 20.74267919869791], [-105.44224356326069, 20.742359173122864], [-105.44413974926863, 20.74208777998181], [-105.44541347278272, 20.74287864056347], [-105.44693822533759, 20.743178029937894], [-105.44868856431076, 20.743817818743935], [-105.44973928307954, 20.744185045783855], [-105.45113855475738, 20.74473013014875], [-105.45183819428226, 20.745002667979154], [-105.45240471328458, 20.7457705006735], [-105.45358603371815, 20.74572559371294], [-105.45451381919088, 20.746255338709155], [-105.4553465859471, 20.746032562776904], [-105.45614380631287, 20.746974410782435], [-105.45756343043371, 20.746853940285394], [-105.45849631142109, 20.747217287941687], [-105.45886617423605, 20.746657719641576], [-105.45939717670724, 20.746121505340035], [-105.46040013466428, 20.7466961519751], [-105.46050279463554, 20.747199101258225], [-105.46154342029246, 20.747899005881784], [-105.46271714741374, 20.748103599058677], [-105.46305050650737, 20.748780564572666], [-105.46811430484321, 20.74911117382484], [-105.46883424909217, 20.74871813956372], [-105.46929058090608, 20.74923253402834], [-105.47094597489622, 20.74911958638693], [-105.47489673015902, 20.74724895410711], [-105.47514513126934, 20.74684064106764], [-105.47584734957032, 20.74702989236155], [-105.47641146803431, 20.747880831108642], [-105.47688551511925, 20.74781289058342], [-105.47710105563824, 20.748486015996427], [-105.47779822979554, 20.748841634632484], [-105.47862844753156, 20.74870193415554], [-105.48004806591968, 20.748581278063263], [-105.48110646504092, 20.748698747818423], [-105.4819190052695, 20.74914134601391], [-105.4822524513752, 20.749818272519715], [-105.48235518563982, 20.75032120713893], [-105.48338583473267, 20.75135372800899], [-105.48442406807843, 20.75213667897723], [-105.48571321610568, 20.752428107952998], [-105.48605929908011, 20.75268908749181], [-105.48663106225102, 20.753290427319932], [-105.48826631329683, 20.753842814360844], [-105.48884061047373, 20.754360958736417], [-105.48964060018096, 20.7552194578831], [-105.49044059894594, 20.756077953040695], [-105.50031258832716, 20.761308927808937], [-105.50185522118436, 20.76102550962147], [-105.5038853500808, 20.76490988010988], [-105.50511682397457, 20.767727661293964], [-105.50706738146731, 20.769602845823925], [-105.50968408834231, 20.77131928760157], [-105.51290505616747, 20.77099621242427], [-105.51501373131714, 20.770310679326247], [-105.51656704944092, 20.769679039462584], [-105.51772829148422, 20.76810810373663], [-105.51941860981816, 20.765586758043167], [-105.52169363980693, 20.764493975700343], [-105.52312837654993, 20.763873835026967], [-105.5239861491503, 20.762818849140572], [-105.52509219805908, 20.761355476830712], [-105.52821234842946, 20.759623553901545], [-105.52931083691091, 20.75840971882156], [-105.53053469009606, 20.756950088009383], [-105.53115160362952, 20.75605389364901], [-105.53142734040061, 20.75473043564829], [-105.53181845983671, 20.753493938928326], [-105.53268110828891, 20.75227253509618], [-105.5343689231007, 20.75107753412922], [-105.53496582480739, 20.750846830040533], [-105.53530200403529, 20.751440460568144], [-105.53573361163821, 20.752786553014637], [-105.53652886257711, 20.753811204538238], [-105.53768027606456, 20.754763973924245], [-105.53824725933688, 20.75553151327785], [-105.5386988551367, 20.756212093603523], [-105.5385335860619, 20.757788894630828], [-105.53857915477658, 20.760205112429116], [-105.53911624151728, 20.76197090214607], [-105.53966830048014, 20.763237562474412], [-105.53986419573687, 20.764576104400657], [-105.539237327199, 20.76580508008647], [-105.53865783058899, 20.76545348499837], [-105.53545782960192, 20.76984760568083], [-105.53579405457556, 20.770441232979856], [-105.53636358395418, 20.77112558832587], [-105.53646651252713, 20.77162848530913], [-105.53598992667365, 20.7717797787494], [-105.53565369785336, 20.771186152007164], [-105.53543037863925, 20.770762671169678], [-105.53460259555628, 20.770819459356275], [-105.5336444308819, 20.77128841010545], [-105.53242549042332, 20.772581687010963], [-105.5319189276168, 20.773731222197604], [-105.53177355404502, 20.77464251369753], [-105.53245099476611, 20.775663406041133], [-105.53184649990939, 20.77614366605622], [-105.53113409022993, 20.77628739928572], [-105.53074291106273, 20.77752389256875], [-105.53108163352042, 20.778034340912424], [-105.53081085262008, 20.77919142040886], [-105.53034922739198, 20.778843572600035], [-105.52974471329831, 20.779323825456597], [-105.52914519341375, 20.779637700905965], [-105.52889688762424, 20.780046088572227], [-105.52863358470833, 20.78095360182951], [-105.52896481073383, 20.781713617067208], [-105.52836527985714, 20.782027489944227], [-105.52822237770162, 20.782855590554238], [-105.52761784103795, 20.783335836187447], [-105.52677748406335, 20.7838085262986], [-105.52251276891232, 20.78433800961466], [-105.52045323977308, 20.78610386953919], [-105.51967795499706, 20.784413647987208], [-105.51887513663912, 20.78363848589793], [-105.51249800755838, 20.78207400030917], [-105.50927505220618, 20.78187459781652], [-105.50805229457592, 20.781721476137207], [-105.50782535353248, 20.780311451799925], [-105.50826682508392, 20.779421929806723], [-105.50860425231076, 20.777379143432878], [-105.50811557624331, 20.776465003555582], [-105.50778446566034, 20.77570494520521], [-105.50696919799712, 20.775345662714567], [-105.50591310825388, 20.77514516912718], [-105.50472907046353, 20.775273627468025], [-105.5035450304837, 20.775402077685115], [-105.50199722803401, 20.775851888731193], [-105.50069527889056, 20.775976525427], [-105.50010325441517, 20.7760407377316], [-105.5013976620564, 20.776165668349208], [-105.50246380814866, 20.776033439186936], [-105.50353246528027, 20.775818015817837], [-105.50483692257279, 20.775610170056378], [-105.50541135892131, 20.776128254921776], [-105.50611877147962, 20.77615100315915], [-105.50693655277499, 20.776427101975674], [-105.50728021580747, 20.776771223820365], [-105.50738054185331, 20.777357327482886], [-105.50666810094219, 20.7775009598064], [-105.50595314689306, 20.777727776814945], [-105.50499484690863, 20.77819657013829], [-105.50416952121941, 20.77817002507357], [-105.50321875242837, 20.778389245794518], [-105.498374294371, 20.78248002330657], [-105.49670346297184, 20.783092366776444], [-105.49538382387414, 20.78379927724646], [-105.49418208082076, 20.784509976999697], [-105.49259888956318, 20.786124330544222], [-105.49124896681587, 20.787829459808922], [-105.48976597772261, 20.790029901295032], [-105.48829555339938, 20.791814393169552], [-105.48620272336596, 20.79466128728585], [-105.48483499022005, 20.796948679020005], [-105.48369295996986, 20.799576421879323], [-105.48246074073269, 20.801285289804767], [-105.48142898563847, 20.804166386514805], [-105.48033231064777, 20.80529673610698], [-105.4796946897055, 20.806858250958282], [-105.47978482730832, 20.807777119386827], [-105.47880351488331, 20.808994455388234], [-105.4773925764885, 20.812695971240636], [-105.47772614843576, 20.81337289921173], [-105.4773394977803, 20.814442901892235], [-105.47430521526135, 20.81717598161756], [-105.47342908491215, 20.81881303548089], [-105.47340378738302, 20.819644906526104], [-105.47267087216132, 20.820453898387473], [-105.47206347752663, 20.821017139826232], [-105.47179976710781, 20.821924569833854], [-105.4713229558074, 20.822075687303396], [-105.47117211541446, 20.823153304756236], [-105.47067504941667, 20.823969916957825], [-105.46958828023459, 20.82476745133821], [-105.47038854293184, 20.82562602809295], [-105.46977099217435, 20.82652200975353], [-105.46940197744327, 20.82700968549528], [-105.46854853131133, 20.82789803153353], [-105.46829745170577, 20.828389521062036], [-105.46790563234093, 20.829625876586267], [-105.46728805090922, 20.83052184947244], [-105.46665526109551, 20.831916941932334], [-105.46626088598681, 20.83323648056401], [-105.46596671396965, 20.835142144556393], [-105.4652134104486, 20.836616600612235], [-105.46468331908675, 20.838514625284883], [-105.46371943601807, 20.83914956848794], [-105.463806965233, 20.840151630215004], [-105.46363577412293, 20.84189473496234], [-105.46395160683073, 20.84315399524897], [-105.46344936740957, 20.844136960240817], [-105.4636472480663, 20.845392401260835], [-105.46312978630908, 20.846874486099924], [-105.46262499384184, 20.847940635376755], [-105.46199716365795, 20.849169336414423], [-105.4615025016541, 20.849902735306188], [-105.46077191562374, 20.85062849062572], [-105.45968490457504, 20.851425964296485], [-105.45932594854669, 20.85158087169896], [-105.45881350020673, 20.8528965701493], [-105.45819069565667, 20.853958884040562], [-105.4574499194445, 20.855017372346744], [-105.45705286876957, 20.85642007554196], [-105.45636401575062, 20.859645236260036], [-105.45622573390501, 20.860306905319334], [-105.4566518974741, 20.86181956078136], [-105.45576262778646, 20.863872457342268], [-105.45503956789351, 20.864348628950495], [-105.45534776043026, 20.86585746202305], [-105.45520438899729, 20.86668550312777], [-105.45482253037183, 20.867589080760823], [-105.45491510152152, 20.86842477138503], [-105.45455356003988, 20.868662855871953], [-105.45381014736704, 20.869804514964187], [-105.45389763305009, 20.87080657906705], [-105.45269246609695, 20.87160018416871], [-105.45036513045685, 20.87288950983194], [-105.44931671857717, 20.873671917363538], [-105.44843204310885, 20.873726215114782], [-105.44842957565642, 20.872894593657573], [-105.44759743530652, 20.872013167750087], [-105.44687682855657, 20.87144330690051], [-105.44560444448669, 20.871290694897297], [-105.44433328512224, 20.87155388444036], [-105.43952541155295, 20.87270979162675], [-105.43659667967782, 20.873496942103923], [-105.4346630567926, 20.874177563962977], [-105.43339364122919, 20.875064390149284], [-105.43212187642436, 20.87617773653131], [-105.43126793612696, 20.87706590066576], [-105.42871116445801, 20.879563995160083], [-105.42697508361739, 20.882255335260965], [-105.42609296147715, 20.884058523176726], [-105.42556989173772, 20.885706869233676], [-105.42458508727587, 20.887007086868703], [-105.42323351137436, 20.888711690801387], [-105.42173321193019, 20.891410670909078], [-105.42194360932693, 20.892250227486098], [-105.42191802444262, 20.893082089116625], [-105.42165645337604, 20.893906255763582], [-105.42130247442635, 20.893894712796254], [-105.42108951915742, 20.893138341724022], [-105.42013278283905, 20.893523486364654], [-105.41940434782349, 20.894165882454274], [-105.41841687537519, 20.895549251251914], [-105.41751369107809, 20.897343109649018], [-105.41651345283404, 20.901184242367762], [-105.41627491755624, 20.90149310903294], [-105.41480137185113, 20.90340108999209], [-105.41375500348141, 20.905044121725048], [-105.41226854399237, 20.907256117618225], [-105.41222752116217, 20.908587093041838], [-105.41243020016249, 20.90967621797213], [-105.41229168366286, 20.910337851795234], [-105.41168114104886, 20.91098406935509], [-105.41166319118115, 20.91156637085782], [-105.41081149710772, 20.91237124864935], [-105.41078584951906, 20.913203107745076], [-105.40909781887756, 20.914313735264628], [-105.40907216170194, 20.9151455940759], [-105.40787410268798, 20.915689331659443], [-105.40699669638799, 20.917326049194156], [-105.40622701440739, 20.919299363578617], [-105.40583446337332, 20.92053557684756], [-105.40468612217896, 20.922394915488223], [-105.40420268596854, 20.923646474300398], [-105.40343807426086, 20.925453404267344], [-105.40268115257408, 20.927010773550094], [-105.40241171201443, 20.928084467517333], [-105.40095949425253, 20.929202736950046], [-105.40049512452235, 20.928937733755355], [-105.39943551451721, 20.928819789551667], [-105.39810900377192, 20.929692340398578], [-105.39666445619653, 20.930561016818054], [-105.39535078095973, 20.93101761824986], [-105.39442205099076, 20.930487580025705], [-105.39347788087319, 20.930456650448267], [-105.39262340824283, 20.93134462468187], [-105.39234358821024, 20.93275104576371], [-105.39207921465174, 20.93365835266592], [-105.39100412204952, 20.93403947024943], [-105.39030628289406, 20.93368351730419], [-105.38973162351651, 20.933165059389353], [-105.38805610041425, 20.933859554412543], [-105.38730413363638, 20.935250486054137], [-105.38751698358028, 20.936006897307017], [-105.3861877611004, 20.936962542415998], [-105.38555636814989, 20.938274152265684], [-105.38526873307245, 20.939930118341547], [-105.38441931762526, 20.940651681127513], [-105.38285655529927, 20.941516369763264], [-105.3816581904296, 20.942059926522774], [-105.38071394910865, 20.942028927465127], [-105.37990323038326, 20.941502686348805], [-105.37920279936989, 20.94122987389465], [-105.37847912561628, 20.94170572744365], [-105.37753230353154, 20.941757896175083], [-105.37138766558108, 20.949383346122413], [-105.37019954561671, 20.94959408219786], [-105.36936035462875, 20.94998282990273], [-105.36874170273886, 20.950878452144433], [-105.3682462582542, 20.951611585387024], [-105.36775857544943, 20.952095161421134], [-105.36741222892336, 20.951833953112473], [-105.36742776294449, 20.951334841534482], [-105.36445610781234, 20.951903190609013], [-105.36321109710381, 20.952119678156095], [-105.36150699730028, 20.95316548609495], [-105.36071850137424, 20.952937447591268], [-105.3597951927453, 20.95314358250975], [-105.35881772291502, 20.95342639570232], [-105.35751559614619, 20.954296915457718], [-105.35599723413739, 20.955652815741686], [-105.35469687647769, 20.957289003415195], [-105.35241998714167, 20.95964184880612], [-105.35195699311245, 20.959183389839108], [-105.35152159086817, 20.958903533859026], [-105.35097613475402, 20.958036871963113], [-105.35002418434593, 20.957630458854645], [-105.3499144898886, 20.957196791169302], [-105.34953237252944, 20.956457404636243], [-105.34917808143612, 20.955998714399836], [-105.34866153527585, 20.955872155631642], [-105.34861870116148, 20.95586572070789], [-105.34765585235803, 20.955721069956386], [-105.34762691260667, 20.95495543544961], [-105.34557793646891, 20.953058126625983], [-105.34388669874666, 20.951590192245234], [-105.32857268343517, 20.931898582221194], [-105.36677500106892, 20.873621638442543], [-105.36210501291856, 20.867582956788734], [-105.3490671591329, 20.85072063868162], [-105.33569232217792, 20.8587925693879], [-105.3137901288585, 20.872006793283077], [-105.31089401144173, 20.870522893501143], [-105.30923714950579, 20.870634310750177], [-105.30949405562264, 20.869976682610968], [-105.31005502474162, 20.867164072561447], [-105.31065011653908, 20.867017324671085], [-105.31035907946892, 20.86500909558667], [-105.31109046643391, 20.864283971436162], [-105.31077061506672, 20.863190784909055], [-105.31070503813581, 20.861523146988027], [-105.30975448269619, 20.86171354488883], [-105.30963548299, 20.861737380331302], [-105.30669157122563, 20.861472853075192], [-105.30608600896181, 20.861952329261683], [-105.30484870200908, 20.859995850365962], [-105.30353281531013, 20.856787647718114], [-105.3025917409254, 20.856673023256523], [-105.30252363402174, 20.85508856582559], [-105.30205441439767, 20.85498965874019], [-105.300547173671, 20.854106698552982], [-105.30023004596185, 20.85293030414971], [-105.29969801039267, 20.85108055889039], [-105.29691431066378, 20.849488821492017], [-105.29763780924381, 20.8490133102184], [-105.29694846110525, 20.8484074072465], [-105.2961411633061, 20.8477975671427], [-105.2959867047058, 20.845210941036832], [-105.29694346465938, 20.84482648819646], [-105.2974362893142, 20.844176738268633], [-105.29639573583046, 20.843475844548752], [-105.29640624459081, 20.843143101989607], [-105.29714284863721, 20.842251664499376], [-105.29751771383044, 20.841597980179934], [-105.29659775471585, 20.840817835227405], [-105.29544716221805, 20.83986344373769], [-105.29502529684454, 20.83826717278424], [-105.29428639734287, 20.835494491798656], [-105.2945485697732, 20.834670505995483], [-105.2941004455201, 20.83390608924574], [-105.2921558700347, 20.8319258888069], [-105.29173406248121, 20.830329607975806], [-105.29155340397182, 20.828574829553496], [-105.29171341809037, 20.82724779406476], [-105.29078305617156, 20.82680035898843], [-105.28902450024215, 20.82640852820309], [-105.28717170397833, 20.825264065868804], [-105.28673680673276, 20.82408369985307], [-105.28725329747058, 20.82268530540398], [-105.2880056475917, 20.821294790486284], [-105.28815252857117, 20.820383685995957], [-105.28673995703346, 20.820253209524296], [-105.2863993186806, 20.81982545563427], [-105.28677154410705, 20.819254979087987], [-105.28691843070413, 20.818343875374236], [-105.28585177678323, 20.818474772160062], [-105.2843528955354, 20.81734210265599], [-105.28390750856161, 20.81649447139147], [-105.28452086260938, 20.81576551435494], [-105.28547746756689, 20.81538112603963], [-105.285503796587, 20.81454926700172], [-105.28707109170156, 20.81351909270153], [-105.28616452060197, 20.812322957189398], [-105.28569807667051, 20.81214081718403], [-105.2842934844698, 20.811760761687967], [-105.28384811462799, 20.8109131287582], [-105.2833085307283, 20.809312877673655], [-105.2833454070776, 20.808148274463917], [-105.28289741912954, 20.807383824869294], [-105.2821951476348, 20.807193786897987], [-105.2815923563181, 20.80758999232781], [-105.28038149291811, 20.808548768724165], [-105.27919170461804, 20.808842049042823], [-105.27778715869846, 20.808461939584618], [-105.27628316098347, 20.807495567861437], [-105.27573311656431, 20.8062280348966], [-105.2751962736976, 20.804544570343822], [-105.2738260869008, 20.803083010295666], [-105.27397567603923, 20.802088730075898], [-105.27304552056802, 20.801641195098878], [-105.27322414794799, 20.799731869734558], [-105.2732611003696, 20.79856726654703], [-105.27000069672711, 20.795479486486276], [-105.26925026038657, 20.794768755031726], [-105.26800341648203, 20.793144727289217], [-105.26863524809896, 20.791833523572848], [-105.26964965149246, 20.788865155334857], [-105.26913771145414, 20.788371552842253], [-105.26905801062543, 20.78816906324292], [-105.26906242873392, 20.788063577587018], [-105.26911146642733, 20.787948455840105], [-105.26926279424484, 20.787799521401862], [-105.2696776101547, 20.78748027785091], [-105.26910166258168, 20.78483910267918], [-105.2690204086497, 20.78448677868541], [-105.26885717029396, 20.783778957982598], [-105.26977514018162, 20.78378862428233], [-105.27004517673222, 20.783799188059426], [-105.27016996134856, 20.783766176256123], [-105.27029936761738, 20.78367704438731], [-105.27041688963696, 20.783556881423365], [-105.27061760140079, 20.783107920898882], [-105.27061892187295, 20.782784405226906], [-105.27079124348593, 20.7826048210171], [-105.27089291984001, 20.78249192064994], [-105.27129206093686, 20.781598755523575], [-105.27156239921007, 20.781143058368322], [-105.27187072945253, 20.780718526578276], [-105.27224074183133, 20.780127082383164], [-105.27161791510133, 20.779159167018328], [-105.27078885144478, 20.777682339038993], [-105.27056424862704, 20.777337635072893], [-105.27015586741271, 20.776710876625312], [-105.26972420366589, 20.77632339705212], [-105.26942101709413, 20.77625240067665], [-105.26910032953573, 20.776262674029578], [-105.26871006289464, 20.77618652956487], [-105.26809194654136, 20.77595500168319], [-105.2675649091912, 20.77565074388021], [-105.26608356829112, 20.77507307117568], [-105.26487552834166, 20.774560504796266], [-105.26427999541092, 20.774173606462014], [-105.26394063407336, 20.772812199695103], [-105.262686186, 20.769724936000024], [-105.26543959354754, 20.768803810721533], [-105.26577609033528, 20.768664597129014], [-105.266139365, 20.768385322999986], [-105.26647179, 20.767974551000005], [-105.266731541, 20.76756277099999], [-105.26608571619869, 20.767104091710372], [-105.26561787833013, 20.766742336221117], [-105.2655728323843, 20.766707504273594], [-105.26554826273258, 20.766665373318677], [-105.26549477660146, 20.76657365672679], [-105.265431413, 20.76638687499998], [-105.26542243301674, 20.76628299510155], [-105.26541492205301, 20.76619610809962], [-105.26532644846313, 20.765705223329842], [-105.26494656725649, 20.76359746048187], [-105.26497719778891, 20.76334800796365], [-105.264986963, 20.76326848100003], [-105.26497991300002, 20.761568238000024], [-105.264993693, 20.76045132900002], [-105.26497403046517, 20.760270702052843], [-105.2649479824273, 20.760031411114856], [-105.26498297958524, 20.75937713301659], [-105.264999664, 20.75906521699997], [-105.26496627899932, 20.75844388860031], [-105.26497601631972, 20.75728905642712], [-105.26497639554846, 20.757244080343895], [-105.26497723367774, 20.75525151776893], [-105.26495322271042, 20.754838216487702], [-105.2649669302108, 20.754025808404204], [-105.26524322728831, 20.752648366916304], [-105.26522495548542, 20.75252235704205], [-105.2650115588917, 20.751938064517812], [-105.2648883333584, 20.751681135476], [-105.26484434154891, 20.751615241851987], [-105.26471606466772, 20.751271791341505], [-105.26455503519902, 20.750880342637533], [-105.26419056932683, 20.74991691543842], [-105.26404796097081, 20.74962348645269], [-105.26352390524592, 20.748932491072573], [-105.26325125799964, 20.748552543798716], [-105.26303144145726, 20.748246217509006], [-105.26278837081624, 20.747902924154925], [-105.26252528372765, 20.747579904457357], [-105.264360943386, 20.747109578324014], [-105.265766351839, 20.746762898081894], [-105.26602293170701, 20.746674176510783], [-105.267213539354, 20.746345760858837], [-105.267391865734, 20.746249088512922], [-105.267581978616, 20.746199619943305], [-105.267868508912, 20.746125559633338], [-105.268069821184, 20.746074343127987], [-105.268271133318, 20.74602312638821], [-105.268419149022, 20.745982309200574], [-105.268554359415, 20.745950340275005], [-105.268892516967, 20.7459518239928], [-105.269290376255, 20.74586306241654], [-105.269490986813, 20.745818306232024], [-105.270431969127, 20.74560836975498], [-105.270880035235, 20.745508402614202], [-105.271447888223, 20.745363595946337], [-105.272169967205, 20.745214157302375], [-105.272255960457, 20.745201414561983], [-105.272667417541, 20.745043545782437], [-105.27305412067, 20.744958020442237], [-105.273430507218, 20.74487251064036], [-105.273822336966, 20.744769993084123], [-105.274219354841, 20.744684448708306], [-105.274603659531, 20.744593380010606], [-105.274985528982, 20.744496322172957], [-105.275372301056, 20.744410737497383], [-105.275999992881, 20.744294897082515], [-105.276158364019, 20.744229164459917], [-105.276356726972, 20.744187209296683], [-105.277237733811, 20.74400086710003], [-105.277369147622, 20.743965165509742], [-105.277478280153, 20.743958271053856], [-105.278148635891, 20.74373305095661], [-105.278842709401, 20.743615365646228], [-105.278932201759, 20.743946471331483], [-105.279021917036, 20.744337510497104], [-105.279871736472, 20.74316883613418], [-105.280063323765, 20.743128609843602], [-105.282868285096, 20.742392113505137], [-105.283677375956, 20.742137943137422], [-105.283919958897, 20.742101636674192], [-105.2843291584, 20.742030595292714], [-105.28523211649602, 20.741805713369335], [-105.285884069659, 20.741640070467504], [-105.285917504327, 20.741632668886304], [-105.286535927703, 20.741470239186018], [-105.286859939915, 20.741381763378534], [-105.287265711848, 20.741294318957344], [-105.28754315024, 20.741217740216673], [-105.287846770524, 20.741144138267188], [-105.288159819195, 20.74106882235301], [-105.288407174535, 20.74102575657182], [-105.288708748866, 20.740965050542734], [-105.288971412006, 20.740874309351124], [-105.289134095469, 20.740821270654543], [-105.289427856907, 20.7407547572353], [-105.289748263288, 20.740677631373572], [-105.290082241001, 20.740578112356108], [-105.290141577025, 20.740565240637878], [-105.29037581444, 20.740514427473656], [-105.29065591449101, 20.740436752228803], [-105.290873622354, 20.740378864748614], [-105.29104325697001, 20.740331653574177], [-105.291272672476, 20.740250706703097], [-105.291477276601, 20.74016246947476], [-105.291565331888, 20.740063275213657], [-105.291337143265, 20.73991902504169], [-105.291146663053, 20.73978407077099], [-105.290950154883, 20.739638076498906], [-105.29079942098, 20.73951090890702], [-105.29058590901, 20.739315671415213], [-105.290446218287, 20.739174129061436], [-105.290301348997, 20.739014716546073], [-105.290080902723, 20.738769451523524], [-105.289859439738, 20.738511706258517], [-105.289674747483, 20.738285654223706], [-105.289491244073, 20.73806492351672], [-105.28934967181202, 20.737906955265018], [-105.289312399895, 20.737865366678793], [-105.289187743138, 20.737721997422724], [-105.28909374132, 20.737614847886206], [-105.288900816835, 20.737378644219543], [-105.288819126601, 20.73727862794096], [-105.288473244911, 20.736863380939162], [-105.288386752796, 20.73666297990074], [-105.288219080371, 20.7363958329473], [-105.28819661872001, 20.736366247860825], [-105.288184981692, 20.736350920288025], [-105.288045539435, 20.73616725526601], [-105.287729636302, 20.73577484491123], [-105.287532325455, 20.73551301250867], [-105.287114441923, 20.7349992218625], [-105.286911479367, 20.73475337677556], [-105.286725441429, 20.73453391453554], [-105.28625096711, 20.733972081750824], [-105.286072160531, 20.73374969666109], [-105.285869248049, 20.733489028217896], [-105.285675710975, 20.73325101881988], [-105.285588934934, 20.733141488418607], [-105.28532433109, 20.732849728336763], [-105.285258827741, 20.732777162557852], [-105.28516310474, 20.732659027009202], [-105.284877517112, 20.7322986278241], [-105.28448667768, 20.731849604340606], [-105.284272984977, 20.731612323166793], [-105.284057597149, 20.731338655489584], [-105.28393216909602, 20.731193751021145], [-105.283762500873, 20.73099773619293], [-105.283494472656, 20.73066126395317], [-105.283398482962, 20.730563887553732], [-105.283043031145, 20.730124442019175], [-105.282425599419, 20.729339323593592], [-105.281874298386, 20.728629588312987], [-105.281733001015, 20.728356669565933], [-105.281627537084, 20.728132232726022], [-105.281562008432, 20.72798559509603], [-105.281450106513, 20.72772223635338], [-105.281352551837, 20.727470833242098], [-105.281216510748, 20.727063763697885], [-105.281130329816, 20.72670166853434], [-105.281070636014, 20.726502478199382], [-105.281014406956, 20.7262195620067], [-105.280934151912, 20.725854328171195], [-105.2808363398, 20.725462169783523], [-105.280773800341, 20.725209211711594], [-105.28015938303, 20.722778668821732], [-105.279946534858, 20.722724368035863], [-105.279763479376, 20.722677667573226], [-105.279719350122, 20.722666409441388], [-105.279601281611, 20.722304886411454], [-105.279554288457, 20.72216099395279], [-105.27942861394502, 20.721746200214806], [-105.279185423988, 20.721107571621722], [-105.278976263212, 20.720677907087875], [-105.278837658431, 20.720299919553714], [-105.278700262974, 20.71991025483361], [-105.278509539124, 20.719360562212643], [-105.278348270714, 20.71890118849681], [-105.27822995675, 20.718545828049365], [-105.27803862119201, 20.718035669052636], [-105.277806521849, 20.717344598184592], [-105.277671608914, 20.716958193209635], [-105.277541622506, 20.716574930452335], [-105.27750468083802, 20.716467362569357], [-105.27743019144802, 20.716250461577786], [-105.277295928259, 20.715872445266502], [-105.277183295281, 20.71555018704798], [-105.277009617428, 20.715063815011337], [-105.27689271631, 20.714736923070053], [-105.276748303792, 20.714296656071824], [-105.276760988069, 20.714067373948023], [-105.276716375571, 20.7139074559789], [-105.276663619954, 20.71371834772014], [-105.276572975538, 20.71343484863324], [-105.27643244581, 20.713063704409418], [-105.276328078219, 20.712876757257472], [-105.276187322291, 20.71267971406398], [-105.276141566147, 20.712546341781966], [-105.276087709699, 20.7123834930616], [-105.276060298221, 20.712300607312958], [-105.27601789898401, 20.712179061180837], [-105.275976495073, 20.712060368151587], [-105.275895094477, 20.711853221784825], [-105.275795840229, 20.71154428886743], [-105.27567575247392, 20.711205628048436], [-105.27470468707982, 20.70838122289189], [-105.2745970694883, 20.70842198104991], [-105.274559334791, 20.70831755043549], [-105.2737100533828, 20.70864751996123], [-105.2735918593922, 20.708666192720052], [-105.272833152261, 20.709042241379112], [-105.2722485981712, 20.709359721231724], [-105.2711222680897, 20.70994393242241], [-105.2705239667288, 20.710249491126145], [-105.2700432512332, 20.710486930665503], [-105.2695829844223, 20.710724413818184], [-105.2694972193659, 20.710783666464817], [-105.2694015299595, 20.71087131411103], [-105.26934451980131, 20.71095325038806], [-105.2692419625744, 20.711122575307904], [-105.2688938210663, 20.711917675299826], [-105.2674816854575, 20.715208453808287], [-105.26739171881, 20.71544687620509], [-105.2673104833406, 20.715662159260635], [-105.2667231904411, 20.7156762849598], [-105.2659660167928, 20.71570142754607], [-105.2648258197615, 20.71575047130263], [-105.2647937437755, 20.715141002174818], [-105.26135060430052, 20.715548866759214], [-105.25726824647367, 20.715088579114582], [-105.25404917297422, 20.716146171611356], [-105.25201653452298, 20.716993803277155], [-105.2502950153968, 20.719184304349053], [-105.2468798908539, 20.718986031468425], [-105.24247047397618, 20.716672285890244], [-105.2433379196868, 20.715369109780042], [-105.2431579721935, 20.713614249816516], [-105.24250663441424, 20.711843499028834], [-105.24289735200114, 20.71069080606518], [-105.24422287592809, 20.709819446707026], [-105.24541196224968, 20.70952641220051], [-105.24710161147797, 20.708334196388677], [-105.24867604097223, 20.707054809230275], [-105.25138287138387, 20.705218141022463], [-105.25421356852182, 20.704633593405074], [-105.25621214973421, 20.702681510366858], [-105.25685752577853, 20.69892460319437], [-105.25631733213208, 20.69602467678743], [-105.25606291105176, 20.694658825446727], [-105.2576088934032, 20.693634494265293], [-105.25945461749633, 20.693248464948702], [-105.2617325359353, 20.691558675952518], [-105.2626245573637, 20.68923220768527], [-105.26481990668447, 20.68695483818009], [-105.2677240287412, 20.686337135401512], [-105.27036660354291, 20.685902580119436], [-105.27165191507979, 20.68533711415262], [-105.27190557357278, 20.685225516510435], [-105.27293721584641, 20.684771637583353], [-105.27393201142827, 20.68294105316844], [-105.27598321534833, 20.681821219153736], [-105.27707706359426, 20.67979289701568], [-105.279575862753, 20.67106779713132], [-105.27909856843328, 20.670547296956105], [-105.27768788522019, 20.666391667992627], [-105.278072953088, 20.66540526802192], [-105.2790233653156, 20.665187294036944], [-105.28005470707788, 20.666137884076445], [-105.2808741374753, 20.666331888698988], [-105.28204437967322, 20.666620915254608], [-105.28309944425023, 20.666822801215442], [-105.28387676550345, 20.668347787811165], [-105.28464502190769, 20.670041852745708], [-105.28475876023809, 20.670292651015707], [-105.28565919728756, 20.67165519819559], [-105.28699146858459, 20.674281320156254], [-105.28811707210795, 20.675984487335718], [-105.29003591417494, 20.67871347875796], [-105.2911615847194, 20.680416624397566], [-105.29194549289188, 20.681441792653295], [-105.294559761199, 20.68486051569534], [-105.29554406295463, 20.687308377673876], [-105.29763059700252, 20.692208016743727], [-105.29902860772302, 20.696501712529408], [-105.30111275967263, 20.701484488388633], [-105.30228051194733, 20.70560391132491], [-105.30472859361392, 20.709826560075], [-105.30597285059996, 20.711972650107192]]]}}]}