{"type": "FeatureCollection", "features": [{"type": "Feature", "geometry": {"type": "MultiPolygon", "coordinates": [[[[-100.431226842, 20.609180429], [-100.431163769, 20.608690194], [-100.431137325, 20.608484653], [-100.431107802, 20.608192498], [-100.431090182, 20.608018141], [-100.431081185, 20.607929109], [-100.432173615, 20.607819623], [-100.432105602, 20.607285519], [-100.433384287, 20.607173903], [-100.433410934, 20.607201632], [-100.433878433, 20.607909676], [-100.434214295, 20.608401843], [-100.434280577, 20.608507748], [-100.434364161, 20.608641297], [-100.434438262, 20.608864428], [-100.434449952, 20.608959254], [-100.434472886, 20.609101448], [-100.434547178, 20.609344918], [-100.434632081, 20.60956796], [-100.434820238, 20.610051182], [-100.434866877, 20.610146253], [-100.434956055, 20.610328042], [-100.435062149, 20.610506836], [-100.435122503, 20.610595652], [-100.435201337, 20.610700639], [-100.435365925, 20.611125567], [-100.435647998, 20.611926357], [-100.43574241, 20.612192706], [-100.435807809, 20.61252899], [-100.435827237, 20.612698839], [-100.435971265, 20.613312121], [-100.43603252, 20.613597973], [-100.436109579, 20.613925522], [-100.436209173, 20.61429385], [-100.436275918, 20.614477654], [-100.436301716, 20.614552928], [-100.436338218, 20.614664953], [-100.436378723, 20.614789265], [-100.436438632, 20.614973123], [-100.436448696, 20.615024158], [-100.436462193, 20.615092602], [-100.436691651, 20.616256187], [-100.436707619, 20.616321434], [-100.436856009, 20.617114376], [-100.437122304, 20.617686349], [-100.437360725, 20.617977384], [-100.437519386, 20.618120688], [-100.439016934, 20.61946756], [-100.439807115, 20.62016874], [-100.439876838, 20.620232133], [-100.440510001, 20.620883126], [-100.440734193, 20.621151763], [-100.440992887, 20.621524519], [-100.441697003, 20.622655351], [-100.441850289, 20.623365061], [-100.441865606, 20.623399614], [-100.441942087, 20.623572137], [-100.441958347, 20.623608814], [-100.441975684, 20.623686824], [-100.442454663, 20.623384578], [-100.443345204, 20.622786269], [-100.44372272, 20.622540061], [-100.443807006, 20.622510404], [-100.444022684, 20.622501281], [-100.444150278, 20.622495884], [-100.444654549, 20.622478093], [-100.444529922, 20.621850162], [-100.444527906, 20.621756844], [-100.444863776, 20.621706744], [-100.445896407, 20.621552705], [-100.446310372, 20.621490952], [-100.44632162, 20.621575268], [-100.446396588, 20.621917811], [-100.446399555, 20.621937074], [-100.446451169, 20.622272219], [-100.446476221, 20.622434889], [-100.446565094, 20.622431932], [-100.446901362, 20.622473124], [-100.447168697, 20.623718037], [-100.447425927, 20.624757128], [-100.447713977, 20.625640665], [-100.447875383, 20.625834521], [-100.448257979, 20.626941619], [-100.448617799, 20.626838627], [-100.449629835, 20.626595435], [-100.449891658, 20.626503515], [-100.450259697, 20.626374305], [-100.450272012, 20.626404969], [-100.450808182, 20.627740093], [-100.451268427, 20.628854161], [-100.451572778, 20.628754841], [-100.451978548, 20.628673021], [-100.452354915, 20.62859548], [-100.452776093, 20.628536746], [-100.453091028, 20.629739975], [-100.453106777, 20.629803901], [-100.453217177, 20.630202551], [-100.4532961, 20.630490959], [-100.453302367, 20.630512046], [-100.453747633, 20.630427611], [-100.453903793, 20.630886656], [-100.454276528, 20.631975846], [-100.454383953, 20.632325875], [-100.454494384, 20.63267191], [-100.454803371, 20.63361741], [-100.454890088, 20.633893739], [-100.454909442, 20.633955413], [-100.455028561, 20.634313478], [-100.455452929, 20.635673556], [-100.455247138, 20.635736873], [-100.45506859, 20.635791807], [-100.453906967, 20.636204661], [-100.454036543, 20.63650332], [-100.455366861, 20.636050981], [-100.455384065, 20.636100073], [-100.455613932, 20.636756003], [-100.455679566, 20.636984297], [-100.455907163, 20.637775954], [-100.45591593, 20.637796991], [-100.455938387, 20.637850874], [-100.4559441, 20.637868961], [-100.455993058, 20.638023949], [-100.456012064, 20.638084116], [-100.456041455, 20.638177159], [-100.456074731, 20.638226037], [-100.456113788, 20.638283406], [-100.45613055, 20.638382201], [-100.456140448, 20.638440535], [-100.45615878, 20.638548579], [-100.45616878, 20.638580238], [-100.456181918, 20.638621828], [-100.456189915, 20.63864836], [-100.456225705, 20.638767112], [-100.456235653, 20.638800118], [-100.456265977, 20.638900731], [-100.456276904, 20.638931671], [-100.456303266, 20.639006312], [-100.456346287, 20.639142323], [-100.456352627, 20.639162366], [-100.456382558, 20.639256992], [-100.456392092, 20.639287175], [-100.456411531, 20.639348712], [-100.456417331, 20.639367072], [-100.456455675, 20.639488457], [-100.456463711, 20.639513896], [-100.456493456, 20.63960806], [-100.456528857, 20.63969626], [-100.456538072, 20.639729762], [-100.456543399, 20.639749133], [-100.456558069, 20.639802472], [-100.456577773, 20.639874114], [-100.456606101, 20.639977113], [-100.456706391, 20.640282758], [-100.456715303, 20.640318199], [-100.456888706, 20.64036247], [-100.456941662, 20.640375989], [-100.457268458, 20.640353232], [-100.457306459, 20.640367558], [-100.457789763, 20.64037779], [-100.458087699, 20.64037052], [-100.458358154, 20.640344636], [-100.458359884, 20.640189039], [-100.458416846, 20.640149063], [-100.458419906, 20.640090858], [-100.45865671, 20.640061838], [-100.458822527, 20.640041517], [-100.45886645, 20.640036134], [-100.458906438, 20.640024883], [-100.458982416, 20.640003505], [-100.459214848, 20.6399265], [-100.459253556, 20.639913357], [-100.459279785, 20.639904451], [-100.459312482, 20.639893348], [-100.459380809, 20.639870145], [-100.459442133, 20.639857237], [-100.45941511, 20.640242434], [-100.459387556, 20.640682473], [-100.45936845, 20.641135309], [-100.459340637, 20.64158399], [-100.459317166, 20.642043082], [-100.459282074, 20.642435542], [-100.459198607, 20.642508432], [-100.460447073, 20.642558655], [-100.460429789, 20.642777651], [-100.460621257, 20.642814928], [-100.461042187, 20.642905194], [-100.461475481, 20.643005949], [-100.461837901, 20.643099517], [-100.462228823, 20.643188991], [-100.4625038, 20.643253564], [-100.46260498, 20.643277324], [-100.463004555, 20.643367765], [-100.463319462, 20.64342709], [-100.463446722, 20.64349206], [-100.4633837, 20.643618289], [-100.463159905, 20.644390146], [-100.463149958, 20.64444492], [-100.463111052, 20.644659151], [-100.462837681, 20.645532653], [-100.462550172, 20.64638266], [-100.464043345, 20.647055289], [-100.463833102, 20.647535556], [-100.463808732, 20.647591224], [-100.463678364, 20.647854609], [-100.463493682, 20.648265735], [-100.463310335, 20.648679015], [-100.463108373, 20.649109963], [-100.462907647, 20.649590714], [-100.462728786, 20.649987581], [-100.462544087, 20.650406091], [-100.462524714, 20.650449987], [-100.462345389, 20.650856319], [-100.462210639, 20.651161645], [-100.460403205, 20.650671517], [-100.460329297, 20.650633396], [-100.460185428, 20.650584477], [-100.460037067, 20.650576811], [-100.459345777, 20.65054109], [-100.459258076, 20.650569228], [-100.459255882, 20.650569932], [-100.459254448, 20.650570392], [-100.45884073, 20.650303605], [-100.458172431, 20.649902234], [-100.457855161, 20.650335495], [-100.457627717, 20.650609537], [-100.457509412, 20.650543594], [-100.457309716, 20.650863071], [-100.457102043, 20.651160166], [-100.456332875, 20.650733525], [-100.456286544, 20.6508111], [-100.455983097, 20.650636701], [-100.455785939, 20.6508877], [-100.455488883, 20.651265876], [-100.455223957, 20.651603146], [-100.455121446, 20.65167604], [-100.454971635, 20.651782569], [-100.454896206, 20.651896395], [-100.45472451, 20.652156756], [-100.454400501, 20.652647985], [-100.45433655, 20.65274494], [-100.454304435, 20.65279361], [-100.454141649, 20.653040301], [-100.45409041, 20.653118094], [-100.453979788, 20.653286042], [-100.453859314, 20.652950403], [-100.453837833, 20.652885351], [-100.453669443, 20.652423247], [-100.453492413, 20.651932236], [-100.453396948, 20.651667314], [-100.45322716, 20.651516851], [-100.45263037, 20.651538759], [-100.452395741, 20.651547372], [-100.452014626, 20.651561361], [-100.451653599, 20.651574612], [-100.451398501, 20.651583975], [-100.451322243, 20.650296358], [-100.451037695, 20.650309482], [-100.450546425, 20.650332141], [-100.449435496, 20.650372851], [-100.449082478, 20.650393928], [-100.448317749, 20.650440049], [-100.44830543, 20.650102026], [-100.44827479, 20.649429539], [-100.447173824, 20.649490216], [-100.446504574, 20.649505275], [-100.44606219, 20.649515228], [-100.445005661, 20.649579201], [-100.444627954, 20.649605358], [-100.443788172, 20.649638096], [-100.443738094, 20.649640048], [-100.443634177, 20.649644098], [-100.443308448, 20.650187248], [-100.443172945, 20.650574051], [-100.44308499, 20.651084163], [-100.443063655, 20.651285216], [-100.443089995, 20.651558527], [-100.443130337, 20.651766349], [-100.443209513, 20.652022014], [-100.443369474, 20.652316572], [-100.443570576, 20.652516167], [-100.44383503, 20.652736998], [-100.444251832, 20.65311934], [-100.444406245, 20.65332847], [-100.444560659, 20.6535376], [-100.444644639, 20.653769975], [-100.444780747, 20.65412757], [-100.44509462, 20.654636713], [-100.44552075, 20.655339896], [-100.445676028, 20.655596128], [-100.445962421, 20.656050421], [-100.446015363, 20.6561344], [-100.446257087, 20.656517834], [-100.446944561, 20.657532106], [-100.446863948, 20.657560377], [-100.446814187, 20.657577832], [-100.446631897, 20.657641766], [-100.445876899, 20.657845587], [-100.445557468, 20.657927437], [-100.444638449, 20.658154567], [-100.444343497, 20.658231965], [-100.44320422, 20.65853], [-100.442800655, 20.658635571], [-100.441505457, 20.658970786], [-100.441255291, 20.65903553], [-100.439703246, 20.659441548], [-100.438142341, 20.659827569], [-100.436662887, 20.660222353], [-100.436565326, 20.660246378], [-100.436497055, 20.660262768], [-100.436318526, 20.659924764], [-100.436165729, 20.659552645], [-100.436107278, 20.659425943], [-100.436037121, 20.659471848], [-100.43591451, 20.659552074], [-100.435731899, 20.659841411], [-100.435493616, 20.660120015], [-100.435273608, 20.66037725], [-100.434890469, 20.660853557], [-100.434511833, 20.661159821], [-100.43413398, 20.661381006], [-100.433636078, 20.661646797], [-100.433331122, 20.661736549], [-100.433012844, 20.661880836], [-100.432874108, 20.66198087], [-100.432827303, 20.662014619], [-100.432741198, 20.662076704], [-100.432465116, 20.662275769], [-100.432337028, 20.662451267], [-100.431967372, 20.662558998], [-100.43144003, 20.662650592], [-100.431193576, 20.66266192], [-100.430745329, 20.662682521], [-100.4300881, 20.662757745], [-100.429273021, 20.662799388], [-100.429212385, 20.662886649], [-100.428888989, 20.66335204], [-100.428486177, 20.663878682], [-100.428084714, 20.664344991], [-100.42783481, 20.664537639], [-100.427383065, 20.663971152], [-100.427301486, 20.66370928], [-100.426923144, 20.663990576], [-100.426347684, 20.663611512], [-100.425891479, 20.663294638], [-100.425065279, 20.662687653], [-100.42487062, 20.662521866], [-100.424526146, 20.661690963], [-100.424281876, 20.661191502], [-100.423831967, 20.660401366], [-100.4236293, 20.660162924], [-100.423782849, 20.659659703], [-100.424539964, 20.658632745], [-100.424741417, 20.657958984], [-100.424913624, 20.657470241], [-100.424930084, 20.657423528], [-100.424849252, 20.65735541], [-100.424708448, 20.657236753], [-100.424442891, 20.657053816], [-100.424178218, 20.656965694], [-100.423990254, 20.656872422], [-100.42196195, 20.656974944], [-100.421917955, 20.655855495], [-100.424081571, 20.65479582], [-100.423223108, 20.654731656], [-100.422112132, 20.654645821], [-100.421229986, 20.654748085], [-100.420472663, 20.654706824], [-100.419792571, 20.654831166], [-100.41911292, 20.655002999], [-100.418304916, 20.654938397], [-100.417790974, 20.655050186], [-100.417109494, 20.655198414], [-100.416911147, 20.655870701], [-100.416893663, 20.655929962], [-100.416849561, 20.656079439], [-100.416816477, 20.656162019], [-100.416700994, 20.656446255], [-100.416671913, 20.656530191], [-100.416546234, 20.656830184], [-100.416503435, 20.656922584], [-100.416437029, 20.657085993], [-100.411716799, 20.655949709], [-100.411766361, 20.655764424], [-100.411979048, 20.65472799], [-100.412058631, 20.654350454], [-100.411161456, 20.654616986], [-100.410658619, 20.65481109], [-100.410461165, 20.655287683], [-100.410086226, 20.65567073], [-100.409633406, 20.655816924], [-100.409204063, 20.655772934], [-100.408724917, 20.655800596], [-100.408295793, 20.65578035], [-100.407616559, 20.655999633], [-100.407105562, 20.656014147], [-100.406950479, 20.656018551], [-100.406913088, 20.656020111], [-100.406851024, 20.656022718], [-100.406819992, 20.656024021], [-100.40678896, 20.656025324], [-100.406876615, 20.655659939], [-100.406894821, 20.655584049], [-100.407319749, 20.653627842], [-100.407828071, 20.65369653], [-100.40793702, 20.653136088], [-100.408136425, 20.652108611], [-100.408141369, 20.652078138], [-100.408147523, 20.652040214], [-100.408346004, 20.650858311], [-100.40870435, 20.650824905], [-100.408531148, 20.649684257], [-100.408606548, 20.649284845], [-100.408614874, 20.649184433], [-100.407566245, 20.64904406], [-100.406623049, 20.648875101], [-100.406696368, 20.648488027], [-100.406702098, 20.648441613], [-100.406773104, 20.648128052], [-100.406849733, 20.647756485], [-100.406938782, 20.647396409], [-100.407015517, 20.647036433], [-100.407098249, 20.646659021], [-100.407154351, 20.646335554], [-100.406809758, 20.646276698], [-100.406279562, 20.64619203], [-100.40577463, 20.646113087], [-100.405320279, 20.646051528], [-100.404959232, 20.645995799], [-100.405005055, 20.6457445], [-100.405190269, 20.644724654], [-100.405809749, 20.644812673], [-100.40620449, 20.64486876], [-100.406436854, 20.643468191], [-100.406037068, 20.6433945], [-100.405455773, 20.643239174], [-100.405398943, 20.643230728], [-100.405373558, 20.643226956], [-100.405317891, 20.643218683], [-100.405446287, 20.642327817], [-100.405563832, 20.641258953], [-100.405569497, 20.641179534], [-100.405581548, 20.641010593], [-100.405627744, 20.640561923], [-100.405704456, 20.639709499], [-100.405732103, 20.639402276], [-100.405750957, 20.639172883], [-100.405842017, 20.638064958], [-100.405869782, 20.637761922], [-100.405888657, 20.637469109], [-100.405895407, 20.63740133], [-100.405949532, 20.636857918], [-100.405980381, 20.636449756], [-100.405983179, 20.636412734], [-100.405989413, 20.636342204], [-100.406023875, 20.635952266], [-100.406044965, 20.63570511], [-100.406063037, 20.63552057], [-100.406072077, 20.635331029], [-100.406048556, 20.635118069], [-100.405995849, 20.63485798], [-100.405960574, 20.634734775], [-100.405873633, 20.634464815], [-100.40581247, 20.634262312], [-100.405737968, 20.633977025], [-100.405700337, 20.633792939], [-100.405675548, 20.633637506], [-100.405672042, 20.63345145], [-100.405694712, 20.633180598], [-100.405724047, 20.633048408], [-100.405888675, 20.632385623], [-100.405920133, 20.632288941], [-100.405943048, 20.632226625], [-100.406016249, 20.631934397], [-100.406121307, 20.631514987], [-100.40623619, 20.631122502], [-100.406243436, 20.631097886], [-100.406369253, 20.630658735], [-100.406484611, 20.630284342], [-100.406584882, 20.629954445], [-100.406600221, 20.629826594], [-100.406612373, 20.629613888], [-100.406602806, 20.629514357], [-100.406551746, 20.629545352], [-100.405890423, 20.629611363], [-100.404567587, 20.629728519], [-100.403981124, 20.629787738], [-100.403554866, 20.62982884], [-100.40276654, 20.629894501], [-100.402776343, 20.629487789], [-100.402786338, 20.629073148], [-100.402792036, 20.628836765], [-100.402807693, 20.628386549], [-100.402817744, 20.62809756], [-100.40282733, 20.627995607], [-100.402840205, 20.627858686], [-100.402869063, 20.627551782], [-100.40289836, 20.626861045], [-100.402730598, 20.62678465], [-100.399737252, 20.625421512], [-100.399711753, 20.625561341], [-100.399638047, 20.625526674], [-100.399552531, 20.625486451], [-100.399365009, 20.62539825], [-100.399116096, 20.625281172], [-100.398814059, 20.625143577], [-100.398197446, 20.624862673], [-100.398011979, 20.624778182], [-100.397108562, 20.624366614], [-100.396868224, 20.624257122], [-100.395757721, 20.623763359], [-100.395686761, 20.623731807], [-100.39565672, 20.62371845], [-100.395601727, 20.623693998], [-100.395515438, 20.623653991], [-100.395373229, 20.623588058], [-100.395181203, 20.623499027], [-100.394741158, 20.623296293], [-100.394691123, 20.623273243], [-100.394277234, 20.623095457], [-100.394242751, 20.623080645], [-100.393809921, 20.622898294], [-100.393791698, 20.622890616], [-100.39334654, 20.622689825], [-100.393264421, 20.622652784], [-100.393051749, 20.62254921], [-100.392888094, 20.622475545], [-100.392246059, 20.622186544], [-100.391806719, 20.621997024], [-100.391696224, 20.621949359], [-100.391149891, 20.621698932], [-100.390911555, 20.621608567], [-100.390662655, 20.621506949], [-100.390186311, 20.621302534], [-100.390300145, 20.621208999], [-100.390337274, 20.621172255], [-100.390365567, 20.621125001], [-100.39038308, 20.621059612], [-100.390387082, 20.62101902], [-100.390385819, 20.620970559], [-100.390373731, 20.620874141], [-100.390345799, 20.620835942], [-100.390086744, 20.620526618], [-100.39086009, 20.620848629], [-100.391983666, 20.621343422], [-100.392120757, 20.62133368], [-100.392230414, 20.621252851], [-100.392507099, 20.620918471], [-100.392375541, 20.620812003], [-100.392084733, 20.620576655], [-100.391488603, 20.620059297], [-100.391343884, 20.61989837], [-100.39118627, 20.619619999], [-100.39111172, 20.619370655], [-100.3910825, 20.619207664], [-100.391078494, 20.619185321], [-100.391070202, 20.618561765], [-100.391083331, 20.618270882], [-100.391214319, 20.6177885], [-100.391281879, 20.617706588], [-100.391621684, 20.617287722], [-100.391730505, 20.617150909], [-100.39185566, 20.617063199], [-100.391886637, 20.617001082], [-100.391920943, 20.616606476], [-100.391112153, 20.61651643], [-100.390366793, 20.616397714], [-100.390080901, 20.616326879], [-100.389958266, 20.616296494], [-100.389967509, 20.616245129], [-100.38998097, 20.616170325], [-100.389996535, 20.616083827], [-100.390003127, 20.616047194], [-100.389861171, 20.615893942], [-100.389825393, 20.615574372], [-100.389794249, 20.615438004], [-100.389343128, 20.614785317], [-100.389494651, 20.614872907], [-100.389731403, 20.614910565], [-100.389932018, 20.614834919], [-100.390067943, 20.61467478], [-100.39010952, 20.61461286], [-100.390013023, 20.61425278], [-100.390005302, 20.614212172], [-100.389999631, 20.614182347], [-100.389966591, 20.614013604], [-100.389958925, 20.613974451], [-100.389952693, 20.613942624], [-100.38992891, 20.613821158], [-100.389923842, 20.613795275], [-100.389911829, 20.613769736], [-100.389775888, 20.613284673], [-100.389718761, 20.613068225], [-100.389659032, 20.612811119], [-100.389598177, 20.612549162], [-100.389577916, 20.612461945], [-100.389289485, 20.611833289], [-100.38926742, 20.611785397], [-100.389144292, 20.61151815], [-100.389054349, 20.611322929], [-100.388936295, 20.611066694], [-100.388563141, 20.610256758], [-100.38846242, 20.610119541], [-100.388362235, 20.610041474], [-100.388199897, 20.610037848], [-100.387891685, 20.610114266], [-100.387494831, 20.61023083], [-100.387316609, 20.610207614], [-100.387164205, 20.610144753], [-100.387026928, 20.610017688], [-100.386959929, 20.609866455], [-100.386943708, 20.60982984], [-100.386762056, 20.609419806], [-100.386607227, 20.609054752], [-100.386545673, 20.608907483], [-100.38652993, 20.608847407], [-100.386478094, 20.608649591], [-100.38638841, 20.608307345], [-100.386474154, 20.607946804], [-100.386491352, 20.607906836], [-100.386566164, 20.60771174], [-100.38655223, 20.607612052], [-100.386548278, 20.607583779], [-100.386540575, 20.607548183], [-100.38652762, 20.607512075], [-100.38650605, 20.607475496], [-100.386473638, 20.607446031], [-100.386442437, 20.607423581], [-100.386365858, 20.607397712], [-100.386319355, 20.607397004], [-100.386259734, 20.607405589], [-100.386200176, 20.6074212], [-100.386138421, 20.607447638], [-100.386159967, 20.607410337], [-100.386241829, 20.607314478], [-100.386271048, 20.60729534], [-100.386647966, 20.607048465], [-100.386713946, 20.607005249], [-100.386745664, 20.606985294], [-100.386925115, 20.606872394], [-100.387807277, 20.606317383], [-100.388010006, 20.606190235], [-100.388396414, 20.605948589], [-100.388586854, 20.606141192], [-100.38860813, 20.60612513], [-100.389196054, 20.605681285], [-100.389719982, 20.605292062], [-100.390731186, 20.604540834], [-100.390773699, 20.604511106], [-100.391365883, 20.604097003], [-100.391384046, 20.604083894], [-100.391859832, 20.603740497], [-100.39260731, 20.603201003], [-100.393031774, 20.602860846], [-100.393130597, 20.602781651], [-100.393435322, 20.602516941], [-100.393465945, 20.602478959], [-100.393539406, 20.602387846], [-100.393763375, 20.601997134], [-100.393824392, 20.601768447], [-100.393860739, 20.601632219], [-100.393876253, 20.601574071], [-100.39438524, 20.601553422], [-100.394978218, 20.601529363], [-100.396146509, 20.601481956], [-100.398853813, 20.601371837], [-100.399157633, 20.601359476], [-100.40068709, 20.601244037], [-100.400966895, 20.60122263], [-100.401196513, 20.601205062], [-100.401508819, 20.601181168], [-100.40488739, 20.601077134], [-100.405146114, 20.601067384], [-100.405613539, 20.601049768], [-100.406513717, 20.601015838], [-100.406534019, 20.601015073], [-100.40657969, 20.601013351], [-100.406860508, 20.601002765], [-100.40868871, 20.600933838], [-100.409086259, 20.600935163], [-100.409119531, 20.600935274], [-100.410260492, 20.600901925], [-100.410317448, 20.600900237], [-100.41209096, 20.600847838], [-100.413452996, 20.600807583], [-100.415050576, 20.600796521], [-100.415915862, 20.600790523], [-100.41645457, 20.600786787], [-100.416667898, 20.600785307], [-100.416743673, 20.600783496], [-100.417966974, 20.600754267], [-100.418687396, 20.600737049], [-100.419422138, 20.6015833], [-100.420492236, 20.602788791], [-100.420624989, 20.602987572], [-100.420908635, 20.602991308], [-100.421014687, 20.602992705], [-100.421227512, 20.603017977], [-100.421363334, 20.603036067], [-100.421606385, 20.603068439], [-100.422334619, 20.603701318], [-100.422621506, 20.603950637], [-100.422741683, 20.604074607], [-100.422927831, 20.604270205], [-100.423227409, 20.604615009], [-100.423437237, 20.604856512], [-100.423638562, 20.605137153], [-100.423677416, 20.605196883], [-100.423731446, 20.60528443], [-100.423808207, 20.60540881], [-100.424157989, 20.605536086], [-100.424242713, 20.605566915], [-100.424739574, 20.60586399], [-100.424955962, 20.605993369], [-100.424984522, 20.606021444], [-100.42539472, 20.60642467], [-100.425498487, 20.606526673], [-100.425686188, 20.606889532], [-100.426248301, 20.606785665], [-100.42627323, 20.606781058], [-100.426365692, 20.607051755], [-100.42647903, 20.607385341], [-100.426517007, 20.607508467], [-100.426561135, 20.60765087], [-100.426824, 20.608499148], [-100.426916694, 20.60879827], [-100.427204117, 20.609706123], [-100.427753582, 20.609623996], [-100.427810959, 20.609615175], [-100.42841705, 20.609521527], [-100.429518654, 20.609344694], [-100.429587805, 20.609366126], [-100.430306988, 20.609284183], [-100.430631407, 20.609247219], [-100.430960914, 20.609209674], [-100.431226842, 20.609180429]]]]}, "properties": {"state": "Querétaro", "distrito_local": "001", "distrito": "001", "source": "INE Cartografía Electoral", "source_section": "0269"}}, {"type": "Feature", "geometry": {"type": "MultiPolygon", "coordinates": [[[[-100.494439581, 20.605456369], [-100.495023645, 20.605953567], [-100.495724103, 20.606698909], [-100.495897978, 20.607318976], [-100.496072682, 20.607649888], [-100.496130523, 20.607897884], [-100.496363895, 20.608187638], [-100.496597032, 20.608560007], [-100.496771738, 20.608890918], [-100.497238488, 20.609470423], [-100.496005163, 20.610789127], [-100.496412895, 20.611533714], [-100.496587487, 20.611905933], [-100.496996637, 20.612154827], [-100.497230253, 20.612361963], [-100.497463282, 20.612775638], [-100.497549461, 20.612897948], [-100.497696546, 20.613106697], [-100.497870909, 20.613561529], [-100.497927582, 20.614222602], [-100.497983551, 20.61513152], [-100.49802271, 20.615399167], [-100.497872511, 20.615520352], [-100.496020675, 20.617834043], [-100.495138515, 20.618239022], [-100.495175165, 20.618374118], [-100.495279771, 20.618759709], [-100.495367843, 20.618931776], [-100.495512671, 20.619214686], [-100.494691155, 20.619832219], [-100.494044813, 20.620615413], [-100.493222563, 20.621480769], [-100.492342086, 20.622469115], [-100.491695146, 20.623211773], [-100.49075552, 20.624159432], [-100.490403232, 20.624488985], [-100.490109618, 20.624777364], [-100.489642126, 20.624445683], [-100.486037815, 20.625578637], [-100.482497894, 20.626691242], [-100.480556643, 20.627301382], [-100.480389786, 20.627348068], [-100.48013928, 20.627432551], [-100.479711539, 20.627566981], [-100.479370813, 20.627674063], [-100.47930027, 20.627696233], [-100.478348698, 20.627995285], [-100.474480414, 20.629179841], [-100.474400372, 20.629204351], [-100.474732192, 20.62979792], [-100.474781451, 20.629939215], [-100.474909044, 20.630347866], [-100.475004165, 20.630743556], [-100.475116141, 20.631105395], [-100.475232018, 20.631479831], [-100.475261007, 20.631674747], [-100.475291913, 20.63188255], [-100.475360053, 20.632242631], [-100.475298216, 20.632594809], [-100.475303446, 20.632746484], [-100.475301242, 20.632859156], [-100.475297975, 20.633026206], [-100.47527997, 20.633271174], [-100.475295117, 20.633629856], [-100.47540604, 20.63408805], [-100.474954362, 20.634173053], [-100.474706382, 20.634206445], [-100.474369663, 20.63426448], [-100.473990944, 20.634329753], [-100.473860019, 20.634346403], [-100.473741764, 20.634361442], [-100.473644131, 20.634373858], [-100.473372622, 20.634497886], [-100.473343067, 20.634412145], [-100.47320375, 20.634445658], [-100.473096334, 20.634463815], [-100.472906515, 20.634482673], [-100.472668357, 20.63447393], [-100.472380145, 20.634452411], [-100.471558632, 20.634631407], [-100.470044904, 20.634901611], [-100.469623226, 20.63495646], [-100.469316928, 20.634996301], [-100.469116372, 20.635018514], [-100.468950623, 20.635036198], [-100.46832591, 20.635106433], [-100.467507051, 20.635198492], [-100.467616763, 20.635644206], [-100.467724291, 20.636081046], [-100.467787905, 20.636339477], [-100.467826297, 20.63653164], [-100.467889032, 20.636855237], [-100.467912493, 20.636976249], [-100.467971763, 20.637281968], [-100.467997642, 20.637415455], [-100.468058438, 20.637729044], [-100.468081991, 20.637850529], [-100.468142829, 20.638164328], [-100.468169973, 20.63830434], [-100.468229278, 20.638610233], [-100.468253846, 20.638736949], [-100.468321165, 20.639084176], [-100.46833695, 20.639165597], [-100.468278894, 20.639555728], [-100.468174916, 20.640355396], [-100.467806409, 20.641295538], [-100.467713972, 20.64166029], [-100.467364433, 20.642913722], [-100.467255267, 20.64330518], [-100.466546165, 20.643132238], [-100.466472778, 20.643114339], [-100.466218053, 20.643052214], [-100.465818457, 20.642954754], [-100.46546626, 20.642868854], [-100.46508126, 20.642774953], [-100.464698039, 20.642681484], [-100.463899243, 20.642694591], [-100.463616686, 20.642716704], [-100.463558103, 20.643163715], [-100.463521644, 20.643441906], [-100.463446722, 20.64349206], [-100.463319462, 20.64342709], [-100.463004555, 20.643367765], [-100.46260498, 20.643277324], [-100.4625038, 20.643253564], [-100.462228823, 20.643188991], [-100.461837901, 20.643099517], [-100.461475481, 20.643005949], [-100.461042187, 20.642905194], [-100.460621257, 20.642814928], [-100.460429789, 20.642777651], [-100.460447073, 20.642558655], [-100.459198607, 20.642508432], [-100.459282074, 20.642435542], [-100.459317166, 20.642043082], [-100.459340637, 20.64158399], [-100.45936845, 20.641135309], [-100.459387556, 20.640682473], [-100.45941511, 20.640242434], [-100.459442133, 20.639857237], [-100.459380809, 20.639870145], [-100.459312482, 20.639893348], [-100.459279785, 20.639904451], [-100.459253556, 20.639913357], [-100.459214848, 20.6399265], [-100.458982416, 20.640003505], [-100.458906438, 20.640024883], [-100.45886645, 20.640036134], [-100.458822527, 20.640041517], [-100.45865671, 20.640061838], [-100.458419906, 20.640090858], [-100.458416846, 20.640149063], [-100.458359884, 20.640189039], [-100.458358154, 20.640344636], [-100.458087699, 20.64037052], [-100.457789763, 20.64037779], [-100.457306459, 20.640367558], [-100.457268458, 20.640353232], [-100.456941662, 20.640375989], [-100.456888706, 20.64036247], [-100.456715303, 20.640318199], [-100.456706391, 20.640282758], [-100.456606101, 20.639977113], [-100.456577773, 20.639874114], [-100.456558069, 20.639802472], [-100.456543399, 20.639749133], [-100.456538072, 20.639729762], [-100.456528857, 20.63969626], [-100.456493456, 20.63960806], [-100.456463711, 20.639513896], [-100.456455675, 20.639488457], [-100.456417331, 20.639367072], [-100.456411531, 20.639348712], [-100.456392092, 20.639287175], [-100.456382558, 20.639256992], [-100.456352627, 20.639162366], [-100.456346287, 20.639142323], [-100.456303266, 20.639006312], [-100.456276904, 20.638931671], [-100.456265977, 20.638900731], [-100.456235653, 20.638800118], [-100.456225705, 20.638767112], [-100.456189915, 20.63864836], [-100.456181918, 20.638621828], [-100.45616878, 20.638580238], [-100.45615878, 20.638548579], [-100.456140448, 20.638440535], [-100.45613055, 20.638382201], [-100.456113788, 20.638283406], [-100.456074731, 20.638226037], [-100.456041455, 20.638177159], [-100.456012064, 20.638084116], [-100.455993058, 20.638023949], [-100.4559441, 20.637868961], [-100.455938387, 20.637850874], [-100.45591593, 20.637796991], [-100.455907163, 20.637775954], [-100.455679566, 20.636984297], [-100.455613932, 20.636756003], [-100.455384065, 20.636100073], [-100.455366861, 20.636050981], [-100.454036543, 20.63650332], [-100.453906967, 20.636204661], [-100.45506859, 20.635791807], [-100.455247138, 20.635736873], [-100.455452929, 20.635673556], [-100.455028561, 20.634313478], [-100.454909442, 20.633955413], [-100.454890088, 20.633893739], [-100.454803371, 20.63361741], [-100.454494384, 20.63267191], [-100.454383953, 20.632325875], [-100.454276528, 20.631975846], [-100.453903793, 20.630886656], [-100.453747633, 20.630427611], [-100.453302367, 20.630512046], [-100.4532961, 20.630490959], [-100.453217177, 20.630202551], [-100.453106777, 20.629803901], [-100.453091028, 20.629739975], [-100.452776093, 20.628536746], [-100.452354915, 20.62859548], [-100.451978548, 20.628673021], [-100.451572778, 20.628754841], [-100.451268427, 20.628854161], [-100.450808182, 20.627740093], [-100.450272012, 20.626404969], [-100.450259697, 20.626374305], [-100.449891658, 20.626503515], [-100.449629835, 20.626595435], [-100.448617799, 20.626838627], [-100.448257979, 20.626941619], [-100.447875383, 20.625834521], [-100.447713977, 20.625640665], [-100.447425927, 20.624757128], [-100.447168697, 20.623718037], [-100.446901362, 20.622473124], [-100.446565094, 20.622431932], [-100.446476221, 20.622434889], [-100.446451169, 20.622272219], [-100.446399555, 20.621937074], [-100.446396588, 20.621917811], [-100.44632162, 20.621575268], [-100.446310372, 20.621490952], [-100.445896407, 20.621552705], [-100.444863776, 20.621706744], [-100.444527906, 20.621756844], [-100.444529922, 20.621850162], [-100.444654549, 20.622478093], [-100.444150278, 20.622495884], [-100.444022684, 20.622501281], [-100.443807006, 20.622510404], [-100.44372272, 20.622540061], [-100.443345204, 20.622786269], [-100.442454663, 20.623384578], [-100.441975684, 20.623686824], [-100.441958347, 20.623608814], [-100.441942087, 20.623572137], [-100.441865606, 20.623399614], [-100.441850289, 20.623365061], [-100.441697003, 20.622655351], [-100.440992887, 20.621524519], [-100.440734193, 20.621151763], [-100.440510001, 20.620883126], [-100.439876838, 20.620232133], [-100.439807115, 20.62016874], [-100.439016934, 20.61946756], [-100.437519386, 20.618120688], [-100.437360725, 20.617977384], [-100.437122304, 20.617686349], [-100.436856009, 20.617114376], [-100.436707619, 20.616321434], [-100.436691651, 20.616256187], [-100.436462193, 20.615092602], [-100.436448696, 20.615024158], [-100.436438632, 20.614973123], [-100.436378723, 20.614789265], [-100.436338218, 20.614664953], [-100.436301716, 20.614552928], [-100.436275918, 20.614477654], [-100.436209173, 20.61429385], [-100.436109579, 20.613925522], [-100.43603252, 20.613597973], [-100.435971265, 20.613312121], [-100.435827237, 20.612698839], [-100.435807809, 20.61252899], [-100.43574241, 20.612192706], [-100.435647998, 20.611926357], [-100.435365925, 20.611125567], [-100.435201337, 20.610700639], [-100.435122503, 20.610595652], [-100.435062149, 20.610506836], [-100.434956055, 20.610328042], [-100.434866877, 20.610146253], [-100.434820238, 20.610051182], [-100.434632081, 20.60956796], [-100.434547178, 20.609344918], [-100.434472886, 20.609101448], [-100.434449952, 20.608959254], [-100.434438262, 20.608864428], [-100.434364161, 20.608641297], [-100.434280577, 20.608507748], [-100.434214295, 20.608401843], [-100.433878433, 20.607909676], [-100.433410934, 20.607201632], [-100.433384287, 20.607173903], [-100.433317513, 20.607104415], [-100.43320732, 20.606989744], [-100.433089205, 20.606887204], [-100.432727544, 20.60657292], [-100.432413162, 20.606287569], [-100.432350489, 20.606230683], [-100.43218507, 20.606085307], [-100.43233285, 20.606050143], [-100.43249414, 20.606011764], [-100.432643625, 20.605976195], [-100.433179367, 20.605848715], [-100.433292415, 20.605821815], [-100.433582792, 20.605752719], [-100.433802706, 20.605700389], [-100.434157609, 20.605614736], [-100.434498516, 20.605532459], [-100.434804251, 20.605458671], [-100.434961592, 20.605420697], [-100.435049208, 20.605400917], [-100.435291837, 20.605327845], [-100.435560807, 20.605255251], [-100.436693773, 20.604977967], [-100.43704627, 20.604912118], [-100.437278758, 20.604850164], [-100.437613131, 20.604761057], [-100.438085177, 20.604645209], [-100.438345612, 20.604576215], [-100.438753394, 20.604473905], [-100.439808306, 20.604153406], [-100.439820118, 20.60417651], [-100.439886312, 20.604383037], [-100.439894896, 20.604417929], [-100.4399493, 20.604754682], [-100.440522564, 20.604631334], [-100.441036986, 20.604520884], [-100.441349692, 20.604450679], [-100.441546315, 20.604406536], [-100.441872638, 20.604335904], [-100.442085919, 20.60428974], [-100.442998488, 20.604089755], [-100.442887163, 20.603734081], [-100.44287947, 20.603706167], [-100.442837681, 20.603554549], [-100.442829484, 20.60352481], [-100.442745148, 20.603206628], [-100.442727584, 20.603133973], [-100.442645698, 20.602841656], [-100.442549131, 20.602478949], [-100.442523814, 20.602365139], [-100.442466434, 20.602107184], [-100.442454588, 20.60205393], [-100.442387052, 20.601750319], [-100.442367767, 20.601663622], [-100.442308247, 20.601396044], [-100.442270882, 20.601228068], [-100.442287153, 20.601101255], [-100.442319316, 20.600850591], [-100.44240112, 20.600713858], [-100.44248529, 20.600529512], [-100.442425039, 20.60032659], [-100.442418718, 20.600305304], [-100.442404156, 20.600256259], [-100.442381509, 20.600176545], [-100.442360974, 20.600099834], [-100.442316131, 20.599930791], [-100.442270858, 20.599755227], [-100.442262441, 20.599722587], [-100.44238114, 20.598836563], [-100.442386022, 20.598800125], [-100.442463244, 20.598767343], [-100.442520177, 20.598688303], [-100.442593294, 20.598180524], [-100.442711509, 20.597274817], [-100.442721536, 20.597197999], [-100.442849776, 20.596215474], [-100.443013375, 20.596010282], [-100.443058207, 20.595990898], [-100.443111158, 20.595944323], [-100.443193067, 20.595872235], [-100.4431478, 20.595673461], [-100.443151891, 20.595608086], [-100.443210611, 20.594779438], [-100.443369147, 20.593315391], [-100.443520461, 20.591914624], [-100.443573991, 20.591381231], [-100.4434594, 20.590917576], [-100.443346194, 20.590646694], [-100.443182737, 20.590370991], [-100.443057078, 20.590233637], [-100.443005952, 20.590177753], [-100.442858062, 20.590099195], [-100.442742786, 20.590037961], [-100.442612524, 20.589968766], [-100.442420584, 20.589866807], [-100.443374115, 20.589972479], [-100.443940719, 20.590035268], [-100.449651838, 20.590687239], [-100.449909611, 20.590717017], [-100.450327517, 20.590759095], [-100.450396751, 20.590766067], [-100.450466422, 20.590773082], [-100.450496136, 20.590776073], [-100.453676796, 20.591133809], [-100.453779598, 20.591145838], [-100.456161391, 20.591422758], [-100.456253071, 20.591433417], [-100.457594976, 20.591589378], [-100.463580954, 20.592277599], [-100.468359121, 20.59258149], [-100.475382334, 20.593259472], [-100.482768395, 20.594113866], [-100.484352215, 20.594382384], [-100.484937982, 20.594416115], [-100.485580701, 20.594325297], [-100.486165943, 20.594317759], [-100.486298147, 20.594357327], [-100.486331198, 20.594367219], [-100.486364249, 20.594377111], [-100.486430351, 20.594396895], [-100.486694759, 20.59447603], [-100.488629358, 20.593697024], [-100.488774923, 20.594049092], [-100.488815431, 20.594261631], [-100.488841262, 20.594397215], [-100.488890415, 20.594655169], [-100.489140908, 20.595969692], [-100.489163354, 20.596087415], [-100.489308352, 20.596245477], [-100.489387903, 20.596241002], [-100.489437361, 20.596275875], [-100.489541613, 20.596206531], [-100.490369551, 20.595655815], [-100.490721418, 20.595450188], [-100.491307224, 20.595327784], [-100.491311285, 20.59539066], [-100.491363259, 20.596195401], [-100.491068023, 20.597062107], [-100.492407296, 20.599585375], [-100.49246203, 20.600907377], [-100.49345483, 20.601777411], [-100.493744478, 20.602852169], [-100.494326633, 20.604010295], [-100.49438281, 20.604836601], [-100.494439581, 20.605456369]]]]}, "properties": {"state": "Querétaro", "distrito_local": "002", "distrito": "002", "source": "INE Cartografía Electoral", "source_section": "0294"}}, {"type": "Feature", "geometry": {"type": "MultiPolygon", "coordinates": [[[[-100.47527997, 20.633271174], [-100.475297975, 20.633026206], [-100.475301242, 20.632859156], [-100.475303446, 20.632746484], [-100.475298216, 20.632594809], [-100.475360053, 20.632242631], [-100.475291913, 20.63188255], [-100.475261007, 20.631674747], [-100.475232018, 20.631479831], [-100.475116141, 20.631105395], [-100.475004165, 20.630743556], [-100.474909044, 20.630347866], [-100.474781451, 20.629939215], [-100.474732192, 20.62979792], [-100.474400372, 20.629204351], [-100.474480414, 20.629179841], [-100.478348698, 20.627995285], [-100.47930027, 20.627696233], [-100.479370813, 20.627674063], [-100.479711539, 20.627566981], [-100.48013928, 20.627432551], [-100.480389786, 20.627348068], [-100.480556643, 20.627301382], [-100.482497894, 20.626691242], [-100.486037815, 20.625578637], [-100.489642126, 20.624445683], [-100.490109618, 20.624777364], [-100.490403232, 20.624488985], [-100.49075552, 20.624159432], [-100.491695146, 20.623211773], [-100.492342086, 20.622469115], [-100.493222563, 20.621480769], [-100.494044813, 20.620615413], [-100.494691155, 20.619832219], [-100.495512671, 20.619214686], [-100.495367843, 20.618931776], [-100.495279771, 20.618759709], [-100.495175165, 20.618374118], [-100.495138515, 20.618239022], [-100.496020675, 20.617834043], [-100.497872511, 20.615520352], [-100.49802271, 20.615399167], [-100.498098426, 20.615916663], [-100.498566962, 20.615876547], [-100.498801055, 20.615918451], [-100.498859256, 20.616042522], [-100.498975658, 20.616290666], [-100.499092061, 20.616538809], [-100.499267601, 20.616580563], [-100.499443142, 20.616622317], [-100.499618333, 20.616787993], [-100.499735087, 20.616912213], [-100.500027267, 20.617119493], [-100.500319448, 20.617326773], [-100.500554009, 20.617203443], [-100.50078857, 20.617080113], [-100.501081684, 20.61695693], [-100.501256643, 20.61720522], [-100.501431719, 20.617412202], [-100.501724019, 20.617578172], [-100.50219221, 20.617661969], [-100.502602081, 20.617663002], [-100.502836176, 20.617704899], [-100.503362921, 20.61778884], [-100.503186219, 20.618160167], [-100.50312697, 20.618407865], [-100.503009052, 20.618696724], [-100.502949919, 20.618903114], [-100.502949339, 20.619109652], [-100.502985345, 20.619135194], [-100.503066214, 20.619192562], [-100.503300313, 20.619234459], [-100.50365175, 20.619194034], [-100.504295954, 20.619154343], [-100.505582402, 20.619777183], [-100.505933839, 20.619736754], [-100.509500702, 20.621521864], [-100.51160627, 20.62239453], [-100.514120391, 20.623763862], [-100.519091432, 20.626047885], [-100.527805976, 20.62995165], [-100.526455553, 20.631311592], [-100.526513454, 20.631559574], [-100.52726521, 20.635155101], [-100.529248403, 20.638133917], [-100.529598897, 20.638465201], [-100.537037109, 20.638069477], [-100.5379746, 20.637865105], [-100.541959716, 20.636676341], [-100.548230522, 20.634707806], [-100.551394933, 20.633806136], [-100.551801252, 20.635252785], [-100.553396726, 20.637170914], [-100.553998982, 20.640931427], [-100.555153719, 20.648141014], [-100.556284589, 20.652487637], [-100.557415532, 20.656834247], [-100.558252144, 20.658271682], [-100.558270208, 20.660006356], [-100.558512258, 20.660706163], [-100.55912062, 20.66276544], [-100.561787282, 20.67083498], [-100.56523605, 20.669478951], [-100.565943111, 20.66974041], [-100.566298809, 20.670395073], [-100.570694487, 20.669206481], [-100.575558939, 20.667894835], [-100.577779213, 20.670253888], [-100.579474009, 20.671909624], [-100.58175335, 20.674103512], [-100.583505781, 20.676213687], [-100.583621718, 20.676750902], [-100.583679454, 20.677122775], [-100.583736912, 20.677618565], [-100.583911146, 20.678279816], [-100.583968326, 20.678899524], [-100.584084639, 20.679271515], [-100.584142192, 20.679725999], [-100.584258134, 20.680263213], [-100.584257113, 20.680717579], [-100.584256092, 20.681171945], [-100.584196403, 20.681667498], [-100.584136806, 20.682121745], [-100.584135785, 20.682576111], [-100.584135042, 20.682906559], [-100.584016868, 20.683360688], [-100.583840025, 20.683856004], [-100.583662902, 20.684475239], [-100.583485405, 20.685259697], [-100.58336695, 20.685837744], [-100.583190567, 20.68612653], [-100.583013532, 20.686704458], [-100.582778104, 20.687199655], [-100.582542023, 20.687983994], [-100.582129832, 20.6889332], [-100.581718849, 20.689345428], [-100.581073456, 20.689798485], [-100.581129417, 20.690955172], [-100.581094299, 20.691942628], [-100.581087942, 20.692121362], [-100.581093186, 20.692616975], [-100.581214075, 20.692946206], [-100.581454979, 20.693522064], [-100.581695885, 20.694097922], [-100.582891694, 20.696151184], [-100.58354809, 20.69715657], [-100.584204495, 20.698161952], [-100.585701758, 20.700955654], [-100.586901628, 20.703380588], [-100.587803205, 20.705354159], [-100.589185406, 20.708355508], [-100.59044586, 20.710945019], [-100.591278704, 20.711969238], [-100.591958414, 20.712396074], [-100.592298271, 20.712609491], [-100.592638129, 20.712822907], [-100.59335359, 20.713848301], [-100.593418466, 20.714425918], [-100.593423756, 20.714921528], [-100.594077, 20.715617106], [-100.596636477, 20.717099818], [-100.59662216, 20.717125732], [-100.596579207, 20.717203476], [-100.596348347, 20.717494493], [-100.596061104, 20.717950975], [-100.595421344, 20.71841133], [-100.593785744, 20.719088676], [-100.592036762, 20.720055729], [-100.590583299, 20.721143162], [-100.588776699, 20.722193239], [-100.58796595, 20.723026344], [-100.587391982, 20.723980489], [-100.586757924, 20.724796103], [-100.586584166, 20.725019613], [-100.585879334, 20.725954093], [-100.585417685, 20.72656615], [-100.585142412, 20.726931105], [-100.584691233, 20.728254803], [-100.584280526, 20.728300503], [-100.583927986, 20.728304354], [-100.583517868, 20.728391257], [-100.583225852, 20.72851808], [-100.582820447, 20.728934622], [-100.582593078, 20.729472853], [-100.579282414, 20.730147742], [-100.575971716, 20.730822569], [-100.572749414, 20.73151698], [-100.569530594, 20.732458564], [-100.565368075, 20.73316303], [-100.563271613, 20.733446538], [-100.561417302, 20.733697277], [-100.559737106, 20.733924454], [-100.556743861, 20.734203983], [-100.551421694, 20.736033322], [-100.548954328, 20.73610101], [-100.548607451, 20.742601904], [-100.548198266, 20.742187938], [-100.547788779, 20.741897891], [-100.547262095, 20.741607584], [-100.546207711, 20.741440027], [-100.545328923, 20.741355466], [-100.544508531, 20.741353644], [-100.543863628, 20.741476129], [-100.543335718, 20.741681486], [-100.542984018, 20.741722008], [-100.542750031, 20.741556259], [-100.542515941, 20.741431816], [-100.542164241, 20.741472336], [-100.541812643, 20.741471549], [-100.541930461, 20.741223973], [-100.542107394, 20.740769996], [-100.542167025, 20.740357064], [-100.542109973, 20.739737336], [-100.541232436, 20.739157077], [-100.539945547, 20.738245439], [-100.539185223, 20.737665432], [-100.53877566, 20.737416667], [-100.538483191, 20.737209473], [-100.538073213, 20.737125932], [-100.537604429, 20.737124871], [-100.537371082, 20.736711275], [-100.537137631, 20.736338985], [-100.537079557, 20.736132319], [-100.536552597, 20.735965896], [-100.536259399, 20.736047843], [-100.535965886, 20.736253709], [-100.53496983, 20.736210134], [-100.534501048, 20.736209064], [-100.534090864, 20.736208126], [-100.533680469, 20.736289801], [-100.533093963, 20.736494992], [-100.532209277, 20.738723531], [-100.532202927, 20.741201925], [-100.532375554, 20.742441525], [-100.532315579, 20.742978375], [-100.532022365, 20.743060316], [-100.531788069, 20.743018471], [-100.531554197, 20.7428114], [-100.531146435, 20.741860406], [-100.530913521, 20.741281574], [-100.530739527, 20.740578957], [-100.530388674, 20.740289001], [-100.53038995, 20.739793322], [-100.529629119, 20.739419804], [-100.529749939, 20.73801565], [-100.529753242, 20.736735145], [-100.529873421, 20.73557883], [-100.52999264, 20.734794275], [-100.530227881, 20.734464364], [-100.530228733, 20.734133911], [-100.530112285, 20.733844494], [-100.529702319, 20.733760932], [-100.529292461, 20.733636063], [-100.528764876, 20.733717455], [-100.528002259, 20.73404614], [-100.527591329, 20.734334334], [-100.527063525, 20.734498334], [-100.526652807, 20.734703912], [-100.526358853, 20.735074989], [-100.526006838, 20.735239396], [-100.525596008, 20.735486278], [-100.525244099, 20.735609377], [-100.5245338, 20.738333974], [-100.523656225, 20.737794927], [-100.523540326, 20.737298971], [-100.523073273, 20.736636963], [-100.522722443, 20.736346989], [-100.522489245, 20.735892064], [-100.522432275, 20.735272324], [-100.521906092, 20.734816708], [-100.521612779, 20.734939937], [-100.521849561, 20.734031741], [-100.522027527, 20.73320602], [-100.521912617, 20.732338302], [-100.521505055, 20.731345971], [-100.521156312, 20.730271164], [-100.520631133, 20.729443781], [-100.520047037, 20.728740177], [-100.519638294, 20.728202215], [-100.518996819, 20.727044093], [-100.518354585, 20.726175115], [-100.517594621, 20.725512389], [-100.516424949, 20.724683451], [-100.515137326, 20.72414337], [-100.514082864, 20.724058221], [-100.51320474, 20.723766954], [-100.512677622, 20.723683067], [-100.511682204, 20.723432815], [-100.511214464, 20.723059917], [-100.510864808, 20.722356845], [-100.510632564, 20.721571443], [-100.510225444, 20.720455157], [-100.509992309, 20.72000021], [-100.509525258, 20.719379464], [-100.509058099, 20.718800023], [-100.50835714, 20.718013472], [-100.507713652, 20.717640133], [-100.506894845, 20.717101131], [-100.506368659, 20.716686766], [-100.506135655, 20.716190506], [-100.506197306, 20.715075358], [-100.506197522, 20.714996822], [-100.506199573, 20.714249216], [-100.506142571, 20.713670772], [-100.505910027, 20.713009282], [-100.506087837, 20.712266186], [-100.506161341, 20.71190846], [-100.506206603, 20.711688175], [-100.506325368, 20.711110163], [-100.506385998, 20.710366779], [-100.5066803, 20.709871814], [-100.507208612, 20.709501344], [-100.507619746, 20.709130586], [-100.507796754, 20.708676639], [-100.508266359, 20.70834733], [-100.508443589, 20.707810768], [-100.507975681, 20.707520471], [-100.507506643, 20.707643243], [-100.507391165, 20.707023349], [-100.507042588, 20.705948501], [-100.506751468, 20.705286867], [-100.506109742, 20.70429391], [-100.504877851, 20.70486917], [-100.503946508, 20.702677577], [-100.502006877, 20.704944677], [-100.50224065, 20.705151796], [-100.502356677, 20.705565159], [-100.500069147, 20.706509536], [-100.499893501, 20.70646779], [-100.498955068, 20.706837211], [-100.498667794, 20.704812422], [-100.496968438, 20.704932079], [-100.496277257, 20.700716963], [-100.495756515, 20.698402422], [-100.495700028, 20.697658742], [-100.495761174, 20.696750128], [-100.495471405, 20.69563409], [-100.494360081, 20.695011662], [-100.493306528, 20.694678527], [-100.49231121, 20.694469457], [-100.49230933, 20.695130375], [-100.492190872, 20.695584459], [-100.487800105, 20.694540526], [-100.487744728, 20.693425073], [-100.48804298, 20.69156699], [-100.488283951, 20.689254372], [-100.487464534, 20.689004416], [-100.486996484, 20.68879667], [-100.486528316, 20.68863023], [-100.486236248, 20.688340321], [-100.48594442, 20.687967796], [-100.485418631, 20.687470741], [-100.485126567, 20.687180829], [-100.484716866, 20.687055843], [-100.484423846, 20.687096391], [-100.484013547, 20.687177941], [-100.483544307, 20.687383261], [-100.483016605, 20.68754712], [-100.482488662, 20.687793592], [-100.482019778, 20.687874985], [-100.481785337, 20.687915681], [-100.481316453, 20.687997073], [-100.480731011, 20.687871618], [-100.480321311, 20.687746622], [-100.480087352, 20.687622085], [-100.479736717, 20.68733201], [-100.479444664, 20.687042088], [-100.47932811, 20.686835242], [-100.479211677, 20.686587089], [-100.479153824, 20.686339089], [-100.478920596, 20.685966704], [-100.478745342, 20.685801012], [-100.478277434, 20.685551933], [-100.477925957, 20.685551008], [-100.477515413, 20.685715158], [-100.477339431, 20.68579731], [-100.476928886, 20.685961459], [-100.4766355, 20.686125916], [-100.476283168, 20.686414142], [-100.475932543, 20.686124059], [-100.475581553, 20.685957898], [-100.475231297, 20.68554389], [-100.474647582, 20.684840105], [-100.474355666, 20.684508866], [-100.474180786, 20.684219245], [-100.473830415, 20.683846541], [-100.473538257, 20.683597916], [-100.473304556, 20.683390753], [-100.473123305, 20.683325525], [-100.473013287, 20.683430841], [-100.472959179, 20.68346757], [-100.472664774, 20.683667417], [-100.472452696, 20.683748913], [-100.472135961, 20.683868627], [-100.472039193, 20.683902018], [-100.471920504, 20.683924743], [-100.4718674, 20.683928866], [-100.471403154, 20.683964911], [-100.471051888, 20.683953024], [-100.469561015, 20.683864523], [-100.468713043, 20.68381469], [-100.468536508, 20.683804315], [-100.467658659, 20.68375272], [-100.467348402, 20.683728569], [-100.467066356, 20.683677382], [-100.466590836, 20.683574255], [-100.466045296, 20.683427066], [-100.465601067, 20.683287944], [-100.46523612, 20.683168987], [-100.464886733, 20.683023103], [-100.464654673, 20.682905992], [-100.463182095, 20.682084918], [-100.462692674, 20.681850906], [-100.462365863, 20.681749481], [-100.462061679, 20.681698475], [-100.461622104, 20.681714111], [-100.461325273, 20.681770216], [-100.461125152, 20.681833289], [-100.461047734, 20.681858904], [-100.460018139, 20.68236778], [-100.459835162, 20.682469447], [-100.458712775, 20.683093067], [-100.458534493, 20.683189627], [-100.458360527, 20.683278224], [-100.457662486, 20.683648516], [-100.457083474, 20.68396295], [-100.456864742, 20.684080409], [-100.456564182, 20.68425322], [-100.456342719, 20.684417342], [-100.456162562, 20.684600467], [-100.455981334, 20.684837188], [-100.455877323, 20.685043486], [-100.45579688, 20.685233211], [-100.455720253, 20.685491376], [-100.455702739, 20.685562731], [-100.455654685, 20.685758507], [-100.455634186, 20.685842025], [-100.455624328, 20.685882185], [-100.45554627, 20.686321965], [-100.455421507, 20.68700626], [-100.455392733, 20.687140472], [-100.455300681, 20.687396766], [-100.455280181, 20.687446575], [-100.45521668, 20.687588523], [-100.45512793, 20.687736638], [-100.455010808, 20.687895413], [-100.454915219, 20.687989998], [-100.454783549, 20.688116147], [-100.454729503, 20.688154332], [-100.454602951, 20.688243742], [-100.454574575, 20.688263789], [-100.454381077, 20.688375575], [-100.45418255, 20.688457632], [-100.453811311, 20.688564003], [-100.452962182, 20.688802645], [-100.452115739, 20.688972439], [-100.452079346, 20.688977889], [-100.4520443, 20.68898235], [-100.451055893, 20.68915401], [-100.450274872, 20.689353169], [-100.449877801, 20.689441725], [-100.449595311, 20.689508407], [-100.449173368, 20.689614088], [-100.448909552, 20.689689787], [-100.448341776, 20.689831819], [-100.447512075, 20.689967179], [-100.446434024, 20.690127004], [-100.445995517, 20.690186488], [-100.445754516, 20.69021918], [-100.444600154, 20.690408685], [-100.444378993, 20.690444769], [-100.444111268, 20.69048743], [-100.443403334, 20.690619906], [-100.443305179, 20.690638473], [-100.442793319, 20.690735292], [-100.442516612, 20.690788593], [-100.44210065, 20.690847105], [-100.441900101, 20.690880821], [-100.441020827, 20.691011884], [-100.440699163, 20.691058699], [-100.440480029, 20.691090593], [-100.439897321, 20.691178664], [-100.439808742, 20.691192779], [-100.439719011, 20.691203875], [-100.437914316, 20.691410152], [-100.436383581, 20.691551304], [-100.436080036, 20.691578753], [-100.436040489, 20.691237809], [-100.435789463, 20.689029786], [-100.435479966, 20.686074831], [-100.435421833, 20.685551143], [-100.435216072, 20.683697529], [-100.434593362, 20.677734931], [-100.434586135, 20.677678552], [-100.434564091, 20.677460318], [-100.434551132, 20.677332016], [-100.434367943, 20.677309723], [-100.434131231, 20.677220576], [-100.433961247, 20.677290905], [-100.432223555, 20.677143806], [-100.431736041, 20.677175849], [-100.431021487, 20.677103402], [-100.430777703, 20.677116622], [-100.430612247, 20.677235566], [-100.43041773, 20.677427532], [-100.430186263, 20.677485439], [-100.429588109, 20.677137689], [-100.429183785, 20.677080157], [-100.427981602, 20.676434683], [-100.422373069, 20.673416136], [-100.421713487, 20.673042369], [-100.421084056, 20.672775721], [-100.420968843, 20.672371887], [-100.420942395, 20.672275642], [-100.421454185, 20.671926491], [-100.421552055, 20.671838837], [-100.421674475, 20.671729197], [-100.421919352, 20.671509883], [-100.421968945, 20.671522073], [-100.422104002, 20.671511527], [-100.422182134, 20.671472406], [-100.422296543, 20.67128985], [-100.422392347, 20.671216722], [-100.422498522, 20.671203534], [-100.422518441, 20.671205503], [-100.422528401, 20.671206488], [-100.422627833, 20.671216319], [-100.422738913, 20.671203089], [-100.422808625, 20.671137872], [-100.422876558, 20.671057279], [-100.422960973, 20.670990402], [-100.422930779, 20.67090908], [-100.422868182, 20.670860345], [-100.422795559, 20.670788608], [-100.422770242, 20.670704167], [-100.422782378, 20.670602487], [-100.4228544, 20.670434132], [-100.423264293, 20.669845896], [-100.423590271, 20.669553857], [-100.423914456, 20.669244902], [-100.424235325, 20.668931357], [-100.424332848, 20.668867449], [-100.424421549, 20.668734355], [-100.42462474, 20.668252481], [-100.424970661, 20.667469306], [-100.424955676, 20.667309903], [-100.424943797, 20.667239311], [-100.424947342, 20.667158897], [-100.424983498, 20.66714709], [-100.425035648, 20.667130061], [-100.425182127, 20.667082229], [-100.425493389, 20.666735631], [-100.425765592, 20.666327171], [-100.426225733, 20.666109267], [-100.426298163, 20.665885397], [-100.426330639, 20.665798779], [-100.426357527, 20.665727064], [-100.426374377, 20.665682123], [-100.426392049, 20.665634988], [-100.426405265, 20.665599738], [-100.426550897, 20.665481677], [-100.426792017, 20.665315021], [-100.42783481, 20.664537639], [-100.428084714, 20.664344991], [-100.428486177, 20.663878682], [-100.428888989, 20.66335204], [-100.429212385, 20.662886649], [-100.429273021, 20.662799388], [-100.4300881, 20.662757745], [-100.430745329, 20.662682521], [-100.431193576, 20.66266192], [-100.43144003, 20.662650592], [-100.431967372, 20.662558998], [-100.432337028, 20.662451267], [-100.432465116, 20.662275769], [-100.432741198, 20.662076704], [-100.432827303, 20.662014619], [-100.432874108, 20.66198087], [-100.433012844, 20.661880836], [-100.433331122, 20.661736549], [-100.433636078, 20.661646797], [-100.43413398, 20.661381006], [-100.434511833, 20.661159821], [-100.434890469, 20.660853557], [-100.435273608, 20.66037725], [-100.435493616, 20.660120015], [-100.435731899, 20.659841411], [-100.43591451, 20.659552074], [-100.436037121, 20.659471848], [-100.436107278, 20.659425943], [-100.436165729, 20.659552645], [-100.436318526, 20.659924764], [-100.436497055, 20.660262768], [-100.436565326, 20.660246378], [-100.436662887, 20.660222353], [-100.438142341, 20.659827569], [-100.439703246, 20.659441548], [-100.441255291, 20.65903553], [-100.441505457, 20.658970786], [-100.442800655, 20.658635571], [-100.44320422, 20.65853], [-100.444343497, 20.658231965], [-100.444638449, 20.658154567], [-100.445557468, 20.657927437], [-100.445876899, 20.657845587], [-100.446631897, 20.657641766], [-100.446814187, 20.657577832], [-100.446863948, 20.657560377], [-100.446944561, 20.657532106], [-100.446257087, 20.656517834], [-100.446015363, 20.6561344], [-100.445962421, 20.656050421], [-100.445676028, 20.655596128], [-100.44552075, 20.655339896], [-100.44509462, 20.654636713], [-100.444780747, 20.65412757], [-100.444644639, 20.653769975], [-100.444560659, 20.6535376], [-100.444406245, 20.65332847], [-100.444251832, 20.65311934], [-100.44383503, 20.652736998], [-100.443570576, 20.652516167], [-100.443369474, 20.652316572], [-100.443209513, 20.652022014], [-100.443130337, 20.651766349], [-100.443089995, 20.651558527], [-100.443063655, 20.651285216], [-100.44308499, 20.651084163], [-100.443172945, 20.650574051], [-100.443308448, 20.650187248], [-100.443634177, 20.649644098], [-100.443738094, 20.649640048], [-100.443788172, 20.649638096], [-100.444627954, 20.649605358], [-100.445005661, 20.649579201], [-100.44606219, 20.649515228], [-100.446504574, 20.649505275], [-100.447173824, 20.649490216], [-100.44827479, 20.649429539], [-100.44830543, 20.650102026], [-100.448317749, 20.650440049], [-100.449082478, 20.650393928], [-100.449435496, 20.650372851], [-100.450546425, 20.650332141], [-100.451037695, 20.650309482], [-100.451322243, 20.650296358], [-100.451398501, 20.651583975], [-100.451653599, 20.651574612], [-100.452014626, 20.651561361], [-100.452395741, 20.651547372], [-100.45263037, 20.651538759], [-100.45322716, 20.651516851], [-100.453396948, 20.651667314], [-100.453492413, 20.651932236], [-100.453669443, 20.652423247], [-100.453837833, 20.652885351], [-100.453859314, 20.652950403], [-100.453979788, 20.653286042], [-100.45409041, 20.653118094], [-100.454141649, 20.653040301], [-100.454304435, 20.65279361], [-100.45433655, 20.65274494], [-100.454400501, 20.652647985], [-100.45472451, 20.652156756], [-100.454896206, 20.651896395], [-100.454971635, 20.651782569], [-100.455121446, 20.65167604], [-100.455223957, 20.651603146], [-100.455488883, 20.651265876], [-100.455785939, 20.6508877], [-100.455983097, 20.650636701], [-100.456286544, 20.6508111], [-100.456332875, 20.650733525], [-100.457102043, 20.651160166], [-100.457309716, 20.650863071], [-100.457509412, 20.650543594], [-100.457627717, 20.650609537], [-100.457855161, 20.650335495], [-100.458172431, 20.649902234], [-100.45884073, 20.650303605], [-100.459254448, 20.650570392], [-100.459255882, 20.650569932], [-100.459258076, 20.650569228], [-100.459345777, 20.65054109], [-100.460037067, 20.650576811], [-100.460185428, 20.650584477], [-100.460329297, 20.650633396], [-100.460403205, 20.650671517], [-100.462210639, 20.651161645], [-100.462345389, 20.650856319], [-100.462524714, 20.650449987], [-100.462544087, 20.650406091], [-100.462728786, 20.649987581], [-100.462907647, 20.649590714], [-100.463108373, 20.649109963], [-100.463310335, 20.648679015], [-100.463493682, 20.648265735], [-100.463678364, 20.647854609], [-100.463808732, 20.647591224], [-100.463833102, 20.647535556], [-100.464043345, 20.647055289], [-100.462550172, 20.64638266], [-100.462837681, 20.645532653], [-100.463111052, 20.644659151], [-100.463149958, 20.64444492], [-100.463159905, 20.644390146], [-100.4633837, 20.643618289], [-100.463446722, 20.64349206], [-100.463521644, 20.643441906], [-100.463558103, 20.643163715], [-100.463616686, 20.642716704], [-100.463899243, 20.642694591], [-100.464698039, 20.642681484], [-100.46508126, 20.642774953], [-100.46546626, 20.642868854], [-100.465818457, 20.642954754], [-100.466218053, 20.643052214], [-100.466472778, 20.643114339], [-100.466546165, 20.643132238], [-100.467255267, 20.64330518], [-100.467364433, 20.642913722], [-100.467713972, 20.64166029], [-100.467806409, 20.641295538], [-100.468174916, 20.640355396], [-100.468278894, 20.639555728], [-100.46833695, 20.639165597], [-100.468321165, 20.639084176], [-100.468253846, 20.638736949], [-100.468229278, 20.638610233], [-100.468169973, 20.63830434], [-100.468142829, 20.638164328], [-100.468081991, 20.637850529], [-100.468058438, 20.637729044], [-100.467997642, 20.637415455], [-100.467971763, 20.637281968], [-100.467912493, 20.636976249], [-100.467889032, 20.636855237], [-100.467826297, 20.63653164], [-100.467787905, 20.636339477], [-100.467724291, 20.636081046], [-100.467616763, 20.635644206], [-100.467507051, 20.635198492], [-100.46832591, 20.635106433], [-100.468950623, 20.635036198], [-100.469116372, 20.635018514], [-100.469316928, 20.634996301], [-100.469623226, 20.63495646], [-100.470044904, 20.634901611], [-100.471558632, 20.634631407], [-100.472380145, 20.634452411], [-100.472668357, 20.63447393], [-100.472906515, 20.634482673], [-100.473096334, 20.634463815], [-100.47320375, 20.634445658], [-100.473343067, 20.634412145], [-100.473372622, 20.634497886], [-100.473644131, 20.634373858], [-100.473741764, 20.634361442], [-100.473860019, 20.634346403], [-100.473990944, 20.634329753], [-100.474369663, 20.63426448], [-100.474706382, 20.634206445], [-100.474954362, 20.634173053], [-100.47540604, 20.63408805], [-100.475295117, 20.633629856], [-100.47527997, 20.633271174]]]]}, "properties": {"state": "Querétaro", "distrito_local": "003", "distrito": "003", "source": "INE Cartografía Electoral", "source_section": "0266"}}, {"type": "Feature", "geometry": {"type": "MultiPolygon", "coordinates": [[[[-100.395686761, 20.623731807], [-100.395757721, 20.623763359], [-100.396868224, 20.624257122], [-100.397108562, 20.624366614], [-100.398011979, 20.624778182], [-100.398197446, 20.624862673], [-100.398814059, 20.625143577], [-100.399116096, 20.625281172], [-100.399365009, 20.62539825], [-100.399552531, 20.625486451], [-100.399638047, 20.625526674], [-100.399711753, 20.625561341], [-100.399737252, 20.625421512], [-100.402730598, 20.62678465], [-100.40289836, 20.626861045], [-100.402869063, 20.627551782], [-100.402840205, 20.627858686], [-100.40282733, 20.627995607], [-100.402817744, 20.62809756], [-100.402807693, 20.628386549], [-100.402792036, 20.628836765], [-100.402786338, 20.629073148], [-100.402776343, 20.629487789], [-100.40276654, 20.629894501], [-100.403554866, 20.62982884], [-100.403981124, 20.629787738], [-100.404567587, 20.629728519], [-100.405890423, 20.629611363], [-100.406551746, 20.629545352], [-100.406602806, 20.629514357], [-100.406612373, 20.629613888], [-100.406600221, 20.629826594], [-100.406584882, 20.629954445], [-100.406484611, 20.630284342], [-100.406369253, 20.630658735], [-100.406243436, 20.631097886], [-100.40623619, 20.631122502], [-100.406121307, 20.631514987], [-100.406016249, 20.631934397], [-100.405943048, 20.632226625], [-100.405920133, 20.632288941], [-100.405888675, 20.632385623], [-100.405724047, 20.633048408], [-100.405694712, 20.633180598], [-100.405672042, 20.63345145], [-100.405675548, 20.633637506], [-100.405700337, 20.633792939], [-100.405737968, 20.633977025], [-100.40581247, 20.634262312], [-100.405873633, 20.634464815], [-100.405960574, 20.634734775], [-100.405995849, 20.63485798], [-100.406048556, 20.635118069], [-100.406072077, 20.635331029], [-100.406063037, 20.63552057], [-100.406044965, 20.63570511], [-100.406023875, 20.635952266], [-100.405989413, 20.636342204], [-100.405983179, 20.636412734], [-100.405980381, 20.636449756], [-100.405949532, 20.636857918], [-100.405895407, 20.63740133], [-100.405888657, 20.637469109], [-100.405869782, 20.637761922], [-100.405842017, 20.638064958], [-100.405750957, 20.639172883], [-100.405732103, 20.639402276], [-100.405704456, 20.639709499], [-100.405627744, 20.640561923], [-100.405581548, 20.641010593], [-100.405569497, 20.641179534], [-100.405563832, 20.641258953], [-100.405446287, 20.642327817], [-100.405317891, 20.643218683], [-100.405373558, 20.643226956], [-100.405398943, 20.643230728], [-100.405455773, 20.643239174], [-100.406037068, 20.6433945], [-100.406436854, 20.643468191], [-100.40620449, 20.64486876], [-100.405809749, 20.644812673], [-100.405190269, 20.644724654], [-100.405005055, 20.6457445], [-100.404959232, 20.645995799], [-100.405320279, 20.646051528], [-100.40577463, 20.646113087], [-100.406279562, 20.64619203], [-100.406809758, 20.646276698], [-100.407154351, 20.646335554], [-100.407098249, 20.646659021], [-100.407015517, 20.647036433], [-100.406938782, 20.647396409], [-100.406849733, 20.647756485], [-100.406773104, 20.648128052], [-100.406702098, 20.648441613], [-100.406696368, 20.648488027], [-100.406623049, 20.648875101], [-100.407566245, 20.64904406], [-100.408614874, 20.649184433], [-100.408606548, 20.649284845], [-100.408531148, 20.649684257], [-100.40870435, 20.650824905], [-100.408346004, 20.650858311], [-100.408147523, 20.652040214], [-100.408141369, 20.652078138], [-100.408136425, 20.652108611], [-100.40793702, 20.653136088], [-100.407828071, 20.65369653], [-100.407319749, 20.653627842], [-100.403708878, 20.653031475], [-100.40351653, 20.654075479], [-100.403264374, 20.655556738], [-100.403189862, 20.656010646], [-100.403030588, 20.656856843], [-100.402941556, 20.657405922], [-100.402806999, 20.657383737], [-100.402731355, 20.65782196], [-100.402212516, 20.657735144], [-100.401193341, 20.657589458], [-100.400228596, 20.657433059], [-100.400307872, 20.656960249], [-100.399841397, 20.656901919], [-100.399766802, 20.657329718], [-100.399691808, 20.657684287], [-100.399650428, 20.658001186], [-100.398745143, 20.657914805], [-100.398666268, 20.658296331], [-100.398594492, 20.658671059], [-100.39852284, 20.659059268], [-100.398450879, 20.659413773], [-100.398382366, 20.659820987], [-100.397971521, 20.659756742], [-100.397606871, 20.659696949], [-100.397158442, 20.65963231], [-100.397132152, 20.659784455], [-100.39712298, 20.659837538], [-100.397038122, 20.659828413], [-100.395184621, 20.659571815], [-100.395110471, 20.659582702], [-100.39429968, 20.659465056], [-100.394288176, 20.65954027], [-100.394245882, 20.659779388], [-100.394219606, 20.659927943], [-100.394189686, 20.660097096], [-100.394153515, 20.66030682], [-100.393800272, 20.662354909], [-100.393685288, 20.662871203], [-100.393619535, 20.663166441], [-100.393564548, 20.663381276], [-100.393454574, 20.663810945], [-100.393388694, 20.663998927], [-100.39336443, 20.664068162], [-100.393330496, 20.66414507], [-100.392472458, 20.663532123], [-100.391407065, 20.662771029], [-100.39062927, 20.662206726], [-100.390045, 20.661781666], [-100.389616667, 20.661536666], [-100.389226667, 20.661400833], [-100.38882, 20.661326667], [-100.388467328, 20.661315465], [-100.388168333, 20.661341667], [-100.387853333, 20.661411667], [-100.387484167, 20.66155], [-100.387095, 20.661783333], [-100.38452753, 20.663919012], [-100.384004182, 20.664354334], [-100.382428446, 20.665665007], [-100.382536782, 20.66605858], [-100.38266164, 20.666623886], [-100.38273449, 20.66706564], [-100.382887744, 20.667791312], [-100.382995624, 20.668134175], [-100.383167665, 20.668620213], [-100.383324716, 20.669103554], [-100.383512059, 20.669626095], [-100.383840257, 20.670634306], [-100.384609942, 20.672658608], [-100.384749375, 20.673026802], [-100.385049766, 20.674030164], [-100.385077449, 20.674146852], [-100.385089083, 20.674253891], [-100.385074809, 20.674351653], [-100.385011335, 20.674471634], [-100.384769508, 20.674681571], [-100.384336662, 20.675044473], [-100.383938254, 20.675690729], [-100.383358321, 20.676610455], [-100.383080578, 20.677444657], [-100.382839731, 20.67822353], [-100.382529365, 20.678680453], [-100.381705961, 20.679123744], [-100.381455799, 20.679207231], [-100.381047011, 20.679230615], [-100.380348332, 20.679245381], [-100.379766027, 20.679291206], [-100.379348607, 20.679182843], [-100.378953621, 20.67921165], [-100.378159464, 20.679615601], [-100.377436346, 20.679971362], [-100.3762796, 20.680788563], [-100.375327678, 20.681621978], [-100.37422876, 20.682593496], [-100.373364664, 20.683437827], [-100.372487101, 20.684277418], [-100.371454622, 20.685767187], [-100.371137009, 20.686179441], [-100.370918427, 20.686576908], [-100.371036641, 20.687207728], [-100.371176105, 20.687572686], [-100.371274426, 20.688096352], [-100.371260565, 20.688674499], [-100.371311941, 20.689068513], [-100.371187057, 20.689520662], [-100.370888604, 20.689874422], [-100.370104582, 20.690472269], [-100.368982473, 20.691303313], [-100.367907436, 20.692406189], [-100.367855422, 20.692627936], [-100.360221647, 20.690680559], [-100.362362053, 20.68703422], [-100.362759216, 20.686358042], [-100.362602501, 20.686277975], [-100.360448618, 20.686392109], [-100.359408424, 20.686280617], [-100.357611996, 20.686007947], [-100.357413949, 20.685985793], [-100.357215902, 20.685963639], [-100.357598807, 20.685174073], [-100.357737502, 20.684888076], [-100.359297176, 20.681671865], [-100.356196735, 20.680756745], [-100.356106964, 20.680748418], [-100.356068228, 20.680744205], [-100.354152523, 20.68051083], [-100.353066108, 20.679478184], [-100.353039171, 20.679451293], [-100.351025905, 20.67754734], [-100.350979911, 20.67750253], [-100.350716145, 20.67725616], [-100.350977457, 20.676648828], [-100.350993335, 20.676612567], [-100.351343873, 20.675817079], [-100.351357971, 20.675783089], [-100.351535769, 20.67533225], [-100.351614039, 20.674956722], [-100.351619718, 20.67492054], [-100.351943431, 20.673185771], [-100.352061618, 20.672552402], [-100.352075436, 20.672385163], [-100.352135147, 20.671472252], [-100.351993841, 20.669538557], [-100.351923191, 20.66857171], [-100.351185986, 20.668448753], [-100.346247199, 20.667615588], [-100.343296915, 20.667157526], [-100.342840006, 20.667082037], [-100.342863143, 20.664561336], [-100.342989444, 20.662430462], [-100.343034308, 20.661673529], [-100.343038791, 20.661597894], [-100.343045708, 20.661481188], [-100.343106505, 20.660455442], [-100.343154593, 20.659644096], [-100.343188915, 20.65906503], [-100.343208138, 20.658745532], [-100.343380687, 20.655877723], [-100.343455367, 20.654636496], [-100.343521258, 20.653541349], [-100.34381939, 20.648903977], [-100.34388938, 20.647815269], [-100.343963073, 20.646715331], [-100.344041942, 20.645442124], [-100.344105967, 20.644446194], [-100.34412572, 20.644441523], [-100.344250159, 20.642254291], [-100.344286402, 20.641532426], [-100.344319584, 20.640871526], [-100.339731602, 20.641017861], [-100.339947332, 20.639864331], [-100.340233195, 20.638911267], [-100.340216495, 20.638545514], [-100.340003343, 20.637520602], [-100.339980569, 20.637427109], [-100.339775562, 20.636859548], [-100.339566375, 20.635917101], [-100.339158821, 20.634068258], [-100.339143636, 20.633995342], [-100.339134402, 20.633951003], [-100.338943467, 20.633105531], [-100.338728834, 20.632156348], [-100.338405941, 20.630726935], [-100.338234967, 20.629996014], [-100.33754884, 20.627088285], [-100.337259706, 20.62714344], [-100.33682073, 20.627227176], [-100.336845607, 20.627328618], [-100.336543874, 20.627391934], [-100.336459598, 20.62701315], [-100.336428069, 20.626871106], [-100.336395921, 20.626726808], [-100.33682243, 20.626637341], [-100.337100261, 20.626579069], [-100.337079081, 20.626488891], [-100.337137301, 20.626477004], [-100.337195769, 20.626465056], [-100.33778046, 20.626345689], [-100.33776985, 20.626298342], [-100.338117221, 20.626225786], [-100.338162881, 20.626216248], [-100.338224605, 20.626045735], [-100.338326857, 20.625763269], [-100.338509187, 20.625527325], [-100.338535784, 20.625492914], [-100.33855305, 20.625470567], [-100.33866223, 20.625329289], [-100.338552303, 20.625309814], [-100.338697986, 20.625028625], [-100.33873054, 20.624944807], [-100.338745117, 20.624873835], [-100.338857387, 20.624327241], [-100.338865223, 20.624271745], [-100.338872072, 20.624223234], [-100.338879488, 20.624170692], [-100.338889745, 20.624097989], [-100.338894015, 20.624067771], [-100.338899439, 20.624029342], [-100.338907096, 20.623975094], [-100.338912881, 20.623934083], [-100.338918665, 20.623893126], [-100.338843641, 20.623886932], [-100.338706368, 20.623860893], [-100.338047312, 20.623732745], [-100.337893429, 20.623693283], [-100.337826064, 20.623671219], [-100.337791162, 20.623657938], [-100.337757459, 20.623644648], [-100.33769817, 20.623620263], [-100.337630106, 20.623586912], [-100.337581931, 20.623564699], [-100.337477667, 20.623506784], [-100.337409484, 20.623459883], [-100.337336165, 20.623408504], [-100.337270042, 20.623357069], [-100.337196605, 20.62329214], [-100.337138839, 20.623236123], [-100.337072839, 20.62316436], [-100.337031324, 20.623114994], [-100.337007378, 20.623084328], [-100.336981276, 20.623049883], [-100.33692843, 20.622973502], [-100.33686941, 20.622876841], [-100.3368267, 20.622793605], [-100.33677376, 20.622672053], [-100.336718327, 20.62250535], [-100.336683844, 20.622333967], [-100.336668553, 20.622162436], [-100.336669434, 20.621988521], [-100.336688822, 20.621839307], [-100.336723706, 20.621507031], [-100.336725874, 20.621274384], [-100.336687877, 20.620906535], [-100.336661945, 20.620787032], [-100.336639669, 20.620674277], [-100.336564956, 20.620428674], [-100.336454684, 20.620163018], [-100.336331514, 20.619931341], [-100.33625059, 20.619798712], [-100.33617622, 20.619695394], [-100.336089458, 20.619580879], [-100.336004274, 20.619475386], [-100.335896822, 20.619361031], [-100.335837141, 20.619291478], [-100.335788293, 20.619226357], [-100.335732392, 20.619143223], [-100.335720221, 20.61912299], [-100.335663842, 20.619019533], [-100.335632067, 20.618952022], [-100.335606083, 20.618929638], [-100.335562826, 20.618920938], [-100.335438326, 20.618397512], [-100.335425551, 20.61834381], [-100.335387585, 20.618082112], [-100.3358392, 20.618010867], [-100.335892667, 20.6180525], [-100.336050333, 20.6187455], [-100.336087833, 20.618766333], [-100.336137833, 20.618760333], [-100.336181667, 20.61872], [-100.336185667, 20.618664833], [-100.336150167, 20.6186185], [-100.3361055, 20.618575333], [-100.335973667, 20.618028333], [-100.336011519, 20.617983682], [-100.336739272, 20.617868859], [-100.336938169, 20.617837492], [-100.336920253, 20.617799296], [-100.336906564, 20.617770113], [-100.336888572, 20.617731754], [-100.336856891, 20.617664212], [-100.336587403, 20.617709209], [-100.335912704, 20.614649577], [-100.336905892, 20.613246114], [-100.33757393, 20.614099193], [-100.338435068, 20.614298054], [-100.338629404, 20.614301066], [-100.338777308, 20.614275076], [-100.338986387, 20.614180856], [-100.339325737, 20.613895908], [-100.339372166, 20.61358161], [-100.33967737, 20.613129794], [-100.339699439, 20.613116071], [-100.339799837, 20.613006883], [-100.339878888, 20.612685556], [-100.340210837, 20.612206429], [-100.340588559, 20.611921182], [-100.340815126, 20.612009766], [-100.340822696, 20.611992001], [-100.34089648, 20.612020427], [-100.340959129, 20.611983805], [-100.341171805, 20.611855676], [-100.341335492, 20.611680498], [-100.341330586, 20.61156535], [-100.341257291, 20.611516231], [-100.341269021, 20.611349007], [-100.341391241, 20.611061223], [-100.341432743, 20.610801169], [-100.341306549, 20.610635016], [-100.341212266, 20.610586059], [-100.34115117, 20.610491674], [-100.341146382, 20.610390077], [-100.341450883, 20.61027027], [-100.341762537, 20.610179767], [-100.341824757, 20.610025703], [-100.341796476, 20.609775224], [-100.341889131, 20.609706748], [-100.342067302, 20.609576628], [-100.342138224, 20.609560268], [-100.342281097, 20.609405577], [-100.342586916, 20.609265431], [-100.3429757, 20.60921724], [-100.343281131, 20.609169695], [-100.343590417, 20.609151482], [-100.34401237, 20.608987845], [-100.344393707, 20.608808713], [-100.344867811, 20.608881815], [-100.345097941, 20.608864215], [-100.345312056, 20.60862766], [-100.345529677, 20.608551434], [-100.345627364, 20.60851002], [-100.34581918, 20.60870502], [-100.346032063, 20.608635606], [-100.346478942, 20.608715692], [-100.346560976, 20.608701501], [-100.346874478, 20.608685508], [-100.347131336, 20.608604457], [-100.34724925, 20.608578694], [-100.347416651, 20.60862256], [-100.347518855, 20.608583368], [-100.347721676, 20.608631475], [-100.347799908, 20.608696363], [-100.34784732, 20.60870051], [-100.347419736, 20.607131898], [-100.346062674, 20.607307344], [-100.345881198, 20.607333601], [-100.345608114, 20.607376381], [-100.345549032, 20.607033542], [-100.345462069, 20.606657042], [-100.345357049, 20.606682704], [-100.345252029, 20.606708365], [-100.345214285, 20.606234364], [-100.345262307, 20.606224489], [-100.345545316, 20.60616629], [-100.345518696, 20.606123998], [-100.345497217, 20.606089874], [-100.345364677, 20.605879301], [-100.345350093, 20.605856131], [-100.345991159, 20.605787901], [-100.345968927, 20.605727032], [-100.345805331, 20.6051818], [-100.345731793, 20.605207216], [-100.345493391, 20.604418581], [-100.345732273, 20.604339931], [-100.345683469, 20.604192468], [-100.345653824, 20.604102892], [-100.34563815, 20.604082864], [-100.346498265, 20.603958162], [-100.347565985, 20.604091639], [-100.347889789, 20.604177251], [-100.348046477, 20.604218678], [-100.348092992, 20.604226402], [-100.348453904, 20.60428633], [-100.348560061, 20.604258208], [-100.348831011, 20.604200328], [-100.348940804, 20.604176874], [-100.349352839, 20.603973396], [-100.349732067, 20.603720107], [-100.350109768, 20.603556077], [-100.350455009, 20.603381416], [-100.351393913, 20.602627448], [-100.351846475, 20.602301748], [-100.351964936, 20.602272649], [-100.352130217, 20.60223205], [-100.352338383, 20.602243482], [-100.352655218, 20.602256241], [-100.352922932, 20.602204081], [-100.353094886, 20.602041655], [-100.353226034, 20.601821593], [-100.353344073, 20.601528612], [-100.353408309, 20.601392441], [-100.353419496, 20.601367739], [-100.353430774, 20.601344121], [-100.353874703, 20.600834073], [-100.354962589, 20.600318284], [-100.355355025, 20.600243061], [-100.355839064, 20.600150278], [-100.356068498, 20.600031321], [-100.356199647, 20.599963323], [-100.356345568, 20.599858425], [-100.357017833, 20.599723088], [-100.357046314, 20.599741282], [-100.357100122, 20.599775653], [-100.357123776, 20.599790763], [-100.35715918, 20.599813378], [-100.357454267, 20.599868981], [-100.357800769, 20.600135097], [-100.357976307, 20.60026991], [-100.358173129, 20.600376854], [-100.358549393, 20.600363049], [-100.358601905, 20.600367129], [-100.358623719, 20.600368823], [-100.359014434, 20.600399174], [-100.359032464, 20.600407486], [-100.359292098, 20.600527179], [-100.35965025, 20.60063647], [-100.36009532, 20.600585957], [-100.360584464, 20.600741227], [-100.360730214, 20.600827837], [-100.360750302, 20.600839775], [-100.360771067, 20.600852114], [-100.360791801, 20.600864435], [-100.360825977, 20.600884744], [-100.361125011, 20.601062441], [-100.362175759, 20.601314542], [-100.363778875, 20.601920294], [-100.364252086, 20.602010585], [-100.365264979, 20.602754783], [-100.365622077, 20.602744731], [-100.366021927, 20.602627748], [-100.366236617, 20.602547722], [-100.366274277, 20.602533684], [-100.366279842, 20.602640957], [-100.36631788, 20.603070846], [-100.366341333, 20.603335905], [-100.366387364, 20.603859896], [-100.366392225, 20.603924896], [-100.366411606, 20.604208396], [-100.366416137, 20.604274659], [-100.366735655, 20.604250482], [-100.367646769, 20.604036405], [-100.368614392, 20.603593837], [-100.368721789, 20.603548206], [-100.368892739, 20.603483159], [-100.369489492, 20.603256093], [-100.370010305, 20.603118344], [-100.370046922, 20.603108659], [-100.370317169, 20.603080435], [-100.370653839, 20.603045272], [-100.370946585, 20.603014696], [-100.370973157, 20.603015802], [-100.371359018, 20.603031857], [-100.371653259, 20.603067091], [-100.372053693, 20.603114763], [-100.372133919, 20.603124646], [-100.372187545, 20.603131068], [-100.372287885, 20.603143082], [-100.372332727, 20.603148452], [-100.372559167, 20.603175566], [-100.373651003, 20.60337583], [-100.374010388, 20.603441746], [-100.374080591, 20.603454622], [-100.37485213, 20.603591505], [-100.374880104, 20.60359349], [-100.3756935, 20.603651213], [-100.376351199, 20.603649558], [-100.376631957, 20.603648851], [-100.376668377, 20.603646634], [-100.376841013, 20.603636122], [-100.376990927, 20.603626994], [-100.377031569, 20.603624519], [-100.377091106, 20.603620894], [-100.377120195, 20.603701018], [-100.377195411, 20.603796434], [-100.377290942, 20.604165571], [-100.377367761, 20.604272102], [-100.377465978, 20.60434785], [-100.377637389, 20.604428117], [-100.377770825, 20.604503584], [-100.377835262, 20.604532082], [-100.378034997, 20.60440632], [-100.37826516, 20.604322791], [-100.378215024, 20.604136189], [-100.378239759, 20.604043119], [-100.378304739, 20.603956608], [-100.378414172, 20.603938537], [-100.379053757, 20.604194744], [-100.379096126, 20.604211716], [-100.380750792, 20.604996523], [-100.381499345, 20.605362032], [-100.381597494, 20.605417879], [-100.381623614, 20.605432741], [-100.381794468, 20.605529955], [-100.382108936, 20.605667979], [-100.38232173, 20.605815558], [-100.383223156, 20.606863999], [-100.38334883, 20.606994774], [-100.383474021, 20.607125046], [-100.383541229, 20.607634478], [-100.383553972, 20.607733348], [-100.383558489, 20.607768387], [-100.383729357, 20.608027252], [-100.383960148, 20.608203125], [-100.384408193, 20.608548629], [-100.384625102, 20.608680182], [-100.384834468, 20.608722935], [-100.384962658, 20.608734602], [-100.385158198, 20.608739382], [-100.385413487, 20.608642129], [-100.385561096, 20.608564781], [-100.385748575, 20.608423641], [-100.385920344, 20.608201301], [-100.38591317, 20.608120167], [-100.385928696, 20.607996275], [-100.385992976, 20.607741198], [-100.386034484, 20.607633853], [-100.386138421, 20.607447638], [-100.386200176, 20.6074212], [-100.386259734, 20.607405589], [-100.386319355, 20.607397004], [-100.386365858, 20.607397712], [-100.386442437, 20.607423581], [-100.386473638, 20.607446031], [-100.38650605, 20.607475496], [-100.38652762, 20.607512075], [-100.386540575, 20.607548183], [-100.386548278, 20.607583779], [-100.38655223, 20.607612052], [-100.386566164, 20.60771174], [-100.386491352, 20.607906836], [-100.386474154, 20.607946804], [-100.38638841, 20.608307345], [-100.386478094, 20.608649591], [-100.38652993, 20.608847407], [-100.386545673, 20.608907483], [-100.386607227, 20.609054752], [-100.386762056, 20.609419806], [-100.386943708, 20.60982984], [-100.386959929, 20.609866455], [-100.387026928, 20.610017688], [-100.387164205, 20.610144753], [-100.387316609, 20.610207614], [-100.387494831, 20.61023083], [-100.387891685, 20.610114266], [-100.388199897, 20.610037848], [-100.388362235, 20.610041474], [-100.38846242, 20.610119541], [-100.388563141, 20.610256758], [-100.388936295, 20.611066694], [-100.389054349, 20.611322929], [-100.389144292, 20.61151815], [-100.38926742, 20.611785397], [-100.389289485, 20.611833289], [-100.389577916, 20.612461945], [-100.389598177, 20.612549162], [-100.389659032, 20.612811119], [-100.389718761, 20.613068225], [-100.389775888, 20.613284673], [-100.389911829, 20.613769736], [-100.389923842, 20.613795275], [-100.38992891, 20.613821158], [-100.389952693, 20.613942624], [-100.389958925, 20.613974451], [-100.389966591, 20.614013604], [-100.389999631, 20.614182347], [-100.390005302, 20.614212172], [-100.390013023, 20.61425278], [-100.39010952, 20.61461286], [-100.390067943, 20.61467478], [-100.389932018, 20.614834919], [-100.389731403, 20.614910565], [-100.389494651, 20.614872907], [-100.389343128, 20.614785317], [-100.389794249, 20.615438004], [-100.389825393, 20.615574372], [-100.389861171, 20.615893942], [-100.390003127, 20.616047194], [-100.389996535, 20.616083827], [-100.38998097, 20.616170325], [-100.389967509, 20.616245129], [-100.389958266, 20.616296494], [-100.390080901, 20.616326879], [-100.390366793, 20.616397714], [-100.391112153, 20.61651643], [-100.391920943, 20.616606476], [-100.391886637, 20.617001082], [-100.39185566, 20.617063199], [-100.391730505, 20.617150909], [-100.391621684, 20.617287722], [-100.391281879, 20.617706588], [-100.391214319, 20.6177885], [-100.391083331, 20.618270882], [-100.391070202, 20.618561765], [-100.391078494, 20.619185321], [-100.3910825, 20.619207664], [-100.39111172, 20.619370655], [-100.39118627, 20.619619999], [-100.391343884, 20.61989837], [-100.391488603, 20.620059297], [-100.392084733, 20.620576655], [-100.392375541, 20.620812003], [-100.392507099, 20.620918471], [-100.392230414, 20.621252851], [-100.392120757, 20.62133368], [-100.391983666, 20.621343422], [-100.39086009, 20.620848629], [-100.390086744, 20.620526618], [-100.390345799, 20.620835942], [-100.390373731, 20.620874141], [-100.390385819, 20.620970559], [-100.390387082, 20.62101902], [-100.39038308, 20.621059612], [-100.390365567, 20.621125001], [-100.390337274, 20.621172255], [-100.390300145, 20.621208999], [-100.390186311, 20.621302534], [-100.390662655, 20.621506949], [-100.390911555, 20.621608567], [-100.391149891, 20.621698932], [-100.391696224, 20.621949359], [-100.391806719, 20.621997024], [-100.392246059, 20.622186544], [-100.392888094, 20.622475545], [-100.393051749, 20.62254921], [-100.393264421, 20.622652784], [-100.39334654, 20.622689825], [-100.393791698, 20.622890616], [-100.393809921, 20.622898294], [-100.394242751, 20.623080645], [-100.394277234, 20.623095457], [-100.394691123, 20.623273243], [-100.394741158, 20.623296293], [-100.395181203, 20.623499027], [-100.395373229, 20.623588058], [-100.395515438, 20.623653991], [-100.395601727, 20.623693998], [-100.39565672, 20.62371845], [-100.395686761, 20.623731807]]]]}, "properties": {"state": "Querétaro", "distrito_local": "004", "distrito": "004", "source": "INE Cartografía Electoral", "source_section": "0275"}}, {"type": "Feature", "geometry": {"type": "MultiPolygon", "coordinates": [[[[-100.391908351, 20.555699448], [-100.392049753, 20.556265753], [-100.392195087, 20.556804153], [-100.392204163, 20.556835791], [-100.392379917, 20.557448442], [-100.392534326, 20.558024062], [-100.392710703, 20.558627565], [-100.39275854, 20.55879124], [-100.392615967, 20.558839064], [-100.392540181, 20.558864467], [-100.392382534, 20.558918029], [-100.392165172, 20.558990758], [-100.392278728, 20.559311882], [-100.392392286, 20.559633006], [-100.392502682, 20.559945188], [-100.392617022, 20.56026852], [-100.392722322, 20.560566293], [-100.392840634, 20.560872015], [-100.392922022, 20.561068441], [-100.392965918, 20.561174382], [-100.393087762, 20.561483372], [-100.393204439, 20.561827378], [-100.393393245, 20.562483959], [-100.393747423, 20.563770963], [-100.394004301, 20.564786141], [-100.39410919, 20.565200658], [-100.39412206, 20.565251517], [-100.394237252, 20.565706748], [-100.394611044, 20.565697561], [-100.394686326, 20.565700537], [-100.395213657, 20.565721386], [-100.39539925, 20.566346436], [-100.395816887, 20.567729016], [-100.395997677, 20.568358784], [-100.395777431, 20.56843402], [-100.396122111, 20.569399382], [-100.396525872, 20.570590502], [-100.396704353, 20.57113031], [-100.397324863, 20.572752708], [-100.397349976, 20.572818368], [-100.397375089, 20.572884028], [-100.397424395, 20.573012942], [-100.397474004, 20.573207763], [-100.397496141, 20.57329431], [-100.397548474, 20.573498916], [-100.397602497, 20.573710132], [-100.397231273, 20.573850512], [-100.397562804, 20.573811243], [-100.397789084, 20.573806663], [-100.39842732, 20.573871132], [-100.397969202, 20.573865515], [-100.397677673, 20.573882757], [-100.397371779, 20.573953357], [-100.397090409, 20.574061867], [-100.396867971, 20.574194873], [-100.396488244, 20.574450405], [-100.396301557, 20.574571436], [-100.39598655, 20.574769835], [-100.395779782, 20.574897696], [-100.395676398, 20.574961626], [-100.395567938, 20.574995883], [-100.395490559, 20.575007858], [-100.395513109, 20.57510363], [-100.395528517, 20.575169073], [-100.395543999, 20.575234829], [-100.395553646, 20.575275799], [-100.395570231, 20.575346241], [-100.395585528, 20.57541121], [-100.396422162, 20.575235928], [-100.396652866, 20.576108067], [-100.396677014, 20.576198947], [-100.396682282, 20.57621877], [-100.39682024, 20.57671854], [-100.396954395, 20.577218876], [-100.397044503, 20.577549454], [-100.397173538, 20.578044545], [-100.397302574, 20.578539636], [-100.397527621, 20.579349058], [-100.397667435, 20.579851919], [-100.397885281, 20.580691013], [-100.39810711, 20.581545436], [-100.39819688, 20.581785473], [-100.398052503, 20.581919717], [-100.396973433, 20.582575722], [-100.396228979, 20.583038415], [-100.395660897, 20.583375861], [-100.395803127, 20.583913589], [-100.395956461, 20.584493295], [-100.396054411, 20.584863609], [-100.396197909, 20.585406118], [-100.396369205, 20.586053719], [-100.396505146, 20.586533827], [-100.396564184, 20.586800496], [-100.396729486, 20.587356933], [-100.396799498, 20.587592605], [-100.396953582, 20.588111273], [-100.396050891, 20.588398966], [-100.396031169, 20.588405252], [-100.395539429, 20.588564023], [-100.395952687, 20.589815999], [-100.396339244, 20.59104335], [-100.396605254, 20.592004196], [-100.396606333, 20.592033323], [-100.396992636, 20.593140123], [-100.39724285, 20.593893878], [-100.397285662, 20.59392674], [-100.397485915, 20.59455143], [-100.397874909, 20.595714358], [-100.39812466, 20.596686206], [-100.398478765, 20.59750493], [-100.39851587, 20.597590721], [-100.398545385, 20.597738262], [-100.398556228, 20.597792464], [-100.398637631, 20.598258847], [-100.398700183, 20.598724945], [-100.39877709, 20.599166911], [-100.398820423, 20.599523375], [-100.398878587, 20.60009357], [-100.398893705, 20.60044823], [-100.399019727, 20.600936457], [-100.399071093, 20.601163292], [-100.399107207, 20.60120523], [-100.399157633, 20.601359476], [-100.398853813, 20.601371837], [-100.396146509, 20.601481956], [-100.394978218, 20.601529363], [-100.39438524, 20.601553422], [-100.393876253, 20.601574071], [-100.393860739, 20.601632219], [-100.393824392, 20.601768447], [-100.393763375, 20.601997134], [-100.393539406, 20.602387846], [-100.393465945, 20.602478959], [-100.393435322, 20.602516941], [-100.393130597, 20.602781651], [-100.393031774, 20.602860846], [-100.39260731, 20.603201003], [-100.391859832, 20.603740497], [-100.391384046, 20.604083894], [-100.391365883, 20.604097003], [-100.390773699, 20.604511106], [-100.390731186, 20.604540834], [-100.389719982, 20.605292062], [-100.389196054, 20.605681285], [-100.38860813, 20.60612513], [-100.388586854, 20.606141192], [-100.388396414, 20.605948589], [-100.388010006, 20.606190235], [-100.387807277, 20.606317383], [-100.386925115, 20.606872394], [-100.386745664, 20.606985294], [-100.386713946, 20.607005249], [-100.386647966, 20.607048465], [-100.386271048, 20.60729534], [-100.386241829, 20.607314478], [-100.386159967, 20.607410337], [-100.386138421, 20.607447638], [-100.386034484, 20.607633853], [-100.385992976, 20.607741198], [-100.385928696, 20.607996275], [-100.38591317, 20.608120167], [-100.385920344, 20.608201301], [-100.385748575, 20.608423641], [-100.385561096, 20.608564781], [-100.385413487, 20.608642129], [-100.385158198, 20.608739382], [-100.384962658, 20.608734602], [-100.384834468, 20.608722935], [-100.384625102, 20.608680182], [-100.384408193, 20.608548629], [-100.383960148, 20.608203125], [-100.383729357, 20.608027252], [-100.383558489, 20.607768387], [-100.383553972, 20.607733348], [-100.383541229, 20.607634478], [-100.383474021, 20.607125046], [-100.38334883, 20.606994774], [-100.383223156, 20.606863999], [-100.38232173, 20.605815558], [-100.382108936, 20.605667979], [-100.381794468, 20.605529955], [-100.381623614, 20.605432741], [-100.381597494, 20.605417879], [-100.381499345, 20.605362032], [-100.380750792, 20.604996523], [-100.379096126, 20.604211716], [-100.379053757, 20.604194744], [-100.378414172, 20.603938537], [-100.378304739, 20.603956608], [-100.378239759, 20.604043119], [-100.378215024, 20.604136189], [-100.37826516, 20.604322791], [-100.378034997, 20.60440632], [-100.377835262, 20.604532082], [-100.377770825, 20.604503584], [-100.377637389, 20.604428117], [-100.377465978, 20.60434785], [-100.377367761, 20.604272102], [-100.377290942, 20.604165571], [-100.377195411, 20.603796434], [-100.377120195, 20.603701018], [-100.377091106, 20.603620894], [-100.377031569, 20.603624519], [-100.376990927, 20.603626994], [-100.376841013, 20.603636122], [-100.376668377, 20.603646634], [-100.376631957, 20.603648851], [-100.376351199, 20.603649558], [-100.3756935, 20.603651213], [-100.374880104, 20.60359349], [-100.37485213, 20.603591505], [-100.374080591, 20.603454622], [-100.374010388, 20.603441746], [-100.373651003, 20.60337583], [-100.372559167, 20.603175566], [-100.372332727, 20.603148452], [-100.372287885, 20.603143082], [-100.372187545, 20.603131068], [-100.372133919, 20.603124646], [-100.372053693, 20.603114763], [-100.371653259, 20.603067091], [-100.371359018, 20.603031857], [-100.370973157, 20.603015802], [-100.370946585, 20.603014696], [-100.370653839, 20.603045272], [-100.370317169, 20.603080435], [-100.370046922, 20.603108659], [-100.370010305, 20.603118344], [-100.369489492, 20.603256093], [-100.368892739, 20.603483159], [-100.368721789, 20.603548206], [-100.368614392, 20.603593837], [-100.367646769, 20.604036405], [-100.366735655, 20.604250482], [-100.366416137, 20.604274659], [-100.366411606, 20.604208396], [-100.366392225, 20.603924896], [-100.366387364, 20.603859896], [-100.366341333, 20.603335905], [-100.36631788, 20.603070846], [-100.366279842, 20.602640957], [-100.366274277, 20.602533684], [-100.366236617, 20.602547722], [-100.366021927, 20.602627748], [-100.365622077, 20.602744731], [-100.365264979, 20.602754783], [-100.364252086, 20.602010585], [-100.363778875, 20.601920294], [-100.362175759, 20.601314542], [-100.361125011, 20.601062441], [-100.360825977, 20.600884744], [-100.360791801, 20.600864435], [-100.360771067, 20.600852114], [-100.360750302, 20.600839775], [-100.360730214, 20.600827837], [-100.360584464, 20.600741227], [-100.36009532, 20.600585957], [-100.35965025, 20.60063647], [-100.359292098, 20.600527179], [-100.359032464, 20.600407486], [-100.359014434, 20.600399174], [-100.358623719, 20.600368823], [-100.358601905, 20.600367129], [-100.358549393, 20.600363049], [-100.358173129, 20.600376854], [-100.357976307, 20.60026991], [-100.357800769, 20.600135097], [-100.357454267, 20.599868981], [-100.35715918, 20.599813378], [-100.357123776, 20.599790763], [-100.357100122, 20.599775653], [-100.357046314, 20.599741282], [-100.357017833, 20.599723088], [-100.356345568, 20.599858425], [-100.356199647, 20.599963323], [-100.356068498, 20.600031321], [-100.355839064, 20.600150278], [-100.355355025, 20.600243061], [-100.354962589, 20.600318284], [-100.353874703, 20.600834073], [-100.353430774, 20.601344121], [-100.353419496, 20.601367739], [-100.353408309, 20.601392441], [-100.353344073, 20.601528612], [-100.353226034, 20.601821593], [-100.353094886, 20.602041655], [-100.352922932, 20.602204081], [-100.352655218, 20.602256241], [-100.352338383, 20.602243482], [-100.352130217, 20.60223205], [-100.351964936, 20.602272649], [-100.351846475, 20.602301748], [-100.351393913, 20.602627448], [-100.350455009, 20.603381416], [-100.350109768, 20.603556077], [-100.349732067, 20.603720107], [-100.349352839, 20.603973396], [-100.348940804, 20.604176874], [-100.348831011, 20.604200328], [-100.348560061, 20.604258208], [-100.348453904, 20.60428633], [-100.348092992, 20.604226402], [-100.348046477, 20.604218678], [-100.347889789, 20.604177251], [-100.347565985, 20.604091639], [-100.346498265, 20.603958162], [-100.34563815, 20.604082864], [-100.345554086, 20.603988985], [-100.345549574, 20.60396702], [-100.345545063, 20.603945055], [-100.345482782, 20.603641806], [-100.345478598, 20.60362143], [-100.345106359, 20.603674014], [-100.345071406, 20.603586203], [-100.345012927, 20.603516643], [-100.3449315, 20.603463072], [-100.344887998, 20.603363427], [-100.3448804, 20.603346025], [-100.344336202, 20.603449633], [-100.344270881, 20.603454658], [-100.344227636, 20.603390949], [-100.34412137, 20.603227707], [-100.344080667, 20.603191817], [-100.34390048, 20.603032931], [-100.343173764, 20.601640538], [-100.342976836, 20.601305544], [-100.342776803, 20.600171048], [-100.342796262, 20.600134108], [-100.342806475, 20.600114719], [-100.342836148, 20.60005839], [-100.342872757, 20.599988891], [-100.342895069, 20.599946534], [-100.342927888, 20.599877256], [-100.342971316, 20.599785585], [-100.342983318, 20.599238923], [-100.342981044, 20.599184735], [-100.342964734, 20.598965783], [-100.342957305, 20.59890486], [-100.34295427, 20.59887651], [-100.342949246, 20.598829572], [-100.342939671, 20.598740123], [-100.342898017, 20.598742705], [-100.342885352, 20.598666013], [-100.34287426, 20.598597937], [-100.342752272, 20.597849452], [-100.342740109, 20.597809883], [-100.342650039, 20.597516875], [-100.342601974, 20.597360514], [-100.342585668, 20.597307927], [-100.342451471, 20.596875135], [-100.342428771, 20.596801928], [-100.342411668, 20.596746769], [-100.342382603, 20.596653033], [-100.342282545, 20.59636573], [-100.342271246, 20.596333286], [-100.342257177, 20.59629289], [-100.342224862, 20.5962001], [-100.341978149, 20.595491692], [-100.341950117, 20.5954112], [-100.341749876, 20.594836225], [-100.341677384, 20.594628069], [-100.341645115, 20.594537978], [-100.341394356, 20.593805894], [-100.341034035, 20.593058849], [-100.340563368, 20.592172629], [-100.340469491, 20.59199719], [-100.339694287, 20.591565036], [-100.33897299, 20.591297337], [-100.338965149, 20.591188987], [-100.33923283, 20.591148519], [-100.339159302, 20.590968404], [-100.339192967, 20.590566121], [-100.33934542, 20.590411359], [-100.339168318, 20.589940693], [-100.339997624, 20.58977489], [-100.342127153, 20.589349114], [-100.342306068, 20.589313341], [-100.342176881, 20.589282723], [-100.342030487, 20.589238688], [-100.341860233, 20.589174511], [-100.341705468, 20.589098921], [-100.341580937, 20.58902213], [-100.341513754, 20.588980704], [-100.34137826, 20.58888012], [-100.341217728, 20.588727783], [-100.341090012, 20.588591002], [-100.340979988, 20.588420205], [-100.340843581, 20.588157613], [-100.340833921, 20.588139018], [-100.340726259, 20.587758157], [-100.340709126, 20.587616001], [-100.340697789, 20.587485093], [-100.340709318, 20.587329163], [-100.340721024, 20.58719356], [-100.340754896, 20.587055525], [-100.340783808, 20.58693334], [-100.340827233, 20.586790714], [-100.340885608, 20.586643456], [-100.341177364, 20.586481083], [-100.341305393, 20.58640983], [-100.342177552, 20.586172694], [-100.343421261, 20.58594622], [-100.343577937, 20.585994051], [-100.343926284, 20.586100396], [-100.344151913, 20.586322294], [-100.344259256, 20.586429816], [-100.344592229, 20.586759235], [-100.34496856, 20.587007009], [-100.345454554, 20.587247154], [-100.345813909, 20.587370837], [-100.346199328, 20.58745818], [-100.346513642, 20.587505422], [-100.346903583, 20.587527231], [-100.347458908, 20.587536458], [-100.348197943, 20.587537476], [-100.349018573, 20.587646265], [-100.350498968, 20.587946394], [-100.350777168, 20.588011978], [-100.351225567, 20.588067198], [-100.351655163, 20.588063843], [-100.352228279, 20.588016451], [-100.352621763, 20.587929809], [-100.353056864, 20.587775075], [-100.353121773, 20.587751991], [-100.353447505, 20.587598121], [-100.353843729, 20.587346581], [-100.354364746, 20.586933707], [-100.354996668, 20.58604341], [-100.355361841, 20.585350654], [-100.355392373, 20.585292733], [-100.35540133, 20.585084877], [-100.355369651, 20.58508307], [-100.355195691, 20.585073145], [-100.355171498, 20.585071765], [-100.355080395, 20.585066567], [-100.355011139, 20.585062616], [-100.34965783, 20.584757115], [-100.34881897, 20.583937029], [-100.348676808, 20.584032996], [-100.348634537, 20.584067204], [-100.348116099, 20.584672017], [-100.347877923, 20.584827454], [-100.34679499, 20.585129498], [-100.345738221, 20.584313351], [-100.345559659, 20.584224398], [-100.345301926, 20.58399603], [-100.345472295, 20.583112807], [-100.345484124, 20.583097969], [-100.345376604, 20.582358], [-100.345485363, 20.582110973], [-100.346882047, 20.58148804], [-100.346797203, 20.581183906], [-100.34674059, 20.580980968], [-100.345475816, 20.579346581], [-100.345735048, 20.579233897], [-100.344494035, 20.578118784], [-100.343836836, 20.577529889], [-100.343570685, 20.577297066], [-100.342921185, 20.576730693], [-100.342812345, 20.57663632], [-100.34242034, 20.576296419], [-100.341487487, 20.575585432], [-100.339775392, 20.574277438], [-100.339182876, 20.57384838], [-100.338622383, 20.573687841], [-100.338419007, 20.573679442], [-100.338301543, 20.57367459], [-100.338161753, 20.573668817], [-100.338103197, 20.573560754], [-100.338042502, 20.573448741], [-100.338017943, 20.573403419], [-100.337940009, 20.573381187], [-100.337863772, 20.573359439], [-100.337010267, 20.57283979], [-100.336587743, 20.572583319], [-100.336262873, 20.572387073], [-100.33617697, 20.572333531], [-100.333588171, 20.570756692], [-100.333324617, 20.57059124], [-100.333179446, 20.570500105], [-100.333124961, 20.570560377], [-100.333070475, 20.570620648], [-100.331920298, 20.569902244], [-100.331752005, 20.56985385], [-100.331686637, 20.569748201], [-100.330615657, 20.56875815], [-100.330679424, 20.568754322], [-100.330831381, 20.568745199], [-100.330792585, 20.568706735], [-100.329960332, 20.56788158], [-100.32957821, 20.567502713], [-100.329425371, 20.567351174], [-100.32930635, 20.567038148], [-100.329138876, 20.566599013], [-100.329086516, 20.566618584], [-100.328824237, 20.566716615], [-100.328833088, 20.566582556], [-100.328838504, 20.56650052], [-100.328846765, 20.566375399], [-100.329132281, 20.566188483], [-100.329185383, 20.566153719], [-100.329082498, 20.566111596], [-100.329309049, 20.565271929], [-100.329329967, 20.565116787], [-100.329348279, 20.564980976], [-100.329423976, 20.564419567], [-100.329445154, 20.564263549], [-100.329465818, 20.564111326], [-100.32948202, 20.563991969], [-100.329547966, 20.563506155], [-100.3296016, 20.562568438], [-100.329671363, 20.561349479], [-100.329698201, 20.560880548], [-100.32989258, 20.56111048], [-100.330870575, 20.562267336], [-100.330915562, 20.56223537], [-100.331088194, 20.562439573], [-100.332144366, 20.561934567], [-100.33228166, 20.561969648], [-100.332304855, 20.562224687], [-100.333186437, 20.563121328], [-100.333587641, 20.563529648], [-100.333607122, 20.563549475], [-100.333642774, 20.563552483], [-100.335250423, 20.563688135], [-100.335314059, 20.56400836], [-100.335377995, 20.564328583], [-100.335609033, 20.564353904], [-100.337286426, 20.564551004], [-100.338826222, 20.564128047], [-100.34208164, 20.563235561], [-100.343564894, 20.562828812], [-100.346293342, 20.562080368], [-100.347532242, 20.561738724], [-100.348936234, 20.561355133], [-100.35045234, 20.560939036], [-100.349881764, 20.560308832], [-100.349863002, 20.560288651], [-100.349273368, 20.559638265], [-100.348752822, 20.558935393], [-100.348727726, 20.558910744], [-100.348735043, 20.558856482], [-100.348678123, 20.55872367], [-100.348611504, 20.558715155], [-100.348584201, 20.558541459], [-100.348438336, 20.558486131], [-100.345856123, 20.556414792], [-100.345327821, 20.552729378], [-100.345718396, 20.552952504], [-100.347029721, 20.552713392], [-100.348175127, 20.552503282], [-100.348307532, 20.55247907], [-100.355794434, 20.551109829], [-100.359670332, 20.550398576], [-100.358447902, 20.530366323], [-100.362017841, 20.528906252], [-100.362082646, 20.528246663], [-100.36231985, 20.527835797], [-100.362966249, 20.527304035], [-100.363845363, 20.526815151], [-100.364663748, 20.526573354], [-100.365537971, 20.526579458], [-100.368279232, 20.526392308], [-100.38170827, 20.523446328], [-100.382356225, 20.523809838], [-100.384180103, 20.529524329], [-100.384347936, 20.530119438], [-100.3843953, 20.530291221], [-100.384416142, 20.530366809], [-100.384578628, 20.530956121], [-100.384769191, 20.53164074], [-100.384809133, 20.531784235], [-100.384857898, 20.531959426], [-100.385942821, 20.535856979], [-100.386053371, 20.53588389], [-100.38610054, 20.536060034], [-100.386112266, 20.536095223], [-100.386141151, 20.536198873], [-100.386260501, 20.536627132], [-100.386430475, 20.537237044], [-100.386556418, 20.537688953], [-100.387022522, 20.539361411], [-100.387156693, 20.539842831], [-100.387185801, 20.539947527], [-100.387253322, 20.540189741], [-100.3881576, 20.543425356], [-100.38825657, 20.543760434], [-100.388379344, 20.544127895], [-100.388503575, 20.544497249], [-100.388629071, 20.544870364], [-100.388756429, 20.545249011], [-100.388780558, 20.545320749], [-100.38887868, 20.545612473], [-100.38898566, 20.545930531], [-100.389000928, 20.545979661], [-100.389163314, 20.546458706], [-100.389400222, 20.547194299], [-100.389638859, 20.547935254], [-100.389840565, 20.548602409], [-100.390128937, 20.549556206], [-100.390346654, 20.550276302], [-100.390410986, 20.550489077], [-100.390519979, 20.550849564], [-100.39075177, 20.551618792], [-100.390991408, 20.552414051], [-100.391026662, 20.552531387], [-100.391056951, 20.552644327], [-100.3913158, 20.553615747], [-100.391477888, 20.554179172], [-100.391613137, 20.554649294], [-100.39181236, 20.555341789], [-100.391893584, 20.555644426], [-100.391908351, 20.555699448]]]]}, "properties": {"state": "Querétaro", "distrito_local": "005", "distrito": "005", "source": "INE Cartografía Electoral", "source_section": "0364"}}, {"type": "Feature", "geometry": {"type": "MultiPolygon", "coordinates": [[[[-100.418796392, 20.5480965], [-100.418903976, 20.548181754], [-100.418882141, 20.548205634], [-100.418426915, 20.548718961], [-100.418559331, 20.548835979], [-100.418599576, 20.548871039], [-100.419059098, 20.549291359], [-100.419123709, 20.549350589], [-100.419799086, 20.549971522], [-100.419580878, 20.550602778], [-100.419281983, 20.551645583], [-100.419248029, 20.551815487], [-100.419656094, 20.551979166], [-100.419442681, 20.552754919], [-100.41940521, 20.552883941], [-100.419310289, 20.553082164], [-100.419166275, 20.553266397], [-100.418935822, 20.553602328], [-100.41853459, 20.554011915], [-100.418243666, 20.554993056], [-100.418336336, 20.555052072], [-100.418360391, 20.555067392], [-100.418367187, 20.554998365], [-100.4185743, 20.554588016], [-100.418871561, 20.554238007], [-100.419258113, 20.553852509], [-100.419603593, 20.553586514], [-100.420154425, 20.553294009], [-100.420738585, 20.552971809], [-100.420969261, 20.552844577], [-100.421110693, 20.552766568], [-100.421803638, 20.55238436], [-100.421953711, 20.552294863], [-100.422133135, 20.552267896], [-100.422302042, 20.552361155], [-100.422381976, 20.552349925], [-100.422457626, 20.552410037], [-100.422489898, 20.552438121], [-100.422532576, 20.552386293], [-100.42255324, 20.552361192], [-100.42288118, 20.551962806], [-100.422921124, 20.551956405], [-100.422952403, 20.551951392], [-100.423001362, 20.551943547], [-100.423084317, 20.551874851], [-100.423096439, 20.551893209], [-100.423114603, 20.551903584], [-100.423133217, 20.551915037], [-100.423166989, 20.551938051], [-100.423215587, 20.552045482], [-100.423679924, 20.55307194], [-100.424397035, 20.552694961], [-100.42505657, 20.552317237], [-100.425345069, 20.552152008], [-100.425489584, 20.552045297], [-100.425771738, 20.551836951], [-100.426011677, 20.551659776], [-100.426712315, 20.551163028], [-100.427497941, 20.550573157], [-100.427814806, 20.550265015], [-100.427880024, 20.550113686], [-100.428025074, 20.54988433], [-100.428238435, 20.549746838], [-100.428868201, 20.549384668], [-100.4288414, 20.549624258], [-100.428800821, 20.549987004], [-100.428763806, 20.550371361], [-100.428763273, 20.550621956], [-100.428752164, 20.551682169], [-100.428820826, 20.552248849], [-100.428865396, 20.552384211], [-100.428999333, 20.55279099], [-100.429178313, 20.553221723], [-100.42952465, 20.55392325], [-100.429553104, 20.553980886], [-100.429793117, 20.554404757], [-100.430347828, 20.555371191], [-100.430755428, 20.555859797], [-100.43117656, 20.556305166], [-100.431366328, 20.556496774], [-100.432589164, 20.557160489], [-100.432788499, 20.557418524], [-100.433035809, 20.557810064], [-100.433113664, 20.558066702], [-100.432776396, 20.558026686], [-100.432565429, 20.55807413], [-100.432429052, 20.558168319], [-100.432311795, 20.558292254], [-100.432225013, 20.558536997], [-100.432361488, 20.559741357], [-100.432434751, 20.559743569], [-100.432500458, 20.559772779], [-100.432550433, 20.559816656], [-100.433211898, 20.559707225], [-100.433228546, 20.559820901], [-100.43331575, 20.559803935], [-100.433319547, 20.559858321], [-100.433398797, 20.56041482], [-100.433418813, 20.560572378], [-100.43343349, 20.560657957], [-100.433509895, 20.561282315], [-100.433620923, 20.562039944], [-100.433634681, 20.562133825], [-100.433740881, 20.562908997], [-100.433839296, 20.56363069], [-100.433917185, 20.56428757], [-100.433913739, 20.564353092], [-100.433957621, 20.564520689], [-100.433992888, 20.564736753], [-100.434017998, 20.564836183], [-100.434057875, 20.564898482], [-100.434160957, 20.56493179], [-100.434983226, 20.564942058], [-100.435043329, 20.564904551], [-100.435100517, 20.564780664], [-100.435580977, 20.564980143], [-100.435878684, 20.565184265], [-100.436135949, 20.565422148], [-100.43609168, 20.565468221], [-100.436064966, 20.565572761], [-100.43608003, 20.565703034], [-100.436159579, 20.565819732], [-100.43628479, 20.565883892], [-100.436441857, 20.565899976], [-100.436570603, 20.565834987], [-100.436620828, 20.565987052], [-100.436649662, 20.566062079], [-100.437029952, 20.567328937], [-100.437077319, 20.567474945], [-100.437103682, 20.567580046], [-100.437196292, 20.567896044], [-100.437434901, 20.568710211], [-100.437469902, 20.568829637], [-100.437495201, 20.568921331], [-100.437541199, 20.56907479], [-100.43758131, 20.569208161], [-100.437605913, 20.569294603], [-100.437935192, 20.570434324], [-100.437965499, 20.570539226], [-100.437986366, 20.57062325], [-100.438037017, 20.570774874], [-100.438337551, 20.570699433], [-100.439407233, 20.57043241], [-100.440573155, 20.5701127], [-100.440647749, 20.570091412], [-100.440821152, 20.570048141], [-100.440891182, 20.570056899], [-100.440991019, 20.570321379], [-100.440970345, 20.57037334], [-100.441022602, 20.57054873], [-100.441038077, 20.570597959], [-100.441098708, 20.570790835], [-100.441180995, 20.571129186], [-100.441215542, 20.571197451], [-100.441324278, 20.571638386], [-100.441443628, 20.572019938], [-100.441650671, 20.572669835], [-100.441665453, 20.572716236], [-100.441893787, 20.573456472], [-100.441948233, 20.573641136], [-100.442319656, 20.574900857], [-100.442552687, 20.575707998], [-100.442640524, 20.576019841], [-100.442391636, 20.576051066], [-100.440856406, 20.576235841], [-100.440373642, 20.576278924], [-100.439730153, 20.576300875], [-100.438707533, 20.57631956], [-100.438037676, 20.576309414], [-100.437860754, 20.576320117], [-100.437676036, 20.576322659], [-100.43454819, 20.576365676], [-100.436351604, 20.580043116], [-100.438628576, 20.579483021], [-100.438756963, 20.579989896], [-100.439060573, 20.579942161], [-100.439125195, 20.58034852], [-100.441353924, 20.580125004], [-100.441345349, 20.580371193], [-100.441181981, 20.581975318], [-100.440988977, 20.58334703], [-100.440638673, 20.585508509], [-100.440335618, 20.586855286], [-100.439887404, 20.588823695], [-100.43994004, 20.589683207], [-100.440810155, 20.58972897], [-100.441711854, 20.589760463], [-100.442420584, 20.589866807], [-100.442612524, 20.589968766], [-100.442742786, 20.590037961], [-100.442858062, 20.590099195], [-100.443005952, 20.590177753], [-100.443057078, 20.590233637], [-100.443182737, 20.590370991], [-100.443346194, 20.590646694], [-100.4434594, 20.590917576], [-100.443573991, 20.591381231], [-100.443520461, 20.591914624], [-100.443369147, 20.593315391], [-100.443210611, 20.594779438], [-100.443151891, 20.595608086], [-100.4431478, 20.595673461], [-100.443193067, 20.595872235], [-100.443111158, 20.595944323], [-100.443058207, 20.595990898], [-100.443013375, 20.596010282], [-100.442849776, 20.596215474], [-100.442721536, 20.597197999], [-100.442711509, 20.597274817], [-100.442593294, 20.598180524], [-100.442520177, 20.598688303], [-100.442463244, 20.598767343], [-100.442386022, 20.598800125], [-100.44238114, 20.598836563], [-100.442262441, 20.599722587], [-100.442270858, 20.599755227], [-100.442316131, 20.599930791], [-100.442360974, 20.600099834], [-100.442381509, 20.600176545], [-100.442404156, 20.600256259], [-100.442418718, 20.600305304], [-100.442425039, 20.60032659], [-100.44248529, 20.600529512], [-100.44240112, 20.600713858], [-100.442319316, 20.600850591], [-100.442287153, 20.601101255], [-100.442270882, 20.601228068], [-100.442308247, 20.601396044], [-100.442367767, 20.601663622], [-100.442387052, 20.601750319], [-100.442454588, 20.60205393], [-100.442466434, 20.602107184], [-100.442523814, 20.602365139], [-100.442549131, 20.602478949], [-100.442645698, 20.602841656], [-100.442727584, 20.603133973], [-100.442745148, 20.603206628], [-100.442829484, 20.60352481], [-100.442837681, 20.603554549], [-100.44287947, 20.603706167], [-100.442887163, 20.603734081], [-100.442998488, 20.604089755], [-100.442085919, 20.60428974], [-100.441872638, 20.604335904], [-100.441546315, 20.604406536], [-100.441349692, 20.604450679], [-100.441036986, 20.604520884], [-100.440522564, 20.604631334], [-100.4399493, 20.604754682], [-100.439894896, 20.604417929], [-100.439886312, 20.604383037], [-100.439820118, 20.60417651], [-100.439808306, 20.604153406], [-100.438753394, 20.604473905], [-100.438345612, 20.604576215], [-100.438085177, 20.604645209], [-100.437613131, 20.604761057], [-100.437278758, 20.604850164], [-100.43704627, 20.604912118], [-100.436693773, 20.604977967], [-100.435560807, 20.605255251], [-100.435291837, 20.605327845], [-100.435049208, 20.605400917], [-100.434961592, 20.605420697], [-100.434804251, 20.605458671], [-100.434498516, 20.605532459], [-100.434157609, 20.605614736], [-100.433802706, 20.605700389], [-100.433582792, 20.605752719], [-100.433292415, 20.605821815], [-100.433179367, 20.605848715], [-100.432643625, 20.605976195], [-100.43249414, 20.606011764], [-100.43233285, 20.606050143], [-100.43218507, 20.606085307], [-100.432350489, 20.606230683], [-100.432413162, 20.606287569], [-100.432727544, 20.60657292], [-100.433089205, 20.606887204], [-100.43320732, 20.606989744], [-100.433317513, 20.607104415], [-100.433384287, 20.607173903], [-100.432105602, 20.607285519], [-100.432173615, 20.607819623], [-100.431081185, 20.607929109], [-100.431090182, 20.608018141], [-100.431107802, 20.608192498], [-100.431137325, 20.608484653], [-100.431163769, 20.608690194], [-100.431226842, 20.609180429], [-100.430960914, 20.609209674], [-100.430631407, 20.609247219], [-100.430306988, 20.609284183], [-100.429587805, 20.609366126], [-100.429518654, 20.609344694], [-100.42841705, 20.609521527], [-100.427810959, 20.609615175], [-100.427753582, 20.609623996], [-100.427204117, 20.609706123], [-100.426916694, 20.60879827], [-100.426824, 20.608499148], [-100.426561135, 20.60765087], [-100.426517007, 20.607508467], [-100.42647903, 20.607385341], [-100.426365692, 20.607051755], [-100.42627323, 20.606781058], [-100.426248301, 20.606785665], [-100.425686188, 20.606889532], [-100.425498487, 20.606526673], [-100.42539472, 20.60642467], [-100.424984522, 20.606021444], [-100.424955962, 20.605993369], [-100.424739574, 20.60586399], [-100.424242713, 20.605566915], [-100.424157989, 20.605536086], [-100.423808207, 20.60540881], [-100.423731446, 20.60528443], [-100.423677416, 20.605196883], [-100.423638562, 20.605137153], [-100.423437237, 20.604856512], [-100.423227409, 20.604615009], [-100.422927831, 20.604270205], [-100.422741683, 20.604074607], [-100.422621506, 20.603950637], [-100.422334619, 20.603701318], [-100.421606385, 20.603068439], [-100.421363334, 20.603036067], [-100.421227512, 20.603017977], [-100.421014687, 20.602992705], [-100.420908635, 20.602991308], [-100.420624989, 20.602987572], [-100.420492236, 20.602788791], [-100.419422138, 20.6015833], [-100.418687396, 20.600737049], [-100.417966974, 20.600754267], [-100.416743673, 20.600783496], [-100.416667898, 20.600785307], [-100.41645457, 20.600786787], [-100.415915862, 20.600790523], [-100.415050576, 20.600796521], [-100.413452996, 20.600807583], [-100.41209096, 20.600847838], [-100.410317448, 20.600900237], [-100.410260492, 20.600901925], [-100.409119531, 20.600935274], [-100.409086259, 20.600935163], [-100.40868871, 20.600933838], [-100.406860508, 20.601002765], [-100.40657969, 20.601013351], [-100.406534019, 20.601015073], [-100.406513717, 20.601015838], [-100.405613539, 20.601049768], [-100.405146114, 20.601067384], [-100.40488739, 20.601077134], [-100.401508819, 20.601181168], [-100.401196513, 20.601205062], [-100.400966895, 20.60122263], [-100.40068709, 20.601244037], [-100.399157633, 20.601359476], [-100.399107207, 20.60120523], [-100.399071093, 20.601163292], [-100.399019727, 20.600936457], [-100.398893705, 20.60044823], [-100.398878587, 20.60009357], [-100.398820423, 20.599523375], [-100.39877709, 20.599166911], [-100.398700183, 20.598724945], [-100.398637631, 20.598258847], [-100.398556228, 20.597792464], [-100.398545385, 20.597738262], [-100.39851587, 20.597590721], [-100.398478765, 20.59750493], [-100.39812466, 20.596686206], [-100.397874909, 20.595714358], [-100.397485915, 20.59455143], [-100.397285662, 20.59392674], [-100.39724285, 20.593893878], [-100.396992636, 20.593140123], [-100.396606333, 20.592033323], [-100.396605254, 20.592004196], [-100.396339244, 20.59104335], [-100.395952687, 20.589815999], [-100.395539429, 20.588564023], [-100.396031169, 20.588405252], [-100.396050891, 20.588398966], [-100.396953582, 20.588111273], [-100.396799498, 20.587592605], [-100.396729486, 20.587356933], [-100.396564184, 20.586800496], [-100.396505146, 20.586533827], [-100.396369205, 20.586053719], [-100.396197909, 20.585406118], [-100.396054411, 20.584863609], [-100.395956461, 20.584493295], [-100.395803127, 20.583913589], [-100.395660897, 20.583375861], [-100.396228979, 20.583038415], [-100.396973433, 20.582575722], [-100.398052503, 20.581919717], [-100.39819688, 20.581785473], [-100.39810711, 20.581545436], [-100.397885281, 20.580691013], [-100.397667435, 20.579851919], [-100.397527621, 20.579349058], [-100.397302574, 20.578539636], [-100.397173538, 20.578044545], [-100.397044503, 20.577549454], [-100.396954395, 20.577218876], [-100.39682024, 20.57671854], [-100.396682282, 20.57621877], [-100.396677014, 20.576198947], [-100.396652866, 20.576108067], [-100.396422162, 20.575235928], [-100.395585528, 20.57541121], [-100.395570231, 20.575346241], [-100.395553646, 20.575275799], [-100.395543999, 20.575234829], [-100.395528517, 20.575169073], [-100.395513109, 20.57510363], [-100.395490559, 20.575007858], [-100.395567938, 20.574995883], [-100.395676398, 20.574961626], [-100.395779782, 20.574897696], [-100.39598655, 20.574769835], [-100.396301557, 20.574571436], [-100.396488244, 20.574450405], [-100.396867971, 20.574194873], [-100.397090409, 20.574061867], [-100.397371779, 20.573953357], [-100.397677673, 20.573882757], [-100.397969202, 20.573865515], [-100.39842732, 20.573871132], [-100.397789084, 20.573806663], [-100.397562804, 20.573811243], [-100.397231273, 20.573850512], [-100.397602497, 20.573710132], [-100.397548474, 20.573498916], [-100.397496141, 20.57329431], [-100.397474004, 20.573207763], [-100.397424395, 20.573012942], [-100.397375089, 20.572884028], [-100.397349976, 20.572818368], [-100.397324863, 20.572752708], [-100.396704353, 20.57113031], [-100.396525872, 20.570590502], [-100.396122111, 20.569399382], [-100.395777431, 20.56843402], [-100.395997677, 20.568358784], [-100.395816887, 20.567729016], [-100.39539925, 20.566346436], [-100.395213657, 20.565721386], [-100.394686326, 20.565700537], [-100.394611044, 20.565697561], [-100.394237252, 20.565706748], [-100.39412206, 20.565251517], [-100.39410919, 20.565200658], [-100.394004301, 20.564786141], [-100.393747423, 20.563770963], [-100.393393245, 20.562483959], [-100.393204439, 20.561827378], [-100.393087762, 20.561483372], [-100.392965918, 20.561174382], [-100.392922022, 20.561068441], [-100.392840634, 20.560872015], [-100.392722322, 20.560566293], [-100.392617022, 20.56026852], [-100.392502682, 20.559945188], [-100.392392286, 20.559633006], [-100.392278728, 20.559311882], [-100.392165172, 20.558990758], [-100.392382534, 20.558918029], [-100.392540181, 20.558864467], [-100.392615967, 20.558839064], [-100.39275854, 20.55879124], [-100.392710703, 20.558627565], [-100.392534326, 20.558024062], [-100.392379917, 20.557448442], [-100.392204163, 20.556835791], [-100.392195087, 20.556804153], [-100.392049753, 20.556265753], [-100.391908351, 20.555699448], [-100.391893584, 20.555644426], [-100.39181236, 20.555341789], [-100.391613137, 20.554649294], [-100.391477888, 20.554179172], [-100.3913158, 20.553615747], [-100.391056951, 20.552644327], [-100.391026662, 20.552531387], [-100.390991408, 20.552414051], [-100.39075177, 20.551618792], [-100.390519979, 20.550849564], [-100.390410986, 20.550489077], [-100.390346654, 20.550276302], [-100.390128937, 20.549556206], [-100.389840565, 20.548602409], [-100.389638859, 20.547935254], [-100.389400222, 20.547194299], [-100.389163314, 20.546458706], [-100.389000928, 20.545979661], [-100.38898566, 20.545930531], [-100.38887868, 20.545612473], [-100.388780558, 20.545320749], [-100.388756429, 20.545249011], [-100.388629071, 20.544870364], [-100.388503575, 20.544497249], [-100.388379344, 20.544127895], [-100.38825657, 20.543760434], [-100.3881576, 20.543425356], [-100.389353096, 20.543296386], [-100.391378966, 20.543111356], [-100.391590328, 20.543096404], [-100.391580669, 20.543059076], [-100.391533544, 20.542898138], [-100.392057831, 20.542856092], [-100.392048906, 20.542710804], [-100.392043949, 20.542661005], [-100.39203902, 20.542611775], [-100.391984321, 20.541394097], [-100.39198129, 20.541366434], [-100.391978258, 20.541338771], [-100.391975793, 20.541293899], [-100.392073984, 20.541293565], [-100.392554792, 20.541290144], [-100.393874372, 20.54129188], [-100.395067189, 20.541298827], [-100.395450659, 20.541295251], [-100.395797254, 20.541292949], [-100.396245494, 20.541309771], [-100.396673648, 20.541299748], [-100.39737059, 20.541299602], [-100.397701885, 20.541288431], [-100.397807386, 20.541271054], [-100.39898897, 20.541172944], [-100.399312874, 20.541134655], [-100.399913196, 20.541101491], [-100.399953184, 20.541178956], [-100.400074641, 20.541451285], [-100.400163785, 20.541572739], [-100.400450483, 20.541473679], [-100.400590625, 20.541143538], [-100.400691272, 20.541153207], [-100.401121187, 20.541180087], [-100.401153556, 20.541182111], [-100.401592641, 20.541200321], [-100.402058742, 20.541225565], [-100.402494077, 20.541254683], [-100.403020368, 20.541285296], [-100.40346481, 20.541308479], [-100.403913434, 20.541336002], [-100.404377796, 20.541362737], [-100.404797666, 20.541384721], [-100.405224686, 20.541411663], [-100.405670648, 20.541443496], [-100.405964763, 20.541451597], [-100.407040781, 20.543657786], [-100.407073856, 20.543791173], [-100.407560299, 20.54367925], [-100.407595132, 20.543810595], [-100.407987173, 20.543737413], [-100.408075116, 20.543683689], [-100.408219457, 20.543643138], [-100.408462982, 20.543547256], [-100.408956485, 20.54323161], [-100.409196102, 20.544368113], [-100.409690991, 20.546140961], [-100.409738898, 20.546336571], [-100.4097984, 20.546425416], [-100.410018852, 20.547284325], [-100.410197252, 20.548108562], [-100.41051374, 20.547825321], [-100.41079256, 20.547574555], [-100.411075591, 20.547311532], [-100.411345274, 20.547007881], [-100.411439218, 20.546904325], [-100.411602169, 20.546724701], [-100.411863388, 20.546441487], [-100.412111482, 20.546142084], [-100.412389773, 20.545834287], [-100.412504616, 20.545705851], [-100.412548748, 20.54574349], [-100.41315496, 20.546260501], [-100.41319199, 20.546292082], [-100.413892067, 20.546855904], [-100.414234913, 20.547130258], [-100.414448089, 20.547300846], [-100.414754562, 20.54754493], [-100.415150077, 20.547874965], [-100.41592443, 20.548518339], [-100.415952523, 20.548489352], [-100.41622966, 20.548203393], [-100.416535106, 20.547885857], [-100.416852581, 20.547555813], [-100.4170428, 20.547358063], [-100.417066794, 20.547333119], [-100.417135273, 20.547261928], [-100.417331611, 20.547057814], [-100.417727003, 20.547336265], [-100.418389345, 20.547802707], [-100.418423021, 20.547826422], [-100.418715446, 20.548032355], [-100.418746151, 20.54805667], [-100.418796392, 20.5480965]]]]}, "properties": {"state": "Querétaro", "distrito_local": "006", "distrito": "006", "source": "INE Cartografía Electoral", "source_section": "0110"}}, {"type": "Feature", "geometry": {"type": "MultiPolygon", "coordinates": [[[[-100.449877801, 20.689441725], [-100.450274872, 20.689353169], [-100.451055893, 20.68915401], [-100.4520443, 20.68898235], [-100.452079346, 20.688977889], [-100.452115739, 20.688972439], [-100.452962182, 20.688802645], [-100.453811311, 20.688564003], [-100.45418255, 20.688457632], [-100.454381077, 20.688375575], [-100.454574575, 20.688263789], [-100.454602951, 20.688243742], [-100.454729503, 20.688154332], [-100.454783549, 20.688116147], [-100.454915219, 20.687989998], [-100.455010808, 20.687895413], [-100.45512793, 20.687736638], [-100.45521668, 20.687588523], [-100.455280181, 20.687446575], [-100.455300681, 20.687396766], [-100.455392733, 20.687140472], [-100.455421507, 20.68700626], [-100.45554627, 20.686321965], [-100.455624328, 20.685882185], [-100.455634186, 20.685842025], [-100.455654685, 20.685758507], [-100.455702739, 20.685562731], [-100.455720253, 20.685491376], [-100.45579688, 20.685233211], [-100.455877323, 20.685043486], [-100.455981334, 20.684837188], [-100.456162562, 20.684600467], [-100.456342719, 20.684417342], [-100.456564182, 20.68425322], [-100.456864742, 20.684080409], [-100.457083474, 20.68396295], [-100.457662486, 20.683648516], [-100.458360527, 20.683278224], [-100.458534493, 20.683189627], [-100.458712775, 20.683093067], [-100.459835162, 20.682469447], [-100.460018139, 20.68236778], [-100.461047734, 20.681858904], [-100.461125152, 20.681833289], [-100.461325273, 20.681770216], [-100.461622104, 20.681714111], [-100.462061679, 20.681698475], [-100.462365863, 20.681749481], [-100.462692674, 20.681850906], [-100.463182095, 20.682084918], [-100.464654673, 20.682905992], [-100.464886733, 20.683023103], [-100.46523612, 20.683168987], [-100.465601067, 20.683287944], [-100.466045296, 20.683427066], [-100.466590836, 20.683574255], [-100.467066356, 20.683677382], [-100.467348402, 20.683728569], [-100.467658659, 20.68375272], [-100.468536508, 20.683804315], [-100.468713043, 20.68381469], [-100.469561015, 20.683864523], [-100.471051888, 20.683953024], [-100.471403154, 20.683964911], [-100.4718674, 20.683928866], [-100.471920504, 20.683924743], [-100.472039193, 20.683902018], [-100.472135961, 20.683868627], [-100.472452696, 20.683748913], [-100.472664774, 20.683667417], [-100.472959179, 20.68346757], [-100.473013287, 20.683430841], [-100.473123305, 20.683325525], [-100.473304556, 20.683390753], [-100.473538257, 20.683597916], [-100.473830415, 20.683846541], [-100.474180786, 20.684219245], [-100.474355666, 20.684508866], [-100.474647582, 20.684840105], [-100.475231297, 20.68554389], [-100.475581553, 20.685957898], [-100.475932543, 20.686124059], [-100.476283168, 20.686414142], [-100.4766355, 20.686125916], [-100.476928886, 20.685961459], [-100.477339431, 20.68579731], [-100.477515413, 20.685715158], [-100.477925957, 20.685551008], [-100.478277434, 20.685551933], [-100.478745342, 20.685801012], [-100.478920596, 20.685966704], [-100.479153824, 20.686339089], [-100.479211677, 20.686587089], [-100.47932811, 20.686835242], [-100.479444664, 20.687042088], [-100.479736717, 20.68733201], [-100.480087352, 20.687622085], [-100.480321311, 20.687746622], [-100.480731011, 20.687871618], [-100.481316453, 20.687997073], [-100.481785337, 20.687915681], [-100.482019778, 20.687874985], [-100.482488662, 20.687793592], [-100.483016605, 20.68754712], [-100.483544307, 20.687383261], [-100.484013547, 20.687177941], [-100.484423846, 20.687096391], [-100.484716866, 20.687055843], [-100.485126567, 20.687180829], [-100.485418631, 20.687470741], [-100.48594442, 20.687967796], [-100.486236248, 20.688340321], [-100.486528316, 20.68863023], [-100.486996484, 20.68879667], [-100.487464534, 20.689004416], [-100.488283951, 20.689254372], [-100.48804298, 20.69156699], [-100.487744728, 20.693425073], [-100.487800105, 20.694540526], [-100.492190872, 20.695584459], [-100.49230933, 20.695130375], [-100.49231121, 20.694469457], [-100.493306528, 20.694678527], [-100.494360081, 20.695011662], [-100.495471405, 20.69563409], [-100.495761174, 20.696750128], [-100.495700028, 20.697658742], [-100.495756515, 20.698402422], [-100.496277257, 20.700716963], [-100.496968438, 20.704932079], [-100.498667794, 20.704812422], [-100.498955068, 20.706837211], [-100.499893501, 20.70646779], [-100.500069147, 20.706509536], [-100.502356677, 20.705565159], [-100.50224065, 20.705151796], [-100.502006877, 20.704944677], [-100.503946508, 20.702677577], [-100.504877851, 20.70486917], [-100.506109742, 20.70429391], [-100.506751468, 20.705286867], [-100.507042588, 20.705948501], [-100.507391165, 20.707023349], [-100.507506643, 20.707643243], [-100.507975681, 20.707520471], [-100.508443589, 20.707810768], [-100.508266359, 20.70834733], [-100.507796754, 20.708676639], [-100.507619746, 20.709130586], [-100.507208612, 20.709501344], [-100.5066803, 20.709871814], [-100.506385998, 20.710366779], [-100.506325368, 20.711110163], [-100.506206603, 20.711688175], [-100.506161341, 20.71190846], [-100.506087837, 20.712266186], [-100.505910027, 20.713009282], [-100.506142571, 20.713670772], [-100.506199573, 20.714249216], [-100.506197522, 20.714996822], [-100.506197306, 20.715075358], [-100.506135655, 20.716190506], [-100.506368659, 20.716686766], [-100.506894845, 20.717101131], [-100.507713652, 20.717640133], [-100.50835714, 20.718013472], [-100.509058099, 20.718800023], [-100.509525258, 20.719379464], [-100.509992309, 20.72000021], [-100.510225444, 20.720455157], [-100.510632564, 20.721571443], [-100.510864808, 20.722356845], [-100.511214464, 20.723059917], [-100.511682204, 20.723432815], [-100.512677622, 20.723683067], [-100.51320474, 20.723766954], [-100.514082864, 20.724058221], [-100.515137326, 20.72414337], [-100.516424949, 20.724683451], [-100.517594621, 20.725512389], [-100.518354585, 20.726175115], [-100.518996819, 20.727044093], [-100.519638294, 20.728202215], [-100.520047037, 20.728740177], [-100.520631133, 20.729443781], [-100.521156312, 20.730271164], [-100.521505055, 20.731345971], [-100.521912617, 20.732338302], [-100.522027527, 20.73320602], [-100.521849561, 20.734031741], [-100.521612779, 20.734939937], [-100.521906092, 20.734816708], [-100.522432275, 20.735272324], [-100.522489245, 20.735892064], [-100.522722443, 20.736346989], [-100.523073273, 20.736636963], [-100.523540326, 20.737298971], [-100.523656225, 20.737794927], [-100.5245338, 20.738333974], [-100.525244099, 20.735609377], [-100.525596008, 20.735486278], [-100.526006838, 20.735239396], [-100.526358853, 20.735074989], [-100.526652807, 20.734703912], [-100.527063525, 20.734498334], [-100.527591329, 20.734334334], [-100.528002259, 20.73404614], [-100.528764876, 20.733717455], [-100.529292461, 20.733636063], [-100.529702319, 20.733760932], [-100.530112285, 20.733844494], [-100.530228733, 20.734133911], [-100.530227881, 20.734464364], [-100.52999264, 20.734794275], [-100.529873421, 20.73557883], [-100.529753242, 20.736735145], [-100.529749939, 20.73801565], [-100.529629119, 20.739419804], [-100.53038995, 20.739793322], [-100.530388674, 20.740289001], [-100.530739527, 20.740578957], [-100.530913521, 20.741281574], [-100.531146435, 20.741860406], [-100.531554197, 20.7428114], [-100.531788069, 20.743018471], [-100.532022365, 20.743060316], [-100.532315579, 20.742978375], [-100.532375554, 20.742441525], [-100.532202927, 20.741201925], [-100.532209277, 20.738723531], [-100.533093963, 20.736494992], [-100.533680469, 20.736289801], [-100.534090864, 20.736208126], [-100.534501048, 20.736209064], [-100.53496983, 20.736210134], [-100.535965886, 20.736253709], [-100.536259399, 20.736047843], [-100.536552597, 20.735965896], [-100.537079557, 20.736132319], [-100.537137631, 20.736338985], [-100.537371082, 20.736711275], [-100.537604429, 20.737124871], [-100.538073213, 20.737125932], [-100.538483191, 20.737209473], [-100.53877566, 20.737416667], [-100.539185223, 20.737665432], [-100.539945547, 20.738245439], [-100.541232436, 20.739157077], [-100.542109973, 20.739737336], [-100.542167025, 20.740357064], [-100.542107394, 20.740769996], [-100.541930461, 20.741223973], [-100.541812643, 20.741471549], [-100.542164241, 20.741472336], [-100.542515941, 20.741431816], [-100.542750031, 20.741556259], [-100.542984018, 20.741722008], [-100.543335718, 20.741681486], [-100.543863628, 20.741476129], [-100.544508531, 20.741353644], [-100.545328923, 20.741355466], [-100.546207711, 20.741440027], [-100.547262095, 20.741607584], [-100.547788779, 20.741897891], [-100.548198266, 20.742187938], [-100.548607451, 20.742601904], [-100.548422834, 20.746195163], [-100.548571474, 20.748000429], [-100.548679144, 20.749308094], [-100.549767116, 20.751044805], [-100.550668095, 20.752158359], [-100.551625743, 20.753145925], [-100.552881607, 20.754379528], [-100.554021339, 20.755698238], [-100.556237089, 20.758044492], [-100.557556809, 20.759569192], [-100.558638544, 20.760930425], [-100.559609136, 20.762668757], [-100.561974071, 20.766848554], [-100.562394899, 20.767384862], [-100.563343009, 20.774672555], [-100.563066893, 20.775719605], [-100.562797204, 20.777142062], [-100.562422775, 20.779317033], [-100.561879087, 20.781911673], [-100.56184386, 20.783289016], [-100.561814347, 20.785000055], [-100.561831491, 20.786001141], [-100.559619944, 20.787368211], [-100.559568281, 20.78778618], [-100.559642071, 20.788661282], [-100.55971158, 20.789286111], [-100.560869287, 20.791430448], [-100.560562695, 20.793262371], [-100.560328045, 20.794664408], [-100.559848125, 20.79723481], [-100.559367538, 20.799971153], [-100.558769976, 20.802582614], [-100.558469142, 20.804406912], [-100.563310455, 20.807091172], [-100.563935602, 20.812672885], [-100.564307069, 20.813752281], [-100.565088785, 20.81474229], [-100.566218364, 20.815435199], [-100.567294158, 20.816420934], [-100.568079492, 20.817619485], [-100.568744347, 20.818652891], [-100.569346812, 20.819478589], [-100.569488824, 20.820895076], [-100.569620797, 20.8217276], [-100.568033556, 20.821792351], [-100.566687298, 20.822187371], [-100.565638682, 20.822786678], [-100.564242186, 20.823683071], [-100.563315472, 20.824530931], [-100.562563047, 20.825251098], [-100.562220174, 20.825840169], [-100.563287433, 20.826325385], [-100.56278529, 20.827918092], [-100.561010086, 20.82731795], [-100.559203951, 20.828345397], [-100.558442913, 20.828565006], [-100.556747951, 20.829215323], [-100.55464411, 20.830038412], [-100.552889583, 20.83064783], [-100.549965812, 20.831691295], [-100.548025304, 20.832398525], [-100.546866966, 20.832820675], [-100.543415158, 20.833955072], [-100.539207864, 20.835642628], [-100.53751202, 20.836251051], [-100.53523646, 20.837368429], [-100.533833973, 20.837930895], [-100.531442837, 20.839175045], [-100.525490348, 20.842055447], [-100.524629881, 20.843361114], [-100.520546078, 20.845421973], [-100.511617601, 20.849804542], [-100.511149802, 20.849978067], [-100.510095846, 20.850285069], [-100.509528212, 20.850646595], [-100.509165941, 20.85076132], [-100.507586966, 20.851261345], [-100.505234305, 20.851915954], [-100.502646815, 20.852528123], [-100.502932174, 20.854479123], [-100.503976283, 20.857594724], [-100.50467185, 20.859796244], [-100.505483519, 20.862330106], [-100.506003413, 20.86440647], [-100.50692981, 20.867604555], [-100.507451159, 20.869349024], [-100.509325957, 20.870600903], [-100.502726054, 20.87513873], [-100.500893777, 20.877662242], [-100.499592039, 20.879772955], [-100.498465644, 20.882091785], [-100.496992163, 20.882972322], [-100.496761697, 20.883267632], [-100.496138413, 20.884187191], [-100.491764724, 20.890639527], [-100.491721228, 20.891558039], [-100.491667965, 20.89189257], [-100.491502597, 20.892562462], [-100.49070599, 20.894200861], [-100.489505122, 20.896303894], [-100.488410068, 20.897696146], [-100.487380513, 20.898300188], [-100.487244308, 20.898380099], [-100.485723373, 20.898943866], [-100.484497353, 20.899545203], [-100.484443203, 20.899827592], [-100.484389053, 20.90010998], [-100.483749048, 20.900557054], [-100.483796123, 20.901618382], [-100.484032032, 20.90693666], [-100.482054229, 20.919268403], [-100.472439787, 20.924089734], [-100.463578829, 20.924045074], [-100.459321527, 20.924023453], [-100.453214674, 20.921777172], [-100.453166766, 20.919412191], [-100.453292701, 20.917587273], [-100.453297094, 20.917536043], [-100.453549141, 20.912941758], [-100.453379122, 20.911571961], [-100.454093511, 20.909583555], [-100.45430633, 20.899799538], [-100.452471769, 20.899199115], [-100.443173946, 20.895739461], [-100.441936134, 20.895631366], [-100.438263112, 20.894179937], [-100.432997259, 20.892499974], [-100.427387285, 20.891366964], [-100.427090344, 20.891204138], [-100.426734559, 20.891042119], [-100.425846459, 20.890720495], [-100.425080125, 20.890647541], [-100.424610729, 20.890737414], [-100.424196104, 20.890576194], [-100.422538966, 20.890014734], [-100.421059728, 20.889534273], [-100.419815873, 20.889050584], [-100.418335297, 20.88848667], [-100.417274759, 20.888417695], [-100.415318715, 20.887568175], [-100.414902754, 20.887323503], [-100.414431332, 20.887288204], [-100.414192579, 20.887082838], [-100.414189199, 20.886874266], [-100.414303504, 20.88666409], [-100.414299448, 20.886413804], [-100.414062724, 20.886333582], [-100.413769862, 20.886421019], [-100.413535504, 20.886486797], [-100.413301146, 20.886552574], [-100.413186839, 20.886762749], [-100.412716094, 20.88676916], [-100.412068821, 20.886777972], [-100.41083379, 20.886836504], [-100.409719819, 20.887101998], [-100.407723867, 20.887421196], [-100.404168528, 20.888340771], [-100.404148551, 20.888345938], [-100.397530737, 20.890396613], [-100.397431616, 20.890412858], [-100.396969287, 20.890488624], [-100.39656309, 20.890555191], [-100.394478178, 20.890896846], [-100.391650258, 20.890726411], [-100.383334375, 20.889670153], [-100.382053622, 20.88966689], [-100.375505977, 20.889650057], [-100.362626113, 20.890281122], [-100.359563485, 20.890155005], [-100.358505581, 20.890252527], [-100.353860707, 20.890564588], [-100.352752518, 20.891205159], [-100.352218287, 20.890920175], [-100.351805704, 20.890883923], [-100.350748445, 20.891023113], [-100.346392492, 20.890997347], [-100.340938773, 20.890942263], [-100.337444528, 20.890906867], [-100.336856715, 20.890956336], [-100.333530615, 20.890826293], [-100.332249327, 20.882474851], [-100.334389205, 20.877600167], [-100.33528024, 20.875300852], [-100.335511795, 20.874791301], [-100.335960434, 20.873804037], [-100.337293798, 20.870869786], [-100.339623628, 20.867643699], [-100.34293377, 20.863095912], [-100.343395817, 20.862461083], [-100.344106954, 20.861504678], [-100.344200618, 20.861601057], [-100.346008095, 20.859540668], [-100.346089266, 20.859650695], [-100.346380242, 20.859711644], [-100.34669851, 20.859835615], [-100.34697837, 20.859795018], [-100.347264394, 20.859704686], [-100.347572861, 20.859605143], [-100.347843117, 20.85970013], [-100.348244976, 20.859430464], [-100.348523384, 20.859597657], [-100.348801087, 20.859685808], [-100.349106526, 20.859516273], [-100.349015104, 20.859435688], [-100.348978483, 20.859404358], [-100.348536376, 20.858798053], [-100.345840626, 20.855099551], [-100.346339631, 20.853462745], [-100.34703444, 20.851151369], [-100.348102125, 20.847513585], [-100.351147114, 20.846240646], [-100.356195931, 20.844183915], [-100.360242576, 20.842539271], [-100.36492888, 20.840672625], [-100.368409313, 20.83923331], [-100.370121697, 20.838510462], [-100.370164666, 20.837916141], [-100.370135803, 20.833067437], [-100.370556523, 20.832709662], [-100.370991049, 20.832340143], [-100.37130801, 20.832025938], [-100.372440836, 20.829921008], [-100.373276938, 20.829006405], [-100.376647624, 20.827820765], [-100.377005496, 20.827583009], [-100.377454277, 20.827139001], [-100.377617043, 20.826909588], [-100.377791202, 20.826612329], [-100.378087995, 20.826361511], [-100.378125101, 20.826083421], [-100.378762492, 20.825380428], [-100.380696953, 20.823777154], [-100.382530491, 20.822865763], [-100.38344264, 20.821444605], [-100.383755171, 20.818677722], [-100.384313996, 20.817433314], [-100.385051097, 20.816937274], [-100.38866556, 20.814645318], [-100.390094585, 20.813739125], [-100.391495858, 20.812006812], [-100.394942628, 20.809880699], [-100.395575536, 20.809489353], [-100.397522279, 20.808380406], [-100.398293436, 20.807940497], [-100.400426748, 20.806719333], [-100.401525724, 20.806504836], [-100.402097245, 20.806394018], [-100.403153069, 20.806188898], [-100.40321929, 20.806174805], [-100.403296919, 20.806160619], [-100.40339432, 20.806141755], [-100.403451556, 20.806129994], [-100.403530869, 20.80611423], [-100.403581917, 20.806104084], [-100.403642455, 20.806092297], [-100.404403671, 20.805943783], [-100.40444718, 20.805941168], [-100.40446182, 20.805965891], [-100.40454627, 20.805942615], [-100.405373592, 20.805897444], [-100.406345767, 20.805835272], [-100.406431606, 20.80583231], [-100.406248632, 20.805526661], [-100.406190092, 20.805332914], [-100.406075496, 20.805245774], [-100.40594603, 20.805206183], [-100.406304269, 20.804889322], [-100.406670948, 20.804899865], [-100.407010105, 20.804856431], [-100.40723956, 20.804800346], [-100.407068369, 20.803661233], [-100.406684107, 20.803664385], [-100.40652851, 20.803113652], [-100.406521138, 20.803087557], [-100.406458416, 20.80309033], [-100.406033839, 20.802630828], [-100.405982624, 20.80248219], [-100.406174258, 20.802394798], [-100.406026211, 20.802034659], [-100.406014008, 20.801997495], [-100.406001804, 20.80196033], [-100.405280372, 20.800502764], [-100.405178632, 20.800571351], [-100.405096354, 20.799564755], [-100.4051798, 20.799044627], [-100.405202063, 20.798900011], [-100.40522655, 20.79874387], [-100.403016037, 20.79851579], [-100.403023679, 20.797783988], [-100.403028662, 20.797316447], [-100.403033582, 20.796842131], [-100.403060241, 20.794303408], [-100.40307368, 20.793029529], [-100.403098585, 20.790657945], [-100.403133251, 20.787328695], [-100.402853892, 20.78675733], [-100.402643088, 20.786327688], [-100.402625044, 20.7862917], [-100.402050456, 20.785119737], [-100.401808135, 20.784624855], [-100.401061317, 20.783101974], [-100.401536101, 20.782081791], [-100.402468577, 20.780077697], [-100.39767387, 20.778456826], [-100.396458596, 20.777624307], [-100.393613451, 20.77663563], [-100.393592378, 20.776629025], [-100.393542987, 20.776611359], [-100.39189729, 20.776039763], [-100.391856946, 20.776026539], [-100.391483237, 20.775896318], [-100.390106757, 20.775417379], [-100.390053766, 20.77539974], [-100.389160906, 20.775088521], [-100.388228906, 20.774764063], [-100.388189462, 20.774750831], [-100.38701026, 20.774342542], [-100.38679253, 20.774265254], [-100.386367639, 20.774117367], [-100.386281829, 20.774088699], [-100.384702722, 20.773539079], [-100.384525958, 20.773477267], [-100.384462121, 20.773455197], [-100.382531625, 20.772784173], [-100.383404513, 20.770179896], [-100.384055577, 20.768236878], [-100.384609916, 20.766583722], [-100.384621892, 20.76654749], [-100.384711326, 20.766282527], [-100.385344525, 20.764391594], [-100.385492376, 20.763949999], [-100.385506412, 20.763909233], [-100.385918111, 20.76267956], [-100.386374528, 20.761318533], [-100.386387963, 20.761277772], [-100.386545466, 20.760808996], [-100.387079003, 20.759216981], [-100.387245837, 20.758718769], [-100.387663948, 20.757470972], [-100.387758029, 20.757190162], [-100.387779361, 20.757126752], [-100.388778888, 20.754144264], [-100.388554481, 20.753759877], [-100.387868499, 20.752588751], [-100.387102664, 20.751282758], [-100.383774511, 20.745602401], [-100.383972876, 20.743852739], [-100.384045246, 20.743213682], [-100.384100106, 20.742729248], [-100.384305693, 20.74091629], [-100.384475561, 20.739498853], [-100.38489841, 20.735682311], [-100.385367143, 20.73145147], [-100.385240331, 20.731432165], [-100.3854506, 20.72921264], [-100.385473905, 20.724056328], [-100.385942461, 20.721730831], [-100.386992304, 20.716315555], [-100.387255715, 20.713576127], [-100.387671245, 20.709254566], [-100.387114647, 20.705559646], [-100.387080881, 20.705212111], [-100.38735962, 20.697892355], [-100.387470595, 20.69746009], [-100.387678757, 20.69689379], [-100.387715143, 20.696177555], [-100.387708835, 20.696143728], [-100.372579749, 20.693299531], [-100.368984205, 20.692609936], [-100.367907436, 20.692406189], [-100.368982473, 20.691303313], [-100.370104582, 20.690472269], [-100.370888604, 20.689874422], [-100.371187057, 20.689520662], [-100.371311941, 20.689068513], [-100.371260565, 20.688674499], [-100.371274426, 20.688096352], [-100.371176105, 20.687572686], [-100.371036641, 20.687207728], [-100.370918427, 20.686576908], [-100.371137009, 20.686179441], [-100.371454622, 20.685767187], [-100.372487101, 20.684277418], [-100.373364664, 20.683437827], [-100.37422876, 20.682593496], [-100.375327678, 20.681621978], [-100.3762796, 20.680788563], [-100.377436346, 20.679971362], [-100.378159464, 20.679615601], [-100.378953621, 20.67921165], [-100.379348607, 20.679182843], [-100.379766027, 20.679291206], [-100.380348332, 20.679245381], [-100.381047011, 20.679230615], [-100.381455799, 20.679207231], [-100.381705961, 20.679123744], [-100.382529365, 20.678680453], [-100.382839731, 20.67822353], [-100.383080578, 20.677444657], [-100.383358321, 20.676610455], [-100.383938254, 20.675690729], [-100.384336662, 20.675044473], [-100.384769508, 20.674681571], [-100.385011335, 20.674471634], [-100.385074809, 20.674351653], [-100.385089083, 20.674253891], [-100.385077449, 20.674146852], [-100.385049766, 20.674030164], [-100.384749375, 20.673026802], [-100.384609942, 20.672658608], [-100.383840257, 20.670634306], [-100.383512059, 20.669626095], [-100.383324716, 20.669103554], [-100.383167665, 20.668620213], [-100.382995624, 20.668134175], [-100.382887744, 20.667791312], [-100.38273449, 20.66706564], [-100.38266164, 20.666623886], [-100.382536782, 20.66605858], [-100.382428446, 20.665665007], [-100.384004182, 20.664354334], [-100.38452753, 20.663919012], [-100.387095, 20.661783333], [-100.387484167, 20.66155], [-100.387853333, 20.661411667], [-100.388168333, 20.661341667], [-100.388467328, 20.661315465], [-100.38882, 20.661326667], [-100.389226667, 20.661400833], [-100.389616667, 20.661536666], [-100.390045, 20.661781666], [-100.39062927, 20.662206726], [-100.391407065, 20.662771029], [-100.392472458, 20.663532123], [-100.393330496, 20.66414507], [-100.39336443, 20.664068162], [-100.393388694, 20.663998927], [-100.393454574, 20.663810945], [-100.393564548, 20.663381276], [-100.393619535, 20.663166441], [-100.393685288, 20.662871203], [-100.393800272, 20.662354909], [-100.394153515, 20.66030682], [-100.394189686, 20.660097096], [-100.394219606, 20.659927943], [-100.394245882, 20.659779388], [-100.394288176, 20.65954027], [-100.39429968, 20.659465056], [-100.395110471, 20.659582702], [-100.395184621, 20.659571815], [-100.397038122, 20.659828413], [-100.39712298, 20.659837538], [-100.397132152, 20.659784455], [-100.397158442, 20.65963231], [-100.397606871, 20.659696949], [-100.397971521, 20.659756742], [-100.398382366, 20.659820987], [-100.398450879, 20.659413773], [-100.39852284, 20.659059268], [-100.398594492, 20.658671059], [-100.398666268, 20.658296331], [-100.398745143, 20.657914805], [-100.399650428, 20.658001186], [-100.399691808, 20.657684287], [-100.399766802, 20.657329718], [-100.399841397, 20.656901919], [-100.400307872, 20.656960249], [-100.400228596, 20.657433059], [-100.401193341, 20.657589458], [-100.402212516, 20.657735144], [-100.402731355, 20.65782196], [-100.402806999, 20.657383737], [-100.402941556, 20.657405922], [-100.403030588, 20.656856843], [-100.403189862, 20.656010646], [-100.403264374, 20.655556738], [-100.40351653, 20.654075479], [-100.403708878, 20.653031475], [-100.407319749, 20.653627842], [-100.406894821, 20.655584049], [-100.406876615, 20.655659939], [-100.40678896, 20.656025324], [-100.406819992, 20.656024021], [-100.406851024, 20.656022718], [-100.406913088, 20.656020111], [-100.406950479, 20.656018551], [-100.407105562, 20.656014147], [-100.407616559, 20.655999633], [-100.408295793, 20.65578035], [-100.408724917, 20.655800596], [-100.409204063, 20.655772934], [-100.409633406, 20.655816924], [-100.410086226, 20.65567073], [-100.410461165, 20.655287683], [-100.410658619, 20.65481109], [-100.411161456, 20.654616986], [-100.412058631, 20.654350454], [-100.411979048, 20.65472799], [-100.411766361, 20.655764424], [-100.411716799, 20.655949709], [-100.416437029, 20.657085993], [-100.416503435, 20.656922584], [-100.416546234, 20.656830184], [-100.416671913, 20.656530191], [-100.416700994, 20.656446255], [-100.416816477, 20.656162019], [-100.416849561, 20.656079439], [-100.416893663, 20.655929962], [-100.416911147, 20.655870701], [-100.417109494, 20.655198414], [-100.417790974, 20.655050186], [-100.418304916, 20.654938397], [-100.41911292, 20.655002999], [-100.419792571, 20.654831166], [-100.420472663, 20.654706824], [-100.421229986, 20.654748085], [-100.422112132, 20.654645821], [-100.423223108, 20.654731656], [-100.424081571, 20.65479582], [-100.421917955, 20.655855495], [-100.42196195, 20.656974944], [-100.423990254, 20.656872422], [-100.424178218, 20.656965694], [-100.424442891, 20.657053816], [-100.424708448, 20.657236753], [-100.424849252, 20.65735541], [-100.424930084, 20.657423528], [-100.424913624, 20.657470241], [-100.424741417, 20.657958984], [-100.424539964, 20.658632745], [-100.423782849, 20.659659703], [-100.4236293, 20.660162924], [-100.423831967, 20.660401366], [-100.424281876, 20.661191502], [-100.424526146, 20.661690963], [-100.42487062, 20.662521866], [-100.425065279, 20.662687653], [-100.425891479, 20.663294638], [-100.426347684, 20.663611512], [-100.426923144, 20.663990576], [-100.427301486, 20.66370928], [-100.427383065, 20.663971152], [-100.42783481, 20.664537639], [-100.426792017, 20.665315021], [-100.426550897, 20.665481677], [-100.426405265, 20.665599738], [-100.426392049, 20.665634988], [-100.426374377, 20.665682123], [-100.426357527, 20.665727064], [-100.426330639, 20.665798779], [-100.426298163, 20.665885397], [-100.426225733, 20.666109267], [-100.425765592, 20.666327171], [-100.425493389, 20.666735631], [-100.425182127, 20.667082229], [-100.425035648, 20.667130061], [-100.424983498, 20.66714709], [-100.424947342, 20.667158897], [-100.424943797, 20.667239311], [-100.424955676, 20.667309903], [-100.424970661, 20.667469306], [-100.42462474, 20.668252481], [-100.424421549, 20.668734355], [-100.424332848, 20.668867449], [-100.424235325, 20.668931357], [-100.423914456, 20.669244902], [-100.423590271, 20.669553857], [-100.423264293, 20.669845896], [-100.4228544, 20.670434132], [-100.422782378, 20.670602487], [-100.422770242, 20.670704167], [-100.422795559, 20.670788608], [-100.422868182, 20.670860345], [-100.422930779, 20.67090908], [-100.422960973, 20.670990402], [-100.422876558, 20.671057279], [-100.422808625, 20.671137872], [-100.422738913, 20.671203089], [-100.422627833, 20.671216319], [-100.422528401, 20.671206488], [-100.422518441, 20.671205503], [-100.422498522, 20.671203534], [-100.422392347, 20.671216722], [-100.422296543, 20.67128985], [-100.422182134, 20.671472406], [-100.422104002, 20.671511527], [-100.421968945, 20.671522073], [-100.421919352, 20.671509883], [-100.421674475, 20.671729197], [-100.421552055, 20.671838837], [-100.421454185, 20.671926491], [-100.420942395, 20.672275642], [-100.420968843, 20.672371887], [-100.421084056, 20.672775721], [-100.421713487, 20.673042369], [-100.422373069, 20.673416136], [-100.427981602, 20.676434683], [-100.429183785, 20.677080157], [-100.429588109, 20.677137689], [-100.430186263, 20.677485439], [-100.43041773, 20.677427532], [-100.430612247, 20.677235566], [-100.430777703, 20.677116622], [-100.431021487, 20.677103402], [-100.431736041, 20.677175849], [-100.432223555, 20.677143806], [-100.433961247, 20.677290905], [-100.434131231, 20.677220576], [-100.434367943, 20.677309723], [-100.434551132, 20.677332016], [-100.434564091, 20.677460318], [-100.434586135, 20.677678552], [-100.434593362, 20.677734931], [-100.435216072, 20.683697529], [-100.435421833, 20.685551143], [-100.435479966, 20.686074831], [-100.435789463, 20.689029786], [-100.436040489, 20.691237809], [-100.436080036, 20.691578753], [-100.436383581, 20.691551304], [-100.437914316, 20.691410152], [-100.439719011, 20.691203875], [-100.439808742, 20.691192779], [-100.439897321, 20.691178664], [-100.440480029, 20.691090593], [-100.440699163, 20.691058699], [-100.441020827, 20.691011884], [-100.441900101, 20.690880821], [-100.44210065, 20.690847105], [-100.442516612, 20.690788593], [-100.442793319, 20.690735292], [-100.443305179, 20.690638473], [-100.443403334, 20.690619906], [-100.444111268, 20.69048743], [-100.444378993, 20.690444769], [-100.444600154, 20.690408685], [-100.445754516, 20.69021918], [-100.445995517, 20.690186488], [-100.446434024, 20.690127004], [-100.447512075, 20.689967179], [-100.448341776, 20.689831819], [-100.448909552, 20.689689787], [-100.449173368, 20.689614088], [-100.449595311, 20.689508407], [-100.449877801, 20.689441725]]]]}, "properties": {"state": "Querétaro", "distrito_local": "007", "distrito": "007", "source": "INE Cartografía Electoral", "source_section": "0516"}}, {"type": "Feature", "geometry": {"type": "MultiPolygon", "coordinates": [[[[-100.443849246, 20.386640607], [-100.446772086, 20.386645105], [-100.448584439, 20.38666355], [-100.450922299, 20.386634075], [-100.45238295, 20.386574372], [-100.453726194, 20.386474867], [-100.456176844, 20.386113719], [-100.458047119, 20.386090061], [-100.459916367, 20.385983852], [-100.461319583, 20.386007346], [-100.461845852, 20.386377971], [-100.462256504, 20.386459177], [-100.462901786, 20.386580874], [-100.463224131, 20.386579654], [-100.463546477, 20.386578435], [-100.46436719, 20.386616705], [-100.46530512, 20.386654526], [-100.466770326, 20.38664896], [-100.46738601, 20.386708684], [-100.468001694, 20.386768407], [-100.469351671, 20.38717704], [-100.470878277, 20.387750499], [-100.474107747, 20.388979453], [-100.475397745, 20.389098621], [-100.476098844, 20.389443539], [-100.476219721, 20.390187898], [-100.476105063, 20.390726357], [-100.475815105, 20.391389713], [-100.475819317, 20.392258719], [-100.47576289, 20.392714164], [-100.47576971, 20.394121125], [-100.475544197, 20.395984284], [-100.475490777, 20.397060447], [-100.475437357, 20.398136609], [-100.475623098, 20.400163532], [-100.475814267, 20.403307746], [-100.476056253, 20.404837841], [-100.476530991, 20.405994498], [-100.476711936, 20.40702827], [-100.47671797, 20.408269703], [-100.476897712, 20.409055188], [-100.477373076, 20.410335983], [-100.477432724, 20.410542636], [-100.477613078, 20.411452263], [-100.477863138, 20.412403727], [-100.477971576, 20.412816323], [-100.478035459, 20.413891978], [-100.478039491, 20.414719599], [-100.478102167, 20.415546968], [-100.47840002, 20.416497468], [-100.478813146, 20.417033651], [-100.479225062, 20.417321546], [-100.479343763, 20.417610707], [-100.479580762, 20.418106266], [-100.479934848, 20.418559937], [-100.480112599, 20.418931605], [-100.480289542, 20.419137749], [-100.480525535, 20.419426402], [-100.480819565, 20.419590657], [-100.481466474, 20.419960293], [-100.482113792, 20.420412688], [-100.482584571, 20.420741701], [-100.482939281, 20.421319508], [-100.48323352, 20.42152514], [-100.483702272, 20.42144034], [-100.484053531, 20.421314668], [-100.484404585, 20.421147614], [-100.484813876, 20.420897543], [-100.485106284, 20.420730743], [-100.485340658, 20.420688341], [-100.485751577, 20.420769315], [-100.485898494, 20.420830748], [-100.486045411, 20.42089218], [-100.485870497, 20.421099851], [-100.485607717, 20.421328596], [-100.485344936, 20.42155734], [-100.484701879, 20.421973957], [-100.484409367, 20.422120066], [-100.484116853, 20.422266174], [-100.48470595, 20.422801575], [-100.484941346, 20.422966078], [-100.485941374, 20.423582449], [-100.486589128, 20.424117588], [-100.487531546, 20.424941109], [-100.488296399, 20.425434347], [-100.489439368, 20.431222782], [-100.48944362, 20.432081042], [-100.489501935, 20.443843912], [-100.489645733, 20.449181509], [-100.489714763, 20.451270977], [-100.489783798, 20.453360443], [-100.489157882, 20.457253059], [-100.489461451, 20.459320805], [-100.489639689, 20.459775219], [-100.489877617, 20.460436278], [-100.489710277, 20.462175038], [-100.489778813, 20.464161051], [-100.489781282, 20.464657618], [-100.489552603, 20.465858687], [-100.48926382, 20.46677035], [-100.488859972, 20.468137714], [-100.488745936, 20.46880032], [-100.488631694, 20.469421544], [-100.488869678, 20.47071691], [-100.488833139, 20.472450781], [-100.490951819, 20.475887541], [-100.492442329, 20.480660521], [-100.49262226, 20.481445973], [-100.492653869, 20.481901029], [-100.492685479, 20.482356084], [-100.492750561, 20.48363862], [-100.492635087, 20.484011563], [-100.492526648, 20.485791442], [-100.492518735, 20.48635308], [-100.492827386, 20.487628515], [-100.493071796, 20.488450793], [-100.49227135, 20.489905605], [-100.4929867, 20.489937565], [-100.498007007, 20.490161781], [-100.498180673, 20.492427925], [-100.498218569, 20.492922423], [-100.49835774, 20.49473836], [-100.497632086, 20.497471637], [-100.497669437, 20.49818061], [-100.497786358, 20.500399902], [-100.497773054, 20.503949399], [-100.510546938, 20.50559981], [-100.509622255, 20.506478519], [-100.50863532, 20.507069131], [-100.507999321, 20.507655182], [-100.50742128, 20.508199208], [-100.506551836, 20.508829555], [-100.505510076, 20.509709759], [-100.504756543, 20.510256053], [-100.50318728, 20.511060539], [-100.500983007, 20.512533568], [-100.501803988, 20.51726912], [-100.502504867, 20.517177501], [-100.503626134, 20.519185484], [-100.503628875, 20.522284988], [-100.503631833, 20.525629384], [-100.503721858, 20.525722665], [-100.504105858, 20.526120553], [-100.504580299, 20.526653025], [-100.504644712, 20.527230713], [-100.504707475, 20.527643188], [-100.504769, 20.527931753], [-100.504655032, 20.528263299], [-100.50448119, 20.528471494], [-100.504308998, 20.528844902], [-100.504195028, 20.529176448], [-100.504139694, 20.529507434], [-100.504259442, 20.529754137], [-100.504436588, 20.529876369], [-100.504498113, 20.530164934], [-100.504443605, 20.530578527], [-100.504271411, 20.530951936], [-100.504275126, 20.531323666], [-100.504219389, 20.531735609], [-100.504277173, 20.532202976], [-100.504799336, 20.532139825], [-100.506980649, 20.531875997], [-100.506861874, 20.533309097], [-100.506810857, 20.533873275], [-100.506807561, 20.533904596], [-100.504987753, 20.551193893], [-100.505061057, 20.552348527], [-100.504884619, 20.552848195], [-100.504765446, 20.5550334], [-100.498077215, 20.554640738], [-100.495916292, 20.554463569], [-100.494205431, 20.554327631], [-100.491540569, 20.554121154], [-100.491503954, 20.554115431], [-100.490647292, 20.554058985], [-100.490554431, 20.554052862], [-100.490523846, 20.554050846], [-100.488997862, 20.553950262], [-100.488947292, 20.553945231], [-100.486666892, 20.553845477], [-100.486563831, 20.553832215], [-100.485003385, 20.553804215], [-100.484977877, 20.554218631], [-100.484977115, 20.554231004], [-100.484975989, 20.554249317], [-100.484847785, 20.556331754], [-100.484836123, 20.556408262], [-100.4847244, 20.558309462], [-100.484693938, 20.558827585], [-100.484690108, 20.558896815], [-100.484591308, 20.559995292], [-100.4845096, 20.560903938], [-100.484506385, 20.560973077], [-100.484448615, 20.562050554], [-100.484424708, 20.562496262], [-100.484417877, 20.562623708], [-100.484388277, 20.563175785], [-100.484393646, 20.563227308], [-100.484344754, 20.564196215], [-100.484301062, 20.565061785], [-100.484308169, 20.565104477], [-100.484240708, 20.5668524], [-100.484246046, 20.566901185], [-100.484092585, 20.568539446], [-100.484004464, 20.570132224], [-100.483992492, 20.570348615], [-100.483994538, 20.570445415], [-100.483995904, 20.570509377], [-100.484000892, 20.570743015], [-100.484001785, 20.570785123], [-100.483898708, 20.5714404], [-100.4821118, 20.571448477], [-100.482091646, 20.571508308], [-100.482216031, 20.576356308], [-100.4834836, 20.578428554], [-100.483727708, 20.578719969], [-100.484640369, 20.5801118], [-100.485139585, 20.581307277], [-100.485708369, 20.583065492], [-100.486069138, 20.584779231], [-100.486785462, 20.586435077], [-100.487539, 20.587946908], [-100.487355354, 20.588007046], [-100.486399646, 20.588319985], [-100.486408785, 20.588433662], [-100.4866814, 20.588985507], [-100.488629358, 20.593697024], [-100.486694759, 20.59447603], [-100.486430351, 20.594396895], [-100.486364249, 20.594377111], [-100.486331198, 20.594367219], [-100.486298147, 20.594357327], [-100.486165943, 20.594317759], [-100.485580701, 20.594325297], [-100.484937982, 20.594416115], [-100.484352215, 20.594382384], [-100.482768395, 20.594113866], [-100.475382334, 20.593259472], [-100.468359121, 20.59258149], [-100.463580954, 20.592277599], [-100.457594976, 20.591589378], [-100.456253071, 20.591433417], [-100.456161391, 20.591422758], [-100.453779598, 20.591145838], [-100.453676796, 20.591133809], [-100.450496136, 20.590776073], [-100.450466422, 20.590773082], [-100.450396751, 20.590766067], [-100.450327517, 20.590759095], [-100.449909611, 20.590717017], [-100.449651838, 20.590687239], [-100.443940719, 20.590035268], [-100.443374115, 20.589972479], [-100.442420584, 20.589866807], [-100.441711854, 20.589760463], [-100.440810155, 20.58972897], [-100.43994004, 20.589683207], [-100.439887404, 20.588823695], [-100.440335618, 20.586855286], [-100.440638673, 20.585508509], [-100.440988977, 20.58334703], [-100.441181981, 20.581975318], [-100.441345349, 20.580371193], [-100.441353924, 20.580125004], [-100.439125195, 20.58034852], [-100.439060573, 20.579942161], [-100.438756963, 20.579989896], [-100.438628576, 20.579483021], [-100.436351604, 20.580043116], [-100.43454819, 20.576365676], [-100.437676036, 20.576322659], [-100.437860754, 20.576320117], [-100.438037676, 20.576309414], [-100.438707533, 20.57631956], [-100.439730153, 20.576300875], [-100.440373642, 20.576278924], [-100.440856406, 20.576235841], [-100.442391636, 20.576051066], [-100.442640524, 20.576019841], [-100.442552687, 20.575707998], [-100.442319656, 20.574900857], [-100.441948233, 20.573641136], [-100.441893787, 20.573456472], [-100.441665453, 20.572716236], [-100.441650671, 20.572669835], [-100.441443628, 20.572019938], [-100.441324278, 20.571638386], [-100.441215542, 20.571197451], [-100.441180995, 20.571129186], [-100.441098708, 20.570790835], [-100.441038077, 20.570597959], [-100.441022602, 20.57054873], [-100.440970345, 20.57037334], [-100.440991019, 20.570321379], [-100.440891182, 20.570056899], [-100.440821152, 20.570048141], [-100.440647749, 20.570091412], [-100.440573155, 20.5701127], [-100.439407233, 20.57043241], [-100.438337551, 20.570699433], [-100.438037017, 20.570774874], [-100.437986366, 20.57062325], [-100.437965499, 20.570539226], [-100.437935192, 20.570434324], [-100.437605913, 20.569294603], [-100.43758131, 20.569208161], [-100.437541199, 20.56907479], [-100.437495201, 20.568921331], [-100.437469902, 20.568829637], [-100.437434901, 20.568710211], [-100.437196292, 20.567896044], [-100.437103682, 20.567580046], [-100.437077319, 20.567474945], [-100.437029952, 20.567328937], [-100.436649662, 20.566062079], [-100.436620828, 20.565987052], [-100.436570603, 20.565834987], [-100.436441857, 20.565899976], [-100.43628479, 20.565883892], [-100.436159579, 20.565819732], [-100.43608003, 20.565703034], [-100.436064966, 20.565572761], [-100.43609168, 20.565468221], [-100.436135949, 20.565422148], [-100.435878684, 20.565184265], [-100.435580977, 20.564980143], [-100.435100517, 20.564780664], [-100.435043329, 20.564904551], [-100.434983226, 20.564942058], [-100.434160957, 20.56493179], [-100.434057875, 20.564898482], [-100.434017998, 20.564836183], [-100.433992888, 20.564736753], [-100.433957621, 20.564520689], [-100.433913739, 20.564353092], [-100.433917185, 20.56428757], [-100.433839296, 20.56363069], [-100.433740881, 20.562908997], [-100.433634681, 20.562133825], [-100.433620923, 20.562039944], [-100.433509895, 20.561282315], [-100.43343349, 20.560657957], [-100.433418813, 20.560572378], [-100.433398797, 20.56041482], [-100.433319547, 20.559858321], [-100.43331575, 20.559803935], [-100.433228546, 20.559820901], [-100.433211898, 20.559707225], [-100.432550433, 20.559816656], [-100.432500458, 20.559772779], [-100.432434751, 20.559743569], [-100.432361488, 20.559741357], [-100.432225013, 20.558536997], [-100.432311795, 20.558292254], [-100.432429052, 20.558168319], [-100.432565429, 20.55807413], [-100.432776396, 20.558026686], [-100.433113664, 20.558066702], [-100.433035809, 20.557810064], [-100.432788499, 20.557418524], [-100.432589164, 20.557160489], [-100.431366328, 20.556496774], [-100.43117656, 20.556305166], [-100.430755428, 20.555859797], [-100.430347828, 20.555371191], [-100.429793117, 20.554404757], [-100.429553104, 20.553980886], [-100.42952465, 20.55392325], [-100.429178313, 20.553221723], [-100.428999333, 20.55279099], [-100.428865396, 20.552384211], [-100.428820826, 20.552248849], [-100.428752164, 20.551682169], [-100.428763273, 20.550621956], [-100.428763806, 20.550371361], [-100.428800821, 20.549987004], [-100.4288414, 20.549624258], [-100.428868201, 20.549384668], [-100.428238435, 20.549746838], [-100.428025074, 20.54988433], [-100.427880024, 20.550113686], [-100.427814806, 20.550265015], [-100.427497941, 20.550573157], [-100.426712315, 20.551163028], [-100.426011677, 20.551659776], [-100.425771738, 20.551836951], [-100.425489584, 20.552045297], [-100.425345069, 20.552152008], [-100.42505657, 20.552317237], [-100.424397035, 20.552694961], [-100.423679924, 20.55307194], [-100.423215587, 20.552045482], [-100.423166989, 20.551938051], [-100.423133217, 20.551915037], [-100.423114603, 20.551903584], [-100.423096439, 20.551893209], [-100.423084317, 20.551874851], [-100.423001362, 20.551943547], [-100.422952403, 20.551951392], [-100.422921124, 20.551956405], [-100.42288118, 20.551962806], [-100.42255324, 20.552361192], [-100.422532576, 20.552386293], [-100.422489898, 20.552438121], [-100.422457626, 20.552410037], [-100.422381976, 20.552349925], [-100.422302042, 20.552361155], [-100.422133135, 20.552267896], [-100.421953711, 20.552294863], [-100.421803638, 20.55238436], [-100.421110693, 20.552766568], [-100.420969261, 20.552844577], [-100.420738585, 20.552971809], [-100.420154425, 20.553294009], [-100.419603593, 20.553586514], [-100.419258113, 20.553852509], [-100.418871561, 20.554238007], [-100.4185743, 20.554588016], [-100.418367187, 20.554998365], [-100.418360391, 20.555067392], [-100.418336336, 20.555052072], [-100.418243666, 20.554993056], [-100.41853459, 20.554011915], [-100.418935822, 20.553602328], [-100.419166275, 20.553266397], [-100.419310289, 20.553082164], [-100.41940521, 20.552883941], [-100.419442681, 20.552754919], [-100.419656094, 20.551979166], [-100.419248029, 20.551815487], [-100.419281983, 20.551645583], [-100.419580878, 20.550602778], [-100.419799086, 20.549971522], [-100.419123709, 20.549350589], [-100.419059098, 20.549291359], [-100.418599576, 20.548871039], [-100.418559331, 20.548835979], [-100.418426915, 20.548718961], [-100.418882141, 20.548205634], [-100.418903976, 20.548181754], [-100.418796392, 20.5480965], [-100.418746151, 20.54805667], [-100.418715446, 20.548032355], [-100.418423021, 20.547826422], [-100.418389345, 20.547802707], [-100.417727003, 20.547336265], [-100.417331611, 20.547057814], [-100.417135273, 20.547261928], [-100.417066794, 20.547333119], [-100.4170428, 20.547358063], [-100.416852581, 20.547555813], [-100.416535106, 20.547885857], [-100.41622966, 20.548203393], [-100.415952523, 20.548489352], [-100.41592443, 20.548518339], [-100.415150077, 20.547874965], [-100.414754562, 20.54754493], [-100.414448089, 20.547300846], [-100.414234913, 20.547130258], [-100.413892067, 20.546855904], [-100.41319199, 20.546292082], [-100.41315496, 20.546260501], [-100.412548748, 20.54574349], [-100.412504616, 20.545705851], [-100.412389773, 20.545834287], [-100.412111482, 20.546142084], [-100.411863388, 20.546441487], [-100.411602169, 20.546724701], [-100.411439218, 20.546904325], [-100.411345274, 20.547007881], [-100.411075591, 20.547311532], [-100.41079256, 20.547574555], [-100.41051374, 20.547825321], [-100.410197252, 20.548108562], [-100.410018852, 20.547284325], [-100.4097984, 20.546425416], [-100.409738898, 20.546336571], [-100.409690991, 20.546140961], [-100.409196102, 20.544368113], [-100.408956485, 20.54323161], [-100.408462982, 20.543547256], [-100.408219457, 20.543643138], [-100.408075116, 20.543683689], [-100.407987173, 20.543737413], [-100.407595132, 20.543810595], [-100.407560299, 20.54367925], [-100.407073856, 20.543791173], [-100.407040781, 20.543657786], [-100.405964763, 20.541451597], [-100.405670648, 20.541443496], [-100.405224686, 20.541411663], [-100.404797666, 20.541384721], [-100.404377796, 20.541362737], [-100.403913434, 20.541336002], [-100.40346481, 20.541308479], [-100.403020368, 20.541285296], [-100.402494077, 20.541254683], [-100.402058742, 20.541225565], [-100.401592641, 20.541200321], [-100.401153556, 20.541182111], [-100.401121187, 20.541180087], [-100.400691272, 20.541153207], [-100.400590625, 20.541143538], [-100.400450483, 20.541473679], [-100.400163785, 20.541572739], [-100.400074641, 20.541451285], [-100.399953184, 20.541178956], [-100.399913196, 20.541101491], [-100.399312874, 20.541134655], [-100.39898897, 20.541172944], [-100.397807386, 20.541271054], [-100.397701885, 20.541288431], [-100.39737059, 20.541299602], [-100.396673648, 20.541299748], [-100.396245494, 20.541309771], [-100.395797254, 20.541292949], [-100.395450659, 20.541295251], [-100.395067189, 20.541298827], [-100.393874372, 20.54129188], [-100.392554792, 20.541290144], [-100.392073984, 20.541293565], [-100.391975793, 20.541293899], [-100.391978258, 20.541338771], [-100.39198129, 20.541366434], [-100.391984321, 20.541394097], [-100.39203902, 20.542611775], [-100.392043949, 20.542661005], [-100.392048906, 20.542710804], [-100.392057831, 20.542856092], [-100.391533544, 20.542898138], [-100.391580669, 20.543059076], [-100.391590328, 20.543096404], [-100.391378966, 20.543111356], [-100.389353096, 20.543296386], [-100.3881576, 20.543425356], [-100.387253322, 20.540189741], [-100.387185801, 20.539947527], [-100.387156693, 20.539842831], [-100.387022522, 20.539361411], [-100.386556418, 20.537688953], [-100.386430475, 20.537237044], [-100.386260501, 20.536627132], [-100.386141151, 20.536198873], [-100.386112266, 20.536095223], [-100.38610054, 20.536060034], [-100.386053371, 20.53588389], [-100.385942821, 20.535856979], [-100.384857898, 20.531959426], [-100.384809133, 20.531784235], [-100.384769191, 20.53164074], [-100.384578628, 20.530956121], [-100.384416142, 20.530366809], [-100.3843953, 20.530291221], [-100.384347936, 20.530119438], [-100.384180103, 20.529524329], [-100.382356225, 20.523809838], [-100.38170827, 20.523446328], [-100.381292339, 20.522914882], [-100.378588959, 20.512134552], [-100.377353923, 20.506701662], [-100.376613298, 20.504479717], [-100.376078857, 20.502863713], [-100.375351203, 20.500659042], [-100.374573087, 20.499182724], [-100.37543469, 20.497851474], [-100.375779229, 20.497310719], [-100.374840922, 20.497115815], [-100.372376934, 20.491615322], [-100.370986095, 20.488381303], [-100.368092369, 20.486416575], [-100.378214379, 20.485275725], [-100.378436476, 20.485250686], [-100.387350011, 20.485014997], [-100.387415697, 20.485013259], [-100.387522509, 20.484997003], [-100.387611812, 20.485012851], [-100.387690967, 20.485026898], [-100.388257984, 20.48497907], [-100.388305335, 20.484953118], [-100.388352296, 20.484927381], [-100.389631993, 20.484226018], [-100.389689166, 20.484200555], [-100.389758016, 20.484169891], [-100.392932087, 20.483284946], [-100.392674144, 20.482357364], [-100.392355669, 20.481198693], [-100.392170726, 20.480409228], [-100.392008346, 20.479716073], [-100.391879753, 20.47882838], [-100.391861039, 20.478702931], [-100.391732636, 20.478461313], [-100.391457197, 20.478086526], [-100.391217913, 20.477843804], [-100.390819656, 20.477759968], [-100.3906136, 20.477755311], [-100.390428114, 20.477768402], [-100.390371602, 20.477003243], [-100.390369371, 20.476973031], [-100.390133148, 20.476128945], [-100.390511247, 20.475682589], [-100.390493508, 20.475539629], [-100.390423496, 20.475417287], [-100.38960869, 20.472348051], [-100.389421559, 20.47230649], [-100.389306983, 20.472161873], [-100.388423277, 20.469836861], [-100.388042941, 20.469849267], [-100.388072706, 20.465983073], [-100.388007105, 20.465625524], [-100.387813407, 20.46487463], [-100.387288259, 20.462838781], [-100.386897417, 20.462829025], [-100.386275354, 20.462599737], [-100.38593797, 20.462107873], [-100.385214579, 20.459892887], [-100.385153805, 20.459404401], [-100.384438556, 20.45803499], [-100.384270467, 20.457585391], [-100.384310932, 20.457501893], [-100.384591447, 20.456507908], [-100.385233185, 20.456376224], [-100.385750061, 20.455585704], [-100.388673277, 20.455508566], [-100.387771911, 20.453497262], [-100.387345773, 20.452099214], [-100.387155017, 20.450822096], [-100.387199637, 20.449665909], [-100.387416208, 20.448218703], [-100.387934533, 20.447551977], [-100.388335416, 20.446845419], [-100.387271562, 20.445909197], [-100.387138299, 20.444548826], [-100.384950206, 20.442512005], [-100.385222298, 20.440816481], [-100.385392269, 20.440360397], [-100.386049376, 20.437899121], [-100.38628773, 20.437006316], [-100.387277223, 20.436622727], [-100.387092922, 20.435882075], [-100.387555711, 20.43546367], [-100.387431855, 20.434887369], [-100.388477818, 20.43433799], [-100.388885596, 20.434209167], [-100.389231938, 20.433833461], [-100.389993481, 20.43394793], [-100.390275411, 20.433077738], [-100.390968082, 20.432326319], [-100.390893284, 20.430901829], [-100.390655449, 20.43063797], [-100.390418619, 20.430393241], [-100.390469656, 20.429773521], [-100.391046374, 20.429106072], [-100.391492288, 20.427284587], [-100.391482876, 20.426500517], [-100.391473464, 20.425716448], [-100.390642111, 20.424653563], [-100.390253664, 20.42397685], [-100.389865767, 20.423301087], [-100.389598136, 20.422896298], [-100.388972514, 20.421950042], [-100.388613771, 20.421374923], [-100.387969191, 20.420327895], [-100.387702082, 20.419894009], [-100.387481819, 20.419533219], [-100.387400324, 20.419347689], [-100.387121174, 20.418712181], [-100.386761521, 20.417973675], [-100.386342918, 20.417194617], [-100.386301388, 20.416937274], [-100.386285711, 20.416840129], [-100.38627487, 20.416772949], [-100.386216617, 20.416411978], [-100.386008082, 20.416088782], [-100.385987797, 20.416058996], [-100.385970343, 20.416032071], [-100.385740494, 20.4156775], [-100.385736771, 20.415644124], [-100.385822125, 20.415605209], [-100.385850635, 20.415592211], [-100.386196386, 20.415533023], [-100.386599413, 20.415305862], [-100.386634799, 20.415285917], [-100.38666366, 20.41526965], [-100.388042147, 20.414492671], [-100.388081779, 20.414470333], [-100.38811758, 20.414450153], [-100.3883527, 20.414317627], [-100.38838864, 20.414297314], [-100.388417308, 20.41428121], [-100.388908303, 20.414004457], [-100.388947519, 20.413982352], [-100.388985206, 20.413961109], [-100.389167879, 20.413858143], [-100.389537427, 20.413678683], [-100.390039808, 20.413434715], [-100.390281788, 20.413248576], [-100.390382136, 20.413183216], [-100.390473683, 20.413123618], [-100.390966725, 20.412721696], [-100.391341732, 20.41253229], [-100.392147969, 20.412125078], [-100.396892681, 20.409594642], [-100.401302035, 20.406775021], [-100.401824152, 20.406438397], [-100.401801339, 20.404546873], [-100.401775142, 20.402374533], [-100.401733585, 20.398928039], [-100.401707715, 20.396782262], [-100.401706714, 20.396699256], [-100.401700242, 20.396162409], [-100.401679356, 20.394429772], [-100.401430261, 20.378489422], [-100.401424003, 20.378088831], [-100.401387348, 20.375045274], [-100.401382296, 20.374625786], [-100.401373808, 20.373920876], [-100.396549258, 20.371297527], [-100.391955114, 20.368629795], [-100.39091126, 20.368023618], [-100.387779209, 20.366204735], [-100.383840565, 20.36431308], [-100.400580957, 20.361466187], [-100.40163086, 20.361288159], [-100.402339402, 20.361019444], [-100.403318112, 20.360648261], [-100.403797053, 20.361591633], [-100.403803519, 20.362128103], [-100.403750053, 20.362541493], [-100.403522266, 20.363039579], [-100.403413344, 20.363701291], [-100.403652074, 20.364111077], [-100.403830376, 20.364356515], [-100.404472711, 20.364307316], [-100.404647034, 20.364222619], [-100.405063077, 20.364795306], [-100.405304302, 20.365411423], [-100.405133463, 20.365784989], [-100.405138938, 20.366238924], [-100.405321228, 20.366814496], [-100.405616914, 20.367099756], [-100.405970046, 20.367301759], [-100.406208291, 20.367670274], [-100.407214737, 20.368730936], [-100.407686751, 20.369096559], [-100.408100326, 20.369462903], [-100.408454464, 20.369747435], [-100.40892349, 20.369865453], [-100.409453454, 20.370189081], [-100.409931966, 20.371091165], [-100.410234159, 20.371912884], [-100.41042097, 20.372859848], [-100.41054934, 20.373807536], [-100.411280128, 20.376233588], [-100.411828698, 20.37651046], [-100.41351499, 20.377361538], [-100.415216374, 20.377876985], [-100.41656109, 20.377901569], [-100.417675037, 20.378176646], [-100.41878648, 20.378245383], [-100.419664648, 20.378358286], [-100.41995235, 20.37863081], [-100.420137724, 20.378806404], [-100.420663723, 20.378799863], [-100.420835541, 20.378508816], [-100.421538378, 20.37862389], [-100.423180851, 20.379098718], [-100.424827862, 20.379944927], [-100.428003533, 20.381514955], [-100.428709782, 20.381617206], [-100.429944298, 20.382440355], [-100.431001495, 20.382933102], [-100.432234145, 20.383342452], [-100.432996424, 20.383422461], [-100.433934906, 20.383584587], [-100.434698893, 20.384036991], [-100.435990167, 20.384446101], [-100.43687138, 20.38489807], [-100.439219144, 20.385634345], [-100.439469319, 20.385668736], [-100.439512377, 20.385674655], [-100.439805611, 20.385714964], [-100.440392078, 20.385795581], [-100.441620145, 20.386008262], [-100.442677264, 20.386407705], [-100.443849246, 20.386640607]]]]}, "properties": {"state": "Querétaro", "distrito_local": "008", "distrito": "008", "source": "INE Cartografía Electoral", "source_section": "0097"}}, {"type": "Feature", "geometry": {"type": "MultiPolygon", "coordinates": [[[[-100.329785251, 20.293099676], [-100.333478925, 20.293957601], [-100.340515734, 20.295881184], [-100.343273593, 20.29707279], [-100.34488235, 20.297615751], [-100.344974632, 20.297646896], [-100.345971107, 20.297809351], [-100.346315084, 20.297102535], [-100.348411411, 20.292794786], [-100.349949576, 20.289681461], [-100.350561343, 20.28844318], [-100.352850206, 20.289553333], [-100.353516848, 20.289900715], [-100.355139434, 20.290746214], [-100.355286811, 20.290831889], [-100.355586228, 20.291005949], [-100.357770083, 20.292275458], [-100.359953972, 20.293544938], [-100.362127337, 20.295027748], [-100.363481345, 20.296678658], [-100.364949488, 20.297584347], [-100.366480129, 20.299441568], [-100.368177938, 20.300768242], [-100.368536991, 20.301048803], [-100.366665883, 20.301882402], [-100.367204307, 20.301999428], [-100.367282471, 20.302016417], [-100.367338122, 20.302028513], [-100.367603992, 20.302086299], [-100.368835678, 20.302454768], [-100.370358213, 20.30232573], [-100.372115231, 20.302237301], [-100.374575189, 20.302146576], [-100.3763322, 20.302058106], [-100.377149549, 20.30206887], [-100.377565981, 20.302074352], [-100.378851246, 20.302091268], [-100.379042965, 20.302106887], [-100.379949154, 20.30218071], [-100.380316227, 20.302210612], [-100.381382475, 20.302756338], [-100.38184257, 20.302991821], [-100.38198255, 20.303085853], [-100.383252467, 20.303938918], [-100.384428937, 20.305093674], [-100.384665485, 20.305291621], [-100.386251379, 20.3066187], [-100.387545579, 20.307897182], [-100.388722286, 20.309093284], [-100.390724795, 20.311610772], [-100.392024731, 20.314213347], [-100.392330384, 20.317191662], [-100.392576582, 20.319963276], [-100.392702431, 20.321990458], [-100.392710581, 20.323893896], [-100.392597837, 20.324928766], [-100.392719796, 20.326045607], [-100.3929584, 20.327037918], [-100.392727595, 20.327866286], [-100.392386345, 20.330267451], [-100.391812501, 20.333083192], [-100.391528936, 20.335277263], [-100.390705574, 20.335871666], [-100.390764552, 20.336284982], [-100.391800039, 20.337585029], [-100.391818806, 20.33760859], [-100.392229478, 20.338683505], [-100.392464609, 20.339675567], [-100.392758125, 20.340585046], [-100.393051847, 20.341659824], [-100.393345069, 20.342321353], [-100.393288807, 20.344139574], [-100.393232898, 20.346247067], [-100.393175777, 20.347362767], [-100.393469366, 20.348313568], [-100.393646342, 20.349553508], [-100.393939329, 20.350008411], [-100.394524901, 20.350587619], [-100.394701176, 20.351249012], [-100.395403422, 20.351580401], [-100.395937965, 20.352269407], [-100.397212542, 20.353596984], [-100.397281827, 20.353669149], [-100.398115906, 20.354537891], [-100.398585225, 20.354660434], [-100.398881803, 20.355487014], [-100.399763469, 20.356104703], [-100.400235671, 20.356889302], [-100.40064856, 20.357508584], [-100.400827236, 20.358170044], [-100.401064513, 20.358831303], [-100.401416289, 20.358871481], [-100.401827746, 20.359159729], [-100.402123629, 20.359820786], [-100.402339402, 20.361019444], [-100.40163086, 20.361288159], [-100.400580957, 20.361466187], [-100.383840565, 20.36431308], [-100.387779209, 20.366204735], [-100.39091126, 20.368023618], [-100.391955114, 20.368629795], [-100.396549258, 20.371297527], [-100.401373808, 20.373920876], [-100.401382296, 20.374625786], [-100.401387348, 20.375045274], [-100.401424003, 20.378088831], [-100.401430261, 20.378489422], [-100.401679356, 20.394429772], [-100.401700242, 20.396162409], [-100.401706714, 20.396699256], [-100.401707715, 20.396782262], [-100.401733585, 20.398928039], [-100.401775142, 20.402374533], [-100.401801339, 20.404546873], [-100.401824152, 20.406438397], [-100.401302035, 20.406775021], [-100.396892681, 20.409594642], [-100.392147969, 20.412125078], [-100.391341732, 20.41253229], [-100.390966725, 20.412721696], [-100.390473683, 20.413123618], [-100.390382136, 20.413183216], [-100.390281788, 20.413248576], [-100.390039808, 20.413434715], [-100.389537427, 20.413678683], [-100.389167879, 20.413858143], [-100.388985206, 20.413961109], [-100.388947519, 20.413982352], [-100.388908303, 20.414004457], [-100.388417308, 20.41428121], [-100.38838864, 20.414297314], [-100.3883527, 20.414317627], [-100.38811758, 20.414450153], [-100.388081779, 20.414470333], [-100.388042147, 20.414492671], [-100.38666366, 20.41526965], [-100.386634799, 20.415285917], [-100.386599413, 20.415305862], [-100.386196386, 20.415533023], [-100.385850635, 20.415592211], [-100.385822125, 20.415605209], [-100.385736771, 20.415644124], [-100.385740494, 20.4156775], [-100.385970343, 20.416032071], [-100.385987797, 20.416058996], [-100.386008082, 20.416088782], [-100.386216617, 20.416411978], [-100.38627487, 20.416772949], [-100.386285711, 20.416840129], [-100.386301388, 20.416937274], [-100.386342918, 20.417194617], [-100.386761521, 20.417973675], [-100.387121174, 20.418712181], [-100.387400324, 20.419347689], [-100.387481819, 20.419533219], [-100.387702082, 20.419894009], [-100.387969191, 20.420327895], [-100.388613771, 20.421374923], [-100.388972514, 20.421950042], [-100.389598136, 20.422896298], [-100.389865767, 20.423301087], [-100.390253664, 20.42397685], [-100.390642111, 20.424653563], [-100.391473464, 20.425716448], [-100.391482876, 20.426500517], [-100.391492288, 20.427284587], [-100.391046374, 20.429106072], [-100.390469656, 20.429773521], [-100.390418619, 20.430393241], [-100.390655449, 20.43063797], [-100.390893284, 20.430901829], [-100.390968082, 20.432326319], [-100.390275411, 20.433077738], [-100.389993481, 20.43394793], [-100.389231938, 20.433833461], [-100.388885596, 20.434209167], [-100.388477818, 20.43433799], [-100.387431855, 20.434887369], [-100.387555711, 20.43546367], [-100.387092922, 20.435882075], [-100.387277223, 20.436622727], [-100.38628773, 20.437006316], [-100.386049376, 20.437899121], [-100.385392269, 20.440360397], [-100.385222298, 20.440816481], [-100.384950206, 20.442512005], [-100.387138299, 20.444548826], [-100.387271562, 20.445909197], [-100.388335416, 20.446845419], [-100.387934533, 20.447551977], [-100.387416208, 20.448218703], [-100.387199637, 20.449665909], [-100.387155017, 20.450822096], [-100.387345773, 20.452099214], [-100.387771911, 20.453497262], [-100.388673277, 20.455508566], [-100.385750061, 20.455585704], [-100.385233185, 20.456376224], [-100.384591447, 20.456507908], [-100.384310932, 20.457501893], [-100.384270467, 20.457585391], [-100.384438556, 20.45803499], [-100.385153805, 20.459404401], [-100.385214579, 20.459892887], [-100.38593797, 20.462107873], [-100.386275354, 20.462599737], [-100.386897417, 20.462829025], [-100.387288259, 20.462838781], [-100.387813407, 20.46487463], [-100.388007105, 20.465625524], [-100.388072706, 20.465983073], [-100.388042941, 20.469849267], [-100.388423277, 20.469836861], [-100.389306983, 20.472161873], [-100.389421559, 20.47230649], [-100.38960869, 20.472348051], [-100.390423496, 20.475417287], [-100.390493508, 20.475539629], [-100.390511247, 20.475682589], [-100.390133148, 20.476128945], [-100.390369371, 20.476973031], [-100.390371602, 20.477003243], [-100.390428114, 20.477768402], [-100.3906136, 20.477755311], [-100.390819656, 20.477759968], [-100.391217913, 20.477843804], [-100.391457197, 20.478086526], [-100.391732636, 20.478461313], [-100.391861039, 20.478702931], [-100.391879753, 20.47882838], [-100.392008346, 20.479716073], [-100.392170726, 20.480409228], [-100.392355669, 20.481198693], [-100.392674144, 20.482357364], [-100.392932087, 20.483284946], [-100.389758016, 20.484169891], [-100.389689166, 20.484200555], [-100.389631993, 20.484226018], [-100.388352296, 20.484927381], [-100.388305335, 20.484953118], [-100.388257984, 20.48497907], [-100.387690967, 20.485026898], [-100.387611812, 20.485012851], [-100.387522509, 20.484997003], [-100.387415697, 20.485013259], [-100.387350011, 20.485014997], [-100.378436476, 20.485250686], [-100.378214379, 20.485275725], [-100.368092369, 20.486416575], [-100.370986095, 20.488381303], [-100.372376934, 20.491615322], [-100.374840922, 20.497115815], [-100.375779229, 20.497310719], [-100.37543469, 20.497851474], [-100.374573087, 20.499182724], [-100.375351203, 20.500659042], [-100.376078857, 20.502863713], [-100.376613298, 20.504479717], [-100.377353923, 20.506701662], [-100.378588959, 20.512134552], [-100.381292339, 20.522914882], [-100.38170827, 20.523446328], [-100.368279232, 20.526392308], [-100.365537971, 20.526579458], [-100.364663748, 20.526573354], [-100.363845363, 20.526815151], [-100.362966249, 20.527304035], [-100.36231985, 20.527835797], [-100.362082646, 20.528246663], [-100.362017841, 20.528906252], [-100.358447902, 20.530366323], [-100.359670332, 20.550398576], [-100.355794434, 20.551109829], [-100.348307532, 20.55247907], [-100.348175127, 20.552503282], [-100.347029721, 20.552713392], [-100.345718396, 20.552952504], [-100.345327821, 20.552729378], [-100.345856123, 20.556414792], [-100.348438336, 20.558486131], [-100.348584201, 20.558541459], [-100.348611504, 20.558715155], [-100.348678123, 20.55872367], [-100.348735043, 20.558856482], [-100.348727726, 20.558910744], [-100.348752822, 20.558935393], [-100.349273368, 20.559638265], [-100.349863002, 20.560288651], [-100.349881764, 20.560308832], [-100.35045234, 20.560939036], [-100.348936234, 20.561355133], [-100.347532242, 20.561738724], [-100.346293342, 20.562080368], [-100.343564894, 20.562828812], [-100.34208164, 20.563235561], [-100.338826222, 20.564128047], [-100.337286426, 20.564551004], [-100.335609033, 20.564353904], [-100.335377995, 20.564328583], [-100.335314059, 20.56400836], [-100.335250423, 20.563688135], [-100.333642774, 20.563552483], [-100.333607122, 20.563549475], [-100.333587641, 20.563529648], [-100.333186437, 20.563121328], [-100.332304855, 20.562224687], [-100.33228166, 20.561969648], [-100.332144366, 20.561934567], [-100.331088194, 20.562439573], [-100.330915562, 20.56223537], [-100.330870575, 20.562267336], [-100.32989258, 20.56111048], [-100.329698201, 20.560880548], [-100.329671363, 20.561349479], [-100.3296016, 20.562568438], [-100.329547966, 20.563506155], [-100.32948202, 20.563991969], [-100.329465818, 20.564111326], [-100.329445154, 20.564263549], [-100.329423976, 20.564419567], [-100.329348279, 20.564980976], [-100.329329967, 20.565116787], [-100.329309049, 20.565271929], [-100.329082498, 20.566111596], [-100.329185383, 20.566153719], [-100.329132281, 20.566188483], [-100.328846765, 20.566375399], [-100.328838504, 20.56650052], [-100.328833088, 20.566582556], [-100.328824237, 20.566716615], [-100.329086516, 20.566618584], [-100.329138876, 20.566599013], [-100.32930635, 20.567038148], [-100.329425371, 20.567351174], [-100.32957821, 20.567502713], [-100.329960332, 20.56788158], [-100.330792585, 20.568706735], [-100.330831381, 20.568745199], [-100.330679424, 20.568754322], [-100.330615657, 20.56875815], [-100.331686637, 20.569748201], [-100.331752005, 20.56985385], [-100.331920298, 20.569902244], [-100.333070475, 20.570620648], [-100.333124961, 20.570560377], [-100.333179446, 20.570500105], [-100.333324617, 20.57059124], [-100.333588171, 20.570756692], [-100.33617697, 20.572333531], [-100.336262873, 20.572387073], [-100.336587743, 20.572583319], [-100.337010267, 20.57283979], [-100.337863772, 20.573359439], [-100.337940009, 20.573381187], [-100.338017943, 20.573403419], [-100.338042502, 20.573448741], [-100.338103197, 20.573560754], [-100.338161753, 20.573668817], [-100.338301543, 20.57367459], [-100.338419007, 20.573679442], [-100.338622383, 20.573687841], [-100.339182876, 20.57384838], [-100.339775392, 20.574277438], [-100.341487487, 20.575585432], [-100.34242034, 20.576296419], [-100.342812345, 20.57663632], [-100.342921185, 20.576730693], [-100.343570685, 20.577297066], [-100.343836836, 20.577529889], [-100.344494035, 20.578118784], [-100.345735048, 20.579233897], [-100.345475816, 20.579346581], [-100.34674059, 20.580980968], [-100.346797203, 20.581183906], [-100.346882047, 20.58148804], [-100.345485363, 20.582110973], [-100.345376604, 20.582358], [-100.345484124, 20.583097969], [-100.345472295, 20.583112807], [-100.345301926, 20.58399603], [-100.345559659, 20.584224398], [-100.345738221, 20.584313351], [-100.34679499, 20.585129498], [-100.347877923, 20.584827454], [-100.348116099, 20.584672017], [-100.348634537, 20.584067204], [-100.348676808, 20.584032996], [-100.34881897, 20.583937029], [-100.34965783, 20.584757115], [-100.355011139, 20.585062616], [-100.355080395, 20.585066567], [-100.355171498, 20.585071765], [-100.355195691, 20.585073145], [-100.355369651, 20.58508307], [-100.35540133, 20.585084877], [-100.355392373, 20.585292733], [-100.355361841, 20.585350654], [-100.354996668, 20.58604341], [-100.354364746, 20.586933707], [-100.353843729, 20.587346581], [-100.353447505, 20.587598121], [-100.353121773, 20.587751991], [-100.353056864, 20.587775075], [-100.352621763, 20.587929809], [-100.352228279, 20.588016451], [-100.351655163, 20.588063843], [-100.351225567, 20.588067198], [-100.350777168, 20.588011978], [-100.350498968, 20.587946394], [-100.349018573, 20.587646265], [-100.348197943, 20.587537476], [-100.347458908, 20.587536458], [-100.346903583, 20.587527231], [-100.346513642, 20.587505422], [-100.346199328, 20.58745818], [-100.345813909, 20.587370837], [-100.345454554, 20.587247154], [-100.34496856, 20.587007009], [-100.344592229, 20.586759235], [-100.344259256, 20.586429816], [-100.344151913, 20.586322294], [-100.34396378, 20.585998927], [-100.343774859, 20.585674202], [-100.343499356, 20.585200655], [-100.343258711, 20.584458366], [-100.343156251, 20.583898746], [-100.343161418, 20.583831502], [-100.343331413, 20.581618977], [-100.343167772, 20.580756656], [-100.342830469, 20.580116174], [-100.342248328, 20.579367345], [-100.342071913, 20.579208425], [-100.341398065, 20.578601397], [-100.341330285, 20.578540386], [-100.341298558, 20.578517708], [-100.341058003, 20.578345758], [-100.340780083, 20.578178912], [-100.340568545, 20.578030551], [-100.340294429, 20.577815108], [-100.339965891, 20.577607525], [-100.339548719, 20.57739388], [-100.338769095, 20.576931915], [-100.338138607, 20.576572005], [-100.335837973, 20.575258385], [-100.335788528, 20.575230146], [-100.334921, 20.574895381], [-100.333859955, 20.574791599], [-100.332651028, 20.574720256], [-100.332157716, 20.57465401], [-100.33172963, 20.574604772], [-100.330736742, 20.574387136], [-100.330489565, 20.574332496], [-100.329810799, 20.574181757], [-100.329696547, 20.57415689], [-100.328647235, 20.573928499], [-100.32845089, 20.573885763], [-100.327034829, 20.57354641], [-100.325423326, 20.573182277], [-100.324690541, 20.573020221], [-100.324652371, 20.57301178], [-100.324007504, 20.572869164], [-100.323308702, 20.572690645], [-100.322732338, 20.572561372], [-100.32259146, 20.572529774], [-100.321790101, 20.572317011], [-100.320523333, 20.572037752], [-100.319479752, 20.571765537], [-100.318000146, 20.571424408], [-100.317820837, 20.571383339], [-100.317551385, 20.571307434], [-100.317318456, 20.57124792], [-100.316835041, 20.571137164], [-100.316060923, 20.570959801], [-100.315148102, 20.570756609], [-100.315081397, 20.570741108], [-100.314872632, 20.570692596], [-100.313396833, 20.570349645], [-100.312466174, 20.570234128], [-100.311535067, 20.570066076], [-100.310669409, 20.569941301], [-100.309684039, 20.56986928], [-100.309333637, 20.569844909], [-100.307618065, 20.569728535], [-100.305095271, 20.569711614], [-100.304076987, 20.56971733], [-100.303750118, 20.569719164], [-100.299770305, 20.569890163], [-100.298186656, 20.570235375], [-100.298085449, 20.570389914], [-100.298028007, 20.570477624], [-100.297002419, 20.572043629], [-100.297129129, 20.572371722], [-100.29737492, 20.572781081], [-100.29750419, 20.573191425], [-100.297636098, 20.57355901], [-100.29765515, 20.573936768], [-100.298352384, 20.575802804], [-100.300144762, 20.578536681], [-100.301419199, 20.580480478], [-100.301673649, 20.580868563], [-100.301429431, 20.585130991], [-100.303770315, 20.586143179], [-100.303816611, 20.589612768], [-100.302822139, 20.589690881], [-100.302645684, 20.59010399], [-100.302060915, 20.590059844], [-100.301416462, 20.590512142], [-100.300539355, 20.59042522], [-100.30024692, 20.590423841], [-100.300189133, 20.59013381], [-100.300365294, 20.589844884], [-100.300074261, 20.589263995], [-100.29618953, 20.58932544], [-100.296183493, 20.590533653], [-100.296063089, 20.591228299], [-100.295766466, 20.592137985], [-100.29519777, 20.593593497], [-100.29422587, 20.596057922], [-100.293932987, 20.59684167], [-100.293918785, 20.596880099], [-100.293878232, 20.596989827], [-100.293681532, 20.597200251], [-100.293528698, 20.597413506], [-100.293172673, 20.598337935], [-100.293410567, 20.598400651], [-100.293364201, 20.598520702], [-100.293259709, 20.598794174], [-100.29322429, 20.59888687], [-100.293173192, 20.59901928], [-100.293020963, 20.599413745], [-100.292872289, 20.599808692], [-100.29277358, 20.600068117], [-100.292531586, 20.60068436], [-100.292386181, 20.601064085], [-100.292171726, 20.601631282], [-100.292118678, 20.601768682], [-100.291885642, 20.602372269], [-100.29179517, 20.602604314], [-100.291762518, 20.602667218], [-100.291664925, 20.602855232], [-100.291501248, 20.603081374], [-100.291302394, 20.603283759], [-100.291093203, 20.603454853], [-100.290805543, 20.603683544], [-100.290199931, 20.604153463], [-100.289624275, 20.604602134], [-100.28917344, 20.604953022], [-100.288761558, 20.605262675], [-100.288735442, 20.605282309], [-100.288612861, 20.605374465], [-100.288466283, 20.605470782], [-100.288312136, 20.605550094], [-100.288262491, 20.605571879], [-100.288170417, 20.60561231], [-100.288032634, 20.605662085], [-100.287752248, 20.605764856], [-100.287071949, 20.60600564], [-100.286577994, 20.606182841], [-100.28640121, 20.60624626], [-100.285991697, 20.606398367], [-100.285725487, 20.606482987], [-100.285573685, 20.606519354], [-100.285371349, 20.606548294], [-100.285267539, 20.606560524], [-100.285102418, 20.606563571], [-100.284862847, 20.606546923], [-100.284582805, 20.606515125], [-100.284554124, 20.606528879], [-100.284518514, 20.606548579], [-100.284473191, 20.606554642], [-100.284418155, 20.606548586], [-100.284367973, 20.606533438], [-100.284322648, 20.606507683], [-100.284277354, 20.60647283], [-100.283443357, 20.606373418], [-100.282549122, 20.606267153], [-100.282265995, 20.606232796], [-100.282119329, 20.606214934], [-100.282001592, 20.606201571], [-100.281904668, 20.606195678], [-100.281801765, 20.60620775], [-100.28163456, 20.606225976], [-100.281550318, 20.606246887], [-100.281466076, 20.606267798], [-100.281288952, 20.606327132], [-100.28097087, 20.606442086], [-100.280657857, 20.606552264], [-100.280405259, 20.606646097], [-100.280225253, 20.606694272], [-100.280036324, 20.606724675], [-100.279925292, 20.606735552], [-100.279790066, 20.606729503], [-100.279644461, 20.606717752], [-100.279370658, 20.606672327], [-100.279026312, 20.60660803], [-100.278584873, 20.606525968], [-100.278169242, 20.606446918], [-100.277897414, 20.606414283], [-100.277666999, 20.60638662], [-100.277534854, 20.607905064], [-100.277466079, 20.609432814], [-100.277332259, 20.611306402], [-100.277303725, 20.612772457], [-100.277294751, 20.613977433], [-100.277320233, 20.614343528], [-100.277322345, 20.614373879], [-100.277382347, 20.615235924], [-100.277440975, 20.616078215], [-100.277429595, 20.616256881], [-100.277404157, 20.616656279], [-100.276913241, 20.616637646], [-100.276863778, 20.616631372], [-100.276419908, 20.616620396], [-100.275833259, 20.616606649], [-100.275221416, 20.61658321], [-100.275033592, 20.616580217], [-100.27495543, 20.616587979], [-100.273988645, 20.616766335], [-100.27199568, 20.616993794], [-100.26915837, 20.61731758], [-100.267035667, 20.617643638], [-100.266618171, 20.61772519], [-100.265390741, 20.615859253], [-100.263820361, 20.613470096], [-100.26280953, 20.612054198], [-100.26139142, 20.610208712], [-100.261109857, 20.610402877], [-100.260833841, 20.610553209], [-100.260657394, 20.610551529], [-100.260430003, 20.610484961], [-100.260206225, 20.610474728], [-100.257261928, 20.611473955], [-100.25635679, 20.611730356], [-100.25690681, 20.613099428], [-100.254913958, 20.613716148], [-100.256221142, 20.617997133], [-100.256711539, 20.619603095], [-100.2562119, 20.619739727], [-100.255715818, 20.619887895], [-100.254258043, 20.618142081], [-100.252679932, 20.61763749], [-100.252749905, 20.613415593], [-100.250817364, 20.614192447], [-100.250228092, 20.615762498], [-100.249346884, 20.617124114], [-100.247411316, 20.618977179], [-100.246587538, 20.620711622], [-100.246582633, 20.622659649], [-100.247453687, 20.623249799], [-100.247499492, 20.623280832], [-100.247542795, 20.623310169], [-100.248117785, 20.623699726], [-100.247574302, 20.623697004], [-100.247368137, 20.623650358], [-100.247324678, 20.623640526], [-100.247278328, 20.623630038], [-100.244352027, 20.622967916], [-100.241026127, 20.62221531], [-100.233893915, 20.620523307], [-100.220451359, 20.617312057], [-100.210621619, 20.614963103], [-100.20994823, 20.614757305], [-100.209303069, 20.61453727], [-100.208583323, 20.614264534], [-100.208080951, 20.614058392], [-100.207431325, 20.613770075], [-100.206576447, 20.613357512], [-100.20583482, 20.612956891], [-100.204952558, 20.612431556], [-100.204391578, 20.612093718], [-100.20397295, 20.611844169], [-100.203728894, 20.61150613], [-100.203174267, 20.610788109], [-100.202737817, 20.610223073], [-100.202675166, 20.610272817], [-100.202276135, 20.610589642], [-100.202170109, 20.610689367], [-100.201981999, 20.610866296], [-100.200054675, 20.612222651], [-100.194583383, 20.615923532], [-100.194149585, 20.61456237], [-100.184752872, 20.614660522], [-100.184584195, 20.613961951], [-100.1891753, 20.609311138], [-100.189457825, 20.609024925], [-100.18912086, 20.605304051], [-100.18694306, 20.603300689], [-100.187298299, 20.601990215], [-100.187447474, 20.601439901], [-100.191882714, 20.589637188], [-100.193877836, 20.589722757], [-100.193880403, 20.588811205], [-100.198645901, 20.584549834], [-100.199409611, 20.584260803], [-100.199996573, 20.584220141], [-100.200260654, 20.584220488], [-100.200524736, 20.584220834], [-100.201522605, 20.584139271], [-100.201930355, 20.584035182], [-100.202168553, 20.583974375], [-100.199575828, 20.579534396], [-100.196608227, 20.574452282], [-100.199958618, 20.572550464], [-100.191116423, 20.55207864], [-100.186886565, 20.553190174], [-100.186202305, 20.551081819], [-100.185978225, 20.550151731], [-100.185870261, 20.549760143], [-100.185712489, 20.549185147], [-100.184939966, 20.546385871], [-100.18459678, 20.545336436], [-100.184452835, 20.544832173], [-100.184385386, 20.544580711], [-100.18423993, 20.544099422], [-100.184221827, 20.544001294], [-100.184096235, 20.54404711], [-100.184073347, 20.543981412], [-100.183807491, 20.543151352], [-100.183698548, 20.542808826], [-100.183808178, 20.542790025], [-100.183582185, 20.542121698], [-100.183052425, 20.540501079], [-100.182706227, 20.538872381], [-100.182269571, 20.537220824], [-100.18070819, 20.534504071], [-100.18456609, 20.532108856], [-100.180555314, 20.529842239], [-100.17923299, 20.532961455], [-100.175788368, 20.528470534], [-100.175361079, 20.527913432], [-100.176338962, 20.526601156], [-100.176386852, 20.526536889], [-100.176434742, 20.526472622], [-100.176463597, 20.526433899], [-100.176545613, 20.526323804], [-100.177225792, 20.525411043], [-100.177270086, 20.525351603], [-100.178589282, 20.524954696], [-100.203393697, 20.517489567], [-100.206422041, 20.522071174], [-100.195196849, 20.530180681], [-100.193905901, 20.52951424], [-100.192550266, 20.533411463], [-100.201976919, 20.534471055], [-100.21416456, 20.536222027], [-100.214416911, 20.536258272], [-100.217489776, 20.536699597], [-100.217612215, 20.53671718], [-100.217685221, 20.536682607], [-100.218082567, 20.536494439], [-100.218146942, 20.536463954], [-100.220189323, 20.535834392], [-100.220171216, 20.535780473], [-100.220055718, 20.535470952], [-100.220606998, 20.53529708], [-100.220663711, 20.535458001], [-100.221665417, 20.535160868], [-100.223328549, 20.534617721], [-100.224424666, 20.534259739], [-100.232612823, 20.531585293], [-100.230235292, 20.525263558], [-100.230219042, 20.52522035], [-100.230081338, 20.524854182], [-100.229341755, 20.525052587], [-100.224090505, 20.52646122], [-100.222096134, 20.52467349], [-100.221688245, 20.521892979], [-100.220164431, 20.519442279], [-100.228921923, 20.511036327], [-100.229570111, 20.508838612], [-100.232099442, 20.504320955], [-100.240495535, 20.503506243], [-100.246027088, 20.49015663], [-100.246849891, 20.489162336], [-100.24790701, 20.488666307], [-100.249198929, 20.488170678], [-100.253376075, 20.478179101], [-100.253303038, 20.47789401], [-100.253230002, 20.47760892], [-100.250802944, 20.468134455], [-100.2505692, 20.467055348], [-100.250277244, 20.465478276], [-100.247818418, 20.459043265], [-100.250812116, 20.458550594], [-100.252924028, 20.459549953], [-100.254273294, 20.460216078], [-100.255564687, 20.460010833], [-100.255798951, 20.460550582], [-100.256209903, 20.460426813], [-100.256502594, 20.46125708], [-100.259906128, 20.461885135], [-100.262157605, 20.46134265], [-100.263839288, 20.460937434], [-100.263493833, 20.46054199], [-100.262314861, 20.459192395], [-100.260495197, 20.459479785], [-100.259734052, 20.457445574], [-100.261764127, 20.456342617], [-100.272827687, 20.450331014], [-100.283395202, 20.446491272], [-100.288668319, 20.447904872], [-100.292088421, 20.450360809], [-100.292302605, 20.450361128], [-100.29700657, 20.450368075], [-100.298737916, 20.449741281], [-100.299061078, 20.449624285], [-100.299003228, 20.448338073], [-100.297007341, 20.449206411], [-100.29609575, 20.447661251], [-100.295739312, 20.447057072], [-100.295704662, 20.446998571], [-100.294415591, 20.444813337], [-100.293997726, 20.444104955], [-100.293724738, 20.44364217], [-100.293581394, 20.443468891], [-100.293491868, 20.443360669], [-100.292569591, 20.442245773], [-100.292530293, 20.442198268], [-100.291370748, 20.440796518], [-100.286337126, 20.434711075], [-100.278511449, 20.417459936], [-100.278370463, 20.417149101], [-100.278898991, 20.416569098], [-100.2807184, 20.415908147], [-100.280249337, 20.415492526], [-100.279897687, 20.414994111], [-100.279546139, 20.414371231], [-100.279395293, 20.413862986], [-100.279312071, 20.413582581], [-100.278139477, 20.412502026], [-100.279489696, 20.411549926], [-100.280311593, 20.410928894], [-100.280664339, 20.410016703], [-100.281016367, 20.410017256], [-100.281251409, 20.409561251], [-100.28060684, 20.408523028], [-100.280196732, 20.40777559], [-100.280138422, 20.407319125], [-100.281136824, 20.406034552], [-100.281137603, 20.40503883], [-100.280785749, 20.404830835], [-100.280493676, 20.403212324], [-100.280083159, 20.403004234], [-100.27973108, 20.403086656], [-100.278442895, 20.399931488], [-100.277799526, 20.397482641], [-100.276345499, 20.397409401], [-100.272695728, 20.397225507], [-100.271539586, 20.393707311], [-100.270864944, 20.393943097], [-100.270834907, 20.393837805], [-100.27080706, 20.393740189], [-100.270738627, 20.393500307], [-100.270647441, 20.393512777], [-100.270184342, 20.393576106], [-100.270097585, 20.39358797], [-100.270001959, 20.393579612], [-100.269557278, 20.393540745], [-100.269004685, 20.393576577], [-100.269191649, 20.394152989], [-100.269108469, 20.394178246], [-100.268920251, 20.394235396], [-100.266140479, 20.395079415], [-100.265983659, 20.394547433], [-100.265963358, 20.394478567], [-100.253159175, 20.397690594], [-100.253625453, 20.400802637], [-100.252373571, 20.401444453], [-100.252334168, 20.401464654], [-100.251338218, 20.400010808], [-100.250693724, 20.399138415], [-100.247118487, 20.395647055], [-100.245712806, 20.393362665], [-100.245714281, 20.391910551], [-100.238732762, 20.392229908], [-100.234214432, 20.393217374], [-100.23016954, 20.390471576], [-100.230231637, 20.387401475], [-100.233873015, 20.383549752], [-100.24343465, 20.383857595], [-100.243668699, 20.384438863], [-100.248068794, 20.384031805], [-100.251822846, 20.384370313], [-100.251806691, 20.384323017], [-100.251794827, 20.384288286], [-100.25135489, 20.383000303], [-100.251650484, 20.38067749], [-100.250659658, 20.374203463], [-100.258171605, 20.370316531], [-100.252957483, 20.363835219], [-100.25542301, 20.361723567], [-100.254603591, 20.359938115], [-100.253784193, 20.358152657], [-100.249157979, 20.358350767], [-100.248907416, 20.358361493], [-100.248656854, 20.358372219], [-100.237582476, 20.35882603], [-100.199697758, 20.360373165], [-100.196469076, 20.36646574], [-100.193748175, 20.36395257], [-100.192389013, 20.363384143], [-100.191043808, 20.360942739], [-100.190224825, 20.36176741], [-100.186773668, 20.361635465], [-100.183398642, 20.358847906], [-100.181166889, 20.358906208], [-100.177215715, 20.356699812], [-100.174364969, 20.352248815], [-100.173772391, 20.35150786], [-100.172004245, 20.350651496], [-100.170112289, 20.348884983], [-100.172336379, 20.34775018], [-100.172982743, 20.347786738], [-100.173850701, 20.345916687], [-100.175983447, 20.340144412], [-100.175572039, 20.340106097], [-100.175216749, 20.339694652], [-100.174860881, 20.339200388], [-100.174152632, 20.338708771], [-100.172802118, 20.338760328], [-100.17250528, 20.338307027], [-100.171797042, 20.337815401], [-100.171266734, 20.337570907], [-100.170620413, 20.337534341], [-100.169738016, 20.337333894], [-100.169204249, 20.336592479], [-100.168730371, 20.33601626], [-100.168316091, 20.33556383], [-100.167782049, 20.334780999], [-100.167191011, 20.334247064], [-100.166304607, 20.333466862], [-100.165066416, 20.332772104], [-100.164063148, 20.332075586], [-100.163350947, 20.331004185], [-100.162758792, 20.330304594], [-100.161639528, 20.329815984], [-100.160520557, 20.329368776], [-100.159342008, 20.328797768], [-100.158338505, 20.328059804], [-100.157041949, 20.327406831], [-100.156038181, 20.326627443], [-100.15527132, 20.326136179], [-100.154210266, 20.325564263], [-100.152855021, 20.324911692], [-100.151617806, 20.324341062], [-100.150732101, 20.323643594], [-100.149729521, 20.323029806], [-100.148315591, 20.32237763], [-100.148704854, 20.321918716], [-100.148621877, 20.32186203], [-100.147568385, 20.322400707], [-100.147391831, 20.322487696], [-100.147215277, 20.322574691], [-100.146831585, 20.322495891], [-100.146543662, 20.322416461], [-100.146255538, 20.322309937], [-100.145872492, 20.322321476], [-100.1454894, 20.322323984], [-100.145106308, 20.322326507], [-100.144723662, 20.322392245], [-100.144446785, 20.322511522], [-100.144151077, 20.322676076], [-100.143864615, 20.322795414], [-100.143578215, 20.322923768], [-100.143482846, 20.322978614], [-100.143293154, 20.32323283], [-100.142102369, 20.322090507], [-100.137723477, 20.317898599], [-100.137615831, 20.317955389], [-100.137508185, 20.318012184], [-100.137193, 20.318131691], [-100.136935923, 20.318341168], [-100.13665, 20.318532768], [-100.1363642, 20.31874243], [-100.136078462, 20.318961122], [-100.135831354, 20.319224737], [-100.135689677, 20.319496707], [-100.135519262, 20.319768861], [-100.1354542, 20.320040337], [-100.135378631, 20.320185384], [-100.133208708, 20.319342691], [-100.133044477, 20.319278907], [-100.133006708, 20.319333414], [-100.130627062, 20.31873443], [-100.130645369, 20.318616861], [-100.130357723, 20.318573537], [-100.127852431, 20.317928291], [-100.126358385, 20.317543476], [-100.125463954, 20.317313091], [-100.1238574, 20.31694923], [-100.123712014, 20.316916299], [-100.123679585, 20.316908953], [-100.112695169, 20.314395153], [-100.112172415, 20.314351504], [-100.111938575, 20.314324733], [-100.099779705, 20.314503814], [-100.099584094, 20.314505682], [-100.099451511, 20.31450762], [-100.098345642, 20.31452378], [-100.09802349, 20.314528486], [-100.097883689, 20.314530528], [-100.097802955, 20.314531707], [-100.096757709, 20.314546971], [-100.093251228, 20.314599413], [-100.093118763, 20.314600063], [-100.093655228, 20.313096456], [-100.094899977, 20.309619417], [-100.094817909, 20.309509574], [-100.093670584, 20.308007233], [-100.093619798, 20.307905943], [-100.094423023, 20.305520702], [-100.095176443, 20.305330559], [-100.095696245, 20.303889384], [-100.095811693, 20.303569296], [-100.096047852, 20.302914521], [-100.096669961, 20.303058967], [-100.096956259, 20.302188426], [-100.097031724, 20.301958957], [-100.097285408, 20.301141478], [-100.097023572, 20.300881904], [-100.092022379, 20.29934348], [-100.091256647, 20.298976151], [-100.090375353, 20.29889952], [-100.090377757, 20.299272219], [-100.088912754, 20.299738048], [-100.088094704, 20.300364981], [-100.08728144, 20.301737308], [-100.086878663, 20.30302393], [-100.08647721, 20.304517607], [-100.086777728, 20.305592235], [-100.087255211, 20.306789861], [-100.087734301, 20.308235951], [-100.087802084, 20.309643512], [-100.087285047, 20.31142789], [-100.086533375, 20.313255324], [-100.085953066, 20.314336124], [-100.0860769, 20.315329164], [-100.086375044, 20.316031093], [-100.086556009, 20.316775255], [-100.082151697, 20.316806071], [-100.082262782, 20.315811387], [-100.082551361, 20.315022527], [-100.082959773, 20.314605544], [-100.083957007, 20.314432921], [-100.083890848, 20.313273824], [-100.083469436, 20.311661669], [-100.083335009, 20.309012185], [-100.082213474, 20.308108936], [-100.080916319, 20.30728973], [-100.07997203, 20.306550881], [-100.079260251, 20.305437691], [-100.078957143, 20.303948936], [-100.078538188, 20.302709464], [-100.078120031, 20.301594223], [-100.077762972, 20.300851274], [-100.076583075, 20.299989803], [-100.075462171, 20.299169328], [-100.076572012, 20.298250535], [-100.077272403, 20.297583059], [-100.078028339, 20.296418239], [-100.082080311, 20.296472834], [-100.082688572, 20.290587948], [-100.080163063, 20.290481321], [-100.078336589, 20.289500123], [-100.075967772, 20.286327778], [-100.077657007, 20.284203979], [-100.082890772, 20.276299051], [-100.086440935, 20.271428918], [-100.088071165, 20.26930544], [-100.090459455, 20.266389781], [-100.092732387, 20.263806207], [-100.094769094, 20.261017205], [-100.088173488, 20.258703042], [-100.08782619, 20.258581179], [-100.087411024, 20.257921476], [-100.08652678, 20.25734788], [-100.085525668, 20.256857923], [-100.084526152, 20.256616427], [-100.083648541, 20.257078097], [-100.07578582, 20.248394599], [-100.073726917, 20.247704832], [-100.056796515, 20.243762641], [-100.066513458, 20.230071085], [-100.068025403, 20.227824362], [-100.068373647, 20.227200764], [-100.068721888, 20.226577166], [-100.067486009, 20.226047297], [-100.060067804, 20.222370949], [-100.056710445, 20.220447428], [-100.055659442, 20.221324273], [-100.054722729, 20.221703371], [-100.053671707, 20.222580205], [-100.05279495, 20.223165954], [-100.051386656, 20.22321693], [-100.050215161, 20.223597598], [-100.048931379, 20.224807291], [-100.053590451, 20.22842007], [-100.051837634, 20.2297158], [-100.047647068, 20.225934152], [-100.046947105, 20.226642917], [-100.046188191, 20.227310665], [-100.045252687, 20.227896775], [-100.044610634, 20.2284809], [-100.044318445, 20.228689939], [-100.044026254, 20.228898979], [-100.038136638, 20.225584097], [-100.035545445, 20.224151986], [-100.035831101, 20.222866247], [-100.037693805, 20.220327525], [-100.039968779, 20.218034496], [-100.030352413, 20.209774669], [-100.027992555, 20.207719682], [-100.026930763, 20.206815633], [-100.025870972, 20.206242874], [-100.025583021, 20.207155891], [-100.024822114, 20.20749225], [-100.023884159, 20.207664123], [-100.022413584, 20.207094064], [-100.020770428, 20.20710493], [-100.020070666, 20.207855004], [-100.019430569, 20.208770337], [-100.018786763, 20.209064483], [-100.018026325, 20.209483638], [-100.018092653, 20.210767034], [-100.012594101, 20.213826425], [-100.012245901, 20.214491334], [-100.011313274, 20.215574215], [-100.01049801, 20.216656323], [-100.009801334, 20.21794472], [-100.008694313, 20.219318628], [-100.006875443, 20.219413346], [-100.005824883, 20.220414141], [-100.004305522, 20.221542229], [-100.003958971, 20.222497011], [-100.002966578, 20.223414583], [-100.001973688, 20.224249326], [-100.000689753, 20.225500095], [-99.999517618, 20.225797606], [-99.998459478, 20.225514572], [-99.996412268, 20.226728845], [-99.993489444, 20.228777034], [-99.993438682, 20.230144028], [-99.989630317, 20.231328175], [-99.98904601, 20.231787491], [-99.988522546, 20.23261914], [-99.988525654, 20.233157504], [-99.988294939, 20.233863028], [-99.987946115, 20.234445069], [-99.987420965, 20.234986827], [-99.986952119, 20.235114081], [-99.986479456, 20.234578731], [-99.986123947, 20.234001214], [-99.98494862, 20.233760267], [-99.983716267, 20.233809576], [-99.982952997, 20.233773047], [-99.982073761, 20.233985741], [-99.981309778, 20.233824967], [-99.980841404, 20.23403503], [-99.979790814, 20.235077092], [-99.978971681, 20.235537874], [-99.978566724, 20.236575811], [-99.978102356, 20.237489884], [-99.978105193, 20.237986836], [-99.978226605, 20.238690104], [-99.977365995, 20.238370675], [-99.976373775, 20.238424087], [-99.975479263, 20.238625674], [-99.974934356, 20.238595452], [-99.974411145, 20.238175677], [-99.974056257, 20.23755989], [-99.973665163, 20.236955868], [-99.973177624, 20.236421321], [-99.972869021, 20.235473038], [-99.972864103, 20.234682819], [-99.972870036, 20.233697825], [-99.973023678, 20.233112556], [-99.973298862, 20.232583537], [-99.973608802, 20.231825274], [-99.973212711, 20.230431031], [-99.972687634, 20.22969059], [-99.97239384, 20.229165989], [-99.972182982, 20.228354411], [-99.971851181, 20.227566634], [-99.971409412, 20.226596495], [-99.971077217, 20.225728573], [-99.970768295, 20.224723091], [-99.970412317, 20.223924059], [-99.969994972, 20.222999501], [-99.969713073, 20.222429018], [-99.969274596, 20.221985626], [-99.968896544, 20.221530424], [-99.968614414, 20.22093699], [-99.968392875, 20.220343132], [-99.968352462, 20.219690537], [-99.968518975, 20.21921977], [-99.968661082, 20.218703238], [-99.968247164, 20.218328468], [-99.966573809, 20.217837207], [-99.965724368, 20.217477205], [-99.964788503, 20.216854378], [-99.963961877, 20.2162651], [-99.963838258, 20.215853667], [-99.963867269, 20.214673736], [-99.964247189, 20.213479771], [-99.964818118, 20.211860537], [-99.964991751, 20.210587829], [-99.965238451, 20.209383389], [-99.965355757, 20.20878694], [-99.965472356, 20.208075924], [-99.965626524, 20.207559418], [-99.965743969, 20.206985828], [-99.965448196, 20.206129075], [-99.964935301, 20.205388537], [-99.964496533, 20.204887846], [-99.964191322, 20.204455001], [-99.963946317, 20.203975834], [-99.963834205, 20.203472716], [-99.963904978, 20.203168643], [-99.963975751, 20.202864569], [-99.964223295, 20.201797556], [-99.964255408, 20.20112161], [-99.964167722, 20.200652694], [-99.96400862, 20.2003675], [-99.963694108, 20.200381333], [-99.963441043, 20.200566504], [-99.96288583, 20.200799863], [-99.962474238, 20.200780367], [-99.962107839, 20.200244461], [-99.962094685, 20.199578479], [-99.962090198, 20.199351301], [-99.962072264, 20.199120341], [-99.962037753, 20.198675913], [-99.962108565, 20.198377627], [-99.962324144, 20.198032363], [-99.962599837, 20.197583601], [-99.962852382, 20.197329764], [-99.963176859, 20.196960781], [-99.963732577, 20.196796179], [-99.9646153, 20.196686495], [-99.965304258, 20.196543775], [-99.966076998, 20.196285892], [-99.966378021, 20.196020227], [-99.966121398, 20.195632738], [-99.965127431, 20.195353948], [-99.964352504, 20.195291125], [-99.963648783, 20.19499865], [-99.963392794, 20.194691398], [-99.963133823, 20.193914492], [-99.96304406, 20.193090578], [-99.963209868, 20.192528099], [-99.963593259, 20.191883759], [-99.964037068, 20.191250462], [-99.964120072, 20.190974964], [-99.963948438, 20.190632634], [-99.963438764, 20.190384609], [-99.963206124, 20.189951092], [-99.963251803, 20.189504123], [-99.963164013, 20.18900078], [-99.963171989, 20.18833644], [-99.963701045, 20.187794117], [-99.964877621, 20.186273392], [-99.964824688, 20.185540807], [-99.965003871, 20.185172889], [-99.965632365, 20.185053603], [-99.966575999, 20.185012096], [-99.967072014, 20.184996809], [-99.96774815, 20.184751207], [-99.968326474, 20.184334466], [-99.968612638, 20.183656577], [-99.968609595, 20.183164065], [-99.968533002, 20.182523322], [-99.968616063, 20.182259207], [-99.969389097, 20.182024269], [-99.970173453, 20.18168617], [-99.970498165, 20.181362984], [-99.970290687, 20.181089709], [-99.969129352, 20.181144361], [-99.968296046, 20.181391204], [-99.967536479, 20.181643544], [-99.967169492, 20.181205035], [-99.966889168, 20.180875061], [-99.96676143, 20.180910597], [-99.966635526, 20.180945668], [-99.966418576, 20.181084743], [-99.966300559, 20.181578192], [-99.966059634, 20.181740348], [-99.965770473, 20.181948671], [-99.965542168, 20.182202378], [-99.965749649, 20.1824986], [-99.966439976, 20.182584983], [-99.966802874, 20.182570791], [-99.967177227, 20.182464905], [-99.967457262, 20.182726128], [-99.9674843, 20.183184083], [-99.967281196, 20.183597945], [-99.966943779, 20.183818101], [-99.96625401, 20.183823337], [-99.965527832, 20.183806002], [-99.964802077, 20.183857331], [-99.964307051, 20.184032897], [-99.963945699, 20.184298988], [-99.963814629, 20.184632125], [-99.963708896, 20.185148365], [-99.963592653, 20.185916575], [-99.963497735, 20.186215089], [-99.963052434, 20.18661934], [-99.962388858, 20.186933617], [-99.962063906, 20.187222455], [-99.961708454, 20.18847356], [-99.96173625, 20.189057469], [-99.961740115, 20.189687317], [-99.961647158, 20.190306492], [-99.961649337, 20.190661579], [-99.961640933, 20.19125716], [-99.961618408, 20.191532236], [-99.961524317, 20.191945234], [-99.961101452, 20.192063021], [-99.96089576, 20.192087442], [-99.960435437, 20.191999345], [-99.959611556, 20.191833795], [-99.958616861, 20.191451865], [-99.95792415, 20.190987498], [-99.957413434, 20.190567604], [-99.956791584, 20.189804862], [-99.956278786, 20.189064293], [-99.956008196, 20.188367674], [-99.955847044, 20.18750037], [-99.955782985, 20.187155328], [-99.955779235, 20.184578395], [-99.955850913, 20.18363797], [-99.955891256, 20.183111489], [-99.955984615, 20.182560975], [-99.956042929, 20.182205559], [-99.956002445, 20.181530097], [-99.955913008, 20.180751896], [-99.955729454, 20.180421196], [-99.955469884, 20.181476799], [-99.954992492, 20.182568543], [-99.954754901, 20.183280393], [-99.954579713, 20.184323962], [-99.954487156, 20.185034745], [-99.95432391, 20.186043913], [-99.95433745, 20.186249951], [-99.954194204, 20.186583148], [-99.953566809, 20.18688572], [-99.953179897, 20.186934441], [-99.952511337, 20.18646983], [-99.951732482, 20.18575409], [-99.951220138, 20.185082264], [-99.950743815, 20.184352774], [-99.950278417, 20.183451458], [-99.949885129, 20.182446563], [-99.949714128, 20.182195845], [-99.949525561, 20.182031195], [-99.949336995, 20.181866545], [-99.948560559, 20.181528736], [-99.948026663, 20.18129217], [-99.947638724, 20.181169118], [-99.947117442, 20.181024103], [-99.946705018, 20.180855459], [-99.946570802, 20.18067321], [-99.946483555, 20.18025009], [-99.94623975, 20.17995413], [-99.94587441, 20.179578857], [-99.945715917, 20.179385353], [-99.945569646, 20.179203168], [-99.945518671, 20.178779762], [-99.946132751, 20.178271278], [-99.946444934, 20.177856589], [-99.946231856, 20.177640564], [-99.946018777, 20.177424539], [-99.945631471, 20.177404574], [-99.944820289, 20.177330413], [-99.944009453, 20.177313623], [-99.943404146, 20.177260849], [-99.942943246, 20.177080982], [-99.942566002, 20.176728806], [-99.942357307, 20.176237844], [-99.942183573, 20.175529025], [-99.942335934, 20.174703256], [-99.942778271, 20.173818014], [-99.943099928, 20.1729795], [-99.943472067, 20.172484249], [-99.943686589, 20.171955779], [-99.943538543, 20.171498728], [-99.942983347, 20.171720507], [-99.942428151, 20.171942284], [-99.941885334, 20.172221229], [-99.941511679, 20.172464571], [-99.940823836, 20.17276742], [-99.940232115, 20.172966567], [-99.93956749, 20.17312038], [-99.939095098, 20.173032274], [-99.93848748, 20.172590149], [-99.9380992, 20.172421175], [-99.937297666, 20.171923245], [-99.936859603, 20.17152557], [-99.936554671, 20.171115529], [-99.936418151, 20.170543847], [-99.936570717, 20.169763891], [-99.936760189, 20.169075269], [-99.936950002, 20.168443931], [-99.936933746, 20.167756857], [-99.936772268, 20.167059441], [-99.9365146, 20.166454249], [-99.936316219, 20.165665497], [-99.936335302, 20.164806376], [-99.936403867, 20.164141529], [-99.936593471, 20.163475857], [-99.936807896, 20.162912969], [-99.936999412, 20.162567962], [-99.937263755, 20.162256812], [-99.937611544, 20.161738753], [-99.937583164, 20.161040357], [-99.937239499, 20.160229701], [-99.936969554, 20.159601804], [-99.936782721, 20.158732654], [-99.936742121, 20.157999997], [-99.936681826, 20.157478589], [-99.936648896, 20.157215405], [-99.936563795, 20.156535262], [-99.93657423, 20.156225916], [-99.936717465, 20.155904215], [-99.937330915, 20.15531553], [-99.937468629, 20.155079689], [-99.937606343, 20.154843847], [-99.937760218, 20.154270076], [-99.937698095, 20.15400137], [-99.937635971, 20.153732664], [-99.937645114, 20.153228696], [-99.937738971, 20.152746957], [-99.937346776, 20.151913697], [-99.936810021, 20.151161804], [-99.936330381, 20.150623018], [-99.936184854, 20.150511027], [-99.936054034, 20.150121291], [-99.935670523, 20.14949029], [-99.935225012, 20.149099604], [-99.934453056, 20.148662128], [-99.933488408, 20.148063751], [-99.932813413, 20.147615091], [-99.932189117, 20.146777264], [-99.931587619, 20.14616855], [-99.93108179, 20.145777639], [-99.930516534, 20.145180476], [-99.930110828, 20.144194466], [-99.930102837, 20.143507344], [-99.930410521, 20.142649497], [-99.931360606, 20.141621908], [-99.932188631, 20.140777118], [-99.933123959, 20.140184577], [-99.933792962, 20.139614043], [-99.934390455, 20.138860189], [-99.935265777, 20.138187266], [-99.936310691, 20.137469167], [-99.937453079, 20.136671021], [-99.937925526, 20.136169058], [-99.938001148, 20.136088736], [-99.940087375, 20.133776801], [-99.940022645, 20.132658992], [-99.940547414, 20.132075962], [-99.941071954, 20.131451517], [-99.940828097, 20.129754997], [-99.940645376, 20.128513666], [-99.94057907, 20.12710596], [-99.940546256, 20.126464228], [-99.940513441, 20.125822495], [-99.940714863, 20.12497762], [-99.940800192, 20.124619699], [-99.940971881, 20.123831759], [-99.941380886, 20.123539343], [-99.941143568, 20.123043819], [-99.941257499, 20.122421893], [-99.941488513, 20.121757834], [-99.942071219, 20.1210502], [-99.942183119, 20.12005555], [-99.942239293, 20.119599639], [-99.941174063, 20.118747181], [-99.938233407, 20.116393817], [-99.936525346, 20.115078974], [-99.936922251, 20.112550223], [-99.937723195, 20.108817962], [-99.936775863, 20.107167143], [-99.937474493, 20.106210325], [-99.937939421, 20.105420594], [-99.938404792, 20.104713689], [-99.93852007, 20.104340247], [-99.935782815, 20.102164747], [-99.930665938, 20.093950338], [-99.930319329, 20.093239336], [-99.929012107, 20.091334437], [-99.927654488, 20.089750019], [-99.926236602, 20.088142413], [-99.92602931, 20.087889199], [-99.925955267, 20.087798753], [-99.925935502, 20.087774608], [-99.925902322, 20.087734078], [-99.925880986, 20.087708015], [-99.925803739, 20.087614002], [-99.925657169, 20.087531519], [-99.925640055, 20.087521888], [-99.925601947, 20.087500443], [-99.925468083, 20.087425111], [-99.925359915, 20.087364239], [-99.925324105, 20.087344087], [-99.925275157, 20.087316541], [-99.92519738, 20.087272771], [-99.925173608, 20.087259394], [-99.925149477, 20.087245814], [-99.925129094, 20.087234343], [-99.924599146, 20.08684334], [-99.924280802, 20.086475941], [-99.923962459, 20.086108542], [-99.9237835, 20.085689993], [-99.923604543, 20.085271444], [-99.923338346, 20.084627069], [-99.923126366, 20.083970033], [-99.923091691, 20.083848411], [-99.923069249, 20.083769698], [-99.923031987, 20.083428928], [-99.923014949, 20.083273121], [-99.922994724, 20.083088158], [-99.922965586, 20.082821684], [-99.922927091, 20.082469633], [-99.922920681, 20.082327331], [-99.92292176, 20.082149226], [-99.922922375, 20.082047667], [-99.922922496, 20.082027805], [-99.92292273, 20.081989187], [-99.922924919, 20.081627981], [-99.923138365, 20.080334661], [-99.923177659, 20.079842413], [-99.923216952, 20.079350164], [-99.923453902, 20.078194431], [-99.924051871, 20.076012861], [-99.924217542, 20.075408567], [-99.924548314, 20.074202048], [-99.924879329, 20.07299485], [-99.92574976, 20.06981952], [-99.926179959, 20.068250223], [-99.92631534, 20.067756367], [-99.926521262, 20.067005182], [-99.928429412, 20.064524457], [-99.930232719, 20.062179946], [-99.930457687, 20.061888415], [-99.931273914, 20.061584846], [-99.931574014, 20.061543461], [-99.931766539, 20.061516911], [-99.963109042, 20.060537362], [-99.964484115, 20.061347935], [-99.965359436, 20.062079499], [-99.965797539, 20.062459864], [-99.966663154, 20.063211398], [-99.968135331, 20.064273889], [-99.969437652, 20.065313897], [-99.97138868, 20.067728362], [-99.976761548, 20.070396977], [-99.979628824, 20.071444059], [-99.982374212, 20.072353796], [-99.984221904, 20.073243011], [-99.987186629, 20.074381406], [-99.988876674, 20.075271091], [-99.995412918, 20.077534399], [-99.994334859, 20.083420847], [-99.996740177, 20.086934694], [-100.007352989, 20.086639482], [-100.006432478, 20.084534439], [-100.006623203, 20.083919578], [-100.006721641, 20.083602227], [-100.007190942, 20.082600165], [-100.007188701, 20.082157343], [-100.007185849, 20.081593858], [-100.007622877, 20.080848546], [-100.00773784, 20.080652486], [-100.00775168, 20.080628882], [-100.008853726, 20.080201261], [-100.009262709, 20.079431621], [-100.009066824, 20.078627555], [-100.008997209, 20.078341773], [-100.006008616, 20.066072069], [-100.005783365, 20.065147214], [-100.005765996, 20.065075906], [-100.005382642, 20.063502013], [-100.005855289, 20.063408879], [-100.006189462, 20.063545493], [-100.006523635, 20.063682106], [-100.006873751, 20.063319816], [-100.007223864, 20.062957526], [-100.008468321, 20.061864259], [-100.009918349, 20.060621354], [-100.011030045, 20.059677555], [-100.011877334, 20.059285064], [-100.013211996, 20.05938432], [-100.014571424, 20.0595866], [-100.015688926, 20.059938802], [-100.016354969, 20.059718846], [-100.017240166, 20.059647342], [-100.018333672, 20.060056954], [-100.018807369, 20.060210313], [-100.019281067, 20.060363671], [-100.019997255, 20.060476192], [-100.020687591, 20.060244691], [-100.021596651, 20.060092792], [-100.022483035, 20.060308044], [-100.024531061, 20.060473545], [-100.024935065, 20.059394101], [-100.025639351, 20.059513698], [-100.02598767, 20.058482082], [-100.026157891, 20.057977934], [-100.027325769, 20.057183341], [-100.028436985, 20.056720433], [-100.029430196, 20.056134055], [-100.030128777, 20.055301137], [-100.031060621, 20.054259596], [-100.032109457, 20.053175861], [-100.032454766, 20.052096791], [-100.033209954, 20.050932169], [-100.033849619, 20.050058214], [-100.034313403, 20.049185426], [-100.034716816, 20.048023136], [-100.035942455, 20.047103862], [-100.036873217, 20.045896643], [-100.037452723, 20.044774589], [-100.038908069, 20.043066888], [-100.039490299, 20.04240037], [-100.039687861, 20.042161994], [-100.041043128, 20.040526719], [-100.042458492, 20.038818884], [-100.042908665, 20.035709783], [-100.043200009, 20.035417931], [-100.044081312, 20.035743345], [-100.045246675, 20.034575927], [-100.046129485, 20.035149808], [-100.04636849, 20.035893665], [-100.047428179, 20.036632009], [-100.052717399, 20.038791358], [-100.054771663, 20.039191626], [-100.056241759, 20.03992714], [-100.058061305, 20.040287542], [-100.059578572, 20.039159062], [-100.060868229, 20.039150303], [-100.061512035, 20.03898027], [-100.062092362, 20.038023794], [-100.062439737, 20.037317387], [-100.06267038, 20.036694603], [-100.065951805, 20.036465172], [-100.065509426, 20.035176052], [-100.064817526, 20.033159763], [-100.0649322, 20.032744838], [-100.06539371, 20.031540676], [-100.065920501, 20.03141284], [-100.066562473, 20.030952902], [-100.067325016, 20.031030524], [-100.067795756, 20.031317209], [-100.068555985, 20.031022113], [-100.069024154, 20.030894669], [-100.069671265, 20.03126297], [-100.070665702, 20.030924848], [-100.071311011, 20.031003256], [-100.071898993, 20.031289126], [-100.071952821, 20.030589927], [-100.072061681, 20.029175883], [-100.077033873, 20.029411861], [-100.077397625, 20.029429119], [-100.078500034, 20.029674746], [-100.079210911, 20.029833133], [-100.07992179, 20.029991517], [-100.081438014, 20.028738622], [-100.081372623, 20.027662306], [-100.082543902, 20.027488554], [-100.083180848, 20.026241723], [-100.084284615, 20.024660346], [-100.083985011, 20.023627066], [-100.084036052, 20.022425702], [-100.084248681, 20.022140166], [-100.084501046, 20.02180127], [-100.084849593, 20.021301886], [-100.085303861, 20.018979546], [-100.08624402, 20.019345756], [-100.086574758, 20.01603033], [-100.086800613, 20.016008804], [-100.08704339, 20.015985665], [-100.086656238, 20.013199098], [-100.088328913, 20.01535553], [-100.087401608, 20.017018533], [-100.088991479, 20.018167089], [-100.088410075, 20.018916583], [-100.088414796, 20.019662005], [-100.088828497, 20.020197514], [-100.089184376, 20.020857667], [-100.089953968, 20.022053325], [-100.090312484, 20.023127598], [-100.091020326, 20.023826711], [-100.092020194, 20.024358131], [-100.09307763, 20.024723486], [-100.09372503, 20.025133111], [-100.094315137, 20.025750203], [-100.095140503, 20.026489892], [-100.095846531, 20.026899099], [-100.096611442, 20.027349305], [-100.097139248, 20.027387026], [-100.097608438, 20.027425156], [-100.097899397, 20.027091807], [-100.097836545, 20.026429623], [-100.097540026, 20.025893317], [-100.097126545, 20.025399242], [-100.096713066, 20.024905166], [-100.096240182, 20.024287263], [-100.096059316, 20.02350166], [-100.096410209, 20.023374965], [-100.096937737, 20.023371276], [-100.097761777, 20.023903892], [-100.098882342, 20.024972808], [-100.099766604, 20.025753477], [-100.100649282, 20.026285667], [-100.10188153, 20.026484086], [-100.102527096, 20.026603792], [-100.103757217, 20.026470901], [-100.104754209, 20.026546713], [-100.105403512, 20.027246178], [-100.105642244, 20.027907119], [-100.106349639, 20.028523342], [-100.107174004, 20.029097323], [-100.107586724, 20.029467136], [-100.108584806, 20.029708573], [-100.109583962, 20.030115652], [-100.11034973, 20.030690032], [-100.110589562, 20.031516613], [-100.110596, 20.0325105], [-100.110659983, 20.033338324], [-100.111073527, 20.033832363], [-100.111779089, 20.034158679], [-100.112659164, 20.034276686], [-100.113420121, 20.034105636], [-100.114884758, 20.033971003], [-100.115821564, 20.033798694], [-100.11693206, 20.033293836], [-100.117694898, 20.033412651], [-100.118341312, 20.033656533], [-100.118812687, 20.034025901], [-100.118992327, 20.034604414], [-100.119349987, 20.035512968], [-100.11929624, 20.036258799], [-100.119065283, 20.036798823], [-100.118717898, 20.037463917], [-100.118603364, 20.03787887], [-100.119015592, 20.03816583], [-100.119543977, 20.038286306], [-100.120073176, 20.038531016], [-100.120720156, 20.038857712], [-100.12154327, 20.039224562], [-100.122188357, 20.039261369], [-100.122491834, 20.039133788], [-100.123274098, 20.039133728], [-100.124179518, 20.038957241], [-100.124997741, 20.038578664], [-100.125931563, 20.037950772], [-100.126457772, 20.037739934], [-100.127045597, 20.037984203], [-100.127400584, 20.038478621], [-100.128104287, 20.038514987], [-100.128633498, 20.038759671], [-100.12887098, 20.039213516], [-100.129636039, 20.039663571], [-100.130750906, 20.039821212], [-100.131924393, 20.039978425], [-100.132630296, 20.040346065], [-100.133163909, 20.04125332], [-100.13322829, 20.042122541], [-100.133351293, 20.04299134], [-100.134233076, 20.043357705], [-100.135641901, 20.043637435], [-100.136934314, 20.044042236], [-100.137994454, 20.044780014], [-100.137765756, 20.045651352], [-100.137712646, 20.046480006], [-100.138071822, 20.047595572], [-100.138837223, 20.048086995], [-100.139249513, 20.048373905], [-100.140483351, 20.048779101], [-100.141599672, 20.049143727], [-100.142778222, 20.050046269], [-100.143199114, 20.051616922], [-100.14355945, 20.05289812], [-100.144269598, 20.05388688], [-100.145039491, 20.055040855], [-100.145571561, 20.055699597], [-100.146164484, 20.056689201], [-100.146873553, 20.057512303], [-100.147693202, 20.057340676], [-100.148746515, 20.0570431], [-100.149360096, 20.056912027], [-100.150151576, 20.056742948], [-100.150796736, 20.056779648], [-100.151441895, 20.056816345], [-100.153674982, 20.057586855], [-100.155085924, 20.0581563], [-100.156263213, 20.058851688], [-100.157321854, 20.059340873], [-100.157856237, 20.060330864], [-100.158388096, 20.060948152], [-100.159269469, 20.061231562], [-100.160502044, 20.061429555], [-100.161620471, 20.062083925], [-100.162210695, 20.062659358], [-100.162334725, 20.063652359], [-100.161342001, 20.064239462], [-100.160113348, 20.064621232], [-100.159176423, 20.064793781], [-100.158476259, 20.065295889], [-100.159008419, 20.065954586], [-100.159774255, 20.066487321], [-100.160361107, 20.066565826], [-100.161591468, 20.06643252], [-100.161888281, 20.066968703], [-100.161658845, 20.067715831], [-100.160606336, 20.068137719], [-100.158735539, 20.068938341], [-100.157449337, 20.06948617], [-100.15722072, 20.070357527], [-100.157110205, 20.071352255], [-100.157306062, 20.071715069], [-100.157466488, 20.072012247], [-100.15782165, 20.072506594], [-100.15782812, 20.073459049], [-100.157774551, 20.07420488], [-100.158539298, 20.074571974], [-100.15965415, 20.074688008], [-100.160537296, 20.075219873], [-100.161535171, 20.07537817], [-100.16259055, 20.075370384], [-100.163296964, 20.075779301], [-100.163829747, 20.076520801], [-100.163718989, 20.07747412], [-100.164366498, 20.077842053], [-100.165303493, 20.077669473], [-100.166062036, 20.077125492], [-100.166091369, 20.077045163], [-100.166143942, 20.076900934], [-100.166349811, 20.076336514], [-100.1666373, 20.075506125], [-100.166984269, 20.074799534], [-100.167745631, 20.074669656], [-100.168392001, 20.074871931], [-100.169213984, 20.075031488], [-100.169922118, 20.075688842], [-100.170162908, 20.076598141], [-100.170403131, 20.077424618], [-100.170759199, 20.078043168], [-100.171696756, 20.077953377], [-100.172396358, 20.077368394], [-100.172683531, 20.076496586], [-100.172324038, 20.075381109], [-100.172317195, 20.074387248], [-100.172370124, 20.073558595], [-100.17295016, 20.072643195], [-100.173826483, 20.072181132], [-100.174995954, 20.071716882], [-100.175818783, 20.072000641], [-100.176399366, 20.071168053], [-100.176865832, 20.070791858], [-100.17757054, 20.070952251], [-100.178337032, 20.071567723], [-100.179220217, 20.072099492], [-100.180336783, 20.072463861], [-100.181688739, 20.072950698], [-100.182627695, 20.073067904], [-100.182983223, 20.073603607], [-100.1828128, 20.074391728], [-100.181997139, 20.075143271], [-100.181357078, 20.075852083], [-100.180954415, 20.076973245], [-100.180784841, 20.077885597], [-100.180381307, 20.078882526], [-100.179508127, 20.07980014], [-100.178929254, 20.080881202], [-100.179171826, 20.08203895], [-100.179763913, 20.08286278], [-100.180583647, 20.082690995], [-100.181342444, 20.082188361], [-100.182341242, 20.082470769], [-100.183630044, 20.082295455], [-100.184387964, 20.081668576], [-100.184966801, 20.080587497], [-100.185430674, 20.079838583], [-100.187306361, 20.07974166], [-100.188239863, 20.079072032], [-100.18887556, 20.077742037], [-100.189220694, 20.076786944], [-100.190034298, 20.075745495], [-100.191436526, 20.075030906], [-100.192840483, 20.07456477], [-100.194481865, 20.074510955], [-100.195424331, 20.075125018], [-100.196114257, 20.076114814], [-100.19582345, 20.075988684], [-100.195587855, 20.076193579], [-100.195175462, 20.076562475], [-100.194058267, 20.077339429], [-100.193411066, 20.077830566], [-100.193050677, 20.078861077], [-100.192980297, 20.080100371], [-100.193432745, 20.081632825], [-100.193942962, 20.082443012], [-100.194007994, 20.082546277], [-100.194700854, 20.083377943], [-100.195394518, 20.084126957], [-100.195330534, 20.084705064], [-100.195085757, 20.085860414], [-100.194660978, 20.087510359], [-100.194057386, 20.089530925], [-100.195513539, 20.089954956], [-100.196616079, 20.090706982], [-100.197369784, 20.09129112], [-100.197775047, 20.091666051], [-100.198353939, 20.092207569], [-100.198757615, 20.092747794], [-100.199040506, 20.093700398], [-100.199903898, 20.095029217], [-100.200076737, 20.095278451], [-100.202345113, 20.096286972], [-100.203800556, 20.096793577], [-100.204441064, 20.097004909], [-100.20519562, 20.097506363], [-100.206007402, 20.098132212], [-100.206472297, 20.098383577], [-100.20834089, 20.098617846], [-100.208572637, 20.098646899], [-100.209034379, 20.099228849], [-100.208620383, 20.099763073], [-100.20896531, 20.100344168], [-100.209481126, 20.101381106], [-100.209655961, 20.101423709], [-100.209241172, 20.102040582], [-100.208945964, 20.102369041], [-100.209058047, 20.102865781], [-100.209170131, 20.103362521], [-100.209809094, 20.103739127], [-100.210033269, 20.104732606], [-100.210257841, 20.105684761], [-100.210540039, 20.106719988], [-100.210645034, 20.107960557], [-100.210459151, 20.109075024], [-100.209693476, 20.109730666], [-100.208578895, 20.11021845], [-100.207575603, 20.111285617], [-100.207682555, 20.112319568], [-100.206913296, 20.113347115], [-100.206434123, 20.114583414], [-100.205201482, 20.115194296], [-100.204666645, 20.116140897], [-100.203890618, 20.117870938], [-100.20346943, 20.119148983], [-100.2028714, 20.120591038], [-100.202519313, 20.120753763], [-100.201700683, 20.120830411], [-100.201403046, 20.121406803], [-100.201221052, 20.122108023], [-100.201096285, 20.122933644], [-100.200621405, 20.123715367], [-100.199857206, 20.124205675], [-100.198973386, 20.124984389], [-100.198125302, 20.125503673], [-100.198035815, 20.129438536], [-100.228181432, 20.140101335], [-100.235966, 20.142853718], [-100.234336652, 20.144647158], [-100.233108496, 20.145153684], [-100.23223348, 20.145823098], [-100.231355438, 20.146078412], [-100.229771397, 20.146049331], [-100.229365921, 20.14675649], [-100.228959537, 20.147339419], [-100.228554355, 20.148087985], [-100.227857685, 20.149087288], [-100.227098438, 20.149548719], [-100.226452594, 20.149470909], [-100.226040483, 20.149267047], [-100.225221369, 20.149563286], [-100.224341192, 20.149528698], [-100.223694749, 20.149368059], [-100.222876229, 20.149747107], [-100.222116363, 20.150125697], [-100.221361881, 20.15124966], [-100.220546336, 20.152042796], [-100.219613464, 20.152836834], [-100.219145679, 20.153047507], [-100.218382504, 20.152970575], [-100.217508274, 20.15376415], [-100.216634036, 20.154557721], [-100.215523359, 20.155104636], [-100.214470739, 20.155568274], [-100.213653649, 20.156154331], [-100.213427924, 20.157398431], [-100.212146576, 20.158692058], [-100.212151031, 20.159313206], [-100.210981938, 20.159901956], [-100.210574859, 20.160402027], [-100.209756247, 20.160781018], [-100.209229762, 20.160992117], [-100.209302056, 20.162896523], [-100.207014464, 20.162955463], [-100.204334219, 20.16554352], [-100.203694509, 20.166335239], [-100.203407375, 20.167207089], [-100.203179494, 20.16816131], [-100.203191287, 20.169817709], [-100.203203966, 20.171598261], [-100.203207158, 20.172046579], [-100.203208685, 20.172260896], [-100.201043582, 20.173064249], [-100.201047114, 20.173561169], [-100.199137511, 20.173368503], [-100.188182232, 20.177596512], [-100.188452466, 20.179871482], [-100.189197812, 20.181364753], [-100.189362758, 20.182440466], [-100.189518134, 20.18450795], [-100.188969821, 20.186818197], [-100.188597238, 20.18684835], [-100.188033953, 20.186893935], [-100.187214569, 20.187011857], [-100.187088097, 20.188002763], [-100.187194197, 20.18911937], [-100.187954351, 20.189083663], [-100.188544764, 20.188468125], [-100.188712509, 20.189254572], [-100.188635711, 20.191155033], [-100.188786703, 20.193677077], [-100.189061374, 20.195497479], [-100.189242336, 20.196467722], [-100.189339243, 20.19698729], [-100.18962589, 20.197567979], [-100.190316081, 20.198730216], [-100.19083174, 20.199808511], [-100.190989156, 20.201669369], [-100.191464691, 20.202268389], [-100.192144174, 20.203124308], [-100.191787914, 20.203700257], [-100.191547752, 20.204359714], [-100.191017735, 20.204769075], [-100.19043086, 20.20501271], [-100.189900837, 20.205422068], [-100.189603412, 20.205957121], [-100.188941788, 20.207007678], [-100.188398605, 20.207557566], [-100.187828793, 20.208134406], [-100.188037103, 20.208628957], [-100.187823207, 20.208712866], [-100.186181813, 20.209196657], [-100.194347426, 20.214757347], [-100.196246333, 20.216050367], [-100.19755571, 20.216941934], [-100.198145272, 20.217343365], [-100.199291722, 20.218167826], [-100.199712818, 20.21847065], [-100.200635021, 20.219841163], [-100.200920137, 20.22007849], [-100.202838894, 20.221675613], [-100.203187253, 20.221926112], [-100.204319821, 20.222698905], [-100.2054524, 20.223471689], [-100.207834502, 20.225018083], [-100.218056285, 20.228044188], [-100.219929571, 20.228598686], [-100.220426593, 20.228745802], [-100.221644443, 20.229787706], [-100.223219675, 20.230129624], [-100.22572518, 20.231015429], [-100.227644967, 20.232020987], [-100.228346852, 20.231984677], [-100.229692162, 20.231911633], [-100.231152837, 20.232004704], [-100.232265086, 20.231847327], [-100.235180257, 20.232694583], [-100.236697083, 20.233035961], [-100.23850929, 20.233048814], [-100.239908823, 20.233430658], [-100.240488405, 20.233971994], [-100.24124952, 20.2338534], [-100.242365612, 20.233282729], [-100.243186716, 20.232999249], [-100.244650472, 20.232761623], [-100.245824234, 20.232273989], [-100.246818401, 20.232239665], [-100.252311905, 20.232443555], [-100.252459802, 20.235420028], [-100.253152917, 20.236334044], [-100.253613728, 20.237081129], [-100.253482701, 20.238609254], [-100.254236204, 20.23931706], [-100.254808236, 20.2406848], [-100.255425797, 20.243457919], [-100.2567495, 20.245740059], [-100.257260457, 20.247396639], [-100.257539851, 20.24880365], [-100.257761166, 20.250168929], [-100.25717196, 20.250660725], [-100.255819665, 20.251477797], [-100.256257585, 20.25240497], [-100.256622582, 20.25317774], [-100.2592429, 20.254353109], [-100.261509806, 20.255815257], [-100.264422158, 20.257033897], [-100.266403987, 20.257708822], [-100.270375977, 20.258149508], [-100.280066835, 20.272762437], [-100.282526781, 20.272324659], [-100.283454132, 20.273240128], [-100.284554305, 20.274446042], [-100.285306262, 20.275360305], [-100.286530109, 20.2758232], [-100.288462333, 20.275547048], [-100.289908949, 20.277251172], [-100.291101225, 20.278822193], [-100.291642781, 20.27953577], [-100.294892963, 20.282285154], [-100.296060261, 20.282540972], [-100.300444839, 20.28269444], [-100.301437456, 20.2828664], [-100.303894542, 20.282758893], [-100.305534197, 20.283217002], [-100.307693225, 20.284151885], [-100.310205914, 20.285169801], [-100.329785251, 20.293099676]]]]}, "properties": {"state": "Querétaro", "distrito_local": "009", "distrito": "009", "source": "INE Cartografía Electoral", "source_section": "0001"}}, {"type": "Feature", "geometry": {"type": "MultiPolygon", "coordinates": [[[[-99.990437425, 20.348350952], [-99.99043805, 20.348921263], [-99.990479824, 20.349419736], [-99.990590931, 20.349895975], [-99.990754958, 20.350197183], [-99.990844551, 20.350325902], [-99.990934145, 20.350454622], [-99.991101499, 20.350672086], [-99.991404007, 20.350899703], [-99.991836766, 20.35097369], [-99.992099309, 20.35098676], [-99.992481057, 20.350929988], [-99.992627697, 20.350925515], [-99.992396657, 20.351038697], [-99.990941919, 20.351928589], [-99.989599393, 20.35244391], [-99.987763421, 20.353246328], [-99.986486645, 20.354122914], [-99.986458299, 20.354142377], [-99.986124637, 20.354409159], [-99.98601508, 20.354496755], [-99.984805064, 20.355464217], [-99.984788065, 20.355483517], [-99.984771067, 20.355502815], [-99.984145658, 20.356027382], [-99.984113289, 20.356048685], [-99.983397603, 20.356620814], [-99.983012752, 20.357652008], [-99.983635715, 20.358441716], [-99.983273212, 20.358433991], [-99.983225157, 20.358469504], [-99.982818757, 20.3580798], [-99.982704934, 20.35841988], [-99.982591109, 20.358759961], [-99.982542281, 20.358892491], [-99.982464396, 20.359103885], [-99.982390451, 20.359298801], [-99.982248689, 20.359684106], [-99.982233463, 20.359729371], [-99.982087847, 20.360121263], [-99.981729834, 20.36112119], [-99.979829454, 20.360797666], [-99.980089682, 20.367374673], [-99.980803818, 20.367872416], [-99.982101229, 20.368525141], [-99.982438938, 20.368658815], [-99.985705048, 20.369431002], [-99.986304183, 20.369658367], [-99.986501598, 20.369793431], [-99.986772561, 20.370139915], [-99.986870225, 20.370358764], [-99.986912094, 20.370587762], [-99.986932403, 20.370698842], [-99.986944343, 20.370764146], [-99.986776962, 20.372107804], [-99.986581004, 20.373554887], [-99.986480121, 20.374164163], [-99.98635462, 20.37498665], [-99.986334454, 20.375098806], [-99.986314289, 20.375210962], [-99.986152392, 20.376188184], [-99.986148261, 20.376218003], [-99.986144131, 20.376247822], [-99.985988246, 20.377195301], [-99.985919226, 20.377603754], [-99.985894318, 20.377642834], [-99.986063895, 20.377675993], [-99.986048727, 20.377765016], [-99.987510495, 20.378123598], [-99.988033392, 20.378372299], [-99.988709957, 20.378775445], [-99.989428514, 20.379273125], [-99.988994291, 20.37978849], [-99.989688601, 20.380191531], [-99.990487621, 20.380548491], [-99.992164014, 20.381219765], [-99.992480464, 20.380906346], [-99.99255452, 20.380695707], [-99.992603906, 20.380557522], [-99.993815789, 20.381847632], [-99.993876362, 20.381910551], [-99.99363087, 20.382072554], [-99.993202119, 20.382355488], [-99.993125079, 20.382406327], [-99.992575745, 20.382768832], [-99.991165781, 20.382246715], [-99.991024399, 20.38219436], [-99.991066368, 20.382631267], [-99.991257401, 20.382725026], [-99.992068674, 20.383123196], [-99.992115051, 20.383137585], [-99.992162263, 20.383152233], [-99.992221976, 20.383170761], [-99.992272677, 20.383186492], [-99.992506684, 20.383339372], [-99.993184048, 20.383781899], [-99.993104749, 20.384045102], [-99.99303322, 20.384282518], [-99.993193976, 20.384233246], [-99.993298052, 20.384218685], [-99.993326243, 20.384217712], [-99.993375217, 20.384216023], [-99.993422143, 20.384222736], [-99.993444744, 20.384225969], [-99.993515229, 20.384242272], [-99.993552389, 20.384250866], [-99.994096741, 20.384423789], [-99.994232992, 20.384457275], [-99.994581158, 20.384509876], [-99.995116339, 20.384573832], [-99.995697963, 20.38479747], [-99.996171851, 20.384964534], [-99.995851129, 20.386102507], [-99.995296028, 20.385938379], [-99.995187697, 20.386324446], [-99.994824301, 20.386235484], [-99.993969201, 20.386044145], [-99.993365825, 20.385958707], [-99.993050162, 20.386100844], [-99.991954815, 20.386301158], [-99.991303344, 20.386428977], [-99.991283425, 20.386432886], [-99.989858923, 20.386712366], [-99.989674714, 20.386837351], [-99.989536516, 20.386865659], [-99.989305407, 20.386912133], [-99.989005061, 20.386972529], [-99.987803076, 20.387267968], [-99.987061928, 20.387450132], [-99.985514521, 20.387804843], [-99.985167099, 20.38788448], [-99.98477203, 20.387977283], [-99.984672078, 20.387978394], [-99.984582919, 20.387979385], [-99.983485734, 20.38811892], [-99.982781742, 20.388122888], [-99.982706093, 20.388129803], [-99.981934311, 20.388128013], [-99.981899632, 20.388127857], [-99.981135913, 20.38807617], [-99.980563579, 20.388030161], [-99.979842853, 20.387956596], [-99.979336837, 20.387899261], [-99.977630479, 20.387718234], [-99.977543474, 20.387709003], [-99.976847204, 20.387629608], [-99.976964735, 20.387011436], [-99.97723128, 20.386370194], [-99.977334791, 20.386133516], [-99.977372277, 20.386027491], [-99.977466633, 20.385760611], [-99.977716894, 20.38507272], [-99.977694859, 20.385067783], [-99.976761235, 20.384882201], [-99.976611584, 20.385454996], [-99.976100537, 20.385291724], [-99.974665012, 20.384840702], [-99.974578486, 20.385428161], [-99.974482366, 20.386026507], [-99.974277413, 20.387352334], [-99.974338274, 20.387358754], [-99.973742311, 20.390807735], [-99.973652651, 20.390800415], [-99.973570618, 20.391298086], [-99.973444022, 20.392066097], [-99.973264737, 20.39315374], [-99.973070239, 20.394333657], [-99.972888814, 20.395466485], [-99.97280932, 20.395933209], [-99.972732732, 20.396479948], [-99.972582506, 20.397554569], [-99.972569957, 20.397665457], [-99.972528249, 20.398058777], [-99.972456958, 20.39873106], [-99.972405141, 20.399219705], [-99.972199937, 20.401138855], [-99.971992849, 20.401213347], [-99.971640144, 20.401245841], [-99.971030396, 20.401272145], [-99.970517662, 20.40116817], [-99.969971018, 20.401063711], [-99.96977758, 20.401888692], [-99.969597203, 20.402735824], [-99.969425285, 20.403574522], [-99.969271462, 20.404420715], [-99.96911546, 20.405371915], [-99.969027647, 20.405886194], [-99.968948272, 20.406330233], [-99.968854608, 20.4069345], [-99.968801039, 20.4072801], [-99.968710043, 20.407781805], [-99.968628246, 20.408232789], [-99.968471398, 20.409168313], [-99.968371597, 20.409784493], [-99.968356271, 20.409851373], [-99.968298176, 20.410198162], [-99.968240629, 20.410513942], [-99.968224094, 20.410614788], [-99.96819343, 20.410869052], [-99.967949296, 20.411917532], [-99.966072819, 20.4150081], [-99.964405344, 20.417667548], [-99.96399, 20.418354217], [-99.964065271, 20.418356393], [-99.965360736, 20.418769016], [-99.966576096, 20.419443686], [-99.967484768, 20.420029931], [-99.968544294, 20.419813584], [-99.969298101, 20.422815022], [-99.969176078, 20.422982439], [-99.969135916, 20.423001021], [-99.966075478, 20.423805098], [-99.965137646, 20.424051484], [-99.961371374, 20.424008919], [-99.961280511, 20.423988068], [-99.959845495, 20.423658747], [-99.957278554, 20.423069629], [-99.953863552, 20.422504171], [-99.951642113, 20.422266214], [-99.946407615, 20.424258341], [-99.943477388, 20.425405647], [-99.940690616, 20.426436622], [-99.937551178, 20.427679059], [-99.938930042, 20.431630196], [-99.938936763, 20.431652806], [-99.938858446, 20.43169212], [-99.937468969, 20.432399889], [-99.935288, 20.432969428], [-99.935065754, 20.433086397], [-99.927397077, 20.437122351], [-99.926315554, 20.437691505], [-99.913637015, 20.444252643], [-99.913228354, 20.444464105], [-99.913059779, 20.444836429], [-99.91305173, 20.444854205], [-99.91300657, 20.453134003], [-99.91247986, 20.453047785], [-99.912416773, 20.454491189], [-99.912412927, 20.454579167], [-99.913056114, 20.454790342], [-99.912959845, 20.461703587], [-99.911891226, 20.464304879], [-99.907676799, 20.463697867], [-99.905920379, 20.463520812], [-99.904457079, 20.463304255], [-99.886893796, 20.461408384], [-99.877843306, 20.466564596], [-99.875508627, 20.465058541], [-99.874633016, 20.464514462], [-99.873576716, 20.464838583], [-99.868302749, 20.465134317], [-99.867025442, 20.463138457], [-99.863939681, 20.459846927], [-99.862184533, 20.45946243], [-99.861539952, 20.459499461], [-99.860778456, 20.459494295], [-99.860136992, 20.458993129], [-99.858497573, 20.458857787], [-99.852948839, 20.466106562], [-99.846674047, 20.467222829], [-99.845494411, 20.468580965], [-99.862497944, 20.490579145], [-99.865592534, 20.483978946], [-99.866032222, 20.483045579], [-99.866789552, 20.483795904], [-99.868165689, 20.489021682], [-99.867519561, 20.489307134], [-99.866992983, 20.489179382], [-99.863528664, 20.490480818], [-99.86253099, 20.490763875], [-99.857382319, 20.490014402], [-99.834490237, 20.48668014], [-99.830590201, 20.478085362], [-99.838165428, 20.451085146], [-99.842690425, 20.41293289], [-99.84210208, 20.412780544], [-99.842500375, 20.409879604], [-99.843316526, 20.409779041], [-99.845877651, 20.385895323], [-99.846267856, 20.382216697], [-99.841115384, 20.378880862], [-99.833902394, 20.361418684], [-99.83245256, 20.358022987], [-99.838148564, 20.351480721], [-99.838920042, 20.356158829], [-99.839862849, 20.358480491], [-99.840805685, 20.360802146], [-99.841833006, 20.363455162], [-99.848274248, 20.364113377], [-99.84911731, 20.361967661], [-99.848423428, 20.361053709], [-99.84820581, 20.359439447], [-99.845100994, 20.3592558], [-99.846252523, 20.361247778], [-99.84303001, 20.361104764], [-99.840631531, 20.35505225], [-99.840865174, 20.355006624], [-99.841042686, 20.354971958], [-99.841059271, 20.355005923], [-99.841223043, 20.355341603], [-99.841386989, 20.355677088], [-99.841804648, 20.354976452], [-99.842914386, 20.355355219], [-99.842497164, 20.356014501], [-99.844077545, 20.356230597], [-99.845400553, 20.358637179], [-99.846923215, 20.358770191], [-99.845775157, 20.356447367], [-99.849584999, 20.356469695], [-99.850477992, 20.355151439], [-99.844516403, 20.353503501], [-99.845299556, 20.351481526], [-99.851608435, 20.353545056], [-99.854053259, 20.349547525], [-99.852376824, 20.347304381], [-99.851848477, 20.347384014], [-99.851080087, 20.347999906], [-99.850492696, 20.348120549], [-99.846111233, 20.346730037], [-99.846358643, 20.345490727], [-99.842157374, 20.34399571], [-99.836431681, 20.341958016], [-99.832891936, 20.338586919], [-99.826845849, 20.339460738], [-99.826299741, 20.336981464], [-99.826026628, 20.33574153], [-99.825814925, 20.334780379], [-99.825559655, 20.333621413], [-99.823219349, 20.32219226], [-99.825481771, 20.313313631], [-99.833713516, 20.305132366], [-99.837428709, 20.308463171], [-99.835764968, 20.310645323], [-99.837565777, 20.312144937], [-99.835433658, 20.31428295], [-99.837059585, 20.315698809], [-99.835161807, 20.31783821], [-99.83684985, 20.318923567], [-99.837194354, 20.325170815], [-99.848356236, 20.322589672], [-99.849007748, 20.321931751], [-99.849093125, 20.319368003], [-99.847345965, 20.31832378], [-99.846898946, 20.308432034], [-99.846822498, 20.306740209], [-99.845351148, 20.307351938], [-99.833665237, 20.298597339], [-99.841837202, 20.290415371], [-99.837647142, 20.287702207], [-99.832490597, 20.287754239], [-99.835139897, 20.276636425], [-99.843019397, 20.283435266], [-99.849779779, 20.27656476], [-99.854686775, 20.2715773], [-99.857321441, 20.268899247], [-99.859809957, 20.269599382], [-99.862212245, 20.270493005], [-99.863386029, 20.271152112], [-99.865859088, 20.272540749], [-99.871444925, 20.275677004], [-99.872166955, 20.274755297], [-99.872793343, 20.273684433], [-99.873192916, 20.27251005], [-99.873429221, 20.271470778], [-99.873681571, 20.271451584], [-99.874190072, 20.271412904], [-99.874950921, 20.271355026], [-99.876547214, 20.271277351], [-99.876672294, 20.271271264], [-99.880088024, 20.273085297], [-99.897566907, 20.279752444], [-99.897930188, 20.279893021], [-99.900618213, 20.281427836], [-99.904272087, 20.283333595], [-99.906026419, 20.284286052], [-99.907780772, 20.285238491], [-99.908109545, 20.28501171], [-99.908923382, 20.284707506], [-99.909759652, 20.284519638], [-99.909966685, 20.284473127], [-99.91054773, 20.284499112], [-99.911556285, 20.285023484], [-99.91266982, 20.284988263], [-99.913722695, 20.285159493], [-99.914308133, 20.285204071], [-99.915367229, 20.284754952], [-99.916079782, 20.283807624], [-99.917144247, 20.282820867], [-99.918147217, 20.282123273], [-99.918620855, 20.281629569], [-99.920212127, 20.280687035], [-99.920184625, 20.280455342], [-99.92015809, 20.280231799], [-99.920104054, 20.279776563], [-99.920413088, 20.278165282], [-99.920656509, 20.277256731], [-99.921186228, 20.277011476], [-99.921596716, 20.276972359], [-99.921686971, 20.276881742], [-99.922129323, 20.27643761], [-99.922781978, 20.275614006], [-99.923429263, 20.275328027], [-99.923958558, 20.27512412], [-99.924023325, 20.274504099], [-99.92428699, 20.27388139], [-99.924151209, 20.273429482], [-99.924156981, 20.272850499], [-99.92535563, 20.272169614], [-99.926210982, 20.270833904], [-99.926348244, 20.269752967], [-99.926391534, 20.269412054], [-99.926435313, 20.269255794], [-99.926586827, 20.269190371], [-99.92691822, 20.269047375], [-99.926987361, 20.26897173], [-99.927232122, 20.268857602], [-99.927578032, 20.26882014], [-99.928428414, 20.268952225], [-99.92871765, 20.268909122], [-99.928899478, 20.268795325], [-99.929091913, 20.268348908], [-99.929385955, 20.268056357], [-99.929492761, 20.268026097], [-99.929682876, 20.26791898], [-99.929830839, 20.267835613], [-99.929824505, 20.267727197], [-99.929812583, 20.2674367], [-99.929657316, 20.264935558], [-99.929654383, 20.264815238], [-99.929643548, 20.264629765], [-99.929547228, 20.262923045], [-99.929535881, 20.262786753], [-99.929350861, 20.259599764], [-99.929345705, 20.259511853], [-99.929305455, 20.258825549], [-99.92919669, 20.256970971], [-99.929191169, 20.256876825], [-99.929185648, 20.256782679], [-99.929061884, 20.254672268], [-99.928779592, 20.249839086], [-99.923685075, 20.24968729], [-99.922335031, 20.249969428], [-99.927235611, 20.242851116], [-99.928575602, 20.240904586], [-99.93128413, 20.239471734], [-99.926707878, 20.23322272], [-99.926979639, 20.232515505], [-99.929335833, 20.232788208], [-99.929792936, 20.232303738], [-99.930384347, 20.232013001], [-99.931216687, 20.231525815], [-99.93314831, 20.230675426], [-99.934175994, 20.230473074], [-99.935169148, 20.230580279], [-99.935956729, 20.230711887], [-99.936897497, 20.230143679], [-99.937712085, 20.228728784], [-99.93861481, 20.227885999], [-99.939239991, 20.227182668], [-99.940084749, 20.226764045], [-99.940868801, 20.226311589], [-99.942016401, 20.225936513], [-99.942729181, 20.225586908], [-99.943368069, 20.225273543], [-99.943923771, 20.22508614], [-99.944111249, 20.225056114], [-99.945238594, 20.225143249], [-99.945401787, 20.225155862], [-99.94998814, 20.225510271], [-99.951571709, 20.237223017], [-99.95096049, 20.239825334], [-99.954904198, 20.249813479], [-99.958245663, 20.255538474], [-99.962304545, 20.253781377], [-99.963118532, 20.254406003], [-99.96527128, 20.255906129], [-99.969120717, 20.257621837], [-99.969586908, 20.257872404], [-99.970167848, 20.258371712], [-99.970924516, 20.258871929], [-99.971855714, 20.259497119], [-99.97266857, 20.260245765], [-99.973249129, 20.260786418], [-99.97388707, 20.261451438], [-99.974525415, 20.262075099], [-99.974578803, 20.262613024], [-99.974981255, 20.263400897], [-99.975264564, 20.264394942], [-99.975315562, 20.265181], [-99.97501789, 20.265675757], [-99.975481323, 20.266215796], [-99.975885783, 20.266796887], [-99.975646289, 20.267333302], [-99.975694898, 20.268367493], [-99.975748293, 20.268905418], [-99.976329693, 20.269363346], [-99.976793142, 20.269903381], [-99.977375744, 20.27023724], [-99.977189651, 20.27131158], [-99.978121347, 20.271895376], [-99.978175549, 20.272350588], [-99.979047879, 20.273016789], [-99.981561651, 20.273567323], [-99.983666568, 20.27399166], [-99.984716257, 20.274493307], [-99.984350109, 20.276021666], [-99.984512774, 20.277387292], [-99.985140533, 20.279127506], [-99.986242114, 20.280332483], [-99.987051985, 20.281411896], [-99.986226282, 20.2819867], [-99.985458761, 20.282603153], [-99.985678049, 20.284175852], [-99.987424101, 20.285384099], [-99.987646973, 20.286584596], [-99.987460147, 20.287741654], [-99.987682627, 20.288983505], [-99.988614074, 20.289608594], [-99.988895548, 20.290809385], [-99.988476751, 20.291717123], [-99.987174396, 20.293116661], [-99.988108632, 20.293452264], [-99.989636643, 20.292963724], [-99.990859481, 20.293755705], [-99.990376181, 20.29528348], [-99.990185816, 20.296812737], [-99.991876611, 20.297689791], [-99.992925699, 20.29827409], [-99.993796271, 20.299146984], [-99.995136358, 20.299939522], [-99.996008524, 20.300646982], [-99.995589745, 20.301554735], [-99.994237837, 20.302002859], [-99.993351497, 20.302784179], [-99.993460806, 20.303611875], [-99.993443091, 20.305472861], [-99.99267667, 20.305965283], [-99.991787542, 20.307036083], [-99.99107497, 20.308025057], [-99.99054014, 20.30880814], [-99.988160467, 20.312559602], [-99.988848995, 20.314093309], [-99.990420024, 20.315259262], [-99.990116002, 20.316415727], [-99.989978692, 20.31852425], [-99.991533227, 20.321427108], [-99.991454297, 20.323716384], [-99.991302349, 20.324783435], [-99.991059215, 20.325491613], [-99.990911133, 20.326169302], [-99.990923167, 20.327061718], [-99.99101014, 20.327756045], [-99.991159353, 20.328252355], [-99.991327005, 20.328652722], [-99.991481195, 20.32893337], [-99.991972004, 20.329224087], [-99.991948934, 20.329589597], [-99.991660392, 20.330148287], [-99.991523788, 20.330634238], [-99.991425091, 20.331090024], [-99.991459208, 20.3314612], [-99.99166485, 20.331843382], [-99.992021784, 20.332051], [-99.992799423, 20.332507801], [-99.993074231, 20.332781772], [-99.993184093, 20.333080639], [-99.993104679, 20.333572255], [-99.992852208, 20.333813282], [-99.992294897, 20.33405005], [-99.991698528, 20.334137292], [-99.991375325, 20.334240952], [-99.99098885, 20.33438091], [-99.990802432, 20.335022878], [-99.990901729, 20.335657236], [-99.991140692, 20.336284812], [-99.991187662, 20.336679873], [-99.990955417, 20.337106467], [-99.990690466, 20.337383501], [-99.990191243, 20.337769679], [-99.989850365, 20.338126898], [-99.989785909, 20.338462789], [-99.98984013, 20.338758672], [-99.990154879, 20.339039727], [-99.990627316, 20.339432377], [-99.991227945, 20.340009984], [-99.991412061, 20.340184035], [-99.992144058, 20.340979374], [-99.992395491, 20.341422231], [-99.992620915, 20.341889919], [-99.992714947, 20.342271963], [-99.992651654, 20.342605537], [-99.992575198, 20.342926843], [-99.992451686, 20.343050958], [-99.992328174, 20.343175072], [-99.991793454, 20.343449615], [-99.991651338, 20.343734271], [-99.991430401, 20.343970008], [-99.991040705, 20.344416504], [-99.990871312, 20.344769866], [-99.990756297, 20.344958899], [-99.990698534, 20.345308607], [-99.990606703, 20.345745405], [-99.99050341, 20.346033538], [-99.990515376, 20.346261524], [-99.990686919, 20.346500673], [-99.990684621, 20.346688088], [-99.990686894, 20.347044681], [-99.990620321, 20.347385456], [-99.990603856, 20.347464103], [-99.990528589, 20.34782363], [-99.990437425, 20.348350952]]]]}, "properties": {"state": "Querétaro", "distrito_local": "010", "distrito": "010", "source": "INE Cartografía Electoral", "source_section": "0575"}}, {"type": "Feature", "geometry": {"type": "MultiPolygon", "coordinates": [[[[-99.988160467, 20.312559602], [-99.99054014, 20.30880814], [-99.99107497, 20.308025057], [-99.991787542, 20.307036083], [-99.99267667, 20.305965283], [-99.993443091, 20.305472861], [-99.993460806, 20.303611875], [-99.993351497, 20.302784179], [-99.994237837, 20.302002859], [-99.995589745, 20.301554735], [-99.996008524, 20.300646982], [-99.995136358, 20.299939522], [-99.993796271, 20.299146984], [-99.992925699, 20.29827409], [-99.991876611, 20.297689791], [-99.990185816, 20.296812737], [-99.990376181, 20.29528348], [-99.990859481, 20.293755705], [-99.989636643, 20.292963724], [-99.988108632, 20.293452264], [-99.987174396, 20.293116661], [-99.988476751, 20.291717123], [-99.988895548, 20.290809385], [-99.988614074, 20.289608594], [-99.987682627, 20.288983505], [-99.987460147, 20.287741654], [-99.987646973, 20.286584596], [-99.987424101, 20.285384099], [-99.985678049, 20.284175852], [-99.985458761, 20.282603153], [-99.986226282, 20.2819867], [-99.987051985, 20.281411896], [-99.986242114, 20.280332483], [-99.985140533, 20.279127506], [-99.984512774, 20.277387292], [-99.984350109, 20.276021666], [-99.984716257, 20.274493307], [-99.983666568, 20.27399166], [-99.981561651, 20.273567323], [-99.979047879, 20.273016789], [-99.978175549, 20.272350588], [-99.978121347, 20.271895376], [-99.978537771, 20.271235795], [-99.979770718, 20.270952621], [-99.981061048, 20.270793805], [-99.981711771, 20.270135416], [-99.98201737, 20.268813539], [-99.982441708, 20.267326838], [-99.983392836, 20.265884187], [-99.983986935, 20.265018714], [-99.984928524, 20.264568588], [-99.985346485, 20.26374357], [-99.986123818, 20.262093231], [-99.985785831, 20.260685353], [-99.985969082, 20.259900494], [-99.986271065, 20.258950809], [-99.986515262, 20.257918115], [-99.986521993, 20.257215071], [-99.986534268, 20.25593305], [-99.985074293, 20.255470671], [-99.983441385, 20.254717893], [-99.980949378, 20.251934171], [-99.980611464, 20.250526278], [-99.979748408, 20.248908898], [-99.979642804, 20.247708984], [-99.979829655, 20.246551928], [-99.980603789, 20.245232458], [-99.980675878, 20.243826667], [-99.979405669, 20.241917689], [-99.978482118, 20.240506776], [-99.978226605, 20.238690104], [-99.978105193, 20.237986836], [-99.978102356, 20.237489884], [-99.978566724, 20.236575811], [-99.978971681, 20.235537874], [-99.979790814, 20.235077092], [-99.980841404, 20.23403503], [-99.981309778, 20.233824967], [-99.982073761, 20.233985741], [-99.982952997, 20.233773047], [-99.983716267, 20.233809576], [-99.98494862, 20.233760267], [-99.986123947, 20.234001214], [-99.986479456, 20.234578731], [-99.986952119, 20.235114081], [-99.987420965, 20.234986827], [-99.987946115, 20.234445069], [-99.988294939, 20.233863028], [-99.988525654, 20.233157504], [-99.988522546, 20.23261914], [-99.98904601, 20.231787491], [-99.989630317, 20.231328175], [-99.993438682, 20.230144028], [-99.993489444, 20.228777034], [-99.996412268, 20.226728845], [-99.998459478, 20.225514572], [-99.999517618, 20.225797606], [-100.000689753, 20.225500095], [-100.001973688, 20.224249326], [-100.002966578, 20.223414583], [-100.003958971, 20.222497011], [-100.004305522, 20.221542229], [-100.005824883, 20.220414141], [-100.006875443, 20.219413346], [-100.008694313, 20.219318628], [-100.009801334, 20.21794472], [-100.01049801, 20.216656323], [-100.011313274, 20.215574215], [-100.012245901, 20.214491334], [-100.012594101, 20.213826425], [-100.018092653, 20.210767034], [-100.018026325, 20.209483638], [-100.018786763, 20.209064483], [-100.019430569, 20.208770337], [-100.020070666, 20.207855004], [-100.020770428, 20.20710493], [-100.022413584, 20.207094064], [-100.023884159, 20.207664123], [-100.024822114, 20.20749225], [-100.025583021, 20.207155891], [-100.025870972, 20.206242874], [-100.026930763, 20.206815633], [-100.027992555, 20.207719682], [-100.030352413, 20.209774669], [-100.039968779, 20.218034496], [-100.037693805, 20.220327525], [-100.035831101, 20.222866247], [-100.035545445, 20.224151986], [-100.038136638, 20.225584097], [-100.044026254, 20.228898979], [-100.044318445, 20.228689939], [-100.044610634, 20.2284809], [-100.045252687, 20.227896775], [-100.046188191, 20.227310665], [-100.046947105, 20.226642917], [-100.047647068, 20.225934152], [-100.051837634, 20.2297158], [-100.053590451, 20.22842007], [-100.048931379, 20.224807291], [-100.050215161, 20.223597598], [-100.051386656, 20.22321693], [-100.05279495, 20.223165954], [-100.053671707, 20.222580205], [-100.054722729, 20.221703371], [-100.055659442, 20.221324273], [-100.056710445, 20.220447428], [-100.060067804, 20.222370949], [-100.067486009, 20.226047297], [-100.068721888, 20.226577166], [-100.068373647, 20.227200764], [-100.068025403, 20.227824362], [-100.066513458, 20.230071085], [-100.056796515, 20.243762641], [-100.073726917, 20.247704832], [-100.07578582, 20.248394599], [-100.083648541, 20.257078097], [-100.084526152, 20.256616427], [-100.085525668, 20.256857923], [-100.08652678, 20.25734788], [-100.087411024, 20.257921476], [-100.08782619, 20.258581179], [-100.088173488, 20.258703042], [-100.094769094, 20.261017205], [-100.092732387, 20.263806207], [-100.090459455, 20.266389781], [-100.088071165, 20.26930544], [-100.086440935, 20.271428918], [-100.082890772, 20.276299051], [-100.077657007, 20.284203979], [-100.075967772, 20.286327778], [-100.078336589, 20.289500123], [-100.080163063, 20.290481321], [-100.082688572, 20.290587948], [-100.082080311, 20.296472834], [-100.078028339, 20.296418239], [-100.077272403, 20.297583059], [-100.076572012, 20.298250535], [-100.075462171, 20.299169328], [-100.076583075, 20.299989803], [-100.077762972, 20.300851274], [-100.078120031, 20.301594223], [-100.078538188, 20.302709464], [-100.078957143, 20.303948936], [-100.079260251, 20.305437691], [-100.07997203, 20.306550881], [-100.080916319, 20.30728973], [-100.082213474, 20.308108936], [-100.083335009, 20.309012185], [-100.083469436, 20.311661669], [-100.083890848, 20.313273824], [-100.083957007, 20.314432921], [-100.082959773, 20.314605544], [-100.082551361, 20.315022527], [-100.082262782, 20.315811387], [-100.082151697, 20.316806071], [-100.086556009, 20.316775255], [-100.086375044, 20.316031093], [-100.0860769, 20.315329164], [-100.085953066, 20.314336124], [-100.086533375, 20.313255324], [-100.087285047, 20.31142789], [-100.087802084, 20.309643512], [-100.087734301, 20.308235951], [-100.087255211, 20.306789861], [-100.086777728, 20.305592235], [-100.08647721, 20.304517607], [-100.086878663, 20.30302393], [-100.08728144, 20.301737308], [-100.088094704, 20.300364981], [-100.088912754, 20.299738048], [-100.090377757, 20.299272219], [-100.090375353, 20.29889952], [-100.091256647, 20.298976151], [-100.092022379, 20.29934348], [-100.097023572, 20.300881904], [-100.097285408, 20.301141478], [-100.097031724, 20.301958957], [-100.096956259, 20.302188426], [-100.096669961, 20.303058967], [-100.096047852, 20.302914521], [-100.095811693, 20.303569296], [-100.095696245, 20.303889384], [-100.095176443, 20.305330559], [-100.094423023, 20.305520702], [-100.093619798, 20.307905943], [-100.093670584, 20.308007233], [-100.094817909, 20.309509574], [-100.094899977, 20.309619417], [-100.093655228, 20.313096456], [-100.093118763, 20.314600063], [-100.093251228, 20.314599413], [-100.096757709, 20.314546971], [-100.097802955, 20.314531707], [-100.097883689, 20.314530528], [-100.09802349, 20.314528486], [-100.098345642, 20.31452378], [-100.099451511, 20.31450762], [-100.099584094, 20.314505682], [-100.099779705, 20.314503814], [-100.111938575, 20.314324733], [-100.112172415, 20.314351504], [-100.112695169, 20.314395153], [-100.123679585, 20.316908953], [-100.123712014, 20.316916299], [-100.1238574, 20.31694923], [-100.125463954, 20.317313091], [-100.126358385, 20.317543476], [-100.127852431, 20.317928291], [-100.130357723, 20.318573537], [-100.130645369, 20.318616861], [-100.130627062, 20.31873443], [-100.133006708, 20.319333414], [-100.133044477, 20.319278907], [-100.133208708, 20.319342691], [-100.135378631, 20.320185384], [-100.1354542, 20.320040337], [-100.135519262, 20.319768861], [-100.135689677, 20.319496707], [-100.135831354, 20.319224737], [-100.136078462, 20.318961122], [-100.1363642, 20.31874243], [-100.13665, 20.318532768], [-100.136935923, 20.318341168], [-100.137193, 20.318131691], [-100.137508185, 20.318012184], [-100.137615831, 20.317955389], [-100.137723477, 20.317898599], [-100.142102369, 20.322090507], [-100.143293154, 20.32323283], [-100.143482846, 20.322978614], [-100.143578215, 20.322923768], [-100.143864615, 20.322795414], [-100.144151077, 20.322676076], [-100.144446785, 20.322511522], [-100.144723662, 20.322392245], [-100.145106308, 20.322326507], [-100.1454894, 20.322323984], [-100.145872492, 20.322321476], [-100.146255538, 20.322309937], [-100.146543662, 20.322416461], [-100.146831585, 20.322495891], [-100.147215277, 20.322574691], [-100.147391831, 20.322487696], [-100.147568385, 20.322400707], [-100.148621877, 20.32186203], [-100.148704854, 20.321918716], [-100.148315591, 20.32237763], [-100.149729521, 20.323029806], [-100.150732101, 20.323643594], [-100.151617806, 20.324341062], [-100.152855021, 20.324911692], [-100.154210266, 20.325564263], [-100.15527132, 20.326136179], [-100.156038181, 20.326627443], [-100.157041949, 20.327406831], [-100.158338505, 20.328059804], [-100.159342008, 20.328797768], [-100.160520557, 20.329368776], [-100.161639528, 20.329815984], [-100.162758792, 20.330304594], [-100.163350947, 20.331004185], [-100.164063148, 20.332075586], [-100.165066416, 20.332772104], [-100.166304607, 20.333466862], [-100.167191011, 20.334247064], [-100.167782049, 20.334780999], [-100.168316091, 20.33556383], [-100.168730371, 20.33601626], [-100.169204249, 20.336592479], [-100.169738016, 20.337333894], [-100.170620413, 20.337534341], [-100.171266734, 20.337570907], [-100.171797042, 20.337815401], [-100.17250528, 20.338307027], [-100.172802118, 20.338760328], [-100.174152632, 20.338708771], [-100.174860881, 20.339200388], [-100.175216749, 20.339694652], [-100.175572039, 20.340106097], [-100.175983447, 20.340144412], [-100.173850701, 20.345916687], [-100.172982743, 20.347786738], [-100.172336379, 20.34775018], [-100.170112289, 20.348884983], [-100.172004245, 20.350651496], [-100.173772391, 20.35150786], [-100.174364969, 20.352248815], [-100.177215715, 20.356699812], [-100.181166889, 20.358906208], [-100.183398642, 20.358847906], [-100.186773668, 20.361635465], [-100.190224825, 20.36176741], [-100.191043808, 20.360942739], [-100.192389013, 20.363384143], [-100.193748175, 20.36395257], [-100.196469076, 20.36646574], [-100.194880636, 20.369947596], [-100.187894725, 20.373957469], [-100.169630694, 20.399180551], [-100.157920041, 20.415348132], [-100.141567551, 20.414566777], [-100.138308651, 20.4272747], [-100.137290577, 20.431058455], [-100.136645004, 20.431098402], [-100.134404378, 20.437316589], [-100.12930836, 20.431869021], [-100.132668439, 20.42312268], [-100.129212793, 20.419463127], [-100.121487574, 20.440728794], [-100.123834418, 20.441066512], [-100.124773394, 20.441068821], [-100.125126432, 20.440551057], [-100.125479469, 20.440033292], [-100.12624591, 20.438043627], [-100.126248263, 20.436715937], [-100.126075375, 20.434931422], [-100.126902159, 20.431987621], [-100.127899981, 20.431865588], [-100.128424108, 20.434148844], [-100.129712525, 20.435645636], [-100.130178807, 20.437472348], [-100.130647704, 20.437805409], [-100.131176083, 20.437682217], [-100.13187965, 20.438057333], [-100.134050557, 20.438311508], [-100.13380335, 20.43873863], [-100.133403091, 20.439430191], [-100.131466621, 20.439342537], [-100.126747999, 20.444325793], [-100.125587046, 20.445551789], [-100.123888065, 20.443887998], [-100.115146506, 20.442331115], [-100.111976266, 20.442945484], [-100.109922612, 20.442732824], [-100.107282879, 20.442103735], [-100.105523463, 20.441476866], [-100.103530669, 20.440144035], [-100.102619711, 20.439943433], [-100.102005472, 20.439808168], [-100.095596123, 20.446181057], [-100.092955637, 20.445925167], [-100.092601857, 20.446754051], [-100.089712137, 20.453716872], [-100.09258538, 20.455052181], [-100.092993756, 20.456297983], [-100.092461408, 20.458371121], [-100.092811511, 20.459409315], [-100.093137174, 20.472811696], [-100.090852553, 20.470482192], [-100.087919499, 20.469561619], [-100.087159358, 20.468107416], [-100.085222023, 20.468268207], [-100.085396264, 20.469181472], [-100.083980435, 20.472662915], [-100.083977059, 20.47432254], [-100.077707508, 20.468870305], [-100.076126662, 20.466957414], [-100.075798296, 20.467122138], [-100.075304041, 20.467370078], [-100.075360915, 20.468241545], [-100.073469081, 20.474667473], [-100.072525689, 20.476656453], [-100.069416951, 20.47552763], [-100.068469783, 20.479259204], [-100.067408807, 20.481289325], [-100.066935456, 20.483030635], [-100.065057946, 20.482569011], [-100.063532033, 20.482398787], [-100.062123618, 20.482187388], [-100.060538918, 20.482058464], [-100.057364494, 20.484082572], [-100.050926685, 20.483350959], [-100.049607593, 20.483206557], [-100.049500188, 20.483188814], [-100.04849479, 20.482536152], [-100.048409675, 20.482480898], [-100.048151985, 20.482313614], [-100.047172615, 20.480650787], [-100.047099384, 20.480526449], [-100.045512208, 20.481610815], [-100.044982784, 20.481972513], [-100.042514592, 20.483127089], [-100.040793888, 20.49104691], [-100.040955666, 20.490902163], [-100.041117443, 20.490757416], [-100.041440997, 20.490467922], [-100.044696384, 20.490626817], [-100.045960895, 20.490688521], [-100.048075629, 20.490113752], [-100.048783753, 20.488497633], [-100.049371461, 20.488208885], [-100.051600769, 20.488879141], [-100.051895874, 20.488174635], [-100.052716171, 20.48888233], [-100.053303964, 20.488552079], [-100.053830649, 20.489300422], [-100.058227091, 20.492258764], [-100.059167576, 20.491722032], [-100.059990915, 20.491060493], [-100.062748482, 20.491815069], [-100.067327926, 20.491661856], [-100.067265053, 20.493611758], [-100.06832169, 20.493656174], [-100.069083469, 20.494322134], [-100.062775769, 20.501791423], [-100.062197005, 20.502476721], [-100.061900484, 20.503845095], [-100.064178778, 20.5091623], [-100.064880126, 20.510657925], [-100.064927495, 20.511146853], [-100.065282227, 20.514808134], [-100.065573582, 20.515846216], [-100.065333211, 20.518417984], [-100.065501725, 20.521986668], [-100.065616056, 20.523439165], [-100.066258505, 20.525059088], [-100.065935307, 20.525390375], [-100.058144281, 20.53337577], [-100.063421978, 20.532618823], [-100.067078668, 20.540587684], [-100.056461216, 20.542855625], [-100.048707289, 20.544511453], [-100.045549096, 20.545185767], [-100.045523538, 20.545722475], [-100.045425569, 20.545739733], [-100.045278846, 20.545765582], [-100.043984692, 20.545993535], [-100.043726354, 20.546039043], [-100.042640077, 20.546230382], [-100.041506815, 20.546429982], [-100.041429615, 20.546443582], [-100.038808415, 20.546905228], [-100.038479892, 20.547018782], [-100.037668338, 20.547169982], [-100.0371462, 20.547267243], [-100.036497846, 20.547388028], [-100.036485892, 20.547298244], [-100.036473938, 20.547208459], [-100.034891538, 20.546426182], [-100.034611831, 20.54625172], [-100.034162754, 20.5412786], [-100.034315979, 20.54094017], [-100.036486103, 20.540580075], [-100.035970931, 20.537927609], [-100.034153046, 20.538165531], [-100.032754443, 20.523874957], [-100.031104396, 20.525852551], [-100.02928703, 20.526007621], [-100.027644294, 20.526412079], [-100.025179394, 20.527184327], [-100.023418846, 20.527712256], [-100.019368536, 20.529137555], [-100.012494561, 20.532781687], [-100.013828969, 20.535604661], [-100.006614324, 20.536886838], [-99.995289361, 20.515830055], [-99.994822215, 20.51549606], [-99.9898758, 20.520392824], [-99.988196646, 20.519066428], [-99.98765768, 20.51864068], [-99.99610251, 20.499867281], [-99.998262158, 20.495065484], [-99.995932341, 20.494733125], [-99.985358212, 20.493224265], [-99.97039331, 20.49108771], [-99.968606477, 20.486639317], [-99.968426185, 20.486190456], [-99.967965086, 20.48469723], [-99.966746199, 20.482454134], [-99.966892913, 20.476659088], [-99.960894079, 20.469791007], [-99.960784697, 20.469413531], [-99.959800461, 20.466016833], [-99.961150305, 20.465528419], [-99.962383198, 20.46499787], [-99.963379864, 20.464838448], [-99.964960395, 20.46505523], [-99.965201855, 20.464383831], [-99.965495209, 20.463568138], [-99.965619767, 20.462119925], [-99.9656389, 20.462048419], [-99.966814111, 20.457656123], [-99.967653155, 20.453935334], [-99.968550311, 20.45029769], [-99.96761464, 20.450002117], [-99.965683043, 20.449741781], [-99.96456573, 20.450604262], [-99.963213691, 20.451548081], [-99.962975153, 20.452374599], [-99.962620105, 20.453076195], [-99.961912339, 20.454024], [-99.961147906, 20.454598852], [-99.960676549, 20.455134122], [-99.960381123, 20.455629085], [-99.960319993, 20.456125503], [-99.96055216, 20.456540944], [-99.956795914, 20.457966562], [-99.956566032, 20.45740653], [-99.955734627, 20.45538105], [-99.955282799, 20.454280274], [-99.954308537, 20.451906647], [-99.954098732, 20.451204554], [-99.952523778, 20.445933885], [-99.952207877, 20.445059335], [-99.950904657, 20.4432226], [-99.950525369, 20.442688028], [-99.949120015, 20.440706289], [-99.948319646, 20.439980612], [-99.948401646, 20.439987889], [-99.948646415, 20.439995812], [-99.948982538, 20.440008643], [-99.949782631, 20.440018751], [-99.949882338, 20.440010797], [-99.950264323, 20.439964459], [-99.950212492, 20.439610551], [-99.950140185, 20.439197289], [-99.950105754, 20.438806043], [-99.950046677, 20.438496997], [-99.948112523, 20.438788166], [-99.947609985, 20.439335135], [-99.944444, 20.436462643], [-99.939393477, 20.43187632], [-99.9390724, 20.43158472], [-99.938965423, 20.43163842], [-99.938936763, 20.431652806], [-99.938930042, 20.431630196], [-99.937551178, 20.427679059], [-99.940690616, 20.426436622], [-99.943477388, 20.425405647], [-99.946407615, 20.424258341], [-99.951642113, 20.422266214], [-99.953863552, 20.422504171], [-99.957278554, 20.423069629], [-99.959845495, 20.423658747], [-99.961280511, 20.423988068], [-99.961371374, 20.424008919], [-99.965137646, 20.424051484], [-99.966075478, 20.423805098], [-99.969135916, 20.423001021], [-99.969176078, 20.422982439], [-99.969298101, 20.422815022], [-99.968544294, 20.419813584], [-99.967484768, 20.420029931], [-99.966576096, 20.419443686], [-99.965360736, 20.418769016], [-99.964065271, 20.418356393], [-99.96399, 20.418354217], [-99.964405344, 20.417667548], [-99.966072819, 20.4150081], [-99.967949296, 20.411917532], [-99.96819343, 20.410869052], [-99.968224094, 20.410614788], [-99.968240629, 20.410513942], [-99.968298176, 20.410198162], [-99.968356271, 20.409851373], [-99.968371597, 20.409784493], [-99.968471398, 20.409168313], [-99.968628246, 20.408232789], [-99.968710043, 20.407781805], [-99.968801039, 20.4072801], [-99.968854608, 20.4069345], [-99.968948272, 20.406330233], [-99.969027647, 20.405886194], [-99.96911546, 20.405371915], [-99.969271462, 20.404420715], [-99.969425285, 20.403574522], [-99.969597203, 20.402735824], [-99.96977758, 20.401888692], [-99.969971018, 20.401063711], [-99.970517662, 20.40116817], [-99.971030396, 20.401272145], [-99.971640144, 20.401245841], [-99.971992849, 20.401213347], [-99.972199937, 20.401138855], [-99.972405141, 20.399219705], [-99.972456958, 20.39873106], [-99.972528249, 20.398058777], [-99.972569957, 20.397665457], [-99.972582506, 20.397554569], [-99.972732732, 20.396479948], [-99.97280932, 20.395933209], [-99.972888814, 20.395466485], [-99.973070239, 20.394333657], [-99.973264737, 20.39315374], [-99.973444022, 20.392066097], [-99.973570618, 20.391298086], [-99.973652651, 20.390800415], [-99.973742311, 20.390807735], [-99.974338274, 20.387358754], [-99.974277413, 20.387352334], [-99.974482366, 20.386026507], [-99.974578486, 20.385428161], [-99.974665012, 20.384840702], [-99.976100537, 20.385291724], [-99.976611584, 20.385454996], [-99.976761235, 20.384882201], [-99.977694859, 20.385067783], [-99.977716894, 20.38507272], [-99.977466633, 20.385760611], [-99.977372277, 20.386027491], [-99.977334791, 20.386133516], [-99.97723128, 20.386370194], [-99.976964735, 20.387011436], [-99.976847204, 20.387629608], [-99.977543474, 20.387709003], [-99.977630479, 20.387718234], [-99.979336837, 20.387899261], [-99.979842853, 20.387956596], [-99.980563579, 20.388030161], [-99.981135913, 20.38807617], [-99.981899632, 20.388127857], [-99.981934311, 20.388128013], [-99.982706093, 20.388129803], [-99.982781742, 20.388122888], [-99.983485734, 20.38811892], [-99.984582919, 20.387979385], [-99.984672078, 20.387978394], [-99.98477203, 20.387977283], [-99.985167099, 20.38788448], [-99.985514521, 20.387804843], [-99.987061928, 20.387450132], [-99.987803076, 20.387267968], [-99.989005061, 20.386972529], [-99.989305407, 20.386912133], [-99.989536516, 20.386865659], [-99.989674714, 20.386837351], [-99.989858923, 20.386712366], [-99.991283425, 20.386432886], [-99.991303344, 20.386428977], [-99.991954815, 20.386301158], [-99.993050162, 20.386100844], [-99.993365825, 20.385958707], [-99.993969201, 20.386044145], [-99.994824301, 20.386235484], [-99.995187697, 20.386324446], [-99.995296028, 20.385938379], [-99.995851129, 20.386102507], [-99.996171851, 20.384964534], [-99.995697963, 20.38479747], [-99.995116339, 20.384573832], [-99.994581158, 20.384509876], [-99.994232992, 20.384457275], [-99.994096741, 20.384423789], [-99.993552389, 20.384250866], [-99.993515229, 20.384242272], [-99.993444744, 20.384225969], [-99.993422143, 20.384222736], [-99.993375217, 20.384216023], [-99.993326243, 20.384217712], [-99.993298052, 20.384218685], [-99.993193976, 20.384233246], [-99.99303322, 20.384282518], [-99.993104749, 20.384045102], [-99.993184048, 20.383781899], [-99.992506684, 20.383339372], [-99.992272677, 20.383186492], [-99.992221976, 20.383170761], [-99.992162263, 20.383152233], [-99.992115051, 20.383137585], [-99.992068674, 20.383123196], [-99.991257401, 20.382725026], [-99.991066368, 20.382631267], [-99.991024399, 20.38219436], [-99.991165781, 20.382246715], [-99.992575745, 20.382768832], [-99.993125079, 20.382406327], [-99.993202119, 20.382355488], [-99.99363087, 20.382072554], [-99.993876362, 20.381910551], [-99.993815789, 20.381847632], [-99.992603906, 20.380557522], [-99.99255452, 20.380695707], [-99.992480464, 20.380906346], [-99.992164014, 20.381219765], [-99.990487621, 20.380548491], [-99.989688601, 20.380191531], [-99.988994291, 20.37978849], [-99.989428514, 20.379273125], [-99.988709957, 20.378775445], [-99.988033392, 20.378372299], [-99.987510495, 20.378123598], [-99.986048727, 20.377765016], [-99.986063895, 20.377675993], [-99.985894318, 20.377642834], [-99.985919226, 20.377603754], [-99.985988246, 20.377195301], [-99.986144131, 20.376247822], [-99.986148261, 20.376218003], [-99.986152392, 20.376188184], [-99.986314289, 20.375210962], [-99.986334454, 20.375098806], [-99.98635462, 20.37498665], [-99.986480121, 20.374164163], [-99.986581004, 20.373554887], [-99.986776962, 20.372107804], [-99.986944343, 20.370764146], [-99.986932403, 20.370698842], [-99.986912094, 20.370587762], [-99.986870225, 20.370358764], [-99.986772561, 20.370139915], [-99.986501598, 20.369793431], [-99.986304183, 20.369658367], [-99.985705048, 20.369431002], [-99.982438938, 20.368658815], [-99.982101229, 20.368525141], [-99.980803818, 20.367872416], [-99.980089682, 20.367374673], [-99.979829454, 20.360797666], [-99.981729834, 20.36112119], [-99.982087847, 20.360121263], [-99.982233463, 20.359729371], [-99.982248689, 20.359684106], [-99.982390451, 20.359298801], [-99.982464396, 20.359103885], [-99.982542281, 20.358892491], [-99.982591109, 20.358759961], [-99.982704934, 20.35841988], [-99.982818757, 20.3580798], [-99.983225157, 20.358469504], [-99.983273212, 20.358433991], [-99.983635715, 20.358441716], [-99.983012752, 20.357652008], [-99.983397603, 20.356620814], [-99.984113289, 20.356048685], [-99.984145658, 20.356027382], [-99.984771067, 20.355502815], [-99.984788065, 20.355483517], [-99.984805064, 20.355464217], [-99.98601508, 20.354496755], [-99.986124637, 20.354409159], [-99.986458299, 20.354142377], [-99.986486645, 20.354122914], [-99.987763421, 20.353246328], [-99.989599393, 20.35244391], [-99.990941919, 20.351928589], [-99.992396657, 20.351038697], [-99.992627697, 20.350925515], [-99.992481057, 20.350929988], [-99.992099309, 20.35098676], [-99.991836766, 20.35097369], [-99.991404007, 20.350899703], [-99.991101499, 20.350672086], [-99.990934145, 20.350454622], [-99.990844551, 20.350325902], [-99.990754958, 20.350197183], [-99.990590931, 20.349895975], [-99.990479824, 20.349419736], [-99.99043805, 20.348921263], [-99.990437425, 20.348350952], [-99.990528589, 20.34782363], [-99.990603856, 20.347464103], [-99.990620321, 20.347385456], [-99.990686894, 20.347044681], [-99.990684621, 20.346688088], [-99.990686919, 20.346500673], [-99.990515376, 20.346261524], [-99.99050341, 20.346033538], [-99.990606703, 20.345745405], [-99.990698534, 20.345308607], [-99.990756297, 20.344958899], [-99.990871312, 20.344769866], [-99.991040705, 20.344416504], [-99.991430401, 20.343970008], [-99.991651338, 20.343734271], [-99.991793454, 20.343449615], [-99.992328174, 20.343175072], [-99.992451686, 20.343050958], [-99.992575198, 20.342926843], [-99.992651654, 20.342605537], [-99.992714947, 20.342271963], [-99.992620915, 20.341889919], [-99.992395491, 20.341422231], [-99.992144058, 20.340979374], [-99.991412061, 20.340184035], [-99.991227945, 20.340009984], [-99.990627316, 20.339432377], [-99.990154879, 20.339039727], [-99.98984013, 20.338758672], [-99.989785909, 20.338462789], [-99.989850365, 20.338126898], [-99.990191243, 20.337769679], [-99.990690466, 20.337383501], [-99.990955417, 20.337106467], [-99.991187662, 20.336679873], [-99.991140692, 20.336284812], [-99.990901729, 20.335657236], [-99.990802432, 20.335022878], [-99.99098885, 20.33438091], [-99.991375325, 20.334240952], [-99.991698528, 20.334137292], [-99.992294897, 20.33405005], [-99.992852208, 20.333813282], [-99.993104679, 20.333572255], [-99.993184093, 20.333080639], [-99.993074231, 20.332781772], [-99.992799423, 20.332507801], [-99.992021784, 20.332051], [-99.99166485, 20.331843382], [-99.991459208, 20.3314612], [-99.991425091, 20.331090024], [-99.991523788, 20.330634238], [-99.991660392, 20.330148287], [-99.991948934, 20.329589597], [-99.991972004, 20.329224087], [-99.991481195, 20.32893337], [-99.991327005, 20.328652722], [-99.991159353, 20.328252355], [-99.99101014, 20.327756045], [-99.990923167, 20.327061718], [-99.990911133, 20.326169302], [-99.991059215, 20.325491613], [-99.991302349, 20.324783435], [-99.991454297, 20.323716384], [-99.991533227, 20.321427108], [-99.989978692, 20.31852425], [-99.990116002, 20.316415727], [-99.990420024, 20.315259262], [-99.988848995, 20.314093309], [-99.988160467, 20.312559602]]]]}, "properties": {"state": "Querétaro", "distrito_local": "011", "distrito": "011", "source": "INE Cartografía Electoral", "source_section": "0563"}}, {"type": "Feature", "geometry": {"type": "MultiPolygon", "coordinates": [[[[-100.199697758, 20.360373165], [-100.237582476, 20.35882603], [-100.248656854, 20.358372219], [-100.248907416, 20.358361493], [-100.249157979, 20.358350767], [-100.253784193, 20.358152657], [-100.254603591, 20.359938115], [-100.25542301, 20.361723567], [-100.252957483, 20.363835219], [-100.258171605, 20.370316531], [-100.250659658, 20.374203463], [-100.251650484, 20.38067749], [-100.25135489, 20.383000303], [-100.251794827, 20.384288286], [-100.251806691, 20.384323017], [-100.251822846, 20.384370313], [-100.248068794, 20.384031805], [-100.243668699, 20.384438863], [-100.24343465, 20.383857595], [-100.233873015, 20.383549752], [-100.230231637, 20.387401475], [-100.23016954, 20.390471576], [-100.234214432, 20.393217374], [-100.238732762, 20.392229908], [-100.245714281, 20.391910551], [-100.245712806, 20.393362665], [-100.247118487, 20.395647055], [-100.250693724, 20.399138415], [-100.251338218, 20.400010808], [-100.252334168, 20.401464654], [-100.252373571, 20.401444453], [-100.253625453, 20.400802637], [-100.253159175, 20.397690594], [-100.265963358, 20.394478567], [-100.265983659, 20.394547433], [-100.266140479, 20.395079415], [-100.268920251, 20.394235396], [-100.269108469, 20.394178246], [-100.269191649, 20.394152989], [-100.269004685, 20.393576577], [-100.269557278, 20.393540745], [-100.270001959, 20.393579612], [-100.270097585, 20.39358797], [-100.270184342, 20.393576106], [-100.270647441, 20.393512777], [-100.270738627, 20.393500307], [-100.27080706, 20.393740189], [-100.270834907, 20.393837805], [-100.270864944, 20.393943097], [-100.271539586, 20.393707311], [-100.272695728, 20.397225507], [-100.276345499, 20.397409401], [-100.277799526, 20.397482641], [-100.278442895, 20.399931488], [-100.27973108, 20.403086656], [-100.280083159, 20.403004234], [-100.280493676, 20.403212324], [-100.280785749, 20.404830835], [-100.281137603, 20.40503883], [-100.281136824, 20.406034552], [-100.280138422, 20.407319125], [-100.280196732, 20.40777559], [-100.28060684, 20.408523028], [-100.281251409, 20.409561251], [-100.281016367, 20.410017256], [-100.280664339, 20.410016703], [-100.280311593, 20.410928894], [-100.279489696, 20.411549926], [-100.278139477, 20.412502026], [-100.279312071, 20.413582581], [-100.279395293, 20.413862986], [-100.279546139, 20.414371231], [-100.279897687, 20.414994111], [-100.280249337, 20.415492526], [-100.2807184, 20.415908147], [-100.278898991, 20.416569098], [-100.278370463, 20.417149101], [-100.278511449, 20.417459936], [-100.286337126, 20.434711075], [-100.291370748, 20.440796518], [-100.292530293, 20.442198268], [-100.292569591, 20.442245773], [-100.293491868, 20.443360669], [-100.293581394, 20.443468891], [-100.293724738, 20.44364217], [-100.293997726, 20.444104955], [-100.294415591, 20.444813337], [-100.295704662, 20.446998571], [-100.295739312, 20.447057072], [-100.29609575, 20.447661251], [-100.297007341, 20.449206411], [-100.299003228, 20.448338073], [-100.299061078, 20.449624285], [-100.298737916, 20.449741281], [-100.29700657, 20.450368075], [-100.292302605, 20.450361128], [-100.292088421, 20.450360809], [-100.288668319, 20.447904872], [-100.283395202, 20.446491272], [-100.272827687, 20.450331014], [-100.261764127, 20.456342617], [-100.259734052, 20.457445574], [-100.260495197, 20.459479785], [-100.262314861, 20.459192395], [-100.263493833, 20.46054199], [-100.263839288, 20.460937434], [-100.262157605, 20.46134265], [-100.259906128, 20.461885135], [-100.256502594, 20.46125708], [-100.256209903, 20.460426813], [-100.255798951, 20.460550582], [-100.255564687, 20.460010833], [-100.254273294, 20.460216078], [-100.252924028, 20.459549953], [-100.250812116, 20.458550594], [-100.247818418, 20.459043265], [-100.250277244, 20.465478276], [-100.2505692, 20.467055348], [-100.250802944, 20.468134455], [-100.253230002, 20.47760892], [-100.253303038, 20.47789401], [-100.253376075, 20.478179101], [-100.249198929, 20.488170678], [-100.24790701, 20.488666307], [-100.246849891, 20.489162336], [-100.246027088, 20.49015663], [-100.240495535, 20.503506243], [-100.232099442, 20.504320955], [-100.229570111, 20.508838612], [-100.228921923, 20.511036327], [-100.220164431, 20.519442279], [-100.221688245, 20.521892979], [-100.222096134, 20.52467349], [-100.224090505, 20.52646122], [-100.229341755, 20.525052587], [-100.230081338, 20.524854182], [-100.230219042, 20.52522035], [-100.230235292, 20.525263558], [-100.232612823, 20.531585293], [-100.224424666, 20.534259739], [-100.223328549, 20.534617721], [-100.221665417, 20.535160868], [-100.220663711, 20.535458001], [-100.220606998, 20.53529708], [-100.220055718, 20.535470952], [-100.220171216, 20.535780473], [-100.220189323, 20.535834392], [-100.218146942, 20.536463954], [-100.218082567, 20.536494439], [-100.217685221, 20.536682607], [-100.217612215, 20.53671718], [-100.217489776, 20.536699597], [-100.214416911, 20.536258272], [-100.21416456, 20.536222027], [-100.201976919, 20.534471055], [-100.192550266, 20.533411463], [-100.193905901, 20.52951424], [-100.195196849, 20.530180681], [-100.206422041, 20.522071174], [-100.203393697, 20.517489567], [-100.178589282, 20.524954696], [-100.177270086, 20.525351603], [-100.177225792, 20.525411043], [-100.176545613, 20.526323804], [-100.176463597, 20.526433899], [-100.176434742, 20.526472622], [-100.176386852, 20.526536889], [-100.176338962, 20.526601156], [-100.175361079, 20.527913432], [-100.175788368, 20.528470534], [-100.17923299, 20.532961455], [-100.180555314, 20.529842239], [-100.18456609, 20.532108856], [-100.18070819, 20.534504071], [-100.182269571, 20.537220824], [-100.182706227, 20.538872381], [-100.183052425, 20.540501079], [-100.183582185, 20.542121698], [-100.183808178, 20.542790025], [-100.183698548, 20.542808826], [-100.183807491, 20.543151352], [-100.184073347, 20.543981412], [-100.184096235, 20.54404711], [-100.184221827, 20.544001294], [-100.18423993, 20.544099422], [-100.184385386, 20.544580711], [-100.184452835, 20.544832173], [-100.18459678, 20.545336436], [-100.184939966, 20.546385871], [-100.185712489, 20.549185147], [-100.185870261, 20.549760143], [-100.185978225, 20.550151731], [-100.186202305, 20.551081819], [-100.186886565, 20.553190174], [-100.191116423, 20.55207864], [-100.199958618, 20.572550464], [-100.196608227, 20.574452282], [-100.195113971, 20.57171102], [-100.193619771, 20.568969742], [-100.191837442, 20.564639472], [-100.190868121, 20.56228444], [-100.189459845, 20.562323175], [-100.181408706, 20.5625444], [-100.175421176, 20.56270868], [-100.169250814, 20.565143326], [-100.166167104, 20.56538364], [-100.165860687, 20.565407516], [-100.163553075, 20.565587308], [-100.161261, 20.566578012], [-100.15832377, 20.566944914], [-100.154974428, 20.567933185], [-100.150351589, 20.567015378], [-100.149582274, 20.566862627], [-100.144405663, 20.565834689], [-100.141115517, 20.566490914], [-100.136707673, 20.568181701], [-100.132361861, 20.568247751], [-100.115316703, 20.568505759], [-100.105988526, 20.568646246], [-100.105925906, 20.565910066], [-100.095247388, 20.564801692], [-100.095395739, 20.579240685], [-100.091989593, 20.578858444], [-100.087524764, 20.579178691], [-100.084412244, 20.578838561], [-100.075311243, 20.577071641], [-100.070234075, 20.576239375], [-100.063760126, 20.575177914], [-100.065301364, 20.584542437], [-100.065511844, 20.58996673], [-100.063618306, 20.607136284], [-100.064014779, 20.610284725], [-100.064010561, 20.61123685], [-100.063497113, 20.621252248], [-100.066313267, 20.620895326], [-100.067251435, 20.620900532], [-100.077611768, 20.625138834], [-100.078555956, 20.633208497], [-100.078969198, 20.636740018], [-100.079647577, 20.642536921], [-100.062933026, 20.648833409], [-100.062318341, 20.649064925], [-100.029062285, 20.649621787], [-100.029177848, 20.649995035], [-100.013046505, 20.650605174], [-100.006454101, 20.652368514], [-100.004413952, 20.652914156], [-100.00507241, 20.65014435], [-100.008197167, 20.646726688], [-100.016548813, 20.64172501], [-100.0158084, 20.637084083], [-100.012812516, 20.63814292], [-99.991608952, 20.636686505], [-99.978517056, 20.635785939], [-99.976119336, 20.634446642], [-99.975510168, 20.633716381], [-99.974867821, 20.633299927], [-99.974049176, 20.632965171], [-99.973170029, 20.632960577], [-99.97240905, 20.632791355], [-99.971764818, 20.632705362], [-99.971238755, 20.632454744], [-99.971360009, 20.631753102], [-99.970833474, 20.631585102], [-99.971071948, 20.630884074], [-99.968727587, 20.630871772], [-99.966382031, 20.631065984], [-99.964449843, 20.630725311], [-99.961639489, 20.630214725], [-99.955668386, 20.628984993], [-99.955840201, 20.626529001], [-99.956265567, 20.620448404], [-99.955898231, 20.620868018], [-99.954897998, 20.621524209], [-99.953605847, 20.621930189], [-99.952900492, 20.622257004], [-99.951845443, 20.622167653], [-99.950673334, 20.622036168], [-99.94955815, 20.622236223], [-99.948618019, 20.622602959], [-99.947386196, 20.622678076], [-99.947145845, 20.623794355], [-99.946671795, 20.624743577], [-99.945096307, 20.623243362], [-99.941299551, 20.620404428], [-99.938371611, 20.619640841], [-99.933050138, 20.627969947], [-99.932293507, 20.626888779], [-99.931774947, 20.625146724], [-99.92760762, 20.625865487], [-99.929393819, 20.63183834], [-99.918362305, 20.63305142], [-99.912822483, 20.624139908], [-99.912630725, 20.62383142], [-99.910119257, 20.619790962], [-99.909554647, 20.618882581], [-99.908622456, 20.617382781], [-99.908337542, 20.616924376], [-99.905805446, 20.612850282], [-99.900772883, 20.610995989], [-99.902147585, 20.606243958], [-99.894602843, 20.602799911], [-99.897089797, 20.598386393], [-99.896212878, 20.597925259], [-99.894167059, 20.596794062], [-99.895841396, 20.589917846], [-99.897226626, 20.5842285], [-99.896526346, 20.583644318], [-99.895058237, 20.584090103], [-99.894234063, 20.584705701], [-99.891183554, 20.584890533], [-99.888944359, 20.585374844], [-99.88859346, 20.586945622], [-99.886894961, 20.58664462], [-99.88664657, 20.589126986], [-99.885823029, 20.58961835], [-99.884762891, 20.590480746], [-99.884701248, 20.59101854], [-99.884406027, 20.591389189], [-99.883993784, 20.591717663], [-99.883814884, 20.592254681], [-99.88392819, 20.592959233], [-99.884333474, 20.593872716], [-99.884329993, 20.594493694], [-99.884094321, 20.594699136], [-99.88373865, 20.595195615], [-99.883443606, 20.595729834], [-99.883265166, 20.596184054], [-99.883320309, 20.59680542], [-99.882909908, 20.596802704], [-99.882908049, 20.597133893], [-99.881089543, 20.596499332], [-99.879982207, 20.596120895], [-99.879269132, 20.596116161], [-99.878633753, 20.59611194], [-99.878046534, 20.596273637], [-99.877403024, 20.596020957], [-99.876641323, 20.595933088], [-99.876525003, 20.595766713], [-99.876409471, 20.595601465], [-99.876059022, 20.595225407], [-99.876060897, 20.594894218], [-99.875833416, 20.593650697], [-99.875660347, 20.593152742], [-99.874616088, 20.59119997], [-99.875847247, 20.591208177], [-99.873154891, 20.590403614], [-99.871853602, 20.590726233], [-99.870797382, 20.590884769], [-99.867955888, 20.590534529], [-99.865114404, 20.590184241], [-99.864340816, 20.589849537], [-99.857032156, 20.590377989], [-99.856561946, 20.590581807], [-99.855796682, 20.591114827], [-99.8557998, 20.590576642], [-99.856038862, 20.589791654], [-99.856159471, 20.589212865], [-99.851490597, 20.585537917], [-99.847655504, 20.579674296], [-99.847257743, 20.577518748], [-99.846935594, 20.577069589], [-99.844989957, 20.574356792], [-99.848984613, 20.572935071], [-99.853197062, 20.574371379], [-99.854980417, 20.570119238], [-99.856943714, 20.568860204], [-99.857216318, 20.568685384], [-99.858096548, 20.568525745], [-99.85880164, 20.568240714], [-99.859917055, 20.567958456], [-99.860680759, 20.567673814], [-99.861151132, 20.567428588], [-99.862670666, 20.568225454], [-99.863489652, 20.568520779], [-99.864308165, 20.568898898], [-99.864774021, 20.569440241], [-99.86974436, 20.56992915], [-99.871113201, 20.557725091], [-99.87000238, 20.557236983], [-99.856379456, 20.551250065], [-99.852791377, 20.553419914], [-99.851267937, 20.553326737], [-99.855185874, 20.54482486], [-99.855948033, 20.544788636], [-99.856417146, 20.54475042], [-99.856593573, 20.544648116], [-99.85677, 20.544545811], [-99.856830769, 20.544173618], [-99.85724199, 20.544010805], [-99.857535034, 20.544012793], [-99.858061075, 20.544264763], [-99.858353401, 20.544390946], [-99.859317501, 20.544332642], [-99.859584666, 20.544316484], [-99.860932909, 20.544284205], [-99.861637886, 20.543999167], [-99.862050056, 20.543670747], [-99.862346438, 20.54309314], [-99.862583971, 20.542556537], [-99.862587786, 20.541894153], [-99.862473671, 20.541355174], [-99.861720364, 20.539859663], [-99.861312024, 20.539525698], [-99.860549655, 20.539603343], [-99.859844456, 20.539929776], [-99.859255991, 20.540339798], [-99.859074423, 20.541332184], [-99.858953137, 20.542035173], [-99.858186201, 20.54289939], [-99.857364245, 20.543142221], [-99.856485598, 20.543053458], [-99.855781336, 20.543214278], [-99.855193087, 20.543582888], [-99.854721572, 20.544035091], [-99.854367031, 20.544529489], [-99.854134039, 20.544279501], [-99.854018507, 20.54398891], [-99.853375496, 20.54369473], [-99.853025049, 20.543485341], [-99.852617682, 20.542985759], [-99.852150504, 20.542692772], [-99.851625684, 20.542233788], [-99.850396605, 20.541935601], [-99.849694517, 20.541723805], [-99.849462263, 20.541349613], [-99.849172371, 20.540809423], [-99.848528414, 20.540680821], [-99.848409503, 20.540969814], [-99.848406595, 20.541466603], [-99.848228833, 20.541796594], [-99.848048404, 20.542581975], [-99.846577126, 20.54360693], [-99.845754417, 20.543973904], [-99.845340266, 20.544633479], [-99.844868961, 20.545044257], [-99.844846233, 20.545091672], [-99.844631604, 20.545539439], [-99.844159808, 20.546033014], [-99.842810079, 20.546313558], [-99.841930931, 20.546307519], [-99.841287444, 20.546096093], [-99.840764109, 20.54538868], [-99.840237357, 20.545260854], [-99.839709139, 20.545381421], [-99.839123533, 20.545294587], [-99.838772611, 20.545167967], [-99.837541813, 20.545159483], [-99.836543735, 20.545442404], [-99.835955183, 20.545852349], [-99.835310231, 20.545889295], [-99.834550518, 20.545511436], [-99.833966883, 20.545093391], [-99.833032581, 20.544507313], [-99.832332476, 20.543964253], [-99.831631882, 20.543503988], [-99.831340072, 20.543294961], [-99.82999207, 20.54328561], [-99.828292663, 20.543232406], [-99.826301701, 20.54292875], [-99.825481925, 20.542798837], [-99.824311741, 20.542459473], [-99.823553067, 20.541915967], [-99.822503351, 20.541039217], [-99.822435339, 20.541037369], [-99.82045232, 20.540983478], [-99.818573359, 20.541549938], [-99.816927313, 20.542366419], [-99.815815758, 20.542027407], [-99.816230534, 20.541285099], [-99.816350511, 20.540830529], [-99.816120094, 20.540166494], [-99.815828813, 20.53987464], [-99.815125773, 20.5398283], [-99.815253539, 20.53809035], [-99.814608108, 20.538210017], [-99.814734372, 20.536720463], [-99.812864003, 20.53587928], [-99.812400447, 20.53500659], [-99.815068371, 20.529974419], [-99.814660155, 20.529640339], [-99.815190856, 20.529105855], [-99.81529907, 20.5263311], [-99.815329676, 20.525546328], [-99.814804519, 20.525170024], [-99.812722066, 20.520684031], [-99.812155194, 20.51922736], [-99.811914276, 20.518608274], [-99.812560384, 20.518364421], [-99.813499991, 20.51803983], [-99.814028895, 20.517795147], [-99.81479144, 20.517676309], [-99.815438042, 20.517349647], [-99.816261191, 20.516900019], [-99.816789585, 20.516738126], [-99.817263644, 20.51587203], [-99.817617994, 20.515419104], [-99.818205982, 20.51509202], [-99.818208488, 20.514678025], [-99.818181069, 20.514367324], [-99.81815365, 20.514056622], [-99.818330446, 20.513892258], [-99.823670561, 20.512646204], [-99.826731026, 20.510431893], [-99.826735001, 20.509769502], [-99.828216518, 20.507005942], [-99.831066912, 20.500691385], [-99.831127483, 20.500360596], [-99.83124714, 20.499947416], [-99.831484723, 20.499410851], [-99.832439702, 20.496419406], [-99.833634243, 20.492677376], [-99.833347218, 20.491681758], [-99.83439361, 20.487102969], [-99.834490237, 20.48668014], [-99.857382319, 20.490014402], [-99.86253099, 20.490763875], [-99.863528664, 20.490480818], [-99.866992983, 20.489179382], [-99.867519561, 20.489307134], [-99.868165689, 20.489021682], [-99.866789552, 20.483795904], [-99.866032222, 20.483045579], [-99.865592534, 20.483978946], [-99.862497944, 20.490579145], [-99.845494411, 20.468580965], [-99.846674047, 20.467222829], [-99.852948839, 20.466106562], [-99.858497573, 20.458857787], [-99.860136992, 20.458993129], [-99.860778456, 20.459494295], [-99.861539952, 20.459499461], [-99.862184533, 20.45946243], [-99.863939681, 20.459846927], [-99.867025442, 20.463138457], [-99.868302749, 20.465134317], [-99.873576716, 20.464838583], [-99.874633016, 20.464514462], [-99.875508627, 20.465058541], [-99.877843306, 20.466564596], [-99.886893796, 20.461408384], [-99.904457079, 20.463304255], [-99.905920379, 20.463520812], [-99.907676799, 20.463697867], [-99.911891226, 20.464304879], [-99.912959845, 20.461703587], [-99.913056114, 20.454790342], [-99.912412927, 20.454579167], [-99.912416773, 20.454491189], [-99.91247986, 20.453047785], [-99.91300657, 20.453134003], [-99.91305173, 20.444854205], [-99.913059779, 20.444836429], [-99.913228354, 20.444464105], [-99.913637015, 20.444252643], [-99.926315554, 20.437691505], [-99.927397077, 20.437122351], [-99.935065754, 20.433086397], [-99.935288, 20.432969428], [-99.937468969, 20.432399889], [-99.938858446, 20.43169212], [-99.938936763, 20.431652806], [-99.938965423, 20.43163842], [-99.9390724, 20.43158472], [-99.939393477, 20.43187632], [-99.944444, 20.436462643], [-99.947609985, 20.439335135], [-99.948112523, 20.438788166], [-99.950046677, 20.438496997], [-99.950105754, 20.438806043], [-99.950140185, 20.439197289], [-99.950212492, 20.439610551], [-99.950264323, 20.439964459], [-99.949882338, 20.440010797], [-99.949782631, 20.440018751], [-99.948982538, 20.440008643], [-99.948646415, 20.439995812], [-99.948401646, 20.439987889], [-99.948319646, 20.439980612], [-99.949120015, 20.440706289], [-99.950525369, 20.442688028], [-99.950904657, 20.4432226], [-99.952207877, 20.445059335], [-99.952523778, 20.445933885], [-99.954098732, 20.451204554], [-99.954308537, 20.451906647], [-99.955282799, 20.454280274], [-99.955734627, 20.45538105], [-99.956566032, 20.45740653], [-99.956795914, 20.457966562], [-99.96055216, 20.456540944], [-99.960319993, 20.456125503], [-99.960381123, 20.455629085], [-99.960676549, 20.455134122], [-99.961147906, 20.454598852], [-99.961912339, 20.454024], [-99.962620105, 20.453076195], [-99.962975153, 20.452374599], [-99.963213691, 20.451548081], [-99.96456573, 20.450604262], [-99.965683043, 20.449741781], [-99.96761464, 20.450002117], [-99.968550311, 20.45029769], [-99.967653155, 20.453935334], [-99.966814111, 20.457656123], [-99.9656389, 20.462048419], [-99.965619767, 20.462119925], [-99.965495209, 20.463568138], [-99.965201855, 20.464383831], [-99.964960395, 20.46505523], [-99.963379864, 20.464838448], [-99.962383198, 20.46499787], [-99.961150305, 20.465528419], [-99.959800461, 20.466016833], [-99.960784697, 20.469413531], [-99.960894079, 20.469791007], [-99.966892913, 20.476659088], [-99.966746199, 20.482454134], [-99.967965086, 20.48469723], [-99.968426185, 20.486190456], [-99.968606477, 20.486639317], [-99.97039331, 20.49108771], [-99.985358212, 20.493224265], [-99.995932341, 20.494733125], [-99.998262158, 20.495065484], [-99.99610251, 20.499867281], [-99.98765768, 20.51864068], [-99.988196646, 20.519066428], [-99.9898758, 20.520392824], [-99.994822215, 20.51549606], [-99.995289361, 20.515830055], [-100.006614324, 20.536886838], [-100.013828969, 20.535604661], [-100.012494561, 20.532781687], [-100.019368536, 20.529137555], [-100.023418846, 20.527712256], [-100.025179394, 20.527184327], [-100.027644294, 20.526412079], [-100.02928703, 20.526007621], [-100.031104396, 20.525852551], [-100.032754443, 20.523874957], [-100.034153046, 20.538165531], [-100.035970931, 20.537927609], [-100.036486103, 20.540580075], [-100.034315979, 20.54094017], [-100.034162754, 20.5412786], [-100.034611831, 20.54625172], [-100.034891538, 20.546426182], [-100.036473938, 20.547208459], [-100.036485892, 20.547298244], [-100.036497846, 20.547388028], [-100.0371462, 20.547267243], [-100.037668338, 20.547169982], [-100.038479892, 20.547018782], [-100.038808415, 20.546905228], [-100.041429615, 20.546443582], [-100.041506815, 20.546429982], [-100.042640077, 20.546230382], [-100.043726354, 20.546039043], [-100.043984692, 20.545993535], [-100.045278846, 20.545765582], [-100.045425569, 20.545739733], [-100.045523538, 20.545722475], [-100.045549096, 20.545185767], [-100.048707289, 20.544511453], [-100.056461216, 20.542855625], [-100.067078668, 20.540587684], [-100.063421978, 20.532618823], [-100.058144281, 20.53337577], [-100.065935307, 20.525390375], [-100.066258505, 20.525059088], [-100.065616056, 20.523439165], [-100.065501725, 20.521986668], [-100.065333211, 20.518417984], [-100.065573582, 20.515846216], [-100.065282227, 20.514808134], [-100.064927495, 20.511146853], [-100.064880126, 20.510657925], [-100.064178778, 20.5091623], [-100.061900484, 20.503845095], [-100.062197005, 20.502476721], [-100.062775769, 20.501791423], [-100.069083469, 20.494322134], [-100.06832169, 20.493656174], [-100.067265053, 20.493611758], [-100.067327926, 20.491661856], [-100.062748482, 20.491815069], [-100.059990915, 20.491060493], [-100.059167576, 20.491722032], [-100.058227091, 20.492258764], [-100.053830649, 20.489300422], [-100.053303964, 20.488552079], [-100.052716171, 20.48888233], [-100.051895874, 20.488174635], [-100.051600769, 20.488879141], [-100.049371461, 20.488208885], [-100.048783753, 20.488497633], [-100.048075629, 20.490113752], [-100.045960895, 20.490688521], [-100.044696384, 20.490626817], [-100.041440997, 20.490467922], [-100.041117443, 20.490757416], [-100.040955666, 20.490902163], [-100.040793888, 20.49104691], [-100.042514592, 20.483127089], [-100.044982784, 20.481972513], [-100.045512208, 20.481610815], [-100.047099384, 20.480526449], [-100.047172615, 20.480650787], [-100.048151985, 20.482313614], [-100.048409675, 20.482480898], [-100.04849479, 20.482536152], [-100.049500188, 20.483188814], [-100.049607593, 20.483206557], [-100.050926685, 20.483350959], [-100.057364494, 20.484082572], [-100.060538918, 20.482058464], [-100.062123618, 20.482187388], [-100.063532033, 20.482398787], [-100.065057946, 20.482569011], [-100.066935456, 20.483030635], [-100.067408807, 20.481289325], [-100.068469783, 20.479259204], [-100.069416951, 20.47552763], [-100.072525689, 20.476656453], [-100.073469081, 20.474667473], [-100.075360915, 20.468241545], [-100.075304041, 20.467370078], [-100.075798296, 20.467122138], [-100.076126662, 20.466957414], [-100.077707508, 20.468870305], [-100.083977059, 20.47432254], [-100.083980435, 20.472662915], [-100.085396264, 20.469181472], [-100.085222023, 20.468268207], [-100.087159358, 20.468107416], [-100.087919499, 20.469561619], [-100.090852553, 20.470482192], [-100.093137174, 20.472811696], [-100.092811511, 20.459409315], [-100.092461408, 20.458371121], [-100.092993756, 20.456297983], [-100.09258538, 20.455052181], [-100.089712137, 20.453716872], [-100.092601857, 20.446754051], [-100.092955637, 20.445925167], [-100.095596123, 20.446181057], [-100.102005472, 20.439808168], [-100.102619711, 20.439943433], [-100.103530669, 20.440144035], [-100.105523463, 20.441476866], [-100.107282879, 20.442103735], [-100.109922612, 20.442732824], [-100.111976266, 20.442945484], [-100.115146506, 20.442331115], [-100.123888065, 20.443887998], [-100.125587046, 20.445551789], [-100.126747999, 20.444325793], [-100.131466621, 20.439342537], [-100.133403091, 20.439430191], [-100.13380335, 20.43873863], [-100.134050557, 20.438311508], [-100.13187965, 20.438057333], [-100.131176083, 20.437682217], [-100.130647704, 20.437805409], [-100.130178807, 20.437472348], [-100.129712525, 20.435645636], [-100.128424108, 20.434148844], [-100.127899981, 20.431865588], [-100.126902159, 20.431987621], [-100.126075375, 20.434931422], [-100.126248263, 20.436715937], [-100.12624591, 20.438043627], [-100.125479469, 20.440033292], [-100.125126432, 20.440551057], [-100.124773394, 20.441068821], [-100.123834418, 20.441066512], [-100.121487574, 20.440728794], [-100.129212793, 20.419463127], [-100.132668439, 20.42312268], [-100.12930836, 20.431869021], [-100.134404378, 20.437316589], [-100.136645004, 20.431098402], [-100.137290577, 20.431058455], [-100.138308651, 20.4272747], [-100.141567551, 20.414566777], [-100.157920041, 20.415348132], [-100.169630694, 20.399180551], [-100.187894725, 20.373957469], [-100.194880636, 20.369947596], [-100.196469076, 20.36646574], [-100.199697758, 20.360373165]]]]}, "properties": {"state": "Querétaro", "distrito_local": "012", "distrito": "012", "source": "INE Cartografía Electoral", "source_section": "0210"}}, {"type": "Feature", "geometry": {"type": "MultiPolygon", "coordinates": [[[[-100.341398065, 20.578601397], [-100.342071913, 20.579208425], [-100.342248328, 20.579367345], [-100.342830469, 20.580116174], [-100.343167772, 20.580756656], [-100.343331413, 20.581618977], [-100.343161418, 20.583831502], [-100.343156251, 20.583898746], [-100.343258711, 20.584458366], [-100.343499356, 20.585200655], [-100.343774859, 20.585674202], [-100.34396378, 20.585998927], [-100.344151913, 20.586322294], [-100.343926284, 20.586100396], [-100.343577937, 20.585994051], [-100.343421261, 20.58594622], [-100.342177552, 20.586172694], [-100.341305393, 20.58640983], [-100.341177364, 20.586481083], [-100.340885608, 20.586643456], [-100.340827233, 20.586790714], [-100.340783808, 20.58693334], [-100.340754896, 20.587055525], [-100.340721024, 20.58719356], [-100.340709318, 20.587329163], [-100.340697789, 20.587485093], [-100.340709126, 20.587616001], [-100.340726259, 20.587758157], [-100.340833921, 20.588139018], [-100.340843581, 20.588157613], [-100.340979988, 20.588420205], [-100.341090012, 20.588591002], [-100.341217728, 20.588727783], [-100.34137826, 20.58888012], [-100.341513754, 20.588980704], [-100.341580937, 20.58902213], [-100.341705468, 20.589098921], [-100.341860233, 20.589174511], [-100.342030487, 20.589238688], [-100.342176881, 20.589282723], [-100.342306068, 20.589313341], [-100.342127153, 20.589349114], [-100.339997624, 20.58977489], [-100.339168318, 20.589940693], [-100.33934542, 20.590411359], [-100.339192967, 20.590566121], [-100.339159302, 20.590968404], [-100.33923283, 20.591148519], [-100.338965149, 20.591188987], [-100.33897299, 20.591297337], [-100.339694287, 20.591565036], [-100.340469491, 20.59199719], [-100.340563368, 20.592172629], [-100.341034035, 20.593058849], [-100.341394356, 20.593805894], [-100.341645115, 20.594537978], [-100.341677384, 20.594628069], [-100.341749876, 20.594836225], [-100.341950117, 20.5954112], [-100.341978149, 20.595491692], [-100.342224862, 20.5962001], [-100.342257177, 20.59629289], [-100.342271246, 20.596333286], [-100.342282545, 20.59636573], [-100.342382603, 20.596653033], [-100.342411668, 20.596746769], [-100.342428771, 20.596801928], [-100.342451471, 20.596875135], [-100.342585668, 20.597307927], [-100.342601974, 20.597360514], [-100.342650039, 20.597516875], [-100.342740109, 20.597809883], [-100.342752272, 20.597849452], [-100.34287426, 20.598597937], [-100.342885352, 20.598666013], [-100.342898017, 20.598742705], [-100.342939671, 20.598740123], [-100.342949246, 20.598829572], [-100.34295427, 20.59887651], [-100.342957305, 20.59890486], [-100.342964734, 20.598965783], [-100.342981044, 20.599184735], [-100.342983318, 20.599238923], [-100.342971316, 20.599785585], [-100.342927888, 20.599877256], [-100.342895069, 20.599946534], [-100.342872757, 20.599988891], [-100.342836148, 20.60005839], [-100.342806475, 20.600114719], [-100.342796262, 20.600134108], [-100.342776803, 20.600171048], [-100.342976836, 20.601305544], [-100.343173764, 20.601640538], [-100.34390048, 20.603032931], [-100.344080667, 20.603191817], [-100.34412137, 20.603227707], [-100.344227636, 20.603390949], [-100.344270881, 20.603454658], [-100.344336202, 20.603449633], [-100.3448804, 20.603346025], [-100.344887998, 20.603363427], [-100.3449315, 20.603463072], [-100.345012927, 20.603516643], [-100.345071406, 20.603586203], [-100.345106359, 20.603674014], [-100.345478598, 20.60362143], [-100.345482782, 20.603641806], [-100.345545063, 20.603945055], [-100.345549574, 20.60396702], [-100.345554086, 20.603988985], [-100.34563815, 20.604082864], [-100.345653824, 20.604102892], [-100.345683469, 20.604192468], [-100.345732273, 20.604339931], [-100.345493391, 20.604418581], [-100.345731793, 20.605207216], [-100.345805331, 20.6051818], [-100.345968927, 20.605727032], [-100.345991159, 20.605787901], [-100.345350093, 20.605856131], [-100.345364677, 20.605879301], [-100.345497217, 20.606089874], [-100.345518696, 20.606123998], [-100.345545316, 20.60616629], [-100.345262307, 20.606224489], [-100.345214285, 20.606234364], [-100.345252029, 20.606708365], [-100.345357049, 20.606682704], [-100.345462069, 20.606657042], [-100.345549032, 20.607033542], [-100.345608114, 20.607376381], [-100.345881198, 20.607333601], [-100.346062674, 20.607307344], [-100.347419736, 20.607131898], [-100.34784732, 20.60870051], [-100.347799908, 20.608696363], [-100.347721676, 20.608631475], [-100.347518855, 20.608583368], [-100.347416651, 20.60862256], [-100.34724925, 20.608578694], [-100.347131336, 20.608604457], [-100.346874478, 20.608685508], [-100.346560976, 20.608701501], [-100.346478942, 20.608715692], [-100.346032063, 20.608635606], [-100.34581918, 20.60870502], [-100.345627364, 20.60851002], [-100.345529677, 20.608551434], [-100.345312056, 20.60862766], [-100.345097941, 20.608864215], [-100.344867811, 20.608881815], [-100.344393707, 20.608808713], [-100.34401237, 20.608987845], [-100.343590417, 20.609151482], [-100.343281131, 20.609169695], [-100.3429757, 20.60921724], [-100.342586916, 20.609265431], [-100.342281097, 20.609405577], [-100.342138224, 20.609560268], [-100.342067302, 20.609576628], [-100.341889131, 20.609706748], [-100.341796476, 20.609775224], [-100.341824757, 20.610025703], [-100.341762537, 20.610179767], [-100.341450883, 20.61027027], [-100.341146382, 20.610390077], [-100.34115117, 20.610491674], [-100.341212266, 20.610586059], [-100.341306549, 20.610635016], [-100.341432743, 20.610801169], [-100.341391241, 20.611061223], [-100.341269021, 20.611349007], [-100.341257291, 20.611516231], [-100.341330586, 20.61156535], [-100.341335492, 20.611680498], [-100.341171805, 20.611855676], [-100.340959129, 20.611983805], [-100.34089648, 20.612020427], [-100.340822696, 20.611992001], [-100.340815126, 20.612009766], [-100.340588559, 20.611921182], [-100.340210837, 20.612206429], [-100.339878888, 20.612685556], [-100.339799837, 20.613006883], [-100.339699439, 20.613116071], [-100.33967737, 20.613129794], [-100.339372166, 20.61358161], [-100.339325737, 20.613895908], [-100.338986387, 20.614180856], [-100.338777308, 20.614275076], [-100.338629404, 20.614301066], [-100.338435068, 20.614298054], [-100.33757393, 20.614099193], [-100.336905892, 20.613246114], [-100.335912704, 20.614649577], [-100.336587403, 20.617709209], [-100.336856891, 20.617664212], [-100.336888572, 20.617731754], [-100.336906564, 20.617770113], [-100.336920253, 20.617799296], [-100.336938169, 20.617837492], [-100.336739272, 20.617868859], [-100.336011519, 20.617983682], [-100.335973667, 20.618028333], [-100.3361055, 20.618575333], [-100.336150167, 20.6186185], [-100.336185667, 20.618664833], [-100.336181667, 20.61872], [-100.336137833, 20.618760333], [-100.336087833, 20.618766333], [-100.336050333, 20.6187455], [-100.335892667, 20.6180525], [-100.3358392, 20.618010867], [-100.335387585, 20.618082112], [-100.335425551, 20.61834381], [-100.335438326, 20.618397512], [-100.335562826, 20.618920938], [-100.335606083, 20.618929638], [-100.335632067, 20.618952022], [-100.335663842, 20.619019533], [-100.335720221, 20.61912299], [-100.335732392, 20.619143223], [-100.335788293, 20.619226357], [-100.335837141, 20.619291478], [-100.335896822, 20.619361031], [-100.336004274, 20.619475386], [-100.336089458, 20.619580879], [-100.33617622, 20.619695394], [-100.33625059, 20.619798712], [-100.336331514, 20.619931341], [-100.336454684, 20.620163018], [-100.336564956, 20.620428674], [-100.336639669, 20.620674277], [-100.336661945, 20.620787032], [-100.336687877, 20.620906535], [-100.336725874, 20.621274384], [-100.336723706, 20.621507031], [-100.336688822, 20.621839307], [-100.336669434, 20.621988521], [-100.336668553, 20.622162436], [-100.336683844, 20.622333967], [-100.336718327, 20.62250535], [-100.33677376, 20.622672053], [-100.3368267, 20.622793605], [-100.33686941, 20.622876841], [-100.33692843, 20.622973502], [-100.336981276, 20.623049883], [-100.337007378, 20.623084328], [-100.337031324, 20.623114994], [-100.337072839, 20.62316436], [-100.337138839, 20.623236123], [-100.337196605, 20.62329214], [-100.337270042, 20.623357069], [-100.337336165, 20.623408504], [-100.337409484, 20.623459883], [-100.337477667, 20.623506784], [-100.337581931, 20.623564699], [-100.337630106, 20.623586912], [-100.33769817, 20.623620263], [-100.337757459, 20.623644648], [-100.337791162, 20.623657938], [-100.337826064, 20.623671219], [-100.337893429, 20.623693283], [-100.338047312, 20.623732745], [-100.338706368, 20.623860893], [-100.338843641, 20.623886932], [-100.338918665, 20.623893126], [-100.338912881, 20.623934083], [-100.338907096, 20.623975094], [-100.338899439, 20.624029342], [-100.338894015, 20.624067771], [-100.338889745, 20.624097989], [-100.338879488, 20.624170692], [-100.338872072, 20.624223234], [-100.338865223, 20.624271745], [-100.338857387, 20.624327241], [-100.338745117, 20.624873835], [-100.33873054, 20.624944807], [-100.338697986, 20.625028625], [-100.338552303, 20.625309814], [-100.33866223, 20.625329289], [-100.33855305, 20.625470567], [-100.338535784, 20.625492914], [-100.338509187, 20.625527325], [-100.338326857, 20.625763269], [-100.338224605, 20.626045735], [-100.338162881, 20.626216248], [-100.338117221, 20.626225786], [-100.33776985, 20.626298342], [-100.33778046, 20.626345689], [-100.337195769, 20.626465056], [-100.337137301, 20.626477004], [-100.337079081, 20.626488891], [-100.337100261, 20.626579069], [-100.33682243, 20.626637341], [-100.336395921, 20.626726808], [-100.336428069, 20.626871106], [-100.336459598, 20.62701315], [-100.336543874, 20.627391934], [-100.336845607, 20.627328618], [-100.33682073, 20.627227176], [-100.337259706, 20.62714344], [-100.33754884, 20.627088285], [-100.338234967, 20.629996014], [-100.338405941, 20.630726935], [-100.338728834, 20.632156348], [-100.338943467, 20.633105531], [-100.339134402, 20.633951003], [-100.339143636, 20.633995342], [-100.339158821, 20.634068258], [-100.339566375, 20.635917101], [-100.339775562, 20.636859548], [-100.339980569, 20.637427109], [-100.340003343, 20.637520602], [-100.340216495, 20.638545514], [-100.340233195, 20.638911267], [-100.339947332, 20.639864331], [-100.339731602, 20.641017861], [-100.344319584, 20.640871526], [-100.344286402, 20.641532426], [-100.344250159, 20.642254291], [-100.34412572, 20.644441523], [-100.344105967, 20.644446194], [-100.344041942, 20.645442124], [-100.343963073, 20.646715331], [-100.34388938, 20.647815269], [-100.34381939, 20.648903977], [-100.343521258, 20.653541349], [-100.343455367, 20.654636496], [-100.343380687, 20.655877723], [-100.343208138, 20.658745532], [-100.343188915, 20.65906503], [-100.343154593, 20.659644096], [-100.343106505, 20.660455442], [-100.343045708, 20.661481188], [-100.343038791, 20.661597894], [-100.343034308, 20.661673529], [-100.342989444, 20.662430462], [-100.342863143, 20.664561336], [-100.342840006, 20.667082037], [-100.343296915, 20.667157526], [-100.346247199, 20.667615588], [-100.351185986, 20.668448753], [-100.351923191, 20.66857171], [-100.351993841, 20.669538557], [-100.352135147, 20.671472252], [-100.352075436, 20.672385163], [-100.352061618, 20.672552402], [-100.351943431, 20.673185771], [-100.351619718, 20.67492054], [-100.351614039, 20.674956722], [-100.351535769, 20.67533225], [-100.351357971, 20.675783089], [-100.351343873, 20.675817079], [-100.350993335, 20.676612567], [-100.350977457, 20.676648828], [-100.350716145, 20.67725616], [-100.350979911, 20.67750253], [-100.351025905, 20.67754734], [-100.353039171, 20.679451293], [-100.353066108, 20.679478184], [-100.354152523, 20.68051083], [-100.356068228, 20.680744205], [-100.356106964, 20.680748418], [-100.356196735, 20.680756745], [-100.359297176, 20.681671865], [-100.357737502, 20.684888076], [-100.357598807, 20.685174073], [-100.357215902, 20.685963639], [-100.357413949, 20.685985793], [-100.357611996, 20.686007947], [-100.359408424, 20.686280617], [-100.360448618, 20.686392109], [-100.362602501, 20.686277975], [-100.362759216, 20.686358042], [-100.362362053, 20.68703422], [-100.360221647, 20.690680559], [-100.367855422, 20.692627936], [-100.367907436, 20.692406189], [-100.368984205, 20.692609936], [-100.372579749, 20.693299531], [-100.387708835, 20.696143728], [-100.387715143, 20.696177555], [-100.387678757, 20.69689379], [-100.387470595, 20.69746009], [-100.38735962, 20.697892355], [-100.387080881, 20.705212111], [-100.387114647, 20.705559646], [-100.387671245, 20.709254566], [-100.387255715, 20.713576127], [-100.386992304, 20.716315555], [-100.385942461, 20.721730831], [-100.385473905, 20.724056328], [-100.3854506, 20.72921264], [-100.385240331, 20.731432165], [-100.385367143, 20.73145147], [-100.38489841, 20.735682311], [-100.384475561, 20.739498853], [-100.384305693, 20.74091629], [-100.384100106, 20.742729248], [-100.384045246, 20.743213682], [-100.383972876, 20.743852739], [-100.383774511, 20.745602401], [-100.387102664, 20.751282758], [-100.387868499, 20.752588751], [-100.388554481, 20.753759877], [-100.388778888, 20.754144264], [-100.387779361, 20.757126752], [-100.387758029, 20.757190162], [-100.387663948, 20.757470972], [-100.387245837, 20.758718769], [-100.387079003, 20.759216981], [-100.386545466, 20.760808996], [-100.386387963, 20.761277772], [-100.386374528, 20.761318533], [-100.385918111, 20.76267956], [-100.385506412, 20.763909233], [-100.385492376, 20.763949999], [-100.385344525, 20.764391594], [-100.384711326, 20.766282527], [-100.384621892, 20.76654749], [-100.384609916, 20.766583722], [-100.384055577, 20.768236878], [-100.383404513, 20.770179896], [-100.382531625, 20.772784173], [-100.384462121, 20.773455197], [-100.384525958, 20.773477267], [-100.384702722, 20.773539079], [-100.386281829, 20.774088699], [-100.386367639, 20.774117367], [-100.38679253, 20.774265254], [-100.38701026, 20.774342542], [-100.388189462, 20.774750831], [-100.388228906, 20.774764063], [-100.389160906, 20.775088521], [-100.390053766, 20.77539974], [-100.390106757, 20.775417379], [-100.391483237, 20.775896318], [-100.391856946, 20.776026539], [-100.39189729, 20.776039763], [-100.393542987, 20.776611359], [-100.393592378, 20.776629025], [-100.393613451, 20.77663563], [-100.396458596, 20.777624307], [-100.39767387, 20.778456826], [-100.402468577, 20.780077697], [-100.401536101, 20.782081791], [-100.401061317, 20.783101974], [-100.401808135, 20.784624855], [-100.402050456, 20.785119737], [-100.402625044, 20.7862917], [-100.402643088, 20.786327688], [-100.402853892, 20.78675733], [-100.403133251, 20.787328695], [-100.403098585, 20.790657945], [-100.40307368, 20.793029529], [-100.403060241, 20.794303408], [-100.403033582, 20.796842131], [-100.403028662, 20.797316447], [-100.403023679, 20.797783988], [-100.403016037, 20.79851579], [-100.40522655, 20.79874387], [-100.405202063, 20.798900011], [-100.4051798, 20.799044627], [-100.405096354, 20.799564755], [-100.405178632, 20.800571351], [-100.405280372, 20.800502764], [-100.406001804, 20.80196033], [-100.406014008, 20.801997495], [-100.406026211, 20.802034659], [-100.406174258, 20.802394798], [-100.405982624, 20.80248219], [-100.406033839, 20.802630828], [-100.406458416, 20.80309033], [-100.406521138, 20.803087557], [-100.40652851, 20.803113652], [-100.406684107, 20.803664385], [-100.407068369, 20.803661233], [-100.40723956, 20.804800346], [-100.407010105, 20.804856431], [-100.406670948, 20.804899865], [-100.406304269, 20.804889322], [-100.40594603, 20.805206183], [-100.406075496, 20.805245774], [-100.406190092, 20.805332914], [-100.406248632, 20.805526661], [-100.406431606, 20.80583231], [-100.406345767, 20.805835272], [-100.405373592, 20.805897444], [-100.40454627, 20.805942615], [-100.40446182, 20.805965891], [-100.40444718, 20.805941168], [-100.404403671, 20.805943783], [-100.403642455, 20.806092297], [-100.403581917, 20.806104084], [-100.403530869, 20.80611423], [-100.403451556, 20.806129994], [-100.40339432, 20.806141755], [-100.403296919, 20.806160619], [-100.40321929, 20.806174805], [-100.403153069, 20.806188898], [-100.402097245, 20.806394018], [-100.401525724, 20.806504836], [-100.400426748, 20.806719333], [-100.398293436, 20.807940497], [-100.397522279, 20.808380406], [-100.395575536, 20.809489353], [-100.394942628, 20.809880699], [-100.391495858, 20.812006812], [-100.390094585, 20.813739125], [-100.38866556, 20.814645318], [-100.385051097, 20.816937274], [-100.384313996, 20.817433314], [-100.383755171, 20.818677722], [-100.38344264, 20.821444605], [-100.382530491, 20.822865763], [-100.380696953, 20.823777154], [-100.378762492, 20.825380428], [-100.378125101, 20.826083421], [-100.378087995, 20.826361511], [-100.377791202, 20.826612329], [-100.377617043, 20.826909588], [-100.377454277, 20.827139001], [-100.377005496, 20.827583009], [-100.376647624, 20.827820765], [-100.373276938, 20.829006405], [-100.372440836, 20.829921008], [-100.37130801, 20.832025938], [-100.370991049, 20.832340143], [-100.370556523, 20.832709662], [-100.370135803, 20.833067437], [-100.370164666, 20.837916141], [-100.370121697, 20.838510462], [-100.368409313, 20.83923331], [-100.36492888, 20.840672625], [-100.360242576, 20.842539271], [-100.356195931, 20.844183915], [-100.351147114, 20.846240646], [-100.348102125, 20.847513585], [-100.34703444, 20.851151369], [-100.346339631, 20.853462745], [-100.345840626, 20.855099551], [-100.348536376, 20.858798053], [-100.348978483, 20.859404358], [-100.349015104, 20.859435688], [-100.349106526, 20.859516273], [-100.348801087, 20.859685808], [-100.348523384, 20.859597657], [-100.348244976, 20.859430464], [-100.347843117, 20.85970013], [-100.347572861, 20.859605143], [-100.347264394, 20.859704686], [-100.34697837, 20.859795018], [-100.34669851, 20.859835615], [-100.346380242, 20.859711644], [-100.346089266, 20.859650695], [-100.346008095, 20.859540668], [-100.344200618, 20.861601057], [-100.344106954, 20.861504678], [-100.343395817, 20.862461083], [-100.34293377, 20.863095912], [-100.339623628, 20.867643699], [-100.337293798, 20.870869786], [-100.335960434, 20.873804037], [-100.335511795, 20.874791301], [-100.33528024, 20.875300852], [-100.334389205, 20.877600167], [-100.332249327, 20.882474851], [-100.333530615, 20.890826293], [-100.319897287, 20.900533981], [-100.319070185, 20.901122841], [-100.309221009, 20.907602247], [-100.307901205, 20.908635776], [-100.299266351, 20.915397083], [-100.303145071, 20.917769531], [-100.3058571, 20.923308588], [-100.304443209, 20.928632061], [-100.289062407, 20.927997206], [-100.263004803, 20.926433026], [-100.262760429, 20.939045265], [-100.262699141, 20.942208575], [-100.262607437, 20.943410551], [-100.26363589, 20.944675445], [-100.264831069, 20.945482068], [-100.26625542, 20.945994874], [-100.266811228, 20.947185354], [-100.266422549, 20.94826843], [-100.265618232, 20.949193318], [-100.265995661, 20.950304184], [-100.267388158, 20.952059283], [-100.268538037, 20.953487551], [-100.269317663, 20.954135957], [-100.270518346, 20.955190785], [-100.27113579, 20.956504326], [-100.270441097, 20.957054765], [-100.2697446, 20.957522451], [-100.269473654, 20.95860344], [-100.269793171, 20.959756715], [-100.269879024, 20.960996926], [-100.269147023, 20.962541414], [-100.26893943, 20.963828231], [-100.270099317, 20.965711609], [-100.270364487, 20.967072803], [-100.270516421, 20.968642967], [-100.269921869, 20.968384496], [-100.269327319, 20.968126023], [-100.2659045, 20.969092489], [-100.263818591, 20.971048408], [-100.248952262, 20.963560249], [-100.244449363, 20.960280794], [-100.243189821, 20.959799063], [-100.232039931, 20.954823937], [-100.223209161, 20.948884149], [-100.217941811, 20.946509701], [-100.214776389, 20.946456212], [-100.212264274, 20.944133492], [-100.211564524, 20.94313949], [-100.210807707, 20.941732226], [-100.209934285, 20.940159289], [-100.209235963, 20.938793547], [-100.208827646, 20.938255007], [-100.207891766, 20.937714408], [-100.206897273, 20.937173575], [-100.205727869, 20.936384228], [-100.204616001, 20.935884224], [-100.203620437, 20.935632494], [-100.202331316, 20.935503513], [-100.20151161, 20.935252462], [-100.200166796, 20.932468468], [-100.205049777, 20.932101358], [-100.226193056, 20.92114523], [-100.227602344, 20.922058214], [-100.234254859, 20.91941335], [-100.232846977, 20.917920372], [-100.234320632, 20.916554593], [-100.23402768, 20.916098544], [-100.235502313, 20.914318436], [-100.238328862, 20.912829674], [-100.245674022, 20.899891759], [-100.250552962, 20.891296561], [-100.252372924, 20.888167346], [-100.252500854, 20.887947379], [-100.252615346, 20.887750519], [-100.25722395, 20.879825872], [-100.258996971, 20.87584995], [-100.265183869, 20.869930465], [-100.272095607, 20.855020623], [-100.234506999, 20.864350026], [-100.23444841, 20.864267101], [-100.228272752, 20.865255068], [-100.215171502, 20.838806603], [-100.213824993, 20.836691983], [-100.213473272, 20.836318683], [-100.213239224, 20.835904084], [-100.213063851, 20.835530985], [-100.212947691, 20.834992223], [-100.213007228, 20.834702262], [-100.213184865, 20.834205272], [-100.21330329, 20.833873945], [-100.213127595, 20.833625145], [-100.212658215, 20.833293139], [-100.212306072, 20.833085566], [-100.21183637, 20.832877855], [-100.211484122, 20.832711714], [-100.211308865, 20.83229718], [-100.214073576, 20.831513157], [-100.213151133, 20.824592793], [-100.212093037, 20.824632997], [-100.21085763, 20.825045884], [-100.210504966, 20.82504547], [-100.21027051, 20.824796597], [-100.210154044, 20.82438213], [-100.210213691, 20.824050736], [-100.21039111, 20.823636615], [-100.210567984, 20.823429658], [-100.210803743, 20.823181336], [-100.210980834, 20.822891513], [-100.211334253, 20.822601896], [-100.210408526, 20.817007354], [-100.208453618, 20.802849892], [-100.208399667, 20.802459131], [-100.207467508, 20.795707245], [-100.205590532, 20.794379118], [-100.205475433, 20.793467448], [-100.20665581, 20.791562949], [-100.200090109, 20.785671369], [-100.200026856, 20.773641029], [-100.200012563, 20.770920998], [-100.194894884, 20.771458702], [-100.189492011, 20.772026202], [-100.185191444, 20.776039556], [-100.187183452, 20.778113885], [-100.183653089, 20.779807948], [-100.180947413, 20.78075726], [-100.180948822, 20.780260059], [-100.18022097, 20.767580372], [-100.186508513, 20.767340263], [-100.186983081, 20.765724985], [-100.187104998, 20.764150671], [-100.191456134, 20.76295483], [-100.195162279, 20.761260854], [-100.192124221, 20.755083326], [-100.191391182, 20.752861937], [-100.190551208, 20.750316403], [-100.189147252, 20.748160003], [-100.185040033, 20.746331435], [-100.184519379, 20.743471806], [-100.181414787, 20.740318614], [-100.182046868, 20.736829804], [-100.182089701, 20.736593378], [-100.182668074, 20.733400885], [-100.167814389, 20.730984068], [-100.166227987, 20.730725866], [-100.162822448, 20.730223643], [-100.159617712, 20.721517692], [-100.163555999, 20.720570585], [-100.165727704, 20.721112431], [-100.166901119, 20.721569925], [-100.166991914, 20.720976188], [-100.169536147, 20.70433718], [-100.16190749, 20.702171357], [-100.158680042, 20.701254943], [-100.155107787, 20.697851876], [-100.157633639, 20.697690004], [-100.15728189, 20.697482296], [-100.157401724, 20.696695227], [-100.163857064, 20.698320883], [-100.166324302, 20.698117362], [-100.177785173, 20.695109169], [-100.183287246, 20.68094639], [-100.184057362, 20.678585711], [-100.190793921, 20.663512876], [-100.192603103, 20.657423024], [-100.192612678, 20.657390793], [-100.196957882, 20.642762608], [-100.194445163, 20.638574449], [-100.190166432, 20.63616553], [-100.189235481, 20.63322244], [-100.188148417, 20.628721523], [-100.18806755, 20.628386688], [-100.186994324, 20.623942743], [-100.186554959, 20.622123361], [-100.18617314, 20.620542235], [-100.185858211, 20.619238073], [-100.185752794, 20.618801523], [-100.185550176, 20.617962435], [-100.185319197, 20.617005891], [-100.184752872, 20.614660522], [-100.194149585, 20.61456237], [-100.194583383, 20.615923532], [-100.200054675, 20.612222651], [-100.201981999, 20.610866296], [-100.202170109, 20.610689367], [-100.202276135, 20.610589642], [-100.202675166, 20.610272817], [-100.202737817, 20.610223073], [-100.203174267, 20.610788109], [-100.203728894, 20.61150613], [-100.20397295, 20.611844169], [-100.204391578, 20.612093718], [-100.204952558, 20.612431556], [-100.20583482, 20.612956891], [-100.206576447, 20.613357512], [-100.207431325, 20.613770075], [-100.208080951, 20.614058392], [-100.208583323, 20.614264534], [-100.209303069, 20.61453727], [-100.20994823, 20.614757305], [-100.210621619, 20.614963103], [-100.220451359, 20.617312057], [-100.233893915, 20.620523307], [-100.241026127, 20.62221531], [-100.244352027, 20.622967916], [-100.247278328, 20.623630038], [-100.247324678, 20.623640526], [-100.247368137, 20.623650358], [-100.247574302, 20.623697004], [-100.248117785, 20.623699726], [-100.247542795, 20.623310169], [-100.247499492, 20.623280832], [-100.247453687, 20.623249799], [-100.246582633, 20.622659649], [-100.246587538, 20.620711622], [-100.247411316, 20.618977179], [-100.249346884, 20.617124114], [-100.250228092, 20.615762498], [-100.250817364, 20.614192447], [-100.252749905, 20.613415593], [-100.252679932, 20.61763749], [-100.254258043, 20.618142081], [-100.255715818, 20.619887895], [-100.2562119, 20.619739727], [-100.256711539, 20.619603095], [-100.256364904, 20.618467927], [-100.256221142, 20.617997133], [-100.254913958, 20.613716148], [-100.25690681, 20.613099428], [-100.25635679, 20.611730356], [-100.257261928, 20.611473955], [-100.260206225, 20.610474728], [-100.260430003, 20.610484961], [-100.260657394, 20.610551529], [-100.260833841, 20.610553209], [-100.261109857, 20.610402877], [-100.26139142, 20.610208712], [-100.26280953, 20.612054198], [-100.263820361, 20.613470096], [-100.265390741, 20.615859253], [-100.266618171, 20.61772519], [-100.267035667, 20.617643638], [-100.26915837, 20.61731758], [-100.27199568, 20.616993794], [-100.273988645, 20.616766335], [-100.27495543, 20.616587979], [-100.275033592, 20.616580217], [-100.275221416, 20.61658321], [-100.275833259, 20.616606649], [-100.276419908, 20.616620396], [-100.276863778, 20.616631372], [-100.276913241, 20.616637646], [-100.277404157, 20.616656279], [-100.277429595, 20.616256881], [-100.277440975, 20.616078215], [-100.277382347, 20.615235924], [-100.277322345, 20.614373879], [-100.277320233, 20.614343528], [-100.277294751, 20.613977433], [-100.277303725, 20.612772457], [-100.277332259, 20.611306402], [-100.277466079, 20.609432814], [-100.277534854, 20.607905064], [-100.277666999, 20.60638662], [-100.277897414, 20.606414283], [-100.278169242, 20.606446918], [-100.278584873, 20.606525968], [-100.279026312, 20.60660803], [-100.279370658, 20.606672327], [-100.279644461, 20.606717752], [-100.279790066, 20.606729503], [-100.279925292, 20.606735552], [-100.280036324, 20.606724675], [-100.280225253, 20.606694272], [-100.280405259, 20.606646097], [-100.280657857, 20.606552264], [-100.28097087, 20.606442086], [-100.281288952, 20.606327132], [-100.281466076, 20.606267798], [-100.281550318, 20.606246887], [-100.28163456, 20.606225976], [-100.281801765, 20.60620775], [-100.281904668, 20.606195678], [-100.282001592, 20.606201571], [-100.282119329, 20.606214934], [-100.282265995, 20.606232796], [-100.282549122, 20.606267153], [-100.283443357, 20.606373418], [-100.284277354, 20.60647283], [-100.284322648, 20.606507683], [-100.284367973, 20.606533438], [-100.284418155, 20.606548586], [-100.284473191, 20.606554642], [-100.284518514, 20.606548579], [-100.284554124, 20.606528879], [-100.284582805, 20.606515125], [-100.284862847, 20.606546923], [-100.285102418, 20.606563571], [-100.285267539, 20.606560524], [-100.285371349, 20.606548294], [-100.285573685, 20.606519354], [-100.285725487, 20.606482987], [-100.285991697, 20.606398367], [-100.28640121, 20.60624626], [-100.286577994, 20.606182841], [-100.287071949, 20.60600564], [-100.287752248, 20.605764856], [-100.288032634, 20.605662085], [-100.288170417, 20.60561231], [-100.288262491, 20.605571879], [-100.288312136, 20.605550094], [-100.288466283, 20.605470782], [-100.288612861, 20.605374465], [-100.288735442, 20.605282309], [-100.288761558, 20.605262675], [-100.28917344, 20.604953022], [-100.289624275, 20.604602134], [-100.290199931, 20.604153463], [-100.290805543, 20.603683544], [-100.291093203, 20.603454853], [-100.291302394, 20.603283759], [-100.291501248, 20.603081374], [-100.291664925, 20.602855232], [-100.291762518, 20.602667218], [-100.29179517, 20.602604314], [-100.291885642, 20.602372269], [-100.292118678, 20.601768682], [-100.292171726, 20.601631282], [-100.292386181, 20.601064085], [-100.292531586, 20.60068436], [-100.29277358, 20.600068117], [-100.292872289, 20.599808692], [-100.293020963, 20.599413745], [-100.293173192, 20.59901928], [-100.29322429, 20.59888687], [-100.293259709, 20.598794174], [-100.293364201, 20.598520702], [-100.293410567, 20.598400651], [-100.293172673, 20.598337935], [-100.293528698, 20.597413506], [-100.293681532, 20.597200251], [-100.293878232, 20.596989827], [-100.293918785, 20.596880099], [-100.293932987, 20.59684167], [-100.29422587, 20.596057922], [-100.29519777, 20.593593497], [-100.295766466, 20.592137985], [-100.296063089, 20.591228299], [-100.296183493, 20.590533653], [-100.29618953, 20.58932544], [-100.300074261, 20.589263995], [-100.300365294, 20.589844884], [-100.300189133, 20.59013381], [-100.30024692, 20.590423841], [-100.300539355, 20.59042522], [-100.301416462, 20.590512142], [-100.302060915, 20.590059844], [-100.302645684, 20.59010399], [-100.302822139, 20.589690881], [-100.303816611, 20.589612768], [-100.303770315, 20.586143179], [-100.301429431, 20.585130991], [-100.301673649, 20.580868563], [-100.301419199, 20.580480478], [-100.300144762, 20.578536681], [-100.298352384, 20.575802804], [-100.29765515, 20.573936768], [-100.297636098, 20.57355901], [-100.29750419, 20.573191425], [-100.29737492, 20.572781081], [-100.297129129, 20.572371722], [-100.297002419, 20.572043629], [-100.298028007, 20.570477624], [-100.298085449, 20.570389914], [-100.298186656, 20.570235375], [-100.299770305, 20.569890163], [-100.303750118, 20.569719164], [-100.304076987, 20.56971733], [-100.305095271, 20.569711614], [-100.307618065, 20.569728535], [-100.309333637, 20.569844909], [-100.309684039, 20.56986928], [-100.310669409, 20.569941301], [-100.311535067, 20.570066076], [-100.312466174, 20.570234128], [-100.313396833, 20.570349645], [-100.314872632, 20.570692596], [-100.315081397, 20.570741108], [-100.315148102, 20.570756609], [-100.316060923, 20.570959801], [-100.316835041, 20.571137164], [-100.317318456, 20.57124792], [-100.317551385, 20.571307434], [-100.317820837, 20.571383339], [-100.318000146, 20.571424408], [-100.319479752, 20.571765537], [-100.320523333, 20.572037752], [-100.321790101, 20.572317011], [-100.32259146, 20.572529774], [-100.322732338, 20.572561372], [-100.323308702, 20.572690645], [-100.324007504, 20.572869164], [-100.324652371, 20.57301178], [-100.324690541, 20.573020221], [-100.325423326, 20.573182277], [-100.327034829, 20.57354641], [-100.32845089, 20.573885763], [-100.328647235, 20.573928499], [-100.329696547, 20.57415689], [-100.329810799, 20.574181757], [-100.330489565, 20.574332496], [-100.330736742, 20.574387136], [-100.33172963, 20.574604772], [-100.332157716, 20.57465401], [-100.332651028, 20.574720256], [-100.333859955, 20.574791599], [-100.334921, 20.574895381], [-100.335788528, 20.575230146], [-100.335837973, 20.575258385], [-100.338138607, 20.576572005], [-100.338769095, 20.576931915], [-100.339548719, 20.57739388], [-100.339965891, 20.577607525], [-100.340294429, 20.577815108], [-100.340568545, 20.578030551], [-100.340780083, 20.578178912], [-100.341058003, 20.578345758], [-100.341298558, 20.578517708], [-100.341330285, 20.578540386], [-100.341398065, 20.578601397]]]]}, "properties": {"state": "Querétaro", "distrito_local": "013", "distrito": "013", "source": "INE Cartografía Electoral", "source_section": "0182"}}, {"type": "Feature", "geometry": {"type": "MultiPolygon", "coordinates": [[[[-100.195113971, 20.57171102], [-100.196608227, 20.574452282], [-100.199575828, 20.579534396], [-100.202168553, 20.583974375], [-100.201930355, 20.584035182], [-100.201522605, 20.584139271], [-100.200524736, 20.584220834], [-100.200260654, 20.584220488], [-100.199996573, 20.584220141], [-100.199409611, 20.584260803], [-100.198645901, 20.584549834], [-100.193880403, 20.588811205], [-100.193877836, 20.589722757], [-100.191882714, 20.589637188], [-100.187447474, 20.601439901], [-100.187298299, 20.601990215], [-100.18694306, 20.603300689], [-100.18912086, 20.605304051], [-100.189457825, 20.609024925], [-100.1891753, 20.609311138], [-100.184584195, 20.613961951], [-100.184752872, 20.614660522], [-100.185319197, 20.617005891], [-100.185550176, 20.617962435], [-100.185752794, 20.618801523], [-100.185858211, 20.619238073], [-100.18617314, 20.620542235], [-100.186554959, 20.622123361], [-100.186994324, 20.623942743], [-100.18806755, 20.628386688], [-100.188148417, 20.628721523], [-100.189235481, 20.63322244], [-100.190166432, 20.63616553], [-100.194445163, 20.638574449], [-100.196957882, 20.642762608], [-100.192612678, 20.657390793], [-100.192603103, 20.657423024], [-100.190793921, 20.663512876], [-100.184057362, 20.678585711], [-100.183287246, 20.68094639], [-100.177785173, 20.695109169], [-100.166324302, 20.698117362], [-100.163857064, 20.698320883], [-100.157401724, 20.696695227], [-100.15728189, 20.697482296], [-100.157633639, 20.697690004], [-100.155107787, 20.697851876], [-100.158680042, 20.701254943], [-100.16190749, 20.702171357], [-100.169536147, 20.70433718], [-100.166991914, 20.720976188], [-100.166901119, 20.721569925], [-100.165727704, 20.721112431], [-100.163555999, 20.720570585], [-100.159617712, 20.721517692], [-100.162822448, 20.730223643], [-100.166227987, 20.730725866], [-100.167814389, 20.730984068], [-100.182668074, 20.733400885], [-100.182089701, 20.736593378], [-100.182046868, 20.736829804], [-100.181414787, 20.740318614], [-100.184519379, 20.743471806], [-100.185040033, 20.746331435], [-100.189147252, 20.748160003], [-100.190551208, 20.750316403], [-100.191391182, 20.752861937], [-100.192124221, 20.755083326], [-100.195162279, 20.761260854], [-100.191456134, 20.76295483], [-100.187104998, 20.764150671], [-100.186983081, 20.765724985], [-100.186508513, 20.767340263], [-100.18022097, 20.767580372], [-100.180948822, 20.780260059], [-100.180947413, 20.78075726], [-100.183653089, 20.779807948], [-100.187183452, 20.778113885], [-100.185191444, 20.776039556], [-100.189492011, 20.772026202], [-100.194894884, 20.771458702], [-100.200012563, 20.770920998], [-100.200026856, 20.773641029], [-100.200090109, 20.785671369], [-100.20665581, 20.791562949], [-100.205475433, 20.793467448], [-100.205590532, 20.794379118], [-100.207467508, 20.795707245], [-100.208399667, 20.802459131], [-100.208453618, 20.802849892], [-100.210408526, 20.817007354], [-100.211334253, 20.822601896], [-100.210980834, 20.822891513], [-100.210803743, 20.823181336], [-100.210567984, 20.823429658], [-100.21039111, 20.823636615], [-100.210213691, 20.824050736], [-100.210154044, 20.82438213], [-100.21027051, 20.824796597], [-100.210504966, 20.82504547], [-100.21085763, 20.825045884], [-100.212093037, 20.824632997], [-100.213151133, 20.824592793], [-100.214073576, 20.831513157], [-100.211308865, 20.83229718], [-100.211484122, 20.832711714], [-100.21183637, 20.832877855], [-100.212306072, 20.833085566], [-100.212658215, 20.833293139], [-100.213127595, 20.833625145], [-100.21330329, 20.833873945], [-100.213184865, 20.834205272], [-100.213007228, 20.834702262], [-100.212947691, 20.834992223], [-100.213063851, 20.835530985], [-100.213239224, 20.835904084], [-100.213473272, 20.836318683], [-100.213824993, 20.836691983], [-100.215171502, 20.838806603], [-100.228272752, 20.865255068], [-100.23444841, 20.864267101], [-100.234506999, 20.864350026], [-100.272095607, 20.855020623], [-100.265183869, 20.869930465], [-100.258996971, 20.87584995], [-100.25722395, 20.879825872], [-100.252615346, 20.887750519], [-100.252500854, 20.887947379], [-100.252372924, 20.888167346], [-100.250552962, 20.891296561], [-100.245674022, 20.899891759], [-100.238328862, 20.912829674], [-100.235502313, 20.914318436], [-100.23402768, 20.916098544], [-100.234320632, 20.916554593], [-100.232846977, 20.917920372], [-100.234254859, 20.91941335], [-100.227602344, 20.922058214], [-100.226193056, 20.92114523], [-100.205049777, 20.932101358], [-100.200166796, 20.932468468], [-100.196700338, 20.931014135], [-100.185108096, 20.932781218], [-100.183282382, 20.931118426], [-100.181235789, 20.929254396], [-100.181164703, 20.931617319], [-100.181106161, 20.933563246], [-100.149691983, 20.934886504], [-100.147703264, 20.931154523], [-100.142167523, 20.933342064], [-100.130047588, 20.93423453], [-100.129058772, 20.930669649], [-100.132248439, 20.926365685], [-100.131192939, 20.925328156], [-100.118733357, 20.922241607], [-100.092099766, 20.9309208], [-100.064499401, 20.935636124], [-100.06108571, 20.936282206], [-100.07211675, 20.941660721], [-100.076815489, 20.942961976], [-100.076811022, 20.943953619], [-100.074576406, 20.949634709], [-100.073955386, 20.951213459], [-100.072360397, 20.952776673], [-100.068353544, 20.954453323], [-100.069711662, 20.96619392], [-100.071825669, 20.966946855], [-100.073056886, 20.967819897], [-100.073699575, 20.968773021], [-100.074576609, 20.969933752], [-100.07621643, 20.97151096], [-100.077621939, 20.972880547], [-100.076308041, 20.977296033], [-100.072821019, 20.98095837], [-100.069516865, 20.983175267], [-100.070217676, 20.984293931], [-100.071329888, 20.985497013], [-100.072208317, 20.986368523], [-100.072910656, 20.987156626], [-100.073318881, 20.987943455], [-100.073668099, 20.988771347], [-100.073547279, 20.989473249], [-100.073309741, 20.989968051], [-100.072718874, 20.990543963], [-100.072246775, 20.990872472], [-100.071652349, 20.992233427], [-100.07041831, 20.991938842], [-100.068509731, 20.994212553], [-100.060239405, 21.005116506], [-100.060940069, 21.006276521], [-100.061230056, 21.007186816], [-100.061519099, 21.008303702], [-100.061691996, 21.009089524], [-100.062160008, 21.009670044], [-100.062862412, 21.010458185], [-100.063387755, 21.011369505], [-100.06385446, 21.012239248], [-100.064086587, 21.012942687], [-100.064141457, 21.013810628], [-100.064138626, 21.014430402], [-100.064076581, 21.015132555], [-100.064661162, 21.015961491], [-100.065188421, 21.016459621], [-100.065597823, 21.016998555], [-100.066124525, 21.017620637], [-100.067297868, 21.018369488], [-100.068450787, 21.023622013], [-100.067768796, 21.024796642], [-100.067086794, 21.025971268], [-100.061768717, 21.030865022], [-100.058482528, 21.028908603], [-100.057542218, 21.028656549], [-100.056542117, 21.028610822], [-100.055717965, 21.028689823], [-100.055010539, 21.028975932], [-100.053424134, 21.028473084], [-100.052428638, 21.027435693], [-100.050785532, 21.026478056], [-100.048317535, 21.025764641], [-100.048090285, 21.024028219], [-100.046268985, 21.023441614], [-100.044563629, 21.023227382], [-100.043448414, 21.022643908], [-100.042273979, 21.0221428], [-100.041099747, 21.021600365], [-100.039808629, 21.020892116], [-100.038105072, 21.020305951], [-100.037048543, 21.019764018], [-100.035639588, 21.019096522], [-100.034584257, 21.018306662], [-100.033939809, 21.01772526], [-100.032707198, 21.017099859], [-100.031946275, 21.016270003], [-100.031127514, 21.01523328], [-100.02919109, 21.014150123], [-100.01848565, 21.013563645], [-100.018423795, 21.014183153], [-100.018123402, 21.014194942], [-100.017482224, 21.014220102], [-100.018325674, 21.0151822], [-100.018827997, 21.015755175], [-100.019294865, 21.016542412], [-100.019700893, 21.017742562], [-100.018921327, 21.020755285], [-100.01815321, 21.021412838], [-100.017385287, 21.022029069], [-100.015138096, 21.024332522], [-100.015017332, 21.024402991], [-100.013662852, 21.025193361], [-100.013071817, 21.02572776], [-100.012536981, 21.026799575], [-100.011996861, 21.028945675], [-100.011286497, 21.029810068], [-100.011693517, 21.030803643], [-100.012043324, 21.031466392], [-100.012217214, 21.03200436], [-100.012331654, 21.032666009], [-100.012387049, 21.033368702], [-100.012442445, 21.034071394], [-100.012379545, 21.034897494], [-100.011904534, 21.035762988], [-100.01166591, 21.036422988], [-100.011776902, 21.037787055], [-100.011060551, 21.039849696], [-100.010998064, 21.040563042], [-100.010643084, 21.040934029], [-100.010229257, 21.041304882], [-100.009697947, 21.041634156], [-100.008990096, 21.041963026], [-100.008039419, 21.043737204], [-100.007271006, 21.044396412], [-100.01630445, 21.0501177], [-100.016419837, 21.050572372], [-100.01730111, 21.050863512], [-100.017766453, 21.051938617], [-100.018707214, 21.052105951], [-100.018935786, 21.053387132], [-100.020996475, 21.053267713], [-100.021466485, 21.053433988], [-100.020808973, 21.054947019], [-100.0200534, 21.055780166], [-100.020183051, 21.056977146], [-100.020309778, 21.057884943], [-100.020197055, 21.058361092], [-100.020084331, 21.05883724], [-100.020387357, 21.059743443], [-100.021573136, 21.060765602], [-100.021181435, 21.062710979], [-100.020724265, 21.063995899], [-100.0222102, 21.065635069], [-100.023649974, 21.068514108], [-100.024329146, 21.071730558], [-100.023942491, 21.074171679], [-100.024080583, 21.076194885], [-100.025166007, 21.078476059], [-100.024538978, 21.080818059], [-100.025499096, 21.082751169], [-100.026216157, 21.083901488], [-100.026642291, 21.085343655], [-100.027238037, 21.086123233], [-100.028012642, 21.087149074], [-100.028683593, 21.089539261], [-100.029400712, 21.090689563], [-100.029792131, 21.094487011], [-100.026809098, 21.095960193], [-100.027180703, 21.097816005], [-100.0306534, 21.098238859], [-100.028942614, 21.103418857], [-100.028198643, 21.105408765], [-100.027508387, 21.106902397], [-100.02627644, 21.107161492], [-100.025283408, 21.107790246], [-100.024352512, 21.108748952], [-100.023714692, 21.109622364], [-100.023021856, 21.11086811], [-100.022206822, 21.111660494], [-100.021569396, 21.11257521], [-100.020635095, 21.113203405], [-100.020819837, 21.114028038], [-100.020713577, 21.115144515], [-100.020430533, 21.116221277], [-100.020138268, 21.116389185], [-100.020053647, 21.116741132], [-100.019969025, 21.117093079], [-100.019685972, 21.11816984], [-100.01898511, 21.118630652], [-100.018465216, 21.119544294], [-100.01788276, 21.120086661], [-100.017888198, 21.120623711], [-100.017893637, 21.121160761], [-100.017020985, 21.122077588], [-100.016677858, 21.123030942], [-100.016224249, 21.124687654], [-100.015675398, 21.125316831], [-100.015643019, 21.125353949], [-100.015004245, 21.126144708], [-100.014466608, 21.12699395], [-100.014425509, 21.127058869], [-100.014023144, 21.127971437], [-100.013493591, 21.127934898], [-100.012546651, 21.127323706], [-100.01125113, 21.127128802], [-100.010850121, 21.127116764], [-100.010192447, 21.127097018], [-100.009434385, 21.127723569], [-100.009148742, 21.128552445], [-100.008740518, 21.128886639], [-100.008391085, 21.129220304], [-100.008241081, 21.130613119], [-100.008680821, 21.131717278], [-100.00897057, 21.134214251], [-100.010512162, 21.135481154], [-100.010636836, 21.136182391], [-100.010298637, 21.137631472], [-100.009380786, 21.139912075], [-100.011181259, 21.142930115], [-100.010128845, 21.144119502], [-100.00979021, 21.14552727], [-100.009383191, 21.145985401], [-100.009451569, 21.146935037], [-100.008987411, 21.147558943], [-100.008051593, 21.148063143], [-100.007819301, 21.148354438], [-100.007823877, 21.148808865], [-100.008485674, 21.150290264], [-100.008428329, 21.150435383], [-100.008370983, 21.150580502], [-100.002041983, 21.158652474], [-100.002401863, 21.159351609], [-100.003169238, 21.159633938], [-100.004170178, 21.159748908], [-100.005175273, 21.160276987], [-100.006413936, 21.1606377], [-100.007479932, 21.161371793], [-100.005740685, 21.163866335], [-100.004170332, 21.165615671], [-100.002428493, 21.167862313], [-100.002272391, 21.169888158], [-100.002460021, 21.171001988], [-100.002822841, 21.1719903], [-100.003542267, 21.173347251], [-100.001119574, 21.176940333], [-100.000122962, 21.178418343], [-100.000807629, 21.182171896], [-100.002101133, 21.182118992], [-100.002271766, 21.18153905], [-100.011363923, 21.188040863], [-100.014668242, 21.189388557], [-100.004561603, 21.196030224], [-99.986470566, 21.217272338], [-99.978380527, 21.218887318], [-99.97443593, 21.2182035], [-99.957219822, 21.215217827], [-99.955934669, 21.210936196], [-99.956300681, 21.207009766], [-99.954034573, 21.204348278], [-99.951251876, 21.207844475], [-99.950011046, 21.207361267], [-99.950066154, 21.212109366], [-99.944922483, 21.209847887], [-99.943408688, 21.20610521], [-99.943584172, 21.206020893], [-99.943400097, 21.205362028], [-99.945733001, 21.203645985], [-99.943002369, 21.201484445], [-99.944052467, 21.195651814], [-99.939611345, 21.193052871], [-99.934945593, 21.191364454], [-99.93435942, 21.19153538], [-99.933417556, 21.191462036], [-99.932591885, 21.19126367], [-99.931350776, 21.190739028], [-99.930815831, 21.190248755], [-99.929338564, 21.189643825], [-99.928809305, 21.189649003], [-99.927922479, 21.189244748], [-99.926444288, 21.188557215], [-99.925855282, 21.188480382], [-99.925031052, 21.188405843], [-99.924444406, 21.188535446], [-99.923795652, 21.188376603], [-99.922792176, 21.188056043], [-99.921672035, 21.187819199], [-99.921496559, 21.187903494], [-99.920154844, 21.188866292], [-99.91865973, 21.188275036], [-99.918116622, 21.188060255], [-99.916876827, 21.187569949], [-99.916078421, 21.187254193], [-99.915019916, 21.187264464], [-99.913765772, 21.185583614], [-99.909119842, 21.185344943], [-99.908686293, 21.184893975], [-99.903068313, 21.184686174], [-99.901280856, 21.184620019], [-99.89980282, 21.181976727], [-99.896208248, 21.179006953], [-99.893195958, 21.174381952], [-99.877859813, 21.162532313], [-99.870844263, 21.16366768], [-99.870314198, 21.163666055], [-99.870078864, 21.163624021], [-99.869549298, 21.163539772], [-99.868961337, 21.16337272], [-99.868491669, 21.163123406], [-99.867961606, 21.163121774], [-99.867077417, 21.163242981], [-99.865310539, 21.163237518], [-99.864959923, 21.162782006], [-99.863783013, 21.162613109], [-99.863430838, 21.16240546], [-99.860779582, 21.162562441], [-99.859601667, 21.162558757], [-99.859005638, 21.163713613], [-99.857531209, 21.164039478], [-99.854173099, 21.164194137], [-99.849819351, 21.163436703], [-99.849293624, 21.162732728], [-99.848528488, 21.162647661], [-99.841607852, 21.157957174], [-99.836668505, 21.156701753], [-99.835661883, 21.157227447], [-99.818586331, 21.166143443], [-99.815581227, 21.166339842], [-99.813708557, 21.170368107], [-99.813386462, 21.17076143], [-99.812390729, 21.171920766], [-99.811394408, 21.172873347], [-99.810338857, 21.173660614], [-99.809283521, 21.174530574], [-99.80811042, 21.175318007], [-99.806644394, 21.176436673], [-99.805881482, 21.176809972], [-99.805060254, 21.177348754], [-99.804355648, 21.177556559], [-99.803122387, 21.177847847], [-99.801536423, 21.178098299], [-99.800802092, 21.178182083], [-99.800067759, 21.178265863], [-99.796206388, 21.183913313], [-99.796030888, 21.183726795], [-99.795855388, 21.183540276], [-99.795268501, 21.183207723], [-99.794856978, 21.183082343], [-99.793974491, 21.182913996], [-99.793387068, 21.182664058], [-99.792917457, 21.182414533], [-99.79227276, 21.181916517], [-99.79162644, 21.181666365], [-99.790864757, 21.181043994], [-99.790220886, 21.180422036], [-99.789753732, 21.179800701], [-99.78922795, 21.179137845], [-99.788584911, 21.178391947], [-99.787645188, 21.177975489], [-99.78676301, 21.177765792], [-99.786115899, 21.177639552], [-99.785645224, 21.17755525], [-99.785173458, 21.177636192], [-99.784643608, 21.177592989], [-99.784055402, 21.177466951], [-99.78370308, 21.177300443], [-99.783291857, 21.177133723], [-99.782820364, 21.177173347], [-99.782289421, 21.177295382], [-99.781935458, 21.177376737], [-99.78179443, 21.179242779], [-99.781618347, 21.179325719], [-99.781207522, 21.179533028], [-99.78067927, 21.179781846], [-99.780092146, 21.179989392], [-99.779798953, 21.180237889], [-99.779330307, 21.180817423], [-99.778626277, 21.181273223], [-99.777863371, 21.181687748], [-99.776454033, 21.18210313], [-99.776101854, 21.182269], [-99.775632664, 21.182641774], [-99.77539906, 21.183220987], [-99.775165455, 21.183800199], [-99.77534374, 21.184585617], [-99.775345515, 21.185288568], [-99.775758247, 21.185825574], [-99.776111586, 21.186114556], [-99.776583091, 21.186651481], [-99.776760654, 21.187147447], [-99.780313736, 21.19160014], [-99.780946664, 21.192393282], [-99.780300615, 21.19255956], [-99.779537023, 21.192725993], [-99.778715292, 21.193140603], [-99.778012361, 21.194051251], [-99.777895714, 21.194402883], [-99.777779066, 21.194754516], [-99.777368403, 21.195044517], [-99.777019031, 21.196326839], [-99.776727795, 21.197360981], [-99.776377259, 21.198188452], [-99.776379461, 21.199056802], [-99.776205763, 21.200090787], [-99.776032378, 21.201248821], [-99.775917554, 21.202324077], [-99.775743431, 21.203192662], [-99.775686961, 21.204102439], [-99.775630699, 21.205094917], [-99.776103733, 21.20621074], [-99.775751183, 21.20625256], [-99.774928113, 21.206170953], [-99.774163506, 21.205965214], [-99.773281662, 21.205883677], [-99.771929925, 21.205926801], [-99.770872273, 21.206052232], [-99.770285134, 21.206301097], [-99.769463714, 21.206881063], [-99.768817691, 21.207088649], [-99.768112582, 21.207172257], [-99.767937074, 21.207503284], [-99.767790749, 21.207751573], [-99.767644423, 21.207999862], [-99.76752851, 21.208661613], [-99.76717677, 21.209034216], [-99.766942788, 21.209489367], [-99.76629818, 21.210275844], [-99.765359677, 21.211062692], [-99.764714444, 21.211601062], [-99.764480043, 21.21189081], [-99.763893277, 21.212305053], [-99.763188038, 21.212347292], [-99.762600862, 21.212596131], [-99.762190423, 21.213010147], [-99.762132453, 21.213341021], [-99.761428318, 21.213838103], [-99.760664392, 21.213921755], [-99.75972443, 21.214129672], [-99.758374211, 21.214834291], [-99.757080665, 21.214670476], [-99.756846543, 21.215084264], [-99.756142282, 21.215539975], [-99.755848781, 21.215705732], [-99.755732711, 21.216326127], [-99.755204881, 21.216822969], [-99.754500112, 21.217071923], [-99.753796427, 21.217775725], [-99.753208719, 21.217817781], [-99.752915998, 21.218314335], [-99.752210923, 21.218439229], [-99.752094443, 21.218894221], [-99.752035662, 21.218894291], [-99.751860497, 21.219390702], [-99.751449617, 21.219639293], [-99.75097966, 21.219763902], [-99.750275456, 21.22026094], [-99.749336608, 21.220965002], [-99.749220508, 21.221585392], [-99.748986939, 21.222247271], [-99.748518139, 21.222868075], [-99.747873279, 21.223613134], [-99.747816578, 21.22385491], [-99.747698678, 21.224357643], [-99.747617727, 21.224486339], [-99.747464419, 21.224730069], [-99.746995509, 21.225309519], [-99.746761827, 21.225930044], [-99.746351114, 21.226261323], [-99.746117138, 21.226757798], [-99.746118396, 21.227295349], [-99.745825247, 21.227626491], [-99.745532579, 21.228164383], [-99.745651405, 21.228701798], [-99.745887415, 21.229073677], [-99.74529966, 21.229115707], [-99.744947045, 21.229157465], [-99.744535644, 21.229199289], [-99.744065555, 21.229282529], [-99.743713419, 21.229531035], [-99.743361475, 21.22986224], [-99.742891765, 21.230110878], [-99.742481032, 21.230442148], [-99.74189413, 21.230856318], [-99.741365915, 21.231229069], [-99.741190416, 21.23160142], [-99.74095651, 21.232139238], [-99.740721936, 21.232387604], [-99.740428669, 21.232677386], [-99.740018304, 21.233174052], [-99.739431384, 21.233588213], [-99.738844271, 21.233919672], [-99.738492211, 21.234209517], [-99.738316701, 21.234581866], [-99.702620931, 21.230652596], [-99.683714055, 21.22157267], [-99.685052811, 21.211936704], [-99.685076744, 21.210926493], [-99.685106353, 21.209676679], [-99.686058435, 21.201540983], [-99.686130984, 21.20092035], [-99.686223383, 21.200129906], [-99.686248626, 21.199914334], [-99.686478274, 21.197953139], [-99.686615603, 21.197883855], [-99.688088295, 21.197123473], [-99.689408821, 21.196442968], [-99.6906354, 21.195810862], [-99.691647356, 21.195289301], [-99.692822458, 21.194731772], [-99.693288677, 21.194507941], [-99.694283701, 21.194030226], [-99.696455871, 21.192900853], [-99.697239774, 21.192493268], [-99.713692459, 21.183937475], [-99.714000694, 21.18377716], [-99.716219978, 21.182622877], [-99.714863283, 21.174561475], [-99.712000822, 21.169235019], [-99.711258903, 21.167854385], [-99.715451289, 21.166383867], [-99.71539356, 21.166218385], [-99.715455675, 21.165764191], [-99.715634417, 21.165475712], [-99.715696239, 21.165062829], [-99.715229147, 21.164482588], [-99.714878684, 21.164068063], [-99.71441072, 21.163611755], [-99.713883861, 21.16315521], [-99.713592595, 21.162699605], [-99.713183537, 21.162243528], [-99.713067501, 21.161995187], [-99.712835137, 21.161539815], [-99.712662551, 21.160960744], [-99.712606, 21.160630014], [-99.712489673, 21.160422984], [-99.71213864, 21.160091075], [-99.711904815, 21.159842261], [-99.711788783, 21.159593919], [-99.711673339, 21.159262953], [-99.711263709, 21.158889495], [-99.710144686, 21.158885005], [-99.709612564, 21.159172059], [-99.709020662, 21.159582809], [-99.708429345, 21.159910934], [-99.707719937, 21.160279894], [-99.706891554, 21.160813623], [-99.706242292, 21.161017408], [-99.705782845, 21.159363192], [-99.705960566, 21.159219314], [-99.706138287, 21.159075436], [-99.694573092, 21.137545482], [-99.701776866, 21.118446934], [-99.693981705, 21.117339139], [-99.688306838, 21.116532429], [-99.688643985, 21.102074077], [-99.688734527, 21.098191045], [-99.68952993, 21.094656422], [-99.689951262, 21.092784031], [-99.689323706, 21.092481488], [-99.690964034, 21.085327225], [-99.692037446, 21.080645198], [-99.680699815, 21.076598183], [-99.680579815, 21.076637321], [-99.680075677, 21.076801721], [-99.679946969, 21.076845321], [-99.679695046, 21.076667152], [-99.679547862, 21.076326798], [-99.679622569, 21.076213598], [-99.679397031, 21.076133075], [-99.679393231, 21.07615129], [-99.678856431, 21.076382306], [-99.678508154, 21.076615721], [-99.678370123, 21.076609506], [-99.678329231, 21.076606736], [-99.678837969, 21.075961906], [-99.678851692, 21.075938398], [-99.676437015, 21.075076306], [-99.679097662, 21.073246952], [-99.680110677, 21.072550413], [-99.680851938, 21.072040721], [-99.680937631, 21.071981798], [-99.681226538, 21.071783152], [-99.681426708, 21.071651521], [-99.684401262, 21.069695598], [-99.684265231, 21.069601798], [-99.685041292, 21.069211044], [-99.685066677, 21.069258044], [-99.685304231, 21.069101829], [-99.686966862, 21.060018706], [-99.687931853, 21.054746399], [-99.688861047, 21.049669343], [-99.692776769, 21.026972985], [-99.693583092, 21.022152763], [-99.657566878, 21.014769791], [-99.667229144, 21.003879671], [-99.673639662, 20.994976416], [-99.674223757, 20.994165132], [-99.681029728, 20.984711135], [-99.686822004, 20.989073475], [-99.687238631, 20.988414196], [-99.692286527, 20.990005186], [-99.69253209, 20.988944702], [-99.694169247, 20.98187415], [-99.698986314, 20.966525259], [-99.704460761, 20.965969344], [-99.711874741, 20.965627683], [-99.719692243, 20.949835927], [-99.720631506, 20.950087569], [-99.721102016, 20.95008945], [-99.721807781, 20.950092269], [-99.723398084, 20.949768099], [-99.723573067, 20.949975366], [-99.723925074, 20.950100709], [-99.724395584, 20.95010258], [-99.725043699, 20.949939901], [-99.725398619, 20.949652114], [-99.725812933, 20.949281934], [-99.726401358, 20.949242954], [-99.728871517, 20.949252732], [-99.72898305, 20.950120763], [-99.729097196, 20.950616979], [-99.729211342, 20.951113196], [-99.729384594, 20.951568332], [-99.729499322, 20.951981923], [-99.729614341, 20.952354201], [-99.729434707, 20.952807944], [-99.729197417, 20.953096204], [-99.729194226, 20.953550644], [-99.729130479, 20.954252727], [-99.729302864, 20.9548318], [-99.729889859, 20.954999371], [-99.730476277, 20.955249566], [-99.730826274, 20.955664082], [-99.730763693, 20.956200915], [-99.730583768, 20.956695972], [-99.730404133, 20.957149716], [-99.730223047, 20.957810022], [-99.730277517, 20.958429944], [-99.730272591, 20.959132259], [-99.730676491, 20.960249321], [-99.732199386, 20.961164214], [-99.734142687, 20.960841328], [-99.734848212, 20.960885404], [-99.735317024, 20.96113512], [-99.735726155, 20.961508543], [-99.736135288, 20.961881964], [-99.736485317, 20.962296468], [-99.736305981, 20.962708905], [-99.73601016, 20.962955632], [-99.735714625, 20.963161046], [-99.735360848, 20.963283604], [-99.735182662, 20.96353079], [-99.73518122, 20.963737353], [-99.735296551, 20.964068313], [-99.73559007, 20.964152088], [-99.736058317, 20.964484427], [-99.736937151, 20.964983621], [-99.738932699, 20.965611097], [-99.739353053, 20.964373321], [-99.739593499, 20.963630609], [-99.739951005, 20.962970979], [-99.740191732, 20.962186954], [-99.740253708, 20.961732744], [-99.740201491, 20.960782327], [-99.740148414, 20.959955848], [-99.740212111, 20.959253763], [-99.74004054, 20.958550764], [-99.739929797, 20.957558805], [-99.739639736, 20.956979287], [-99.739350538, 20.95627583], [-99.739062206, 20.955448434], [-99.739008851, 20.954663266], [-99.739129355, 20.954250598], [-99.739192193, 20.95367245], [-99.73890128, 20.953216868], [-99.739080598, 20.952804428], [-99.739553988, 20.952393132], [-99.739794702, 20.951609107], [-99.740035127, 20.950866394], [-99.740278708, 20.949669242], [-99.740752945, 20.949134005], [-99.741111561, 20.948309122], [-99.741115291, 20.947772058], [-99.741061357, 20.947069537], [-99.749696237, 20.948631404], [-99.7685353, 20.951352305], [-99.789159477, 20.954328514], [-99.796993686, 20.95251584], [-99.79894216, 20.951329083], [-99.806249889, 20.949016993], [-99.801797713, 20.936924482], [-99.795797114, 20.928004417], [-99.796059984, 20.923667107], [-99.79010582, 20.916813211], [-99.80536141, 20.919358877], [-99.832223865, 20.923837811], [-99.863921596, 20.923480179], [-99.873918665, 20.923411621], [-99.86967461, 20.905165206], [-99.87467217, 20.905192834], [-99.881436211, 20.904775454], [-99.861491652, 20.887103221], [-99.846713281, 20.874296027], [-99.843829928, 20.87179685], [-99.838718131, 20.871395722], [-99.824299583, 20.874039719], [-99.809652698, 20.866330141], [-99.805960771, 20.864386519], [-99.806854468, 20.862490962], [-99.810048555, 20.859327989], [-99.812181159, 20.856695906], [-99.812652928, 20.856450748], [-99.81312677, 20.855875019], [-99.813424798, 20.855215608], [-99.813663012, 20.854721136], [-99.81402007, 20.854020749], [-99.814257762, 20.853608918], [-99.814791141, 20.852909566], [-99.815441547, 20.852293546], [-99.816092723, 20.851553559], [-99.816331957, 20.850893799], [-99.816748027, 20.85015243], [-99.817104028, 20.849617322], [-99.817579122, 20.848834974], [-99.818232079, 20.847805731], [-99.822388316, 20.841053097], [-99.820632923, 20.839803159], [-99.820280303, 20.839801097], [-99.818351987, 20.838012925], [-99.817708623, 20.83751328], [-99.816537376, 20.836845241], [-99.815541928, 20.836260873], [-99.814606293, 20.835511559], [-99.813436631, 20.83459557], [-99.812853882, 20.833807001], [-99.811563331, 20.833427484], [-99.810565582, 20.833214978], [-99.809688236, 20.832548625], [-99.808866797, 20.832337152], [-99.807873756, 20.831380844], [-99.807166204, 20.831748558], [-99.805576095, 20.832276325], [-99.803678185, 20.825736006], [-99.80385841, 20.825117233], [-99.800216497, 20.815632536], [-99.799337455, 20.815255375], [-99.798576993, 20.814713627], [-99.798226803, 20.814339623], [-99.797644477, 20.813509674], [-99.798178591, 20.812686408], [-99.798417584, 20.81206799], [-99.798834171, 20.811244019], [-99.79925049, 20.810461368], [-99.799608836, 20.809554401], [-99.800610097, 20.809188474], [-99.800933926, 20.8090871], [-99.801257753, 20.808985725], [-99.801788154, 20.80874095], [-99.801733863, 20.808038133], [-99.802911906, 20.807590601], [-99.803088704, 20.807509008], [-99.803560863, 20.807181235], [-99.804091254, 20.806936454], [-99.804387137, 20.80660763], [-99.804802367, 20.805990253], [-99.805099295, 20.805496141], [-99.805220474, 20.804918338], [-99.805166431, 20.8041742], [-99.805578511, 20.80405268], [-99.805993206, 20.803517944], [-99.806171828, 20.803147097], [-99.806291956, 20.802734579], [-99.806527763, 20.80261201], [-99.807350866, 20.80253425], [-99.808055933, 20.802538432], [-99.808995763, 20.802585326], [-99.809700049, 20.802713466], [-99.81064014, 20.802719029], [-99.811640287, 20.802518326], [-99.812170387, 20.802314842], [-99.81276132, 20.801781131], [-99.813470018, 20.80120679], [-99.814059385, 20.800921004], [-99.815178839, 20.800431723], [-99.815708668, 20.80026955], [-99.816355229, 20.800232031], [-99.816941482, 20.800442094], [-99.822379842, 20.795184634], [-99.823147482, 20.794569277], [-99.823737575, 20.794159494], [-99.831618559, 20.78851346], [-99.833120891, 20.787437084], [-99.858795129, 20.787459788], [-99.8600928, 20.786599324], [-99.860566989, 20.785899509], [-99.860981932, 20.785282004], [-99.861635071, 20.784128644], [-99.861816, 20.783344531], [-99.862174896, 20.78227216], [-99.862473315, 20.781488707], [-99.866350281, 20.771675662], [-99.872654476, 20.764655347], [-99.873919302, 20.763246741], [-99.870534309, 20.76380535], [-99.86719465, 20.762928498], [-99.865028716, 20.761806054], [-99.864036919, 20.760313914], [-99.862576587, 20.758655122], [-99.859755104, 20.760593413], [-99.856818568, 20.76186925], [-99.851887264, 20.763388491], [-99.85059873, 20.76293013], [-99.84937016, 20.762099456], [-99.845675264, 20.762214511], [-99.845327678, 20.761013532], [-99.843863405, 20.760513301], [-99.843986442, 20.758899652], [-99.844514358, 20.758859578], [-99.84480992, 20.758198176], [-99.845126689, 20.751577607], [-99.850937251, 20.750060722], [-99.857577675, 20.74593849], [-99.859337323, 20.745777184], [-99.865738676, 20.742854193], [-99.867200797, 20.726800906], [-99.866305071, 20.72641803], [-99.849872835, 20.719392936], [-99.849403669, 20.719433149], [-99.844850083, 20.714042025], [-99.844444893, 20.712592588], [-99.844387009, 20.712385524], [-99.843996723, 20.711819593], [-99.843973454, 20.711785851], [-99.842928996, 20.710271317], [-99.850544324, 20.711862772], [-99.854532411, 20.711375919], [-99.854886902, 20.710590493], [-99.855419353, 20.710425956], [-99.861929149, 20.708414146], [-99.867963316, 20.709545821], [-99.866971286, 20.70821921], [-99.865975579, 20.707968555], [-99.864923247, 20.707138391], [-99.864106121, 20.706101861], [-99.861120784, 20.704853227], [-99.86142865, 20.70059146], [-99.860784566, 20.700382998], [-99.861501463, 20.696494662], [-99.865728123, 20.694683863], [-99.865262755, 20.69364817], [-99.856120603, 20.693088224], [-99.857069444, 20.689945369], [-99.856484605, 20.689571498], [-99.856901995, 20.687544711], [-99.857664402, 20.687422408], [-99.857972059, 20.683243402], [-99.860960535, 20.683457527], [-99.860554998, 20.682090892], [-99.859383783, 20.681798385], [-99.858330372, 20.68134062], [-99.858332249, 20.680802637], [-99.856690851, 20.680881414], [-99.855291899, 20.678684687], [-99.857578987, 20.678317792], [-99.857932525, 20.67778066], [-99.852835121, 20.675599348], [-99.85102699, 20.67482555], [-99.853037774, 20.669698902], [-99.853101489, 20.668250625], [-99.853049306, 20.66642961], [-99.853069347, 20.666042804], [-99.853108285, 20.665291278], [-99.853615269, 20.655505668], [-99.849808696, 20.654792765], [-99.846002139, 20.654079793], [-99.833691477, 20.665170472], [-99.833361229, 20.665469745], [-99.832656149, 20.665964541], [-99.831186306, 20.66724366], [-99.829127479, 20.669307539], [-99.828535461, 20.670919981], [-99.826604636, 20.670045897], [-99.82701871, 20.669012375], [-99.826338381, 20.6681463], [-99.826191377, 20.667959159], [-99.824510462, 20.665819252], [-99.823395224, 20.666271507], [-99.822344686, 20.665110038], [-99.821404944, 20.665645497], [-99.821028781, 20.665207058], [-99.820326625, 20.664388645], [-99.819946045, 20.663945047], [-99.819864577, 20.66398994], [-99.819224418, 20.664342691], [-99.819139017, 20.664389751], [-99.819053615, 20.66443681], [-99.818621944, 20.664674674], [-99.818546708, 20.664716132], [-99.818471471, 20.664757589], [-99.817640366, 20.665215548], [-99.817560023, 20.665259818], [-99.81747968, 20.665304089], [-99.817768507, 20.666422229], [-99.816653596, 20.66679172], [-99.816475596, 20.667370624], [-99.814598298, 20.667862184], [-99.814073686, 20.667115902], [-99.814135735, 20.666205616], [-99.81349358, 20.665541747], [-99.813498125, 20.664341617], [-99.812678127, 20.664215263], [-99.81156998, 20.662805217], [-99.810933991, 20.660527369], [-99.810172776, 20.660359777], [-99.810000435, 20.659448857], [-99.80900671, 20.658784018], [-99.808371252, 20.656382006], [-99.790488012, 20.658774221], [-99.787429839, 20.661496953], [-99.787495159, 20.659800375], [-99.788027337, 20.658601733], [-99.788208382, 20.657277942], [-99.788329677, 20.656243673], [-99.788743162, 20.655417153], [-99.788747577, 20.654299785], [-99.788693554, 20.653140866], [-99.789343229, 20.651859783], [-99.78963966, 20.650991546], [-99.789939027, 20.649378396], [-99.78971557, 20.646605003], [-99.789427807, 20.645279885], [-99.789432219, 20.644162515], [-99.789201262, 20.643292787], [-99.788969164, 20.642712746], [-99.788562749, 20.641759751], [-99.788872257, 20.637580787], [-99.783335896, 20.63766916], [-99.764670608, 20.637965782], [-99.760933567, 20.629417254], [-99.748478682, 20.600918692], [-99.743457951, 20.59684744], [-99.765508727, 20.591873303], [-99.766266918, 20.591702218], [-99.764458176, 20.58995866], [-99.761145361, 20.583658212], [-99.761384977, 20.582375994], [-99.760057197, 20.577695483], [-99.760703382, 20.577242192], [-99.761128494, 20.573601579], [-99.76113124, 20.572939425], [-99.761133987, 20.572277271], [-99.761427525, 20.572112613], [-99.760785314, 20.57161406], [-99.760708088, 20.571080577], [-99.760671438, 20.570827399], [-99.760172531, 20.570775515], [-99.759441984, 20.570699547], [-99.759176962, 20.571050513], [-99.758911933, 20.571401487], [-99.754096421, 20.570711043], [-99.753227196, 20.570565493], [-99.752296144, 20.570428553], [-99.751508286, 20.570312673], [-99.74626853, 20.569541889], [-99.743581658, 20.567816066], [-99.740894594, 20.566091368], [-99.739956457, 20.566376922], [-99.738593573, 20.565440088], [-99.73656954, 20.564048742], [-99.737155748, 20.563926432], [-99.737274843, 20.563471567], [-99.7372752, 20.563388797], [-99.737276625, 20.563057719], [-99.737804975, 20.562769683], [-99.738334034, 20.562316106], [-99.738687391, 20.561861976], [-99.738982534, 20.561324892], [-99.739276787, 20.560994731], [-99.739687106, 20.560913247], [-99.740331866, 20.56079111], [-99.740860557, 20.560420295], [-99.741271405, 20.560214652], [-99.741799206, 20.560050759], [-99.742620189, 20.559805007], [-99.743498851, 20.559766358], [-99.744493411, 20.560017762], [-99.746368571, 20.559775264], [-99.747480091, 20.560068398], [-99.747914053, 20.560150501], [-99.748591966, 20.560278755], [-99.748994941, 20.560541744], [-99.749292832, 20.560736152], [-99.749700696, 20.561234031], [-99.750927968, 20.56185858], [-99.752097207, 20.562358787], [-99.75262274, 20.562732862], [-99.75310276, 20.56326442], [-99.753125083, 20.56328914], [-99.753147406, 20.56331386], [-99.75390704, 20.563730031], [-99.754127013, 20.56371128], [-99.75437575, 20.563690075], [-99.754846195, 20.563236271], [-99.754895346, 20.563167235], [-99.754922717, 20.563128792], [-99.754937598, 20.56310789], [-99.754972209, 20.563059486], [-99.755009555, 20.563007257], [-99.75508185, 20.562905906], [-99.755258937, 20.562575363], [-99.755671156, 20.562038609], [-99.756551556, 20.561586046], [-99.75761555, 20.561747658], [-99.757663624, 20.56175496], [-99.757701801, 20.561782132], [-99.758189168, 20.562129018], [-99.758502639, 20.562320312], [-99.758598099, 20.562378566], [-99.758683564, 20.562356705], [-99.760356987, 20.561928639], [-99.760762684, 20.561772519], [-99.761530203, 20.561476933], [-99.764050601, 20.560987872], [-99.764753392, 20.560989974], [-99.765340246, 20.560702031], [-99.765575874, 20.560371653], [-99.766279174, 20.560249595], [-99.767098753, 20.560334805], [-99.767625164, 20.560501911], [-99.76834208, 20.560530708], [-99.768737744, 20.5605466], [-99.769618773, 20.559928433], [-99.770031272, 20.559308877], [-99.770794651, 20.558814513], [-99.772082913, 20.558859699], [-99.773017426, 20.559483226], [-99.773658949, 20.560147273], [-99.774956144, 20.56003973], [-99.776408974, 20.55929774], [-99.777509948, 20.5582411], [-99.778581294, 20.559458117], [-99.778755486, 20.559831089], [-99.77945777, 20.559957285], [-99.781393921, 20.559093811], [-99.782099028, 20.558516459], [-99.783923318, 20.556328315], [-99.784690607, 20.554840662], [-99.786804496, 20.553439637], [-99.790028897, 20.552579754], [-99.793954865, 20.552011489], [-99.796888328, 20.55065404], [-99.800467524, 20.548884495], [-99.802818156, 20.546780398], [-99.803993367, 20.54574903], [-99.806628394, 20.545797682], [-99.808913654, 20.545431489], [-99.810499679, 20.544152895], [-99.811966344, 20.543453349], [-99.814016846, 20.543210605], [-99.815015177, 20.542468381], [-99.815497847, 20.542202519], [-99.815815758, 20.542027407], [-99.816927313, 20.542366419], [-99.818573359, 20.541549938], [-99.82045232, 20.540983478], [-99.822435339, 20.541037369], [-99.822503351, 20.541039217], [-99.823553067, 20.541915967], [-99.824311741, 20.542459473], [-99.825481925, 20.542798837], [-99.826301701, 20.54292875], [-99.828292663, 20.543232406], [-99.82999207, 20.54328561], [-99.831340072, 20.543294961], [-99.831631882, 20.543503988], [-99.832332476, 20.543964253], [-99.833032581, 20.544507313], [-99.833966883, 20.545093391], [-99.834550518, 20.545511436], [-99.835310231, 20.545889295], [-99.835955183, 20.545852349], [-99.836543735, 20.545442404], [-99.837541813, 20.545159483], [-99.838772611, 20.545167967], [-99.839123533, 20.545294587], [-99.839709139, 20.545381421], [-99.840237357, 20.545260854], [-99.840764109, 20.54538868], [-99.841287444, 20.546096093], [-99.841930931, 20.546307519], [-99.842810079, 20.546313558], [-99.844159808, 20.546033014], [-99.844631604, 20.545539439], [-99.844846233, 20.545091672], [-99.844868961, 20.545044257], [-99.845340266, 20.544633479], [-99.845754417, 20.543973904], [-99.846577126, 20.54360693], [-99.848048404, 20.542581975], [-99.848228833, 20.541796594], [-99.848406595, 20.541466603], [-99.848409503, 20.540969814], [-99.848528414, 20.540680821], [-99.849172371, 20.540809423], [-99.849462263, 20.541349613], [-99.849694517, 20.541723805], [-99.850396605, 20.541935601], [-99.851625684, 20.542233788], [-99.852150504, 20.542692772], [-99.852617682, 20.542985759], [-99.853025049, 20.543485341], [-99.853375496, 20.54369473], [-99.854018507, 20.54398891], [-99.854134039, 20.544279501], [-99.854367031, 20.544529489], [-99.854721572, 20.544035091], [-99.855193087, 20.543582888], [-99.855781336, 20.543214278], [-99.856485598, 20.543053458], [-99.857364245, 20.543142221], [-99.858186201, 20.54289939], [-99.858953137, 20.542035173], [-99.859074423, 20.541332184], [-99.859255991, 20.540339798], [-99.859844456, 20.539929776], [-99.860549655, 20.539603343], [-99.861312024, 20.539525698], [-99.861720364, 20.539859663], [-99.862473671, 20.541355174], [-99.862587786, 20.541894153], [-99.862583971, 20.542556537], [-99.862346438, 20.54309314], [-99.862050056, 20.543670747], [-99.861637886, 20.543999167], [-99.860932909, 20.544284205], [-99.859584666, 20.544316484], [-99.859317501, 20.544332642], [-99.858353401, 20.544390946], [-99.858061075, 20.544264763], [-99.857535034, 20.544012793], [-99.85724199, 20.544010805], [-99.856830769, 20.544173618], [-99.85677, 20.544545811], [-99.856593573, 20.544648116], [-99.856417146, 20.54475042], [-99.855948033, 20.544788636], [-99.855185874, 20.54482486], [-99.851267937, 20.553326737], [-99.852791377, 20.553419914], [-99.856379456, 20.551250065], [-99.87000238, 20.557236983], [-99.871113201, 20.557725091], [-99.86974436, 20.56992915], [-99.864774021, 20.569440241], [-99.864308165, 20.568898898], [-99.863489652, 20.568520779], [-99.862670666, 20.568225454], [-99.861151132, 20.567428588], [-99.860680759, 20.567673814], [-99.859917055, 20.567958456], [-99.85880164, 20.568240714], [-99.858096548, 20.568525745], [-99.857216318, 20.568685384], [-99.856943714, 20.568860204], [-99.854980417, 20.570119238], [-99.853197062, 20.574371379], [-99.848984613, 20.572935071], [-99.844989957, 20.574356792], [-99.846935594, 20.577069589], [-99.847257743, 20.577518748], [-99.847655504, 20.579674296], [-99.851490597, 20.585537917], [-99.856159471, 20.589212865], [-99.856038862, 20.589791654], [-99.8557998, 20.590576642], [-99.855796682, 20.591114827], [-99.856561946, 20.590581807], [-99.857032156, 20.590377989], [-99.864340816, 20.589849537], [-99.865114404, 20.590184241], [-99.867955888, 20.590534529], [-99.870797382, 20.590884769], [-99.871853602, 20.590726233], [-99.873154891, 20.590403614], [-99.875847247, 20.591208177], [-99.874616088, 20.59119997], [-99.875660347, 20.593152742], [-99.875833416, 20.593650697], [-99.876060897, 20.594894218], [-99.876059022, 20.595225407], [-99.876409471, 20.595601465], [-99.876525003, 20.595766713], [-99.876641323, 20.595933088], [-99.877403024, 20.596020957], [-99.878046534, 20.596273637], [-99.878633753, 20.59611194], [-99.879269132, 20.596116161], [-99.879982207, 20.596120895], [-99.881089543, 20.596499332], [-99.882908049, 20.597133893], [-99.882909908, 20.596802704], [-99.883320309, 20.59680542], [-99.883265166, 20.596184054], [-99.883443606, 20.595729834], [-99.88373865, 20.595195615], [-99.884094321, 20.594699136], [-99.884329993, 20.594493694], [-99.884333474, 20.593872716], [-99.88392819, 20.592959233], [-99.883814884, 20.592254681], [-99.883993784, 20.591717663], [-99.884406027, 20.591389189], [-99.884701248, 20.59101854], [-99.884762891, 20.590480746], [-99.885823029, 20.58961835], [-99.88664657, 20.589126986], [-99.886894961, 20.58664462], [-99.88859346, 20.586945622], [-99.888944359, 20.585374844], [-99.891183554, 20.584890533], [-99.894234063, 20.584705701], [-99.895058237, 20.584090103], [-99.896526346, 20.583644318], [-99.897226626, 20.5842285], [-99.895841396, 20.589917846], [-99.894167059, 20.596794062], [-99.896212878, 20.597925259], [-99.897089797, 20.598386393], [-99.894602843, 20.602799911], [-99.902147585, 20.606243958], [-99.900772883, 20.610995989], [-99.905805446, 20.612850282], [-99.908337542, 20.616924376], [-99.908622456, 20.617382781], [-99.909554647, 20.618882581], [-99.910119257, 20.619790962], [-99.912630725, 20.62383142], [-99.912822483, 20.624139908], [-99.918362305, 20.63305142], [-99.929393819, 20.63183834], [-99.92760762, 20.625865487], [-99.931774947, 20.625146724], [-99.932293507, 20.626888779], [-99.933050138, 20.627969947], [-99.938371611, 20.619640841], [-99.941299551, 20.620404428], [-99.945096307, 20.623243362], [-99.946671795, 20.624743577], [-99.947145845, 20.623794355], [-99.947386196, 20.622678076], [-99.948618019, 20.622602959], [-99.94955815, 20.622236223], [-99.950673334, 20.622036168], [-99.951845443, 20.622167653], [-99.952900492, 20.622257004], [-99.953605847, 20.621930189], [-99.954897998, 20.621524209], [-99.955898231, 20.620868018], [-99.956265567, 20.620448404], [-99.955840201, 20.626529001], [-99.955668386, 20.628984993], [-99.961639489, 20.630214725], [-99.964449843, 20.630725311], [-99.966382031, 20.631065984], [-99.968727587, 20.630871772], [-99.971071948, 20.630884074], [-99.970833474, 20.631585102], [-99.971360009, 20.631753102], [-99.971238755, 20.632454744], [-99.971764818, 20.632705362], [-99.97240905, 20.632791355], [-99.973170029, 20.632960577], [-99.974049176, 20.632965171], [-99.974867821, 20.633299927], [-99.975510168, 20.633716381], [-99.976119336, 20.634446642], [-99.978517056, 20.635785939], [-99.991608952, 20.636686505], [-100.012812516, 20.63814292], [-100.0158084, 20.637084083], [-100.016548813, 20.64172501], [-100.008197167, 20.646726688], [-100.00507241, 20.65014435], [-100.004413952, 20.652914156], [-100.006454101, 20.652368514], [-100.013046505, 20.650605174], [-100.029177848, 20.649995035], [-100.029062285, 20.649621787], [-100.062318341, 20.649064925], [-100.062933026, 20.648833409], [-100.079647577, 20.642536921], [-100.078969198, 20.636740018], [-100.078555956, 20.633208497], [-100.077611768, 20.625138834], [-100.067251435, 20.620900532], [-100.066313267, 20.620895326], [-100.063497113, 20.621252248], [-100.064010561, 20.61123685], [-100.064014779, 20.610284725], [-100.063618306, 20.607136284], [-100.065511844, 20.58996673], [-100.065301364, 20.584542437], [-100.063760126, 20.575177914], [-100.070234075, 20.576239375], [-100.075311243, 20.577071641], [-100.084412244, 20.578838561], [-100.087524764, 20.579178691], [-100.091989593, 20.578858444], [-100.095395739, 20.579240685], [-100.095247388, 20.564801692], [-100.105925906, 20.565910066], [-100.105988526, 20.568646246], [-100.115316703, 20.568505759], [-100.132361861, 20.568247751], [-100.136707673, 20.568181701], [-100.141115517, 20.566490914], [-100.144405663, 20.565834689], [-100.149582274, 20.566862627], [-100.150351589, 20.567015378], [-100.154974428, 20.567933185], [-100.15832377, 20.566944914], [-100.161261, 20.566578012], [-100.163553075, 20.565587308], [-100.165860687, 20.565407516], [-100.166167104, 20.56538364], [-100.169250814, 20.565143326], [-100.175421176, 20.56270868], [-100.181408706, 20.5625444], [-100.189459845, 20.562323175], [-100.190868121, 20.56228444], [-100.191837442, 20.564639472], [-100.193619771, 20.568969742], [-100.195113971, 20.57171102]]]]}, "properties": {"state": "Querétaro", "distrito_local": "014", "distrito": "014", "source": "INE Cartografía Electoral", "source_section": "0076"}}, {"type": "Feature", "geometry": {"type": "MultiPolygon", "coordinates": [[[[-99.766266918, 20.591702218], [-99.765508727, 20.591873303], [-99.743457951, 20.59684744], [-99.748478682, 20.600918692], [-99.760933567, 20.629417254], [-99.764670608, 20.637965782], [-99.783335896, 20.63766916], [-99.788872257, 20.637580787], [-99.788562749, 20.641759751], [-99.788969164, 20.642712746], [-99.789201262, 20.643292787], [-99.789432219, 20.644162515], [-99.789427807, 20.645279885], [-99.78971557, 20.646605003], [-99.789939027, 20.649378396], [-99.78963966, 20.650991546], [-99.789343229, 20.651859783], [-99.788693554, 20.653140866], [-99.788747577, 20.654299785], [-99.788743162, 20.655417153], [-99.788329677, 20.656243673], [-99.788208382, 20.657277942], [-99.788027337, 20.658601733], [-99.787495159, 20.659800375], [-99.787429839, 20.661496953], [-99.790488012, 20.658774221], [-99.808371252, 20.656382006], [-99.80900671, 20.658784018], [-99.810000435, 20.659448857], [-99.810172776, 20.660359777], [-99.810933991, 20.660527369], [-99.81156998, 20.662805217], [-99.812678127, 20.664215263], [-99.813498125, 20.664341617], [-99.81349358, 20.665541747], [-99.814135735, 20.666205616], [-99.814073686, 20.667115902], [-99.814598298, 20.667862184], [-99.816475596, 20.667370624], [-99.816653596, 20.66679172], [-99.817768507, 20.666422229], [-99.81747968, 20.665304089], [-99.817560023, 20.665259818], [-99.817640366, 20.665215548], [-99.818471471, 20.664757589], [-99.818546708, 20.664716132], [-99.818621944, 20.664674674], [-99.819053615, 20.66443681], [-99.819139017, 20.664389751], [-99.819224418, 20.664342691], [-99.819864577, 20.66398994], [-99.819946045, 20.663945047], [-99.820326625, 20.664388645], [-99.821028781, 20.665207058], [-99.821404944, 20.665645497], [-99.822344686, 20.665110038], [-99.823395224, 20.666271507], [-99.824510462, 20.665819252], [-99.826191377, 20.667959159], [-99.826338381, 20.6681463], [-99.82701871, 20.669012375], [-99.826604636, 20.670045897], [-99.828535461, 20.670919981], [-99.829127479, 20.669307539], [-99.831186306, 20.66724366], [-99.832656149, 20.665964541], [-99.833361229, 20.665469745], [-99.833691477, 20.665170472], [-99.846002139, 20.654079793], [-99.849808696, 20.654792765], [-99.853615269, 20.655505668], [-99.853108285, 20.665291278], [-99.853069347, 20.666042804], [-99.853049306, 20.66642961], [-99.853101489, 20.668250625], [-99.853037774, 20.669698902], [-99.85102699, 20.67482555], [-99.852835121, 20.675599348], [-99.857932525, 20.67778066], [-99.857578987, 20.678317792], [-99.855291899, 20.678684687], [-99.856690851, 20.680881414], [-99.858332249, 20.680802637], [-99.858330372, 20.68134062], [-99.859383783, 20.681798385], [-99.860554998, 20.682090892], [-99.860960535, 20.683457527], [-99.857972059, 20.683243402], [-99.857664402, 20.687422408], [-99.856901995, 20.687544711], [-99.856484605, 20.689571498], [-99.857069444, 20.689945369], [-99.856120603, 20.693088224], [-99.865262755, 20.69364817], [-99.865728123, 20.694683863], [-99.861501463, 20.696494662], [-99.860784566, 20.700382998], [-99.86142865, 20.70059146], [-99.861120784, 20.704853227], [-99.864106121, 20.706101861], [-99.864923247, 20.707138391], [-99.865975579, 20.707968555], [-99.866971286, 20.70821921], [-99.867963316, 20.709545821], [-99.861929149, 20.708414146], [-99.855419353, 20.710425956], [-99.854886902, 20.710590493], [-99.854532411, 20.711375919], [-99.850544324, 20.711862772], [-99.842928996, 20.710271317], [-99.843973454, 20.711785851], [-99.843996723, 20.711819593], [-99.844387009, 20.712385524], [-99.844444893, 20.712592588], [-99.844850083, 20.714042025], [-99.849403669, 20.719433149], [-99.849872835, 20.719392936], [-99.866305071, 20.72641803], [-99.867200797, 20.726800906], [-99.865738676, 20.742854193], [-99.859337323, 20.745777184], [-99.857577675, 20.74593849], [-99.850937251, 20.750060722], [-99.845126689, 20.751577607], [-99.84480992, 20.758198176], [-99.844514358, 20.758859578], [-99.843986442, 20.758899652], [-99.843863405, 20.760513301], [-99.845327678, 20.761013532], [-99.845675264, 20.762214511], [-99.84937016, 20.762099456], [-99.85059873, 20.76293013], [-99.851887264, 20.763388491], [-99.856818568, 20.76186925], [-99.859755104, 20.760593413], [-99.862576587, 20.758655122], [-99.864036919, 20.760313914], [-99.865028716, 20.761806054], [-99.86719465, 20.762928498], [-99.870534309, 20.76380535], [-99.873919302, 20.763246741], [-99.872654476, 20.764655347], [-99.866350281, 20.771675662], [-99.862473315, 20.781488707], [-99.862174896, 20.78227216], [-99.861816, 20.783344531], [-99.861635071, 20.784128644], [-99.860981932, 20.785282004], [-99.860566989, 20.785899509], [-99.8600928, 20.786599324], [-99.858795129, 20.787459788], [-99.833120891, 20.787437084], [-99.831618559, 20.78851346], [-99.823737575, 20.794159494], [-99.823147482, 20.794569277], [-99.822379842, 20.795184634], [-99.816941482, 20.800442094], [-99.816355229, 20.800232031], [-99.815708668, 20.80026955], [-99.815178839, 20.800431723], [-99.814059385, 20.800921004], [-99.813470018, 20.80120679], [-99.81276132, 20.801781131], [-99.812170387, 20.802314842], [-99.811640287, 20.802518326], [-99.81064014, 20.802719029], [-99.809700049, 20.802713466], [-99.808995763, 20.802585326], [-99.808055933, 20.802538432], [-99.807350866, 20.80253425], [-99.806527763, 20.80261201], [-99.806291956, 20.802734579], [-99.806171828, 20.803147097], [-99.805993206, 20.803517944], [-99.805578511, 20.80405268], [-99.805166431, 20.8041742], [-99.805220474, 20.804918338], [-99.805099295, 20.805496141], [-99.804802367, 20.805990253], [-99.804387137, 20.80660763], [-99.804091254, 20.806936454], [-99.803560863, 20.807181235], [-99.803088704, 20.807509008], [-99.802911906, 20.807590601], [-99.801733863, 20.808038133], [-99.801788154, 20.80874095], [-99.801257753, 20.808985725], [-99.800933926, 20.8090871], [-99.800610097, 20.809188474], [-99.799608836, 20.809554401], [-99.79925049, 20.810461368], [-99.798834171, 20.811244019], [-99.798417584, 20.81206799], [-99.798178591, 20.812686408], [-99.797644477, 20.813509674], [-99.798226803, 20.814339623], [-99.798576993, 20.814713627], [-99.799337455, 20.815255375], [-99.800216497, 20.815632536], [-99.80385841, 20.825117233], [-99.803678185, 20.825736006], [-99.805576095, 20.832276325], [-99.807166204, 20.831748558], [-99.807873756, 20.831380844], [-99.808866797, 20.832337152], [-99.809688236, 20.832548625], [-99.810565582, 20.833214978], [-99.811563331, 20.833427484], [-99.812853882, 20.833807001], [-99.813436631, 20.83459557], [-99.814606293, 20.835511559], [-99.815541928, 20.836260873], [-99.816537376, 20.836845241], [-99.817708623, 20.83751328], [-99.818351987, 20.838012925], [-99.820280303, 20.839801097], [-99.820632923, 20.839803159], [-99.822388316, 20.841053097], [-99.818232079, 20.847805731], [-99.817579122, 20.848834974], [-99.817104028, 20.849617322], [-99.816748027, 20.85015243], [-99.816331957, 20.850893799], [-99.816092723, 20.851553559], [-99.815441547, 20.852293546], [-99.814791141, 20.852909566], [-99.814257762, 20.853608918], [-99.81402007, 20.854020749], [-99.813663012, 20.854721136], [-99.813424798, 20.855215608], [-99.81312677, 20.855875019], [-99.812652928, 20.856450748], [-99.812181159, 20.856695906], [-99.810048555, 20.859327989], [-99.806854468, 20.862490962], [-99.805960771, 20.864386519], [-99.809652698, 20.866330141], [-99.824299583, 20.874039719], [-99.838718131, 20.871395722], [-99.843829928, 20.87179685], [-99.846713281, 20.874296027], [-99.861491652, 20.887103221], [-99.881436211, 20.904775454], [-99.87467217, 20.905192834], [-99.86967461, 20.905165206], [-99.873918665, 20.923411621], [-99.863921596, 20.923480179], [-99.832223865, 20.923837811], [-99.80536141, 20.919358877], [-99.79010582, 20.916813211], [-99.796059984, 20.923667107], [-99.795797114, 20.928004417], [-99.801797713, 20.936924482], [-99.806249889, 20.949016993], [-99.79894216, 20.951329083], [-99.796993686, 20.95251584], [-99.789159477, 20.954328514], [-99.7685353, 20.951352305], [-99.749696237, 20.948631404], [-99.741061357, 20.947069537], [-99.741115291, 20.947772058], [-99.741111561, 20.948309122], [-99.740752945, 20.949134005], [-99.740278708, 20.949669242], [-99.740035127, 20.950866394], [-99.739794702, 20.951609107], [-99.739553988, 20.952393132], [-99.739080598, 20.952804428], [-99.73890128, 20.953216868], [-99.739192193, 20.95367245], [-99.739129355, 20.954250598], [-99.739008851, 20.954663266], [-99.739062206, 20.955448434], [-99.739350538, 20.95627583], [-99.739639736, 20.956979287], [-99.739929797, 20.957558805], [-99.74004054, 20.958550764], [-99.740212111, 20.959253763], [-99.740148414, 20.959955848], [-99.740201491, 20.960782327], [-99.740253708, 20.961732744], [-99.740191732, 20.962186954], [-99.739951005, 20.962970979], [-99.739593499, 20.963630609], [-99.739353053, 20.964373321], [-99.738932699, 20.965611097], [-99.736937151, 20.964983621], [-99.736058317, 20.964484427], [-99.73559007, 20.964152088], [-99.735296551, 20.964068313], [-99.73518122, 20.963737353], [-99.735182662, 20.96353079], [-99.735360848, 20.963283604], [-99.735714625, 20.963161046], [-99.73601016, 20.962955632], [-99.736305981, 20.962708905], [-99.736485317, 20.962296468], [-99.736135288, 20.961881964], [-99.735726155, 20.961508543], [-99.735317024, 20.96113512], [-99.734848212, 20.960885404], [-99.734142687, 20.960841328], [-99.732199386, 20.961164214], [-99.730676491, 20.960249321], [-99.730272591, 20.959132259], [-99.730277517, 20.958429944], [-99.730223047, 20.957810022], [-99.730404133, 20.957149716], [-99.730583768, 20.956695972], [-99.730763693, 20.956200915], [-99.730826274, 20.955664082], [-99.730476277, 20.955249566], [-99.729889859, 20.954999371], [-99.729302864, 20.9548318], [-99.729130479, 20.954252727], [-99.729194226, 20.953550644], [-99.729197417, 20.953096204], [-99.729434707, 20.952807944], [-99.729614341, 20.952354201], [-99.729499322, 20.951981923], [-99.729384594, 20.951568332], [-99.729211342, 20.951113196], [-99.729097196, 20.950616979], [-99.72898305, 20.950120763], [-99.728871517, 20.949252732], [-99.726401358, 20.949242954], [-99.725812933, 20.949281934], [-99.725398619, 20.949652114], [-99.725043699, 20.949939901], [-99.724395584, 20.95010258], [-99.723925074, 20.950100709], [-99.723573067, 20.949975366], [-99.723398084, 20.949768099], [-99.721807781, 20.950092269], [-99.721102016, 20.95008945], [-99.720631506, 20.950087569], [-99.719692243, 20.949835927], [-99.711874741, 20.965627683], [-99.704460761, 20.965969344], [-99.698986314, 20.966525259], [-99.694169247, 20.98187415], [-99.69253209, 20.988944702], [-99.692286527, 20.990005186], [-99.687238631, 20.988414196], [-99.686822004, 20.989073475], [-99.681029728, 20.984711135], [-99.674223757, 20.994165132], [-99.673639662, 20.994976416], [-99.667229144, 21.003879671], [-99.657566878, 21.014769791], [-99.693583092, 21.022152763], [-99.692776769, 21.026972985], [-99.688861047, 21.049669343], [-99.687931853, 21.054746399], [-99.686966862, 21.060018706], [-99.685304231, 21.069101829], [-99.685066677, 21.069258044], [-99.685041292, 21.069211044], [-99.684265231, 21.069601798], [-99.684401262, 21.069695598], [-99.681426708, 21.071651521], [-99.681226538, 21.071783152], [-99.680937631, 21.071981798], [-99.680851938, 21.072040721], [-99.680110677, 21.072550413], [-99.679097662, 21.073246952], [-99.676437015, 21.075076306], [-99.678851692, 21.075938398], [-99.678837969, 21.075961906], [-99.678329231, 21.076606736], [-99.678370123, 21.076609506], [-99.678508154, 21.076615721], [-99.678856431, 21.076382306], [-99.679393231, 21.07615129], [-99.679397031, 21.076133075], [-99.679622569, 21.076213598], [-99.679547862, 21.076326798], [-99.679695046, 21.076667152], [-99.679946969, 21.076845321], [-99.680075677, 21.076801721], [-99.680579815, 21.076637321], [-99.680699815, 21.076598183], [-99.692037446, 21.080645198], [-99.690964034, 21.085327225], [-99.689323706, 21.092481488], [-99.689951262, 21.092784031], [-99.68952993, 21.094656422], [-99.688734527, 21.098191045], [-99.688643985, 21.102074077], [-99.688306838, 21.116532429], [-99.693981705, 21.117339139], [-99.701776866, 21.118446934], [-99.694573092, 21.137545482], [-99.706138287, 21.159075436], [-99.705960566, 21.159219314], [-99.705782845, 21.159363192], [-99.706242292, 21.161017408], [-99.706891554, 21.160813623], [-99.707719937, 21.160279894], [-99.708429345, 21.159910934], [-99.709020662, 21.159582809], [-99.709612564, 21.159172059], [-99.710144686, 21.158885005], [-99.711263709, 21.158889495], [-99.711673339, 21.159262953], [-99.711788783, 21.159593919], [-99.711904815, 21.159842261], [-99.71213864, 21.160091075], [-99.712489673, 21.160422984], [-99.712606, 21.160630014], [-99.712662551, 21.160960744], [-99.712835137, 21.161539815], [-99.713067501, 21.161995187], [-99.713183537, 21.162243528], [-99.713592595, 21.162699605], [-99.713883861, 21.16315521], [-99.71441072, 21.163611755], [-99.714878684, 21.164068063], [-99.715229147, 21.164482588], [-99.715696239, 21.165062829], [-99.715634417, 21.165475712], [-99.715455675, 21.165764191], [-99.71539356, 21.166218385], [-99.715451289, 21.166383867], [-99.711258903, 21.167854385], [-99.712000822, 21.169235019], [-99.714863283, 21.174561475], [-99.716219978, 21.182622877], [-99.714000694, 21.18377716], [-99.713692459, 21.183937475], [-99.697239774, 21.192493268], [-99.696455871, 21.192900853], [-99.694283701, 21.194030226], [-99.693288677, 21.194507941], [-99.692822458, 21.194731772], [-99.691647356, 21.195289301], [-99.6906354, 21.195810862], [-99.689408821, 21.196442968], [-99.688088295, 21.197123473], [-99.686615603, 21.197883855], [-99.686478274, 21.197953139], [-99.686248626, 21.199914334], [-99.686223383, 21.200129906], [-99.686130984, 21.20092035], [-99.686058435, 21.201540983], [-99.685106353, 21.209676679], [-99.685076744, 21.210926493], [-99.685052811, 21.211936704], [-99.683714055, 21.22157267], [-99.690003842, 21.235260689], [-99.698789332, 21.24146812], [-99.700429366, 21.251635352], [-99.700049496, 21.259227756], [-99.680039866, 21.263476687], [-99.678348575, 21.268619392], [-99.678115088, 21.269282946], [-99.677702035, 21.269406882], [-99.677289692, 21.269696781], [-99.677115105, 21.27031892], [-99.676766106, 21.271604687], [-99.676060637, 21.272433584], [-99.676477073, 21.273097987], [-99.675713397, 21.274134262], [-99.67547794, 21.274341408], [-99.674651269, 21.274464792], [-99.672938307, 21.274586995], [-99.67199346, 21.274710208], [-99.671285308, 21.274916716], [-99.670518948, 21.275330598], [-99.669930018, 21.275786207], [-99.669518871, 21.276366528], [-99.669167861, 21.277195876], [-99.670117473, 21.278192944], [-99.67000299, 21.279064103], [-99.670774299, 21.27981198], [-99.670777643, 21.280600315], [-99.671548965, 21.281348188], [-99.671731167, 21.282510182], [-99.671386677, 21.284874712], [-99.671098801, 21.286658442], [-99.670749281, 21.288111011], [-99.671469893, 21.289353257], [-99.672522295, 21.291167421], [-99.673061173, 21.29513573], [-99.67808628, 21.304222666], [-99.681091494, 21.305333348], [-99.693418994, 21.314653831], [-99.704317099, 21.316864673], [-99.705252129, 21.314051195], [-99.705696677, 21.313403431], [-99.707565308, 21.314545831], [-99.709611354, 21.314872815], [-99.710734769, 21.315048815], [-99.713496785, 21.314770477], [-99.713971092, 21.314285877], [-99.714211123, 21.314010046], [-99.715168677, 21.313757985], [-99.715575415, 21.313757969], [-99.718911046, 21.313917292], [-99.723764015, 21.313644369], [-99.726264431, 21.313503692], [-99.728457169, 21.313380277], [-99.731788185, 21.313192754], [-99.733816938, 21.313078523], [-99.737253123, 21.312884969], [-99.736583031, 21.311744692], [-99.7360084, 21.310955215], [-99.735539462, 21.310497815], [-99.735016831, 21.309753615], [-99.734876769, 21.309484354], [-99.734712923, 21.309521754], [-99.734761369, 21.309262538], [-99.734250538, 21.308280538], [-99.733803923, 21.303981692], [-99.734161154, 21.301443923], [-99.736448692, 21.300234108], [-99.750375042, 21.292867749], [-99.752424738, 21.2917834], [-99.755492892, 21.292147969], [-99.756886062, 21.292077815], [-99.757893569, 21.292140369], [-99.762997708, 21.298173385], [-99.7653392, 21.301434892], [-99.765723477, 21.303350415], [-99.766906846, 21.3034584], [-99.767945077, 21.3048008], [-99.7702636, 21.3067604], [-99.771193692, 21.307451154], [-99.772355108, 21.308023554], [-99.772393969, 21.308201892], [-99.772445369, 21.308596985], [-99.772296154, 21.308862785], [-99.772186277, 21.309261369], [-99.775297862, 21.310893308], [-99.776381923, 21.311409523], [-99.776804615, 21.311610815], [-99.777228, 21.311812431], [-99.777397292, 21.311893031], [-99.777892923, 21.312129046], [-99.778946692, 21.312630831], [-99.778998046, 21.312655277], [-99.779041569, 21.312675985], [-99.779426523, 21.312723231], [-99.779739354, 21.312900662], [-99.779908046, 21.313005769], [-99.7799348, 21.313028169], [-99.780025385, 21.313156292], [-99.780118908, 21.313365723], [-99.780602246, 21.314289308], [-99.780655323, 21.314354354], [-99.780738785, 21.314523062], [-99.780794692, 21.314690877], [-99.781086123, 21.315513954], [-99.784003092, 21.320149569], [-99.787790831, 21.329621723], [-99.7848784, 21.327868508], [-99.784889769, 21.3287528], [-99.784907723, 21.330148154], [-99.784786292, 21.331301123], [-99.784308092, 21.332517708], [-99.780898938, 21.337644985], [-99.777887877, 21.342263615], [-99.777726578, 21.342749523], [-99.777565277, 21.343235431], [-99.777823758, 21.343247351], [-99.77774883, 21.343531079], [-99.777632344, 21.343986082], [-99.77728064, 21.344482756], [-99.777165111, 21.345309902], [-99.777285333, 21.346302124], [-99.777229382, 21.347418635], [-99.777290774, 21.348410936], [-99.777115237, 21.348783321], [-99.776587343, 21.349404283], [-99.776001143, 21.35023207], [-99.775473133, 21.350811679], [-99.774709996, 21.351474304], [-99.773946853, 21.352136926], [-99.773537975, 21.353295261], [-99.773245071, 21.353791848], [-99.77277524, 21.354123274], [-99.772245939, 21.354206683], [-99.771834412, 21.354331282], [-99.771481929, 21.3545385], [-99.771365416, 21.354993499], [-99.771308052, 21.355572467], [-99.771545075, 21.356233742], [-99.771546863, 21.356936679], [-99.771548861, 21.357722315], [-99.771315304, 21.358425567], [-99.770846923, 21.359335878], [-99.770143188, 21.360246501], [-99.769733632, 21.361156731], [-99.769147139, 21.361901797], [-99.768795993, 21.36264655], [-99.768620523, 21.363060276], [-99.768740184, 21.363845756], [-99.769303858, 21.365705734], [-99.769867547, 21.367565708], [-99.76986828, 21.367855153], [-99.769986695, 21.368144441], [-99.770016534, 21.368309799], [-99.770046374, 21.368475157], [-99.77028226, 21.36868159], [-99.770753089, 21.368722312], [-99.771282337, 21.368597558], [-99.771694062, 21.368534983], [-99.772105786, 21.368472407], [-99.772694295, 21.368512966], [-99.773106601, 21.368677809], [-99.773518907, 21.36884265], [-99.77410763, 21.368965902], [-99.774990768, 21.369171451], [-99.775461865, 21.369315533], [-99.775932963, 21.369459614], [-99.776036281, 21.369593858], [-99.776139599, 21.369728102], [-99.776346235, 21.369996591], [-99.776171311, 21.370617069], [-99.776054641, 21.371010047], [-99.775937971, 21.371403025], [-99.775820237, 21.371719753], [-99.775645786, 21.37218906], [-99.77547139, 21.373016283], [-99.775650259, 21.373925724], [-99.775770075, 21.374752546], [-99.775771779, 21.375414133], [-99.775891597, 21.376240955], [-99.776070474, 21.377150395], [-99.776092767, 21.377238231], [-99.77611506, 21.377326068], [-99.776159646, 21.377501741], [-99.776248819, 21.377853088], [-99.775955452, 21.378184283], [-99.775780944, 21.378970158], [-99.775691261, 21.379644805], [-99.775665493, 21.37983865], [-99.775667091, 21.380458887], [-99.775315618, 21.381079605], [-99.774906147, 21.382031195], [-99.774672465, 21.382693101], [-99.77455658, 21.383396196], [-99.774794092, 21.384222858], [-99.775148982, 21.384925312], [-99.775916552, 21.385916646], [-99.776447673, 21.386494808], [-99.776626247, 21.387280199], [-99.777098635, 21.387899788], [-99.776864526, 21.3883963], [-99.776806855, 21.388851221], [-99.776925515, 21.389223201], [-99.777103452, 21.389760496], [-99.777133894, 21.390153271], [-99.777164336, 21.390546047], [-99.777285248, 21.391786356], [-99.777257056, 21.392261911], [-99.777228863, 21.392737465], [-99.776878974, 21.393978422], [-99.776233329, 21.394640896], [-99.775763377, 21.394972333], [-99.775058125, 21.395345439], [-99.774941808, 21.395883137], [-99.774885939, 21.39704099], [-99.774768874, 21.397289245], [-99.77465181, 21.3975375], [-99.77447685, 21.398157976], [-99.774243143, 21.398819881], [-99.773458717, 21.400049652], [-99.773514868, 21.400463173], [-99.773452978, 21.400937953], [-99.773391089, 21.401412732], [-99.773207421, 21.402527196], [-99.772965997, 21.403476037], [-99.77278446, 21.40425997], [-99.772367367, 21.405083785], [-99.772069517, 21.405660419], [-99.772125667, 21.406073941], [-99.772652662, 21.406449016], [-99.773002659, 21.406905647], [-99.773648105, 21.407157488], [-99.774530976, 21.407080227], [-99.775061178, 21.4069595], [-99.775592177, 21.406714822], [-99.776062489, 21.406758999], [-99.778790468, 21.412633714], [-99.779683652, 21.414557073], [-99.779775969, 21.414755864], [-99.779773452, 21.415148368], [-99.779770934, 21.415540871], [-99.779764574, 21.41653246], [-99.779935754, 21.417359852], [-99.779694883, 21.418226067], [-99.779454805, 21.418968334], [-99.779038241, 21.419709532], [-99.778269503, 21.420324641], [-99.77755879, 21.421064053], [-99.776905569, 21.422010399], [-99.776429889, 21.42279255], [-99.775896972, 21.423326445], [-99.775303891, 21.424066562], [-99.774946921, 21.424684159], [-99.774729039, 21.425254496], [-99.774647713, 21.425467378], [-99.774643881, 21.426061774], [-99.774643185, 21.426169753], [-99.774992438, 21.426750326], [-99.775519782, 21.427084072], [-99.776106758, 21.427294226], [-99.776869429, 21.427629398], [-99.778158928, 21.428380936], [-99.779384044, 21.429999746], [-99.779202779, 21.430742368], [-99.779020716, 21.431608938], [-99.778958438, 21.432145692], [-99.779131225, 21.432725186], [-99.780009214, 21.433432898], [-99.78047829, 21.43368364], [-99.780653202, 21.433932603], [-99.780356918, 21.434261354], [-99.780117614, 21.434879673], [-99.779818149, 21.435704216], [-99.779396775, 21.437189104], [-99.778979367, 21.43805425], [-99.779446867, 21.438552891], [-99.779680883, 21.438760895], [-99.779561359, 21.439049396], [-99.777191221, 21.441638059], [-99.776544022, 21.441634134], [-99.77624984, 21.44163235], [-99.77624798, 21.441921562], [-99.777063192, 21.443248673], [-99.778043527, 21.446353438], [-99.77804114, 21.446725282], [-99.777861972, 21.447137374], [-99.776911262, 21.448577731], [-99.775531904, 21.452618495], [-99.775412095, 21.45294831], [-99.775114167, 21.453524948], [-99.774758193, 21.453977281], [-99.774874013, 21.454267208], [-99.774753137, 21.454762286], [-99.774749944, 21.455258078], [-99.774688175, 21.455712197], [-99.774802666, 21.456208704], [-99.774799473, 21.456704496], [-99.774915828, 21.456911791], [-99.775090227, 21.457243391], [-99.775381781, 21.457658337], [-99.775732712, 21.457991007], [-99.776377327, 21.458408093], [-99.776728527, 21.458699445], [-99.777020885, 21.458990439], [-99.777135917, 21.459404312], [-99.777016638, 21.459651495], [-99.776720562, 21.459938925], [-99.776248219, 21.460183967], [-99.775952937, 21.460347447], [-99.775598013, 21.460634518], [-99.77518451, 21.460879914], [-99.774977093, 21.461105902], [-99.774769675, 21.46133189], [-99.774355637, 21.461659917], [-99.773940531, 21.462153206], [-99.773643911, 21.462523262], [-99.773464713, 21.462935349], [-99.773283915, 21.463595332], [-99.773102583, 21.464337947], [-99.772865068, 21.464667044], [-99.772510395, 21.464912792], [-99.772272078, 21.465365836], [-99.77203376, 21.465818879], [-99.772090205, 21.466191081], [-99.77226381, 21.466646632], [-99.772555376, 21.467061582], [-99.772847743, 21.467352583], [-99.77349186, 21.46785231], [-99.773842811, 21.468184984], [-99.774016424, 21.468640532], [-99.774132256, 21.468930458], [-99.774071279, 21.469260629], [-99.773951454, 21.469590442], [-99.774007906, 21.469962643], [-99.774243829, 21.46988144], [-99.77453993, 21.469594015], [-99.775129735, 21.469391007], [-99.775601578, 21.469228598], [-99.776425707, 21.469192277], [-99.776719147, 21.469318007], [-99.77683578, 21.469483984], [-99.776893036, 21.469732236], [-99.77671437, 21.470061694], [-99.776713839, 21.470144326], [-99.776416414, 21.470638335], [-99.776001291, 21.47113163], [-99.775525988, 21.471831147], [-99.775287404, 21.47232551], [-99.77493059, 21.472901792], [-99.774573772, 21.473478072], [-99.774334385, 21.474096382], [-99.774036412, 21.474673019], [-99.773680652, 21.475084034], [-99.77338374, 21.475495406], [-99.773661218, 21.478100097], [-99.772546514, 21.477556195], [-99.773712083, 21.479339933], [-99.7736519, 21.479546155], [-99.773650037, 21.479835366], [-99.773884379, 21.48000206], [-99.774116859, 21.480457964], [-99.774407661, 21.480996857], [-99.774277188, 21.482979306], [-99.774388244, 21.484012918], [-99.774209822, 21.484301058], [-99.773796783, 21.48446382], [-99.773266569, 21.484543235], [-99.773029024, 21.484872332], [-99.772966441, 21.485450397], [-99.772727562, 21.485986074], [-99.772664178, 21.486688086], [-99.772837012, 21.487267582], [-99.773129688, 21.487517265], [-99.773716106, 21.487851366], [-99.774361649, 21.488144506], [-99.774773102, 21.488229637], [-99.775006396, 21.488561592], [-99.774944883, 21.488974394], [-99.774823717, 21.489510786], [-99.774701753, 21.490171126], [-99.774463139, 21.490665489], [-99.774282847, 21.49124284], [-99.774691917, 21.491699813], [-99.77504293, 21.492032481], [-99.775216577, 21.492488026], [-99.775330572, 21.493067161], [-99.775679465, 21.493730354], [-99.7761482, 21.494063732], [-99.776617468, 21.494314478], [-99.777440412, 21.494484726], [-99.777805036, 21.494732897], [-99.777631455, 21.495808307], [-99.7774585, 21.497090441], [-99.777048984, 21.498125097], [-99.776462733, 21.49920154], [-99.775935676, 21.500360523], [-99.775173427, 21.501726818], [-99.774467619, 21.502266065], [-99.773527489, 21.503302035], [-99.772763585, 21.504130836], [-99.772178647, 21.505662058], [-99.771709496, 21.506490123], [-99.770414724, 21.507237538], [-99.769472187, 21.507487933], [-99.768117577, 21.507946061], [-99.767175891, 21.508485858], [-99.766117391, 21.509398041], [-99.765530036, 21.510143689], [-99.763942003, 21.511429257], [-99.763413343, 21.512092065], [-99.762472829, 21.513045285], [-99.761295017, 21.513502931], [-99.760115917, 21.513547277], [-99.758759743, 21.513467881], [-99.757758648, 21.513883541], [-99.756877523, 21.51500197], [-99.756584531, 21.515622848], [-99.756528091, 21.516491233], [-99.756412212, 21.517194379], [-99.756237972, 21.518104389], [-99.755829209, 21.519469756], [-99.755537282, 21.520462737], [-99.755009029, 21.521290899], [-99.754067328, 21.52187197], [-99.753125262, 21.522329001], [-99.752359123, 21.522454849], [-99.75171138, 21.522745795], [-99.749237362, 21.523578519], [-99.750905821, 21.529693692], [-99.753270583, 21.531838054], [-99.753393759, 21.533656949], [-99.752982428, 21.534154066], [-99.752511653, 21.534485943], [-99.751921992, 21.534487337], [-99.752761367, 21.539322719], [-99.752112384, 21.539200236], [-99.751817605, 21.539200933], [-99.751463916, 21.539243113], [-99.751287843, 21.539532945], [-99.751348354, 21.540070289], [-99.75164379, 21.540276317], [-99.752308602, 21.540299308], [-99.752881572, 21.540108019], [-99.753719267, 21.544281879], [-99.753131595, 21.544986141], [-99.747447582, 21.578365006], [-99.713634298, 21.572569805], [-99.709068321, 21.57203854], [-99.706557165, 21.570948549], [-99.704921313, 21.568908704], [-99.699560466, 21.571711106], [-99.698627985, 21.572198535], [-99.682858523, 21.571433505], [-99.672949947, 21.569481888], [-99.666793561, 21.576987027], [-99.665923179, 21.575284541], [-99.660127932, 21.569485974], [-99.659271314, 21.566337178], [-99.654905619, 21.560749231], [-99.654717735, 21.560508732], [-99.649824585, 21.553147879], [-99.646575745, 21.546876921], [-99.643813888, 21.545321669], [-99.639822879, 21.536398646], [-99.637494574, 21.532781101], [-99.633629886, 21.526422778], [-99.631842409, 21.523481727], [-99.623396169, 21.513409594], [-99.606431408, 21.493173308], [-99.603430424, 21.492133484], [-99.602281345, 21.491280484], [-99.601348724, 21.490031586], [-99.600227577, 21.489937987], [-99.599180952, 21.488274696], [-99.597453072, 21.483835846], [-99.58198752, 21.476318556], [-99.577060545, 21.473923248], [-99.573551416, 21.466343559], [-99.565402745, 21.456968101], [-99.562678351, 21.454987174], [-99.557909396, 21.451519392], [-99.553377073, 21.451122248], [-99.545521098, 21.446098707], [-99.54067788, 21.443505644], [-99.529515725, 21.437702631], [-99.523963716, 21.434200283], [-99.526289648, 21.428234203], [-99.523107658, 21.428237343], [-99.52210539, 21.427824847], [-99.520631303, 21.427082023], [-99.517270906, 21.425762111], [-99.515207721, 21.425102486], [-99.514146114, 21.424317872], [-99.513261442, 21.42365713], [-99.511492172, 21.422376979], [-99.508779573, 21.420601483], [-99.50742347, 21.419858434], [-99.502766878, 21.418373974], [-99.499526728, 21.41887288], [-99.496227861, 21.419578508], [-99.492398835, 21.420449883], [-99.489335894, 21.421444621], [-99.48804084, 21.422644695], [-99.487336001, 21.424795299], [-99.486983703, 21.425994642], [-99.486219951, 21.428186633], [-99.485573816, 21.430171796], [-99.484456413, 21.432322698], [-99.483042989, 21.433150695], [-99.481746572, 21.433151648], [-99.48050962, 21.433690063], [-99.478859383, 21.433443165], [-99.477386015, 21.43327882], [-99.475441626, 21.433528264], [-99.474087343, 21.434645578], [-99.472673876, 21.435514836], [-99.471083023, 21.43576399], [-99.470200289, 21.436601988], [-99.471796935, 21.43775524], [-99.472802154, 21.438455327], [-99.473924802, 21.438989739], [-99.475106448, 21.439523986], [-99.472757634, 21.442713321], [-99.470174143, 21.44631663], [-99.465865533, 21.44570789], [-99.460613478, 21.445225499], [-99.457544468, 21.444820025], [-99.45612782, 21.444575627], [-99.454061713, 21.444167518], [-99.452113872, 21.44384176], [-99.45016577, 21.443433303], [-99.448217546, 21.442983485], [-99.446801861, 21.443028376], [-99.444389135, 21.444894644], [-99.435908425, 21.44946281], [-99.43454998, 21.448970054], [-99.433366069, 21.447691429], [-99.431708551, 21.445876535], [-99.430347068, 21.444391622], [-99.429045886, 21.44331994], [-99.427743956, 21.442000217], [-99.426974251, 21.441092602], [-99.425494242, 21.439401236], [-99.424546323, 21.438080644], [-99.422948898, 21.436554888], [-99.421705695, 21.43511096], [-99.420403527, 21.43366716], [-99.419396829, 21.432388014], [-99.418391274, 21.431480909], [-99.417621931, 21.430655925], [-99.416617022, 21.429955501], [-99.415492409, 21.428676605], [-99.414843056, 21.428512752], [-99.412484076, 21.428683546], [-99.411422927, 21.428892676], [-99.409594206, 21.428855518], [-99.408413854, 21.428651512], [-99.407409856, 21.428240403], [-99.40646485, 21.427829154], [-99.405521671, 21.42803798], [-99.404933988, 21.428783406], [-99.404054873, 21.430728315], [-99.403630085, 21.431803466], [-99.403158583, 21.433171203], [-99.402863953, 21.434165803], [-99.402628243, 21.434953199], [-99.402392659, 21.436030478], [-99.402039075, 21.437190866], [-99.401803484, 21.438268143], [-99.401862924, 21.43922047], [-99.402276585, 21.440420407], [-99.402572029, 21.441206512], [-99.401746154, 21.442078164], [-99.400742939, 21.442329065], [-99.399621594, 21.442373186], [-99.398618251, 21.442334192], [-99.397851262, 21.442957212], [-99.397202407, 21.443828416], [-99.396908039, 21.445609827], [-99.397203671, 21.446892883], [-99.398030294, 21.447677721], [-99.398502883, 21.448670466], [-99.397735877, 21.449334897], [-99.396969035, 21.450413442], [-99.396674313, 21.451366618], [-99.396497939, 21.453064921], [-99.396026121, 21.453977108], [-99.396144724, 21.455343411], [-99.396794519, 21.456625617], [-99.397385336, 21.457990785], [-99.398448511, 21.459686108], [-99.398567177, 21.461135231], [-99.398390534, 21.462170948], [-99.398568178, 21.463495693], [-99.396266455, 21.464370865], [-99.39544023, 21.464786958], [-99.394023586, 21.464873161], [-99.393138066, 21.464626797], [-99.3923704, 21.463841798], [-99.391071618, 21.463389344], [-99.389950154, 21.463557638], [-99.389065035, 21.464387955], [-99.389538041, 21.466540249], [-99.388771109, 21.467784403], [-99.388240798, 21.470477407], [-99.386175533, 21.472842706], [-99.384700814, 21.476076252], [-99.383756827, 21.477734911], [-99.382635493, 21.478689977], [-99.38210489, 21.480927432], [-99.38316826, 21.483244022], [-99.384054474, 21.485312545], [-99.383523561, 21.486597538], [-99.383937349, 21.488211629], [-99.385237041, 21.490776122], [-99.386241254, 21.492388829], [-99.38700917, 21.493546556], [-99.3872462, 21.496030693], [-99.387364908, 21.497811111], [-99.387188466, 21.499757866], [-99.38642123, 21.500670715], [-99.385121984, 21.499762695], [-99.38423613, 21.499102174], [-99.384058772, 21.49839859], [-99.382759852, 21.498401604], [-99.3816382, 21.498859726], [-99.380870806, 21.499358436], [-99.379099662, 21.499776625], [-99.378332303, 21.500440969], [-99.377092676, 21.501396269], [-99.376620504, 21.50201852], [-99.37591228, 21.503096833], [-99.374908868, 21.504341461], [-99.373374206, 21.506249868], [-99.373079235, 21.507244412], [-99.373315821, 21.508817515], [-99.373079911, 21.509894748], [-99.372962283, 21.51171712], [-99.37319879, 21.51295893], [-99.373317334, 21.514697945], [-99.372963381, 21.516023913], [-99.372491209, 21.51689462], [-99.372255292, 21.518013262], [-99.37136997, 21.519754539], [-99.370661633, 21.520874241], [-99.370366674, 21.522117248], [-99.371311842, 21.523523113], [-99.372375186, 21.525135763], [-99.373910676, 21.525587816], [-99.375446174, 21.526039855], [-99.377395173, 21.526905049], [-99.378458743, 21.528973184], [-99.37857728, 21.530422311], [-99.378577659, 21.531706063], [-99.377219909, 21.533531274], [-99.376984322, 21.535768027], [-99.3767486, 21.537549254], [-99.376631059, 21.53957868], [-99.376454503, 21.541773884], [-99.376514569, 21.545335122], [-99.376396974, 21.5471989], [-99.375097982, 21.548527022], [-99.373585826, 21.54906422], [-99.371993326, 21.549604919], [-99.370990614, 21.549937697], [-99.369575316, 21.550519346], [-99.367393867, 21.551598609], [-99.364504824, 21.553009984], [-99.363383775, 21.553260278], [-99.362144427, 21.553428125], [-99.360549865, 21.553224627], [-99.359427607, 21.553020174], [-99.357832183, 21.552485943], [-99.357064266, 21.55232211], [-99.355883198, 21.552200425], [-99.354583735, 21.55195495], [-99.353461601, 21.551791794], [-99.352162895, 21.551835668], [-99.351041299, 21.551879187], [-99.349682809, 21.551633788], [-99.348737157, 21.551222228], [-99.347140946, 21.550357187], [-99.345604315, 21.54969871], [-99.343652981, 21.548462266], [-99.342055996, 21.547266469], [-99.340636245, 21.546111662], [-99.338861587, 21.544668135], [-99.337676786, 21.543016799], [-99.336847132, 21.541736844], [-99.335899429, 21.540457102], [-99.33465546, 21.538723175], [-99.332939982, 21.537279474], [-99.331462684, 21.536662093], [-99.329748974, 21.535921112], [-99.32892154, 21.535509223], [-99.327562637, 21.535015609], [-99.326263272, 21.534728571], [-99.324845256, 21.534193702], [-99.323132397, 21.53378336], [-99.319588845, 21.533045507], [-99.317937865, 21.533833826], [-99.316993775, 21.534000822], [-99.315282291, 21.534169139], [-99.313452455, 21.534213625], [-99.312448177, 21.533884634], [-99.310970331, 21.532977701], [-99.30931513, 21.531947037], [-99.308074855, 21.531659757], [-99.306187804, 21.532489696], [-99.30483359, 21.534021487], [-99.303361006, 21.535429447], [-99.302124891, 21.53700236], [-99.300240044, 21.538865697], [-99.299002946, 21.540025201], [-99.298061361, 21.541349571], [-99.297650878, 21.542590399], [-99.297299605, 21.543913807], [-99.294707188, 21.546232952], [-99.293533108, 21.54757453], [-99.292469794, 21.548239011], [-99.291820045, 21.548447224], [-99.291701846, 21.548695903], [-99.290815629, 21.549608528], [-99.290638415, 21.549691665], [-99.289811505, 21.549775948], [-99.289634161, 21.5502732], [-99.289338494, 21.551391833], [-99.289751786, 21.551888044], [-99.290105799, 21.553088354], [-99.290578075, 21.553874339], [-99.290814008, 21.554950622], [-99.291108935, 21.556275269], [-99.291285896, 21.557061774], [-99.290872271, 21.557600857], [-99.289454421, 21.558431592], [-99.288036888, 21.558227026], [-99.286678412, 21.558063757], [-99.286324026, 21.558022964], [-99.285142583, 21.558356311], [-99.283429431, 21.55898045], [-99.282188966, 21.559148233], [-99.281125623, 21.559522761], [-99.280475807, 21.55973093], [-99.278407876, 21.561225266], [-99.277462513, 21.561930863], [-99.276576143, 21.562802001], [-99.275453521, 21.563590708], [-99.274567129, 21.564461836], [-99.274034815, 21.566119187], [-99.273975572, 21.566533402], [-99.274093022, 21.568189667], [-99.274328685, 21.569680087], [-99.274623597, 21.570756293], [-99.275331951, 21.571997451], [-99.275804177, 21.572866299], [-99.276689852, 21.573900095], [-99.277043765, 21.575224666], [-99.27757481, 21.576797404], [-99.27781054, 21.578246406], [-99.277691937, 21.579406128], [-99.278104837, 21.581020475], [-99.278931629, 21.581723066], [-99.279522265, 21.582053352], [-99.280408116, 21.582838657], [-99.280762254, 21.583707692], [-99.280938859, 21.585405258], [-99.281233626, 21.587102621], [-99.281705606, 21.588882501], [-99.281882394, 21.590124539], [-99.281940845, 21.591863717], [-99.281940173, 21.59372723], [-99.281909301, 21.59414717], [-99.281851546, 21.594932785], [-99.281827869, 21.595254849], [-99.281821427, 21.595342478], [-99.281939067, 21.596791674], [-99.281111097, 21.599029308], [-99.281524002, 21.60089211], [-99.280814645, 21.601845788], [-99.280755179, 21.602881173], [-99.280282025, 21.604165734], [-99.280576916, 21.605614626], [-99.281108416, 21.606359119], [-99.280871813, 21.607063517], [-99.280694279, 21.607809225], [-99.279512326, 21.608391003], [-99.278862465, 21.608143642], [-99.277444784, 21.607110766], [-99.275908902, 21.60620231], [-99.274136353, 21.606122462], [-99.272304579, 21.606373985], [-99.269822116, 21.608283014], [-99.268522034, 21.608657853], [-99.26663063, 21.609986106], [-99.265271359, 21.610526661], [-99.264089321, 21.611108331], [-99.262730213, 21.611276163], [-99.261134685, 21.611568595], [-99.259775717, 21.611446523], [-99.257530907, 21.610414787], [-99.256231063, 21.610251182], [-99.254517448, 21.610378091], [-99.252094634, 21.610754544], [-99.250794055, 21.61187465], [-99.248961802, 21.612747087], [-99.247484432, 21.612997798], [-99.246538708, 21.613496163], [-99.245297355, 21.614284846], [-99.243937602, 21.615404987], [-99.242517929, 21.617808958], [-99.242517512, 21.61847154], [-99.242397893, 21.620749341], [-99.241805999, 21.622282437], [-99.240564225, 21.623568022], [-99.238849625, 21.624937111], [-99.237726375, 21.625642742], [-99.235479702, 21.627261038], [-99.233848554, 21.62921026], [-99.233373714, 21.629993593], [-99.233136495, 21.630323329], [-99.232662324, 21.630900227], [-99.232188285, 21.631435836], [-99.231361117, 21.631640312], [-99.229885376, 21.631595518], [-99.228350329, 21.631633143], [-99.226755423, 21.631918333], [-99.225690318, 21.63265894], [-99.224977905, 21.633854547], [-99.224915156, 21.634969145], [-99.224970617, 21.63604274], [-99.225202641, 21.637281909], [-99.22543467, 21.638521077], [-99.225191235, 21.6407087], [-99.224181103, 21.642646752], [-99.223531254, 21.642769043], [-99.222642483, 21.643716491], [-99.222461908, 21.644748227], [-99.222576811, 21.645698106], [-99.222336916, 21.646812272], [-99.222039082, 21.647596001], [-99.221031494, 21.648749587], [-99.22073462, 21.649244308], [-99.219784525, 21.650852183], [-99.219429294, 21.651140324], [-99.218184651, 21.652541036], [-99.217888596, 21.652788032], [-99.217472638, 21.653571463], [-99.217175183, 21.654231324], [-99.217231853, 21.654933341], [-99.21728601, 21.656378516], [-99.217282379, 21.657451967], [-99.217454909, 21.658814858], [-99.217568814, 21.660053744], [-99.217802211, 21.660880054], [-99.218212892, 21.661665511], [-99.218679283, 21.663441988], [-99.218617728, 21.664185002], [-99.218674409, 21.664887017], [-99.217665979, 21.666247014], [-99.216483457, 21.666698266], [-99.215124761, 21.666860067], [-99.212347181, 21.667513782], [-99.210751142, 21.668005253], [-99.20915793, 21.667670978], [-99.207505676, 21.66733654], [-99.205677853, 21.666547486], [-99.203907951, 21.666088853], [-99.202196102, 21.665919358], [-99.200307543, 21.665625533], [-99.19847804, 21.665331838], [-99.196882995, 21.66553417], [-99.194991385, 21.666107301], [-99.193749012, 21.666764672], [-99.191855758, 21.66779192], [-99.190553422, 21.668696832], [-99.188600627, 21.669847749], [-99.187415169, 21.671083239], [-99.185874638, 21.672524217], [-99.185158281, 21.674669242], [-99.185625203, 21.676198093], [-99.18674158, 21.677769943], [-99.188389767, 21.67926061], [-99.18944906, 21.680295561], [-99.190746356, 21.680835685], [-99.192280323, 21.681252555], [-99.193106512, 21.681419851], [-99.194522819, 21.681712533], [-99.197060025, 21.682338388], [-99.200774045, 21.684205816], [-99.202364974, 21.685242039], [-99.203246233, 21.686565455], [-99.203538364, 21.687474506], [-99.203888552, 21.68867271], [-99.203823469, 21.69040659], [-99.203112463, 21.691065376], [-99.202578772, 21.691683323], [-99.201984866, 21.692631409], [-99.176359823, 21.671633399], [-99.169308481, 21.676533757], [-99.1636795, 21.680280135], [-99.161911497, 21.678744011], [-99.168428012, 21.674752304], [-99.167899336, 21.673799249], [-99.167429633, 21.672887743], [-99.167138137, 21.671728611], [-99.166962837, 21.671148952], [-99.166435054, 21.669947706], [-99.16643912, 21.668789507], [-99.166324242, 21.667837756], [-99.166386837, 21.666845201], [-99.166628788, 21.665274107], [-99.166688767, 21.665026108], [-99.166987933, 21.663992936], [-99.167463402, 21.663249873], [-99.168117344, 21.662176454], [-99.168534128, 21.661309109], [-99.169131115, 21.659615035], [-99.168897294, 21.658869733], [-99.168723159, 21.65795916], [-99.168253357, 21.657089019], [-99.167489345, 21.655845665], [-99.167079097, 21.654851614], [-99.166669145, 21.653774833], [-99.166257892, 21.65307033], [-99.165963685, 21.652697115], [-99.165314863, 21.652322775], [-99.164666191, 21.651907069], [-99.163957982, 21.651615264], [-99.163369149, 21.650992919], [-99.162795535, 21.646068678], [-99.163390481, 21.644953723], [-99.164221379, 21.643963611], [-99.164933775, 21.643055847], [-99.165645436, 21.642354903], [-99.166415752, 21.641778236], [-99.166595952, 21.640951509], [-99.166243833, 21.640247192], [-99.165832185, 21.63966678], [-99.165659401, 21.638383922], [-99.171607499, 21.627358255], [-99.151893556, 21.612769882], [-99.15184473, 21.612733743], [-99.144380243, 21.607208611], [-99.143142356, 21.606418584], [-99.142433956, 21.606250779], [-99.142024021, 21.605256658], [-99.141078531, 21.605294886], [-99.140074873, 21.605084725], [-99.139603734, 21.604669506], [-99.136847258, 21.599158745], [-99.12876734, 21.592012631], [-99.128675067, 21.590278176], [-99.12627994, 21.585566082], [-99.130298211, 21.582437891], [-99.133431886, 21.563989774], [-99.135580273, 21.552750865], [-99.137467867, 21.543335162], [-99.140087189, 21.539734935], [-99.142706382, 21.536134666], [-99.143717427, 21.530330223], [-99.139818968, 21.521138912], [-99.136028819, 21.511408274], [-99.130627454, 21.50079606], [-99.130259333, 21.493899489], [-99.129977554, 21.482247889], [-99.116931633, 21.482597063], [-99.103117312, 21.482917055], [-99.126104645, 21.457053686], [-99.125752265, 21.456184612], [-99.124987597, 21.455935106], [-99.081887558, 21.4373986], [-99.09835184, 21.435069058], [-99.099416809, 21.407465842], [-99.099652862, 21.406888474], [-99.099947895, 21.406476233], [-99.100301878, 21.40655922], [-99.10065585, 21.406765993], [-99.101068821, 21.406972842], [-99.101540788, 21.407221029], [-99.102071773, 21.407262978], [-99.102307738, 21.407634646], [-99.102779696, 21.408047879], [-99.103723687, 21.407966566], [-99.104018482, 21.41081406], [-99.116467389, 21.402205654], [-99.125315558, 21.384225596], [-99.113104867, 21.370553115], [-99.117174699, 21.366968201], [-99.119062086, 21.365196163], [-99.120595531, 21.363176108], [-99.122482893, 21.362600651], [-99.124547141, 21.361406437], [-99.126139532, 21.360417969], [-99.127024161, 21.359593728], [-99.127436957, 21.358892733], [-99.128321493, 21.35724323], [-99.129264995, 21.355676315], [-99.130031593, 21.354563085], [-99.130857138, 21.353284867], [-99.131269856, 21.352212498], [-99.131505644, 21.351181192], [-99.131564521, 21.350314739], [-99.131859294, 21.349407286], [-99.133097697, 21.348748459], [-99.134866853, 21.348007681], [-99.135633557, 21.348214835], [-99.137166869, 21.347968928], [-99.138582254, 21.347887932], [-99.139761731, 21.347765408], [-99.141412907, 21.347106961], [-99.142592328, 21.346736841], [-99.143771637, 21.345830296], [-99.143181665, 21.344633057], [-99.143181457, 21.343560224], [-99.143240311, 21.342941344], [-99.143417101, 21.342281324], [-99.143475928, 21.341538655], [-99.143298827, 21.340589424], [-99.14676086, 21.337364269], [-99.141709529, 21.333506712], [-99.141300667, 21.33168412], [-99.139478255, 21.331391907], [-99.138068604, 21.330354817], [-99.138012663, 21.328491263], [-99.139190253, 21.327457519], [-99.137898368, 21.326337757], [-99.135075278, 21.326789586], [-99.133607421, 21.325421095], [-99.132493556, 21.323307669], [-99.132092098, 21.323123102], [-99.126077059, 21.315152532], [-99.124811346, 21.310749803], [-99.120756035, 21.309874543], [-99.115411877, 21.306305638], [-99.108651551, 21.305881706], [-99.107183136, 21.30509273], [-99.105321169, 21.29407466], [-99.104381748, 21.29341068], [-99.105206871, 21.292210997], [-99.101804874, 21.287940551], [-99.100276183, 21.288103873], [-99.099804272, 21.289014195], [-99.098687659, 21.288846843], [-99.097980746, 21.289673977], [-99.096039407, 21.29045779], [-99.094040703, 21.290454682], [-99.090925384, 21.290284148], [-99.087573765, 21.290734343], [-99.08639626, 21.291684908], [-99.085456312, 21.291352109], [-99.082217787, 21.294121393], [-99.079806966, 21.294407322], [-99.079103605, 21.293329478], [-99.077049706, 21.291462584], [-99.074229291, 21.290795299], [-99.072413906, 21.287272307], [-99.063258205, 21.280092484], [-99.062646666, 21.279539934], [-99.062587485, 21.280200055], [-99.061939249, 21.27966264], [-99.06173105, 21.279391535], [-99.061526809, 21.279125584], [-99.061232101, 21.279042605], [-99.060701604, 21.278959261], [-99.060229979, 21.279082323], [-99.059640319, 21.279576571], [-99.05952233, 21.279823967], [-99.059522129, 21.280360389], [-99.059404109, 21.280690312], [-99.05922714, 21.281020144], [-99.059050202, 21.281267449], [-99.058932133, 21.281721162], [-99.058814095, 21.282092347], [-99.058460277, 21.282421904], [-99.058224371, 21.282710379], [-99.057988495, 21.282916328], [-99.057752635, 21.283081014], [-99.057162983, 21.283492726], [-99.056573702, 21.282955382], [-99.055925328, 21.282789313], [-99.056074903, 21.282294507], [-99.052984366, 21.27827972], [-99.046574741, 21.269952312], [-99.052307094, 21.26344423], [-99.052354132, 21.262534382], [-99.052340836, 21.261501163], [-99.052326477, 21.260385286], [-99.05207664, 21.25923054], [-99.05183372, 21.258613068], [-99.051531002, 21.257913553], [-99.051110285, 21.257173938], [-99.050983248, 21.256431249], [-99.051029229, 21.255438743], [-99.050901662, 21.254654725], [-99.050835489, 21.254076736], [-99.050943392, 21.253331588], [-99.051052357, 21.252669097], [-99.051102056, 21.251965893], [-99.05092001, 21.25151312], [-99.050560173, 21.250938203], [-99.073151398, 21.241265794], [-99.075037025, 21.238660055], [-99.074100456, 21.236794978], [-99.075512904, 21.235720653], [-99.075339779, 21.234105324], [-99.076222358, 21.233527041], [-99.076225433, 21.231953418], [-99.073702985, 21.229754393], [-99.071480913, 21.224284345], [-99.071300429, 21.224206842], [-99.065962328, 21.221914446], [-99.064784892, 21.223030512], [-99.063023148, 21.222530508], [-99.062714844, 21.223040403], [-99.062197729, 21.223895638], [-99.06078734, 21.223395804], [-99.060318807, 21.223229755], [-99.058963754, 21.224966637], [-99.054559232, 21.223799263], [-99.056559198, 21.222767561], [-99.055094228, 21.220860018], [-99.053829092, 21.221969842], [-99.053643078, 21.210626811], [-99.053636074, 21.210199691], [-99.053555978, 21.205314868], [-99.05407856, 21.204854709], [-99.054252576, 21.204687546], [-99.054659321, 21.204352603], [-99.054832804, 21.20414411], [-99.055240611, 21.203891823], [-99.055590768, 21.203722811], [-99.055878482, 21.20326511], [-99.056221712, 21.202558818], [-99.056567069, 21.202017841], [-99.05690976, 21.201270219], [-99.057613788, 21.201221489], [-99.057549744, 21.200808815], [-99.057304233, 21.199984701], [-99.057233262, 21.19903475], [-99.056690465, 21.197924415], [-99.055862105, 21.197437096], [-99.055334763, 21.1975253], [-99.054566718, 21.197161345], [-99.053671148, 21.196013366], [-99.052542342, 21.19499183], [-99.051355904, 21.194053558], [-99.05047259, 21.193856131], [-99.049640027, 21.193038148], [-99.048920648, 21.191888301], [-99.048973522, 21.191433066], [-99.048783599, 21.19036035], [-99.048597392, 21.189576938], [-99.048289527, 21.18846412], [-99.048105978, 21.187887352], [-99.047807664, 21.187518457], [-99.047678053, 21.186569114], [-99.047848343, 21.186112653], [-99.047784864, 21.185741304], [-99.048066203, 21.184787665], [-99.048763259, 21.184201693], [-99.048754771, 21.183540426], [-99.048629932, 21.182963045], [-99.048917627, 21.182505355], [-99.04915192, 21.18246157], [-99.04937507, 21.181549873], [-99.049012755, 21.180768302], [-99.049064032, 21.180189079], [-99.049294608, 21.17985599], [-99.048821254, 21.179571597], [-99.04834366, 21.178956569], [-99.048160652, 21.17842113], [-99.048154288, 21.17792518], [-99.048029456, 21.177347798], [-99.047731164, 21.176978903], [-99.047490517, 21.176526735], [-99.047540739, 21.175864854], [-99.04759255, 21.175326961], [-99.047352437, 21.174916122], [-99.047110735, 21.174381296], [-99.047161487, 21.173760744], [-99.047386756, 21.173014365], [-99.047793961, 21.172720767], [-99.047961053, 21.172016329], [-99.048183134, 21.171021973], [-99.048411045, 21.170482239], [-99.048519431, 21.169778414], [-99.048687578, 21.169156635], [-99.049210579, 21.168737818], [-99.049913925, 21.16864779], [-99.050440106, 21.168476945], [-99.050669067, 21.168019866], [-99.051428453, 21.167722571], [-99.052074686, 21.167757137], [-99.052483462, 21.167587515], [-99.052479742, 21.167298211], [-99.052415196, 21.166844204], [-99.052466455, 21.16626498], [-99.053459031, 21.165841228], [-99.054276567, 21.165501977], [-99.054151722, 21.164924598], [-99.053850781, 21.164349067], [-99.053789423, 21.164143036], [-99.053782509, 21.163605756], [-99.054131509, 21.163354087], [-99.05406696, 21.162900081], [-99.053999752, 21.162239429], [-99.053815149, 21.161580007], [-99.053926694, 21.161124154], [-99.054215926, 21.160790442], [-99.054851488, 21.159998412], [-99.055202606, 21.159912058], [-99.056377613, 21.159982392], [-99.057660956, 21.159348887], [-99.05882263, 21.158385973], [-99.060653982, 21.155818724], [-99.060887916, 21.155362544], [-99.061063198, 21.154947895], [-99.061297226, 21.15453315], [-99.062060747, 21.154449044], [-99.06270687, 21.154406562], [-99.064411995, 21.155025342], [-99.065882142, 21.15564449], [-99.067175863, 21.156181042], [-99.068351901, 21.156634906], [-99.069351602, 21.157047617], [-99.070349335, 21.156631592], [-99.072053029, 21.156628746], [-99.072584741, 21.157870956], [-99.072528376, 21.158865531], [-99.072060467, 21.159736487], [-99.068952851, 21.16231074], [-99.067428573, 21.16368067], [-99.06649061, 21.164552383], [-99.065963702, 21.165340545], [-99.065378328, 21.16625311], [-99.064146867, 21.1672496], [-99.063383958, 21.167623771], [-99.062443147, 21.167293803], [-99.061737445, 21.167004887], [-99.060503458, 21.166924002], [-99.05985843, 21.167463714], [-99.059625239, 21.168251384], [-99.06039267, 21.169824746], [-99.061512063, 21.171148917], [-99.061866513, 21.171977078], [-99.061986238, 21.172929927], [-99.062576681, 21.174172071], [-99.063576871, 21.174750562], [-99.064341078, 21.174915064], [-99.065222018, 21.17474788], [-99.065984861, 21.174332264], [-99.066278148, 21.1741246], [-99.066747308, 21.1737509], [-99.067510142, 21.173335278], [-99.06792064, 21.173003107], [-99.069975668, 21.172419589], [-99.070621174, 21.172087021], [-99.071854814, 21.172002087], [-99.073029697, 21.171917242], [-99.073735643, 21.172288984], [-99.074265929, 21.172909639], [-99.074972083, 21.173364248], [-99.075634667, 21.173562327], [-99.0764575, 21.173315233], [-99.077339714, 21.172736941], [-99.077929195, 21.171661219], [-99.078047556, 21.171205889], [-99.0781664, 21.170502089], [-99.077697382, 21.170045783], [-99.077052155, 21.169589182], [-99.07623072, 21.169132285], [-99.074998537, 21.168467637], [-99.074000577, 21.168176079], [-99.073413616, 21.167968032], [-99.072357172, 21.16755213], [-99.071770709, 21.167095609], [-99.071654469, 21.166474238], [-99.071832157, 21.16572913], [-99.072538219, 21.165109152], [-99.073126641, 21.164571796], [-99.074302656, 21.163911192], [-99.075595887, 21.163375011], [-99.076301436, 21.163003486], [-99.076889755, 21.162507528], [-99.077302269, 21.161804218], [-99.077596909, 21.161307768], [-99.077539141, 21.160810733], [-99.077305012, 21.160396227], [-99.077188431, 21.159940505], [-99.077424495, 21.159361135], [-99.078423929, 21.158865855], [-99.079540502, 21.158536409], [-99.080304033, 21.158537668], [-99.081419884, 21.158580913], [-99.082300089, 21.15899647], [-99.083063227, 21.159204774], [-99.083943756, 21.159454677], [-99.084649345, 21.159041706], [-99.085061656, 21.158421199], [-99.085708973, 21.15775966], [-99.086003733, 21.157180373], [-99.086298099, 21.156808142], [-99.086769286, 21.156104903], [-99.087768977, 21.155443922], [-99.088944933, 21.154741804], [-99.089709294, 21.154287494], [-99.09041515, 21.153708853], [-99.091120847, 21.153213031], [-99.092412395, 21.153504952], [-99.093644684, 21.154086651], [-99.094349157, 21.154253401], [-99.095288558, 21.154420514], [-99.096051766, 21.154587348], [-99.097226474, 21.154547757], [-99.098049015, 21.154383381], [-99.098930063, 21.154343325], [-99.09998775, 21.154055065], [-99.10104536, 21.153808211], [-99.101750431, 21.153643637], [-99.102807446, 21.153728064], [-99.103439382, 21.153780749], [-99.104099167, 21.153937072], [-99.104627092, 21.154310571], [-99.105389654, 21.154850066], [-99.106152222, 21.155389558], [-99.106973382, 21.156011957], [-99.10756027, 21.156261299], [-99.108734628, 21.156428686], [-99.110085113, 21.156637736], [-99.111083279, 21.156804847], [-99.111906315, 21.156350523], [-99.112259631, 21.155812687], [-99.11261259, 21.155481909], [-99.112672243, 21.154943645], [-99.112791547, 21.153867117], [-99.112558535, 21.152748664], [-99.11220764, 21.151878509], [-99.111680843, 21.150842449], [-99.111094753, 21.150137594], [-99.11121435, 21.14889542], [-99.111685785, 21.148228928], [-99.112743962, 21.148516962], [-99.114388039, 21.148223747], [-99.116385469, 21.148261326], [-99.118381443, 21.147760207], [-99.119790748, 21.147550271], [-99.121318102, 21.147547275], [-99.123198148, 21.147626441], [-99.124254979, 21.147417165], [-99.1248998, 21.146918644], [-99.125662903, 21.146709942], [-99.12654372, 21.146583875], [-99.127484312, 21.146830614], [-99.128544347, 21.147781533], [-99.129251697, 21.148650281], [-99.129254459, 21.149644757], [-99.129609924, 21.150721396], [-99.130258548, 21.151590258], [-99.131082957, 21.152293016], [-99.131436938, 21.152830976], [-99.132436439, 21.153119005], [-99.133669302, 21.152826438], [-99.135430993, 21.152574216], [-99.136486788, 21.151991935], [-99.137484297, 21.151575514], [-99.139361219, 21.150535717], [-99.140299729, 21.150036528], [-99.141119796, 21.149206088], [-99.141822601, 21.148458761], [-99.142349404, 21.147794673], [-99.142699494, 21.146965207], [-99.142990956, 21.146177299], [-99.143516555, 21.145098842], [-99.144279145, 21.144724311], [-99.145513828, 21.145094642], [-99.146514862, 21.145921262], [-99.147163203, 21.146665751], [-99.148340731, 21.147574859], [-99.149751439, 21.147861911], [-99.150573135, 21.147611535], [-99.151334629, 21.146864044], [-99.152977636, 21.146238964], [-99.153800049, 21.146237191], [-99.154739705, 21.146152287], [-99.155795133, 21.145487013], [-99.156791685, 21.144780423], [-99.157553871, 21.144281523], [-99.15849265, 21.143906543], [-99.15925606, 21.143821999], [-99.160017367, 21.143033032], [-99.160484337, 21.142037525], [-99.161537478, 21.140626359], [-99.162358119, 21.140044435], [-99.163590066, 21.139503032], [-99.165117459, 21.139541078], [-99.167174276, 21.139826546], [-99.168348722, 21.139699605], [-99.169460764, 21.138371131], [-99.170338332, 21.137208925], [-99.171630996, 21.137330315], [-99.173041905, 21.137700047], [-99.174629043, 21.138069365], [-99.17586208, 21.137900801], [-99.177269154, 21.137027404], [-99.177441777, 21.135866779], [-99.177379956, 21.13487244], [-99.177963233, 21.133545123], [-99.178603822, 21.131761868], [-99.179187147, 21.13080163], [-99.179541466, 21.129228366], [-99.180129567, 21.128524992], [-99.180306616, 21.127821182], [-99.180601901, 21.126582596], [-99.182106957, 21.124999568], [-99.182869216, 21.124583426], [-99.183454877, 21.124043383], [-99.183980496, 21.12308911], [-99.184624098, 21.122300307], [-99.185327603, 21.121884292], [-99.189411436, 21.122072547], [-99.19099824, 21.122199838], [-99.191879318, 21.122491414], [-99.192468026, 21.122078415], [-99.193585126, 21.121956309], [-99.194819785, 21.121834418], [-99.196523973, 21.122044705], [-99.197464551, 21.122005065], [-99.198699206, 21.121883146], [-99.199405541, 21.121428931], [-99.200288476, 21.120850805], [-99.200759419, 21.120520383], [-99.201524346, 21.120149093], [-99.202700203, 21.120027036], [-99.2036412, 21.1197803], [-99.204993478, 21.11961714], [-99.205582483, 21.119038446], [-99.206288784, 21.118584203], [-99.20699422, 21.11854408], [-99.207466257, 21.117675279], [-99.207820216, 21.117054736], [-99.208526928, 21.116393422], [-99.20923372, 21.115690693], [-99.209705394, 21.114987535], [-99.209824654, 21.114159501], [-99.209591507, 21.113206592], [-99.2092995, 21.112294988], [-99.209065675, 21.111673377], [-99.209478903, 21.110804463], [-99.211245749, 21.109068329], [-99.211952578, 21.108324176], [-99.212835978, 21.107456098], [-99.21501299, 21.106300435], [-99.216894101, 21.106138121], [-99.21895062, 21.106431632], [-99.22024349, 21.106516722], [-99.221301757, 21.106352918], [-99.222360839, 21.105774985], [-99.223770603, 21.106191551], [-99.224944466, 21.107021824], [-99.22582366, 21.108265708], [-99.227233939, 21.108433771], [-99.227997374, 21.108470936], [-99.229878579, 21.108562501], [-99.230760921, 21.108191279], [-99.23211156, 21.108814737], [-99.232988459, 21.111300953], [-99.233103332, 21.112709167], [-99.234219227, 21.113166566], [-99.235690447, 21.112216524], [-99.236809301, 21.111100238], [-99.238103769, 21.110356946], [-99.239810961, 21.108910307], [-99.240518029, 21.107958974], [-99.241343019, 21.106800767], [-99.241932749, 21.105725001], [-99.242639865, 21.104732247], [-99.243428941, 21.103725097], [-99.244603876, 21.104016874], [-99.245368833, 21.10352115], [-99.246074186, 21.103480865], [-99.247134874, 21.101950295], [-99.248369171, 21.10191084], [-99.249367559, 21.102326542], [-99.25136869, 21.103004416], [-99.252316421, 21.103486008], [-99.252793342, 21.103891989], [-99.253386825, 21.104254925], [-99.254557759, 21.104113559], [-99.255732511, 21.104178669], [-99.256728987, 21.104122504], [-99.257450507, 21.10506183], [-99.258052419, 21.105879013], [-99.259666133, 21.107465945], [-99.260738134, 21.108317408], [-99.26168746, 21.10888154], [-99.262279452, 21.109161851], [-99.262869148, 21.10931827], [-99.263171658, 21.109809445], [-99.264001377, 21.110251428], [-99.26529044, 21.110149529], [-99.266415019, 21.110669705], [-99.267415371, 21.11081996], [-99.268777688, 21.111501792], [-99.270553741, 21.112342642], [-99.271978595, 21.113230051], [-99.272517341, 21.113800282], [-99.272705638, 21.114458386], [-99.272660813, 21.115202604], [-99.272321891, 21.115909926], [-99.271746764, 21.116538175], [-99.271288965, 21.117164663], [-99.270829625, 21.117708556], [-99.270543977, 21.11812592], [-99.270619548, 21.119033564], [-99.271106559, 21.119976347], [-99.271470092, 21.120590515], [-99.272244302, 21.121198523], [-99.272669587, 21.121976994], [-99.273378218, 21.122214208], [-99.274387118, 21.122818683], [-99.275098065, 21.123179778], [-99.276103899, 21.123619057], [-99.276808692, 21.123649773], [-99.277211671, 21.123230636], [-99.27737227, 21.12240206], [-99.277184712, 21.121785259], [-99.277463416, 21.120996216], [-99.277921201, 21.120369713], [-99.278742544, 21.120357361], [-99.279395593, 21.120760617], [-99.279989977, 21.121164754], [-99.280698616, 21.121401937], [-99.282470995, 21.122036178], [-99.283436701, 21.12346741], [-99.283863594, 21.124328446], [-99.284474995, 21.125641088], [-99.284429454, 21.126344011], [-99.284219487, 21.127669033], [-99.28387982, 21.128335081], [-99.283360278, 21.128797299], [-99.283019832, 21.129422049], [-99.282738827, 21.13008721], [-99.282753492, 21.130871842], [-99.283294659, 21.131565925], [-99.284182457, 21.131965625], [-99.284652604, 21.131999846], [-99.285053265, 21.131456801], [-99.285866168, 21.130990154], [-99.286920708, 21.130891629], [-99.287586196, 21.131955595], [-99.287854907, 21.133769091], [-99.28822009, 21.134465814], [-99.28894505, 21.135570184], [-99.289540294, 21.136015583], [-99.290109815, 21.136805106], [-99.291166508, 21.137468115], [-99.292223148, 21.13825535], [-99.292692758, 21.138628236], [-99.293455933, 21.139125469], [-99.294042958, 21.139581219], [-99.29468861, 21.140244046], [-99.295334309, 21.140824048], [-99.295803874, 21.141321159], [-99.296391014, 21.141569845], [-99.299268679, 21.141363832], [-99.300091085, 21.140825775], [-99.301030954, 21.140246344], [-99.302381873, 21.139708457], [-99.302910202, 21.140164157], [-99.303438302, 21.1411582], [-99.303731576, 21.14198652], [-99.304024712, 21.143146129], [-99.304494138, 21.144057327], [-99.305022454, 21.144595841], [-99.305785529, 21.145507129], [-99.306666085, 21.146377038], [-99.307957765, 21.147205656], [-99.308779975, 21.147164492], [-99.309661024, 21.146833462], [-99.310718317, 21.146336834], [-99.311892964, 21.146088699], [-99.312656454, 21.146006088], [-99.313420049, 21.145633596], [-99.314536238, 21.144598615], [-99.315887406, 21.143315221], [-99.317355988, 21.142073256], [-99.318237043, 21.141576538], [-99.319470459, 21.141038487], [-99.320292683, 21.140831623], [-99.321584773, 21.140417803], [-99.322818217, 21.139714084], [-99.323758135, 21.138637594], [-99.324110761, 21.137685212], [-99.32428726, 21.136567148], [-99.324640177, 21.134579486], [-99.325638656, 21.133917109], [-99.326095595, 21.133702406], [-99.327191519, 21.132900289], [-99.327735602, 21.132502065], [-99.328384775, 21.131962164], [-99.329221451, 21.131184649], [-99.329809186, 21.130853219], [-99.330102402, 21.13068787], [-99.330393427, 21.130516916], [-99.330807163, 21.130273879], [-99.330981337, 21.130255011], [-99.33163112, 21.129967402], [-99.33275307, 21.129924273], [-99.333520841, 21.130047498], [-99.333993517, 21.130378451], [-99.334288842, 21.130460924], [-99.334997532, 21.130542773], [-99.33540442, 21.130470735], [-99.335706055, 21.130417332], [-99.336119151, 21.130085046], [-99.337003008, 21.127720619], [-99.337828601, 21.126351261], [-99.339186003, 21.12543712], [-99.340661523, 21.124564244], [-99.342077765, 21.123442702], [-99.342371676, 21.121866854], [-99.342724029, 21.119586135], [-99.343195067, 21.118010011], [-99.343783832, 21.116019125], [-99.343723615, 21.114651114], [-99.343072949, 21.113284021], [-99.342600026, 21.11262143], [-99.341358937, 21.111255243], [-99.341180623, 21.109845954], [-99.342065369, 21.108766687], [-99.343245493, 21.107894246], [-99.344425354, 21.106731593], [-99.344778501, 21.105445851], [-99.345366911, 21.103123296], [-99.346073781, 21.101256588], [-99.347136361, 21.101089087], [-99.34808115, 21.101253427], [-99.349616864, 21.101997232], [-99.350325761, 21.102452139], [-99.352451719, 21.102987688], [-99.354340683, 21.102611523], [-99.355166714, 21.102029776], [-99.356405631, 21.101032775], [-99.357939612, 21.099910909], [-99.358943365, 21.099992177], [-99.359712276, 21.101441931], [-99.359831474, 21.102602551], [-99.360068635, 21.103638602], [-99.360601129, 21.104798538], [-99.361486833, 21.104879985], [-99.364909347, 21.102967215], [-99.365676421, 21.10250989], [-99.367329098, 21.102051063], [-99.368863981, 21.101882624], [-99.370399074, 21.10192146], [-99.37234706, 21.101586452], [-99.374647914, 21.09996562], [-99.376299422, 21.098470267], [-99.377775218, 21.098301851], [-99.378662154, 21.099544022], [-99.378781813, 21.10099483], [-99.380062722, 21.101336374], [-99.380789766, 21.10153023], [-99.382265586, 21.101361775], [-99.383624112, 21.101898298], [-99.384923421, 21.102269086], [-99.3883136, 21.103596928], [-99.389195434, 21.10330638], [-99.389901176, 21.102186029], [-99.390489357, 21.1010242], [-99.391253722, 21.100360238], [-99.391841513, 21.100277179], [-99.39272326, 21.100360026], [-99.393604947, 21.100484366], [-99.394427796, 21.100816166], [-99.396308653, 21.101396732], [-99.396955276, 21.101313639], [-99.397366815, 21.101064621], [-99.39748453, 21.100483725], [-99.397132115, 21.099446511], [-99.396956003, 21.098575229], [-99.39701508, 21.09745496], [-99.397426717, 21.096791031], [-99.398073426, 21.096293023], [-99.398896492, 21.095711998], [-99.399308219, 21.094633154], [-99.399190942, 21.093512916], [-99.398838574, 21.09230974], [-99.398192323, 21.091106616], [-99.398192537, 21.090276794], [-99.398369178, 21.08907352], [-99.398193233, 21.087579872], [-99.397017847, 21.087040694], [-99.395960022, 21.086501488], [-99.395254848, 21.08600371], [-99.394549843, 21.084925053], [-99.394491397, 21.083763311], [-99.394432846, 21.082974988], [-99.394668249, 21.081896181], [-99.394844922, 21.080651418], [-99.394668812, 21.079904605], [-99.394433907, 21.079240783], [-99.393552259, 21.078743044], [-99.392729607, 21.078826129], [-99.392083028, 21.07907517], [-99.391553994, 21.079324191], [-99.390495876, 21.07957324], [-99.389673263, 21.079282952], [-99.389144396, 21.078992581], [-99.388556934, 21.078162829], [-99.388439738, 21.077084072], [-99.388381276, 21.076129781], [-99.388440359, 21.075175476], [-99.388734565, 21.074096669], [-99.38891116, 21.073225331], [-99.389264024, 21.072478445], [-99.389323033, 21.071731596], [-99.389264515, 21.07094327], [-99.389029662, 21.070237948], [-99.38861853, 21.069449665], [-99.388031054, 21.068785875], [-99.387619876, 21.068163554], [-99.387385035, 21.067458229], [-99.386679966, 21.067001904], [-99.385798396, 21.067126472], [-99.385034319, 21.067375498], [-99.384270107, 21.067997941], [-99.383682285, 21.068371418], [-99.382271615, 21.068952419], [-99.381389891, 21.069450386], [-99.380508255, 21.069699401], [-99.379508933, 21.07032184], [-99.379097367, 21.070778272], [-99.378274163, 21.071857097], [-99.377803769, 21.072438002], [-99.376922009, 21.072935946], [-99.374923749, 21.073060513], [-99.373454494, 21.073019076], [-99.372455389, 21.073019105], [-99.371280226, 21.072438253], [-99.370516447, 21.071898879], [-99.369929004, 21.071318009], [-99.369400241, 21.070944592], [-99.368092034, 21.07024614], [-99.36760776, 21.06946882], [-99.366576611, 21.067708608], [-99.366032914, 21.0668909], [-99.365880677, 21.065075699], [-99.366093016, 21.063915761], [-99.366431378, 21.063208254], [-99.366768942, 21.06245945], [-99.367462335, 21.06191165], [-99.36832291, 21.060906851], [-99.369017086, 21.06040034], [-99.37006868, 21.060177416], [-99.371135387, 21.06073911], [-99.372261541, 21.061341179], [-99.373146762, 21.061616532], [-99.373558061, 21.061651424], [-99.374539065, 21.060809948], [-99.375757018, 21.060088692], [-99.376104889, 21.059876718], [-99.376789467, 21.058874624], [-99.377294922, 21.057710092], [-99.377277382, 21.056801581], [-99.377022887, 21.055772846], [-99.376602039, 21.05524241], [-99.375424444, 21.055012949], [-99.37448699, 21.05506889], [-99.373783302, 21.055079871], [-99.372963129, 21.055133975], [-99.372499575, 21.055430363], [-99.371375056, 21.054910887], [-99.370593637, 21.053931664], [-99.370156912, 21.05257529], [-99.369495973, 21.051759418], [-99.368412646, 21.050330495], [-99.367813544, 21.049678887], [-99.367394334, 21.049231019], [-99.366571807, 21.049161203], [-99.365687466, 21.048927111], [-99.364509937, 21.048697572], [-99.364026547, 21.047961535], [-99.363778506, 21.047263147], [-99.363643776, 21.046356454], [-99.363800645, 21.045362613], [-99.364257044, 21.044694582], [-99.364418669, 21.043948516], [-99.364575531, 21.042954674], [-99.363560471, 21.042020358], [-99.362722123, 21.041124599], [-99.3631175, 21.040333594], [-99.36357468, 21.039706861], [-99.364324236, 21.039034273], [-99.36531229, 21.038564515], [-99.366532493, 21.037967214], [-99.367278849, 21.037129429], [-99.368133866, 21.035766286], [-99.36813833, 21.034270529], [-99.368287569, 21.033564406], [-99.368436806, 21.032858282], [-99.368439218, 21.032027344], [-99.368499178, 21.031653491], [-99.368854591, 21.030906062], [-99.369209879, 21.03020018], [-99.369446336, 21.02986808], [-99.369919365, 21.029162334], [-99.369685557, 21.028580402], [-99.368451763, 21.027706466], [-99.368514133, 21.026501674], [-99.368577646, 21.025377581], [-99.368905581, 21.024133216], [-99.369780241, 21.02387174], [-99.371310944, 21.024178355], [-99.373138776, 21.024686864], [-99.376867908, 21.023430703], [-99.377086484, 21.022601117], [-99.377176645, 21.021195216], [-99.377858653, 21.020069227], [-99.379551655, 21.019670985], [-99.381651044, 21.019059824], [-99.384217029, 21.018317403], [-99.384951205, 21.016860099], [-99.385222758, 21.015740511], [-99.384966685, 21.014629191], [-99.384422288, 21.013770239], [-99.383770232, 21.013408675], [-99.382919154, 21.011852273], [-99.383469457, 21.009984767], [-99.383731427, 21.008369627], [-99.384350713, 21.00703805], [-99.385730466, 21.005611936], [-99.387009739, 21.005054868], [-99.388168562, 21.004334445], [-99.389210134, 21.003615855], [-99.389952993, 21.002612786], [-99.38987997, 21.001870376], [-99.38945123, 21.000927006], [-99.389966801, 21.000299283], [-99.390480767, 20.999588966], [-99.390765857, 20.999171402], [-99.391288621, 20.99891534], [-99.391976829, 20.998119665], [-99.3923319, 20.995263785], [-99.392603362, 20.994144184], [-99.392815403, 20.992984207], [-99.392738367, 20.992035317], [-99.393309305, 20.991241478], [-99.393581555, 20.990163171], [-99.393098217, 20.989427211], [-99.392378825, 20.98861234], [-99.392013527, 20.987915831], [-99.391295749, 20.987183548], [-99.391336753, 20.986274111], [-99.391851466, 20.985605086], [-99.392368577, 20.985059948], [-99.392646428, 20.984270715], [-99.393100113, 20.983478719], [-99.39332335, 20.982896887], [-99.394128699, 20.98209936], [-99.395173294, 20.981545919], [-99.395936048, 20.981575229], [-99.396095849, 20.980746539], [-99.395732959, 20.980173925], [-99.395487293, 20.979599466], [-99.395706507, 20.978811151], [-99.395978718, 20.977732839], [-99.395960281, 20.976783027], [-99.395819817, 20.975587281], [-99.395329304, 20.974479659], [-99.394901413, 20.973577595], [-99.394471124, 20.972551641], [-99.394051254, 20.972062537], [-99.393329539, 20.971123779], [-99.392967484, 20.970592454], [-99.39206676, 20.969491269], [-99.39141328, 20.969047136], [-99.390048524, 20.968201081], [-99.389335649, 20.967716564], [-99.388682185, 20.967272421], [-99.38831376, 20.966410716], [-99.388354779, 20.965501277], [-99.388636614, 20.964918531], [-99.389036456, 20.964375242], [-99.389848929, 20.963949401], [-99.390485583, 20.963526317], [-99.391235442, 20.962894909], [-99.391573465, 20.962187349], [-99.391620865, 20.96160828], [-99.391633535, 20.960902705], [-99.391649059, 20.960038099], [-99.392160482, 20.959203887], [-99.392610094, 20.958205409], [-99.392601289, 20.95775115], [-99.392407072, 20.956804097], [-99.391869249, 20.95627553], [-99.391390033, 20.955746042], [-99.390952621, 20.954348409], [-99.390762418, 20.953607835], [-99.390974422, 20.952447856], [-99.391711422, 20.951155703], [-99.392629009, 20.950108564], [-99.393379593, 20.949518442], [-99.394010572, 20.948806271], [-99.394460942, 20.947849084], [-99.394851909, 20.946851521], [-99.395366474, 20.946182485], [-99.395882637, 20.945596039], [-99.396685372, 20.944674611], [-99.3973693, 20.943672431], [-99.398293218, 20.942955632], [-99.399399334, 20.94256643], [-99.400273466, 20.942304803], [-99.400839365, 20.94126316], [-99.40151763, 20.939971889], [-99.402490465, 20.938758588], [-99.403122962, 20.938128977], [-99.404290838, 20.937904004], [-99.405694695, 20.937757915], [-99.405899133, 20.937464572], [-99.40625348, 20.936966346], [-99.406490926, 20.936177176], [-99.406434079, 20.935429269], [-99.405847157, 20.934888587], [-99.405257801, 20.935261941], [-99.404431654, 20.936175178], [-99.403842623, 20.936423886], [-99.403314209, 20.936007894], [-99.40290347, 20.935592016], [-99.402375507, 20.935009832], [-99.401906497, 20.934386157], [-99.401495989, 20.933887181], [-99.401425648, 20.933749795], [-99.40102777, 20.932972673], [-99.401148687, 20.93176792], [-99.401739606, 20.930812918], [-99.403862089, 20.929153117], [-99.404283433, 20.928485665], [-99.405424815, 20.928026219], [-99.406757928, 20.927261603], [-99.408392828, 20.926946606], [-99.409738794, 20.926842708], [-99.411313481, 20.926446017], [-99.412020589, 20.926641372], [-99.413470029, 20.925833553], [-99.415274216, 20.925185337], [-99.415732448, 20.924641057], [-99.415126397, 20.923617935], [-99.414354263, 20.92309315], [-99.413578104, 20.92236188], [-99.413785862, 20.920995391], [-99.414109606, 20.920347885], [-99.414343944, 20.919521242], [-99.414226443, 20.918900898], [-99.414343557, 20.91832219], [-99.414460578, 20.917454055], [-99.414401661, 20.916627051], [-99.414108239, 20.916089184], [-99.413638845, 20.915468407], [-99.41316952, 20.915054361], [-99.412817521, 20.914723153], [-99.412465371, 20.913895784], [-99.412230572, 20.913233946], [-99.41211297, 20.912241481], [-99.412171478, 20.911786741], [-99.412347154, 20.910918679], [-99.412581565, 20.910340117], [-99.412757251, 20.909513402], [-99.412405126, 20.908727379], [-99.41217031, 20.907982847], [-99.412052903, 20.907610582], [-99.411935396, 20.906907542], [-99.412052372, 20.905874021], [-99.413049116, 20.905131017], [-99.41375269, 20.90459438], [-99.414984131, 20.904265121], [-99.416332898, 20.904060037], [-99.417740263, 20.903730973], [-99.418150748, 20.903648776], [-99.419616676, 20.903113034], [-99.420437685, 20.903072671], [-99.421141389, 20.902990817], [-99.422138299, 20.902867961], [-99.422900537, 20.902496742], [-99.423955816, 20.901671052], [-99.424718011, 20.901217133], [-99.425480233, 20.900845903], [-99.426828987, 20.90072343], [-99.427943232, 20.900766063], [-99.428823006, 20.901056499], [-99.430054664, 20.901388679], [-99.43111036, 20.901637957], [-99.432048626, 20.901556324], [-99.432576093, 20.900812679], [-99.433044746, 20.899696847], [-99.434217291, 20.898995266], [-99.435038726, 20.899947151], [-99.435624815, 20.899203562], [-99.435331221, 20.898376305], [-99.435037592, 20.897466354], [-99.434626664, 20.896514926], [-99.434391816, 20.895894465], [-99.434332875, 20.895232854], [-99.434332427, 20.894240535], [-99.435151983, 20.89114045], [-99.435503177, 20.889735054], [-99.435737334, 20.888867034], [-99.436030146, 20.888040425], [-99.436440174, 20.887089905], [-99.436791598, 20.886222013], [-99.4381981, 20.884528344], [-99.4386669, 20.883908656], [-99.438811549, 20.883172193], [-99.439518365, 20.882341814], [-99.440048054, 20.881926771], [-99.44075399, 20.881678159], [-99.441518729, 20.881429608], [-99.441284269, 20.880681256], [-99.440697018, 20.879890965], [-99.440227856, 20.878643625], [-99.439817078, 20.877811958], [-99.439818345, 20.876585653], [-99.439818752, 20.876191071], [-99.439585471, 20.874320562], [-99.439762913, 20.873323282], [-99.440361805, 20.872540164], [-99.440947784, 20.871837903], [-99.442061611, 20.871466981], [-99.442764905, 20.87088888], [-99.442940529, 20.87035156], [-99.443467519, 20.868987681], [-99.443760189, 20.868037018], [-99.443818398, 20.867210146], [-99.444521238, 20.865805104], [-99.444813896, 20.864854439], [-99.44534111, 20.863986715], [-99.445868209, 20.862912255], [-99.446160875, 20.862002935], [-99.446570771, 20.86105239], [-99.447449773, 20.860267721], [-99.448152771, 20.859276131], [-99.448445193, 20.85795334], [-99.448327605, 20.857333017], [-99.447506589, 20.856877349], [-99.446568283, 20.856338861], [-99.446040408, 20.855883493], [-99.445688242, 20.855097535], [-99.445394511, 20.853939516], [-99.446156033, 20.852782609], [-99.447797529, 20.852784325], [-99.448911917, 20.853736457], [-99.449733327, 20.85493636], [-99.450554636, 20.855929524], [-99.451024036, 20.856632899], [-99.451669437, 20.857543184], [-99.452549235, 20.858246971], [-99.453663408, 20.858702909], [-99.454425537, 20.858662328], [-99.455363013, 20.85771229], [-99.456065947, 20.856720669], [-99.456651473, 20.855480848], [-99.457061212, 20.854406239], [-99.45717787, 20.853414034], [-99.456825603, 20.852545405], [-99.456532088, 20.851883568], [-99.456062775, 20.851345595], [-99.455710665, 20.850725045], [-99.455944772, 20.85006373], [-99.456472018, 20.849444052], [-99.457233803, 20.848907298], [-99.457643843, 20.848370195], [-99.458816028, 20.847916531], [-99.460281677, 20.848041997], [-99.46122003, 20.848663104], [-99.46209956, 20.848953375], [-99.463272367, 20.849492002], [-99.464327723, 20.849699735], [-99.465382946, 20.849700729], [-99.4669056, 20.847345392], [-99.467139598, 20.846601369], [-99.468194357, 20.845940799], [-99.469131835, 20.845238768], [-99.470010795, 20.844702066], [-99.4709484, 20.844206758], [-99.47171022, 20.843835328], [-99.472589653, 20.844001506], [-99.474113777, 20.84396152], [-99.475403207, 20.843631888], [-99.476164775, 20.842929664], [-99.476808884, 20.841937908], [-99.477101625, 20.841442004], [-99.477570074, 20.840739518], [-99.478155758, 20.840037133], [-99.478800147, 20.839458837], [-99.479913948, 20.839501139], [-99.480793302, 20.839584583], [-99.481731308, 20.839709417], [-99.482317598, 20.839833951], [-99.483079082, 20.839090351], [-99.484543794, 20.838099251], [-99.484953129, 20.836817845], [-99.485362844, 20.836032597], [-99.485714034, 20.83537134], [-99.486065416, 20.834958162], [-99.486651104, 20.834338442], [-99.487295764, 20.834173581], [-99.487998974, 20.833926071], [-99.488819084, 20.833265187], [-99.489170387, 20.83276931], [-99.489169687, 20.83190103], [-99.488993173, 20.831073956], [-99.488289217, 20.830370496], [-99.487292091, 20.829542755], [-99.486119163, 20.828756211], [-99.485532332, 20.827887448], [-99.485004412, 20.827390852], [-99.484886669, 20.826729208], [-99.484885802, 20.825612847], [-99.485178164, 20.824703462], [-99.485646267, 20.823670182], [-99.485587072, 20.822925893], [-99.485703233, 20.821561548], [-99.485526524, 20.820445041], [-99.485350141, 20.819742002], [-99.485349369, 20.81874968], [-99.485758712, 20.817550963], [-99.486813025, 20.816683548], [-99.487808913, 20.816064159], [-99.488336208, 20.815816507], [-99.489507814, 20.81507321], [-99.490107801, 20.814756107], [-99.490679509, 20.814453946], [-99.491323607, 20.813710217], [-99.491351983, 20.813658689], [-99.491733263, 20.8129663], [-99.492318742, 20.812222521], [-99.493080108, 20.811561571], [-99.493665678, 20.810941828], [-99.493606348, 20.810073501], [-99.493560293, 20.809272924], [-99.493546881, 20.809039787], [-99.493663236, 20.80800621], [-99.49395548, 20.807055463], [-99.494951206, 20.80635334], [-99.496006053, 20.806271458], [-99.497236896, 20.806396436], [-99.498115923, 20.806314408], [-99.499404979, 20.805984601], [-99.499638576, 20.805033801], [-99.499461752, 20.803875962], [-99.499050832, 20.803090067], [-99.497819519, 20.802386247], [-99.496998837, 20.802137544], [-99.496119799, 20.80217822], [-99.495299365, 20.802218937], [-99.493482783, 20.802424261], [-99.492252178, 20.802547336], [-99.491314497, 20.802546594], [-99.490669908, 20.802628775], [-99.489614716, 20.802255809], [-99.488441431, 20.800766379], [-99.488909011, 20.799195579], [-99.490430938, 20.797005423], [-99.491074731, 20.795972268], [-99.492011627, 20.795063382], [-99.492831445, 20.794319786], [-99.493651117, 20.793410799], [-99.494412386, 20.792749844], [-99.496696748, 20.791469853], [-99.498396028, 20.791305756], [-99.499451522, 20.792092137], [-99.500331042, 20.792671647], [-99.501034874, 20.793375063], [-99.501621399, 20.793954349], [-99.502022493, 20.794339524], [-99.502515931, 20.794581721], [-99.502819866, 20.794535804], [-99.503166449, 20.794303106], [-99.503281428, 20.793971353], [-99.503219618, 20.79355787], [-99.503097542, 20.792937819], [-99.502858639, 20.792401224], [-99.500991722, 20.78616311], [-99.500225586, 20.785795142], [-99.499579046, 20.785716163], [-99.498873479, 20.785596142], [-99.497813442, 20.785188499], [-99.496988598, 20.78482086], [-99.49639557, 20.784038016], [-99.496215118, 20.783459685], [-99.495855751, 20.782509935], [-99.49585146, 20.781930575], [-99.496607445, 20.780932927], [-99.497602283, 20.78047188], [-99.498540241, 20.780259469], [-99.499361067, 20.780089124], [-99.500240302, 20.779877047], [-99.50105866, 20.779375631], [-99.501290144, 20.778919041], [-99.501517622, 20.777924473], [-99.501571719, 20.777303385], [-99.501681144, 20.77622674], [-99.501792108, 20.77535701], [-99.50172723, 20.774529697], [-99.502661445, 20.773820669], [-99.50359812, 20.7734427], [-99.504299311, 20.772983342], [-99.505176952, 20.772564327], [-99.505578996, 20.771361801], [-99.505280787, 20.770742788], [-99.504452917, 20.769961354], [-99.50361981, 20.768476406], [-99.503380021, 20.767815661], [-99.503546598, 20.766531754], [-99.504068533, 20.765659604], [-99.50541645, 20.765320589], [-99.506707696, 20.765271595], [-99.507472004, 20.765391235], [-99.50858878, 20.765550177], [-99.509704317, 20.76554358], [-99.510519774, 20.764669674], [-99.511625363, 20.763338812], [-99.513202489, 20.762253453], [-99.514429506, 20.761459854], [-99.515719586, 20.761245258], [-99.516421308, 20.760868617], [-99.517119106, 20.761631902], [-99.518466002, 20.760971222], [-99.51910966, 20.760144698], [-99.519401206, 20.758739093], [-99.519868921, 20.757747067], [-99.520278332, 20.75704443], [-99.520921922, 20.756176552], [-99.521389994, 20.755556643], [-99.522268586, 20.755350456], [-99.523206015, 20.755392382], [-99.524202412, 20.755806459], [-99.524554612, 20.756468222], [-99.525433716, 20.75675818], [-99.526487899, 20.75638669], [-99.527306432, 20.754774652], [-99.527656869, 20.753741189], [-99.528125166, 20.753369343], [-99.528710415, 20.752790831], [-99.529588498, 20.752129792], [-99.530291171, 20.751799423], [-99.53105216, 20.751221003], [-99.532165008, 20.750973553], [-99.532867848, 20.75080856], [-99.533863386, 20.750436993], [-99.534800695, 20.750396162], [-99.535913712, 20.750314075], [-99.536968006, 20.750107909], [-99.537846268, 20.749653563], [-99.538021698, 20.749364229], [-99.538255067, 20.748496071], [-99.538957193, 20.747710852], [-99.539718222, 20.747215089], [-99.540244912, 20.746719201], [-99.541591949, 20.746389118], [-99.542236363, 20.746389445], [-99.543232275, 20.746389945], [-99.544228425, 20.746597173], [-99.544813777, 20.746183994], [-99.545691895, 20.745646915], [-99.545866777, 20.744902759], [-99.545866006, 20.744241212], [-99.545513936, 20.74374488], [-99.545103047, 20.743041786], [-99.545161149, 20.742628347], [-99.54562884, 20.74180164], [-99.546096575, 20.74101628], [-99.546505772, 20.740272236], [-99.546680643, 20.739528079], [-99.547031302, 20.738825353], [-99.54761652, 20.738329471], [-99.547849866, 20.737502647], [-99.547849039, 20.736799753], [-99.547555366, 20.736138065], [-99.547378222, 20.734938925], [-99.547143181, 20.734318612], [-99.546907272, 20.732954056], [-99.546964882, 20.732127149], [-99.547256607, 20.731134966], [-99.547999463, 20.72930808], [-99.546935858, 20.728404139], [-99.546521456, 20.727951446], [-99.545931603, 20.727582597], [-99.545401728, 20.727378917], [-99.544752225, 20.726886274], [-99.54433496, 20.726061131], [-99.544562404, 20.72510789], [-99.544970405, 20.724732932], [-99.545495157, 20.724274488], [-99.545196885, 20.723655542], [-99.544665428, 20.723244946], [-99.544133017, 20.722710199], [-99.543483219, 20.722176168], [-99.543360407, 20.721473377], [-99.543529794, 20.720603262], [-99.543642717, 20.720023185], [-99.543401242, 20.719155579], [-99.5429856, 20.718537345], [-99.542100094, 20.717880593], [-99.541042015, 20.71768012], [-99.539751372, 20.717770728], [-99.539276755, 20.717111482], [-99.539502947, 20.715992715], [-99.539672987, 20.715205369], [-99.539668219, 20.714584625], [-99.539195184, 20.71413227], [-99.538370316, 20.713723438], [-99.537664423, 20.713520803], [-99.536780236, 20.713029553], [-99.53607118, 20.712413082], [-99.535421771, 20.711920401], [-99.535172124, 20.709976825], [-99.535108052, 20.709273671], [-99.534749263, 20.708406762], [-99.53433337, 20.707747122], [-99.534212827, 20.707334003], [-99.533561549, 20.706593016], [-99.532911857, 20.706058942], [-99.532087681, 20.705732843], [-99.531029698, 20.705532307], [-99.52956247, 20.705541156], [-99.529094846, 20.705792283], [-99.528391173, 20.705879258], [-99.527858912, 20.705344489], [-99.52714867, 20.704562447], [-99.526322314, 20.703946639], [-99.52526184, 20.703415002], [-99.524087445, 20.703339276], [-99.523086298, 20.70289004], [-99.521964024, 20.701944903], [-99.521490455, 20.701409731], [-99.520841765, 20.700999759], [-99.517063952, 20.698125341], [-99.515410154, 20.696728088], [-99.514048259, 20.69512216], [-99.512684531, 20.693267922], [-99.511966359, 20.69140985], [-99.510613842, 20.69104539], [-99.509139632, 20.690102247], [-99.508498448, 20.688896676], [-99.508614252, 20.687449606], [-99.508496491, 20.68674662], [-99.508202826, 20.685795425], [-99.507616889, 20.685422882], [-99.506913947, 20.685174295], [-99.50615267, 20.685173745], [-99.505157043, 20.68504898], [-99.504512265, 20.684345606], [-99.504570057, 20.683477356], [-99.505272326, 20.682981702], [-99.505916216, 20.68269274], [-99.505915589, 20.681989836], [-99.505914851, 20.681162891], [-99.506148456, 20.680460157], [-99.507553736, 20.680337127], [-99.508549221, 20.680337838], [-99.509486072, 20.680255806], [-99.51077404, 20.679925932], [-99.511066331, 20.679388621], [-99.510772818, 20.678602819], [-99.510244738, 20.677444727], [-99.509482818, 20.676699941], [-99.508896688, 20.676079318], [-99.508076301, 20.675417178], [-99.507197216, 20.674589603], [-99.506552437, 20.673844887], [-99.505731925, 20.673017346], [-99.505028788, 20.672479318], [-99.504325655, 20.671941287], [-99.503798445, 20.671692814], [-99.50297868, 20.671692206], [-99.502510637, 20.672146677], [-99.501808408, 20.672642319], [-99.501047796, 20.673344651], [-99.500403865, 20.6735509], [-99.499817642, 20.672764856], [-99.499699478, 20.671524346], [-99.500401391, 20.670656586], [-99.501454905, 20.670119867], [-99.502332929, 20.669789747], [-99.503269431, 20.669376972], [-99.503678765, 20.668757066], [-99.503502526, 20.668095378], [-99.502857433, 20.666937173], [-99.502330027, 20.666440611], [-99.501392722, 20.665902392], [-99.500924197, 20.665777996], [-99.500806561, 20.665157696], [-99.500806065, 20.664578833], [-99.501098045, 20.663669412], [-99.501507336, 20.663008163], [-99.50138963, 20.662305169], [-99.501505807, 20.661230225], [-99.50162209, 20.660279323], [-99.501797064, 20.659493855], [-99.503261065, 20.659784382], [-99.50507641, 20.660116502], [-99.507711839, 20.660862667], [-99.508297531, 20.661069823], [-99.508824336, 20.66090481], [-99.509702479, 20.66078139], [-99.510054236, 20.661277806], [-99.510523021, 20.661691609], [-99.511577126, 20.661899082], [-99.512279352, 20.661486096], [-99.512923061, 20.661114414], [-99.513214923, 20.660163627], [-99.513448348, 20.659336841], [-99.513622794, 20.658055193], [-99.513563507, 20.657269554], [-99.513261284, 20.654725728], [-99.513321345, 20.653859632], [-99.513440067, 20.652952368], [-99.513734426, 20.652127832], [-99.51432028, 20.652169861], [-99.515021931, 20.653036973], [-99.515664651, 20.654110236], [-99.516835273, 20.654854222], [-99.518534482, 20.654856456], [-99.52070298, 20.654529312], [-99.521816454, 20.654407014], [-99.523105706, 20.654284934], [-99.524101053, 20.65473992], [-99.524450406, 20.656101498], [-99.525971653, 20.657464564], [-99.527143209, 20.657672276], [-99.532603544, 20.650625936], [-99.533775442, 20.650586126], [-99.534771756, 20.650422356], [-99.536706104, 20.649888496], [-99.536649357, 20.648692282], [-99.53670922, 20.647867427], [-99.536945615, 20.646547827], [-99.537123353, 20.645269403], [-99.537828074, 20.644197843], [-99.539177324, 20.643085805], [-99.540291011, 20.642757158], [-99.541521683, 20.642552381], [-99.541806129, 20.642572743], [-99.542693329, 20.642636251], [-99.543922763, 20.643256383], [-99.545152083, 20.643958998], [-99.546968464, 20.643878598], [-99.548902804, 20.643262111], [-99.552829907, 20.642111631], [-99.553767732, 20.641823948], [-99.554996791, 20.642732724], [-99.556343508, 20.643311649], [-99.55786774, 20.642653368], [-99.558806539, 20.641664472], [-99.560682727, 20.640676576], [-99.562674819, 20.640596199], [-99.564608994, 20.640020785], [-99.565792369, 20.640386071], [-99.56619815, 20.639762767], [-99.566603927, 20.639139461], [-99.566948766, 20.638226839], [-99.56699899, 20.637150514], [-99.567579445, 20.636360577], [-99.568692725, 20.636188086], [-99.570216963, 20.636054404], [-99.571624851, 20.636045592], [-99.572620474, 20.635832428], [-99.573669861, 20.634998146], [-99.57413393, 20.634333072], [-99.574476754, 20.633172138], [-99.574296201, 20.632593881], [-99.57436484, 20.631539208], [-99.574509765, 20.631065209], [-99.574515989, 20.631044851], [-99.574757257, 20.630255746], [-99.575695231, 20.629761715], [-99.576750207, 20.629391533], [-99.577688064, 20.628979985], [-99.578450745, 20.628114553], [-99.579155148, 20.627001586], [-99.579156665, 20.625805447], [-99.578807008, 20.624361492], [-99.578867213, 20.623082917], [-99.579102374, 20.622423204], [-99.578927313, 20.621886834], [-99.578694198, 20.620937945], [-99.578871668, 20.61957699], [-99.579283083, 20.618504985], [-99.579752315, 20.618031105], [-99.580221544, 20.617557223], [-99.580985523, 20.617418522], [-99.581803528, 20.617270009], [-99.583443213, 20.61768402], [-99.584555342, 20.618386248], [-99.586194592, 20.619171448], [-99.587072175, 20.620079673], [-99.589180491, 20.620535305], [-99.591234215, 20.617649922], [-99.591879509, 20.616866821], [-99.592524552, 20.616289948], [-99.593286503, 20.615919407], [-99.593873201, 20.615136248], [-99.593991324, 20.614311428], [-99.594168023, 20.61348666], [-99.593816949, 20.613156382], [-99.593524744, 20.612578677], [-99.593350034, 20.611712353], [-99.592999599, 20.610845873], [-99.593000475, 20.610103442], [-99.593352803, 20.609361322], [-99.594817958, 20.608702672], [-99.595989747, 20.608456217], [-99.596576069, 20.607961772], [-99.597220963, 20.607467374], [-99.597865757, 20.607055467], [-99.598393163, 20.606849688], [-99.598920097, 20.607056369], [-99.600384738, 20.606810134], [-99.601439261, 20.606646036], [-99.602377095, 20.606069373], [-99.603138925, 20.605740036], [-99.604017534, 20.605740761], [-99.604574058, 20.605414856], [-99.604720876, 20.605328877], [-99.605365141, 20.60537065], [-99.605614548, 20.605546615], [-99.60577484, 20.605659706], [-99.606829169, 20.60566056], [-99.607356557, 20.605454754], [-99.607767647, 20.604465177], [-99.608178554, 20.603640583], [-99.608472265, 20.602857141], [-99.608707491, 20.60199116], [-99.609176825, 20.601290349], [-99.609704903, 20.600424599], [-99.610174007, 20.599930016], [-99.610701459, 20.599641708], [-99.611521547, 20.599559858], [-99.612107698, 20.599147853], [-99.612401207, 20.598529389], [-99.612636448, 20.597622157], [-99.612637318, 20.596797235], [-99.612637927, 20.59621979], [-99.612697323, 20.595436159], [-99.612932167, 20.594900141], [-99.613576693, 20.594653161], [-99.614428466, 20.594336376], [-99.614572762, 20.59428271], [-99.615568741, 20.593994745], [-99.616681769, 20.593789355], [-99.617619255, 20.593418842], [-99.618322798, 20.592718182], [-99.619495257, 20.59164665], [-99.619926169, 20.591101426], [-99.620374901, 20.59053365], [-99.620635052, 20.590886645], [-99.621135253, 20.591565356], [-99.621544573, 20.592225591], [-99.622071526, 20.592390956], [-99.623360116, 20.592309388], [-99.6242382, 20.592763719], [-99.624647698, 20.593258961], [-99.624119931, 20.593918525], [-99.623533224, 20.594949259], [-99.623356744, 20.595732809], [-99.623238629, 20.59672263], [-99.62282717, 20.598207194], [-99.623938964, 20.599280383], [-99.624699224, 20.600477055], [-99.626163117, 20.60089054], [-99.627158284, 20.601468673], [-99.628739376, 20.60184097], [-99.630144643, 20.602336873], [-99.631374508, 20.602502679], [-99.632077224, 20.602668129], [-99.632838323, 20.603039845], [-99.634067217, 20.604278025], [-99.634710958, 20.604897131], [-99.635882386, 20.60493913], [-99.637288034, 20.605063759], [-99.638108499, 20.604569324], [-99.639163069, 20.60428126], [-99.639807624, 20.603992937], [-99.640978974, 20.604117392], [-99.641857532, 20.604159171], [-99.643204779, 20.604077489], [-99.644318432, 20.60317074], [-99.645256077, 20.602593849], [-99.646311031, 20.601810792], [-99.647014203, 20.601439985], [-99.648303291, 20.600822033], [-99.650938381, 20.60160718], [-99.651582638, 20.60164878], [-99.652051081, 20.60181402], [-99.65281268, 20.601608205], [-99.653339793, 20.601649735], [-99.653808271, 20.601773724], [-99.654511133, 20.601774099], [-99.655038344, 20.601691887], [-99.65591689, 20.601733595], [-99.656678166, 20.601940221], [-99.657498267, 20.601816907], [-99.658084204, 20.601528487], [-99.658846071, 20.600951434], [-99.659197747, 20.600621646], [-99.659731499, 20.600418464], [-99.659960097, 20.599384656], [-99.660136301, 20.598724811], [-99.660429553, 20.598188763], [-99.660605753, 20.597528918], [-99.660957693, 20.596827914], [-99.661426738, 20.596168213], [-99.661837149, 20.595590974], [-99.662306036, 20.5951375], [-99.662657842, 20.594601476], [-99.663068005, 20.5943542], [-99.663478197, 20.594065678], [-99.664064152, 20.593694747], [-99.665177134, 20.5934478], [-99.66640719, 20.593283393], [-99.667578589, 20.593242687], [-99.668398804, 20.592871849], [-99.669043566, 20.592129716], [-99.669278461, 20.591222415], [-99.669806105, 20.590438982], [-99.670860931, 20.589532042], [-99.671564068, 20.589037401], [-99.672560006, 20.588584129], [-99.673204457, 20.588254438], [-99.674141629, 20.588089852], [-99.675137339, 20.587966531], [-99.676308773, 20.58780203], [-99.677362992, 20.587761212], [-99.67806571, 20.58788523], [-99.678885458, 20.588174274], [-99.679880909, 20.588463382], [-99.68058396, 20.588051196], [-99.679706971, 20.585617362], [-99.679180164, 20.585163454], [-99.678829005, 20.584792105], [-99.678829185, 20.584503385], [-99.679063626, 20.584214757], [-99.679356553, 20.584049889], [-99.680000868, 20.583885157], [-99.680820926, 20.583637999], [-99.681641157, 20.583102117], [-99.682403091, 20.582112507], [-99.68328202, 20.581329166], [-99.683399566, 20.580628032], [-99.683692702, 20.580091946], [-99.683985787, 20.579638351], [-99.684103206, 20.579143446], [-99.684337848, 20.5784836], [-99.684923692, 20.578112601], [-99.685567976, 20.577947849], [-99.686153362, 20.578360513], [-99.686621696, 20.578649398], [-99.687207088, 20.579062058], [-99.687616816, 20.579433411], [-99.688202307, 20.579681085], [-99.689022213, 20.579640117], [-99.690017328, 20.580465362], [-99.690778562, 20.580630594], [-99.691715599, 20.580589651], [-99.692242736, 20.580466082], [-99.692652602, 20.580610572], [-99.693062469, 20.58075506], [-99.694175087, 20.580920387], [-99.69505369, 20.580631934], [-99.695756748, 20.580054706], [-99.695764048, 20.58003289], [-99.695991361, 20.579353601], [-99.695991552, 20.57898239], [-99.695933287, 20.578404935], [-99.69552367, 20.577786129], [-99.694996975, 20.577084795], [-99.694352901, 20.576878371], [-99.694001899, 20.576177088], [-99.694470891, 20.575228582], [-99.694939683, 20.574651286], [-99.695525636, 20.573991533], [-99.695877193, 20.573620427], [-99.696697359, 20.573001985], [-99.697751135, 20.573620975], [-99.69827785, 20.574281055], [-99.698804591, 20.574899887], [-99.699741508, 20.575023885], [-99.700619926, 20.575024124], [-99.701674165, 20.574735686], [-99.701966853, 20.574983237], [-99.702786573, 20.575272169], [-99.703782037, 20.575437405], [-99.70454322, 20.575685068], [-99.705245769, 20.576097695], [-99.706006958, 20.576345352], [-99.706475101, 20.577129128], [-99.70776292, 20.578366792], [-99.708406784, 20.579109357], [-99.70899211, 20.579810661], [-99.709694707, 20.580182024], [-99.710631577, 20.580512188], [-99.711685595, 20.580801125], [-99.712388472, 20.58051255], [-99.712330295, 20.579563892], [-99.712506521, 20.578244073], [-99.712682576, 20.577336708], [-99.713151304, 20.576759364], [-99.712917191, 20.576429354], [-99.715376825, 20.576306089], [-99.716489446, 20.576430027], [-99.717719253, 20.576388996], [-99.718890499, 20.576347947], [-99.720061772, 20.576224399], [-99.721057418, 20.575935836], [-99.721994555, 20.575482276], [-99.722873084, 20.575152439], [-99.723751554, 20.574987579], [-99.724395778, 20.574822685], [-99.725215576, 20.574987773], [-99.726503968, 20.574822952], [-99.72755819, 20.574410622], [-99.728378165, 20.57399826], [-99.729022466, 20.573544631], [-99.729432536, 20.57304973], [-99.729725483, 20.572554815], [-99.729901309, 20.572059889], [-99.73007717, 20.571441226], [-99.73031154, 20.570987551], [-99.730370329, 20.570203895], [-99.730370498, 20.56962646], [-99.730546366, 20.568966551], [-99.730897837, 20.568554132], [-99.730839446, 20.567976691], [-99.731132439, 20.567275548], [-99.731601019, 20.566863138], [-99.732537908, 20.566986958], [-99.733592004, 20.56678082], [-99.734236271, 20.566285927], [-99.734470688, 20.565584774], [-99.734705113, 20.564842376], [-99.735173807, 20.563935013], [-99.73656954, 20.564048742], [-99.738593573, 20.565440088], [-99.739956457, 20.566376922], [-99.740894594, 20.566091368], [-99.743581658, 20.567816066], [-99.74626853, 20.569541889], [-99.751508286, 20.570312673], [-99.752296144, 20.570428553], [-99.753227196, 20.570565493], [-99.754096421, 20.570711043], [-99.758911933, 20.571401487], [-99.759176962, 20.571050513], [-99.759441984, 20.570699547], [-99.760172531, 20.570775515], [-99.760671438, 20.570827399], [-99.760708088, 20.571080577], [-99.760785314, 20.57161406], [-99.761427525, 20.572112613], [-99.761133987, 20.572277271], [-99.76113124, 20.572939425], [-99.761128494, 20.573601579], [-99.760703382, 20.577242192], [-99.760057197, 20.577695483], [-99.761384977, 20.582375994], [-99.761145361, 20.583658212], [-99.764458176, 20.58995866], [-99.766266918, 20.591702218]]]]}, "properties": {"state": "Querétaro", "distrito_local": "015", "distrito": "015", "source": "INE Cartografía Electoral", "source_section": "0035"}}]}