{"type": "FeatureCollection", "features": [{"type": "Feature", "properties": {"state": "Yucatán", "distrito_local": "01", "distrito": "Distrito Electoral Local 01", "cabecera_distrital": "Merida", "fuente_geometria": "IEPAC · Distritación Local 2022"}, "geometry": {"type": "Polygon", "coordinates": [[[-89.625204, 20.962956], [-89.625072, 20.963602], [-89.624691, 20.965476], [-89.624444, 20.96659], [-89.624205, 20.967729], [-89.623007, 20.967521], [-89.622796, 20.968684], [-89.62266, 20.969372], [-89.622572, 20.96981], [-89.622382, 20.970911], [-89.622175, 20.972106], [-89.622011, 20.973051], [-89.621895, 20.973591], [-89.621774, 20.974249], [-89.621705, 20.974662], [-89.621573, 20.975454], [-89.622895, 20.975576], [-89.624229, 20.975656], [-89.623994, 20.976997], [-89.623972, 20.977843], [-89.62407, 20.978283], [-89.624378, 20.979658], [-89.6247, 20.981106], [-89.624986, 20.982391], [-89.625073, 20.982782], [-89.625284, 20.983729], [-89.625415, 20.983792], [-89.625217, 20.984318], [-89.624948, 20.985053], [-89.624318, 20.98674], [-89.624001, 20.987591], [-89.623567, 20.98875], [-89.62311, 20.98997], [-89.62368, 20.990384], [-89.623844, 20.990504], [-89.624752, 20.991164], [-89.625765, 20.991902], [-89.626655, 20.99255], [-89.627531, 20.993183], [-89.628398, 20.99381], [-89.62927, 20.99444], [-89.630169, 20.995088], [-89.630546, 20.995359], [-89.630997, 20.995687], [-89.631347, 20.995942], [-89.632081, 20.996476], [-89.632979, 20.997129], [-89.633172, 20.997271], [-89.633423, 20.997461], [-89.633861, 20.998021], [-89.635757, 20.999504], [-89.636728, 21.000263], [-89.637465, 21.000854], [-89.637733, 21.001069], [-89.638228, 21.001466], [-89.638994, 21.00208], [-89.639415, 21.002417], [-89.640762, 21.00347], [-89.641254, 21.003724], [-89.64147, 21.003836], [-89.642214, 21.004221], [-89.642838, 21.004544], [-89.64315, 21.004705], [-89.643918, 21.005103], [-89.64409, 21.005192], [-89.645016, 21.005671], [-89.645924, 21.006155], [-89.645973, 21.006181], [-89.646728, 21.006583], [-89.646898, 21.006687], [-89.647632, 21.007098], [-89.648402, 21.007556], [-89.649039, 21.008046], [-89.649429, 21.008385], [-89.649724, 21.008646], [-89.649829, 21.008738], [-89.650079, 21.008959], [-89.65042, 21.009259], [-89.650525, 21.009352], [-89.651285, 21.010022], [-89.652058, 21.010704], [-89.652111, 21.010751], [-89.65297, 21.011509], [-89.653325, 21.011048], [-89.653523, 21.010802], [-89.653628, 21.010676], [-89.653782, 21.010504], [-89.653925, 21.010318], [-89.654084, 21.010132], [-89.654209, 21.00997], [-89.654393, 21.009751], [-89.654509, 21.009608], [-89.654683, 21.009406], [-89.654805, 21.009254], [-89.654968, 21.00905], [-89.655127, 21.008875], [-89.655291, 21.008697], [-89.655425, 21.008522], [-89.655711, 21.008176], [-89.65603, 21.007818], [-89.656187, 21.007614], [-89.656328, 21.007459], [-89.656644, 21.007111], [-89.656988, 21.006731], [-89.657263, 21.006398], [-89.65759, 21.006053], [-89.658131, 21.005482], [-89.658507, 21.005085], [-89.658506, 21.004889], [-89.65851, 21.004611], [-89.658507, 21.004127], [-89.658504, 21.003615], [-89.658503, 21.003388], [-89.658501, 21.003091], [-89.6585, 21.002831], [-89.658499, 21.00264], [-89.658497, 21.002206], [-89.658495, 21.001928], [-89.658494, 21.001719], [-89.658492, 21.001266], [-89.659386, 21.001334], [-89.659522, 21.001224], [-89.659393, 21.001068], [-89.658677, 21.000206], [-89.658938, 21.000019], [-89.659052, 20.999936], [-89.659505, 20.999611], [-89.659785, 20.99941], [-89.659981, 20.999269], [-89.660359, 20.998997], [-89.66048, 20.99891], [-89.660715, 20.998742], [-89.660922, 20.998593], [-89.661086, 20.998475], [-89.661384, 20.998261], [-89.661464, 20.998204], [-89.661758, 20.997992], [-89.661805, 20.997959], [-89.66211, 20.997739], [-89.663689, 20.998283], [-89.663951, 20.998373], [-89.663587, 20.997148], [-89.66358, 20.996664], [-89.663594, 20.995694], [-89.66357, 20.994661], [-89.663565, 20.993697], [-89.663578, 20.992672], [-89.663578, 20.991673], [-89.663583, 20.990522], [-89.663587, 20.989628], [-89.663428, 20.989523], [-89.661939, 20.988596], [-89.661068, 20.988069], [-89.660639, 20.987806], [-89.660221, 20.987549], [-89.6592, 20.986923], [-89.658919, 20.98675], [-89.658714, 20.986625], [-89.65848, 20.986481], [-89.658301, 20.986371], [-89.658021, 20.986199], [-89.657578, 20.985928], [-89.657281, 20.985747], [-89.656366, 20.985197], [-89.655538, 20.984682], [-89.654823, 20.984237], [-89.654694, 20.984157], [-89.654035, 20.983754], [-89.653878, 20.983658], [-89.65301, 20.983127], [-89.65244, 20.982778], [-89.652172, 20.982614], [-89.651293, 20.982077], [-89.650567, 20.981633], [-89.650425, 20.981546], [-89.650428, 20.981497], [-89.650432, 20.981445], [-89.650474, 20.980845], [-89.650533, 20.980007], [-89.65059, 20.97918], [-89.650639, 20.978345], [-89.650684, 20.977575], [-89.651582, 20.977627], [-89.651643, 20.976695], [-89.651699, 20.975834], [-89.650806, 20.975776], [-89.650869, 20.974948], [-89.650922, 20.974127], [-89.650966, 20.973296], [-89.651005, 20.972592], [-89.651185, 20.972607], [-89.651299, 20.971518], [-89.651373, 20.970749], [-89.651647, 20.97012], [-89.651288, 20.970035], [-89.65158, 20.969633], [-89.652014, 20.969039], [-89.652631, 20.968192], [-89.653277, 20.967301], [-89.653933, 20.966397], [-89.654484, 20.965593], [-89.654537, 20.965554], [-89.65515, 20.964697], [-89.655388, 20.964419], [-89.656134, 20.964676], [-89.655973, 20.963668], [-89.65583, 20.962848], [-89.655708, 20.962188], [-89.655588, 20.96154], [-89.655548, 20.961328], [-89.655245, 20.959738], [-89.655058, 20.958752], [-89.65504, 20.958658], [-89.654884, 20.957839], [-89.654729, 20.957022], [-89.654573, 20.956202], [-89.654424, 20.955418], [-89.654237, 20.954437], [-89.654996, 20.953866], [-89.655905, 20.953183], [-89.656886, 20.952445], [-89.657289, 20.952142], [-89.656053, 20.951491], [-89.654407, 20.950623], [-89.653842, 20.950325], [-89.653486, 20.950137], [-89.653031, 20.95047], [-89.652654, 20.950747], [-89.652153, 20.950929], [-89.652095, 20.95095], [-89.651177, 20.951538], [-89.650156, 20.952192], [-89.649854, 20.95196], [-89.649903, 20.951825], [-89.649932, 20.951355], [-89.649554, 20.94901], [-89.649414, 20.947966], [-89.649272, 20.947092], [-89.649236, 20.946833], [-89.649177, 20.946453], [-89.649098, 20.945989], [-89.649005, 20.945498], [-89.648968, 20.945286], [-89.648946, 20.945277], [-89.6489, 20.945259], [-89.647858, 20.944839], [-89.647663, 20.944755], [-89.64744, 20.944659], [-89.647203, 20.944558], [-89.646905, 20.94443], [-89.646786, 20.944379], [-89.646687, 20.944337], [-89.646554, 20.94428], [-89.645342, 20.94376], [-89.644681, 20.943476], [-89.643953, 20.943164], [-89.643206, 20.942844], [-89.642498, 20.94254], [-89.641752, 20.94222], [-89.641424, 20.942714], [-89.640743, 20.942652], [-89.639662, 20.942565], [-89.638562, 20.942477], [-89.637493, 20.942391], [-89.636325, 20.942298], [-89.635189, 20.942201], [-89.63484, 20.942171], [-89.633903, 20.942092], [-89.633525, 20.94206], [-89.632751, 20.941994], [-89.632712, 20.941991], [-89.631949, 20.941926], [-89.631321, 20.941873], [-89.631176, 20.941861], [-89.630294, 20.941786], [-89.629473, 20.941717], [-89.628357, 20.941622], [-89.628328, 20.941853], [-89.627256, 20.941742], [-89.626171, 20.94163], [-89.625098, 20.94152], [-89.624034, 20.94141], [-89.623898, 20.942416], [-89.623762, 20.943423], [-89.623627, 20.944422], [-89.623546, 20.94502], [-89.623107, 20.945087], [-89.62243, 20.945191], [-89.622095, 20.945242], [-89.621853, 20.946659], [-89.621912, 20.947138], [-89.622008, 20.947905], [-89.622014, 20.947956], [-89.621876, 20.949049], [-89.621688, 20.950169], [-89.621679, 20.950225], [-89.621383, 20.951285], [-89.621097, 20.952417], [-89.619892, 20.952149], [-89.619644, 20.953275], [-89.619416, 20.954336], [-89.619179, 20.955406], [-89.618937, 20.95651], [-89.618683, 20.95764], [-89.618429, 20.958806], [-89.61819, 20.959906], [-89.617912, 20.961084], [-89.618432, 20.961236], [-89.619027, 20.961411], [-89.62022, 20.961761], [-89.621362, 20.962026], [-89.621522, 20.962046], [-89.622749, 20.962241], [-89.624026, 20.962367], [-89.625298, 20.962493], [-89.625204, 20.962956]]]}}, {"type": "Feature", "properties": {"state": "Yucatán", "distrito_local": "02", "distrito": "Distrito Electoral Local 02", "cabecera_distrital": "Merida", "fuente_geometria": "IEPAC · Distritación Local 2022"}, "geometry": {"type": "Polygon", "coordinates": [[[-89.607967, 21.001791], [-89.607768, 21.002714], [-89.607607, 21.003561], [-89.60745, 21.00439], [-89.607342, 21.004958], [-89.607236, 21.005516], [-89.607127, 21.006092], [-89.607044, 21.006528], [-89.60701, 21.006707], [-89.606936, 21.007097], [-89.607313, 21.007252], [-89.607293, 21.007287], [-89.606713, 21.008328], [-89.606276, 21.009113], [-89.606249, 21.009161], [-89.607163, 21.009377], [-89.607427, 21.00944], [-89.607411, 21.009648], [-89.608269, 21.009787], [-89.608195, 21.010145], [-89.608185, 21.01019], [-89.608085, 21.010673], [-89.607919, 21.011566], [-89.607765, 21.012397], [-89.607607, 21.013235], [-89.607516, 21.013721], [-89.607451, 21.01407], [-89.607295, 21.0149], [-89.607143, 21.015711], [-89.606971, 21.016624], [-89.606916, 21.016917], [-89.607141, 21.016836], [-89.607184, 21.016821], [-89.607095, 21.016958], [-89.607043, 21.01719], [-89.606868, 21.017966], [-89.606821, 21.018174], [-89.606816, 21.018198], [-89.606683, 21.018787], [-89.606647, 21.018949], [-89.606637, 21.018993], [-89.606494, 21.01963], [-89.606446, 21.019843], [-89.606361, 21.02022], [-89.606327, 21.020371], [-89.606258, 21.020675], [-89.606135, 21.021225], [-89.606074, 21.021496], [-89.60604, 21.021645], [-89.605962, 21.021991], [-89.605938, 21.022098], [-89.605984, 21.022278], [-89.605975, 21.022409], [-89.605737, 21.023252], [-89.605557, 21.024017], [-89.605526, 21.024149], [-89.605359, 21.024863], [-89.60531, 21.025073], [-89.605182, 21.02562], [-89.605091, 21.026005], [-89.605015, 21.026331], [-89.6049, 21.02682], [-89.604844, 21.027058], [-89.604661, 21.027834], [-89.604609, 21.028056], [-89.604384, 21.029017], [-89.604149, 21.030014], [-89.604142, 21.030047], [-89.603967, 21.030792], [-89.603925, 21.030972], [-89.603832, 21.031374], [-89.60317, 21.031886], [-89.602495, 21.032408], [-89.601853, 21.032905], [-89.600849, 21.033681], [-89.60037, 21.034052], [-89.599874, 21.034435], [-89.59908, 21.03505], [-89.598728, 21.035304], [-89.598665, 21.03535], [-89.598009, 21.035878], [-89.597328, 21.036404], [-89.59714, 21.037014], [-89.596998, 21.037616], [-89.597881, 21.037934], [-89.598926, 21.038302], [-89.599581, 21.038533], [-89.600029, 21.038694], [-89.60049, 21.038855], [-89.600867, 21.038986], [-89.601963, 21.039392], [-89.602026, 21.039416], [-89.604939, 21.040483], [-89.607703, 21.041495], [-89.609771, 21.042253], [-89.610513, 21.042664], [-89.611565, 21.043231], [-89.613186, 21.044104], [-89.615251, 21.045194], [-89.618186, 21.046774], [-89.618288, 21.046732], [-89.618486, 21.046682], [-89.61866, 21.046693], [-89.618996, 21.046555], [-89.618483, 21.046225], [-89.618579, 21.0446], [-89.618637, 21.043622], [-89.618865, 21.039747], [-89.620549, 21.039968], [-89.620567, 21.039675], [-89.621601, 21.039886], [-89.621954, 21.039915], [-89.622523, 21.039964], [-89.622521, 21.040096], [-89.622523, 21.040744], [-89.62253, 21.040937], [-89.622504, 21.041886], [-89.622467, 21.043236], [-89.622456, 21.043631], [-89.623831, 21.043044], [-89.624703, 21.042695], [-89.625703, 21.042247], [-89.625812, 21.042204], [-89.625823, 21.043328], [-89.624786, 21.043776], [-89.624776, 21.044097], [-89.624757, 21.044722], [-89.624737, 21.045375], [-89.624731, 21.045571], [-89.624716, 21.046041], [-89.624708, 21.046301], [-89.624696, 21.046701], [-89.624691, 21.046882], [-89.624678, 21.047279], [-89.624668, 21.047609], [-89.624632, 21.048783], [-89.624629, 21.04888], [-89.62465, 21.049107], [-89.626693, 21.048891], [-89.630057, 21.048528], [-89.633375, 21.048051], [-89.634679, 21.047898], [-89.635067, 21.047853], [-89.635395, 21.047815], [-89.639116, 21.047383], [-89.639448, 21.047344], [-89.639789, 21.047305], [-89.64513, 21.046692], [-89.647733, 21.046393], [-89.649056, 21.046241], [-89.64979, 21.045999], [-89.649935, 21.045951], [-89.650452, 21.045511], [-89.650803, 21.044798], [-89.651583, 21.042888], [-89.651661, 21.042697], [-89.652453, 21.040756], [-89.653233, 21.038844], [-89.653384, 21.038474], [-89.65483, 21.034758], [-89.655397, 21.033298], [-89.655943, 21.031931], [-89.656573, 21.030352], [-89.659279, 21.023569], [-89.65965, 21.02265], [-89.660703, 21.02004], [-89.661194, 21.018824], [-89.659504, 21.018453], [-89.659415, 21.018382], [-89.658809, 21.016825], [-89.658715, 21.016574], [-89.658613, 21.016475], [-89.658538, 21.016409], [-89.657985, 21.01593], [-89.657679, 21.015661], [-89.657191, 21.015231], [-89.656873, 21.01495], [-89.65643, 21.014559], [-89.656085, 21.014256], [-89.655637, 21.01386], [-89.655306, 21.013577], [-89.65487, 21.013204], [-89.654503, 21.01288], [-89.654073, 21.012501], [-89.65365, 21.012117], [-89.653305, 21.011804], [-89.65297, 21.011509], [-89.652111, 21.010751], [-89.652058, 21.010704], [-89.651285, 21.010022], [-89.650525, 21.009352], [-89.65042, 21.009259], [-89.650079, 21.008959], [-89.649829, 21.008738], [-89.649724, 21.008646], [-89.649429, 21.008385], [-89.649039, 21.008046], [-89.648402, 21.007556], [-89.647632, 21.007098], [-89.646898, 21.006687], [-89.646728, 21.006583], [-89.645973, 21.006181], [-89.645924, 21.006155], [-89.645016, 21.005671], [-89.64409, 21.005192], [-89.643918, 21.005103], [-89.64315, 21.004705], [-89.642838, 21.004544], [-89.642214, 21.004221], [-89.64147, 21.003836], [-89.641254, 21.003724], [-89.640762, 21.00347], [-89.639415, 21.002417], [-89.638994, 21.00208], [-89.638228, 21.001466], [-89.637733, 21.001069], [-89.637465, 21.000854], [-89.636728, 21.000263], [-89.635757, 20.999504], [-89.633861, 20.998021], [-89.633423, 20.997461], [-89.633172, 20.997271], [-89.632979, 20.997129], [-89.632081, 20.996476], [-89.631347, 20.995942], [-89.630997, 20.995687], [-89.630546, 20.995359], [-89.630169, 20.995088], [-89.62927, 20.99444], [-89.628398, 20.99381], [-89.627531, 20.993183], [-89.626655, 20.99255], [-89.625765, 20.991902], [-89.624752, 20.991164], [-89.623844, 20.990504], [-89.62368, 20.990384], [-89.62311, 20.98997], [-89.621932, 20.989128], [-89.621474, 20.988801], [-89.620433, 20.988058], [-89.619701, 20.987535], [-89.619564, 20.987437], [-89.619525, 20.987409], [-89.619407, 20.987324], [-89.617735, 20.986128], [-89.617738, 20.985842], [-89.617588, 20.985804], [-89.617444, 20.985853], [-89.617363, 20.985929], [-89.615881, 20.985104], [-89.615828, 20.985075], [-89.615699, 20.985052], [-89.614134, 20.984777], [-89.612912, 20.984563], [-89.612028, 20.984485], [-89.611775, 20.985655], [-89.611484, 20.986826], [-89.611463, 20.986896], [-89.611482, 20.987128], [-89.61146, 20.987786], [-89.611624, 20.988495], [-89.612048, 20.989445], [-89.612436, 20.989973], [-89.612629, 20.990156], [-89.612399, 20.990363], [-89.611513, 20.991161], [-89.611448, 20.99139], [-89.611128, 20.992543], [-89.610801, 20.99408], [-89.61048, 20.995534], [-89.610333, 20.996211], [-89.610022, 20.997706], [-89.609638, 20.997647], [-89.608776, 20.997504], [-89.608769, 20.99754], [-89.608761, 20.997584], [-89.608594, 20.998456], [-89.608432, 20.999287], [-89.60827, 21.000123], [-89.608108, 21.000963], [-89.607967, 21.001791]]]}}, {"type": "Feature", "properties": {"state": "Yucatán", "distrito_local": "03", "distrito": "Distrito Electoral Local 03", "cabecera_distrital": "Merida", "fuente_geometria": "IEPAC · Distritación Local 2022"}, "geometry": {"type": "Polygon", "coordinates": [[[-89.606361, 21.02022], [-89.606446, 21.019843], [-89.606494, 21.01963], [-89.606637, 21.018993], [-89.606647, 21.018949], [-89.606683, 21.018787], [-89.606816, 21.018198], [-89.606821, 21.018174], [-89.606868, 21.017966], [-89.607043, 21.01719], [-89.607095, 21.016958], [-89.607184, 21.016821], [-89.607141, 21.016836], [-89.606916, 21.016917], [-89.606971, 21.016624], [-89.607143, 21.015711], [-89.607295, 21.0149], [-89.607451, 21.01407], [-89.607516, 21.013721], [-89.607607, 21.013235], [-89.607765, 21.012397], [-89.607919, 21.011566], [-89.608085, 21.010673], [-89.608185, 21.01019], [-89.608195, 21.010145], [-89.608269, 21.009787], [-89.607411, 21.009648], [-89.607427, 21.00944], [-89.607163, 21.009377], [-89.606249, 21.009161], [-89.606276, 21.009113], [-89.606713, 21.008328], [-89.607293, 21.007287], [-89.607313, 21.007252], [-89.606936, 21.007097], [-89.60701, 21.006707], [-89.607044, 21.006528], [-89.607127, 21.006092], [-89.607236, 21.005516], [-89.607342, 21.004958], [-89.60745, 21.00439], [-89.607607, 21.003561], [-89.607768, 21.002714], [-89.607967, 21.001791], [-89.608108, 21.000963], [-89.60827, 21.000123], [-89.608432, 20.999287], [-89.608594, 20.998456], [-89.608761, 20.997584], [-89.608769, 20.99754], [-89.608776, 20.997504], [-89.609638, 20.997647], [-89.610022, 20.997706], [-89.610333, 20.996211], [-89.61048, 20.995534], [-89.610801, 20.99408], [-89.611128, 20.992543], [-89.611448, 20.99139], [-89.611513, 20.991161], [-89.612399, 20.990363], [-89.612629, 20.990156], [-89.612436, 20.989973], [-89.612048, 20.989445], [-89.611624, 20.988495], [-89.61146, 20.987786], [-89.611482, 20.987128], [-89.610468, 20.987723], [-89.610207, 20.987898], [-89.609091, 20.98855], [-89.608297, 20.989009], [-89.608129, 20.989107], [-89.608127, 20.988926], [-89.608355, 20.987727], [-89.608574, 20.986574], [-89.60874, 20.985394], [-89.607573, 20.985279], [-89.606527, 20.985176], [-89.605455, 20.985071], [-89.604436, 20.984971], [-89.604464, 20.98453], [-89.604546, 20.983729], [-89.604685, 20.982363], [-89.60412, 20.982306], [-89.604098, 20.982303], [-89.60341, 20.982219], [-89.602313, 20.98211], [-89.601939, 20.982074], [-89.601913, 20.982072], [-89.601468, 20.98203], [-89.601246, 20.981996], [-89.600203, 20.981885], [-89.600148, 20.981879], [-89.60006, 20.981869], [-89.599786, 20.98184], [-89.597633, 20.981615], [-89.597002, 20.981551], [-89.596437, 20.981494], [-89.596212, 20.981471], [-89.594966, 20.981345], [-89.594965, 20.981315], [-89.594944, 20.980673], [-89.59446, 20.980695], [-89.594035, 20.980715], [-89.593996, 20.980717], [-89.592972, 20.980765], [-89.591883, 20.980816], [-89.590142, 20.980898], [-89.58977, 20.980915], [-89.587474, 20.981023], [-89.586186, 20.981083], [-89.585101, 20.981133], [-89.584322, 20.981172], [-89.583959, 20.98119], [-89.58372, 20.9812], [-89.583148, 20.981224], [-89.582565, 20.981249], [-89.581969, 20.981274], [-89.581361, 20.981299], [-89.580891, 20.981319], [-89.580885, 20.981075], [-89.579847, 20.981095], [-89.578598, 20.98117], [-89.578375, 20.981178], [-89.578368, 20.981429], [-89.577761, 20.981455], [-89.577144, 20.981481], [-89.576558, 20.981506], [-89.576382, 20.981509], [-89.575945, 20.981518], [-89.575897, 20.981519], [-89.575303, 20.981529], [-89.572264, 20.981644], [-89.572058, 20.981652], [-89.565684, 20.981934], [-89.563617, 20.982026], [-89.562933, 20.986524], [-89.562601, 20.988852], [-89.562463, 20.989819], [-89.562422, 20.990112], [-89.562347, 20.990633], [-89.562229, 20.991464], [-89.562186, 20.991769], [-89.562045, 20.992757], [-89.561922, 20.993615], [-89.561907, 20.993724], [-89.561755, 20.99482], [-89.561749, 20.994855], [-89.561574, 20.995865], [-89.561431, 20.99685], [-89.561162, 20.99884], [-89.560999, 20.999925], [-89.560862, 21.000945], [-89.560784, 21.001653], [-89.5607, 21.002663], [-89.560696, 21.003182], [-89.560747, 21.004023], [-89.560841, 21.004651], [-89.561057, 21.005695], [-89.561255, 21.006512], [-89.561687, 21.008203], [-89.561914, 21.009242], [-89.562037, 21.00972], [-89.562163, 21.010214], [-89.563148, 21.014062], [-89.563247, 21.01445], [-89.563562, 21.015724], [-89.563578, 21.015787], [-89.563683, 21.016209], [-89.564569, 21.019775], [-89.564821, 21.020154], [-89.565478, 21.021138], [-89.56619, 21.021795], [-89.568452, 21.023997], [-89.569151, 21.024677], [-89.569985, 21.025546], [-89.571617, 21.027051], [-89.572351, 21.027749], [-89.572724, 21.028104], [-89.573171, 21.028529], [-89.573829, 21.029075], [-89.574963, 21.029656], [-89.576311, 21.030207], [-89.578258, 21.030898], [-89.580451, 21.031687], [-89.582921, 21.03257], [-89.584218, 21.033039], [-89.585067, 21.033322], [-89.586562, 21.033871], [-89.5874, 21.03417], [-89.588155, 21.034434], [-89.589505, 21.03492], [-89.590511, 21.035279], [-89.591478, 21.035627], [-89.592476, 21.035988], [-89.593326, 21.036294], [-89.594305, 21.03665], [-89.594767, 21.036818], [-89.596234, 21.037349], [-89.596998, 21.037616], [-89.59714, 21.037014], [-89.597328, 21.036404], [-89.598009, 21.035878], [-89.598665, 21.03535], [-89.598728, 21.035304], [-89.59908, 21.03505], [-89.599874, 21.034435], [-89.60037, 21.034052], [-89.600849, 21.033681], [-89.601853, 21.032905], [-89.602495, 21.032408], [-89.60317, 21.031886], [-89.603832, 21.031374], [-89.603925, 21.030972], [-89.603967, 21.030792], [-89.604142, 21.030047], [-89.604149, 21.030014], [-89.604384, 21.029017], [-89.604609, 21.028056], [-89.604661, 21.027834], [-89.604844, 21.027058], [-89.6049, 21.02682], [-89.605015, 21.026331], [-89.605091, 21.026005], [-89.605182, 21.02562], [-89.60531, 21.025073], [-89.605359, 21.024863], [-89.605526, 21.024149], [-89.605557, 21.024017], [-89.605737, 21.023252], [-89.605975, 21.022409], [-89.605984, 21.022278], [-89.605938, 21.022098], [-89.605962, 21.021991], [-89.60604, 21.021645], [-89.606074, 21.021496], [-89.606135, 21.021225], [-89.606258, 21.020675], [-89.606327, 21.020371], [-89.606361, 21.02022]]]}}, {"type": "Feature", "properties": {"state": "Yucatán", "distrito_local": "04", "distrito": "Distrito Electoral Local 04", "cabecera_distrital": "Merida", "fuente_geometria": "IEPAC · Distritación Local 2022"}, "geometry": {"type": "Polygon", "coordinates": [[[-89.624001, 20.987591], [-89.624318, 20.98674], [-89.624948, 20.985053], [-89.625217, 20.984318], [-89.625415, 20.983792], [-89.625284, 20.983729], [-89.625073, 20.982782], [-89.624986, 20.982391], [-89.6247, 20.981106], [-89.624378, 20.979658], [-89.62407, 20.978283], [-89.623972, 20.977843], [-89.623994, 20.976997], [-89.624229, 20.975656], [-89.622895, 20.975576], [-89.621573, 20.975454], [-89.621705, 20.974662], [-89.621774, 20.974249], [-89.621895, 20.973591], [-89.622011, 20.973051], [-89.622175, 20.972106], [-89.622382, 20.970911], [-89.622572, 20.96981], [-89.62266, 20.969372], [-89.622796, 20.968684], [-89.623007, 20.967521], [-89.624205, 20.967729], [-89.624444, 20.96659], [-89.624691, 20.965476], [-89.625072, 20.963602], [-89.625204, 20.962956], [-89.625298, 20.962493], [-89.624026, 20.962367], [-89.622749, 20.962241], [-89.621522, 20.962046], [-89.621362, 20.962026], [-89.62022, 20.961761], [-89.619027, 20.961411], [-89.618432, 20.961236], [-89.617912, 20.961084], [-89.617267, 20.960895], [-89.616708, 20.960732], [-89.615487, 20.960358], [-89.614375, 20.960031], [-89.613224, 20.959698], [-89.61209, 20.959371], [-89.610815, 20.958995], [-89.609595, 20.958637], [-89.608329, 20.958177], [-89.606967, 20.957682], [-89.605624, 20.957195], [-89.604547, 20.956771], [-89.60298, 20.95616], [-89.602727, 20.956028], [-89.602405, 20.955861], [-89.601721, 20.955464], [-89.601514, 20.955343], [-89.601215, 20.955164], [-89.600605, 20.954815], [-89.600287, 20.95463], [-89.60024, 20.954602], [-89.599623, 20.954237], [-89.599018, 20.95388], [-89.598494, 20.95357], [-89.598158, 20.953371], [-89.597476, 20.952967], [-89.596349, 20.9523], [-89.596287, 20.952262], [-89.596178, 20.952194], [-89.596112, 20.952156], [-89.595706, 20.95192], [-89.595416, 20.951748], [-89.595027, 20.951518], [-89.594483, 20.951196], [-89.594378, 20.951134], [-89.593475, 20.950596], [-89.592385, 20.949947], [-89.591021, 20.949134], [-89.589685, 20.948326], [-89.589642, 20.9483], [-89.588877, 20.947838], [-89.588605, 20.947675], [-89.588163, 20.947411], [-89.588056, 20.947347], [-89.58755, 20.947045], [-89.587174, 20.94682], [-89.586505, 20.94642], [-89.586391, 20.946373], [-89.585742, 20.946106], [-89.585491, 20.946003], [-89.584272, 20.945501], [-89.58316, 20.945086], [-89.583011, 20.945031], [-89.581657, 20.944543], [-89.581024, 20.944315], [-89.579941, 20.943925], [-89.578892, 20.943547], [-89.578149, 20.943279], [-89.577806, 20.943156], [-89.577547, 20.943037], [-89.577234, 20.942894], [-89.577127, 20.942983], [-89.576812, 20.943225], [-89.575903, 20.943892], [-89.575097, 20.944557], [-89.574896, 20.944633], [-89.574342, 20.945071], [-89.574171, 20.945156], [-89.573813, 20.945434], [-89.573628, 20.945566], [-89.573291, 20.945782], [-89.573034, 20.946079], [-89.572573, 20.946408], [-89.572032, 20.946809], [-89.571378, 20.947179], [-89.570856, 20.947703], [-89.570755, 20.947804], [-89.57065, 20.947825], [-89.570495, 20.947925], [-89.570461, 20.947905], [-89.570009, 20.94846], [-89.569705, 20.948902], [-89.569663, 20.948999], [-89.569496, 20.949242], [-89.569249, 20.949602], [-89.568968, 20.94995], [-89.56864, 20.950534], [-89.568556, 20.950727], [-89.568245, 20.951416], [-89.568005, 20.952], [-89.567974, 20.952453], [-89.567944, 20.952536], [-89.567887, 20.952736], [-89.567726, 20.953406], [-89.567666, 20.953714], [-89.567604, 20.954115], [-89.567452, 20.955133], [-89.567447, 20.955285], [-89.567264, 20.955439], [-89.567229, 20.955667], [-89.567259, 20.956045], [-89.56731, 20.956226], [-89.567036, 20.957933], [-89.566833, 20.959299], [-89.566706, 20.960043], [-89.566645, 20.960588], [-89.566569, 20.961016], [-89.566527, 20.961361], [-89.566471, 20.961654], [-89.566452, 20.961739], [-89.56644, 20.96179], [-89.566435, 20.961812], [-89.566429, 20.961831], [-89.566422, 20.96185], [-89.566412, 20.961872], [-89.566402, 20.96189], [-89.566392, 20.961907], [-89.566374, 20.961932], [-89.566179, 20.962147], [-89.566228, 20.962192], [-89.566261, 20.962223], [-89.56628, 20.962247], [-89.566305, 20.962289], [-89.566322, 20.962336], [-89.566331, 20.962386], [-89.566334, 20.962442], [-89.566331, 20.962494], [-89.566323, 20.96256], [-89.566307, 20.962688], [-89.566312, 20.962731], [-89.566308, 20.962785], [-89.566287, 20.962991], [-89.566232, 20.963337], [-89.566182, 20.963654], [-89.566084, 20.964341], [-89.566063, 20.96464], [-89.566021, 20.964799], [-89.565986, 20.964979], [-89.565881, 20.965663], [-89.56567, 20.967106], [-89.565529, 20.96805], [-89.565464, 20.968467], [-89.565369, 20.96911], [-89.564926, 20.97211], [-89.564719, 20.973554], [-89.564651, 20.974028], [-89.564728, 20.974088], [-89.56468, 20.974361], [-89.564302, 20.976998], [-89.564161, 20.977853], [-89.564094, 20.978104], [-89.564016, 20.978407], [-89.563975, 20.978677], [-89.563912, 20.979149], [-89.563797, 20.980009], [-89.563728, 20.98037], [-89.563712, 20.98049], [-89.563666, 20.980818], [-89.563618, 20.981159], [-89.563547, 20.981669], [-89.56353, 20.981785], [-89.563617, 20.982026], [-89.565684, 20.981934], [-89.572058, 20.981652], [-89.572264, 20.981644], [-89.575303, 20.981529], [-89.575897, 20.981519], [-89.575945, 20.981518], [-89.576382, 20.981509], [-89.576558, 20.981506], [-89.577144, 20.981481], [-89.577761, 20.981455], [-89.578368, 20.981429], [-89.578375, 20.981178], [-89.578598, 20.98117], [-89.579847, 20.981095], [-89.580885, 20.981075], [-89.580891, 20.981319], [-89.581361, 20.981299], [-89.581969, 20.981274], [-89.582565, 20.981249], [-89.583148, 20.981224], [-89.58372, 20.9812], [-89.583959, 20.98119], [-89.584322, 20.981172], [-89.585101, 20.981133], [-89.586186, 20.981083], [-89.587474, 20.981023], [-89.58977, 20.980915], [-89.590142, 20.980898], [-89.591883, 20.980816], [-89.592972, 20.980765], [-89.593996, 20.980717], [-89.594035, 20.980715], [-89.59446, 20.980695], [-89.594944, 20.980673], [-89.594965, 20.981315], [-89.594966, 20.981345], [-89.596212, 20.981471], [-89.596437, 20.981494], [-89.597002, 20.981551], [-89.597633, 20.981615], [-89.599786, 20.98184], [-89.60006, 20.981869], [-89.600148, 20.981879], [-89.600203, 20.981885], [-89.601246, 20.981996], [-89.601468, 20.98203], [-89.601913, 20.982072], [-89.601939, 20.982074], [-89.602313, 20.98211], [-89.60341, 20.982219], [-89.604098, 20.982303], [-89.60412, 20.982306], [-89.604685, 20.982363], [-89.604546, 20.983729], [-89.604464, 20.98453], [-89.604436, 20.984971], [-89.605455, 20.985071], [-89.606527, 20.985176], [-89.607573, 20.985279], [-89.60874, 20.985394], [-89.608574, 20.986574], [-89.608355, 20.987727], [-89.608127, 20.988926], [-89.608129, 20.989107], [-89.608297, 20.989009], [-89.609091, 20.98855], [-89.610207, 20.987898], [-89.610468, 20.987723], [-89.611482, 20.987128], [-89.611463, 20.986896], [-89.611484, 20.986826], [-89.611775, 20.985655], [-89.612028, 20.984485], [-89.612912, 20.984563], [-89.614134, 20.984777], [-89.615699, 20.985052], [-89.615828, 20.985075], [-89.615881, 20.985104], [-89.617363, 20.985929], [-89.617444, 20.985853], [-89.617588, 20.985804], [-89.617738, 20.985842], [-89.617735, 20.986128], [-89.619407, 20.987324], [-89.619525, 20.987409], [-89.619564, 20.987437], [-89.619701, 20.987535], [-89.620433, 20.988058], [-89.621474, 20.988801], [-89.621932, 20.989128], [-89.62311, 20.98997], [-89.623567, 20.98875], [-89.624001, 20.987591]]]}}, {"type": "Feature", "properties": {"state": "Yucatán", "distrito_local": "05", "distrito": "Distrito Electoral Local 05", "cabecera_distrital": "Merida", "fuente_geometria": "IEPAC · Distritación Local 2022"}, "geometry": {"type": "Polygon", "coordinates": [[[-89.596287, 20.952262], [-89.596349, 20.9523], [-89.597476, 20.952967], [-89.598158, 20.953371], [-89.598494, 20.95357], [-89.599018, 20.95388], [-89.599623, 20.954237], [-89.60024, 20.954602], [-89.600287, 20.95463], [-89.600605, 20.954815], [-89.601215, 20.955164], [-89.601514, 20.955343], [-89.601721, 20.955464], [-89.602405, 20.955861], [-89.602727, 20.956028], [-89.60298, 20.95616], [-89.604547, 20.956771], [-89.605624, 20.957195], [-89.606967, 20.957682], [-89.608329, 20.958177], [-89.609595, 20.958637], [-89.610815, 20.958995], [-89.61209, 20.959371], [-89.613224, 20.959698], [-89.614375, 20.960031], [-89.615487, 20.960358], [-89.616708, 20.960732], [-89.617267, 20.960895], [-89.617912, 20.961084], [-89.61819, 20.959906], [-89.618429, 20.958806], [-89.618683, 20.95764], [-89.618937, 20.95651], [-89.619179, 20.955406], [-89.619416, 20.954336], [-89.619644, 20.953275], [-89.619892, 20.952149], [-89.621097, 20.952417], [-89.621383, 20.951285], [-89.621679, 20.950225], [-89.621688, 20.950169], [-89.621876, 20.949049], [-89.622014, 20.947956], [-89.622008, 20.947905], [-89.621912, 20.947138], [-89.621853, 20.946659], [-89.622095, 20.945242], [-89.62243, 20.945191], [-89.623107, 20.945087], [-89.623546, 20.94502], [-89.623627, 20.944422], [-89.623762, 20.943423], [-89.623898, 20.942416], [-89.624034, 20.94141], [-89.624157, 20.940419], [-89.624293, 20.939323], [-89.62442, 20.938306], [-89.62445, 20.938058], [-89.623399, 20.938072], [-89.623541, 20.936852], [-89.623641, 20.935992], [-89.623748, 20.935067], [-89.62483, 20.935186], [-89.62492, 20.934274], [-89.625037, 20.933091], [-89.625135, 20.932098], [-89.625174, 20.931703], [-89.625192, 20.931468], [-89.625196, 20.931426], [-89.62526, 20.931203], [-89.625937, 20.928859], [-89.626095, 20.928312], [-89.626257, 20.927765], [-89.626413, 20.927242], [-89.626562, 20.926738], [-89.626778, 20.92601], [-89.6279, 20.926293], [-89.629184, 20.926616], [-89.629887, 20.926793], [-89.63138, 20.927172], [-89.632412, 20.927434], [-89.633435, 20.927694], [-89.634449, 20.92796], [-89.635516, 20.92824], [-89.635671, 20.927226], [-89.635821, 20.926237], [-89.635973, 20.925243], [-89.636128, 20.924222], [-89.636274, 20.923247], [-89.636349, 20.922745], [-89.636423, 20.922252], [-89.636482, 20.921857], [-89.63754, 20.921961], [-89.638658, 20.92195], [-89.639724, 20.92194], [-89.640795, 20.921963], [-89.641875, 20.921986], [-89.642806, 20.922005], [-89.64295, 20.922058], [-89.643724, 20.922341], [-89.644184, 20.922508], [-89.644208, 20.922393], [-89.645239, 20.92251], [-89.645425, 20.92163], [-89.645624, 20.920689], [-89.645839, 20.919673], [-89.645951, 20.919143], [-89.646035, 20.918751], [-89.646146, 20.918227], [-89.646225, 20.917852], [-89.646292, 20.917533], [-89.646429, 20.916887], [-89.646455, 20.916764], [-89.646657, 20.915813], [-89.646715, 20.915538], [-89.646952, 20.914507], [-89.64712, 20.913621], [-89.647252, 20.912998], [-89.647337, 20.912597], [-89.647525, 20.911711], [-89.647634, 20.911194], [-89.647774, 20.910531], [-89.647833, 20.910253], [-89.647961, 20.909652], [-89.648171, 20.908662], [-89.648365, 20.907744], [-89.648576, 20.906749], [-89.648628, 20.906504], [-89.648689, 20.906213], [-89.648797, 20.905705], [-89.648995, 20.904771], [-89.649246, 20.903586], [-89.649623, 20.901807], [-89.649925, 20.900395], [-89.650107, 20.899639], [-89.650137, 20.899516], [-89.650373, 20.898538], [-89.650594, 20.897601], [-89.650814, 20.896711], [-89.650821, 20.896624], [-89.65093, 20.895285], [-89.650946, 20.895077], [-89.650961, 20.894885], [-89.650044, 20.895356], [-89.648142, 20.896332], [-89.647954, 20.896428], [-89.646875, 20.896981], [-89.646035, 20.897413], [-89.645402, 20.897737], [-89.644245, 20.898331], [-89.643651, 20.898636], [-89.642941, 20.899], [-89.642066, 20.899449], [-89.641196, 20.899896], [-89.64081, 20.900094], [-89.640595, 20.900204], [-89.640384, 20.900312], [-89.639835, 20.900594], [-89.639337, 20.900849], [-89.639148, 20.900946], [-89.639042, 20.901001], [-89.638065, 20.901502], [-89.637079, 20.902008], [-89.633881, 20.903648], [-89.630549, 20.905549], [-89.63012, 20.905794], [-89.628316, 20.906823], [-89.626603, 20.907801], [-89.625428, 20.908477], [-89.623574, 20.909562], [-89.623239, 20.909771], [-89.623024, 20.909904], [-89.622738, 20.910091], [-89.622406, 20.910308], [-89.622012, 20.910565], [-89.620753, 20.911387], [-89.620452, 20.911584], [-89.620354, 20.911648], [-89.620299, 20.911688], [-89.619857, 20.912017], [-89.619496, 20.912284], [-89.618349, 20.91313], [-89.616149, 20.91476], [-89.615859, 20.914961], [-89.613911, 20.916393], [-89.610691, 20.918759], [-89.609708, 20.91949], [-89.608522, 20.920388], [-89.60584, 20.922372], [-89.605641, 20.922065], [-89.604616, 20.922824], [-89.604601, 20.922812], [-89.60448, 20.922914], [-89.603476, 20.92372], [-89.601523, 20.925153], [-89.59976, 20.92639], [-89.599085, 20.926864], [-89.59853, 20.92729], [-89.597493, 20.928058], [-89.597313, 20.928169], [-89.596914, 20.928453], [-89.596446, 20.928789], [-89.595294, 20.92964], [-89.59502, 20.929837], [-89.59484, 20.929975], [-89.594356, 20.930328], [-89.593763, 20.930765], [-89.593669, 20.930833], [-89.593211, 20.931145], [-89.592852, 20.931419], [-89.592776, 20.931585], [-89.59249, 20.931776], [-89.592446, 20.931803], [-89.592315, 20.931888], [-89.592171, 20.931984], [-89.591879, 20.932184], [-89.59173, 20.932279], [-89.591558, 20.932397], [-89.591325, 20.932563], [-89.590979, 20.932843], [-89.590892, 20.932904], [-89.590718, 20.933034], [-89.590626, 20.933102], [-89.590393, 20.933253], [-89.590221, 20.933353], [-89.589916, 20.933573], [-89.589795, 20.933664], [-89.589592, 20.933843], [-89.58943, 20.933971], [-89.589314, 20.934057], [-89.58923, 20.934093], [-89.589084, 20.934139], [-89.588892, 20.93429], [-89.588537, 20.934558], [-89.588386, 20.934671], [-89.587904, 20.935034], [-89.587837, 20.935082], [-89.58723, 20.935527], [-89.586658, 20.935947], [-89.586129, 20.936335], [-89.586039, 20.93641], [-89.585553, 20.936747], [-89.58514, 20.937058], [-89.584532, 20.937543], [-89.584375, 20.937649], [-89.584246, 20.937737], [-89.584029, 20.9379], [-89.58392, 20.937985], [-89.583884, 20.938017], [-89.583836, 20.938072], [-89.583624, 20.938241], [-89.579225, 20.941427], [-89.579253, 20.941505], [-89.578568, 20.941963], [-89.578059, 20.942314], [-89.577764, 20.942518], [-89.577526, 20.94274], [-89.577327, 20.942855], [-89.577234, 20.942894], [-89.577547, 20.943037], [-89.577806, 20.943156], [-89.578149, 20.943279], [-89.578892, 20.943547], [-89.579941, 20.943925], [-89.581024, 20.944315], [-89.581657, 20.944543], [-89.583011, 20.945031], [-89.58316, 20.945086], [-89.584272, 20.945501], [-89.585491, 20.946003], [-89.585742, 20.946106], [-89.586391, 20.946373], [-89.586505, 20.94642], [-89.587174, 20.94682], [-89.58755, 20.947045], [-89.588056, 20.947347], [-89.588163, 20.947411], [-89.588605, 20.947675], [-89.588877, 20.947838], [-89.589642, 20.9483], [-89.589685, 20.948326], [-89.591021, 20.949134], [-89.592385, 20.949947], [-89.593475, 20.950596], [-89.594378, 20.951134], [-89.594483, 20.951196], [-89.595027, 20.951518], [-89.595416, 20.951748], [-89.595706, 20.95192], [-89.596112, 20.952156], [-89.596178, 20.952194], [-89.596287, 20.952262]]]}}, {"type": "Feature", "properties": {"state": "Yucatán", "distrito_local": "06", "distrito": "Distrito Electoral Local 06", "cabecera_distrital": "Merida", "fuente_geometria": "IEPAC · Distritación Local 2022"}, "geometry": {"type": "Polygon", "coordinates": [[[-89.645342, 20.94376], [-89.646554, 20.94428], [-89.646687, 20.944337], [-89.646786, 20.944379], [-89.646905, 20.94443], [-89.647203, 20.944558], [-89.64744, 20.944659], [-89.647663, 20.944755], [-89.647858, 20.944839], [-89.6489, 20.945259], [-89.648946, 20.945277], [-89.648968, 20.945286], [-89.649005, 20.945498], [-89.649098, 20.945989], [-89.649177, 20.946453], [-89.649236, 20.946833], [-89.649272, 20.947092], [-89.649414, 20.947966], [-89.649554, 20.94901], [-89.649932, 20.951355], [-89.649903, 20.951825], [-89.649854, 20.95196], [-89.650156, 20.952192], [-89.651177, 20.951538], [-89.652095, 20.95095], [-89.652153, 20.950929], [-89.652654, 20.950747], [-89.653031, 20.95047], [-89.653486, 20.950137], [-89.653842, 20.950325], [-89.654407, 20.950623], [-89.656053, 20.951491], [-89.657289, 20.952142], [-89.65748, 20.952001], [-89.657534, 20.951961], [-89.658075, 20.951562], [-89.658953, 20.950914], [-89.659014, 20.950869], [-89.65906, 20.950835], [-89.659098, 20.950807], [-89.659839, 20.95026], [-89.659961, 20.95017], [-89.65999, 20.950149], [-89.660653, 20.94966], [-89.66107, 20.949352], [-89.661735, 20.948848], [-89.661939, 20.948693], [-89.663364, 20.947657], [-89.677428, 20.937306], [-89.680715, 20.934855], [-89.683387, 20.932879], [-89.685396, 20.931396], [-89.690305, 20.927693], [-89.689084, 20.925658], [-89.68903, 20.925568], [-89.688829, 20.925232], [-89.688612, 20.924871], [-89.688451, 20.924605], [-89.68953, 20.924055], [-89.691282, 20.923161], [-89.693229, 20.922167], [-89.693837, 20.921871], [-89.693803, 20.921818], [-89.693268, 20.921008], [-89.692798, 20.920297], [-89.692311, 20.91956], [-89.692094, 20.919231], [-89.691532, 20.918381], [-89.689956, 20.915998], [-89.689944, 20.915979], [-89.689929, 20.915956], [-89.689268, 20.914957], [-89.688623, 20.913981], [-89.688573, 20.913906], [-89.688107, 20.913202], [-89.687854, 20.912819], [-89.687115, 20.911712], [-89.687045, 20.911607], [-89.687024, 20.911577], [-89.685813, 20.909762], [-89.685634, 20.909494], [-89.685605, 20.909263], [-89.685372, 20.909248], [-89.685344, 20.908074], [-89.685296, 20.906202], [-89.685176, 20.904786], [-89.683957, 20.904811], [-89.681768, 20.904854], [-89.679475, 20.900874], [-89.679389, 20.900724], [-89.67586, 20.894598], [-89.675845, 20.894571], [-89.67583, 20.894544], [-89.673254, 20.890073], [-89.673817, 20.887949], [-89.674455, 20.886246], [-89.674545, 20.886005], [-89.675131, 20.883609], [-89.675538, 20.881529], [-89.67549, 20.881158], [-89.675448, 20.881137], [-89.67565, 20.87939], [-89.677354, 20.879893], [-89.678351, 20.880172], [-89.678419, 20.880201], [-89.678521, 20.880226], [-89.678885, 20.880316], [-89.679151, 20.880381], [-89.679372, 20.880436], [-89.680056, 20.878642], [-89.680249, 20.878137], [-89.679624, 20.875466], [-89.679352, 20.874242], [-89.678853, 20.872112], [-89.67878, 20.871859], [-89.678742, 20.871668], [-89.678306, 20.869813], [-89.678229, 20.868454], [-89.677314, 20.864936], [-89.675931, 20.859613], [-89.675355, 20.859468], [-89.675166, 20.859421], [-89.673767, 20.859069], [-89.673221, 20.859045], [-89.673054, 20.859013], [-89.671436, 20.858707], [-89.67112, 20.858647], [-89.67066, 20.860136], [-89.670595, 20.860136], [-89.670513, 20.860136], [-89.669834, 20.860137], [-89.667523, 20.860141], [-89.666589, 20.860147], [-89.665699, 20.860145], [-89.665604, 20.860145], [-89.664895, 20.86015], [-89.66457, 20.860147], [-89.663977, 20.860148], [-89.663524, 20.860148], [-89.663354, 20.860149], [-89.661522, 20.860152], [-89.661443, 20.860152], [-89.659743, 20.859859], [-89.657647, 20.859634], [-89.65711, 20.859576], [-89.657188, 20.859059], [-89.657299, 20.858326], [-89.657358, 20.858183], [-89.657813, 20.857076], [-89.658017, 20.857063], [-89.658098, 20.857058], [-89.658179, 20.857052], [-89.658241, 20.857048], [-89.65859, 20.856639], [-89.65897, 20.856193], [-89.659264, 20.855847], [-89.659448, 20.855631], [-89.659233, 20.855338], [-89.658152, 20.853867], [-89.657599, 20.853179], [-89.657143, 20.852909], [-89.656982, 20.852814], [-89.656232, 20.85252], [-89.655884, 20.852143], [-89.655838, 20.851795], [-89.656533, 20.85072], [-89.657415, 20.84936], [-89.657525, 20.849302], [-89.657581, 20.849272], [-89.657602, 20.849261], [-89.657623, 20.84925], [-89.65769, 20.849215], [-89.657848, 20.849133], [-89.658423, 20.847972], [-89.659361, 20.848022], [-89.65987, 20.848213], [-89.66025, 20.848201], [-89.661221, 20.848385], [-89.662321, 20.848401], [-89.662738, 20.847833], [-89.663078, 20.847371], [-89.66381, 20.847264], [-89.663919, 20.846998], [-89.664338, 20.846558], [-89.664589, 20.84573], [-89.664771, 20.845205], [-89.664758, 20.844445], [-89.664739, 20.843337], [-89.664294, 20.842395], [-89.663561, 20.842264], [-89.662868, 20.84214], [-89.662541, 20.841968], [-89.662913, 20.841052], [-89.662838, 20.84011], [-89.663171, 20.838632], [-89.665286, 20.839185], [-89.666332, 20.839448], [-89.66814, 20.83954], [-89.66726, 20.84129], [-89.667064, 20.84168], [-89.666951, 20.842024], [-89.667479, 20.8425], [-89.668821, 20.84278], [-89.670144, 20.843057], [-89.67168, 20.843378], [-89.672091, 20.841181], [-89.672086, 20.840333], [-89.6722, 20.839771], [-89.672173, 20.839442], [-89.672127, 20.839148], [-89.672082, 20.838946], [-89.672025, 20.838699], [-89.671993, 20.838429], [-89.67206, 20.838264], [-89.672195, 20.83793], [-89.672282, 20.8376], [-89.672614, 20.836853], [-89.672832, 20.836207], [-89.672934, 20.835906], [-89.673197, 20.835253], [-89.673328, 20.834898], [-89.673585, 20.834203], [-89.673832, 20.833534], [-89.673958, 20.833193], [-89.674111, 20.832849], [-89.67432, 20.832398], [-89.674542, 20.831844], [-89.674824, 20.831157], [-89.674875, 20.830984], [-89.675178, 20.829964], [-89.675213, 20.829879], [-89.675686, 20.828303], [-89.675928, 20.827784], [-89.678783, 20.827304], [-89.680201, 20.827061], [-89.681466, 20.826937], [-89.683823, 20.826192], [-89.686616, 20.825099], [-89.686889, 20.824993], [-89.688851, 20.824227], [-89.689619, 20.823956], [-89.691493, 20.823295], [-89.692351, 20.823169], [-89.694157, 20.822966], [-89.700674, 20.822771], [-89.701739, 20.82276], [-89.711032, 20.822656], [-89.711125, 20.816023], [-89.710369, 20.812668], [-89.710112, 20.812572], [-89.708345, 20.812102], [-89.704661, 20.810143], [-89.703156, 20.809001], [-89.702207, 20.808501], [-89.699848, 20.807651], [-89.698859, 20.812099], [-89.698796, 20.812782], [-89.697767, 20.812554], [-89.695592, 20.812042], [-89.693289, 20.811499], [-89.692733, 20.811368], [-89.690842, 20.810934], [-89.690715, 20.810905], [-89.690247, 20.812681], [-89.688449, 20.819464], [-89.682252, 20.817262], [-89.684251, 20.811664], [-89.684204, 20.811566], [-89.684212, 20.811343], [-89.684791, 20.811447], [-89.685232, 20.809688], [-89.685671, 20.807939], [-89.686117, 20.806163], [-89.686567, 20.804375], [-89.686961, 20.802291], [-89.688826, 20.802879], [-89.689204, 20.798277], [-89.687963, 20.797994], [-89.690834, 20.786535], [-89.694979, 20.787442], [-89.693044, 20.79462], [-89.697315, 20.793797], [-89.696681, 20.795956], [-89.700726, 20.797427], [-89.699815, 20.79987], [-89.709626, 20.802646], [-89.710114, 20.800439], [-89.711779, 20.791526], [-89.711683, 20.790623], [-89.708992, 20.779751], [-89.708871, 20.77765], [-89.708299, 20.774063], [-89.701632, 20.774613], [-89.699721, 20.77556], [-89.695602, 20.777656], [-89.691942, 20.778663], [-89.691927, 20.777801], [-89.691629, 20.775855], [-89.690974, 20.774098], [-89.685324, 20.774725], [-89.685171, 20.772672], [-89.685196, 20.772571], [-89.684627, 20.768448], [-89.691012, 20.767715], [-89.691705, 20.754616], [-89.692244, 20.753516], [-89.692622, 20.753029], [-89.692952, 20.752377], [-89.692835, 20.751727], [-89.693014, 20.751118], [-89.692828, 20.750422], [-89.692929, 20.748921], [-89.693063, 20.748287], [-89.684443, 20.741188], [-89.679532, 20.737251], [-89.66667, 20.737134], [-89.654333, 20.722284], [-89.641998, 20.707433], [-89.629983, 20.713951], [-89.617029, 20.720976], [-89.592159, 20.734459], [-89.58823, 20.736589], [-89.588311, 20.744434], [-89.588464, 20.759166], [-89.588419, 20.771651], [-89.58451, 20.775395], [-89.575375, 20.784143], [-89.572714, 20.809299], [-89.571835, 20.817608], [-89.569321, 20.841366], [-89.538083, 20.837478], [-89.54368, 20.850904], [-89.543865, 20.85179], [-89.54429, 20.853152], [-89.544718, 20.853792], [-89.544963, 20.854826], [-89.545437, 20.855349], [-89.547103, 20.856329], [-89.558777, 20.870171], [-89.5589, 20.871084], [-89.552969, 20.870382], [-89.552977, 20.871317], [-89.553016, 20.872981], [-89.559056, 20.873667], [-89.558272, 20.877245], [-89.558234, 20.877858], [-89.558142, 20.877856], [-89.558113, 20.877855], [-89.557698, 20.877847], [-89.552761, 20.874813], [-89.552497, 20.875448], [-89.552316, 20.876107], [-89.552085, 20.877633], [-89.551367, 20.878892], [-89.54927, 20.877104], [-89.548863, 20.877604], [-89.545629, 20.881372], [-89.550205, 20.885364], [-89.552662, 20.887606], [-89.554178, 20.886164], [-89.555674, 20.886009], [-89.555938, 20.886825], [-89.556829, 20.889731], [-89.557612, 20.890955], [-89.558293, 20.892004], [-89.558677, 20.892745], [-89.559891, 20.894367], [-89.563859, 20.893591], [-89.561871, 20.890237], [-89.567129, 20.889998], [-89.570568, 20.888815], [-89.57093, 20.886684], [-89.566685, 20.882175], [-89.5667, 20.882042], [-89.563644, 20.878653], [-89.565069, 20.878744], [-89.566512, 20.87887], [-89.569712, 20.880566], [-89.575847, 20.882309], [-89.577253, 20.883356], [-89.578977, 20.883593], [-89.579974, 20.883482], [-89.581008, 20.883534], [-89.582521, 20.883622], [-89.583214, 20.882589], [-89.58331, 20.883015], [-89.583402, 20.884094], [-89.583483, 20.884818], [-89.583659, 20.885651], [-89.58417, 20.886673], [-89.584753, 20.887446], [-89.585986, 20.888188], [-89.58655, 20.888635], [-89.587756, 20.889629], [-89.588599, 20.890512], [-89.589906, 20.891758], [-89.590018, 20.892108], [-89.590384, 20.893237], [-89.59107, 20.894057], [-89.591582, 20.894642], [-89.591879, 20.894966], [-89.592534, 20.895497], [-89.593559, 20.896715], [-89.593994, 20.897235], [-89.5945, 20.897091], [-89.595088, 20.896966], [-89.595511, 20.896875], [-89.5966, 20.896633], [-89.596773, 20.896593], [-89.59777, 20.896359], [-89.597853, 20.896341], [-89.598934, 20.896107], [-89.599122, 20.897092], [-89.599332, 20.898193], [-89.59954, 20.899278], [-89.599736, 20.900298], [-89.599913, 20.901162], [-89.600115, 20.902212], [-89.600281, 20.902988], [-89.600303, 20.903103], [-89.600349, 20.903339], [-89.60044, 20.903805], [-89.600489, 20.904066], [-89.600543, 20.904339], [-89.600572, 20.904484], [-89.600617, 20.904724], [-89.600664, 20.904981], [-89.600724, 20.905277], [-89.600768, 20.905513], [-89.600801, 20.905696], [-89.60084, 20.905884], [-89.600874, 20.906073], [-89.600961, 20.90652], [-89.601002, 20.90674], [-89.601042, 20.90695], [-89.601111, 20.907305], [-89.601144, 20.907482], [-89.601183, 20.907691], [-89.601195, 20.90775], [-89.601219, 20.907863], [-89.60128, 20.908185], [-89.601367, 20.908632], [-89.601391, 20.908756], [-89.601426, 20.908945], [-89.601454, 20.909093], [-89.601585, 20.909773], [-89.601721, 20.910485], [-89.601751, 20.910626], [-89.60178, 20.910772], [-89.601805, 20.910921], [-89.60183, 20.911048], [-89.601948, 20.911654], [-89.601991, 20.911879], [-89.602019, 20.912016], [-89.602045, 20.912144], [-89.60209, 20.912387], [-89.602114, 20.912508], [-89.602161, 20.912756], [-89.602179, 20.912862], [-89.60224, 20.913177], [-89.602355, 20.913766], [-89.60238, 20.913895], [-89.60252, 20.914628], [-89.60254, 20.91472], [-89.602561, 20.914823], [-89.602683, 20.915458], [-89.602743, 20.915766], [-89.602816, 20.91615], [-89.602924, 20.916716], [-89.602943, 20.916819], [-89.602959, 20.916902], [-89.603071, 20.917482], [-89.60312, 20.91774], [-89.603188, 20.91806], [-89.603211, 20.918148], [-89.603268, 20.918369], [-89.603333, 20.918581], [-89.603414, 20.918814], [-89.603538, 20.919136], [-89.603592, 20.919257], [-89.603691, 20.919462], [-89.603772, 20.919617], [-89.60388, 20.919808], [-89.604052, 20.920079], [-89.604198, 20.920289], [-89.60435, 20.92049], [-89.604675, 20.920892], [-89.604939, 20.921214], [-89.605089, 20.921398], [-89.605348, 20.921716], [-89.605641, 20.922065], [-89.60584, 20.922372], [-89.608522, 20.920388], [-89.609708, 20.91949], [-89.610691, 20.918759], [-89.613911, 20.916393], [-89.615859, 20.914961], [-89.616149, 20.91476], [-89.618349, 20.91313], [-89.619496, 20.912284], [-89.619857, 20.912017], [-89.620299, 20.911688], [-89.620354, 20.911648], [-89.620452, 20.911584], [-89.620753, 20.911387], [-89.622012, 20.910565], [-89.622406, 20.910308], [-89.622738, 20.910091], [-89.623024, 20.909904], [-89.623239, 20.909771], [-89.623574, 20.909562], [-89.625428, 20.908477], [-89.626603, 20.907801], [-89.628316, 20.906823], [-89.63012, 20.905794], [-89.630549, 20.905549], [-89.633881, 20.903648], [-89.637079, 20.902008], [-89.638065, 20.901502], [-89.639042, 20.901001], [-89.639148, 20.900946], [-89.639337, 20.900849], [-89.639835, 20.900594], [-89.640384, 20.900312], [-89.640595, 20.900204], [-89.64081, 20.900094], [-89.641196, 20.899896], [-89.642066, 20.899449], [-89.642941, 20.899], [-89.643651, 20.898636], [-89.644245, 20.898331], [-89.645402, 20.897737], [-89.646035, 20.897413], [-89.646875, 20.896981], [-89.647954, 20.896428], [-89.648142, 20.896332], [-89.650044, 20.895356], [-89.650961, 20.894885], [-89.650946, 20.895077], [-89.65093, 20.895285], [-89.650821, 20.896624], [-89.650814, 20.896711], [-89.650594, 20.897601], [-89.650373, 20.898538], [-89.650137, 20.899516], [-89.650107, 20.899639], [-89.649925, 20.900395], [-89.649623, 20.901807], [-89.649246, 20.903586], [-89.648995, 20.904771], [-89.648797, 20.905705], [-89.648689, 20.906213], [-89.648628, 20.906504], [-89.648576, 20.906749], [-89.648365, 20.907744], [-89.648171, 20.908662], [-89.647961, 20.909652], [-89.647833, 20.910253], [-89.647774, 20.910531], [-89.647634, 20.911194], [-89.647525, 20.911711], [-89.647337, 20.912597], [-89.647252, 20.912998], [-89.64712, 20.913621], [-89.646952, 20.914507], [-89.646715, 20.915538], [-89.646657, 20.915813], [-89.646455, 20.916764], [-89.646429, 20.916887], [-89.646292, 20.917533], [-89.646225, 20.917852], [-89.646146, 20.918227], [-89.646035, 20.918751], [-89.645951, 20.919143], [-89.645839, 20.919673], [-89.645624, 20.920689], [-89.645425, 20.92163], [-89.645239, 20.92251], [-89.644208, 20.922393], [-89.644184, 20.922508], [-89.643724, 20.922341], [-89.64295, 20.922058], [-89.642806, 20.922005], [-89.641875, 20.921986], [-89.640795, 20.921963], [-89.639724, 20.92194], [-89.638658, 20.92195], [-89.63754, 20.921961], [-89.636482, 20.921857], [-89.636423, 20.922252], [-89.636349, 20.922745], [-89.636274, 20.923247], [-89.636128, 20.924222], [-89.635973, 20.925243], [-89.635821, 20.926237], [-89.635671, 20.927226], [-89.635516, 20.92824], [-89.634449, 20.92796], [-89.633435, 20.927694], [-89.632412, 20.927434], [-89.63138, 20.927172], [-89.629887, 20.926793], [-89.629184, 20.926616], [-89.6279, 20.926293], [-89.626778, 20.92601], [-89.626562, 20.926738], [-89.626413, 20.927242], [-89.626257, 20.927765], [-89.626095, 20.928312], [-89.625937, 20.928859], [-89.62526, 20.931203], [-89.625196, 20.931426], [-89.625192, 20.931468], [-89.625174, 20.931703], [-89.625135, 20.932098], [-89.625037, 20.933091], [-89.62492, 20.934274], [-89.62483, 20.935186], [-89.623748, 20.935067], [-89.623641, 20.935992], [-89.623541, 20.936852], [-89.623399, 20.938072], [-89.62445, 20.938058], [-89.62442, 20.938306], [-89.624293, 20.939323], [-89.624157, 20.940419], [-89.624034, 20.94141], [-89.625098, 20.94152], [-89.626171, 20.94163], [-89.627256, 20.941742], [-89.628328, 20.941853], [-89.628357, 20.941622], [-89.629473, 20.941717], [-89.630294, 20.941786], [-89.631176, 20.941861], [-89.631321, 20.941873], [-89.631949, 20.941926], [-89.632712, 20.941991], [-89.632751, 20.941994], [-89.633525, 20.94206], [-89.633903, 20.942092], [-89.63484, 20.942171], [-89.635189, 20.942201], [-89.636325, 20.942298], [-89.637493, 20.942391], [-89.638562, 20.942477], [-89.639662, 20.942565], [-89.640743, 20.942652], [-89.641424, 20.942714], [-89.641752, 20.94222], [-89.642498, 20.94254], [-89.643206, 20.942844], [-89.643953, 20.943164], [-89.644681, 20.943476], [-89.645342, 20.94376]]]}}, {"type": "Feature", "properties": {"state": "Yucatán", "distrito_local": "07", "distrito": "Distrito Electoral Local 07", "cabecera_distrital": "Merida", "fuente_geometria": "IEPAC · Distritación Local 2022"}, "geometry": {"type": "Polygon", "coordinates": [[[-89.654996, 20.953866], [-89.654237, 20.954437], [-89.654424, 20.955418], [-89.654573, 20.956202], [-89.654729, 20.957022], [-89.654884, 20.957839], [-89.65504, 20.958658], [-89.655058, 20.958752], [-89.655245, 20.959738], [-89.655548, 20.961328], [-89.655588, 20.96154], [-89.655708, 20.962188], [-89.65583, 20.962848], [-89.655973, 20.963668], [-89.656134, 20.964676], [-89.655388, 20.964419], [-89.65515, 20.964697], [-89.654537, 20.965554], [-89.654484, 20.965593], [-89.653933, 20.966397], [-89.653277, 20.967301], [-89.652631, 20.968192], [-89.652014, 20.969039], [-89.65158, 20.969633], [-89.651288, 20.970035], [-89.651647, 20.97012], [-89.651373, 20.970749], [-89.651299, 20.971518], [-89.651185, 20.972607], [-89.651005, 20.972592], [-89.650966, 20.973296], [-89.650922, 20.974127], [-89.650869, 20.974948], [-89.650806, 20.975776], [-89.651699, 20.975834], [-89.651643, 20.976695], [-89.651582, 20.977627], [-89.650684, 20.977575], [-89.650639, 20.978345], [-89.65059, 20.97918], [-89.650533, 20.980007], [-89.650474, 20.980845], [-89.650432, 20.981445], [-89.650428, 20.981497], [-89.650425, 20.981546], [-89.650567, 20.981633], [-89.651293, 20.982077], [-89.652172, 20.982614], [-89.65244, 20.982778], [-89.65301, 20.983127], [-89.653878, 20.983658], [-89.654035, 20.983754], [-89.654694, 20.984157], [-89.654823, 20.984237], [-89.655538, 20.984682], [-89.656366, 20.985197], [-89.657281, 20.985747], [-89.657578, 20.985928], [-89.658021, 20.986199], [-89.658301, 20.986371], [-89.65848, 20.986481], [-89.658714, 20.986625], [-89.658919, 20.98675], [-89.6592, 20.986923], [-89.660221, 20.987549], [-89.660639, 20.987806], [-89.661068, 20.988069], [-89.661939, 20.988596], [-89.663428, 20.989523], [-89.663587, 20.989628], [-89.664104, 20.98995], [-89.664642, 20.990287], [-89.665544, 20.990851], [-89.666556, 20.991484], [-89.669167, 20.993117], [-89.669551, 20.993354], [-89.670509, 20.993944], [-89.670963, 20.994224], [-89.671304, 20.994434], [-89.672479, 20.995159], [-89.672792, 20.995352], [-89.673052, 20.995512], [-89.673232, 20.995623], [-89.675143, 20.992704], [-89.675366, 20.992362], [-89.675578, 20.992039], [-89.676336, 20.9909], [-89.676533, 20.990604], [-89.676588, 20.990521], [-89.676646, 20.990434], [-89.677493, 20.989162], [-89.68184, 20.982632], [-89.682279, 20.981973], [-89.683645, 20.979921], [-89.684145, 20.979635], [-89.686043, 20.97855], [-89.692576, 20.981056], [-89.694073, 20.981569], [-89.695457, 20.982043], [-89.696849, 20.98252], [-89.699414, 20.983398], [-89.699553, 20.983433], [-89.699723, 20.983483], [-89.699895, 20.983533], [-89.700067, 20.983583], [-89.700238, 20.983633], [-89.70041, 20.983683], [-89.70058, 20.983733], [-89.700752, 20.983783], [-89.700825, 20.983804], [-89.700925, 20.983833], [-89.701097, 20.983882], [-89.70127, 20.983932], [-89.70144, 20.983982], [-89.701612, 20.984032], [-89.701782, 20.984082], [-89.701952, 20.98413], [-89.70212, 20.984178], [-89.702287, 20.984227], [-89.702452, 20.984275], [-89.702617, 20.984323], [-89.702783, 20.984372], [-89.70295, 20.984422], [-89.703118, 20.98447], [-89.703287, 20.98452], [-89.703457, 20.98457], [-89.703627, 20.98462], [-89.703798, 20.98467], [-89.70397, 20.984718], [-89.704142, 20.984768], [-89.704315, 20.98482], [-89.70449, 20.98487], [-89.704665, 20.984922], [-89.704842, 20.984972], [-89.70502, 20.985023], [-89.705198, 20.985075], [-89.705378, 20.985127], [-89.70556, 20.985178], [-89.705742, 20.985232], [-89.705927, 20.985285], [-89.706112, 20.985338], [-89.706298, 20.985395], [-89.706485, 20.985452], [-89.706673, 20.985507], [-89.706862, 20.985563], [-89.70705, 20.98562], [-89.707238, 20.985678], [-89.707425, 20.985735], [-89.707613, 20.985792], [-89.707802, 20.98585], [-89.70799, 20.985908], [-89.708175, 20.985967], [-89.708368, 20.98602], [-89.70856, 20.986072], [-89.708752, 20.986122], [-89.70894, 20.986168], [-89.70913, 20.986213], [-89.709318, 20.986253], [-89.709508, 20.98629], [-89.709698, 20.986322], [-89.709888, 20.986352], [-89.710077, 20.986378], [-89.710267, 20.986402], [-89.710455, 20.986423], [-89.710643, 20.986442], [-89.710832, 20.986457], [-89.711018, 20.986468], [-89.711202, 20.986478], [-89.711387, 20.986483], [-89.711568, 20.986487], [-89.711752, 20.986488], [-89.711935, 20.986492], [-89.71212, 20.986493], [-89.712303, 20.986493], [-89.712487, 20.986495], [-89.712672, 20.986495], [-89.712857, 20.986497], [-89.713043, 20.986497], [-89.713232, 20.986497], [-89.71342, 20.986498], [-89.71361, 20.986498], [-89.7138, 20.986498], [-89.71399, 20.986498], [-89.714182, 20.9865], [-89.714373, 20.986502], [-89.714567, 20.986502], [-89.71476, 20.986503], [-89.714953, 20.986507], [-89.715148, 20.986507], [-89.715345, 20.986507], [-89.715542, 20.986507], [-89.71574, 20.986507], [-89.715938, 20.986508], [-89.716137, 20.98651], [-89.716337, 20.98651], [-89.716535, 20.986512], [-89.716735, 20.986512], [-89.716935, 20.986513], [-89.717137, 20.986513], [-89.717338, 20.986515], [-89.71754, 20.986517], [-89.717742, 20.986518], [-89.717943, 20.986522], [-89.718143, 20.986523], [-89.718345, 20.986527], [-89.718545, 20.986528], [-89.718745, 20.98653], [-89.718945, 20.986532], [-89.719143, 20.986535], [-89.719342, 20.986537], [-89.719542, 20.98654], [-89.71974, 20.986543], [-89.71994, 20.986547], [-89.72014, 20.98655], [-89.720338, 20.986552], [-89.720537, 20.986555], [-89.720735, 20.986557], [-89.720932, 20.986557], [-89.721127, 20.986558], [-89.721322, 20.98656], [-89.721515, 20.986562], [-89.721708, 20.986563], [-89.7219, 20.986567], [-89.722092, 20.986568], [-89.722282, 20.98657], [-89.72247, 20.986573], [-89.722657, 20.986575], [-89.722845, 20.986577], [-89.723032, 20.986578], [-89.72322, 20.98658], [-89.723407, 20.986582], [-89.723593, 20.986583], [-89.72378, 20.986587], [-89.723965, 20.986588], [-89.72415, 20.98659], [-89.724335, 20.986592], [-89.724518, 20.986595], [-89.724703, 20.986597], [-89.724887, 20.986597], [-89.725072, 20.986598], [-89.725255, 20.986602], [-89.72544, 20.986603], [-89.725623, 20.986605], [-89.725807, 20.986607], [-89.72599, 20.986608], [-89.726172, 20.98661], [-89.726353, 20.986613], [-89.726535, 20.986615], [-89.726717, 20.986617], [-89.7269, 20.986618], [-89.727082, 20.98662], [-89.727263, 20.986623], [-89.727445, 20.986628], [-89.727627, 20.986632], [-89.72781, 20.986633], [-89.727993, 20.986638], [-89.728177, 20.986642], [-89.728358, 20.986643], [-89.72854, 20.986647], [-89.728722, 20.98665], [-89.728903, 20.986653], [-89.729083, 20.986655], [-89.729263, 20.986657], [-89.729442, 20.986658], [-89.729622, 20.986662], [-89.7298, 20.986663], [-89.729977, 20.986667], [-89.730152, 20.98667], [-89.730328, 20.986673], [-89.730505, 20.986677], [-89.73068, 20.986678], [-89.730857, 20.986682], [-89.731032, 20.986683], [-89.731205, 20.986685], [-89.731378, 20.986688], [-89.73155, 20.986692], [-89.731722, 20.986695], [-89.731892, 20.986698], [-89.73206, 20.986702], [-89.732227, 20.986703], [-89.73239, 20.986707], [-89.732548, 20.986708], [-89.732702, 20.98671], [-89.732853, 20.98671], [-89.733002, 20.986712], [-89.733143, 20.986715], [-89.733277, 20.986718], [-89.7334, 20.98672], [-89.733513, 20.986722], [-89.733622, 20.986722], [-89.73372, 20.986722], [-89.733805, 20.986722], [-89.733873, 20.986722], [-89.733928, 20.986723], [-89.73398, 20.986722], [-89.734272, 20.986717], [-89.734305, 20.986717], [-89.734348, 20.98672], [-89.734403, 20.986722], [-89.734468, 20.986723], [-89.73455, 20.986727], [-89.734647, 20.986728], [-89.734753, 20.986728], [-89.73487, 20.98673], [-89.734997, 20.98673], [-89.735127, 20.986733], [-89.73526, 20.986735], [-89.735395, 20.986737], [-89.735532, 20.986737], [-89.735715, 20.986742], [-89.73573, 20.985449], [-89.745365, 20.99562], [-89.749179, 20.992398], [-89.755974, 20.999736], [-89.759967, 20.997675], [-89.760022, 20.998279], [-89.760291, 20.998345], [-89.76434, 20.999239], [-89.764608, 20.99812], [-89.765272, 20.996571], [-89.762977, 20.994866], [-89.761448, 20.996519], [-89.760643, 20.996296], [-89.760222, 20.995986], [-89.75999, 20.996211], [-89.758892, 20.995159], [-89.758596, 20.99542], [-89.744797, 20.981071], [-89.744567, 20.980832], [-89.748973, 20.970871], [-89.749249, 20.953075], [-89.749, 20.953065], [-89.736481, 20.953098], [-89.736428, 20.952345], [-89.737051, 20.951144], [-89.737338, 20.950224], [-89.73779, 20.949108], [-89.737854, 20.948798], [-89.737878, 20.948684], [-89.737885, 20.948646], [-89.737887, 20.9486], [-89.73486, 20.947398], [-89.730786, 20.946718], [-89.730672, 20.946695], [-89.727286, 20.946], [-89.726642, 20.945773], [-89.726658, 20.944632], [-89.726732, 20.944056], [-89.729541, 20.933372], [-89.732319, 20.923239], [-89.732128, 20.923231], [-89.731339, 20.923244], [-89.730464, 20.923367], [-89.72812, 20.92405], [-89.727113, 20.924529], [-89.724689, 20.924736], [-89.723817, 20.924967], [-89.72257, 20.925444], [-89.721959, 20.925654], [-89.721509, 20.925851], [-89.719968, 20.926258], [-89.719534, 20.926574], [-89.719047, 20.926995], [-89.718225, 20.927168], [-89.716191, 20.926823], [-89.71559, 20.926792], [-89.715866, 20.925157], [-89.713733, 20.924742], [-89.713125, 20.92826], [-89.711048, 20.927889], [-89.711738, 20.924969], [-89.711879, 20.924372], [-89.711255, 20.92425], [-89.710703, 20.924142], [-89.710465, 20.924096], [-89.70735, 20.922794], [-89.699764, 20.921285], [-89.696261, 20.923659], [-89.69152, 20.92687], [-89.690305, 20.927693], [-89.685396, 20.931396], [-89.683387, 20.932879], [-89.680715, 20.934855], [-89.677428, 20.937306], [-89.663364, 20.947657], [-89.661939, 20.948693], [-89.661735, 20.948848], [-89.66107, 20.949352], [-89.660653, 20.94966], [-89.65999, 20.950149], [-89.659961, 20.95017], [-89.659839, 20.95026], [-89.659098, 20.950807], [-89.65906, 20.950835], [-89.659014, 20.950869], [-89.658953, 20.950914], [-89.658075, 20.951562], [-89.657534, 20.951961], [-89.65748, 20.952001], [-89.657289, 20.952142], [-89.656886, 20.952445], [-89.655905, 20.953183], [-89.654996, 20.953866]]]}}, {"type": "Feature", "properties": {"state": "Yucatán", "distrito_local": "08", "distrito": "Distrito Electoral Local 08", "cabecera_distrital": "Merida", "fuente_geometria": "IEPAC · Distritación Local 2022"}, "geometry": {"type": "Polygon", "coordinates": [[[-89.653925, 21.010318], [-89.653782, 21.010504], [-89.653628, 21.010676], [-89.653523, 21.010802], [-89.653325, 21.011048], [-89.65297, 21.011509], [-89.653305, 21.011804], [-89.65365, 21.012117], [-89.654073, 21.012501], [-89.654503, 21.01288], [-89.65487, 21.013204], [-89.655306, 21.013577], [-89.655637, 21.01386], [-89.656085, 21.014256], [-89.65643, 21.014559], [-89.656873, 21.01495], [-89.657191, 21.015231], [-89.657679, 21.015661], [-89.657985, 21.01593], [-89.658538, 21.016409], [-89.658613, 21.016475], [-89.658715, 21.016574], [-89.658809, 21.016825], [-89.659415, 21.018382], [-89.659504, 21.018453], [-89.661194, 21.018824], [-89.660703, 21.02004], [-89.65965, 21.02265], [-89.659279, 21.023569], [-89.656573, 21.030352], [-89.655943, 21.031931], [-89.666722, 21.033766], [-89.667764, 21.033943], [-89.675951, 21.033979], [-89.680622, 21.033998], [-89.691948, 21.034046], [-89.706138, 21.033991], [-89.70969, 21.033977], [-89.723764, 21.03392], [-89.724468, 21.033922], [-89.724469, 21.031142], [-89.724472, 21.02311], [-89.724472, 21.022702], [-89.724475, 21.017178], [-89.735564, 21.017144], [-89.73557, 21.000485], [-89.735611, 20.995841], [-89.735715, 20.986742], [-89.735532, 20.986737], [-89.735395, 20.986737], [-89.73526, 20.986735], [-89.735127, 20.986733], [-89.734997, 20.98673], [-89.73487, 20.98673], [-89.734753, 20.986728], [-89.734647, 20.986728], [-89.73455, 20.986727], [-89.734468, 20.986723], [-89.734403, 20.986722], [-89.734348, 20.98672], [-89.734305, 20.986717], [-89.734272, 20.986717], [-89.73398, 20.986722], [-89.733928, 20.986723], [-89.733873, 20.986722], [-89.733805, 20.986722], [-89.73372, 20.986722], [-89.733622, 20.986722], [-89.733513, 20.986722], [-89.7334, 20.98672], [-89.733277, 20.986718], [-89.733143, 20.986715], [-89.733002, 20.986712], [-89.732853, 20.98671], [-89.732702, 20.98671], [-89.732548, 20.986708], [-89.73239, 20.986707], [-89.732227, 20.986703], [-89.73206, 20.986702], [-89.731892, 20.986698], [-89.731722, 20.986695], [-89.73155, 20.986692], [-89.731378, 20.986688], [-89.731205, 20.986685], [-89.731032, 20.986683], [-89.730857, 20.986682], [-89.73068, 20.986678], [-89.730505, 20.986677], [-89.730328, 20.986673], [-89.730152, 20.98667], [-89.729977, 20.986667], [-89.7298, 20.986663], [-89.729622, 20.986662], [-89.729442, 20.986658], [-89.729263, 20.986657], [-89.729083, 20.986655], [-89.728903, 20.986653], [-89.728722, 20.98665], [-89.72854, 20.986647], [-89.728358, 20.986643], [-89.728177, 20.986642], [-89.727993, 20.986638], [-89.72781, 20.986633], [-89.727627, 20.986632], [-89.727445, 20.986628], [-89.727263, 20.986623], [-89.727082, 20.98662], [-89.7269, 20.986618], [-89.726717, 20.986617], [-89.726535, 20.986615], [-89.726353, 20.986613], [-89.726172, 20.98661], [-89.72599, 20.986608], [-89.725807, 20.986607], [-89.725623, 20.986605], [-89.72544, 20.986603], [-89.725255, 20.986602], [-89.725072, 20.986598], [-89.724887, 20.986597], [-89.724703, 20.986597], [-89.724518, 20.986595], [-89.724335, 20.986592], [-89.72415, 20.98659], [-89.723965, 20.986588], [-89.72378, 20.986587], [-89.723593, 20.986583], [-89.723407, 20.986582], [-89.72322, 20.98658], [-89.723032, 20.986578], [-89.722845, 20.986577], [-89.722657, 20.986575], [-89.72247, 20.986573], [-89.722282, 20.98657], [-89.722092, 20.986568], [-89.7219, 20.986567], [-89.721708, 20.986563], [-89.721515, 20.986562], [-89.721322, 20.98656], [-89.721127, 20.986558], [-89.720932, 20.986557], [-89.720735, 20.986557], [-89.720537, 20.986555], [-89.720338, 20.986552], [-89.72014, 20.98655], [-89.71994, 20.986547], [-89.71974, 20.986543], [-89.719542, 20.98654], [-89.719342, 20.986537], [-89.719143, 20.986535], [-89.718945, 20.986532], [-89.718745, 20.98653], [-89.718545, 20.986528], [-89.718345, 20.986527], [-89.718143, 20.986523], [-89.717943, 20.986522], [-89.717742, 20.986518], [-89.71754, 20.986517], [-89.717338, 20.986515], [-89.717137, 20.986513], [-89.716935, 20.986513], [-89.716735, 20.986512], [-89.716535, 20.986512], [-89.716337, 20.98651], [-89.716137, 20.98651], [-89.715938, 20.986508], [-89.71574, 20.986507], [-89.715542, 20.986507], [-89.715345, 20.986507], [-89.715148, 20.986507], [-89.714953, 20.986507], [-89.71476, 20.986503], [-89.714567, 20.986502], [-89.714373, 20.986502], [-89.714182, 20.9865], [-89.71399, 20.986498], [-89.7138, 20.986498], [-89.71361, 20.986498], [-89.71342, 20.986498], [-89.713232, 20.986497], [-89.713043, 20.986497], [-89.712857, 20.986497], [-89.712672, 20.986495], [-89.712487, 20.986495], [-89.712303, 20.986493], [-89.71212, 20.986493], [-89.711935, 20.986492], [-89.711752, 20.986488], [-89.711568, 20.986487], [-89.711387, 20.986483], [-89.711202, 20.986478], [-89.711018, 20.986468], [-89.710832, 20.986457], [-89.710643, 20.986442], [-89.710455, 20.986423], [-89.710267, 20.986402], [-89.710077, 20.986378], [-89.709888, 20.986352], [-89.709698, 20.986322], [-89.709508, 20.98629], [-89.709318, 20.986253], [-89.70913, 20.986213], [-89.70894, 20.986168], [-89.708752, 20.986122], [-89.70856, 20.986072], [-89.708368, 20.98602], [-89.708175, 20.985967], [-89.70799, 20.985908], [-89.707802, 20.98585], [-89.707613, 20.985792], [-89.707425, 20.985735], [-89.707238, 20.985678], [-89.70705, 20.98562], [-89.706862, 20.985563], [-89.706673, 20.985507], [-89.706485, 20.985452], [-89.706298, 20.985395], [-89.706112, 20.985338], [-89.705927, 20.985285], [-89.705742, 20.985232], [-89.70556, 20.985178], [-89.705378, 20.985127], [-89.705198, 20.985075], [-89.70502, 20.985023], [-89.704842, 20.984972], [-89.704665, 20.984922], [-89.70449, 20.98487], [-89.704315, 20.98482], [-89.704142, 20.984768], [-89.70397, 20.984718], [-89.703798, 20.98467], [-89.703627, 20.98462], [-89.703457, 20.98457], [-89.703287, 20.98452], [-89.703118, 20.98447], [-89.70295, 20.984422], [-89.702783, 20.984372], [-89.702617, 20.984323], [-89.702452, 20.984275], [-89.702287, 20.984227], [-89.70212, 20.984178], [-89.701952, 20.98413], [-89.701782, 20.984082], [-89.701612, 20.984032], [-89.70144, 20.983982], [-89.70127, 20.983932], [-89.701097, 20.983882], [-89.700925, 20.983833], [-89.700825, 20.983804], [-89.700752, 20.983783], [-89.70058, 20.983733], [-89.70041, 20.983683], [-89.700238, 20.983633], [-89.700067, 20.983583], [-89.699895, 20.983533], [-89.699723, 20.983483], [-89.699553, 20.983433], [-89.699414, 20.983398], [-89.696849, 20.98252], [-89.695457, 20.982043], [-89.694073, 20.981569], [-89.692576, 20.981056], [-89.686043, 20.97855], [-89.684145, 20.979635], [-89.683645, 20.979921], [-89.682279, 20.981973], [-89.68184, 20.982632], [-89.677493, 20.989162], [-89.676646, 20.990434], [-89.676588, 20.990521], [-89.676533, 20.990604], [-89.676336, 20.9909], [-89.675578, 20.992039], [-89.675366, 20.992362], [-89.675143, 20.992704], [-89.673232, 20.995623], [-89.673052, 20.995512], [-89.672792, 20.995352], [-89.672479, 20.995159], [-89.671304, 20.994434], [-89.670963, 20.994224], [-89.670509, 20.993944], [-89.669551, 20.993354], [-89.669167, 20.993117], [-89.666556, 20.991484], [-89.665544, 20.990851], [-89.664642, 20.990287], [-89.664104, 20.98995], [-89.663587, 20.989628], [-89.663583, 20.990522], [-89.663578, 20.991673], [-89.663578, 20.992672], [-89.663565, 20.993697], [-89.66357, 20.994661], [-89.663594, 20.995694], [-89.66358, 20.996664], [-89.663587, 20.997148], [-89.663951, 20.998373], [-89.663689, 20.998283], [-89.66211, 20.997739], [-89.661805, 20.997959], [-89.661758, 20.997992], [-89.661464, 20.998204], [-89.661384, 20.998261], [-89.661086, 20.998475], [-89.660922, 20.998593], [-89.660715, 20.998742], [-89.66048, 20.99891], [-89.660359, 20.998997], [-89.659981, 20.999269], [-89.659785, 20.99941], [-89.659505, 20.999611], [-89.659052, 20.999936], [-89.658938, 21.000019], [-89.658677, 21.000206], [-89.659393, 21.001068], [-89.659522, 21.001224], [-89.659386, 21.001334], [-89.658492, 21.001266], [-89.658494, 21.001719], [-89.658495, 21.001928], [-89.658497, 21.002206], [-89.658499, 21.00264], [-89.6585, 21.002831], [-89.658501, 21.003091], [-89.658503, 21.003388], [-89.658504, 21.003615], [-89.658507, 21.004127], [-89.65851, 21.004611], [-89.658506, 21.004889], [-89.658507, 21.005085], [-89.658131, 21.005482], [-89.65759, 21.006053], [-89.657263, 21.006398], [-89.656988, 21.006731], [-89.656644, 21.007111], [-89.656328, 21.007459], [-89.656187, 21.007614], [-89.65603, 21.007818], [-89.655711, 21.008176], [-89.655425, 21.008522], [-89.655291, 21.008697], [-89.655127, 21.008875], [-89.654968, 21.00905], [-89.654805, 21.009254], [-89.654683, 21.009406], [-89.654509, 21.009608], [-89.654393, 21.009751], [-89.654209, 21.00997], [-89.654084, 21.010132], [-89.653925, 21.010318]]]}}, {"type": "Feature", "properties": {"state": "Yucatán", "distrito_local": "09", "distrito": "Distrito Electoral Local 09", "cabecera_distrital": "Merida", "fuente_geometria": "IEPAC · Distritación Local 2022"}, "geometry": {"type": "Polygon", "coordinates": [[[-89.724464, 21.042084], [-89.724467, 21.036463], [-89.724468, 21.033922], [-89.723764, 21.03392], [-89.70969, 21.033977], [-89.706138, 21.033991], [-89.691948, 21.034046], [-89.680622, 21.033998], [-89.675951, 21.033979], [-89.667764, 21.033943], [-89.666722, 21.033766], [-89.655943, 21.031931], [-89.655397, 21.033298], [-89.65483, 21.034758], [-89.653384, 21.038474], [-89.653233, 21.038844], [-89.652453, 21.040756], [-89.651661, 21.042697], [-89.651583, 21.042888], [-89.650803, 21.044798], [-89.650452, 21.045511], [-89.649935, 21.045951], [-89.64979, 21.045999], [-89.649056, 21.046241], [-89.647733, 21.046393], [-89.64513, 21.046692], [-89.639789, 21.047305], [-89.639448, 21.047344], [-89.639116, 21.047383], [-89.635395, 21.047815], [-89.635067, 21.047853], [-89.634679, 21.047898], [-89.633375, 21.048051], [-89.630057, 21.048528], [-89.626693, 21.048891], [-89.62465, 21.049107], [-89.624629, 21.04888], [-89.624632, 21.048783], [-89.624668, 21.047609], [-89.624678, 21.047279], [-89.624691, 21.046882], [-89.624696, 21.046701], [-89.624708, 21.046301], [-89.624716, 21.046041], [-89.624731, 21.045571], [-89.624737, 21.045375], [-89.624757, 21.044722], [-89.624776, 21.044097], [-89.624786, 21.043776], [-89.625823, 21.043328], [-89.625812, 21.042204], [-89.625703, 21.042247], [-89.624703, 21.042695], [-89.623831, 21.043044], [-89.622456, 21.043631], [-89.622467, 21.043236], [-89.622504, 21.041886], [-89.62253, 21.040937], [-89.622523, 21.040744], [-89.622521, 21.040096], [-89.622523, 21.039964], [-89.621954, 21.039915], [-89.621601, 21.039886], [-89.620567, 21.039675], [-89.620549, 21.039968], [-89.618865, 21.039747], [-89.618637, 21.043622], [-89.618579, 21.0446], [-89.618483, 21.046225], [-89.618996, 21.046555], [-89.61866, 21.046693], [-89.618486, 21.046682], [-89.618288, 21.046732], [-89.618186, 21.046774], [-89.615251, 21.045194], [-89.613186, 21.044104], [-89.611565, 21.043231], [-89.610513, 21.042664], [-89.609771, 21.042253], [-89.607703, 21.041495], [-89.604939, 21.040483], [-89.602026, 21.039416], [-89.601963, 21.039392], [-89.600867, 21.038986], [-89.60049, 21.038855], [-89.600029, 21.038694], [-89.599581, 21.038533], [-89.598926, 21.038302], [-89.597881, 21.037934], [-89.596998, 21.037616], [-89.596234, 21.037349], [-89.594767, 21.036818], [-89.594305, 21.03665], [-89.593326, 21.036294], [-89.592476, 21.035988], [-89.591478, 21.035627], [-89.590511, 21.035279], [-89.589505, 21.03492], [-89.588155, 21.034434], [-89.5874, 21.03417], [-89.586562, 21.033871], [-89.585067, 21.033322], [-89.584218, 21.033039], [-89.582921, 21.03257], [-89.580451, 21.031687], [-89.578258, 21.030898], [-89.576311, 21.030207], [-89.574963, 21.029656], [-89.573829, 21.029075], [-89.573171, 21.028529], [-89.572724, 21.028104], [-89.572351, 21.027749], [-89.571617, 21.027051], [-89.569985, 21.025546], [-89.569151, 21.024677], [-89.568452, 21.023997], [-89.56619, 21.021795], [-89.565478, 21.021138], [-89.564821, 21.020154], [-89.564569, 21.019775], [-89.563683, 21.016209], [-89.563578, 21.015787], [-89.563562, 21.015724], [-89.563247, 21.01445], [-89.563148, 21.014062], [-89.562163, 21.010214], [-89.562037, 21.00972], [-89.561914, 21.009242], [-89.561687, 21.008203], [-89.561255, 21.006512], [-89.561057, 21.005695], [-89.560841, 21.004651], [-89.560747, 21.004023], [-89.560696, 21.003182], [-89.5607, 21.002663], [-89.560784, 21.001653], [-89.560862, 21.000945], [-89.560999, 20.999925], [-89.561162, 20.99884], [-89.561431, 20.99685], [-89.561574, 20.995865], [-89.561749, 20.994855], [-89.561755, 20.99482], [-89.561907, 20.993724], [-89.561922, 20.993615], [-89.562045, 20.992757], [-89.562186, 20.991769], [-89.562229, 20.991464], [-89.562347, 20.990633], [-89.562422, 20.990112], [-89.562463, 20.989819], [-89.562601, 20.988852], [-89.562933, 20.986524], [-89.563617, 20.982026], [-89.56353, 20.981785], [-89.563317, 20.981788], [-89.562763, 20.981802], [-89.562241, 20.981821], [-89.561756, 20.981838], [-89.558788, 20.981847], [-89.558682, 20.981839], [-89.558601, 20.981804], [-89.558517, 20.981794], [-89.558447, 20.981805], [-89.55839, 20.981827], [-89.558238, 20.981866], [-89.558175, 20.981866], [-89.552451, 20.981859], [-89.547244, 20.981852], [-89.547039, 20.981855], [-89.546609, 20.98187], [-89.546533, 20.981854], [-89.544914, 20.981909], [-89.544774, 20.981909], [-89.544682, 20.98191], [-89.544537, 20.98191], [-89.543201, 20.981912], [-89.543057, 20.981913], [-89.542565, 20.981914], [-89.542415, 20.981908], [-89.542363, 20.981914], [-89.54228, 20.981914], [-89.542193, 20.981899], [-89.542013, 20.981895], [-89.541782, 20.981744], [-89.541563, 20.981886], [-89.541333, 20.981882], [-89.541183, 20.981912], [-89.540094, 20.981914], [-89.540093, 20.981675], [-89.534636, 20.980942], [-89.53574, 20.972834], [-89.540583, 20.97197], [-89.540562, 20.971194], [-89.540545, 20.970619], [-89.540456, 20.967314], [-89.540452, 20.967285], [-89.540444, 20.967231], [-89.540436, 20.967177], [-89.540426, 20.967109], [-89.540297, 20.965512], [-89.540268, 20.964632], [-89.540252, 20.964111], [-89.540218, 20.963079], [-89.540215, 20.962569], [-89.540213, 20.962064], [-89.540189, 20.961537], [-89.540188, 20.960504], [-89.534375, 20.961346], [-89.528976, 20.962222], [-89.527778, 20.962427], [-89.52304, 20.963452], [-89.514388, 20.964143], [-89.514298, 20.965768], [-89.506588, 20.965824], [-89.505091, 20.958963], [-89.504984, 20.95874], [-89.504942, 20.958626], [-89.504961, 20.958372], [-89.504922, 20.958151], [-89.504835, 20.957844], [-89.50477, 20.95741], [-89.504443, 20.955955], [-89.504307, 20.955971], [-89.50398, 20.955993], [-89.501769, 20.955776], [-89.50177, 20.955672], [-89.478061, 20.95572], [-89.478062, 20.956259], [-89.478064, 20.957373], [-89.478085, 20.970116], [-89.482083, 20.970119], [-89.528221, 20.970154], [-89.529164, 20.970154], [-89.529343, 20.978591], [-89.525447, 20.982585], [-89.500811, 21.007168], [-89.471592, 21.037022], [-89.479802, 21.03694], [-89.480486, 21.036933], [-89.493826, 21.0368], [-89.49907, 21.036746], [-89.522586, 21.036502], [-89.535654, 21.042593], [-89.542526, 21.045796], [-89.543496, 21.058227], [-89.543588, 21.059408], [-89.561772, 21.075475], [-89.564617, 21.079886], [-89.557561, 21.084926], [-89.554238, 21.0873], [-89.553542, 21.087797], [-89.551871, 21.100512], [-89.550019, 21.11512], [-89.573132, 21.115706], [-89.577111, 21.115806], [-89.577514, 21.128468], [-89.579687, 21.196633], [-89.583187, 21.19649], [-89.643339, 21.196365], [-89.641061, 21.183801], [-89.635926, 21.155221], [-89.635099, 21.150614], [-89.647054, 21.150438], [-89.679845, 21.150745], [-89.679855, 21.154439], [-89.679892, 21.167446], [-89.761468, 21.167523], [-89.761471, 21.152286], [-89.761474, 21.132936], [-89.761475, 21.131654], [-89.761487, 21.071052], [-89.735723, 21.071081], [-89.735555, 21.042091], [-89.724464, 21.042084]]]}}, {"type": "Feature", "properties": {"state": "Yucatán", "distrito_local": "10", "distrito": "Distrito Electoral Local 10", "cabecera_distrital": "Kanasin", "fuente_geometria": "IEPAC · Distritación Local 2022"}, "geometry": {"type": "Polygon", "coordinates": [[[-89.56644, 20.96179], [-89.566452, 20.961739], [-89.566471, 20.961654], [-89.566527, 20.961361], [-89.566569, 20.961016], [-89.566645, 20.960588], [-89.566706, 20.960043], [-89.566833, 20.959299], [-89.567036, 20.957933], [-89.56731, 20.956226], [-89.567259, 20.956045], [-89.567229, 20.955667], [-89.567264, 20.955439], [-89.567447, 20.955285], [-89.567452, 20.955133], [-89.567604, 20.954115], [-89.567666, 20.953714], [-89.567726, 20.953406], [-89.567887, 20.952736], [-89.567944, 20.952536], [-89.567974, 20.952453], [-89.568005, 20.952], [-89.568245, 20.951416], [-89.568556, 20.950727], [-89.56864, 20.950534], [-89.568968, 20.94995], [-89.569249, 20.949602], [-89.569496, 20.949242], [-89.569663, 20.948999], [-89.569705, 20.948902], [-89.570009, 20.94846], [-89.570461, 20.947905], [-89.570495, 20.947925], [-89.57065, 20.947825], [-89.570755, 20.947804], [-89.570856, 20.947703], [-89.571378, 20.947179], [-89.572032, 20.946809], [-89.572573, 20.946408], [-89.573034, 20.946079], [-89.573291, 20.945782], [-89.573628, 20.945566], [-89.573813, 20.945434], [-89.574171, 20.945156], [-89.574342, 20.945071], [-89.574896, 20.944633], [-89.575097, 20.944557], [-89.575903, 20.943892], [-89.576812, 20.943225], [-89.577127, 20.942983], [-89.577234, 20.942894], [-89.577327, 20.942855], [-89.577526, 20.94274], [-89.577764, 20.942518], [-89.578059, 20.942314], [-89.578568, 20.941963], [-89.579253, 20.941505], [-89.579225, 20.941427], [-89.583624, 20.938241], [-89.583836, 20.938072], [-89.583884, 20.938017], [-89.58392, 20.937985], [-89.584029, 20.9379], [-89.584246, 20.937737], [-89.584375, 20.937649], [-89.584532, 20.937543], [-89.58514, 20.937058], [-89.585553, 20.936747], [-89.586039, 20.93641], [-89.586129, 20.936335], [-89.586658, 20.935947], [-89.58723, 20.935527], [-89.587837, 20.935082], [-89.587904, 20.935034], [-89.588386, 20.934671], [-89.588537, 20.934558], [-89.588892, 20.93429], [-89.589084, 20.934139], [-89.58923, 20.934093], [-89.589314, 20.934057], [-89.58943, 20.933971], [-89.589592, 20.933843], [-89.589795, 20.933664], [-89.589916, 20.933573], [-89.590221, 20.933353], [-89.590393, 20.933253], [-89.590626, 20.933102], [-89.590718, 20.933034], [-89.590892, 20.932904], [-89.590979, 20.932843], [-89.591325, 20.932563], [-89.591558, 20.932397], [-89.59173, 20.932279], [-89.591879, 20.932184], [-89.592171, 20.931984], [-89.592315, 20.931888], [-89.592446, 20.931803], [-89.59249, 20.931776], [-89.592776, 20.931585], [-89.592852, 20.931419], [-89.593211, 20.931145], [-89.593669, 20.930833], [-89.593763, 20.930765], [-89.594356, 20.930328], [-89.59484, 20.929975], [-89.59502, 20.929837], [-89.595294, 20.92964], [-89.596446, 20.928789], [-89.596914, 20.928453], [-89.597313, 20.928169], [-89.597493, 20.928058], [-89.59853, 20.92729], [-89.599085, 20.926864], [-89.59976, 20.92639], [-89.598542, 20.919344], [-89.59846, 20.918838], [-89.599646, 20.918798], [-89.599538, 20.918218], [-89.599442, 20.917544], [-89.59936, 20.916964], [-89.599357, 20.916902], [-89.59932, 20.916099], [-89.599313, 20.915022], [-89.59906, 20.914475], [-89.598709, 20.914529], [-89.597995, 20.914663], [-89.596732, 20.91492], [-89.595696, 20.915113], [-89.594806, 20.915278], [-89.59465, 20.915307], [-89.591738, 20.915593], [-89.590565, 20.915708], [-89.587671, 20.915992], [-89.587313, 20.915109], [-89.586955, 20.914226], [-89.586766, 20.913759], [-89.586268, 20.912365], [-89.586245, 20.911661], [-89.58122, 20.910612], [-89.581342, 20.909701], [-89.58136, 20.909563], [-89.581457, 20.908742], [-89.581535, 20.908284], [-89.5816, 20.907899], [-89.581729, 20.907039], [-89.58194, 20.90623], [-89.578671, 20.905082], [-89.577875, 20.904802], [-89.572028, 20.907152], [-89.570412, 20.904535], [-89.569801, 20.905853], [-89.569644, 20.906205], [-89.569462, 20.906448], [-89.569421, 20.906776], [-89.56945, 20.907059], [-89.569133, 20.907588], [-89.568888, 20.908203], [-89.568665, 20.908447], [-89.568523, 20.908602], [-89.568155, 20.908804], [-89.567878, 20.908895], [-89.567694, 20.909029], [-89.567604, 20.909182], [-89.567588, 20.909435], [-89.567333, 20.909646], [-89.567125, 20.909714], [-89.5668, 20.909741], [-89.566545, 20.910104], [-89.566302, 20.910513], [-89.56605, 20.910757], [-89.565435, 20.911464], [-89.565374, 20.911967], [-89.56552, 20.91238], [-89.565436, 20.912883], [-89.56528, 20.913279], [-89.565074, 20.913478], [-89.564847, 20.913744], [-89.564531, 20.914316], [-89.564132, 20.914755], [-89.563829, 20.914734], [-89.563437, 20.914867], [-89.563174, 20.915008], [-89.56252, 20.917929], [-89.56234, 20.918677], [-89.562148, 20.919414], [-89.561082, 20.922251], [-89.560148, 20.92472], [-89.560146, 20.925484], [-89.560149, 20.925572], [-89.560161, 20.925877], [-89.560169, 20.926095], [-89.560177, 20.926303], [-89.560192, 20.9267], [-89.560204, 20.927037], [-89.560207, 20.927107], [-89.56013, 20.927492], [-89.560112, 20.927584], [-89.560049, 20.927898], [-89.559962, 20.928333], [-89.559734, 20.929468], [-89.559421, 20.9308], [-89.55919, 20.931594], [-89.558951, 20.932356], [-89.558518, 20.934084], [-89.558465, 20.934297], [-89.558343, 20.934782], [-89.558317, 20.934883], [-89.558175, 20.935453], [-89.557579, 20.935266], [-89.557372, 20.935202], [-89.557086, 20.935112], [-89.556366, 20.934886], [-89.556176, 20.934803], [-89.555801, 20.934641], [-89.554855, 20.934228], [-89.554231, 20.933914], [-89.5535, 20.933435], [-89.55329, 20.93323], [-89.552654, 20.932775], [-89.552213, 20.932465], [-89.551806, 20.932179], [-89.551542, 20.931993], [-89.551408, 20.931899], [-89.551012, 20.931621], [-89.550634, 20.931355], [-89.550231, 20.931072], [-89.549889, 20.930765], [-89.549398, 20.930416], [-89.548984, 20.930121], [-89.548141, 20.931344], [-89.548045, 20.931513], [-89.548033, 20.932365], [-89.547281, 20.932141], [-89.546622, 20.933202], [-89.546362, 20.933621], [-89.545982, 20.934144], [-89.545798, 20.934063], [-89.545604, 20.935179], [-89.545266, 20.935174], [-89.545013, 20.935167], [-89.544814, 20.935138], [-89.544538, 20.935049], [-89.544116, 20.934886], [-89.543643, 20.93506], [-89.543649, 20.935483], [-89.540101, 20.938478], [-89.541214, 20.939576], [-89.52956, 20.952607], [-89.534592, 20.9556], [-89.50177, 20.955672], [-89.501769, 20.955776], [-89.50398, 20.955993], [-89.504307, 20.955971], [-89.504443, 20.955955], [-89.50477, 20.95741], [-89.504835, 20.957844], [-89.504922, 20.958151], [-89.504961, 20.958372], [-89.504942, 20.958626], [-89.504984, 20.95874], [-89.505091, 20.958963], [-89.506588, 20.965824], [-89.514298, 20.965768], [-89.514388, 20.964143], [-89.52304, 20.963452], [-89.527778, 20.962427], [-89.528976, 20.962222], [-89.534375, 20.961346], [-89.540188, 20.960504], [-89.540189, 20.961537], [-89.540213, 20.962064], [-89.540215, 20.962569], [-89.540218, 20.963079], [-89.540252, 20.964111], [-89.540268, 20.964632], [-89.540297, 20.965512], [-89.540426, 20.967109], [-89.540436, 20.967177], [-89.540444, 20.967231], [-89.540452, 20.967285], [-89.540456, 20.967314], [-89.540545, 20.970619], [-89.540562, 20.971194], [-89.540583, 20.97197], [-89.53574, 20.972834], [-89.534636, 20.980942], [-89.540093, 20.981675], [-89.540094, 20.981914], [-89.541183, 20.981912], [-89.541333, 20.981882], [-89.541563, 20.981886], [-89.541782, 20.981744], [-89.542013, 20.981895], [-89.542193, 20.981899], [-89.54228, 20.981914], [-89.542363, 20.981914], [-89.542415, 20.981908], [-89.542565, 20.981914], [-89.543057, 20.981913], [-89.543201, 20.981912], [-89.544537, 20.98191], [-89.544682, 20.98191], [-89.544774, 20.981909], [-89.544914, 20.981909], [-89.546533, 20.981854], [-89.546609, 20.98187], [-89.547039, 20.981855], [-89.547244, 20.981852], [-89.552451, 20.981859], [-89.558175, 20.981866], [-89.558238, 20.981866], [-89.55839, 20.981827], [-89.558447, 20.981805], [-89.558517, 20.981794], [-89.558601, 20.981804], [-89.558682, 20.981839], [-89.558788, 20.981847], [-89.561756, 20.981838], [-89.562241, 20.981821], [-89.562763, 20.981802], [-89.563317, 20.981788], [-89.56353, 20.981785], [-89.563547, 20.981669], [-89.563618, 20.981159], [-89.563666, 20.980818], [-89.563712, 20.98049], [-89.563728, 20.98037], [-89.563797, 20.980009], [-89.563912, 20.979149], [-89.563975, 20.978677], [-89.564016, 20.978407], [-89.564094, 20.978104], [-89.564161, 20.977853], [-89.564302, 20.976998], [-89.56468, 20.974361], [-89.564728, 20.974088], [-89.564651, 20.974028], [-89.564719, 20.973554], [-89.564926, 20.97211], [-89.565369, 20.96911], [-89.565464, 20.968467], [-89.565529, 20.96805], [-89.56567, 20.967106], [-89.565881, 20.965663], [-89.565986, 20.964979], [-89.566021, 20.964799], [-89.566063, 20.96464], [-89.566084, 20.964341], [-89.566182, 20.963654], [-89.566232, 20.963337], [-89.566287, 20.962991], [-89.566308, 20.962785], [-89.566312, 20.962731], [-89.566307, 20.962688], [-89.566323, 20.96256], [-89.566331, 20.962494], [-89.566334, 20.962442], [-89.566331, 20.962386], [-89.566322, 20.962336], [-89.566305, 20.962289], [-89.56628, 20.962247], [-89.566261, 20.962223], [-89.566228, 20.962192], [-89.566179, 20.962147], [-89.566374, 20.961932], [-89.566392, 20.961907], [-89.566402, 20.96189], [-89.566412, 20.961872], [-89.566422, 20.96185], [-89.566429, 20.961831], [-89.566435, 20.961812], [-89.56644, 20.96179]]]}}, {"type": "Feature", "properties": {"state": "Yucatán", "distrito_local": "11", "distrito": "Distrito Electoral Local 11", "cabecera_distrital": "Tecoh", "fuente_geometria": "IEPAC · Distritación Local 2022"}, "geometry": {"type": "Polygon", "coordinates": [[[-89.566685, 20.882175], [-89.57093, 20.886684], [-89.570568, 20.888815], [-89.567129, 20.889998], [-89.561871, 20.890237], [-89.563859, 20.893591], [-89.559891, 20.894367], [-89.558677, 20.892745], [-89.558293, 20.892004], [-89.557612, 20.890955], [-89.556829, 20.889731], [-89.555938, 20.886825], [-89.555674, 20.886009], [-89.554178, 20.886164], [-89.552662, 20.887606], [-89.550205, 20.885364], [-89.545629, 20.881372], [-89.548863, 20.877604], [-89.54927, 20.877104], [-89.551367, 20.878892], [-89.552085, 20.877633], [-89.552316, 20.876107], [-89.552497, 20.875448], [-89.552761, 20.874813], [-89.557698, 20.877847], [-89.558113, 20.877855], [-89.558142, 20.877856], [-89.558234, 20.877858], [-89.558272, 20.877245], [-89.559056, 20.873667], [-89.553016, 20.872981], [-89.552977, 20.871317], [-89.552969, 20.870382], [-89.5589, 20.871084], [-89.558777, 20.870171], [-89.547103, 20.856329], [-89.545437, 20.855349], [-89.544963, 20.854826], [-89.544718, 20.853792], [-89.54429, 20.853152], [-89.543865, 20.85179], [-89.54368, 20.850904], [-89.538083, 20.837478], [-89.569321, 20.841366], [-89.571835, 20.817608], [-89.572714, 20.809299], [-89.575375, 20.784143], [-89.58451, 20.775395], [-89.588419, 20.771651], [-89.588464, 20.759166], [-89.588311, 20.744434], [-89.58823, 20.736589], [-89.5879, 20.706493], [-89.587631, 20.681812], [-89.58747, 20.66707], [-89.587448, 20.65095], [-89.563874, 20.650881], [-89.563772, 20.620081], [-89.563744, 20.605991], [-89.547388, 20.605918], [-89.547248, 20.542096], [-89.514817, 20.542071], [-89.495082, 20.542054], [-89.49271, 20.542052], [-89.449904, 20.542005], [-89.449909, 20.547809], [-89.449916, 20.55515], [-89.443375, 20.555159], [-89.442271, 20.55516], [-89.435145, 20.555169], [-89.434472, 20.55517], [-89.400033, 20.555208], [-89.400122, 20.56728], [-89.403591, 20.567282], [-89.449714, 20.5673], [-89.449764, 20.606075], [-89.449658, 20.6223], [-89.449635, 20.625832], [-89.399789, 20.62581], [-89.377845, 20.625793], [-89.376058, 20.625792], [-89.375579, 20.625791], [-89.34959, 20.625767], [-89.344663, 20.625753], [-89.250185, 20.625449], [-89.241448, 20.625452], [-89.208335, 20.62546], [-89.208162, 20.604666], [-89.179035, 20.604698], [-89.179057, 20.614071], [-89.17908, 20.623594], [-89.179084, 20.625329], [-89.176965, 20.625333], [-89.141864, 20.625384], [-89.124077, 20.625435], [-89.066842, 20.625587], [-89.050997, 20.625625], [-89.046602, 20.625636], [-89.04661, 20.636348], [-89.046633, 20.667246], [-89.046528, 20.71696], [-89.091216, 20.75863], [-89.091445, 20.811008], [-89.091446, 20.811108], [-89.088644, 20.811144], [-89.086169, 20.811177], [-89.086375, 20.825475], [-89.086366, 20.851483], [-89.144926, 20.851847], [-89.150115, 20.851878], [-89.172384, 20.851929], [-89.194708, 20.851978], [-89.211145, 20.852012], [-89.217522, 20.852024], [-89.228879, 20.852047], [-89.254472, 20.8516], [-89.263813, 20.851437], [-89.283534, 20.851089], [-89.283486, 20.841128], [-89.283468, 20.837388], [-89.283444, 20.832491], [-89.28337, 20.817137], [-89.283307, 20.804015], [-89.283192, 20.780039], [-89.299237, 20.779786], [-89.332811, 20.780072], [-89.365152, 20.78002], [-89.396119, 20.779964], [-89.404571, 20.823113], [-89.40559, 20.828313], [-89.410024, 20.850938], [-89.410253, 20.852101], [-89.416823, 20.885474], [-89.428492, 20.892429], [-89.428904, 20.892674], [-89.463589, 20.913339], [-89.47421, 20.919664], [-89.52956, 20.952607], [-89.541214, 20.939576], [-89.540101, 20.938478], [-89.543649, 20.935483], [-89.543643, 20.93506], [-89.544116, 20.934886], [-89.544538, 20.935049], [-89.544814, 20.935138], [-89.545013, 20.935167], [-89.545266, 20.935174], [-89.545604, 20.935179], [-89.545798, 20.934063], [-89.545982, 20.934144], [-89.546362, 20.933621], [-89.546622, 20.933202], [-89.547281, 20.932141], [-89.548033, 20.932365], [-89.548045, 20.931513], [-89.548141, 20.931344], [-89.548984, 20.930121], [-89.549398, 20.930416], [-89.549889, 20.930765], [-89.550231, 20.931072], [-89.550634, 20.931355], [-89.551012, 20.931621], [-89.551408, 20.931899], [-89.551542, 20.931993], [-89.551806, 20.932179], [-89.552213, 20.932465], [-89.552654, 20.932775], [-89.55329, 20.93323], [-89.5535, 20.933435], [-89.554231, 20.933914], [-89.554855, 20.934228], [-89.555801, 20.934641], [-89.556176, 20.934803], [-89.556366, 20.934886], [-89.557086, 20.935112], [-89.557372, 20.935202], [-89.557579, 20.935266], [-89.558175, 20.935453], [-89.558317, 20.934883], [-89.558343, 20.934782], [-89.558465, 20.934297], [-89.558518, 20.934084], [-89.558951, 20.932356], [-89.55919, 20.931594], [-89.559421, 20.9308], [-89.559734, 20.929468], [-89.559962, 20.928333], [-89.560049, 20.927898], [-89.560112, 20.927584], [-89.56013, 20.927492], [-89.560207, 20.927107], [-89.560204, 20.927037], [-89.560192, 20.9267], [-89.560177, 20.926303], [-89.560169, 20.926095], [-89.560161, 20.925877], [-89.560149, 20.925572], [-89.560146, 20.925484], [-89.560148, 20.92472], [-89.561082, 20.922251], [-89.562148, 20.919414], [-89.56234, 20.918677], [-89.56252, 20.917929], [-89.563174, 20.915008], [-89.563437, 20.914867], [-89.563829, 20.914734], [-89.564132, 20.914755], [-89.564531, 20.914316], [-89.564847, 20.913744], [-89.565074, 20.913478], [-89.56528, 20.913279], [-89.565436, 20.912883], [-89.56552, 20.91238], [-89.565374, 20.911967], [-89.565435, 20.911464], [-89.56605, 20.910757], [-89.566302, 20.910513], [-89.566545, 20.910104], [-89.5668, 20.909741], [-89.567125, 20.909714], [-89.567333, 20.909646], [-89.567588, 20.909435], [-89.567604, 20.909182], [-89.567694, 20.909029], [-89.567878, 20.908895], [-89.568155, 20.908804], [-89.568523, 20.908602], [-89.568665, 20.908447], [-89.568888, 20.908203], [-89.569133, 20.907588], [-89.56945, 20.907059], [-89.569421, 20.906776], [-89.569462, 20.906448], [-89.569644, 20.906205], [-89.569801, 20.905853], [-89.570412, 20.904535], [-89.572028, 20.907152], [-89.577875, 20.904802], [-89.578671, 20.905082], [-89.58194, 20.90623], [-89.581729, 20.907039], [-89.5816, 20.907899], [-89.581535, 20.908284], [-89.581457, 20.908742], [-89.58136, 20.909563], [-89.581342, 20.909701], [-89.58122, 20.910612], [-89.586245, 20.911661], [-89.586268, 20.912365], [-89.586766, 20.913759], [-89.586955, 20.914226], [-89.587313, 20.915109], [-89.587671, 20.915992], [-89.590565, 20.915708], [-89.591738, 20.915593], [-89.59465, 20.915307], [-89.594806, 20.915278], [-89.595696, 20.915113], [-89.596732, 20.91492], [-89.597995, 20.914663], [-89.598709, 20.914529], [-89.59906, 20.914475], [-89.599313, 20.915022], [-89.59932, 20.916099], [-89.599357, 20.916902], [-89.59936, 20.916964], [-89.599442, 20.917544], [-89.599538, 20.918218], [-89.599646, 20.918798], [-89.59846, 20.918838], [-89.598542, 20.919344], [-89.59976, 20.92639], [-89.601523, 20.925153], [-89.603476, 20.92372], [-89.60448, 20.922914], [-89.604601, 20.922812], [-89.604616, 20.922824], [-89.605641, 20.922065], [-89.605348, 20.921716], [-89.605089, 20.921398], [-89.604939, 20.921214], [-89.604675, 20.920892], [-89.60435, 20.92049], [-89.604198, 20.920289], [-89.604052, 20.920079], [-89.60388, 20.919808], [-89.603772, 20.919617], [-89.603691, 20.919462], [-89.603592, 20.919257], [-89.603538, 20.919136], [-89.603414, 20.918814], [-89.603333, 20.918581], [-89.603268, 20.918369], [-89.603211, 20.918148], [-89.603188, 20.91806], [-89.60312, 20.91774], [-89.603071, 20.917482], [-89.602959, 20.916902], [-89.602943, 20.916819], [-89.602924, 20.916716], [-89.602816, 20.91615], [-89.602743, 20.915766], [-89.602683, 20.915458], [-89.602561, 20.914823], [-89.60254, 20.91472], [-89.60252, 20.914628], [-89.60238, 20.913895], [-89.602355, 20.913766], [-89.60224, 20.913177], [-89.602179, 20.912862], [-89.602161, 20.912756], [-89.602114, 20.912508], [-89.60209, 20.912387], [-89.602045, 20.912144], [-89.602019, 20.912016], [-89.601991, 20.911879], [-89.601948, 20.911654], [-89.60183, 20.911048], [-89.601805, 20.910921], [-89.60178, 20.910772], [-89.601751, 20.910626], [-89.601721, 20.910485], [-89.601585, 20.909773], [-89.601454, 20.909093], [-89.601426, 20.908945], [-89.601391, 20.908756], [-89.601367, 20.908632], [-89.60128, 20.908185], [-89.601219, 20.907863], [-89.601195, 20.90775], [-89.601183, 20.907691], [-89.601144, 20.907482], [-89.601111, 20.907305], [-89.601042, 20.90695], [-89.601002, 20.90674], [-89.600961, 20.90652], [-89.600874, 20.906073], [-89.60084, 20.905884], [-89.600801, 20.905696], [-89.600768, 20.905513], [-89.600724, 20.905277], [-89.600664, 20.904981], [-89.600617, 20.904724], [-89.600572, 20.904484], [-89.600543, 20.904339], [-89.600489, 20.904066], [-89.60044, 20.903805], [-89.600349, 20.903339], [-89.600303, 20.903103], [-89.600281, 20.902988], [-89.600115, 20.902212], [-89.599913, 20.901162], [-89.599736, 20.900298], [-89.59954, 20.899278], [-89.599332, 20.898193], [-89.599122, 20.897092], [-89.598934, 20.896107], [-89.597853, 20.896341], [-89.59777, 20.896359], [-89.596773, 20.896593], [-89.5966, 20.896633], [-89.595511, 20.896875], [-89.595088, 20.896966], [-89.5945, 20.897091], [-89.593994, 20.897235], [-89.593559, 20.896715], [-89.592534, 20.895497], [-89.591879, 20.894966], [-89.591582, 20.894642], [-89.59107, 20.894057], [-89.590384, 20.893237], [-89.590018, 20.892108], [-89.589906, 20.891758], [-89.588599, 20.890512], [-89.587756, 20.889629], [-89.58655, 20.888635], [-89.585986, 20.888188], [-89.584753, 20.887446], [-89.58417, 20.886673], [-89.583659, 20.885651], [-89.583483, 20.884818], [-89.583402, 20.884094], [-89.58331, 20.883015], [-89.583214, 20.882589], [-89.582521, 20.883622], [-89.581008, 20.883534], [-89.579974, 20.883482], [-89.578977, 20.883593], [-89.577253, 20.883356], [-89.575847, 20.882309], [-89.569712, 20.880566], [-89.566512, 20.87887], [-89.565069, 20.878744], [-89.563644, 20.878653], [-89.5667, 20.882042], [-89.566685, 20.882175]]]}}, {"type": "Feature", "properties": {"state": "Yucatán", "distrito_local": "12", "distrito": "Distrito Electoral Local 12", "cabecera_distrital": "Uman", "fuente_geometria": "IEPAC · Distritación Local 2022"}, "geometry": {"type": "Polygon", "coordinates": [[[-89.683663, 20.389346], [-89.616969, 20.389474], [-89.616644, 20.417294], [-89.603205, 20.423765], [-89.55237, 20.448229], [-89.54721, 20.45071], [-89.547322, 20.499209], [-89.547325, 20.500667], [-89.547294, 20.517388], [-89.547248, 20.542096], [-89.547388, 20.605918], [-89.563744, 20.605991], [-89.563772, 20.620081], [-89.563874, 20.650881], [-89.587448, 20.65095], [-89.58747, 20.66707], [-89.587631, 20.681812], [-89.5879, 20.706493], [-89.58823, 20.736589], [-89.592159, 20.734459], [-89.617029, 20.720976], [-89.629983, 20.713951], [-89.641998, 20.707433], [-89.654333, 20.722284], [-89.66667, 20.737134], [-89.679532, 20.737251], [-89.684443, 20.741188], [-89.693063, 20.748287], [-89.692929, 20.748921], [-89.692828, 20.750422], [-89.693014, 20.751118], [-89.692835, 20.751727], [-89.692952, 20.752377], [-89.692622, 20.753029], [-89.692244, 20.753516], [-89.691705, 20.754616], [-89.691012, 20.767715], [-89.684627, 20.768448], [-89.685196, 20.772571], [-89.685171, 20.772672], [-89.685324, 20.774725], [-89.690974, 20.774098], [-89.691629, 20.775855], [-89.691927, 20.777801], [-89.691942, 20.778663], [-89.695602, 20.777656], [-89.699721, 20.77556], [-89.701632, 20.774613], [-89.708299, 20.774063], [-89.708871, 20.77765], [-89.708992, 20.779751], [-89.711683, 20.790623], [-89.711779, 20.791526], [-89.710114, 20.800439], [-89.709626, 20.802646], [-89.699815, 20.79987], [-89.700726, 20.797427], [-89.696681, 20.795956], [-89.697315, 20.793797], [-89.693044, 20.79462], [-89.694979, 20.787442], [-89.690834, 20.786535], [-89.687963, 20.797994], [-89.689204, 20.798277], [-89.688826, 20.802879], [-89.686961, 20.802291], [-89.686567, 20.804375], [-89.686117, 20.806163], [-89.685671, 20.807939], [-89.685232, 20.809688], [-89.684791, 20.811447], [-89.684212, 20.811343], [-89.684204, 20.811566], [-89.684251, 20.811664], [-89.682252, 20.817262], [-89.688449, 20.819464], [-89.690247, 20.812681], [-89.690715, 20.810905], [-89.690842, 20.810934], [-89.692733, 20.811368], [-89.693289, 20.811499], [-89.695592, 20.812042], [-89.697767, 20.812554], [-89.698796, 20.812782], [-89.698859, 20.812099], [-89.699848, 20.807651], [-89.702207, 20.808501], [-89.703156, 20.809001], [-89.704661, 20.810143], [-89.708345, 20.812102], [-89.710112, 20.812572], [-89.710369, 20.812668], [-89.711125, 20.816023], [-89.711032, 20.822656], [-89.701739, 20.82276], [-89.700674, 20.822771], [-89.694157, 20.822966], [-89.692351, 20.823169], [-89.691493, 20.823295], [-89.689619, 20.823956], [-89.688851, 20.824227], [-89.686889, 20.824993], [-89.686616, 20.825099], [-89.683823, 20.826192], [-89.681466, 20.826937], [-89.680201, 20.827061], [-89.678783, 20.827304], [-89.675928, 20.827784], [-89.675686, 20.828303], [-89.675213, 20.829879], [-89.675178, 20.829964], [-89.674875, 20.830984], [-89.674824, 20.831157], [-89.674542, 20.831844], [-89.67432, 20.832398], [-89.674111, 20.832849], [-89.673958, 20.833193], [-89.673832, 20.833534], [-89.673585, 20.834203], [-89.673328, 20.834898], [-89.673197, 20.835253], [-89.672934, 20.835906], [-89.672832, 20.836207], [-89.672614, 20.836853], [-89.672282, 20.8376], [-89.672195, 20.83793], [-89.67206, 20.838264], [-89.671993, 20.838429], [-89.672025, 20.838699], [-89.672082, 20.838946], [-89.672127, 20.839148], [-89.672173, 20.839442], [-89.6722, 20.839771], [-89.672086, 20.840333], [-89.672091, 20.841181], [-89.67168, 20.843378], [-89.670144, 20.843057], [-89.668821, 20.84278], [-89.667479, 20.8425], [-89.666951, 20.842024], [-89.667064, 20.84168], [-89.66726, 20.84129], [-89.66814, 20.83954], [-89.666332, 20.839448], [-89.665286, 20.839185], [-89.663171, 20.838632], [-89.662838, 20.84011], [-89.662913, 20.841052], [-89.662541, 20.841968], [-89.662868, 20.84214], [-89.663561, 20.842264], [-89.664294, 20.842395], [-89.664739, 20.843337], [-89.664758, 20.844445], [-89.664771, 20.845205], [-89.664589, 20.84573], [-89.664338, 20.846558], [-89.663919, 20.846998], [-89.66381, 20.847264], [-89.663078, 20.847371], [-89.662738, 20.847833], [-89.662321, 20.848401], [-89.661221, 20.848385], [-89.66025, 20.848201], [-89.65987, 20.848213], [-89.659361, 20.848022], [-89.658423, 20.847972], [-89.657848, 20.849133], [-89.65769, 20.849215], [-89.657623, 20.84925], [-89.657602, 20.849261], [-89.657581, 20.849272], [-89.657525, 20.849302], [-89.657415, 20.84936], [-89.656533, 20.85072], [-89.655838, 20.851795], [-89.655884, 20.852143], [-89.656232, 20.85252], [-89.656982, 20.852814], [-89.657143, 20.852909], [-89.657599, 20.853179], [-89.658152, 20.853867], [-89.659233, 20.855338], [-89.659448, 20.855631], [-89.659264, 20.855847], [-89.65897, 20.856193], [-89.65859, 20.856639], [-89.658241, 20.857048], [-89.658179, 20.857052], [-89.658098, 20.857058], [-89.658017, 20.857063], [-89.657813, 20.857076], [-89.657358, 20.858183], [-89.657299, 20.858326], [-89.657188, 20.859059], [-89.65711, 20.859576], [-89.657647, 20.859634], [-89.659743, 20.859859], [-89.661443, 20.860152], [-89.661522, 20.860152], [-89.663354, 20.860149], [-89.663524, 20.860148], [-89.663977, 20.860148], [-89.66457, 20.860147], [-89.664895, 20.86015], [-89.665604, 20.860145], [-89.665699, 20.860145], [-89.666589, 20.860147], [-89.667523, 20.860141], [-89.669834, 20.860137], [-89.670513, 20.860136], [-89.670595, 20.860136], [-89.67066, 20.860136], [-89.67112, 20.858647], [-89.671436, 20.858707], [-89.673054, 20.859013], [-89.673221, 20.859045], [-89.673767, 20.859069], [-89.675166, 20.859421], [-89.675355, 20.859468], [-89.675931, 20.859613], [-89.677314, 20.864936], [-89.678229, 20.868454], [-89.678306, 20.869813], [-89.678742, 20.871668], [-89.67878, 20.871859], [-89.678853, 20.872112], [-89.679352, 20.874242], [-89.679624, 20.875466], [-89.680249, 20.878137], [-89.680056, 20.878642], [-89.679372, 20.880436], [-89.679151, 20.880381], [-89.678885, 20.880316], [-89.678521, 20.880226], [-89.678419, 20.880201], [-89.678351, 20.880172], [-89.677354, 20.879893], [-89.67565, 20.87939], [-89.675448, 20.881137], [-89.67549, 20.881158], [-89.675538, 20.881529], [-89.675131, 20.883609], [-89.674545, 20.886005], [-89.674455, 20.886246], [-89.673817, 20.887949], [-89.673254, 20.890073], [-89.67583, 20.894544], [-89.675845, 20.894571], [-89.67586, 20.894598], [-89.679389, 20.900724], [-89.679475, 20.900874], [-89.681768, 20.904854], [-89.683957, 20.904811], [-89.685176, 20.904786], [-89.685296, 20.906202], [-89.685344, 20.908074], [-89.685372, 20.909248], [-89.685605, 20.909263], [-89.685634, 20.909494], [-89.685813, 20.909762], [-89.687024, 20.911577], [-89.687045, 20.911607], [-89.687115, 20.911712], [-89.687854, 20.912819], [-89.688107, 20.913202], [-89.688573, 20.913906], [-89.688623, 20.913981], [-89.689268, 20.914957], [-89.689929, 20.915956], [-89.689944, 20.915979], [-89.689956, 20.915998], [-89.691532, 20.918381], [-89.692094, 20.919231], [-89.692311, 20.91956], [-89.692798, 20.920297], [-89.693268, 20.921008], [-89.693803, 20.921818], [-89.693837, 20.921871], [-89.693229, 20.922167], [-89.691282, 20.923161], [-89.68953, 20.924055], [-89.688451, 20.924605], [-89.688612, 20.924871], [-89.688829, 20.925232], [-89.68903, 20.925568], [-89.689084, 20.925658], [-89.690305, 20.927693], [-89.69152, 20.92687], [-89.696261, 20.923659], [-89.699764, 20.921285], [-89.70735, 20.922794], [-89.710465, 20.924096], [-89.710703, 20.924142], [-89.711255, 20.92425], [-89.711879, 20.924372], [-89.711738, 20.924969], [-89.711048, 20.927889], [-89.713125, 20.92826], [-89.713733, 20.924742], [-89.715866, 20.925157], [-89.71559, 20.926792], [-89.716191, 20.926823], [-89.718225, 20.927168], [-89.719047, 20.926995], [-89.719534, 20.926574], [-89.719968, 20.926258], [-89.721509, 20.925851], [-89.721959, 20.925654], [-89.72257, 20.925444], [-89.723817, 20.924967], [-89.724689, 20.924736], [-89.727113, 20.924529], [-89.72812, 20.92405], [-89.730464, 20.923367], [-89.731339, 20.923244], [-89.732128, 20.923231], [-89.732319, 20.923239], [-89.729541, 20.933372], [-89.726732, 20.944056], [-89.726658, 20.944632], [-89.726642, 20.945773], [-89.727286, 20.946], [-89.730672, 20.946695], [-89.730786, 20.946718], [-89.73486, 20.947398], [-89.737887, 20.9486], [-89.737885, 20.948646], [-89.737878, 20.948684], [-89.737854, 20.948798], [-89.73779, 20.949108], [-89.737338, 20.950224], [-89.737051, 20.951144], [-89.736428, 20.952345], [-89.736481, 20.953098], [-89.749, 20.953065], [-89.749249, 20.953075], [-89.748973, 20.970871], [-89.744567, 20.980832], [-89.744797, 20.981071], [-89.758596, 20.99542], [-89.758892, 20.995159], [-89.75999, 20.996211], [-89.760222, 20.995986], [-89.760643, 20.996296], [-89.761448, 20.996519], [-89.762977, 20.994866], [-89.765272, 20.996571], [-89.764608, 20.99812], [-89.76434, 20.999239], [-89.760291, 20.998345], [-89.760022, 20.998279], [-89.759967, 20.997675], [-89.755974, 20.999736], [-89.749179, 20.992398], [-89.745365, 20.99562], [-89.73573, 20.985449], [-89.735715, 20.986742], [-89.735611, 20.995841], [-89.73557, 21.000485], [-89.790005, 21.000623], [-89.79008, 20.987845], [-89.79015, 20.975795], [-89.790008, 20.97035], [-89.801266, 20.941472], [-89.811154, 20.916099], [-89.813717, 20.909521], [-89.813745, 20.903632], [-89.813759, 20.900711], [-89.816296, 20.900724], [-89.825145, 20.900772], [-89.825177, 20.891732], [-89.825177, 20.891643], [-89.832574, 20.890252], [-89.866686, 20.883832], [-89.866691, 20.882779], [-89.866809, 20.858885], [-89.866615, 20.806178], [-89.941806, 20.806286], [-89.941908, 20.750694], [-89.941801, 20.678439], [-89.966704, 20.678739], [-89.966691, 20.627774], [-89.95615, 20.627726], [-89.93767, 20.627641], [-89.935533, 20.627632], [-89.92497, 20.627582], [-89.891112, 20.627405], [-89.873683, 20.627311], [-89.873683, 20.626831], [-89.873648, 20.595243], [-89.883445, 20.595146], [-89.884747, 20.595153], [-89.900003, 20.595238], [-89.930697, 20.595405], [-89.930493, 20.584081], [-89.933362, 20.584041], [-89.933286, 20.575852], [-89.933283, 20.575571], [-89.93321, 20.567663], [-89.930459, 20.567538], [-89.930404, 20.533714], [-89.930384, 20.52114], [-89.93024, 20.428388], [-89.882668, 20.428516], [-89.773727, 20.428334], [-89.773781, 20.417467], [-89.783252, 20.417572], [-89.783185, 20.389746], [-89.783153, 20.376208], [-89.770348, 20.376082], [-89.758723, 20.375967], [-89.758596, 20.38926], [-89.683663, 20.389346]]]}}, {"type": "Feature", "properties": {"state": "Yucatán", "distrito_local": "13", "distrito": "Distrito Electoral Local 13", "cabecera_distrital": "Hunucma", "fuente_geometria": "IEPAC · Distritación Local 2022"}, "geometry": {"type": "Polygon", "coordinates": [[[-90.402896, 20.852538], [-90.403014, 20.8523], [-90.40302, 20.852137], [-90.403008, 20.852038], [-90.403064, 20.851937], [-90.403059, 20.851747], [-90.403095, 20.85162], [-90.40315, 20.851501], [-90.403158, 20.851411], [-90.403194, 20.851319], [-90.403231, 20.851237], [-90.403324, 20.8511], [-90.40334, 20.850973], [-90.403347, 20.850864], [-90.403402, 20.850736], [-90.403476, 20.85059], [-90.403494, 20.850526], [-90.40349, 20.850373], [-90.403583, 20.850199], [-90.403599, 20.850054], [-90.403635, 20.849963], [-90.403653, 20.84989], [-90.40365, 20.849781], [-90.403659, 20.849736], [-90.403683, 20.849576], [-90.40388, 20.849288], [-90.403898, 20.849225], [-90.403943, 20.849097], [-90.40395, 20.848979], [-90.403986, 20.848888], [-90.404014, 20.848824], [-90.404086, 20.848633], [-90.40417, 20.848523], [-90.404125, 20.848124], [-90.404939, 20.845495], [-90.405235, 20.844393], [-90.402173, 20.843613], [-90.40108, 20.843319], [-90.386063, 20.841136], [-90.383056, 20.840609], [-90.371046, 20.838501], [-90.372546, 20.750695], [-90.374697, 20.625387], [-90.375866, 20.547755], [-90.20192, 20.5424], [-90.226731, 20.484275], [-90.231415, 20.466337], [-90.185681, 20.452815], [-90.147289, 20.439846], [-90.103376, 20.426512], [-90.080667, 20.421716], [-90.072644, 20.43316], [-90.049798, 20.45747], [-90.018909, 20.521006], [-90.015865, 20.521011], [-89.930384, 20.52114], [-89.930404, 20.533714], [-89.930459, 20.567538], [-89.93321, 20.567663], [-89.933283, 20.575571], [-89.933286, 20.575852], [-89.933362, 20.584041], [-89.930493, 20.584081], [-89.930697, 20.595405], [-89.900003, 20.595238], [-89.884747, 20.595153], [-89.883445, 20.595146], [-89.873648, 20.595243], [-89.873683, 20.626831], [-89.873683, 20.627311], [-89.891112, 20.627405], [-89.92497, 20.627582], [-89.935533, 20.627632], [-89.93767, 20.627641], [-89.95615, 20.627726], [-89.966691, 20.627774], [-89.966704, 20.678739], [-89.941801, 20.678439], [-89.941908, 20.750694], [-89.941806, 20.806286], [-89.866615, 20.806178], [-89.866809, 20.858885], [-89.866691, 20.882779], [-89.866686, 20.883832], [-89.832574, 20.890252], [-89.825177, 20.891643], [-89.825177, 20.891732], [-89.825145, 20.900772], [-89.816296, 20.900724], [-89.813759, 20.900711], [-89.813745, 20.903632], [-89.813717, 20.909521], [-89.811154, 20.916099], [-89.801266, 20.941472], [-89.790008, 20.97035], [-89.79015, 20.975795], [-89.79008, 20.987845], [-89.790005, 21.000623], [-89.73557, 21.000485], [-89.735564, 21.017144], [-89.724475, 21.017178], [-89.724472, 21.022702], [-89.724472, 21.02311], [-89.724469, 21.031142], [-89.724468, 21.033922], [-89.724467, 21.036463], [-89.724464, 21.042084], [-89.735555, 21.042091], [-89.735723, 21.071081], [-89.761487, 21.071052], [-89.761475, 21.131654], [-89.761474, 21.132936], [-89.761471, 21.152286], [-89.761468, 21.167523], [-89.808955, 21.166854], [-89.861308, 21.166101], [-89.932485, 21.209821], [-89.934539, 21.211081], [-89.936897, 21.20998], [-89.937715, 21.209235], [-89.938418, 21.20882], [-89.939239, 21.208569], [-89.939824, 21.208319], [-89.940702, 21.207615], [-89.941404, 21.207241], [-89.94193, 21.206785], [-89.942691, 21.206246], [-89.943276, 21.205873], [-89.943745, 21.205624], [-89.944447, 21.205208], [-89.945031, 21.204711], [-89.94591, 21.204254], [-89.947257, 21.203548], [-89.948428, 21.202925], [-89.948779, 21.202758], [-89.949365, 21.202385], [-89.949891, 21.20197], [-89.950475, 21.201473], [-89.951059, 21.200852], [-89.951469, 21.200644], [-89.952113, 21.200271], [-89.95264, 21.19998], [-89.953284, 21.199647], [-89.954512, 21.198735], [-89.955564, 21.197865], [-89.956325, 21.197326], [-89.95773, 21.196496], [-89.958022, 21.196247], [-89.958958, 21.195583], [-89.960364, 21.195083], [-89.961534, 21.194171], [-89.962939, 21.193382], [-89.963583, 21.193132], [-89.963934, 21.192924], [-89.964518, 21.192386], [-89.965396, 21.191764], [-89.966626, 21.191305], [-89.967271, 21.191014], [-89.967856, 21.190723], [-89.968559, 21.190307], [-89.968969, 21.190141], [-89.969963, 21.189436], [-89.971016, 21.18873], [-89.971425, 21.18844], [-89.97201, 21.187984], [-89.973238, 21.187154], [-89.974351, 21.186572], [-89.97517, 21.186074], [-89.977277, 21.18487], [-89.978566, 21.18437], [-89.980147, 21.183538], [-89.981083, 21.18304], [-89.98243, 21.182374], [-89.983305, 21.181381], [-89.985354, 21.180341], [-89.986408, 21.179801], [-89.987521, 21.179343], [-89.988927, 21.178718], [-89.989747, 21.178426], [-89.991153, 21.177884], [-89.992032, 21.177551], [-89.993029, 21.177299], [-89.994083, 21.176883], [-89.994493, 21.176675], [-89.995489, 21.176258], [-89.996134, 21.176091], [-89.997364, 21.175591], [-89.998184, 21.175298], [-89.998946, 21.175007], [-89.999649, 21.174715], [-90.000177, 21.174589], [-90.000763, 21.17438], [-90.001642, 21.174171], [-90.002639, 21.174001], [-90.003754, 21.173832], [-90.00434, 21.173582], [-90.005101, 21.173166], [-90.005627, 21.172875], [-90.007269, 21.172456], [-90.008382, 21.171998], [-90.009027, 21.171871], [-90.009672, 21.171662], [-90.010785, 21.171328], [-90.012017, 21.171116], [-90.012729, 21.171001], [-90.01315, 21.170923], [-90.013603, 21.170838], [-90.014215, 21.170834], [-90.015073, 21.170695], [-90.015413, 21.170712], [-90.015801, 21.170656], [-90.015908, 21.170641], [-90.016566, 21.170474], [-90.017182, 21.17023], [-90.017641, 21.170005], [-90.018291, 21.169903], [-90.01866, 21.169943], [-90.019098, 21.169853], [-90.020169, 21.169602], [-90.020617, 21.169475], [-90.021299, 21.16921], [-90.021699, 21.169152], [-90.02205, 21.169135], [-90.02246, 21.16905], [-90.022814, 21.168915], [-90.023275, 21.168871], [-90.023593, 21.168834], [-90.023901, 21.168844], [-90.024545, 21.168622], [-90.025135, 21.168467], [-90.025583, 21.168361], [-90.025916, 21.168267], [-90.026367, 21.1683], [-90.026763, 21.168283], [-90.027201, 21.168208], [-90.027644, 21.168113], [-90.027992, 21.167972], [-90.02855, 21.167818], [-90.028971, 21.167744], [-90.02941, 21.167705], [-90.029815, 21.16762], [-90.030416, 21.167481], [-90.031216, 21.167358], [-90.031781, 21.167334], [-90.031858, 21.167331], [-90.031934, 21.167305], [-90.032, 21.167282], [-90.032433, 21.167238], [-90.032776, 21.167083], [-90.032999, 21.166986], [-90.033584, 21.166821], [-90.03392, 21.166634], [-90.034043, 21.166467], [-90.034349, 21.166359], [-90.03461, 21.166266], [-90.035049, 21.165965], [-90.035238, 21.165781], [-90.035521, 21.165647], [-90.035779, 21.165648], [-90.036053, 21.165591], [-90.036269, 21.165448], [-90.036805, 21.16531], [-90.037353, 21.165259], [-90.037638, 21.165207], [-90.038252, 21.164892], [-90.039125, 21.164588], [-90.040017, 21.164422], [-90.041358, 21.164161], [-90.042223, 21.164038], [-90.043773, 21.163803], [-90.044425, 21.163725], [-90.044988, 21.163586], [-90.045412, 21.163614], [-90.045967, 21.16363], [-90.046317, 21.163562], [-90.046559, 21.163583], [-90.04665, 21.163572], [-90.046753, 21.16375], [-90.046863, 21.163684], [-90.04736, 21.162991], [-90.047421, 21.162965], [-90.047466, 21.162899], [-90.047522, 21.162812], [-90.047575, 21.162735], [-90.047607, 21.162644], [-90.047665, 21.162484], [-90.04771, 21.162355], [-90.047751, 21.162267], [-90.047789, 21.162185], [-90.047835, 21.16206], [-90.047892, 21.161952], [-90.047933, 21.16189], [-90.048014, 21.161789], [-90.048187, 21.161622], [-90.048257, 21.161569], [-90.048354, 21.161535], [-90.048484, 21.161509], [-90.048626, 21.161498], [-90.048733, 21.161472], [-90.048779, 21.161475], [-90.048865, 21.161459], [-90.049133, 21.161409], [-90.049664, 21.16143], [-90.050364, 21.161558], [-90.051146, 21.161668], [-90.051848, 21.16192], [-90.052496, 21.16194], [-90.053241, 21.161848], [-90.054255, 21.161924], [-90.054823, 21.162064], [-90.055644, 21.161895], [-90.056465, 21.161727], [-90.057462, 21.161557], [-90.058108, 21.161555], [-90.058872, 21.161634], [-90.059574, 21.161259], [-90.060102, 21.161257], [-90.06063, 21.161131], [-90.061157, 21.160964], [-90.064501, 21.160577], [-90.066615, 21.160568], [-90.068433, 21.160271], [-90.069315, 21.160432], [-90.070138, 21.160552], [-90.070782, 21.160384], [-90.071428, 21.160299], [-90.072248, 21.160047], [-90.073009, 21.159755], [-90.073711, 21.15934], [-90.074708, 21.159088], [-90.075293, 21.158796], [-90.075821, 21.15867], [-90.076171, 21.158462], [-90.076759, 21.158542], [-90.077112, 21.158623], [-90.077406, 21.158745], [-90.07805, 21.158495], [-90.080982, 21.157904], [-90.084209, 21.157642], [-90.087437, 21.157421], [-90.089019, 21.156918], [-90.089606, 21.156916], [-90.090955, 21.156744], [-90.092131, 21.156945], [-90.093186, 21.156775], [-90.094065, 21.156524], [-90.095118, 21.155859], [-90.095524, 21.155197], [-90.096398, 21.154121], [-90.096806, 21.153665], [-90.097446, 21.15292], [-90.097854, 21.152423], [-90.099023, 21.151593], [-90.099841, 21.151053], [-90.10019, 21.150597], [-90.101593, 21.149725], [-90.102822, 21.149059], [-90.1044, 21.148103], [-90.105746, 21.147478], [-90.107034, 21.146895], [-90.108674, 21.146392], [-90.109961, 21.145644], [-90.11154, 21.144852], [-90.113588, 21.14377], [-90.114405, 21.143148], [-90.115225, 21.142855], [-90.116044, 21.142439], [-90.11704, 21.142146], [-90.117742, 21.141812], [-90.118386, 21.14152], [-90.11903, 21.141187], [-90.11979, 21.14073], [-90.120843, 21.140313], [-90.122132, 21.139935], [-90.123421, 21.139517], [-90.123828, 21.13902], [-90.124473, 21.138893], [-90.125175, 21.138477], [-90.12658, 21.137934], [-90.128921, 21.136933], [-90.130265, 21.13606], [-90.132135, 21.134814], [-90.133363, 21.134107], [-90.133831, 21.133981], [-90.13465, 21.133482], [-90.135001, 21.133357], [-90.135995, 21.132816], [-90.136814, 21.132441], [-90.137575, 21.132148], [-90.138219, 21.131856], [-90.139273, 21.13148], [-90.139799, 21.131189], [-90.140267, 21.130898], [-90.14091, 21.130523], [-90.141144, 21.130357], [-90.142196, 21.129775], [-90.14243, 21.129691], [-90.143774, 21.12886], [-90.144067, 21.128734], [-90.144711, 21.128484], [-90.14512, 21.128234], [-90.146056, 21.127776], [-90.147225, 21.127028], [-90.147575, 21.126696], [-90.147984, 21.126447], [-90.148393, 21.126239], [-90.148744, 21.125989], [-90.149093, 21.125658], [-90.149561, 21.125326], [-90.150028, 21.125076], [-90.150555, 21.124826], [-90.151316, 21.124492], [-90.152193, 21.124116], [-90.153189, 21.12374], [-90.154124, 21.123241], [-90.154533, 21.12295], [-90.155526, 21.122244], [-90.156695, 21.121578], [-90.157338, 21.121163], [-90.158623, 21.120373], [-90.159734, 21.119666], [-90.161019, 21.118835], [-90.161778, 21.118295], [-90.162946, 21.117505], [-90.163589, 21.117049], [-90.164814, 21.116094], [-90.165397, 21.115555], [-90.166273, 21.114849], [-90.167032, 21.114351], [-90.168085, 21.113892], [-90.16861, 21.113353], [-90.169718, 21.112399], [-90.170067, 21.112026], [-90.170944, 21.111526], [-90.171937, 21.110903], [-90.172874, 21.110486], [-90.173517, 21.110194], [-90.173808, 21.109821], [-90.174274, 21.109406], [-90.174858, 21.108908], [-90.1755, 21.108493], [-90.176201, 21.107953], [-90.177077, 21.107371], [-90.178362, 21.106581], [-90.179414, 21.105998], [-90.180816, 21.105043], [-90.182219, 21.104334], [-90.183386, 21.103339], [-90.186675, 21.101321], [-90.187371, 21.100975], [-90.187716, 21.100679], [-90.187945, 21.100426], [-90.188345, 21.100004], [-90.188462, 21.09996], [-90.188923, 21.09962], [-90.189211, 21.099407], [-90.189558, 21.099193], [-90.189847, 21.09898], [-90.190249, 21.098641], [-90.190829, 21.098339], [-90.191118, 21.098168], [-90.191463, 21.097871], [-90.191979, 21.097365], [-90.192324, 21.097068], [-90.192785, 21.096728], [-90.193191, 21.096512], [-90.193654, 21.096254], [-90.194058, 21.095956], [-90.194404, 21.095701], [-90.195039, 21.095274], [-90.196432, 21.094583], [-90.196836, 21.094326], [-90.197416, 21.094024], [-90.198401, 21.093466], [-90.198748, 21.093252], [-90.199384, 21.092866], [-90.199963, 21.092523], [-90.200656, 21.092053], [-90.201001, 21.091798], [-90.201694, 21.091329], [-90.20204, 21.091073], [-90.202386, 21.090818], [-90.202845, 21.090395], [-90.203477, 21.089844], [-90.204459, 21.089162], [-90.205095, 21.088776], [-90.205557, 21.088477], [-90.206487, 21.088085], [-90.207472, 21.087526], [-90.207704, 21.087439], [-90.208344, 21.087177], [-90.208918, 21.086669], [-90.209264, 21.086413], [-90.209784, 21.086072], [-90.210538, 21.085683], [-90.211003, 21.085508], [-90.21193, 21.084992], [-90.212511, 21.084731], [-90.213438, 21.084215], [-90.213957, 21.083873], [-90.21517, 21.083062], [-90.216269, 21.082377], [-90.217024, 21.08203], [-90.217431, 21.081897], [-90.218419, 21.081462], [-90.218883, 21.081245], [-90.219464, 21.080985], [-90.220331, 21.080429], [-90.221141, 21.079956], [-90.221719, 21.079572], [-90.222469, 21.07906], [-90.223512, 21.0785], [-90.224726, 21.07773], [-90.226177, 21.077037], [-90.227166, 21.076685], [-90.227687, 21.076384], [-90.22815, 21.076126], [-90.22867, 21.075784], [-90.229597, 21.075268], [-90.23029, 21.074798], [-90.231217, 21.074324], [-90.231855, 21.073979], [-90.232608, 21.073591], [-90.233589, 21.072908], [-90.234684, 21.0721], [-90.236308, 21.071279], [-90.237759, 21.070627], [-90.240187, 21.069087], [-90.240699, 21.068456], [-90.241047, 21.068283], [-90.241337, 21.068153], [-90.2418, 21.067895], [-90.242322, 21.067635], [-90.242961, 21.067332], [-90.243833, 21.066982], [-90.244471, 21.066679], [-90.245168, 21.066374], [-90.246038, 21.065942], [-90.246501, 21.065684], [-90.24708, 21.065341], [-90.247718, 21.065037], [-90.24853, 21.064647], [-90.24905, 21.064306], [-90.249569, 21.063922], [-90.250206, 21.063578], [-90.250667, 21.063237], [-90.25142, 21.062849], [-90.252344, 21.06225], [-90.25275, 21.062035], [-90.252865, 21.061949], [-90.253212, 21.061735], [-90.254079, 21.061179], [-90.254542, 21.060921], [-90.255416, 21.060654], [-90.256057, 21.060433], [-90.2571, 21.059914], [-90.257623, 21.059696], [-90.257853, 21.059484], [-90.258665, 21.059094], [-90.25942, 21.058788], [-90.260001, 21.058528], [-90.260404, 21.05823], [-90.260981, 21.057804], [-90.261499, 21.057421], [-90.261845, 21.057165], [-90.262656, 21.056734], [-90.263235, 21.056391], [-90.263814, 21.056089], [-90.264334, 21.055747], [-90.264972, 21.055443], [-90.26526, 21.055231], [-90.265725, 21.055055], [-90.266192, 21.054921], [-90.266658, 21.054786], [-90.26718, 21.054527], [-90.267758, 21.054183], [-90.268394, 21.053797], [-90.268855, 21.053457], [-90.269433, 21.053072], [-90.270245, 21.052682], [-90.270763, 21.052299], [-90.271746, 21.051699], [-90.272441, 21.051312], [-90.272903, 21.051013], [-90.273421, 21.050629], [-90.274057, 21.050244], [-90.274868, 21.049812], [-90.275504, 21.049427], [-90.276199, 21.049039], [-90.277066, 21.048524], [-90.277819, 21.048095], [-90.278747, 21.047661], [-90.279324, 21.047276], [-90.279961, 21.046931], [-90.280597, 21.046546], [-90.281697, 21.045943], [-90.282391, 21.045514], [-90.28355, 21.04491], [-90.284186, 21.044524], [-90.285574, 21.043708], [-90.286269, 21.043362], [-90.286905, 21.042977], [-90.287367, 21.042677], [-90.288174, 21.042081], [-90.288808, 21.041613], [-90.28962, 21.041223], [-90.290084, 21.041006], [-90.290779, 21.04066], [-90.291241, 21.04036], [-90.291527, 21.040065], [-90.292159, 21.039514], [-90.293079, 21.038791], [-90.294408, 21.037936], [-90.295216, 21.037422], [-90.295968, 21.036992], [-90.296664, 21.036646], [-90.297532, 21.036172], [-90.2991, 21.035476], [-90.300433, 21.034827], [-90.301245, 21.034437], [-90.302283, 21.033711], [-90.302859, 21.033285], [-90.303784, 21.032728], [-90.304532, 21.032133], [-90.305396, 21.031494], [-90.306089, 21.031066], [-90.307537, 21.03029], [-90.309679, 21.029126], [-90.310725, 21.028689], [-90.312229, 21.02783], [-90.313675, 21.027012], [-90.314831, 21.026284], [-90.315982, 21.025432], [-90.317424, 21.02445], [-90.318405, 21.023767], [-90.318865, 21.023427], [-90.320186, 21.022282], [-90.320816, 21.02169], [-90.321447, 21.021139], [-90.323118, 21.019945], [-90.324785, 21.018586], [-90.328513, 21.015241], [-90.329031, 21.014857], [-90.329836, 21.01422], [-90.330753, 21.013373], [-90.331325, 21.012782], [-90.331952, 21.012066], [-90.33258, 21.011392], [-90.333263, 21.010592], [-90.333436, 21.010464], [-90.333895, 21.010082], [-90.334409, 21.009534], [-90.335097, 21.008899], [-90.3355, 21.008601], [-90.335958, 21.008178], [-90.336358, 21.007756], [-90.3367, 21.007377], [-90.337448, 21.006782], [-90.338546, 21.006137], [-90.338999, 21.005508], [-90.339564, 21.00467], [-90.339956, 21.003959], [-90.340348, 21.003249], [-90.340742, 21.002621], [-90.341307, 21.001782], [-90.341476, 21.001531], [-90.341701, 21.001154], [-90.341867, 21.000779], [-90.342031, 21.000321], [-90.34243, 20.999858], [-90.342943, 20.99931], [-90.343517, 20.998802], [-90.343912, 20.998215], [-90.344024, 20.998006], [-90.344415, 20.997254], [-90.344697, 20.996835], [-90.345038, 20.996414], [-90.345439, 20.996034], [-90.345947, 20.995279], [-90.346112, 20.994863], [-90.34644, 20.993948], [-90.346771, 20.993156], [-90.347215, 20.992197], [-90.347381, 20.991821], [-90.347781, 20.9914], [-90.348066, 20.991063], [-90.348404, 20.99056], [-90.348801, 20.990014], [-90.349364, 20.989135], [-90.349591, 20.988841], [-90.349872, 20.98838], [-90.350666, 20.98733], [-90.351004, 20.986786], [-90.351855, 20.985694], [-90.352524, 20.984358], [-90.352857, 20.983649], [-90.353082, 20.983272], [-90.353366, 20.982935], [-90.353585, 20.982311], [-90.353923, 20.981808], [-90.354153, 20.981597], [-90.354551, 20.981134], [-90.354664, 20.980966], [-90.355112, 20.980172], [-90.355392, 20.97967], [-90.356071, 20.978705], [-90.356296, 20.978329], [-90.356636, 20.977867], [-90.356972, 20.977281], [-90.357132, 20.976659], [-90.35746, 20.975785], [-90.35774, 20.975283], [-90.358138, 20.974779], [-90.358426, 20.974566], [-90.358595, 20.974314], [-90.358934, 20.973811], [-90.358991, 20.973769], [-90.359272, 20.973308], [-90.359441, 20.973015], [-90.359669, 20.972763], [-90.360072, 20.972464], [-90.360297, 20.972129], [-90.360527, 20.971917], [-90.360694, 20.971584], [-90.360921, 20.971289], [-90.361144, 20.970872], [-90.361424, 20.97037], [-90.361757, 20.969661], [-90.361866, 20.969328], [-90.362091, 20.968952], [-90.362259, 20.968659], [-90.36243, 20.96849], [-90.362601, 20.96828], [-90.362831, 20.968109], [-90.363002, 20.967899], [-90.363226, 20.967522], [-90.363397, 20.967312], [-90.363564, 20.966978], [-90.363844, 20.966476], [-90.364012, 20.966184], [-90.364235, 20.965725], [-90.364516, 20.965264], [-90.364852, 20.964679], [-90.364965, 20.964511], [-90.36513, 20.964095], [-90.365297, 20.963761], [-90.365405, 20.963387], [-90.365399, 20.963181], [-90.365675, 20.962514], [-90.366004, 20.961681], [-90.366055, 20.961391], [-90.366221, 20.961016], [-90.366393, 20.960847], [-90.366674, 20.960387], [-90.366828, 20.959558], [-90.367102, 20.95885], [-90.367321, 20.958267], [-90.367482, 20.957686], [-90.367815, 20.956977], [-90.367978, 20.956478], [-90.368246, 20.955523], [-90.368633, 20.954647], [-90.368745, 20.954438], [-90.368964, 20.953856], [-90.368952, 20.953402], [-90.368938, 20.952907], [-90.369047, 20.952575], [-90.369489, 20.951574], [-90.369826, 20.950989], [-90.369858, 20.949998], [-90.37011, 20.948465], [-90.370377, 20.947469], [-90.370649, 20.946678], [-90.370862, 20.94589], [-90.371131, 20.944976], [-90.371529, 20.944471], [-90.371862, 20.943762], [-90.372023, 20.943222], [-90.372299, 20.942555], [-90.372405, 20.94214], [-90.37262, 20.941393], [-90.372889, 20.940479], [-90.373049, 20.939897], [-90.373204, 20.93911], [-90.373315, 20.93886], [-90.373362, 20.938446], [-90.373469, 20.938072], [-90.373806, 20.937486], [-90.374029, 20.937069], [-90.374251, 20.936568], [-90.374472, 20.936068], [-90.374803, 20.935276], [-90.374911, 20.934944], [-90.375182, 20.934112], [-90.375233, 20.933822], [-90.375402, 20.933571], [-90.375629, 20.933277], [-90.375845, 20.93257], [-90.375958, 20.932403], [-90.376175, 20.931737], [-90.376279, 20.93124], [-90.376328, 20.930909], [-90.376434, 20.930452], [-90.376431, 20.93037], [-90.376541, 20.930079], [-90.376757, 20.929372], [-90.376862, 20.928916], [-90.376967, 20.928459], [-90.377014, 20.928046], [-90.377231, 20.927381], [-90.377454, 20.926922], [-90.377676, 20.926462], [-90.377894, 20.925839], [-90.378115, 20.925338], [-90.378335, 20.924797], [-90.378553, 20.924173], [-90.378654, 20.923552], [-90.378757, 20.923013], [-90.37886, 20.922474], [-90.379079, 20.921891], [-90.379405, 20.920935], [-90.379457, 20.920686], [-90.379679, 20.920227], [-90.379955, 20.91956], [-90.380179, 20.919184], [-90.380339, 20.918561], [-90.380497, 20.917897], [-90.380662, 20.917481], [-90.380712, 20.91715], [-90.380813, 20.91657], [-90.380978, 20.916153], [-90.381077, 20.915449], [-90.381293, 20.914784], [-90.381403, 20.914493], [-90.381681, 20.913909], [-90.38212, 20.912784], [-90.382446, 20.911828], [-90.382887, 20.910786], [-90.383108, 20.910245], [-90.383434, 20.909288], [-90.383707, 20.908539], [-90.384256, 20.907123], [-90.384638, 20.906083], [-90.384792, 20.905254], [-90.385062, 20.904381], [-90.38544, 20.903176], [-90.385592, 20.902265], [-90.38575, 20.901601], [-90.385906, 20.900855], [-90.386068, 20.900356], [-90.386397, 20.899482], [-90.386724, 20.898566], [-90.387003, 20.898023], [-90.387158, 20.897236], [-90.38727, 20.897027], [-90.387362, 20.896117], [-90.387579, 20.895452], [-90.387631, 20.895203], [-90.387684, 20.894996], [-90.387847, 20.894497], [-90.387895, 20.894124], [-90.388005, 20.893833], [-90.388613, 20.892457], [-90.388948, 20.89183], [-90.389677, 20.890576], [-90.389957, 20.890074], [-90.390182, 20.889697], [-90.390281, 20.889035], [-90.390216, 20.888789], [-90.390202, 20.888294], [-90.39025, 20.88788], [-90.390235, 20.887344], [-90.390217, 20.886643], [-90.390765, 20.885228], [-90.39087, 20.884771], [-90.390975, 20.884315], [-90.39108, 20.883859], [-90.391186, 20.883444], [-90.391291, 20.882987], [-90.391396, 20.882531], [-90.391454, 20.882489], [-90.391504, 20.882157], [-90.391664, 20.881576], [-90.391934, 20.880703], [-90.392211, 20.880119], [-90.392429, 20.879495], [-90.392594, 20.879079], [-90.392874, 20.878717], [-90.392988, 20.878442], [-90.393034, 20.877927], [-90.393021, 20.87734], [-90.393174, 20.876945], [-90.393299, 20.876537], [-90.393415, 20.876309], [-90.393545, 20.875937], [-90.393629, 20.875565], [-90.393622, 20.875239], [-90.393753, 20.87491], [-90.393814, 20.874517], [-90.3939, 20.87421], [-90.393987, 20.873969], [-90.393937, 20.873818], [-90.394159, 20.873378], [-90.394367, 20.872935], [-90.394548, 20.872841], [-90.394698, 20.872656], [-90.394765, 20.872498], [-90.394806, 20.872346], [-90.394933, 20.872259], [-90.395017, 20.872028], [-90.395117, 20.871881], [-90.395147, 20.871713], [-90.395183, 20.871512], [-90.395293, 20.871452], [-90.395388, 20.871396], [-90.395424, 20.871295], [-90.395422, 20.871214], [-90.395477, 20.871065], [-90.395589, 20.870948], [-90.395682, 20.870775], [-90.395736, 20.87062], [-90.395837, 20.870485], [-90.395933, 20.87039], [-90.396083, 20.870233], [-90.39611, 20.870133], [-90.396143, 20.870046], [-90.396183, 20.869941], [-90.396333, 20.869757], [-90.396381, 20.869526], [-90.396479, 20.869411], [-90.396582, 20.8693], [-90.396627, 20.869154], [-90.396721, 20.868964], [-90.396935, 20.868741], [-90.397046, 20.868504], [-90.397216, 20.868374], [-90.397309, 20.868245], [-90.397363, 20.868072], [-90.397576, 20.867565], [-90.397751, 20.86735], [-90.397968, 20.867165], [-90.398172, 20.866808], [-90.398291, 20.866525], [-90.398344, 20.866307], [-90.398389, 20.866161], [-90.398528, 20.865934], [-90.398828, 20.865582], [-90.398949, 20.86539], [-90.399052, 20.865279], [-90.399114, 20.865016], [-90.399263, 20.864814], [-90.399449, 20.86453], [-90.399568, 20.864274], [-90.399623, 20.86411], [-90.399716, 20.863887], [-90.399875, 20.863761], [-90.399995, 20.863533], [-90.400001, 20.863415], [-90.400054, 20.863242], [-90.40015, 20.86315], [-90.400282, 20.863066], [-90.400291, 20.863002], [-90.400346, 20.862911], [-90.400394, 20.862874], [-90.400468, 20.862754], [-90.400456, 20.862646], [-90.40052, 20.862527], [-90.400555, 20.862393], [-90.400697, 20.862225], [-90.400791, 20.862151], [-90.400885, 20.862059], [-90.400902, 20.861941], [-90.400928, 20.861795], [-90.401013, 20.861739], [-90.401088, 20.861638], [-90.401086, 20.861566], [-90.401113, 20.861493], [-90.40117, 20.861438], [-90.401235, 20.861337], [-90.401246, 20.861186], [-90.401439, 20.860998], [-90.401476, 20.860943], [-90.401533, 20.860888], [-90.401541, 20.860815], [-90.401567, 20.860715], [-90.401604, 20.860651], [-90.401657, 20.860578], [-90.401736, 20.860495], [-90.401859, 20.860402], [-90.401876, 20.86032], [-90.401898, 20.860163], [-90.402013, 20.86001], [-90.40203, 20.859901], [-90.402066, 20.859791], [-90.402065, 20.859728], [-90.402063, 20.859638], [-90.402089, 20.85952], [-90.402117, 20.859465], [-90.402135, 20.85941], [-90.402146, 20.859075], [-90.402151, 20.858867], [-90.402115, 20.858655], [-90.402133, 20.858487], [-90.402101, 20.858361], [-90.402081, 20.858289], [-90.402089, 20.858081], [-90.402053, 20.857919], [-90.402051, 20.857838], [-90.402027, 20.857599], [-90.402071, 20.857439], [-90.402059, 20.857322], [-90.402028, 20.85725], [-90.402024, 20.857078], [-90.402022, 20.85697], [-90.401961, 20.856835], [-90.401959, 20.856754], [-90.401927, 20.856577], [-90.401967, 20.856256], [-90.401972, 20.856012], [-90.401977, 20.855813], [-90.401973, 20.855641], [-90.401931, 20.855515], [-90.401994, 20.855279], [-90.402017, 20.855043], [-90.40208, 20.854861], [-90.402113, 20.854569], [-90.402267, 20.854179], [-90.40231, 20.853933], [-90.402431, 20.85375], [-90.402635, 20.853429], [-90.402629, 20.853167], [-90.402729, 20.852903], [-90.40281, 20.852713], [-90.402896, 20.852538]]]}}, {"type": "Feature", "properties": {"state": "Yucatán", "distrito_local": "14", "distrito": "Distrito Electoral Local 14", "cabecera_distrital": "Progreso", "fuente_geometria": "IEPAC · Distritación Local 2022"}, "geometry": {"type": "Polygon", "coordinates": [[[-89.900825, 21.228867], [-89.901711, 21.228464], [-89.90307, 21.22786], [-89.903603, 21.227577], [-89.904489, 21.227215], [-89.906614, 21.226372], [-89.907795, 21.225931], [-89.909685, 21.225126], [-89.910985, 21.224563], [-89.913112, 21.223637], [-89.914472, 21.222992], [-89.915773, 21.222263], [-89.917609, 21.22117], [-89.918852, 21.220399], [-89.920035, 21.219793], [-89.921337, 21.219065], [-89.922818, 21.218091], [-89.925125, 21.216837], [-89.926308, 21.216231], [-89.927432, 21.215625], [-89.928795, 21.214691], [-89.932053, 21.21254], [-89.932678, 21.212173], [-89.934539, 21.211081], [-89.932485, 21.209821], [-89.861308, 21.166101], [-89.808955, 21.166854], [-89.761468, 21.167523], [-89.679892, 21.167446], [-89.679855, 21.154439], [-89.679845, 21.150745], [-89.647054, 21.150438], [-89.635099, 21.150614], [-89.635926, 21.155221], [-89.641061, 21.183801], [-89.643339, 21.196365], [-89.583187, 21.19649], [-89.579687, 21.196633], [-89.577514, 21.128468], [-89.577111, 21.115806], [-89.573132, 21.115706], [-89.550019, 21.11512], [-89.551871, 21.100512], [-89.553542, 21.087797], [-89.554238, 21.0873], [-89.557561, 21.084926], [-89.564617, 21.079886], [-89.561772, 21.075475], [-89.543588, 21.059408], [-89.543496, 21.058227], [-89.542526, 21.045796], [-89.535654, 21.042593], [-89.522586, 21.036502], [-89.49907, 21.036746], [-89.493826, 21.0368], [-89.480486, 21.036933], [-89.479802, 21.03694], [-89.471592, 21.037022], [-89.471246, 21.043592], [-89.470823, 21.051642], [-89.470282, 21.061944], [-89.470103, 21.065343], [-89.468883, 21.088551], [-89.466438, 21.088562], [-89.422811, 21.088746], [-89.422778, 21.094234], [-89.422746, 21.098777], [-89.422682, 21.107724], [-89.42259, 21.120716], [-89.422321, 21.158857], [-89.422319, 21.190764], [-89.422319, 21.225672], [-89.366433, 21.226581], [-89.343102, 21.22669], [-89.342846, 21.178724], [-89.336891, 21.178729], [-89.316928, 21.178742], [-89.293057, 21.178755], [-89.274428, 21.178812], [-89.234764, 21.178927], [-89.216792, 21.178818], [-89.193185, 21.178671], [-89.191798, 21.178663], [-89.143319, 21.178352], [-89.143306, 21.192641], [-89.143273, 21.229948], [-89.143227, 21.283995], [-89.143419, 21.353912], [-89.143424, 21.35552], [-89.144538, 21.355465], [-89.145417, 21.355329], [-89.146413, 21.355193], [-89.147055, 21.355019], [-89.147933, 21.354843], [-89.148872, 21.354831], [-89.149577, 21.354822], [-89.150458, 21.354852], [-89.151164, 21.354884], [-89.151987, 21.354956], [-89.153281, 21.355062], [-89.153985, 21.355053], [-89.155277, 21.355078], [-89.156275, 21.355065], [-89.157038, 21.355014], [-89.1578, 21.354962], [-89.158856, 21.354907], [-89.159737, 21.354896], [-89.164677, 21.35504], [-89.165757, 21.354951], [-89.166622, 21.354885], [-89.168188, 21.354781], [-89.169432, 21.354669], [-89.1704, 21.354573], [-89.171203, 21.3545], [-89.171992, 21.354423], [-89.172925, 21.354394], [-89.173736, 21.354275], [-89.17486, 21.354193], [-89.176378, 21.354111], [-89.177658, 21.354023], [-89.178599, 21.353969], [-89.179652, 21.353905], [-89.180528, 21.35382], [-89.18149, 21.353726], [-89.182503, 21.353676], [-89.183508, 21.353638], [-89.184428, 21.353545], [-89.185294, 21.353434], [-89.186472, 21.353246], [-89.187334, 21.353154], [-89.188174, 21.353013], [-89.188969, 21.352876], [-89.189622, 21.352713], [-89.190718, 21.352536], [-89.191294, 21.352405], [-89.191729, 21.352319], [-89.192802, 21.351982], [-89.193618, 21.351729], [-89.194731, 21.351425], [-89.195667, 21.351248], [-89.196136, 21.351201], [-89.196253, 21.351158], [-89.197777, 21.351055], [-89.19854, 21.351004], [-89.199595, 21.350907], [-89.200123, 21.350859], [-89.201355, 21.350801], [-89.201999, 21.35071], [-89.202644, 21.350661], [-89.20364, 21.350565], [-89.204226, 21.350475], [-89.205456, 21.350293], [-89.206335, 21.350199], [-89.20733, 21.350062], [-89.208503, 21.349964], [-89.2095, 21.349868], [-89.210965, 21.349725], [-89.212138, 21.349668], [-89.213311, 21.34957], [-89.215011, 21.349423], [-89.216416, 21.349198], [-89.217468, 21.348937], [-89.218468, 21.349006], [-89.219521, 21.348827], [-89.220583, 21.349101], [-89.221638, 21.349005], [-89.222459, 21.348911], [-89.223744, 21.348564], [-89.224738, 21.348303], [-89.226199, 21.347954], [-89.227252, 21.347733], [-89.228948, 21.347339], [-89.230119, 21.3472], [-89.232051, 21.346885], [-89.233222, 21.346704], [-89.235037, 21.346391], [-89.236269, 21.346333], [-89.237617, 21.346233], [-89.239025, 21.346173], [-89.239319, 21.346169], [-89.24061, 21.34611], [-89.241666, 21.346096], [-89.242135, 21.346048], [-89.243425, 21.345948], [-89.244652, 21.345879], [-89.245361, 21.345839], [-89.246108, 21.345754], [-89.246181, 21.345746], [-89.247176, 21.345567], [-89.248464, 21.345385], [-89.249401, 21.345248], [-89.250163, 21.345156], [-89.252563, 21.344793], [-89.254094, 21.34502], [-89.254621, 21.34493], [-89.255383, 21.344879], [-89.256321, 21.344783], [-89.257024, 21.344691], [-89.258137, 21.344552], [-89.258606, 21.344505], [-89.259191, 21.344414], [-89.260479, 21.344232], [-89.262297, 21.344125], [-89.262884, 21.344075], [-89.263628, 21.34403], [-89.263763, 21.344022], [-89.265111, 21.34388], [-89.266575, 21.343654], [-89.267808, 21.343637], [-89.268488, 21.343634], [-89.269014, 21.34367], [-89.269861, 21.343506], [-89.270501, 21.343358], [-89.271053, 21.343387], [-89.271966, 21.343283], [-89.272731, 21.343157], [-89.273902, 21.343017], [-89.275247, 21.34271], [-89.27554, 21.342706], [-89.276244, 21.342655], [-89.276949, 21.342687], [-89.277655, 21.34276], [-89.278244, 21.342875], [-89.27883, 21.342785], [-89.279316, 21.342625], [-89.28037, 21.34258], [-89.280835, 21.342687], [-89.281367, 21.34268], [-89.282211, 21.342737], [-89.283092, 21.342828], [-89.285056, 21.342991], [-89.285734, 21.342999], [-89.287111, 21.3431], [-89.288487, 21.343219], [-89.289329, 21.343121], [-89.290117, 21.343145], [-89.290253, 21.343149], [-89.291658, 21.343193], [-89.292815, 21.343314], [-89.29377, 21.343421], [-89.295145, 21.343454], [-89.295786, 21.343411], [-89.296499, 21.343333], [-89.297234, 21.343443], [-89.29822, 21.343206], [-89.299461, 21.342828], [-89.301029, 21.342309], [-89.301833, 21.342092], [-89.30258, 21.341824], [-89.303571, 21.341879], [-89.304501, 21.341626], [-89.305577, 21.341425], [-89.306342, 21.341497], [-89.306991, 21.341695], [-89.307227, 21.341733], [-89.307699, 21.341891], [-89.307874, 21.341806], [-89.307984, 21.341433], [-89.307973, 21.340815], [-89.308671, 21.340475], [-89.309083, 21.340511], [-89.309552, 21.340504], [-89.310196, 21.340413], [-89.310725, 21.340405], [-89.311485, 21.34023], [-89.312129, 21.340138], [-89.312539, 21.340091], [-89.313125, 21.340042], [-89.314297, 21.339943], [-89.314884, 21.339935], [-89.315881, 21.33988], [-89.316583, 21.339746], [-89.317111, 21.339698], [-89.317696, 21.339607], [-89.318223, 21.339517], [-89.318633, 21.33947], [-89.319453, 21.339376], [-89.320157, 21.339325], [-89.320508, 21.339279], [-89.321388, 21.339267], [-89.321799, 21.339261], [-89.323263, 21.339034], [-89.323847, 21.338902], [-89.324902, 21.338764], [-89.325896, 21.338585], [-89.326541, 21.338535], [-89.327888, 21.338351], [-89.329293, 21.338125], [-89.330461, 21.33782], [-89.331924, 21.337552], [-89.332978, 21.337413], [-89.333856, 21.337277], [-89.334676, 21.337183], [-89.336257, 21.336955], [-89.337782, 21.336851], [-89.338952, 21.336669], [-89.340242, 21.336568], [-89.341003, 21.336475], [-89.342526, 21.336248], [-89.343286, 21.336113], [-89.343929, 21.33598], [-89.345277, 21.335837], [-89.346859, 21.33565], [-89.348501, 21.335586], [-89.349558, 21.335612], [-89.350084, 21.335481], [-89.350846, 21.335429], [-89.352725, 21.335443], [-89.353954, 21.33522], [-89.354539, 21.335129], [-89.35518, 21.334872], [-89.355706, 21.334741], [-89.356407, 21.334566], [-89.357053, 21.334557], [-89.357875, 21.334587], [-89.35811, 21.334583], [-89.359282, 21.334484], [-89.359693, 21.334478], [-89.361452, 21.334371], [-89.362508, 21.334315], [-89.363387, 21.33422], [-89.364266, 21.334125], [-89.365086, 21.334072], [-89.366082, 21.333934], [-89.366608, 21.333803], [-89.367659, 21.33354], [-89.368243, 21.333367], [-89.369178, 21.333147], [-89.369943, 21.333219], [-89.371579, 21.332824], [-89.373219, 21.332636], [-89.373982, 21.332625], [-89.374568, 21.332575], [-89.375625, 21.33256], [-89.376328, 21.332509], [-89.377734, 21.332365], [-89.378377, 21.332232], [-89.379197, 21.332097], [-89.379607, 21.33205], [-89.380367, 21.331915], [-89.381248, 21.331902], [-89.381893, 21.331852], [-89.383711, 21.331785], [-89.384004, 21.331739], [-89.385234, 21.331598], [-89.385643, 21.331509], [-89.386873, 21.331368], [-89.388222, 21.331307], [-89.389278, 21.331251], [-89.390333, 21.331194], [-89.39174, 21.331092], [-89.392384, 21.331], [-89.39338, 21.330903], [-89.394553, 21.330845], [-89.395784, 21.330745], [-89.397484, 21.330597], [-89.399012, 21.330698], [-89.400592, 21.330428], [-89.401116, 21.330214], [-89.401698, 21.329958], [-89.402568, 21.32941], [-89.403032, 21.329114], [-89.40385, 21.328896], [-89.404551, 21.328721], [-89.405488, 21.328625], [-89.406482, 21.328404], [-89.408649, 21.328167], [-89.410575, 21.327603], [-89.41163, 21.327505], [-89.412508, 21.327368], [-89.413853, 21.327101], [-89.415083, 21.32696], [-89.415668, 21.326827], [-89.416196, 21.326861], [-89.416665, 21.326813], [-89.417603, 21.326758], [-89.418248, 21.326707], [-89.418482, 21.326663], [-89.419067, 21.326572], [-89.419827, 21.326396], [-89.420412, 21.326305], [-89.421117, 21.326336], [-89.422292, 21.32636], [-89.422878, 21.32631], [-89.423756, 21.326174], [-89.424517, 21.32608], [-89.425396, 21.325985], [-89.426915, 21.325632], [-89.427558, 21.325499], [-89.428202, 21.325407], [-89.42902, 21.325189], [-89.429549, 21.325223], [-89.430078, 21.325298], [-89.430783, 21.325328], [-89.431487, 21.325277], [-89.431721, 21.325274], [-89.432484, 21.325221], [-89.433653, 21.324998], [-89.434239, 21.324948], [-89.434941, 21.324814], [-89.435701, 21.324679], [-89.436405, 21.324628], [-89.437223, 21.324451], [-89.437928, 21.324481], [-89.438923, 21.324302], [-89.439979, 21.324286], [-89.440507, 21.324279], [-89.441385, 21.324142], [-89.442145, 21.324007], [-89.442555, 21.32396], [-89.443142, 21.323951], [-89.444018, 21.323732], [-89.444545, 21.323642], [-89.445014, 21.323594], [-89.446187, 21.323577], [-89.44654, 21.323613], [-89.447242, 21.323478], [-89.447767, 21.323306], [-89.448469, 21.323213], [-89.44935, 21.3232], [-89.450289, 21.323186], [-89.451223, 21.322925], [-89.452098, 21.322665], [-89.452796, 21.322324], [-89.453614, 21.322147], [-89.454436, 21.322135], [-89.455315, 21.322081], [-89.456369, 21.321942], [-89.457423, 21.321844], [-89.458185, 21.32175], [-89.459179, 21.32157], [-89.460119, 21.321597], [-89.460818, 21.32134], [-89.46111, 21.321253], [-89.461402, 21.321207], [-89.462161, 21.32099], [-89.462687, 21.320858], [-89.463212, 21.320686], [-89.463562, 21.320516], [-89.464559, 21.320542], [-89.465028, 21.320494], [-89.465848, 21.32044], [-89.466727, 21.320345], [-89.467313, 21.320295], [-89.468307, 21.320115], [-89.469008, 21.31994], [-89.470121, 21.319799], [-89.470531, 21.319752], [-89.472231, 21.319686], [-89.473169, 21.319589], [-89.473755, 21.31958], [-89.474748, 21.319318], [-89.475859, 21.319095], [-89.476853, 21.318916], [-89.477731, 21.318779], [-89.478434, 21.318727], [-89.494188, 21.316647], [-89.496372, 21.316392], [-89.498518, 21.316142], [-89.502176, 21.315723], [-89.503812, 21.315486], [-89.50512, 21.315296], [-89.505167, 21.31529], [-89.506419, 21.315129], [-89.507906, 21.314851], [-89.50942, 21.314305], [-89.510008, 21.314093], [-89.511152, 21.31368], [-89.512533, 21.31349], [-89.514195, 21.313281], [-89.517387, 21.312878], [-89.519913, 21.312585], [-89.521597, 21.312416], [-89.524911, 21.3119], [-89.526965, 21.311574], [-89.528609, 21.311421], [-89.53594, 21.310208], [-89.53663, 21.31007], [-89.538991, 21.309682], [-89.540021, 21.309513], [-89.541479, 21.309273], [-89.542975, 21.309027], [-89.543976, 21.308866], [-89.544779, 21.308825], [-89.547086, 21.308409], [-89.549326, 21.308005], [-89.550187, 21.30785], [-89.554379, 21.307094], [-89.555623, 21.306871], [-89.557705, 21.306179], [-89.563351, 21.304302], [-89.564263, 21.303999], [-89.565231, 21.303677], [-89.566184, 21.30336], [-89.567224, 21.303014], [-89.567721, 21.302849], [-89.56817, 21.302768], [-89.568862, 21.302642], [-89.569681, 21.302493], [-89.570585, 21.302329], [-89.571604, 21.302144], [-89.575022, 21.301524], [-89.582054, 21.300247], [-89.583321, 21.300017], [-89.585996, 21.299362], [-89.587199, 21.299068], [-89.58848, 21.298869], [-89.589748, 21.298673], [-89.590993, 21.29848], [-89.592328, 21.298273], [-89.593576, 21.298079], [-89.59483, 21.297885], [-89.596096, 21.297688], [-89.597373, 21.29749], [-89.598643, 21.297293], [-89.599909, 21.297097], [-89.600423, 21.297017], [-89.600555, 21.29699], [-89.601502, 21.296797], [-89.602531, 21.296587], [-89.603651, 21.296359], [-89.604521, 21.296182], [-89.605454, 21.29612], [-89.6064, 21.296057], [-89.607307, 21.295997], [-89.607744, 21.295968], [-89.608247, 21.295779], [-89.609199, 21.295422], [-89.610107, 21.295373], [-89.610206, 21.295368], [-89.611011, 21.295228], [-89.612106, 21.295038], [-89.612882, 21.294903], [-89.613915, 21.294724], [-89.614787, 21.294573], [-89.616981, 21.294191], [-89.617916, 21.294029], [-89.618837, 21.293869], [-89.619795, 21.293703], [-89.620769, 21.293533], [-89.621659, 21.293379], [-89.622571, 21.293216], [-89.623535, 21.293045], [-89.624391, 21.292892], [-89.625372, 21.292718], [-89.626285, 21.292555], [-89.626898, 21.292544], [-89.627577, 21.292401], [-89.629974, 21.291939], [-89.630568, 21.291679], [-89.631569, 21.291436], [-89.632793, 21.291392], [-89.633081, 21.291335], [-89.634118, 21.291142], [-89.634338, 21.291101], [-89.635248, 21.290932], [-89.636293, 21.290761], [-89.637397, 21.29058], [-89.638519, 21.290568], [-89.638606, 21.290548], [-89.639716, 21.290292], [-89.640784, 21.290189], [-89.641853, 21.290092], [-89.642897, 21.289997], [-89.643439, 21.289948], [-89.643971, 21.289865], [-89.645095, 21.28969], [-89.646143, 21.289527], [-89.647273, 21.289352], [-89.647802, 21.289329], [-89.648367, 21.289266], [-89.649458, 21.289145], [-89.65055, 21.289025], [-89.650899, 21.288982], [-89.651626, 21.288964], [-89.652734, 21.288994], [-89.653146, 21.288965], [-89.653514, 21.288894], [-89.65408, 21.288766], [-89.654152, 21.288749], [-89.654609, 21.288754], [-89.65526, 21.288675], [-89.655861, 21.288635], [-89.656914, 21.288565], [-89.657988, 21.288469], [-89.659155, 21.288365], [-89.660212, 21.288271], [-89.661341, 21.288164], [-89.662449, 21.288059], [-89.66253, 21.288051], [-89.663536, 21.287938], [-89.663684, 21.28792], [-89.664517, 21.287818], [-89.664858, 21.291211], [-89.665564, 21.291575], [-89.665861, 21.290996], [-89.665105, 21.290646], [-89.664834, 21.288086], [-89.665848, 21.28786], [-89.667854, 21.286458], [-89.667818, 21.286141], [-89.668849, 21.285787], [-89.669887, 21.284966], [-89.671081, 21.284779], [-89.671046, 21.284416], [-89.672116, 21.284212], [-89.673179, 21.284009], [-89.673783, 21.283854], [-89.674706, 21.283785], [-89.674697, 21.283584], [-89.675141, 21.283522], [-89.675597, 21.283458], [-89.676247, 21.283367], [-89.677175, 21.283349], [-89.67799, 21.283263], [-89.67881, 21.283176], [-89.68036, 21.283013], [-89.681351, 21.282908], [-89.681381, 21.282902], [-89.682402, 21.282699], [-89.683412, 21.282498], [-89.684457, 21.282449], [-89.685458, 21.282209], [-89.686502, 21.282141], [-89.687382, 21.281991], [-89.688058, 21.281876], [-89.688999, 21.281716], [-89.690027, 21.281541], [-89.690413, 21.281577], [-89.691037, 21.281463], [-89.691783, 21.281406], [-89.692398, 21.281359], [-89.693766, 21.281254], [-89.69433, 21.281211], [-89.694457, 21.281655], [-89.694595, 21.281677], [-89.695778, 21.281868], [-89.699311, 21.28244], [-89.702642, 21.282838], [-89.70275, 21.282851], [-89.702826, 21.28286], [-89.703418, 21.28293], [-89.703434, 21.279979], [-89.704233, 21.279572], [-89.706381, 21.279309], [-89.708244, 21.278793], [-89.709273, 21.278638], [-89.710185, 21.278502], [-89.711019, 21.278328], [-89.711665, 21.278193], [-89.712153, 21.278091], [-89.712666, 21.277985], [-89.716159, 21.277403], [-89.717158, 21.277236], [-89.717388, 21.277198], [-89.717668, 21.277151], [-89.718431, 21.277024], [-89.718504, 21.277012], [-89.71964, 21.276668], [-89.719766, 21.276642], [-89.720274, 21.276535], [-89.720852, 21.276414], [-89.722162, 21.276139], [-89.722694, 21.275955], [-89.724492, 21.275451], [-89.724888, 21.275372], [-89.726848, 21.274978], [-89.727842, 21.274779], [-89.728828, 21.274581], [-89.72989, 21.27442], [-89.730431, 21.274338], [-89.730978, 21.274253], [-89.732034, 21.27409], [-89.733132, 21.27392], [-89.734183, 21.273758], [-89.734254, 21.273747], [-89.735301, 21.273434], [-89.736232, 21.273155], [-89.737169, 21.272874], [-89.738059, 21.272608], [-89.738967, 21.272368], [-89.739812, 21.272144], [-89.740667, 21.271918], [-89.741578, 21.271677], [-89.742512, 21.27143], [-89.742756, 21.271366], [-89.743489, 21.271214], [-89.744403, 21.271025], [-89.745297, 21.27084], [-89.746249, 21.270644], [-89.747139, 21.27046], [-89.747529, 21.270336], [-89.747704, 21.270315], [-89.748145, 21.270163], [-89.74871, 21.270127], [-89.749083, 21.269979], [-89.749968, 21.269794], [-89.750295, 21.269746], [-89.750827, 21.269605], [-89.751688, 21.269413], [-89.753192, 21.269032], [-89.754062, 21.268873], [-89.754287, 21.268835], [-89.754562, 21.268737], [-89.755563, 21.268551], [-89.755971, 21.268424], [-89.756076, 21.268381], [-89.756496, 21.268268], [-89.757806, 21.26815], [-89.758233, 21.268112], [-89.758305, 21.268099], [-89.758464, 21.268069], [-89.758813, 21.268067], [-89.758894, 21.268066], [-89.758948, 21.268033], [-89.759188, 21.267883], [-89.75934, 21.267858], [-89.760156, 21.267723], [-89.760357, 21.267689], [-89.760385, 21.267679], [-89.760602, 21.2676], [-89.760843, 21.267552], [-89.760897, 21.267536], [-89.761474, 21.267355], [-89.761732, 21.267291], [-89.761933, 21.267193], [-89.762806, 21.267039], [-89.763485, 21.266941], [-89.76369, 21.266912], [-89.764357, 21.266786], [-89.765199, 21.266628], [-89.766096, 21.266544], [-89.767002, 21.26643], [-89.767969, 21.266273], [-89.768151, 21.266244], [-89.768734, 21.266124], [-89.768959, 21.266056], [-89.769548, 21.265877], [-89.77005, 21.265855], [-89.770599, 21.265679], [-89.771118, 21.265317], [-89.771201, 21.265288], [-89.771973, 21.265016], [-89.772788, 21.26473], [-89.774721, 21.26405], [-89.775276, 21.263855], [-89.777227, 21.263467], [-89.779232, 21.263068], [-89.779328, 21.263051], [-89.78091, 21.262763], [-89.78244, 21.262484], [-89.784, 21.2622], [-89.784043, 21.262193], [-89.785562, 21.261963], [-89.787186, 21.261717], [-89.788837, 21.261465], [-89.789536, 21.261271], [-89.790423, 21.261024], [-89.790487, 21.261041], [-89.790673, 21.26109], [-89.791874, 21.260073], [-89.791894, 21.260056], [-89.792185, 21.25981], [-89.792241, 21.259794], [-89.793626, 21.259392], [-89.795021, 21.258988], [-89.796548, 21.258523], [-89.797345, 21.258679], [-89.798162, 21.258405], [-89.799612, 21.257925], [-89.801289, 21.257469], [-89.802824, 21.257053], [-89.804011, 21.25684], [-89.804977, 21.256666], [-89.805955, 21.25649], [-89.805998, 21.256483], [-89.807049, 21.256291], [-89.808623, 21.256004], [-89.808747, 21.255982], [-89.809818, 21.255788], [-89.810856, 21.2556], [-89.811936, 21.255405], [-89.812979, 21.255216], [-89.813875, 21.255145], [-89.81497, 21.255004], [-89.815809, 21.254896], [-89.816734, 21.254759], [-89.817572, 21.254636], [-89.817927, 21.254587], [-89.818693, 21.254482], [-89.81873, 21.254483], [-89.819043, 21.254485], [-89.819383, 21.254426], [-89.819609, 21.254301], [-89.82029, 21.254202], [-89.821129, 21.254082], [-89.822482, 21.253963], [-89.823256, 21.253895], [-89.825682, 21.253542], [-89.825784, 21.253527], [-89.825916, 21.253508], [-89.826187, 21.253464], [-89.826311, 21.25341], [-89.826353, 21.253404], [-89.826424, 21.253394], [-89.826709, 21.253376], [-89.826967, 21.25332], [-89.827378, 21.253231], [-89.827415, 21.253223], [-89.827689, 21.253164], [-89.827806, 21.253139], [-89.827915, 21.253097], [-89.828441, 21.252968], [-89.829461, 21.252704], [-89.830137, 21.252458], [-89.832909, 21.250808], [-89.833321, 21.25073], [-89.834207, 21.250451], [-89.835331, 21.249886], [-89.835686, 21.249684], [-89.837572, 21.249251], [-89.838456, 21.249055], [-89.839399, 21.248859], [-89.840164, 21.248744], [-89.840871, 21.248586], [-89.841695, 21.248472], [-89.842696, 21.248318], [-89.84405, 21.248126], [-89.844756, 21.248052], [-89.845915, 21.247837], [-89.846229, 21.247779], [-89.846523, 21.247741], [-89.84723, 21.247584], [-89.848644, 21.247311], [-89.848998, 21.247232], [-89.850237, 21.246792], [-89.851004, 21.246594], [-89.85248, 21.246075], [-89.853012, 21.245833], [-89.853602, 21.245633], [-89.854841, 21.245276], [-89.855312, 21.245198], [-89.856788, 21.244637], [-89.85732, 21.244437], [-89.858322, 21.244159], [-89.859562, 21.243678], [-89.860506, 21.2434], [-89.862215, 21.243006], [-89.863157, 21.242851], [-89.864631, 21.242496], [-89.865574, 21.242259], [-89.866341, 21.24202], [-89.867404, 21.241619], [-89.868173, 21.241215], [-89.869059, 21.240853], [-89.86971, 21.240489], [-89.870244, 21.240124], [-89.870836, 21.239801], [-89.872195, 21.239197], [-89.872844, 21.238998], [-89.87367, 21.238759], [-89.874379, 21.238478], [-89.875087, 21.238239], [-89.875853, 21.238041], [-89.876326, 21.237798], [-89.876976, 21.237558], [-89.877742, 21.237401], [-89.878154, 21.237323], [-89.878981, 21.237002], [-89.879513, 21.236761], [-89.879868, 21.236558], [-89.880812, 21.23628], [-89.881166, 21.23616], [-89.881696, 21.236001], [-89.882405, 21.235761], [-89.882995, 21.235561], [-89.88388, 21.235282], [-89.88453, 21.235001], [-89.885062, 21.234759], [-89.885417, 21.234557], [-89.886066, 21.234357], [-89.886891, 21.23416], [-89.887305, 21.233958], [-89.887718, 21.233798], [-89.889073, 21.233524], [-89.889606, 21.2332], [-89.890196, 21.232959], [-89.890844, 21.232883], [-89.891373, 21.232806], [-89.892493, 21.23253], [-89.89326, 21.23229], [-89.894735, 21.231811], [-89.89562, 21.231491], [-89.896624, 21.231089], [-89.897867, 21.230402], [-89.898637, 21.229956], [-89.900056, 21.229271], [-89.900825, 21.228867]]]}}, {"type": "Feature", "properties": {"state": "Yucatán", "distrito_local": "15", "distrito": "Distrito Electoral Local 15", "cabecera_distrital": "Motul", "fuente_geometria": "IEPAC · Distritación Local 2022"}, "geometry": {"type": "Polygon", "coordinates": [[[-89.241672, 20.883448], [-89.249979, 20.90443], [-89.216634, 20.934023], [-89.195089, 20.953134], [-89.194892, 20.958322], [-89.194892, 20.961879], [-89.194892, 20.973063], [-89.194892, 20.986865], [-89.197747, 20.986881], [-89.207032, 20.986934], [-89.209953, 20.993188], [-89.216418, 21.007027], [-89.218694, 21.011898], [-89.202772, 21.023229], [-89.165955, 21.04942], [-89.152984, 21.049586], [-89.150312, 21.049569], [-89.107217, 21.049288], [-89.098414, 21.049339], [-89.09824, 21.031051], [-89.088945, 21.031257], [-89.077648, 21.031136], [-89.068668, 21.030994], [-89.068731, 21.022427], [-89.068742, 21.020942], [-89.055936, 21.020938], [-89.055862, 21.048979], [-89.055816, 21.06626], [-89.055812, 21.067792], [-89.054112, 21.067806], [-89.048998, 21.067849], [-89.048956, 21.07235], [-89.048687, 21.10145], [-89.048693, 21.104171], [-89.090048, 21.104065], [-89.101883, 21.104032], [-89.101785, 21.124631], [-89.122259, 21.124709], [-89.133486, 21.12475], [-89.158769, 21.124841], [-89.18185, 21.124921], [-89.18335, 21.132034], [-89.183364, 21.1321], [-89.18384, 21.134361], [-89.183884, 21.134567], [-89.190222, 21.164623], [-89.193185, 21.178671], [-89.216792, 21.178818], [-89.234764, 21.178927], [-89.274428, 21.178812], [-89.293057, 21.178755], [-89.316928, 21.178742], [-89.336891, 21.178729], [-89.342846, 21.178724], [-89.343102, 21.22669], [-89.366433, 21.226581], [-89.422319, 21.225672], [-89.422319, 21.190764], [-89.422321, 21.158857], [-89.42259, 21.120716], [-89.422682, 21.107724], [-89.422746, 21.098777], [-89.422778, 21.094234], [-89.422811, 21.088746], [-89.466438, 21.088562], [-89.468883, 21.088551], [-89.470103, 21.065343], [-89.470282, 21.061944], [-89.470823, 21.051642], [-89.471246, 21.043592], [-89.471592, 21.037022], [-89.500811, 21.007168], [-89.525447, 20.982585], [-89.529343, 20.978591], [-89.529164, 20.970154], [-89.528221, 20.970154], [-89.482083, 20.970119], [-89.478085, 20.970116], [-89.478064, 20.957373], [-89.478062, 20.956259], [-89.478061, 20.95572], [-89.50177, 20.955672], [-89.534592, 20.9556], [-89.52956, 20.952607], [-89.47421, 20.919664], [-89.463589, 20.913339], [-89.428904, 20.892674], [-89.428492, 20.892429], [-89.416823, 20.885474], [-89.410253, 20.852101], [-89.410024, 20.850938], [-89.40559, 20.828313], [-89.404571, 20.823113], [-89.396119, 20.779964], [-89.365152, 20.78002], [-89.332811, 20.780072], [-89.299237, 20.779786], [-89.283192, 20.780039], [-89.283307, 20.804015], [-89.28337, 20.817137], [-89.283444, 20.832491], [-89.283468, 20.837388], [-89.283486, 20.841128], [-89.283534, 20.851089], [-89.263813, 20.851437], [-89.254472, 20.8516], [-89.228879, 20.852047], [-89.237046, 20.871908], [-89.241672, 20.883448]]]}}, {"type": "Feature", "properties": {"state": "Yucatán", "distrito_local": "16", "distrito": "Distrito Electoral Local 16", "cabecera_distrital": "Izamal", "fuente_geometria": "IEPAC · Distritación Local 2022"}, "geometry": {"type": "Polygon", "coordinates": [[[-89.122259, 21.124709], [-89.101785, 21.124631], [-89.101883, 21.104032], [-89.090048, 21.104065], [-89.048693, 21.104171], [-89.048687, 21.10145], [-89.048956, 21.07235], [-89.048998, 21.067849], [-89.054112, 21.067806], [-89.055812, 21.067792], [-89.055816, 21.06626], [-89.055862, 21.048979], [-89.055936, 21.020938], [-89.068742, 21.020942], [-89.068731, 21.022427], [-89.068668, 21.030994], [-89.077648, 21.031136], [-89.088945, 21.031257], [-89.09824, 21.031051], [-89.098414, 21.049339], [-89.107217, 21.049288], [-89.150312, 21.049569], [-89.152984, 21.049586], [-89.165955, 21.04942], [-89.202772, 21.023229], [-89.218694, 21.011898], [-89.216418, 21.007027], [-89.209953, 20.993188], [-89.207032, 20.986934], [-89.197747, 20.986881], [-89.194892, 20.986865], [-89.194892, 20.973063], [-89.194892, 20.961879], [-89.194892, 20.958322], [-89.195089, 20.953134], [-89.216634, 20.934023], [-89.249979, 20.90443], [-89.241672, 20.883448], [-89.237046, 20.871908], [-89.228879, 20.852047], [-89.217522, 20.852024], [-89.211145, 20.852012], [-89.194708, 20.851978], [-89.172384, 20.851929], [-89.150115, 20.851878], [-89.144926, 20.851847], [-89.086366, 20.851483], [-89.086375, 20.825475], [-89.086169, 20.811177], [-89.088644, 20.811144], [-89.091446, 20.811108], [-89.091445, 20.811008], [-89.091216, 20.75863], [-89.046528, 20.71696], [-88.999598, 20.716944], [-88.974814, 20.716958], [-88.974847, 20.70857], [-88.96289, 20.708552], [-88.957798, 20.708544], [-88.957588, 20.716971], [-88.933997, 20.716903], [-88.903743, 20.71681], [-88.874443, 20.716765], [-88.846673, 20.716717], [-88.844317, 20.718698], [-88.790774, 20.763692], [-88.789161, 20.765047], [-88.786169, 20.767561], [-88.765651, 20.767424], [-88.749594, 20.767315], [-88.749577, 20.775885], [-88.683493, 20.775845], [-88.683417, 20.808714], [-88.678655, 20.808707], [-88.666777, 20.80869], [-88.666778, 20.815758], [-88.666794, 20.886382], [-88.666795, 20.887512], [-88.666798, 20.900648], [-88.622245, 20.900708], [-88.5756, 20.900758], [-88.507466, 20.900867], [-88.498696, 20.900879], [-88.499143, 20.936135], [-88.49916, 20.937497], [-88.49941, 20.990721], [-88.499491, 21.008024], [-88.499561, 21.02275], [-88.499649, 21.041412], [-88.499738, 21.091507], [-88.499758, 21.102705], [-88.499793, 21.121914], [-88.499815, 21.134216], [-88.499841, 21.148403], [-88.499876, 21.167477], [-88.499757, 21.17108], [-88.492946, 21.171135], [-88.492811, 21.177346], [-88.490124, 21.177365], [-88.486328, 21.177393], [-88.48149, 21.177428], [-88.474607, 21.177477], [-88.474575, 21.232917], [-88.474546, 21.283827], [-88.483006, 21.283809], [-88.483082, 21.313567], [-88.483158, 21.343031], [-88.483168, 21.346938], [-88.483239, 21.37417], [-88.488625, 21.374121], [-88.499656, 21.374021], [-88.49983, 21.380774], [-88.499852, 21.381616], [-88.49991, 21.383862], [-88.498931, 21.383873], [-88.498244, 21.383881], [-88.495094, 21.383918], [-88.483316, 21.384054], [-88.483328, 21.400678], [-88.490518, 21.400646], [-88.494491, 21.400628], [-88.504274, 21.400582], [-88.52339, 21.400493], [-88.524762, 21.400486], [-88.524768, 21.403192], [-88.524812, 21.421237], [-88.512432, 21.421263], [-88.499972, 21.421288], [-88.50007, 21.45397], [-88.500338, 21.542458], [-88.504078, 21.540794], [-88.504614, 21.540514], [-88.505329, 21.540154], [-88.505862, 21.539998], [-88.506278, 21.53984], [-88.50634, 21.539717], [-88.506876, 21.539437], [-88.50759, 21.539118], [-88.507945, 21.539042], [-88.509187, 21.538815], [-88.510135, 21.538583], [-88.510549, 21.538507], [-88.510908, 21.538266], [-88.511563, 21.537905], [-88.512395, 21.537589], [-88.513107, 21.537353], [-88.513938, 21.537078], [-88.514588, 21.536965], [-88.515531, 21.536981], [-88.516122, 21.536908], [-88.51642, 21.536748], [-88.517077, 21.536305], [-88.518021, 21.536238], [-88.518375, 21.536244], [-88.519025, 21.536131], [-88.519622, 21.535769], [-88.519922, 21.535526], [-88.52053, 21.534628], [-88.520886, 21.53451], [-88.521655, 21.534358], [-88.522305, 21.534245], [-88.523191, 21.534177], [-88.524785, 21.534039], [-88.525025, 21.533836], [-88.525917, 21.533438], [-88.526447, 21.533447], [-88.527626, 21.533426], [-88.528215, 21.533436], [-88.528923, 21.533406], [-88.529338, 21.533289], [-88.53028, 21.533347], [-88.530691, 21.533395], [-88.53233, 21.533918], [-88.533685, 21.533941], [-88.534395, 21.533829], [-88.534753, 21.533587], [-88.535226, 21.533512], [-88.5357, 21.533396], [-88.536581, 21.533535], [-88.53746, 21.533798], [-88.537871, 21.533846], [-88.538525, 21.533568], [-88.53894, 21.533451], [-88.539415, 21.533294], [-88.539825, 21.533383], [-88.540878, 21.533773], [-88.541346, 21.533946], [-88.542522, 21.534048], [-88.543287, 21.534102], [-88.543874, 21.534236], [-88.544633, 21.534579], [-88.545867, 21.534765], [-88.546693, 21.534696], [-88.547344, 21.534583], [-88.548353, 21.534228], [-88.549478, 21.533958], [-88.550544, 21.533687], [-88.551614, 21.53325], [-88.552207, 21.533054], [-88.55333, 21.532866], [-88.553983, 21.53267], [-88.554983, 21.532728], [-88.555393, 21.532859], [-88.555748, 21.532782], [-88.556877, 21.532347], [-88.557175, 21.532186], [-88.557648, 21.53207], [-88.55812, 21.532078], [-88.558712, 21.531923], [-88.559543, 21.531648], [-88.561265, 21.531015], [-88.562566, 21.530748], [-88.563395, 21.530596], [-88.56476, 21.530082], [-88.565891, 21.529564], [-88.566841, 21.529208], [-88.568022, 21.529062], [-88.568435, 21.529028], [-88.569262, 21.528959], [-88.569497, 21.528963], [-88.570791, 21.529108], [-88.571381, 21.529077], [-88.572029, 21.529046], [-88.57274, 21.528893], [-88.57351, 21.528699], [-88.5741, 21.528626], [-88.574931, 21.528351], [-88.575464, 21.528194], [-88.576116, 21.52804], [-88.576649, 21.527883], [-88.577244, 21.527604], [-88.577778, 21.527448], [-88.578666, 21.527215], [-88.579967, 21.526988], [-88.580854, 21.526838], [-88.581622, 21.526726], [-88.583159, 21.526504], [-88.583986, 21.526394], [-88.58499, 21.526286], [-88.585754, 21.526382], [-88.587051, 21.526362], [-88.587643, 21.526206], [-88.58806, 21.526007], [-88.588421, 21.525641], [-88.588777, 21.525523], [-88.58907, 21.525569], [-88.590009, 21.525791], [-88.590715, 21.525844], [-88.591542, 21.525734], [-88.592015, 21.525659], [-88.59426, 21.525365], [-88.595147, 21.525215], [-88.596621, 21.525156], [-88.597742, 21.525092], [-88.598686, 21.525025], [-88.600102, 21.524924], [-88.601576, 21.524866], [-88.602637, 21.524842], [-88.603643, 21.524652], [-88.604885, 21.524425], [-88.605003, 21.524426], [-88.605301, 21.524266], [-88.605832, 21.524192], [-88.607075, 21.523923], [-88.607901, 21.523896], [-88.608963, 21.52383], [-88.609732, 21.523678], [-88.611507, 21.523294], [-88.612509, 21.523269], [-88.612987, 21.522946], [-88.613818, 21.522629], [-88.614763, 21.522521], [-88.61577, 21.522248], [-88.616481, 21.522053], [-88.617015, 21.521897], [-88.617907, 21.521498], [-88.618443, 21.521176], [-88.619572, 21.520699], [-88.620225, 21.520462], [-88.620404, 21.520382], [-88.621122, 21.519816], [-88.62166, 21.519411], [-88.622263, 21.518719], [-88.622803, 21.518232], [-88.623465, 21.517582], [-88.623946, 21.517094], [-88.624788, 21.516199], [-88.625872, 21.51506], [-88.626592, 21.51441], [-88.627071, 21.514005], [-88.627675, 21.513271], [-88.628039, 21.51274], [-88.628524, 21.512046], [-88.629068, 21.511352], [-88.629252, 21.510984], [-88.629794, 21.510414], [-88.630096, 21.510047], [-88.630633, 21.509684], [-88.630876, 21.509358], [-88.631238, 21.508909], [-88.63178, 21.508298], [-88.632142, 21.507891], [-88.632864, 21.507118], [-88.633166, 21.506792], [-88.633705, 21.506305], [-88.634005, 21.506062], [-88.634784, 21.505414], [-88.635742, 21.504603], [-88.635864, 21.50444], [-88.636469, 21.503624], [-88.636773, 21.503133], [-88.637253, 21.502686], [-88.637977, 21.501872], [-88.638396, 21.501507], [-88.6393, 21.500489], [-88.639839, 21.500043], [-88.640503, 21.499269], [-88.641044, 21.4987], [-88.641345, 21.498374], [-88.64231, 21.497274], [-88.642729, 21.496909], [-88.643335, 21.496051], [-88.643759, 21.49548], [-88.644239, 21.495033], [-88.645501, 21.493814], [-88.645921, 21.493408], [-88.646342, 21.492961], [-88.646948, 21.492144], [-88.647368, 21.491738], [-88.647729, 21.491372], [-88.648631, 21.490436], [-88.649112, 21.489948], [-88.649353, 21.489663], [-88.649714, 21.489297], [-88.650491, 21.488731], [-88.651089, 21.488245], [-88.651389, 21.488002], [-88.651928, 21.487557], [-88.652285, 21.487356], [-88.653003, 21.486789], [-88.653363, 21.486464], [-88.654084, 21.485774], [-88.654564, 21.485327], [-88.654984, 21.484921], [-88.655885, 21.484027], [-88.656244, 21.483743], [-88.656842, 21.48334], [-88.657377, 21.483059], [-88.657853, 21.482819], [-88.658808, 21.482215], [-88.659285, 21.481892], [-88.660301, 21.481165], [-88.660661, 21.48084], [-88.661197, 21.480518], [-88.661734, 21.480196], [-88.66239, 21.479794], [-88.662569, 21.479673], [-88.663462, 21.479191], [-88.663877, 21.479033], [-88.664235, 21.478832], [-88.665248, 21.478229], [-88.665604, 21.478069], [-88.66614, 21.477789], [-88.667093, 21.477267], [-88.66745, 21.477066], [-88.668173, 21.476252], [-88.668534, 21.475886], [-88.668776, 21.475559], [-88.669381, 21.474742], [-88.669682, 21.474417], [-88.670222, 21.473888], [-88.670524, 21.473521], [-88.671185, 21.47283], [-88.671664, 21.472466], [-88.672022, 21.472224], [-88.672499, 21.471901], [-88.673039, 21.471414], [-88.673217, 21.471334], [-88.674171, 21.470771], [-88.674827, 21.470368], [-88.67602, 21.469603], [-88.676793, 21.469202], [-88.677268, 21.469003], [-88.678103, 21.468479], [-88.67852, 21.468238], [-88.679299, 21.46759], [-88.679833, 21.46735], [-88.680727, 21.466828], [-88.681085, 21.466585], [-88.681923, 21.465938], [-88.682402, 21.465491], [-88.682943, 21.464963], [-88.683302, 21.464679], [-88.683663, 21.464272], [-88.684144, 21.463784], [-88.684564, 21.463378], [-88.685226, 21.462645], [-88.685526, 21.46236], [-88.685885, 21.462118], [-88.686656, 21.4618], [-88.687012, 21.461682], [-88.687191, 21.461561], [-88.687555, 21.461029], [-88.688151, 21.460667], [-88.68839, 21.460506], [-88.688569, 21.460385], [-88.68917, 21.459774], [-88.689653, 21.459163], [-88.690433, 21.458431], [-88.690972, 21.457944], [-88.691391, 21.457621], [-88.691812, 21.457173], [-88.69259, 21.456524], [-88.693067, 21.456201], [-88.69313, 21.456037], [-88.693425, 21.455685], [-88.69741, 21.450942], [-88.697944, 21.450744], [-88.698181, 21.450665], [-88.698835, 21.450386], [-88.699547, 21.450067], [-88.699785, 21.449988], [-88.700915, 21.449386], [-88.701333, 21.449104], [-88.701989, 21.44866], [-88.702526, 21.448338], [-88.70306, 21.448098], [-88.703715, 21.447737], [-88.704663, 21.447422], [-88.705321, 21.446895], [-88.705797, 21.446655], [-88.706213, 21.446455], [-88.706807, 21.446216], [-88.707163, 21.446057], [-88.707818, 21.445695], [-88.708116, 21.445535], [-88.708711, 21.445214], [-88.709066, 21.445095], [-88.709659, 21.444898], [-88.710608, 21.444541], [-88.710905, 21.444422], [-88.711973, 21.443985], [-88.712331, 21.443784], [-88.71263, 21.443541], [-88.712989, 21.443216], [-88.713533, 21.442522], [-88.713714, 21.442319], [-88.714193, 21.441872], [-88.714489, 21.441794], [-88.715733, 21.4414], [-88.716562, 21.441166], [-88.716977, 21.441048], [-88.717273, 21.44097], [-88.718041, 21.440817], [-88.718871, 21.440541], [-88.719464, 21.440344], [-88.71976, 21.440225], [-88.720356, 21.439904], [-88.721009, 21.439625], [-88.721486, 21.439302], [-88.722142, 21.438899], [-88.722679, 21.438494], [-88.723635, 21.437807], [-88.724052, 21.437566], [-88.72423, 21.437486], [-88.724588, 21.437244], [-88.725125, 21.436881], [-88.725838, 21.43652], [-88.726495, 21.436035], [-88.726734, 21.435873], [-88.727508, 21.435431], [-88.728223, 21.434988], [-88.728879, 21.434585], [-88.729711, 21.434185], [-88.730187, 21.433903], [-88.730663, 21.433663], [-88.731494, 21.433304], [-88.731851, 21.433103], [-88.732326, 21.432946], [-88.732623, 21.432785], [-88.733275, 21.432547], [-88.734227, 21.432067], [-88.734878, 21.43187], [-88.735293, 21.431712], [-88.735946, 21.431474], [-88.73654, 21.431194], [-88.736777, 21.431115], [-88.737724, 21.430841], [-88.738553, 21.430606], [-88.739735, 21.430377], [-88.7408, 21.430104], [-88.741333, 21.429947], [-88.742163, 21.429671], [-88.743109, 21.429479], [-88.743583, 21.429322], [-88.744116, 21.429165], [-88.745124, 21.428767], [-88.745658, 21.428569], [-88.74649, 21.428169], [-88.747023, 21.428012], [-88.747674, 21.427816], [-88.74797, 21.427738], [-88.748443, 21.427662], [-88.749275, 21.427262], [-88.749691, 21.427062], [-88.750756, 21.426748], [-88.751347, 21.426675], [-88.752291, 21.426566], [-88.753058, 21.426454], [-88.75353, 21.42642], [-88.754357, 21.426268], [-88.754948, 21.426153], [-88.755597, 21.426122], [-88.756246, 21.426049], [-88.757543, 21.425945], [-88.758191, 21.425914], [-88.759013, 21.426051], [-88.759838, 21.426022], [-88.760664, 21.425911], [-88.761491, 21.4258], [-88.762315, 21.425813], [-88.762903, 21.425822], [-88.764262, 21.425595], [-88.765087, 21.425567], [-88.766206, 21.425543], [-88.767268, 21.425435], [-88.767975, 21.425405], [-88.76886, 21.425295], [-88.769626, 21.425265], [-88.770038, 21.425272], [-88.771219, 21.425083], [-88.771809, 21.42501], [-88.772635, 21.42494], [-88.773166, 21.424866], [-88.773994, 21.424672], [-88.774525, 21.424598], [-88.775413, 21.424363], [-88.776656, 21.424011], [-88.777308, 21.423773], [-88.778313, 21.423582], [-88.778785, 21.423507], [-88.779612, 21.423354], [-88.780145, 21.423197], [-88.780796, 21.423042], [-88.781565, 21.422847], [-88.782276, 21.42261], [-88.783102, 21.422499], [-88.784046, 21.42239], [-88.784876, 21.422114], [-88.785939, 21.421923], [-88.786294, 21.421846], [-88.787241, 21.421572], [-88.788188, 21.421338], [-88.789431, 21.420944], [-88.79044, 21.420547], [-88.790913, 21.42043], [-88.791801, 21.420196], [-88.792691, 21.419838], [-88.793165, 21.419639], [-88.793759, 21.4194], [-88.794531, 21.41904], [-88.794949, 21.418716], [-88.795307, 21.418432], [-88.79596, 21.418153], [-88.796788, 21.417959], [-88.797144, 21.417841], [-88.797678, 21.417601], [-88.798158, 21.417113], [-88.79916, 21.415419], [-88.800773, 21.412692], [-88.801252, 21.412245], [-88.802076, 21.412298], [-88.802548, 21.412223], [-88.804266, 21.411671], [-88.804915, 21.411598], [-88.805684, 21.411404], [-88.806037, 21.411409], [-88.80692, 21.411381], [-88.80769, 21.411145], [-88.807987, 21.410984], [-88.808521, 21.410786], [-88.809349, 21.410592], [-88.809528, 21.41043], [-88.810293, 21.410483], [-88.810763, 21.410531], [-88.811117, 21.410495], [-88.812063, 21.410262], [-88.812946, 21.410275], [-88.813595, 21.410202], [-88.814361, 21.410131], [-88.815252, 21.409732], [-88.815609, 21.409531], [-88.816203, 21.409251], [-88.816981, 21.40856], [-88.817397, 21.40836], [-88.818109, 21.408041], [-88.818409, 21.407756], [-88.819354, 21.407605], [-88.820295, 21.407619], [-88.820709, 21.407543], [-88.821538, 21.407266], [-88.822487, 21.406909], [-88.822726, 21.406706], [-88.823441, 21.406221], [-88.82374, 21.406019], [-88.824338, 21.405491], [-88.824763, 21.404796], [-88.824946, 21.404468], [-88.825486, 21.403898], [-88.825905, 21.403533], [-88.826083, 21.403453], [-88.827036, 21.402889], [-88.827628, 21.402691], [-88.828278, 21.402536], [-88.829404, 21.402181], [-88.830053, 21.402067], [-88.830526, 21.40195], [-88.831116, 21.401918], [-88.831589, 21.40176], [-88.832417, 21.401566], [-88.832832, 21.401407], [-88.833126, 21.401411], [-88.833716, 21.401338], [-88.834602, 21.401186], [-88.83537, 21.401032], [-88.836139, 21.400878], [-88.836612, 21.40072], [-88.837381, 21.400525], [-88.838032, 21.40037], [-88.838743, 21.400092], [-88.83922, 21.399768], [-88.83946, 21.399524], [-88.839997, 21.399161], [-88.840299, 21.398711], [-88.840535, 21.398678], [-88.840831, 21.398636], [-88.840996, 21.39861], [-88.841067, 21.398598], [-88.841832, 21.39861], [-88.843068, 21.398587], [-88.843894, 21.398517], [-88.845248, 21.398496], [-88.846484, 21.398515], [-88.847308, 21.398527], [-88.847955, 21.398537], [-88.848309, 21.398501], [-88.848841, 21.398344], [-88.849556, 21.3979], [-88.849911, 21.397823], [-88.850266, 21.397704], [-88.850563, 21.397585], [-88.851213, 21.397429], [-88.851923, 21.397233], [-88.852278, 21.397156], [-88.853046, 21.397002], [-88.853756, 21.396765], [-88.854466, 21.396569], [-88.854938, 21.396535], [-88.855412, 21.396377], [-88.856062, 21.396221], [-88.857005, 21.396153], [-88.85777, 21.396164], [-88.858827, 21.396304], [-88.859652, 21.396234], [-88.860124, 21.3962], [-88.861007, 21.396171], [-88.861833, 21.396101], [-88.862894, 21.396034], [-88.863482, 21.396043], [-88.864658, 21.396143], [-88.865362, 21.396236], [-88.865656, 21.396282], [-88.866068, 21.396288], [-88.866951, 21.39626], [-88.868188, 21.396196], [-88.868718, 21.396204], [-88.8696, 21.396258], [-88.870305, 21.39631], [-88.871129, 21.396322], [-88.871542, 21.396287], [-88.872366, 21.3963], [-88.873426, 21.396274], [-88.874133, 21.396202], [-88.874547, 21.396125], [-88.875313, 21.396054], [-88.876021, 21.395982], [-88.877497, 21.395715], [-88.878796, 21.395528], [-88.878875, 21.395529], [-88.878889, 21.395618], [-88.878888, 21.395699], [-88.878885, 21.395818], [-88.878877, 21.395906], [-88.878862, 21.395982], [-88.878893, 21.396045], [-88.878875, 21.396141], [-88.878859, 21.39619], [-88.878862, 21.396235], [-88.878872, 21.39634], [-88.878849, 21.396444], [-88.878841, 21.396509], [-88.878832, 21.396617], [-88.878832, 21.396698], [-88.878923, 21.396724], [-88.879341, 21.396622], [-88.879696, 21.396558], [-88.87972, 21.396554], [-88.879749, 21.396548], [-88.879787, 21.396535], [-88.879789, 21.396495], [-88.879794, 21.396474], [-88.879795, 21.396453], [-88.879792, 21.396422], [-88.879798, 21.396386], [-88.879789, 21.39636], [-88.879798, 21.396323], [-88.879802, 21.396291], [-88.879798, 21.396266], [-88.879794, 21.396244], [-88.87981, 21.396209], [-88.879816, 21.396177], [-88.879813, 21.396134], [-88.879824, 21.396086], [-88.879821, 21.396058], [-88.879817, 21.396033], [-88.879818, 21.396012], [-88.879819, 21.395986], [-88.87982, 21.39596], [-88.879827, 21.395907], [-88.879838, 21.395862], [-88.879835, 21.39582], [-88.87983, 21.395721], [-88.879823, 21.395632], [-88.879825, 21.395543], [-88.880032, 21.395546], [-88.880738, 21.395557], [-88.881562, 21.395569], [-88.882679, 21.395627], [-88.883208, 21.395634], [-88.88368, 21.3956], [-88.884034, 21.395564], [-88.884506, 21.395488], [-88.884744, 21.395368], [-88.885103, 21.395043], [-88.885164, 21.39492], [-88.885283, 21.394839], [-88.885499, 21.394782], [-88.885637, 21.394776], [-88.885859, 21.394767], [-88.88685, 21.394727], [-88.886899, 21.394768], [-88.886951, 21.394812], [-88.887204, 21.394789], [-88.887457, 21.394767], [-88.892742, 21.393744], [-88.893234, 21.393578], [-88.893244, 21.393441], [-88.894523, 21.3932], [-88.894946, 21.393121], [-88.894958, 21.392937], [-88.895493, 21.392839], [-88.898795, 21.392188], [-88.898788, 21.392606], [-88.898894, 21.3926], [-88.898899, 21.392167], [-88.899872, 21.391976], [-88.899865, 21.392394], [-88.899971, 21.392389], [-88.899976, 21.391956], [-88.903614, 21.391239], [-88.903665, 21.391233], [-88.9038, 21.391225], [-88.903835, 21.391201], [-88.903902, 21.391191], [-88.90395, 21.391183], [-88.903983, 21.391185], [-88.904025, 21.391192], [-88.904083, 21.391187], [-88.90413, 21.391184], [-88.904197, 21.391171], [-88.904222, 21.391161], [-88.904294, 21.391136], [-88.904347, 21.391118], [-88.904471, 21.391109], [-88.904538, 21.391108], [-88.904591, 21.391093], [-88.904658, 21.391077], [-88.904716, 21.391052], [-88.904798, 21.391037], [-88.904898, 21.391021], [-88.905001, 21.390959], [-88.905045, 21.390908], [-88.905104, 21.390865], [-88.905201, 21.390816], [-88.905254, 21.3908], [-88.905332, 21.390766], [-88.905384, 21.390765], [-88.905418, 21.390744], [-88.905467, 21.390727], [-88.90551, 21.390701], [-88.905589, 21.390635], [-88.905673, 21.390603], [-88.905754, 21.390573], [-88.905836, 21.390529], [-88.905929, 21.390471], [-88.90607, 21.390385], [-88.906211, 21.390313], [-88.906317, 21.390282], [-88.906409, 21.390253], [-88.906513, 21.390154], [-88.906573, 21.390127], [-88.906625, 21.390101], [-88.906677, 21.390074], [-88.906794, 21.390015], [-88.906862, 21.389986], [-88.90697, 21.389908], [-88.907111, 21.389825], [-88.907169, 21.389797], [-88.90729, 21.389751], [-88.907382, 21.389711], [-88.90748, 21.389633], [-88.907563, 21.389586], [-88.907635, 21.38957], [-88.907693, 21.389539], [-88.907733, 21.389494], [-88.907783, 21.389447], [-88.90785, 21.389429], [-88.90798, 21.389391], [-88.908154, 21.389315], [-88.908214, 21.389321], [-88.911158, 21.389582], [-88.911395, 21.389565], [-88.912103, 21.389493], [-88.912869, 21.389421], [-88.913578, 21.389267], [-88.913935, 21.389065], [-88.914231, 21.388946], [-88.91441, 21.388866], [-88.915119, 21.38867], [-88.915653, 21.388471], [-88.916009, 21.388311], [-88.916425, 21.388069], [-88.916839, 21.387951], [-88.917313, 21.387793], [-88.917786, 21.387676], [-88.918317, 21.387601], [-88.91879, 21.387484], [-88.919203, 21.387407], [-88.919557, 21.387371], [-88.920324, 21.387259], [-88.920678, 21.387223], [-88.921267, 21.38719], [-88.921739, 21.387155], [-88.922209, 21.387162], [-88.922504, 21.387125], [-88.922918, 21.387007], [-88.923097, 21.386927], [-88.923569, 21.38681], [-88.924162, 21.386612], [-88.924573, 21.386618], [-88.925221, 21.386628], [-88.925867, 21.386679], [-88.926102, 21.386723], [-88.926455, 21.386728], [-88.926926, 21.386694], [-88.927103, 21.386697], [-88.927634, 21.386622], [-88.928339, 21.386673], [-88.928985, 21.386765], [-88.929279, 21.38677], [-88.929633, 21.386733], [-88.929752, 21.386694], [-88.930108, 21.386493], [-88.930346, 21.386372], [-88.930583, 21.386293], [-88.9307, 21.386295], [-88.930997, 21.386175], [-88.931409, 21.38614], [-88.931941, 21.386065], [-88.932176, 21.386068], [-88.932648, 21.385992], [-88.93312, 21.385958], [-88.933708, 21.385967], [-88.933884, 21.385969], [-88.934474, 21.385895], [-88.934827, 21.3859], [-88.935358, 21.385867], [-88.935652, 21.385871], [-88.9363, 21.385839], [-88.937123, 21.385892], [-88.937418, 21.385855], [-88.938063, 21.385988], [-88.938356, 21.386034], [-88.938709, 21.386039], [-88.939238, 21.386088], [-88.939649, 21.386177], [-88.940237, 21.386185], [-88.940591, 21.386149], [-88.941241, 21.385993], [-88.941477, 21.385955], [-88.942066, 21.385923], [-88.942714, 21.385891], [-88.943246, 21.385774], [-88.943599, 21.385779], [-88.944129, 21.385746], [-88.944425, 21.385668], [-88.945014, 21.385635], [-88.945661, 21.385644], [-88.946251, 21.385611], [-88.946958, 21.385539], [-88.94743, 21.385504], [-88.94802, 21.385389], [-88.948729, 21.385234], [-88.948965, 21.385196], [-88.949673, 21.385124], [-88.95044, 21.385011], [-88.951029, 21.384978], [-88.951854, 21.384907], [-88.952386, 21.384791], [-88.953153, 21.384678], [-88.953918, 21.384689], [-88.95486, 21.384703], [-88.955391, 21.384587], [-88.95604, 21.384513], [-88.956808, 21.384359], [-88.957221, 21.384324], [-88.958638, 21.384055], [-88.960726, 21.383957], [-88.961639, 21.383946], [-88.962283, 21.383814], [-88.963043, 21.383598], [-88.963511, 21.383468], [-88.964038, 21.383379], [-88.964682, 21.383288], [-88.965386, 21.383196], [-88.966499, 21.383058], [-88.966616, 21.383015], [-88.967319, 21.382924], [-88.967905, 21.382834], [-88.968666, 21.382659], [-88.969721, 21.382521], [-88.970307, 21.382431], [-88.970716, 21.382302], [-88.971886, 21.381998], [-88.972237, 21.381911], [-88.972936, 21.381571], [-88.973697, 21.381355], [-88.974399, 21.381222], [-88.974575, 21.381178], [-88.97557, 21.380959], [-88.976214, 21.380868], [-88.977154, 21.380898], [-88.978208, 21.380678], [-88.97885, 21.380421], [-88.97967, 21.380287], [-88.980432, 21.380195], [-88.981251, 21.379977], [-88.981602, 21.37989], [-88.982246, 21.379758], [-88.98283, 21.379585], [-88.983591, 21.379452], [-88.984527, 21.379192], [-88.984762, 21.379189], [-88.985113, 21.379143], [-88.985817, 21.379093], [-88.987228, 21.379199], [-88.987639, 21.379193], [-88.988344, 21.379226], [-88.989165, 21.379174], [-88.990279, 21.379077], [-88.990866, 21.379028], [-88.991158, 21.378942], [-88.991743, 21.378769], [-88.992211, 21.37868], [-88.993324, 21.378501], [-88.994319, 21.378281], [-88.994669, 21.378153], [-88.995548, 21.378018], [-88.996426, 21.377841], [-88.997361, 21.37754], [-88.997713, 21.377494], [-88.998182, 21.377447], [-88.998708, 21.377274], [-88.999175, 21.377144], [-89.000054, 21.377009], [-89.000408, 21.377129], [-89.000643, 21.377167], [-89.000938, 21.377246], [-89.001408, 21.377281], [-89.001936, 21.377233], [-89.002757, 21.37714], [-89.00299, 21.377054], [-89.003401, 21.377008], [-89.003869, 21.376919], [-89.004161, 21.376791], [-89.004687, 21.37666], [-89.005155, 21.37653], [-89.005623, 21.376442], [-89.006795, 21.376261], [-89.007263, 21.376173], [-89.007674, 21.376167], [-89.008203, 21.376161], [-89.00914, 21.376024], [-89.009491, 21.375937], [-89.009842, 21.37585], [-89.010311, 21.375803], [-89.010896, 21.375671], [-89.01195, 21.375451], [-89.012242, 21.375406], [-89.012653, 21.375359], [-89.013063, 21.375312], [-89.013942, 21.375218], [-89.014235, 21.375173], [-89.014587, 21.375127], [-89.015115, 21.375121], [-89.016289, 21.375106], [-89.016582, 21.37506], [-89.016992, 21.375014], [-89.017813, 21.374962], [-89.018458, 21.374871], [-89.019864, 21.374687], [-89.020216, 21.374683], [-89.020627, 21.374636], [-89.021565, 21.374541], [-89.022915, 21.374565], [-89.023386, 21.374601], [-89.023679, 21.374555], [-89.024148, 21.374508], [-89.024675, 21.37446], [-89.024909, 21.374415], [-89.025436, 21.374326], [-89.025729, 21.374281], [-89.026257, 21.374233], [-89.027019, 21.374181], [-89.027547, 21.374133], [-89.02784, 21.374088], [-89.028368, 21.37404], [-89.028661, 21.373995], [-89.029189, 21.373988], [-89.02954, 21.373942], [-89.030009, 21.373895], [-89.03036, 21.373807], [-89.030712, 21.373761], [-89.031122, 21.373715], [-89.031474, 21.373669], [-89.032001, 21.373579], [-89.033176, 21.373647], [-89.03341, 21.373602], [-89.033879, 21.373555], [-89.034406, 21.373465], [-89.034875, 21.373418], [-89.035461, 21.373328], [-89.036224, 21.373276], [-89.036693, 21.373229], [-89.037514, 21.373218], [-89.037925, 21.373213], [-89.038277, 21.373208], [-89.038921, 21.373076], [-89.039155, 21.373032], [-89.039975, 21.372856], [-89.04056, 21.372724], [-89.040911, 21.372678], [-89.041909, 21.372665], [-89.04232, 21.372618], [-89.042965, 21.372568], [-89.043493, 21.372562], [-89.04402, 21.372472], [-89.044547, 21.372382], [-89.045015, 21.372294], [-89.045954, 21.37224], [-89.046187, 21.372154], [-89.046654, 21.371941], [-89.047238, 21.371768], [-89.047531, 21.371723], [-89.048232, 21.371507], [-89.048583, 21.37142], [-89.049226, 21.371205], [-89.049928, 21.371072], [-89.050573, 21.370981], [-89.051099, 21.37085], [-89.051627, 21.370801], [-89.052329, 21.370627], [-89.052678, 21.370416], [-89.053028, 21.370287], [-89.053672, 21.370154], [-89.054023, 21.370067], [-89.054549, 21.369936], [-89.055252, 21.369844], [-89.055721, 21.369755], [-89.056072, 21.369709], [-89.056482, 21.369663], [-89.057477, 21.369443], [-89.05777, 21.369398], [-89.058297, 21.369308], [-89.058765, 21.369178], [-89.059525, 21.368961], [-89.059992, 21.368831], [-89.060871, 21.368695], [-89.061457, 21.368646], [-89.061867, 21.3686], [-89.063096, 21.368335], [-89.063272, 21.368333], [-89.063859, 21.368284], [-89.064152, 21.368239], [-89.064621, 21.368191], [-89.065089, 21.368102], [-89.065909, 21.368009], [-89.06673, 21.367957], [-89.067434, 21.367906], [-89.068021, 21.367898], [-89.0689, 21.367763], [-89.069192, 21.367676], [-89.070835, 21.367613], [-89.073151, 21.36685], [-89.073678, 21.366803], [-89.074206, 21.366755], [-89.074792, 21.366665], [-89.075435, 21.366533], [-89.076079, 21.366401], [-89.076604, 21.366188], [-89.077365, 21.366014], [-89.077539, 21.365888], [-89.078124, 21.365757], [-89.078882, 21.365459], [-89.079581, 21.36512], [-89.080164, 21.364865], [-89.081627, 21.364558], [-89.082149, 21.364221], [-89.083023, 21.363798], [-89.083784, 21.363623], [-89.084249, 21.36337], [-89.084953, 21.36332], [-89.085773, 21.363186], [-89.08624, 21.363056], [-89.086943, 21.362965], [-89.087528, 21.362834], [-89.088698, 21.362571], [-89.089401, 21.362439], [-89.089808, 21.362227], [-89.090218, 21.36214], [-89.091273, 21.362003], [-89.091683, 21.361956], [-89.092619, 21.361779], [-89.093146, 21.36169], [-89.093789, 21.361517], [-89.094551, 21.361384], [-89.095019, 21.361295], [-89.095957, 21.361201], [-89.096366, 21.361113], [-89.097069, 21.360981], [-89.097889, 21.360888], [-89.098416, 21.360799], [-89.098534, 21.360797], [-89.099588, 21.360619], [-89.099822, 21.360574], [-89.100406, 21.360402], [-89.100872, 21.36019], [-89.101865, 21.359847], [-89.102215, 21.35976], [-89.102741, 21.359589], [-89.103151, 21.359501], [-89.103678, 21.359412], [-89.104907, 21.35919], [-89.105376, 21.359143], [-89.105669, 21.359098], [-89.106432, 21.359088], [-89.10696, 21.35904], [-89.107605, 21.358991], [-89.108307, 21.358858], [-89.10895, 21.358685], [-89.109418, 21.358555], [-89.11012, 21.358422], [-89.110822, 21.358248], [-89.110965, 21.358226], [-89.111407, 21.358159], [-89.112219, 21.358047], [-89.112403, 21.358022], [-89.112781, 21.357993], [-89.112975, 21.357978], [-89.113427, 21.357944], [-89.113693, 21.357923], [-89.114007, 21.357905], [-89.114636, 21.357869], [-89.115276, 21.357779], [-89.11587, 21.357696], [-89.116683, 21.357596], [-89.116801, 21.357583], [-89.117503, 21.357503], [-89.118129, 21.357495], [-89.118325, 21.357493], [-89.119146, 21.357441], [-89.119286, 21.357428], [-89.120202, 21.357345], [-89.120344, 21.357332], [-89.1213, 21.357245], [-89.121785, 21.357201], [-89.122435, 21.35712], [-89.122606, 21.357099], [-89.122898, 21.357063], [-89.123424, 21.356933], [-89.12353, 21.35692], [-89.124035, 21.356858], [-89.124596, 21.356794], [-89.124784, 21.356786], [-89.125499, 21.356755], [-89.125638, 21.356749], [-89.125946, 21.356735], [-89.127003, 21.356763], [-89.127109, 21.356758], [-89.128118, 21.356707], [-89.128341, 21.356693], [-89.129702, 21.356605], [-89.130758, 21.35655], [-89.131815, 21.356577], [-89.13287, 21.35644], [-89.13445, 21.356131], [-89.13521, 21.355956], [-89.136086, 21.355697], [-89.137553, 21.355596], [-89.138433, 21.355543], [-89.139428, 21.355366], [-89.143424, 21.35552], [-89.143419, 21.353912], [-89.143227, 21.283995], [-89.143273, 21.229948], [-89.143306, 21.192641], [-89.143319, 21.178352], [-89.191798, 21.178663], [-89.193185, 21.178671], [-89.190222, 21.164623], [-89.183884, 21.134567], [-89.18384, 21.134361], [-89.183364, 21.1321], [-89.18335, 21.132034], [-89.18185, 21.124921], [-89.158769, 21.124841], [-89.133486, 21.12475], [-89.122259, 21.124709]]]}}, {"type": "Feature", "properties": {"state": "Yucatán", "distrito_local": "17", "distrito": "Distrito Electoral Local 17", "cabecera_distrital": "Tizimin", "fuente_geometria": "IEPAC · Distritación Local 2022"}, "geometry": {"type": "Polygon", "coordinates": [[[-88.483168, 21.346938], [-88.483158, 21.343031], [-88.483082, 21.313567], [-88.483006, 21.283809], [-88.474546, 21.283827], [-88.474575, 21.232917], [-88.474607, 21.177477], [-88.48149, 21.177428], [-88.486328, 21.177393], [-88.490124, 21.177365], [-88.492811, 21.177346], [-88.492946, 21.171135], [-88.499757, 21.17108], [-88.499876, 21.167477], [-88.499841, 21.148403], [-88.499815, 21.134216], [-88.499793, 21.121914], [-88.499758, 21.102705], [-88.499738, 21.091507], [-88.499649, 21.041412], [-88.499561, 21.02275], [-88.499491, 21.008024], [-88.49941, 20.990721], [-88.49916, 20.937497], [-88.463044, 20.937495], [-88.460487, 20.937495], [-88.439553, 20.93749], [-88.432738, 20.937488], [-88.432738, 20.933461], [-88.432738, 20.927083], [-88.432738, 20.901749], [-88.428269, 20.901729], [-88.42475, 20.901713], [-88.396793, 20.901585], [-88.360599, 20.901412], [-88.360542, 20.887808], [-88.360542, 20.887752], [-88.360461, 20.868145], [-88.333108, 20.868151], [-88.318846, 20.868072], [-88.313711, 20.868043], [-88.29159, 20.867917], [-88.264314, 20.867757], [-88.264141, 20.9345], [-88.263966, 20.951197], [-88.208585, 20.951054], [-88.208425, 20.970802], [-88.221346, 20.970878], [-88.233459, 20.970948], [-88.233471, 21.01342], [-88.233475, 21.025317], [-88.23348, 21.04206], [-88.20867, 21.042161], [-88.208834, 21.083988], [-88.162142, 21.084144], [-88.160283, 21.08415], [-88.141992, 21.084207], [-88.102214, 21.084325], [-88.101563, 21.084327], [-88.083117, 21.084148], [-88.082915, 21.073889], [-88.082839, 21.070067], [-88.076104, 21.070061], [-88.073441, 21.070059], [-88.046596, 21.070033], [-88.04131, 21.070028], [-88.041272, 21.064115], [-88.041229, 21.057182], [-88.041214, 21.054832], [-88.03611, 21.054796], [-88.034404, 21.054784], [-88.032759, 21.054773], [-88.029112, 21.054747], [-88.027294, 21.054734], [-88.027295, 21.054342], [-88.027409, 21.017365], [-88.027311, 21.000407], [-88.027118, 20.966808], [-88.027036, 20.952435], [-87.966646, 20.952471], [-87.930145, 20.952482], [-87.916163, 20.952484], [-87.916137, 20.953677], [-87.915982, 20.960752], [-87.899421, 20.960806], [-87.899387, 20.955455], [-87.899368, 20.952581], [-87.888664, 20.95262], [-87.862829, 20.952712], [-87.815289, 20.952871], [-87.801532, 20.952704], [-87.7933, 20.95715], [-87.790181, 20.958835], [-87.790062, 20.952955], [-87.789997, 20.949747], [-87.788619, 20.949743], [-87.787817, 20.94974], [-87.778641, 20.94971], [-87.778831, 20.966693], [-87.691768, 20.985794], [-87.690491, 20.986073], [-87.666637, 20.991314], [-87.650441, 20.99487], [-87.634122, 20.998452], [-87.616007, 21.002426], [-87.564342, 20.976207], [-87.55987, 20.977455], [-87.415324, 21.017726], [-87.414191, 20.990468], [-87.383305, 20.989868], [-87.383363, 21.001392], [-87.365367, 21.016143], [-87.366067, 21.101035], [-87.401111, 21.101256], [-87.408315, 21.084683], [-87.539954, 21.06869], [-87.632864, 21.068948], [-87.632804, 21.085601], [-87.633193, 21.20958], [-87.63355, 21.248582], [-87.528901, 21.254615], [-87.529436, 21.274795], [-87.533416, 21.383871], [-87.533494, 21.486299], [-87.533497, 21.489988], [-87.534085, 21.490069], [-87.534613, 21.489738], [-87.535437, 21.489943], [-87.535966, 21.490024], [-87.536847, 21.490064], [-87.537318, 21.490022], [-87.538258, 21.489978], [-87.538846, 21.489977], [-87.539787, 21.490223], [-87.540903, 21.490015], [-87.541609, 21.490302], [-87.54302, 21.490506], [-87.544901, 21.49042], [-87.546724, 21.490706], [-87.548135, 21.490909], [-87.548899, 21.491073], [-87.549487, 21.491155], [-87.550134, 21.491277], [-87.551369, 21.491523], [-87.552956, 21.491685], [-87.554426, 21.492095], [-87.555485, 21.492341], [-87.557014, 21.492668], [-87.558366, 21.492707], [-87.560307, 21.493323], [-87.562365, 21.49369], [-87.563894, 21.494142], [-87.5656, 21.494675], [-87.567246, 21.494837], [-87.569069, 21.49504], [-87.570598, 21.49545], [-87.572362, 21.495653], [-87.573891, 21.496021], [-87.575478, 21.496183], [-87.577301, 21.496634], [-87.579124, 21.49696], [-87.580418, 21.497412], [-87.581829, 21.497574], [-87.5833, 21.497943], [-87.585005, 21.498352], [-87.586123, 21.498474], [-87.588005, 21.498924], [-87.590122, 21.499622], [-87.593003, 21.499946], [-87.594827, 21.500727], [-87.596533, 21.500971], [-87.597591, 21.501258], [-87.598532, 21.501256], [-87.599826, 21.501583], [-87.600238, 21.501913], [-87.60165, 21.502281], [-87.603061, 21.502567], [-87.604531, 21.502853], [-87.606237, 21.50318], [-87.607413, 21.503384], [-87.609825, 21.503998], [-87.611766, 21.504406], [-87.61353, 21.504857], [-87.614824, 21.505225], [-87.61606, 21.505594], [-87.618059, 21.50592], [-87.619295, 21.506289], [-87.620236, 21.506617], [-87.621648, 21.50711], [-87.623059, 21.507396], [-87.624177, 21.507558], [-87.62553, 21.507927], [-87.627177, 21.508253], [-87.628235, 21.508416], [-87.630411, 21.508658], [-87.632411, 21.509108], [-87.633822, 21.509476], [-87.634587, 21.509764], [-87.635823, 21.510132], [-87.636882, 21.510419], [-87.638234, 21.510539], [-87.639646, 21.510784], [-87.641468, 21.510986], [-87.643115, 21.511353], [-87.644527, 21.51168], [-87.645821, 21.512008], [-87.647056, 21.51217], [-87.648585, 21.512414], [-87.649997, 21.512658], [-87.651408, 21.512819], [-87.653232, 21.513187], [-87.654526, 21.513514], [-87.655702, 21.5138], [-87.657408, 21.514043], [-87.658702, 21.514246], [-87.659937, 21.514532], [-87.661466, 21.514735], [-87.663505, 21.515002], [-87.663936, 21.515059], [-87.666622, 21.515377], [-87.66719, 21.515443], [-87.667289, 21.515471], [-87.667348, 21.515493], [-87.667487, 21.515535], [-87.667527, 21.515549], [-87.667575, 21.51556], [-87.667692, 21.515562], [-87.668541, 21.515771], [-87.669596, 21.515908], [-87.669619, 21.515909], [-87.669689, 21.515909], [-87.669747, 21.515923], [-87.669886, 21.515964], [-87.670001, 21.516004], [-87.670094, 21.516031], [-87.670153, 21.516057], [-87.670248, 21.516105], [-87.670359, 21.516156], [-87.670415, 21.516186], [-87.670487, 21.516208], [-87.670555, 21.516237], [-87.670643, 21.516274], [-87.67077, 21.516304], [-87.670967, 21.516318], [-87.671027, 21.516328], [-87.671111, 21.516361], [-87.671201, 21.516382], [-87.671341, 21.516445], [-87.67141, 21.516461], [-87.671527, 21.516485], [-87.671646, 21.516505], [-87.671685, 21.51651], [-87.671934, 21.516578], [-87.672003, 21.516594], [-87.672072, 21.516704], [-87.672194, 21.516723], [-87.672282, 21.516737], [-87.672359, 21.516696], [-87.672543, 21.516778], [-87.672759, 21.516812], [-87.67286, 21.51684], [-87.672968, 21.51687], [-87.673117, 21.516911], [-87.673189, 21.516931], [-87.673299, 21.516962], [-87.673371, 21.516982], [-87.673456, 21.517005], [-87.673592, 21.517043], [-87.67368, 21.517068], [-87.673794, 21.517099], [-87.673936, 21.517139], [-87.674153, 21.517198], [-87.674219, 21.517216], [-87.674352, 21.517252], [-87.674373, 21.517359], [-87.67447, 21.517391], [-87.674598, 21.517442], [-87.674791, 21.517505], [-87.674956, 21.51754], [-87.675021, 21.517564], [-87.675153, 21.517608], [-87.675256, 21.517624], [-87.67536, 21.51764], [-87.675496, 21.51766], [-87.677588, 21.518267], [-87.677408, 21.519127], [-87.677761, 21.519226], [-87.678082, 21.518348], [-87.678523, 21.518912], [-87.678581, 21.518926], [-87.678696, 21.518954], [-87.678836, 21.518966], [-87.678968, 21.518985], [-87.679143, 21.518997], [-87.679316, 21.519039], [-87.679381, 21.51905], [-87.679474, 21.519064], [-87.679553, 21.519082], [-87.679619, 21.51909], [-87.679834, 21.519066], [-87.679924, 21.519137], [-87.68001, 21.519166], [-87.680098, 21.519204], [-87.68021, 21.519201], [-87.680315, 21.519189], [-87.680412, 21.519191], [-87.680547, 21.51919], [-87.680683, 21.519197], [-87.680834, 21.519199], [-87.680937, 21.519216], [-87.681, 21.519231], [-87.681125, 21.519277], [-87.681179, 21.519299], [-87.681285, 21.519336], [-87.681399, 21.519405], [-87.681537, 21.519488], [-87.681579, 21.519511], [-87.681692, 21.519559], [-87.681747, 21.519593], [-87.681888, 21.51968], [-87.681976, 21.519731], [-87.682041, 21.519755], [-87.682124, 21.519804], [-87.682235, 21.519855], [-87.682316, 21.519933], [-87.682435, 21.520112], [-87.682536, 21.520198], [-87.682635, 21.520222], [-87.682758, 21.520314], [-87.682836, 21.520387], [-87.68292, 21.520445], [-87.682751, 21.520813], [-87.682822, 21.520978], [-87.682995, 21.521058], [-87.683169, 21.521152], [-87.683315, 21.521191], [-87.68354, 21.521169], [-87.683639, 21.521155], [-87.683731, 21.521131], [-87.683829, 21.521109], [-87.685324, 21.520711], [-87.686456, 21.52005], [-87.687766, 21.519957], [-87.689111, 21.519741], [-87.690228, 21.519862], [-87.691522, 21.519941], [-87.692639, 21.520061], [-87.693933, 21.520223], [-87.695226, 21.520261], [-87.696109, 21.520465], [-87.697403, 21.520792], [-87.698756, 21.521077], [-87.699815, 21.521363], [-87.70111, 21.521649], [-87.702462, 21.521892], [-87.703521, 21.522013], [-87.704697, 21.522093], [-87.705756, 21.522296], [-87.706933, 21.522706], [-87.708227, 21.522909], [-87.70911, 21.52336], [-87.710346, 21.523605], [-87.71164, 21.523849], [-87.712934, 21.524093], [-87.713934, 21.524214], [-87.715464, 21.524664], [-87.716758, 21.524908], [-87.718111, 21.525234], [-87.719641, 21.52556], [-87.720935, 21.525846], [-87.722111, 21.526049], [-87.723229, 21.526334], [-87.724524, 21.526744], [-87.725701, 21.527029], [-87.726701, 21.527109], [-87.727877, 21.527353], [-87.728818, 21.527474], [-87.730113, 21.527966], [-87.731114, 21.528294], [-87.73229, 21.528538], [-87.733526, 21.528865], [-87.734526, 21.529068], [-87.735821, 21.529518], [-87.737527, 21.529844], [-87.739116, 21.530211], [-87.740528, 21.530661], [-87.741705, 21.530864], [-87.743294, 21.531313], [-87.744529, 21.531474], [-87.746, 21.531883], [-87.747354, 21.532374], [-87.748825, 21.532783], [-87.750002, 21.533151], [-87.751533, 21.533725], [-87.753181, 21.534298], [-87.754475, 21.534542], [-87.755535, 21.53491], [-87.75683, 21.535443], [-87.758537, 21.535809], [-87.760596, 21.536216], [-87.76142, 21.536461], [-87.762597, 21.536829], [-87.763951, 21.537279], [-87.765658, 21.537811], [-87.767188, 21.53826], [-87.768424, 21.538586], [-87.769601, 21.538872], [-87.770601, 21.539158], [-87.771837, 21.539443], [-87.773249, 21.53981], [-87.774838, 21.540177], [-87.776427, 21.540584], [-87.777722, 21.540952], [-87.779194, 21.541443], [-87.780666, 21.541975], [-87.781666, 21.542302], [-87.782785, 21.542794], [-87.783491, 21.542916], [-87.784256, 21.54312], [-87.785493, 21.543611], [-87.78667, 21.543938], [-87.78767, 21.544141], [-87.788553, 21.544345], [-87.789848, 21.544795], [-87.791261, 21.545244], [-87.792615, 21.545777], [-87.793674, 21.54598], [-87.794911, 21.546389], [-87.795853, 21.546881], [-87.796795, 21.547126], [-87.797913, 21.547494], [-87.798973, 21.547697], [-87.799209, 21.547902], [-87.799738, 21.5479], [-87.800562, 21.548228], [-87.801386, 21.548432], [-87.802093, 21.548719], [-87.803035, 21.549004], [-87.803858, 21.549084], [-87.804329, 21.54933], [-87.805684, 21.549945], [-87.806567, 21.550149], [-87.807627, 21.5506], [-87.808628, 21.550844], [-87.809923, 21.551335], [-87.810983, 21.551745], [-87.811984, 21.551989], [-87.814398, 21.552972], [-87.816518, 21.553708], [-87.817933, 21.554777], [-87.818817, 21.555146], [-87.819641, 21.555515], [-87.820641, 21.555677], [-87.821407, 21.55588], [-87.822231, 21.556249], [-87.823291, 21.556576], [-87.824174, 21.556903], [-87.82494, 21.55719], [-87.825588, 21.557559], [-87.826354, 21.557846], [-87.827237, 21.558173], [-87.827944, 21.558542], [-87.82871, 21.558829], [-87.829534, 21.559197], [-87.830418, 21.559483], [-87.831242, 21.559852], [-87.832067, 21.56018], [-87.833245, 21.560589], [-87.834305, 21.561039], [-87.835365, 21.56149], [-87.835955, 21.561859], [-87.837015, 21.562351], [-87.837369, 21.562598], [-87.83943, 21.563334], [-87.840666, 21.563742], [-87.842079, 21.56415], [-87.842846, 21.564643], [-87.844142, 21.565176], [-87.846084, 21.565664], [-87.847498, 21.566237], [-87.848971, 21.567017], [-87.850797, 21.567753], [-87.852565, 21.568573], [-87.854097, 21.569393], [-87.855687, 21.569925], [-87.857219, 21.570538], [-87.858691, 21.571029], [-87.85981, 21.571437], [-87.861224, 21.572052], [-87.863109, 21.572829], [-87.864289, 21.573775], [-87.866115, 21.57447], [-87.867057, 21.574632], [-87.868293, 21.57504], [-87.869413, 21.575697], [-87.87065, 21.576147], [-87.871887, 21.576638], [-87.873242, 21.577128], [-87.874303, 21.577661], [-87.875069, 21.577989], [-87.876425, 21.57881], [-87.877663, 21.579548], [-87.878665, 21.579916], [-87.879667, 21.580491], [-87.880551, 21.580942], [-87.881672, 21.581764], [-87.882672, 21.581925], [-87.883392, 21.581955], [-87.892146, 21.586044], [-87.892738, 21.586269], [-87.894262, 21.586851], [-87.894627, 21.586997], [-87.89532, 21.587275], [-87.902852, 21.589418], [-87.904082, 21.590257], [-87.905318, 21.5906], [-87.908022, 21.591619], [-87.909259, 21.591839], [-87.911737, 21.591988], [-87.91385, 21.593043], [-87.915614, 21.593639], [-87.917086, 21.593985], [-87.919143, 21.594832], [-87.921729, 21.595849], [-87.92314, 21.596442], [-87.925723, 21.597707], [-87.927013, 21.598546], [-87.929481, 21.599521], [-87.930951, 21.600073], [-87.932712, 21.601], [-87.934947, 21.601766], [-87.936653, 21.602362], [-87.940121, 21.603677], [-87.940238, 21.603843], [-87.940412, 21.604134], [-87.941292, 21.604556], [-87.94141, 21.604598], [-87.942057, 21.604853], [-87.942939, 21.60511], [-87.943235, 21.605113], [-87.944651, 21.605169], [-87.944944, 21.605337], [-87.945828, 21.60547], [-87.948068, 21.605782], [-87.948362, 21.605908], [-87.950006, 21.60671], [-87.952184, 21.607269], [-87.953713, 21.607862], [-87.959309, 21.609034], [-87.960103, 21.60929], [-87.960897, 21.609545], [-87.961604, 21.609635], [-87.966439, 21.61018], [-87.966323, 21.610014], [-87.967384, 21.610189], [-87.968267, 21.610446], [-87.968858, 21.610369], [-87.969566, 21.610377], [-87.970512, 21.610262], [-87.971397, 21.610271], [-87.972223, 21.610362], [-87.973109, 21.61033], [-87.974585, 21.610304], [-87.975234, 21.61031], [-87.975943, 21.610276], [-87.97671, 21.610284], [-87.977656, 21.610128], [-87.978305, 21.610217], [-87.978954, 21.610224], [-87.979517, 21.610183], [-87.980141, 21.610209], [-87.981492, 21.610149], [-87.982442, 21.609897], [-87.983501, 21.610052], [-87.984394, 21.609978], [-87.984916, 21.610129], [-87.985547, 21.610179], [-87.98599, 21.61029], [-87.986286, 21.610324], [-87.986688, 21.610371], [-87.987134, 21.610443], [-87.987537, 21.610495], [-87.988004, 21.610601], [-87.988345, 21.610655], [-87.988941, 21.610598], [-87.98917, 21.610749], [-87.989412, 21.610735], [-87.989687, 21.610794], [-87.990028, 21.610892], [-87.990123, 21.610902], [-87.990311, 21.610812], [-87.990694, 21.610784], [-87.990882, 21.610664], [-87.991147, 21.610577], [-87.991401, 21.610565], [-87.992056, 21.610474], [-87.992223, 21.61044], [-87.992516, 21.610379], [-87.99285, 21.610358], [-87.993162, 21.610364], [-87.993516, 21.610371], [-87.993558, 21.610367], [-87.993836, 21.610338], [-87.994076, 21.610231], [-87.994474, 21.610127], [-87.994826, 21.610176], [-87.994965, 21.610201], [-87.995233, 21.610248], [-87.995665, 21.610139], [-87.99601, 21.61019], [-87.996252, 21.610132], [-87.997418, 21.609849], [-87.999074, 21.610158], [-87.99991, 21.610228], [-88.000739, 21.609988], [-88.00434, 21.609983], [-88.006347, 21.609962], [-88.007646, 21.609933], [-88.00865, 21.609902], [-88.009655, 21.609747], [-88.010424, 21.609672], [-88.011546, 21.6096], [-88.012313, 21.609649], [-88.013021, 21.609698], [-88.015146, 21.609677], [-88.015855, 21.609643], [-88.016505, 21.609567], [-88.017215, 21.609368], [-88.01816, 21.609336], [-88.019282, 21.609305], [-88.020168, 21.609273], [-88.021467, 21.609244], [-88.023001, 21.609259], [-88.026008, 21.609619], [-88.027248, 21.60959], [-88.027839, 21.609596], [-88.028429, 21.609602], [-88.029374, 21.60957], [-88.030435, 21.609663], [-88.031614, 21.609798], [-88.033147, 21.610061], [-88.034385, 21.610238], [-88.036036, 21.610378], [-88.037746, 21.610518], [-88.038395, 21.610566], [-88.039812, 21.61058], [-88.041347, 21.610553], [-88.042233, 21.610521], [-88.043589, 21.610658], [-88.04412, 21.610683], [-88.044651, 21.610709], [-88.046303, 21.610808], [-88.048072, 21.611031], [-88.049786, 21.610841], [-88.050051, 21.610885], [-88.050316, 21.610929], [-88.050905, 21.6111], [-88.051847, 21.611274], [-88.052613, 21.611488], [-88.05279, 21.61149], [-88.053497, 21.61162], [-88.054911, 21.61184], [-88.05556, 21.61197], [-88.056797, 21.612147], [-88.05904, 21.612169], [-88.060046, 21.611972], [-88.061519, 21.612275], [-88.062051, 21.612198], [-88.0627, 21.612245], [-88.064231, 21.612549], [-88.064644, 21.612635], [-88.065291, 21.612807], [-88.065881, 21.612895], [-88.066884, 21.612987], [-88.068593, 21.613251], [-88.069538, 21.613219], [-88.070364, 21.613227], [-88.071368, 21.613195], [-88.071486, 21.613237], [-88.07284, 21.613622], [-88.073193, 21.613749], [-88.073722, 21.613919], [-88.074665, 21.614052], [-88.075668, 21.614103], [-88.076436, 21.61411], [-88.07685, 21.61399], [-88.077439, 21.614161], [-88.078145, 21.614333], [-88.078616, 21.614502], [-88.080209, 21.614559], [-88.080621, 21.614769], [-88.08156, 21.615273], [-88.082151, 21.615196], [-88.082861, 21.615038], [-88.083392, 21.615043], [-88.084275, 21.615299], [-88.084804, 21.615552], [-88.085335, 21.615639], [-88.085864, 21.615809], [-88.086927, 21.615819], [-88.08728, 21.615946], [-88.087927, 21.616159], [-88.088574, 21.616413], [-88.089165, 21.616377], [-88.08946, 21.61638], [-88.090287, 21.616346], [-88.090582, 21.616308], [-88.091229, 21.616562], [-88.092051, 21.617023], [-88.092757, 21.617319], [-88.093346, 21.617448], [-88.093934, 21.61766], [-88.094755, 21.618246], [-88.095521, 21.618418], [-88.097171, 21.618722], [-88.097701, 21.618851], [-88.098996, 21.619235], [-88.101116, 21.619709], [-88.101706, 21.619838], [-88.102705, 21.62026], [-88.103353, 21.62039], [-88.104119, 21.620521], [-88.105239, 21.620738], [-88.10671, 21.621206], [-88.107946, 21.62163], [-88.108949, 21.621681], [-88.109539, 21.621686], [-88.110953, 21.622029], [-88.111365, 21.622116], [-88.112781, 21.622253], [-88.113903, 21.622222], [-88.115962, 21.622943], [-88.115903, 21.622983], [-88.116902, 21.623405], [-88.117375, 21.62341], [-88.118202, 21.623294], [-88.119206, 21.623303], [-88.119383, 21.623305], [-88.119913, 21.623392], [-88.120855, 21.62369], [-88.121268, 21.623693], [-88.121858, 21.623781], [-88.123215, 21.623877], [-88.12516, 21.624142], [-88.127165, 21.624408], [-88.12746, 21.624411], [-88.128818, 21.624465], [-88.129938, 21.624599], [-88.131, 21.62465], [-88.131827, 21.624657], [-88.13348, 21.62459], [-88.135307, 21.624896], [-88.135721, 21.624817], [-88.13643, 21.624741], [-88.136667, 21.624743], [-88.137609, 21.624999], [-88.138792, 21.624762], [-88.1398, 21.624276], [-88.140274, 21.624115], [-88.141925, 21.624296], [-88.144644, 21.623908], [-88.146303, 21.623304], [-88.148076, 21.623031], [-88.149439, 21.622507], [-88.151038, 21.621943], [-88.151808, 21.621702], [-88.153229, 21.621179], [-88.154709, 21.620738], [-88.15613, 21.620297], [-88.158556, 21.619617], [-88.15998, 21.618928], [-88.161696, 21.61849], [-88.163175, 21.61809], [-88.164477, 21.617689], [-88.165839, 21.617206], [-88.166314, 21.616963], [-88.167442, 21.616271], [-88.167739, 21.616067], [-88.168332, 21.615701], [-88.169637, 21.615094], [-88.170704, 21.614608], [-88.171945, 21.614371], [-88.172892, 21.614091], [-88.173248, 21.61397], [-88.173899, 21.613811], [-88.174492, 21.613445], [-88.175026, 21.613202], [-88.175321, 21.613122], [-88.175916, 21.612632], [-88.175979, 21.612261], [-88.176044, 21.611601], [-88.17611, 21.610735], [-88.176174, 21.610199], [-88.176356, 21.609705], [-88.177188, 21.609052], [-88.178786, 21.608613], [-88.179854, 21.607962], [-88.180802, 21.60764], [-88.181393, 21.60748], [-88.181867, 21.60736], [-88.182872, 21.607122], [-88.184294, 21.606556], [-88.186485, 21.605833], [-88.188556, 21.605191], [-88.190274, 21.604504], [-88.192112, 21.603613], [-88.193079, 21.602913], [-88.193496, 21.602673], [-88.193854, 21.602472], [-88.194272, 21.602232], [-88.194749, 21.601992], [-88.195224, 21.601793], [-88.195763, 21.601431], [-88.196355, 21.601276], [-88.197066, 21.601123], [-88.197364, 21.600963], [-88.198079, 21.600603], [-88.199219, 21.599673], [-88.199813, 21.599435], [-88.200171, 21.599235], [-88.200888, 21.598793], [-88.201308, 21.598428], [-88.201785, 21.598147], [-88.202323, 21.597785], [-88.202684, 21.597419], [-88.203222, 21.597057], [-88.203759, 21.596777], [-88.204535, 21.596294], [-88.205074, 21.595891], [-88.205375, 21.595607], [-88.206031, 21.595205], [-88.20657, 21.594801], [-88.207168, 21.594398], [-88.207644, 21.5942], [-88.208123, 21.593837], [-88.208839, 21.593436], [-88.209136, 21.593317], [-88.209853, 21.592834], [-88.210449, 21.592555], [-88.211044, 21.592276], [-88.211581, 21.591954], [-88.212416, 21.591514], [-88.212894, 21.591192], [-88.213489, 21.590913], [-88.213846, 21.590754], [-88.214144, 21.590594], [-88.21474, 21.590273], [-88.215219, 21.589951], [-88.21552, 21.589626], [-88.215883, 21.589178], [-88.216479, 21.588858], [-88.216955, 21.588618], [-88.217492, 21.588297], [-88.218089, 21.587976], [-88.218863, 21.587576], [-88.219341, 21.587295], [-88.219876, 21.587057], [-88.220472, 21.586736], [-88.220889, 21.586537], [-88.221364, 21.58638], [-88.2219, 21.5861], [-88.222436, 21.58582], [-88.223032, 21.585541], [-88.223449, 21.585341], [-88.223866, 21.5851], [-88.224524, 21.584657], [-88.224822, 21.584456], [-88.225301, 21.584134], [-88.225538, 21.584055], [-88.226016, 21.583733], [-88.226495, 21.583369], [-88.226973, 21.583088], [-88.227451, 21.582766], [-88.227988, 21.582445], [-88.228644, 21.582084], [-88.229124, 21.581679], [-88.229544, 21.581315], [-88.229964, 21.580909], [-88.230146, 21.580664], [-88.230623, 21.580383], [-88.230981, 21.580183], [-88.231281, 21.57994], [-88.232053, 21.579664], [-88.23229, 21.579585], [-88.232588, 21.579466], [-88.233239, 21.579312], [-88.233772, 21.579238], [-88.23401, 21.579118], [-88.234603, 21.578963], [-88.235196, 21.578767], [-88.235732, 21.578528], [-88.236679, 21.578337], [-88.237452, 21.57802], [-88.238576, 21.577832], [-88.239466, 21.577558], [-88.240117, 21.577445], [-88.241068, 21.577048], [-88.241663, 21.576769], [-88.242618, 21.576165], [-88.242675, 21.567332], [-88.242802, 21.56688], [-88.242631, 21.566588], [-88.242342, 21.566295], [-88.242167, 21.566209], [-88.242526, 21.565968], [-88.242883, 21.565767], [-88.24324, 21.565608], [-88.243542, 21.565241], [-88.243608, 21.564912], [-88.243556, 21.56454], [-88.243507, 21.564044], [-88.24346, 21.563465], [-88.243584, 21.563137], [-88.244179, 21.562858], [-88.244829, 21.562786], [-88.245299, 21.562876], [-88.245474, 21.562962], [-88.246353, 21.563265], [-88.246943, 21.563234], [-88.247419, 21.562994], [-88.247957, 21.562631], [-88.248726, 21.56252], [-88.249431, 21.562656], [-88.250192, 21.562916], [-88.250833, 21.563298], [-88.251183, 21.56351], [-88.252179, 21.563815], [-88.253124, 21.563707], [-88.253352, 21.564124], [-88.253819, 21.564379], [-88.254173, 21.564344], [-88.25548, 21.56387], [-88.256078, 21.563426], [-88.256619, 21.562898], [-88.257042, 21.562368], [-88.257106, 21.562122], [-88.257351, 21.56163], [-88.257649, 21.56147], [-88.258179, 21.56152], [-88.258649, 21.56161], [-88.259592, 21.561626], [-88.260011, 21.561303], [-88.260133, 21.561098], [-88.260311, 21.561019], [-88.260777, 21.561356], [-88.261251, 21.561199], [-88.261498, 21.560667], [-88.261445, 21.560335], [-88.261917, 21.560302], [-88.262389, 21.56031], [-88.262689, 21.560026], [-88.262989, 21.559783], [-88.263403, 21.559707], [-88.26346, 21.559791], [-88.263812, 21.55992], [-88.264048, 21.559883], [-88.264346, 21.559723], [-88.26471, 21.559192], [-88.265011, 21.558908], [-88.265192, 21.558705], [-88.26543, 21.558585], [-88.265846, 21.558426], [-88.266381, 21.558187], [-88.266563, 21.557902], [-88.266685, 21.557738], [-88.266869, 21.557329], [-88.267171, 21.557003], [-88.267526, 21.556927], [-88.268, 21.556811], [-88.268068, 21.556316], [-88.268552, 21.555705], [-88.269202, 21.555633], [-88.269378, 21.555677], [-88.269905, 21.555851], [-88.270784, 21.556113], [-88.271196, 21.556161], [-88.271908, 21.555966], [-88.27244, 21.555851], [-88.272855, 21.555776], [-88.273676, 21.555995], [-88.273964, 21.55633], [-88.274186, 21.557036], [-88.274289, 21.55778], [-88.274274, 21.558565], [-88.274383, 21.55902], [-88.274547, 21.559684], [-88.274949, 21.560227], [-88.27529, 21.560851], [-88.275696, 21.561188], [-88.276681, 21.562071], [-88.277036, 21.562036], [-88.27745, 21.56196], [-88.278043, 21.561805], [-88.278701, 21.56132], [-88.279006, 21.560788], [-88.279194, 21.560214], [-88.279439, 21.559764], [-88.279508, 21.559228], [-88.279636, 21.558735], [-88.27971, 21.557952], [-88.280071, 21.557586], [-88.280374, 21.557178], [-88.280676, 21.556812], [-88.280983, 21.556156], [-88.281046, 21.555951], [-88.281001, 21.555248], [-88.280896, 21.554586], [-88.280964, 21.554133], [-88.281552, 21.554184], [-88.281777, 21.554766], [-88.282119, 21.555349], [-88.282528, 21.555562], [-88.28287, 21.556146], [-88.283158, 21.556481], [-88.2838, 21.556821], [-88.284444, 21.55708], [-88.285261, 21.557464], [-88.285969, 21.557476], [-88.286328, 21.557193], [-88.286569, 21.556949], [-88.286871, 21.556541], [-88.287233, 21.556134], [-88.287532, 21.555891], [-88.287595, 21.555686], [-88.287838, 21.555319], [-88.288021, 21.555033], [-88.288383, 21.554626], [-88.288676, 21.554713], [-88.289262, 21.554888], [-88.28991, 21.554898], [-88.290326, 21.55474], [-88.290566, 21.554496], [-88.290921, 21.554461], [-88.291629, 21.554431], [-88.291868, 21.55427], [-88.292167, 21.554027], [-88.292351, 21.553658], [-88.292354, 21.553534], [-88.292591, 21.553456], [-88.292886, 21.553461], [-88.293356, 21.553551], [-88.293939, 21.553849], [-88.294466, 21.554064], [-88.295175, 21.553993], [-88.295708, 21.553878], [-88.296183, 21.553679], [-88.296541, 21.553437], [-88.297076, 21.55324], [-88.297429, 21.553287], [-88.297781, 21.553375], [-88.298193, 21.553423], [-88.298721, 21.553555], [-88.298948, 21.553972], [-88.299293, 21.554431], [-88.299694, 21.555016], [-88.299922, 21.555432], [-88.300683, 21.555734], [-88.300979, 21.555656], [-88.300933, 21.554995], [-88.300588, 21.554535], [-88.300599, 21.553957], [-88.300667, 21.553504], [-88.300563, 21.552801], [-88.300458, 21.552139], [-88.30076, 21.551731], [-88.301173, 21.551738], [-88.301697, 21.552076], [-88.302278, 21.552499], [-88.303154, 21.552925], [-88.303797, 21.553225], [-88.304152, 21.553148], [-88.304333, 21.552945], [-88.304457, 21.552616], [-88.304634, 21.552619], [-88.304925, 21.55283], [-88.305333, 21.553085], [-88.30557, 21.553006], [-88.305694, 21.552678], [-88.305642, 21.552347], [-88.305589, 21.552015], [-88.305708, 21.551976], [-88.30612, 21.552024], [-88.306472, 21.552112], [-88.306883, 21.552202], [-88.307235, 21.55229], [-88.307642, 21.552544], [-88.307875, 21.552713], [-88.308344, 21.552844], [-88.308813, 21.552976], [-88.309109, 21.552939], [-88.309464, 21.552862], [-88.309879, 21.552704], [-88.310235, 21.552586], [-88.310651, 21.552428], [-88.310947, 21.55235], [-88.311478, 21.552358], [-88.312006, 21.552491], [-88.312475, 21.552622], [-88.312941, 21.552919], [-88.313406, 21.553256], [-88.313816, 21.553387], [-88.314171, 21.553351], [-88.314349, 21.553272], [-88.314532, 21.552944], [-88.314596, 21.552698], [-88.314665, 21.552162], [-88.314496, 21.551788], [-88.314617, 21.551583], [-88.314854, 21.551546], [-88.315383, 21.551637], [-88.316089, 21.55169], [-88.316566, 21.551408], [-88.316869, 21.551001], [-88.317163, 21.551047], [-88.317809, 21.551181], [-88.318454, 21.551356], [-88.319098, 21.551573], [-88.319681, 21.551913], [-88.320087, 21.552249], [-88.320497, 21.55238], [-88.32097, 21.552346], [-88.321151, 21.552101], [-88.321158, 21.55173], [-88.320993, 21.55115], [-88.320881, 21.550859], [-88.32112, 21.550656], [-88.321474, 21.550662], [-88.321827, 21.550709], [-88.322004, 21.55067], [-88.322064, 21.55063], [-88.3223, 21.550634], [-88.322651, 21.550763], [-88.322996, 21.551223], [-88.323401, 21.551601], [-88.323807, 21.551938], [-88.324273, 21.552275], [-88.324508, 21.552279], [-88.325157, 21.552248], [-88.325749, 21.552134], [-88.326102, 21.552181], [-88.326924, 21.552359], [-88.327628, 21.552536], [-88.32839, 21.552754], [-88.3295, 21.553268], [-88.330083, 21.553607], [-88.331018, 21.554076], [-88.331542, 21.554374], [-88.332422, 21.554635], [-88.33272, 21.554434], [-88.332842, 21.554229], [-88.33302, 21.554191], [-88.333139, 21.554151], [-88.333499, 21.553786], [-88.333797, 21.553625], [-88.334153, 21.553507], [-88.334387, 21.553594], [-88.334853, 21.55389], [-88.335087, 21.554017], [-88.33538, 21.554063], [-88.335736, 21.553987], [-88.335974, 21.553867], [-88.336156, 21.553581], [-88.336396, 21.553378], [-88.33675, 21.553342], [-88.336985, 21.553387], [-88.337217, 21.553598], [-88.33745, 21.553725], [-88.337807, 21.553566], [-88.337871, 21.553319], [-88.337992, 21.553156], [-88.338404, 21.553162], [-88.338755, 21.553333], [-88.339046, 21.553544], [-88.339334, 21.553879], [-88.339563, 21.554254], [-88.339852, 21.554548], [-88.340027, 21.554633], [-88.340905, 21.554977], [-88.34131, 21.555355], [-88.341718, 21.555609], [-88.341891, 21.555819], [-88.342116, 21.556359], [-88.342344, 21.556775], [-88.34275, 21.557112], [-88.34316, 21.557284], [-88.343513, 21.557289], [-88.34416, 21.557382], [-88.34469, 21.557432], [-88.345454, 21.557527], [-88.345807, 21.557573], [-88.346162, 21.557538], [-88.3464, 21.557418], [-88.346879, 21.557013], [-88.347231, 21.557101], [-88.347527, 21.557023], [-88.347766, 21.556862], [-88.34824, 21.556745], [-88.348417, 21.556748], [-88.348943, 21.556963], [-88.349296, 21.557051], [-88.349592, 21.556973], [-88.350065, 21.556898], [-88.350124, 21.556899], [-88.350297, 21.557108], [-88.350351, 21.557357], [-88.350345, 21.557687], [-88.350517, 21.557937], [-88.350745, 21.558313], [-88.351035, 21.558565], [-88.3515, 21.558944], [-88.351906, 21.55928], [-88.352486, 21.559785], [-88.352949, 21.560246], [-88.353471, 21.560709], [-88.353761, 21.56092], [-88.354227, 21.561216], [-88.354807, 21.561721], [-88.355154, 21.562098], [-88.355793, 21.562603], [-88.356025, 21.562813], [-88.356376, 21.562943], [-88.356726, 21.563155], [-88.357196, 21.563203], [-88.357665, 21.563335], [-88.358193, 21.563508], [-88.358605, 21.563515], [-88.359139, 21.563358], [-88.359383, 21.562949], [-88.359505, 21.562703], [-88.35992, 21.562586], [-88.360396, 21.562387], [-88.360818, 21.561857], [-88.36118, 21.56145], [-88.361476, 21.561372], [-88.361889, 21.561338], [-88.362241, 21.561467], [-88.362296, 21.561674], [-88.362225, 21.562292], [-88.362573, 21.562587], [-88.362924, 21.562716], [-88.362918, 21.563046], [-88.363087, 21.563462], [-88.363378, 21.563673], [-88.363908, 21.563722], [-88.364553, 21.563898], [-88.364844, 21.564067], [-88.365314, 21.564199], [-88.36584, 21.564413], [-88.366308, 21.564627], [-88.366775, 21.564841], [-88.367244, 21.565013], [-88.367714, 21.565103], [-88.368243, 21.565194], [-88.368771, 21.565285], [-88.369597, 21.565257], [-88.370303, 21.565351], [-88.370713, 21.565481], [-88.371123, 21.565653], [-88.371941, 21.566037], [-88.372236, 21.566], [-88.37295, 21.565681], [-88.373249, 21.565438], [-88.373783, 21.565282], [-88.374313, 21.56529], [-88.374785, 21.565298], [-88.375315, 21.565347], [-88.376141, 21.565278], [-88.37644, 21.565076], [-88.37662, 21.564914], [-88.37703, 21.565044], [-88.377673, 21.565343], [-88.378143, 21.565433], [-88.37903, 21.565282], [-88.379389, 21.564999], [-88.379508, 21.564959], [-88.380691, 21.564771], [-88.380922, 21.564981], [-88.381452, 21.565031], [-88.381924, 21.565038], [-88.382455, 21.565006], [-88.383164, 21.564934], [-88.383933, 21.564781], [-88.384583, 21.564709], [-88.385175, 21.564594], [-88.385591, 21.564394], [-88.385649, 21.564437], [-88.386235, 21.564652], [-88.386882, 21.564745], [-88.387414, 21.564671], [-88.388122, 21.564599], [-88.38883, 21.56461], [-88.389065, 21.564655], [-88.389535, 21.564704], [-88.390125, 21.564713], [-88.390713, 21.564764], [-88.391656, 21.56482], [-88.392186, 21.564828], [-88.392775, 21.564878], [-88.393424, 21.564847], [-88.39413, 21.5649], [-88.394896, 21.564953], [-88.395486, 21.564921], [-88.39578, 21.564967], [-88.39637, 21.564935], [-88.397845, 21.564875], [-88.398199, 21.564839], [-88.398909, 21.564727], [-88.39956, 21.564613], [-88.399974, 21.564537], [-88.400448, 21.564421], [-88.40098, 21.564305], [-88.401809, 21.564112], [-88.402224, 21.564035], [-88.402877, 21.563798], [-88.40353, 21.56356], [-88.404356, 21.563491], [-88.404889, 21.563375], [-88.405719, 21.563141], [-88.406134, 21.563023], [-88.406728, 21.562785], [-88.407441, 21.562466], [-88.407976, 21.562226], [-88.408393, 21.562026], [-88.408985, 21.561871], [-88.409695, 21.561716], [-88.410051, 21.561598], [-88.410818, 21.561569], [-88.411292, 21.561452], [-88.411826, 21.561254], [-88.411945, 21.561215], [-88.412126, 21.561011], [-88.412305, 21.56089], [-88.412661, 21.560772], [-88.413018, 21.560571], [-88.413314, 21.560493], [-88.413551, 21.560456], [-88.413966, 21.560338], [-88.41444, 21.560222], [-88.415148, 21.560191], [-88.4155, 21.560279], [-88.415794, 21.560284], [-88.416323, 21.560375], [-88.41656, 21.560337], [-88.416915, 21.56026], [-88.417331, 21.560101], [-88.417925, 21.559863], [-88.418165, 21.559619], [-88.418346, 21.559374], [-88.418766, 21.559009], [-88.419004, 21.558889], [-88.419418, 21.558813], [-88.419654, 21.558817], [-88.420187, 21.55866], [-88.420721, 21.558462], [-88.421253, 21.558387], [-88.421845, 21.558273], [-88.422202, 21.558113], [-88.422675, 21.558038], [-88.423146, 21.558086], [-88.423321, 21.558172], [-88.423908, 21.558305], [-88.424323, 21.558187], [-88.425094, 21.557951], [-88.425508, 21.557875], [-88.426337, 21.557682], [-88.42681, 21.557565], [-88.427283, 21.55749], [-88.427815, 21.557416], [-88.428289, 21.557299], [-88.428881, 21.557184], [-88.429472, 21.557111], [-88.43018, 21.557039], [-88.430536, 21.556962], [-88.431067, 21.556929], [-88.43154, 21.556813], [-88.431659, 21.556773], [-88.432544, 21.556746], [-88.433076, 21.556671], [-88.43355, 21.556555], [-88.434083, 21.556398], [-88.434854, 21.556162], [-88.435507, 21.555925], [-88.436039, 21.555809], [-88.436215, 21.555894], [-88.436153, 21.556058], [-88.435856, 21.556178], [-88.435737, 21.556217], [-88.435204, 21.556374], [-88.434788, 21.556533], [-88.434431, 21.556692], [-88.43437, 21.556815], [-88.434427, 21.55694], [-88.434484, 21.557023], [-88.434899, 21.556906], [-88.435374, 21.556748], [-88.43567, 21.55667], [-88.436264, 21.55639], [-88.436561, 21.556271], [-88.436858, 21.556193], [-88.437332, 21.556035], [-88.438632, 21.55589], [-88.439105, 21.555815], [-88.439695, 21.555783], [-88.440167, 21.555749], [-88.440579, 21.555796], [-88.440992, 21.555761], [-88.441405, 21.555768], [-88.441582, 21.555729], [-88.441292, 21.555477], [-88.44088, 21.555429], [-88.440528, 21.555383], [-88.440234, 21.555296], [-88.440061, 21.555128], [-88.440123, 21.554964], [-88.440538, 21.554846], [-88.440832, 21.554851], [-88.441127, 21.554855], [-88.441539, 21.554903], [-88.442011, 21.554869], [-88.442424, 21.554834], [-88.442719, 21.554838], [-88.442955, 21.554801], [-88.443428, 21.554767], [-88.443782, 21.554731], [-88.444195, 21.554696], [-88.444609, 21.554661], [-88.445141, 21.554545], [-88.445674, 21.55443], [-88.446147, 21.554354], [-88.44662, 21.554279], [-88.447093, 21.554204], [-88.44774, 21.554255], [-88.44821, 21.554345], [-88.448916, 21.554438], [-88.449447, 21.554446], [-88.449978, 21.554413], [-88.450804, 21.554385], [-88.451394, 21.554311], [-88.451807, 21.554317], [-88.453107, 21.554172], [-88.45376, 21.553893], [-88.454114, 21.553857], [-88.454585, 21.553906], [-88.45482, 21.553951], [-88.455173, 21.553997], [-88.455408, 21.554042], [-88.455645, 21.553963], [-88.45618, 21.553724], [-88.456594, 21.553689], [-88.457184, 21.553657], [-88.45742, 21.553619], [-88.457659, 21.553457], [-88.458194, 21.553218], [-88.45855, 21.5531], [-88.458903, 21.553105], [-88.459317, 21.55307], [-88.45973, 21.553035], [-88.460083, 21.55304], [-88.460437, 21.553046], [-88.460674, 21.552967], [-88.460971, 21.552848], [-88.461567, 21.552485], [-88.461984, 21.552285], [-88.4624, 21.552085], [-88.462696, 21.552007], [-88.462993, 21.551888], [-88.463348, 21.551811], [-88.463881, 21.551695], [-88.464414, 21.551579], [-88.465007, 21.551382], [-88.465599, 21.551226], [-88.466132, 21.551069], [-88.466607, 21.550911], [-88.467081, 21.550794], [-88.467554, 21.550719], [-88.468027, 21.550644], [-88.468738, 21.550448], [-88.469214, 21.550208], [-88.469689, 21.549967], [-88.470048, 21.549684], [-88.470406, 21.549483], [-88.470942, 21.549161], [-88.471416, 21.549044], [-88.471712, 21.548966], [-88.472009, 21.548847], [-88.47254, 21.548814], [-88.472953, 21.548779], [-88.473482, 21.548869], [-88.474012, 21.548918], [-88.474424, 21.548925], [-88.474836, 21.548972], [-88.475012, 21.549016], [-88.475367, 21.548939], [-88.475841, 21.548822], [-88.476375, 21.548624], [-88.476848, 21.548549], [-88.477501, 21.548311], [-88.477738, 21.548232], [-88.478391, 21.547994], [-88.478924, 21.547837], [-88.479399, 21.547679], [-88.479872, 21.547563], [-88.480346, 21.547446], [-88.48082, 21.547329], [-88.481233, 21.547294], [-88.481884, 21.547139], [-88.482536, 21.546943], [-88.48295, 21.546866], [-88.483662, 21.546629], [-88.484136, 21.546471], [-88.484848, 21.546235], [-88.48556, 21.545956], [-88.486036, 21.545716], [-88.486452, 21.545557], [-88.486867, 21.545398], [-88.487343, 21.545158], [-88.487817, 21.545041], [-88.488351, 21.544843], [-88.488884, 21.544727], [-88.489357, 21.54461], [-88.490009, 21.544455], [-88.490304, 21.544418], [-88.491548, 21.544107], [-88.491962, 21.54403], [-88.492375, 21.543995], [-88.492907, 21.543921], [-88.493439, 21.543846], [-88.494029, 21.543773], [-88.49462, 21.543699], [-88.495093, 21.543624], [-88.49592, 21.543512], [-88.497689, 21.543498], [-88.500338, 21.542458], [-88.50007, 21.45397], [-88.499972, 21.421288], [-88.512432, 21.421263], [-88.524812, 21.421237], [-88.524768, 21.403192], [-88.524762, 21.400486], [-88.52339, 21.400493], [-88.504274, 21.400582], [-88.494491, 21.400628], [-88.490518, 21.400646], [-88.483328, 21.400678], [-88.483316, 21.384054], [-88.495094, 21.383918], [-88.498244, 21.383881], [-88.498931, 21.383873], [-88.49991, 21.383862], [-88.499852, 21.381616], [-88.49983, 21.380774], [-88.499656, 21.374021], [-88.488625, 21.374121], [-88.483239, 21.37417], [-88.483168, 21.346938]]]}}, {"type": "Feature", "properties": {"state": "Yucatán", "distrito_local": "18", "distrito": "Distrito Electoral Local 18", "cabecera_distrital": "Temozon", "fuente_geometria": "IEPAC · Distritación Local 2022"}, "geometry": {"type": "Polygon", "coordinates": [[[-87.862829, 20.952712], [-87.888664, 20.95262], [-87.899368, 20.952581], [-87.899387, 20.955455], [-87.899421, 20.960806], [-87.915982, 20.960752], [-87.916137, 20.953677], [-87.916163, 20.952484], [-87.930145, 20.952482], [-87.966646, 20.952471], [-88.027036, 20.952435], [-88.027118, 20.966808], [-88.027311, 21.000407], [-88.027409, 21.017365], [-88.027295, 21.054342], [-88.027294, 21.054734], [-88.029112, 21.054747], [-88.032759, 21.054773], [-88.034404, 21.054784], [-88.03611, 21.054796], [-88.041214, 21.054832], [-88.041229, 21.057182], [-88.041272, 21.064115], [-88.04131, 21.070028], [-88.046596, 21.070033], [-88.073441, 21.070059], [-88.076104, 21.070061], [-88.082839, 21.070067], [-88.082915, 21.073889], [-88.083117, 21.084148], [-88.101563, 21.084327], [-88.102214, 21.084325], [-88.141992, 21.084207], [-88.160283, 21.08415], [-88.162142, 21.084144], [-88.208834, 21.083988], [-88.20867, 21.042161], [-88.23348, 21.04206], [-88.233475, 21.025317], [-88.233471, 21.01342], [-88.233459, 20.970948], [-88.221346, 20.970878], [-88.208425, 20.970802], [-88.208585, 20.951054], [-88.263966, 20.951197], [-88.264141, 20.9345], [-88.264314, 20.867757], [-88.29159, 20.867917], [-88.313711, 20.868043], [-88.318846, 20.868072], [-88.333108, 20.868151], [-88.360461, 20.868145], [-88.360542, 20.887752], [-88.360542, 20.887808], [-88.360599, 20.901412], [-88.396793, 20.901585], [-88.42475, 20.901713], [-88.428269, 20.901729], [-88.432738, 20.901749], [-88.432738, 20.927083], [-88.432738, 20.933461], [-88.432738, 20.937488], [-88.439553, 20.93749], [-88.460487, 20.937495], [-88.463044, 20.937495], [-88.49916, 20.937497], [-88.499143, 20.936135], [-88.498696, 20.900879], [-88.507466, 20.900867], [-88.5756, 20.900758], [-88.622245, 20.900708], [-88.666798, 20.900648], [-88.666795, 20.887512], [-88.666794, 20.886382], [-88.666778, 20.815758], [-88.666777, 20.80869], [-88.678655, 20.808707], [-88.683417, 20.808714], [-88.683493, 20.775845], [-88.749577, 20.775885], [-88.749594, 20.767315], [-88.765651, 20.767424], [-88.786169, 20.767561], [-88.789161, 20.765047], [-88.790774, 20.763692], [-88.844317, 20.718698], [-88.846673, 20.716717], [-88.874443, 20.716765], [-88.903743, 20.71681], [-88.933997, 20.716903], [-88.957588, 20.716971], [-88.957798, 20.708544], [-88.96289, 20.708552], [-88.974847, 20.70857], [-88.974814, 20.716958], [-88.999598, 20.716944], [-89.046528, 20.71696], [-89.046633, 20.667246], [-89.04661, 20.636348], [-89.046602, 20.625636], [-89.050997, 20.625625], [-89.066842, 20.625587], [-89.124077, 20.625435], [-89.141864, 20.625384], [-89.141913, 20.517063], [-89.1835, 20.517033], [-89.184151, 20.483555], [-89.150766, 20.483555], [-89.150838, 20.471364], [-89.18423, 20.471033], [-89.18429, 20.455026], [-89.184427, 20.418216], [-89.184432, 20.416935], [-89.183861, 20.416936], [-89.183675, 20.416936], [-89.16045, 20.416985], [-89.142511, 20.417021], [-89.14272, 20.367137], [-89.126106, 20.366866], [-89.084314, 20.36694], [-89.084262, 20.357101], [-89.076542, 20.35705], [-89.074584, 20.357037], [-89.067761, 20.356992], [-89.067743, 20.336489], [-89.023813, 20.336401], [-89.001034, 20.336351], [-89.001138, 20.325441], [-88.98434, 20.325523], [-88.984315, 20.331819], [-88.984297, 20.336353], [-88.957401, 20.33661], [-88.950068, 20.3366], [-88.924501, 20.336561], [-88.882493, 20.33649], [-88.881217, 20.336485], [-88.874325, 20.336455], [-88.87427, 20.324805], [-88.87398, 20.2753], [-88.847326, 20.275295], [-88.832107, 20.275291], [-88.791623, 20.275189], [-88.749902, 20.275074], [-88.707999, 20.274949], [-88.707956, 20.250104], [-88.693759, 20.250086], [-88.679562, 20.250067], [-88.667253, 20.25005], [-88.659918, 20.234281], [-88.65189, 20.21702], [-88.616643, 20.216984], [-88.591489, 20.216953], [-88.591328, 20.236277], [-88.591212, 20.25022], [-88.599726, 20.250349], [-88.599767, 20.268397], [-88.599812, 20.290391], [-88.599835, 20.301633], [-88.599879, 20.310926], [-88.599901, 20.315721], [-88.599972, 20.330537], [-88.6, 20.336541], [-88.599956, 20.350639], [-88.608166, 20.350714], [-88.608055, 20.382647], [-88.607897, 20.428818], [-88.567366, 20.428854], [-88.566447, 20.42988], [-88.566167, 20.430193], [-88.532085, 20.468229], [-88.51733, 20.484688], [-88.492743, 20.484786], [-88.492598, 20.469855], [-88.472197, 20.469982], [-88.449383, 20.47012], [-88.440391, 20.470173], [-88.440667, 20.488069], [-88.44072, 20.491468], [-88.470651, 20.491217], [-88.47423, 20.491186], [-88.474265, 20.494876], [-88.474379, 20.533126], [-88.448398, 20.560538], [-88.425074, 20.56036], [-88.424812, 20.560358], [-88.415716, 20.560288], [-88.41583, 20.584388], [-88.382535, 20.584338], [-88.382697, 20.627009], [-88.382853, 20.667772], [-88.350275, 20.667798], [-88.350247, 20.69602], [-88.350242, 20.701001], [-88.342736, 20.70099], [-88.316841, 20.700948], [-88.303377, 20.716124], [-88.300382, 20.719501], [-88.295612, 20.724876], [-88.283512, 20.73851], [-88.279651, 20.742861], [-88.275234, 20.747837], [-88.275133, 20.791585], [-88.241812, 20.792182], [-88.241697, 20.777032], [-88.213834, 20.777017], [-88.213772, 20.778779], [-88.213682, 20.78132], [-88.206702, 20.781305], [-88.206787, 20.779419], [-88.206845, 20.778161], [-88.2096, 20.778307], [-88.209701, 20.773134], [-88.206828, 20.772987], [-88.20663, 20.775675], [-88.202718, 20.775669], [-88.177615, 20.775627], [-88.175242, 20.775623], [-88.174896, 20.775622], [-88.174898, 20.775775], [-88.175049, 20.792387], [-88.149213, 20.792317], [-88.134491, 20.792276], [-88.123918, 20.792245], [-88.116502, 20.792223], [-88.082761, 20.792338], [-88.068687, 20.792384], [-88.043696, 20.805987], [-88.041681, 20.807084], [-88.041826, 20.830389], [-88.002743, 20.851697], [-87.991794, 20.857663], [-87.991851, 20.846584], [-87.991863, 20.844294], [-87.991415, 20.83922], [-88.010774, 20.825518], [-88.010745, 20.817569], [-87.983801, 20.817628], [-87.983878, 20.801039], [-87.990624, 20.801015], [-87.99857, 20.800986], [-87.999811, 20.800981], [-88.010684, 20.800941], [-88.010668, 20.796588], [-88.010647, 20.790947], [-88.010604, 20.779056], [-88.010577, 20.771803], [-88.010496, 20.749541], [-88.010409, 20.725838], [-88.010462, 20.717403], [-88.033557, 20.71743], [-88.033579, 20.710453], [-88.033672, 20.681643], [-88.033696, 20.674391], [-88.048511, 20.674406], [-88.062922, 20.67442], [-88.062973, 20.667433], [-88.062822, 20.634193], [-88.041551, 20.634048], [-88.041628, 20.654885], [-88.020784, 20.654862], [-88.01673, 20.654857], [-88.016809, 20.63501], [-88.016878, 20.617647], [-87.983144, 20.575874], [-87.983059, 20.557858], [-87.983044, 20.554739], [-87.973278, 20.55475], [-87.970592, 20.554753], [-87.966621, 20.554757], [-87.966701, 20.534035], [-87.977903, 20.534202], [-87.977747, 20.527922], [-87.977687, 20.525499], [-87.953594, 20.525585], [-87.942442, 20.525624], [-87.941485, 20.524457], [-87.929935, 20.510369], [-87.921917, 20.500588], [-87.921108, 20.499601], [-87.904362, 20.479166], [-87.833289, 20.525021], [-87.792312, 20.525806], [-87.792284, 20.545836], [-87.792253, 20.567637], [-87.691401, 20.567454], [-87.667291, 20.566984], [-87.634074, 20.606569], [-87.583763, 20.666949], [-87.583655, 20.68352], [-87.601679, 20.683616], [-87.727616, 20.684237], [-87.641672, 20.823893], [-87.641632, 20.863128], [-87.61468, 20.867554], [-87.607888, 20.878902], [-87.574894, 20.932901], [-87.581509, 20.971414], [-87.564342, 20.976207], [-87.616007, 21.002426], [-87.634122, 20.998452], [-87.650441, 20.99487], [-87.666637, 20.991314], [-87.690491, 20.986073], [-87.691768, 20.985794], [-87.778831, 20.966693], [-87.778641, 20.94971], [-87.787817, 20.94974], [-87.788619, 20.949743], [-87.789997, 20.949747], [-87.790062, 20.952955], [-87.790181, 20.958835], [-87.7933, 20.95715], [-87.801532, 20.952704], [-87.815289, 20.952871], [-87.862829, 20.952712]]]}}, {"type": "Feature", "properties": {"state": "Yucatán", "distrito_local": "19", "distrito": "Distrito Electoral Local 19", "cabecera_distrital": "Valladolid", "fuente_geometria": "IEPAC · Distritación Local 2022"}, "geometry": {"type": "Polygon", "coordinates": [[[-88.350242, 20.701001], [-88.350247, 20.69602], [-88.350275, 20.667798], [-88.382853, 20.667772], [-88.382697, 20.627009], [-88.382535, 20.584338], [-88.41583, 20.584388], [-88.415716, 20.560288], [-88.424812, 20.560358], [-88.425074, 20.56036], [-88.448398, 20.560538], [-88.474379, 20.533126], [-88.474265, 20.494876], [-88.47423, 20.491186], [-88.470651, 20.491217], [-88.44072, 20.491468], [-88.440667, 20.488069], [-88.440391, 20.470173], [-88.449383, 20.47012], [-88.472197, 20.469982], [-88.492598, 20.469855], [-88.492743, 20.484786], [-88.51733, 20.484688], [-88.532085, 20.468229], [-88.566167, 20.430193], [-88.566447, 20.42988], [-88.567366, 20.428854], [-88.607897, 20.428818], [-88.608055, 20.382647], [-88.608166, 20.350714], [-88.599956, 20.350639], [-88.6, 20.336541], [-88.599972, 20.330537], [-88.599901, 20.315721], [-88.599879, 20.310926], [-88.599835, 20.301633], [-88.599812, 20.290391], [-88.599767, 20.268397], [-88.599726, 20.250349], [-88.591212, 20.25022], [-88.591328, 20.236277], [-88.591489, 20.216953], [-88.616643, 20.216984], [-88.65189, 20.21702], [-88.617214, 20.159915], [-88.611882, 20.15113], [-88.611614, 20.146537], [-88.554553, 20.083036], [-88.498771, 20.120443], [-88.500288, 20.187711], [-88.499418, 20.233791], [-88.448089, 20.234655], [-88.337607, 20.234462], [-88.30024, 20.257184], [-88.255927, 20.291231], [-88.254899, 20.29202], [-88.240556, 20.301994], [-88.234288, 20.306352], [-88.234275, 20.300308], [-88.233686, 20.253335], [-88.169971, 20.300019], [-88.162162, 20.305257], [-88.124255, 20.330678], [-88.083958, 20.35473], [-88.082692, 20.355485], [-88.082721, 20.345319], [-88.082728, 20.342835], [-88.082936, 20.269674], [-88.041349, 20.269688], [-88.041784, 20.375687], [-88.041345, 20.385365], [-88.033897, 20.390609], [-87.99928, 20.414229], [-87.983328, 20.42511], [-87.98331, 20.427753], [-87.983194, 20.445011], [-87.954601, 20.445015], [-87.904362, 20.479166], [-87.921108, 20.499601], [-87.921917, 20.500588], [-87.929935, 20.510369], [-87.941485, 20.524457], [-87.942442, 20.525624], [-87.953594, 20.525585], [-87.977687, 20.525499], [-87.977747, 20.527922], [-87.977903, 20.534202], [-87.966701, 20.534035], [-87.966621, 20.554757], [-87.970592, 20.554753], [-87.973278, 20.55475], [-87.983044, 20.554739], [-87.983059, 20.557858], [-87.983144, 20.575874], [-88.016878, 20.617647], [-88.016809, 20.63501], [-88.01673, 20.654857], [-88.020784, 20.654862], [-88.041628, 20.654885], [-88.041551, 20.634048], [-88.062822, 20.634193], [-88.062973, 20.667433], [-88.062922, 20.67442], [-88.048511, 20.674406], [-88.033696, 20.674391], [-88.033672, 20.681643], [-88.033579, 20.710453], [-88.033557, 20.71743], [-88.010462, 20.717403], [-88.010409, 20.725838], [-88.010496, 20.749541], [-88.010577, 20.771803], [-88.010604, 20.779056], [-88.010647, 20.790947], [-88.010668, 20.796588], [-88.010684, 20.800941], [-87.999811, 20.800981], [-87.99857, 20.800986], [-87.990624, 20.801015], [-87.983878, 20.801039], [-87.983801, 20.817628], [-88.010745, 20.817569], [-88.010774, 20.825518], [-87.991415, 20.83922], [-87.991863, 20.844294], [-87.991851, 20.846584], [-87.991794, 20.857663], [-88.002743, 20.851697], [-88.041826, 20.830389], [-88.041681, 20.807084], [-88.043696, 20.805987], [-88.068687, 20.792384], [-88.082761, 20.792338], [-88.116502, 20.792223], [-88.123918, 20.792245], [-88.134491, 20.792276], [-88.149213, 20.792317], [-88.175049, 20.792387], [-88.174898, 20.775775], [-88.174896, 20.775622], [-88.175242, 20.775623], [-88.177615, 20.775627], [-88.202718, 20.775669], [-88.20663, 20.775675], [-88.206828, 20.772987], [-88.209701, 20.773134], [-88.2096, 20.778307], [-88.206845, 20.778161], [-88.206787, 20.779419], [-88.206702, 20.781305], [-88.213682, 20.78132], [-88.213772, 20.778779], [-88.213834, 20.777017], [-88.241697, 20.777032], [-88.241812, 20.792182], [-88.275133, 20.791585], [-88.275234, 20.747837], [-88.279651, 20.742861], [-88.283512, 20.73851], [-88.295612, 20.724876], [-88.300382, 20.719501], [-88.303377, 20.716124], [-88.316841, 20.700948], [-88.342736, 20.70099], [-88.350242, 20.701001]]]}}, {"type": "Feature", "properties": {"state": "Yucatán", "distrito_local": "20", "distrito": "Distrito Electoral Local 20", "cabecera_distrital": "Tekax", "fuente_geometria": "IEPAC · Distritación Local 2022"}, "geometry": {"type": "Polygon", "coordinates": [[[-88.835915, 19.916958], [-88.842867, 19.92178], [-88.845797, 19.923812], [-88.832139, 19.932906], [-88.730402, 20.000592], [-88.684175, 20.030921], [-88.634347, 20.065203], [-88.633922, 20.10058], [-88.633371, 20.146489], [-88.613086, 20.146534], [-88.611614, 20.146537], [-88.611882, 20.15113], [-88.617214, 20.159915], [-88.65189, 20.21702], [-88.659918, 20.234281], [-88.667253, 20.25005], [-88.679562, 20.250067], [-88.693759, 20.250086], [-88.707956, 20.250104], [-88.707999, 20.274949], [-88.749902, 20.275074], [-88.791623, 20.275189], [-88.832107, 20.275291], [-88.847326, 20.275295], [-88.87398, 20.2753], [-88.87427, 20.324805], [-88.874325, 20.336455], [-88.881217, 20.336485], [-88.882493, 20.33649], [-88.924501, 20.336561], [-88.950068, 20.3366], [-88.957401, 20.33661], [-88.984297, 20.336353], [-88.984315, 20.331819], [-88.98434, 20.325523], [-89.001138, 20.325441], [-89.001034, 20.336351], [-89.023813, 20.336401], [-89.067743, 20.336489], [-89.067761, 20.356992], [-89.074584, 20.357037], [-89.076542, 20.35705], [-89.084262, 20.357101], [-89.084314, 20.36694], [-89.126106, 20.366866], [-89.14272, 20.367137], [-89.142511, 20.417021], [-89.16045, 20.416985], [-89.183675, 20.416936], [-89.183861, 20.416936], [-89.184432, 20.416935], [-89.216885, 20.417617], [-89.216917, 20.423861], [-89.217013, 20.442434], [-89.222532, 20.442431], [-89.250137, 20.442416], [-89.250082, 20.431535], [-89.250024, 20.419936], [-89.25001, 20.417061], [-89.253155, 20.417052], [-89.267858, 20.417008], [-89.275298, 20.416986], [-89.291609, 20.416935], [-89.292496, 20.416932], [-89.302855, 20.416893], [-89.308289, 20.416793], [-89.32764, 20.416434], [-89.327582, 20.406158], [-89.327575, 20.404885], [-89.327573, 20.404553], [-89.327329, 20.357896], [-89.358506, 20.359039], [-89.375279, 20.359063], [-89.37529, 20.356723], [-89.375404, 20.334096], [-89.371235, 20.324064], [-89.362266, 20.291355], [-89.375095, 20.282425], [-89.376485, 20.28148], [-89.394994, 20.26854], [-89.398561, 20.266052], [-89.399281, 20.26555], [-89.399769, 20.26521], [-89.392573, 20.258242], [-89.383233, 20.249198], [-89.383545, 20.230219], [-89.383601, 20.226854], [-89.383761, 20.217088], [-89.38286, 20.201695], [-89.382633, 20.197801], [-89.381684, 20.197809], [-89.380735, 20.197816], [-89.370394, 20.197897], [-89.358609, 20.197989], [-89.359539, 20.196322], [-89.36926, 20.178898], [-89.372681, 20.177522], [-89.441599, 20.14977], [-89.444772, 20.133722], [-89.449479, 20.105935], [-89.452335, 20.089075], [-89.456066, 20.067042], [-89.41884, 20.066403], [-89.417268, 20.066376], [-89.417221, 20.057373], [-89.417182, 20.049823], [-89.458889, 20.050082], [-89.470175, 19.983236], [-89.488282, 19.982997], [-89.491835, 19.98295], [-89.491496, 19.975501], [-89.489051, 19.975445], [-89.471585, 19.975046], [-89.476912, 19.944981], [-89.480393, 19.925326], [-89.495241, 19.925397], [-89.541622, 19.925609], [-89.541884, 19.900286], [-89.583548, 19.900189], [-89.583788, 19.892493], [-89.575184, 19.884205], [-89.511817, 19.883741], [-89.503835, 19.88368], [-89.500823, 19.883658], [-89.500498, 19.867271], [-89.490026, 19.86667], [-89.498245, 19.817363], [-89.483588, 19.817001], [-89.483659, 19.808627], [-89.483731, 19.800118], [-89.501062, 19.800072], [-89.507704, 19.791561], [-89.506737, 19.790877], [-89.507308, 19.787639], [-89.506953, 19.785732], [-89.506482, 19.784239], [-89.506709, 19.782496], [-89.50682, 19.781002], [-89.506816, 19.779758], [-89.506699, 19.779509], [-89.505535, 19.779346], [-89.504721, 19.779515], [-89.503092, 19.779519], [-89.50216, 19.779356], [-89.501461, 19.778943], [-89.501111, 19.778695], [-89.50006, 19.777702], [-89.50006, 19.777536], [-89.499125, 19.776377], [-89.498424, 19.77555], [-89.497256, 19.774308], [-89.497022, 19.773728], [-89.49632, 19.772568], [-89.495969, 19.771906], [-89.495734, 19.771325], [-89.495615, 19.770662], [-89.49538, 19.769833], [-89.495027, 19.768589], [-89.494787, 19.766515], [-89.494317, 19.765106], [-89.493498, 19.763615], [-89.49291, 19.761791], [-89.493022, 19.76038], [-89.492784, 19.759053], [-89.492428, 19.756897], [-89.491956, 19.754824], [-89.490313, 19.750514], [-89.489769, 19.743438], [-89.490814, 19.741045], [-89.455491, 19.679133], [-89.402178, 19.642304], [-89.315962, 19.529407], [-89.244688, 19.586303], [-89.081815, 19.691675], [-89.01409, 19.708208], [-89.011228, 19.720246], [-89.042159, 19.726861], [-89.034238, 19.766173], [-88.983197, 19.800053], [-88.856643, 19.883573], [-88.82166, 19.907069], [-88.835915, 19.916958]]]}}, {"type": "Feature", "properties": {"state": "Yucatán", "distrito_local": "21", "distrito": "Distrito Electoral Local 21", "cabecera_distrital": "Ticul", "fuente_geometria": "IEPAC · Distritación Local 2022"}, "geometry": {"type": "Polygon", "coordinates": [[[-89.382633, 20.197801], [-89.38286, 20.201695], [-89.383761, 20.217088], [-89.383601, 20.226854], [-89.383545, 20.230219], [-89.383233, 20.249198], [-89.392573, 20.258242], [-89.399769, 20.26521], [-89.399281, 20.26555], [-89.398561, 20.266052], [-89.394994, 20.26854], [-89.376485, 20.28148], [-89.375095, 20.282425], [-89.362266, 20.291355], [-89.371235, 20.324064], [-89.375404, 20.334096], [-89.37529, 20.356723], [-89.375279, 20.359063], [-89.358506, 20.359039], [-89.327329, 20.357896], [-89.327573, 20.404553], [-89.327575, 20.404885], [-89.327582, 20.406158], [-89.32764, 20.416434], [-89.308289, 20.416793], [-89.302855, 20.416893], [-89.292496, 20.416932], [-89.291609, 20.416935], [-89.275298, 20.416986], [-89.267858, 20.417008], [-89.253155, 20.417052], [-89.25001, 20.417061], [-89.250024, 20.419936], [-89.250082, 20.431535], [-89.250137, 20.442416], [-89.222532, 20.442431], [-89.217013, 20.442434], [-89.216917, 20.423861], [-89.216885, 20.417617], [-89.184432, 20.416935], [-89.184427, 20.418216], [-89.18429, 20.455026], [-89.18423, 20.471033], [-89.150838, 20.471364], [-89.150766, 20.483555], [-89.184151, 20.483555], [-89.1835, 20.517033], [-89.141913, 20.517063], [-89.141864, 20.625384], [-89.176965, 20.625333], [-89.179084, 20.625329], [-89.17908, 20.623594], [-89.179057, 20.614071], [-89.179035, 20.604698], [-89.208162, 20.604666], [-89.208335, 20.62546], [-89.241448, 20.625452], [-89.250185, 20.625449], [-89.344663, 20.625753], [-89.34959, 20.625767], [-89.375579, 20.625791], [-89.376058, 20.625792], [-89.377845, 20.625793], [-89.399789, 20.62581], [-89.449635, 20.625832], [-89.449658, 20.6223], [-89.449764, 20.606075], [-89.449714, 20.5673], [-89.403591, 20.567282], [-89.400122, 20.56728], [-89.400033, 20.555208], [-89.434472, 20.55517], [-89.435145, 20.555169], [-89.442271, 20.55516], [-89.443375, 20.555159], [-89.449916, 20.55515], [-89.449909, 20.547809], [-89.449904, 20.542005], [-89.49271, 20.542052], [-89.495082, 20.542054], [-89.514817, 20.542071], [-89.547248, 20.542096], [-89.547294, 20.517388], [-89.547325, 20.500667], [-89.547322, 20.499209], [-89.54721, 20.45071], [-89.55237, 20.448229], [-89.603205, 20.423765], [-89.616644, 20.417294], [-89.616969, 20.389474], [-89.683663, 20.389346], [-89.758596, 20.38926], [-89.758723, 20.375967], [-89.770348, 20.376082], [-89.783153, 20.376208], [-89.783185, 20.389746], [-89.799971, 20.389766], [-89.872042, 20.298568], [-89.852259, 20.274856], [-89.813167, 20.216308], [-89.82534, 20.197732], [-89.797711, 20.196737], [-89.763632, 20.148616], [-89.744546, 20.121767], [-89.712563, 20.142967], [-89.711325, 20.142609], [-89.62148, 20.116392], [-89.701361, 20.060766], [-89.677865, 20.028601], [-89.648259, 19.987583], [-89.625724, 19.95615], [-89.617749, 19.934173], [-89.604264, 19.900137], [-89.602986, 19.896494], [-89.567914, 19.875582], [-89.507704, 19.791561], [-89.501062, 19.800072], [-89.483731, 19.800118], [-89.483659, 19.808627], [-89.483588, 19.817001], [-89.498245, 19.817363], [-89.490026, 19.86667], [-89.500498, 19.867271], [-89.500823, 19.883658], [-89.503835, 19.88368], [-89.511817, 19.883741], [-89.575184, 19.884205], [-89.583788, 19.892493], [-89.583548, 19.900189], [-89.541884, 19.900286], [-89.541622, 19.925609], [-89.495241, 19.925397], [-89.480393, 19.925326], [-89.476912, 19.944981], [-89.471585, 19.975046], [-89.489051, 19.975445], [-89.491496, 19.975501], [-89.491835, 19.98295], [-89.488282, 19.982997], [-89.470175, 19.983236], [-89.458889, 20.050082], [-89.417182, 20.049823], [-89.417221, 20.057373], [-89.417268, 20.066376], [-89.41884, 20.066403], [-89.456066, 20.067042], [-89.452335, 20.089075], [-89.449479, 20.105935], [-89.444772, 20.133722], [-89.441599, 20.14977], [-89.372681, 20.177522], [-89.36926, 20.178898], [-89.359539, 20.196322], [-89.358609, 20.197989], [-89.370394, 20.197897], [-89.380735, 20.197816], [-89.381684, 20.197809], [-89.382633, 20.197801]]]}}]}