ID_ESTADO,ESTADO,ID_DISTRITO_LOCAL,DISTRITO_LOCAL,SECCION,ID_CASILLA,TIPO_CASILLA,EXT_CONTIGUA,UBICACION_CASILLA,PAN,PRI,PRD,MC,PVEM,MORENA,PT,QS,EMC,JBLL,RHR,LDBG,ATV,SSP,MRGH,SMG,PVEM-MORENA-PT,PVEM-MORENA,PVEM-PT,MORENA-PT,PAN-PRI-PRD,PAN-PRI,PAN-PRD,PRI-PRD,NO_REGISTRADAS,NULOS,TOTAL_VOTOS,LISTA_NOMINAL,OBSERVACIONES
22,QUERETARO,001,Queretaro ,0416,01,A,00,URBANA,0,0,0,0,0,3,0,0,0,0,0,0,0,0,0,0,0,0,0,0,1,0,0,0,0,2,6,6,
22,QUERETARO,001,Queretaro ,0269,01,B,00,URBANA,352,24,5,13,3,47,3,1,0,0,0,0,0,0,0,0,1,0,0,2,6,0,1,0,0,5,463,572,
22,QUERETARO,001,Queretaro ,0269,01,C,00,URBANA,397,18,2,8,4,36,5,7,0,0,0,0,0,0,0,0,1,0,0,0,6,0,0,0,0,2,486,572,
22,QUERETARO,001,Queretaro ,0269,02,C,00,URBANA,346,13,5,11,3,42,3,5,0,0,0,0,0,0,0,0,1,1,0,1,9,1,0,0,0,3,444,571,
22,QUERETARO,001,Queretaro ,0269,03,C,00,URBANA,382,18,2,11,5,27,5,3,0,0,0,0,0,0,0,0,2,0,0,1,7,1,2,0,0,6,472,571,
22,QUERETARO,001,Queretaro ,0272,01,B,00,URBANA,65,12,1,20,17,181,8,4,0,0,0,0,0,0,0,0,11,9,2,0,5,2,0,0,1,7,345,715,
22,QUERETARO,001,Queretaro ,0272,01,C,00,URBANA,52,8,4,20,21,189,6,4,0,0,0,0,0,0,0,0,18,10,2,4,10,1,1,0,0,14,364,714,
22,QUERETARO,001,Queretaro ,0272,02,C,00,URBANA,65,21,2,20,16,184,5,5,0,0,0,0,0,0,0,0,15,0,0,2,4,0,0,0,0,14,353,714,
22,QUERETARO,001,Queretaro ,0272,03,C,00,URBANA,64,14,4,11,20,195,6,3,0,0,0,0,0,0,0,0,19,8,1,2,8,2,1,0,1,10,369,714,
22,QUERETARO,001,Queretaro ,0272,04,C,00,URBANA,64,9,2,14,17,199,8,12,0,0,0,0,0,0,0,0,14,4,0,1,5,0,0,1,0,11,361,714,
22,QUERETARO,001,Queretaro ,0274,01,B,00,URBANA,85,20,4,26,21,178,10,7,0,0,0,0,0,0,0,0,18,5,2,1,3,0,0,0,0,6,386,653,
22,QUERETARO,001,Queretaro ,0274,01,C,00,URBANA,75,11,1,31,18,169,6,12,0,0,0,0,0,0,0,0,20,1,1,1,5,0,0,0,0,12,363,652,
22,QUERETARO,001,Queretaro ,0274,02,C,00,URBANA,76,12,3,17,21,192,11,7,0,0,0,0,0,0,0,0,23,2,0,2,10,0,0,0,1,6,383,652,
22,QUERETARO,001,Queretaro ,0279,01,B,00,URBANA,125,24,2,12,14,113,5,18,0,0,0,0,0,0,0,0,17,3,0,2,6,1,0,0,0,7,349,491,
22,QUERETARO,001,Queretaro ,0279,01,C,00,URBANA,101,19,3,20,15,140,11,6,0,0,0,0,0,0,0,0,11,3,0,0,4,3,2,0,0,12,350,490,
22,QUERETARO,001,Queretaro ,0279,01,S,00,URBANA,30,3,0,4,3,20,3,0,0,0,0,0,0,0,0,0,0,2,0,0,2,2,0,0,0,1,70,0,
22,QUERETARO,001,Queretaro ,0279,02,S,00,URBANA,0,0,0,0,0,0,0,0,0,0,0,0,0,0,0,0,0,0,0,0,0,0,0,0,0,0,0,0,
22,QUERETARO,001,Queretaro ,0279,01,S,00,URBANA,24,3,0,4,1,13,2,0,0,0,0,0,0,0,0,0,0,0,0,0,0,0,0,0,0,0,47,0,
22,QUERETARO,001,Queretaro ,0279,02,S,00,URBANA,15,1,0,2,0,16,0,0,0,0,0,0,0,0,0,0,0,0,0,0,0,0,0,0,0,5,39,0,
22,QUERETARO,001,Queretaro ,0280,01,B,00,URBANA,140,32,1,28,19,184,7,14,0,0,0,0,0,0,0,0,14,2,2,1,14,3,0,0,1,1,463,694,
22,QUERETARO,001,Queretaro ,0280,01,C,00,URBANA,148,20,3,17,11,182,7,12,0,0,0,0,0,0,0,0,14,3,0,0,9,5,1,0,0,16,448,694,
22,QUERETARO,001,Queretaro ,0281,01,B,00,URBANA,145,27,3,14,17,103,4,11,0,0,0,0,0,0,0,0,3,2,0,0,10,2,1,0,0,7,349,564,
22,QUERETARO,001,Queretaro ,0281,01,C,00,URBANA,137,19,3,22,10,119,8,8,0,0,0,0,0,0,0,0,14,3,0,3,8,6,0,0,2,5,367,564,
22,QUERETARO,001,Queretaro ,0281,02,C,00,URBANA,120,14,1,21,15,131,11,13,0,0,0,0,0,0,0,0,10,6,0,1,10,6,0,0,0,11,370,564,
22,QUERETARO,001,Queretaro ,0281,03,C,00,URBANA,147,17,4,20,11,111,9,7,0,0,0,0,0,0,0,0,9,0,0,0,10,0,0,0,0,5,350,563,
22,QUERETARO,001,Queretaro ,0283,01,B,00,URBANA,115,14,1,15,12,136,5,10,0,0,0,0,0,0,0,0,18,3,1,4,8,2,0,0,1,16,361,557,
22,QUERETARO,001,Queretaro ,0283,01,C,00,URBANA,126,14,2,22,12,142,4,7,0,0,0,0,0,0,0,0,16,0,0,0,17,0,0,0,0,0,362,556,
22,QUERETARO,001,Queretaro ,0284,01,B,00,URBANA,123,29,2,16,19,116,10,9,0,0,0,0,0,0,0,0,8,3,1,0,7,2,0,0,0,12,357,499,
22,QUERETARO,001,Queretaro ,0284,01,C,00,URBANA,131,18,1,17,15,109,8,10,0,0,0,0,0,0,0,0,9,2,0,0,18,1,0,0,0,8,347,498,
22,QUERETARO,001,Queretaro ,0289,01,B,00,URBANA,104,12,4,10,13,122,5,5,0,0,0,0,0,0,0,0,10,3,1,1,7,0,0,0,0,7,304,463,
22,QUERETARO,001,Queretaro ,0289,01,C,00,URBANA,87,9,2,17,10,103,7,3,0,0,0,0,0,0,0,0,17,3,0,1,8,0,0,1,0,16,284,463,
22,QUERETARO,001,Queretaro ,0290,01,B,00,URBANA,111,18,3,20,23,136,0,6,0,0,0,0,0,0,0,0,0,0,0,0,0,0,0,0,0,5,322,509,
22,QUERETARO,001,Queretaro ,0290,01,C,00,URBANA,91,14,1,12,8,145,6,6,0,0,0,0,0,0,0,0,14,0,0,1,6,3,0,0,0,10,317,508,
22,QUERETARO,001,Queretaro ,0291,01,B,00,URBANA,114,30,3,17,23,188,13,9,0,0,0,0,0,0,0,0,9,1,0,0,9,2,1,0,0,11,430,638,
22,QUERETARO,001,Queretaro ,0291,01,C,00,URBANA,122,18,2,19,18,172,13,6,0,0,0,0,0,0,0,0,12,0,1,2,9,2,0,0,0,4,400,637,
22,QUERETARO,001,Queretaro ,0291,02,C,00,URBANA,127,14,1,27,12,187,9,10,0,0,0,0,0,0,0,0,9,3,1,0,8,3,0,0,3,12,426,637,
22,QUERETARO,001,Queretaro ,0292,01,B,00,URBANA,108,30,8,20,19,166,11,5,0,0,0,0,0,0,0,0,9,4,0,0,6,4,0,0,0,5,395,603,
22,QUERETARO,001,Queretaro ,0292,01,C,00,URBANA,128,16,4,17,9,144,12,13,0,0,0,0,0,0,0,0,12,5,3,1,7,3,0,0,1,11,386,603,
22,QUERETARO,001,Queretaro ,0305,01,B,00,URBANA,150,20,5,24,18,137,10,12,0,0,0,0,0,0,0,0,11,3,1,2,7,2,0,0,1,7,410,659,
22,QUERETARO,001,Queretaro ,0305,01,C,00,URBANA,131,17,4,23,14,146,7,13,0,0,0,0,0,0,0,0,16,0,1,0,5,1,1,0,1,11,391,659,
22,QUERETARO,001,Queretaro ,0305,02,C,00,URBANA,136,12,3,21,12,141,6,5,0,0,0,0,0,0,0,0,9,5,1,2,8,2,0,0,0,10,373,659,
22,QUERETARO,001,Queretaro ,0305,03,C,00,URBANA,128,16,6,24,17,149,6,6,0,0,0,0,0,0,0,0,14,1,2,5,15,4,0,0,0,9,402,659,
22,QUERETARO,001,Queretaro ,0305,04,C,00,URBANA,162,23,2,30,15,124,3,9,0,0,0,0,0,0,0,0,8,2,0,1,15,1,0,0,0,14,409,658,
22,QUERETARO,001,Queretaro ,0305,05,C,00,URBANA,152,18,6,18,15,141,11,10,0,0,0,0,0,0,0,0,9,5,0,1,6,2,0,0,1,4,399,658,
22,QUERETARO,001,Queretaro ,0305,06,C,00,URBANA,124,15,2,20,15,164,6,14,0,0,0,0,0,0,0,0,5,1,0,0,5,1,0,0,1,9,382,658,
22,QUERETARO,001,Queretaro ,0306,01,B,00,URBANA,114,18,0,13,10,129,6,5,0,0,0,0,0,0,0,0,9,3,0,1,6,0,0,0,0,8,322,504,
22,QUERETARO,001,Queretaro ,0306,01,C,00,URBANA,107,16,3,16,9,126,6,8,0,0,0,0,0,0,0,0,9,3,1,1,9,2,0,0,0,11,327,503,
22,QUERETARO,001,Queretaro ,0307,01,B,00,URBANA,98,8,5,7,13,124,8,7,0,0,0,0,0,0,0,0,23,1,0,3,7,3,0,0,1,12,320,501,
22,QUERETARO,001,Queretaro ,0307,01,C,00,URBANA,108,12,3,19,13,125,7,5,0,0,0,0,0,0,0,0,7,3,0,0,6,3,0,0,0,5,316,500,
22,QUERETARO,001,Queretaro ,0308,01,B,00,URBANA,163,18,2,30,14,150,5,17,0,0,0,0,0,0,0,0,13,5,0,2,9,2,0,0,0,10,440,726,
22,QUERETARO,001,Queretaro ,0308,01,C,00,URBANA,161,15,1,28,20,168,6,7,0,0,0,0,0,0,0,0,9,5,0,2,10,3,0,0,0,12,447,726,
22,QUERETARO,001,Queretaro ,0308,02,C,00,URBANA,141,20,0,24,15,155,8,11,0,0,0,0,0,0,0,0,16,8,0,2,5,4,0,0,0,15,424,725,
22,QUERETARO,001,Queretaro ,0308,03,C,00,URBANA,132,23,2,35,13,174,11,11,0,0,0,0,0,0,0,0,5,2,0,3,12,2,0,0,0,13,438,725,
22,QUERETARO,001,Queretaro ,0308,04,C,00,URBANA,132,20,2,23,16,180,8,15,0,0,0,0,0,0,0,0,15,5,0,0,10,3,1,0,0,10,440,725,
22,QUERETARO,001,Queretaro ,0308,05,C,00,URBANA,149,15,10,26,15,154,12,9,0,0,0,0,0,0,0,0,20,1,0,2,17,1,0,0,0,10,441,725,
22,QUERETARO,001,Queretaro ,0308,06,C,00,URBANA,140,19,2,23,18,169,11,11,0,0,0,0,0,0,0,0,14,2,1,0,6,2,0,0,2,12,432,725,
22,QUERETARO,001,Queretaro ,0309,01,B,00,URBANA,91,16,3,20,10,173,8,12,0,0,0,0,0,0,0,0,12,1,0,2,5,1,0,0,0,15,369,572,
22,QUERETARO,001,Queretaro ,0309,01,C,00,URBANA,127,19,2,21,16,132,7,9,0,0,0,0,0,0,0,0,13,7,0,2,8,1,0,0,0,10,374,572,
22,QUERETARO,001,Queretaro ,0310,01,B,00,URBANA,122,14,4,19,19,167,5,7,0,0,0,0,0,0,0,0,16,1,0,2,17,1,0,0,1,14,409,609,
22,QUERETARO,001,Queretaro ,0310,01,C,00,URBANA,136,23,1,15,14,143,8,11,0,0,0,0,0,0,0,0,18,6,0,2,11,3,1,0,0,10,402,608,
22,QUERETARO,001,Queretaro ,0311,01,B,00,URBANA,86,11,3,12,9,131,8,12,0,0,0,0,0,0,0,0,14,5,1,1,3,2,0,0,0,8,306,476,
22,QUERETARO,001,Queretaro ,0311,01,C,00,URBANA,81,11,3,16,11,143,10,3,0,0,0,0,0,0,0,0,7,3,0,1,10,0,0,0,0,5,304,476,
22,QUERETARO,001,Queretaro ,0312,01,B,00,URBANA,114,7,5,20,19,182,10,9,0,0,0,0,0,0,0,0,19,5,0,1,5,0,0,0,0,10,406,603,
22,QUERETARO,001,Queretaro ,0312,01,C,00,URBANA,97,18,3,17,10,162,5,7,0,0,0,0,0,0,0,0,22,5,3,0,6,4,0,0,0,11,370,602,
22,QUERETARO,001,Queretaro ,0314,01,B,00,URBANA,117,17,5,22,16,135,6,7,0,0,0,0,0,0,0,0,7,1,2,1,16,3,0,0,0,7,362,546,
22,QUERETARO,001,Queretaro ,0314,01,C,00,URBANA,104,22,6,12,17,157,5,7,0,0,0,0,0,0,0,0,13,3,0,3,6,1,1,0,2,12,371,546,
22,QUERETARO,001,Queretaro ,0315,01,B,00,URBANA,102,14,3,23,26,162,9,9,0,0,0,0,0,0,0,0,10,2,1,0,7,2,1,0,0,7,378,572,
22,QUERETARO,001,Queretaro ,0315,01,C,00,URBANA,110,10,4,25,11,149,11,7,0,0,0,0,0,0,0,0,19,1,0,3,11,0,0,0,0,11,372,571,
22,QUERETARO,001,Queretaro ,0318,01,B,00,URBANA,147,20,2,31,19,139,12,7,0,0,0,0,0,0,0,0,9,1,0,1,10,4,0,0,0,12,414,698,
22,QUERETARO,001,Queretaro ,0318,01,C,00,URBANA,138,17,4,18,12,152,4,12,0,0,0,0,0,0,0,0,10,0,0,0,4,4,1,0,0,10,386,698,
22,QUERETARO,001,Queretaro ,0318,02,C,00,URBANA,147,17,4,20,13,163,9,7,0,0,0,0,0,0,0,0,9,6,0,2,11,1,1,0,1,10,421,698,
22,QUERETARO,001,Queretaro ,0318,03,C,00,URBANA,154,12,5,20,8,143,7,8,0,0,0,0,0,0,0,0,10,7,0,0,12,4,0,0,0,3,393,697,
22,QUERETARO,001,Queretaro ,0318,04,C,00,URBANA,173,9,5,29,13,146,7,10,0,0,0,0,0,0,0,0,14,4,1,2,9,1,0,0,0,16,439,697,
22,QUERETARO,001,Queretaro ,0318,05,C,00,URBANA,157,31,4,22,14,131,6,8,0,0,0,0,0,0,0,0,11,3,0,1,9,3,0,0,1,8,409,697,
22,QUERETARO,001,Queretaro ,0318,06,C,00,URBANA,151,27,2,21,16,152,4,7,0,0,0,0,0,0,0,0,13,5,0,1,12,3,1,0,0,19,434,697,
22,QUERETARO,001,Queretaro ,0319,01,B,00,URBANA,147,32,3,30,15,183,14,9,0,0,0,0,0,0,0,0,9,1,1,2,14,4,1,0,0,7,472,749,
22,QUERETARO,001,Queretaro ,0319,01,C,00,URBANA,182,33,3,31,14,149,6,15,0,0,0,0,0,0,0,0,19,1,0,1,10,3,0,0,0,13,480,748,
22,QUERETARO,001,Queretaro ,0319,02,C,00,URBANA,183,33,3,31,14,150,6,15,0,0,0,0,0,0,0,0,20,0,1,1,11,3,0,0,0,10,481,748,
22,QUERETARO,001,Queretaro ,0319,03,C,00,URBANA,161,30,6,19,15,175,12,11,0,0,0,0,0,0,0,0,23,2,1,6,10,0,0,0,0,7,478,748,
22,QUERETARO,001,Queretaro ,0319,04,C,00,URBANA,163,32,4,21,18,163,13,14,0,0,0,0,0,0,0,0,12,8,0,1,13,1,1,0,1,9,474,748,
22,QUERETARO,001,Queretaro ,0319,05,C,00,URBANA,188,21,1,29,20,154,5,13,0,0,0,0,0,0,0,0,7,4,0,3,9,2,0,0,0,18,474,748,
22,QUERETARO,001,Queretaro ,0320,01,B,00,URBANA,171,26,5,15,6,109,1,5,0,0,0,0,0,0,0,0,4,4,1,4,14,1,0,0,0,12,378,624,
22,QUERETARO,001,Queretaro ,0320,01,C,00,URBANA,120,18,4,17,12,131,5,13,0,0,0,0,0,0,0,0,16,2,0,1,6,0,1,0,0,8,354,624,
22,QUERETARO,001,Queretaro ,0320,02,C,00,URBANA,151,21,2,12,18,120,4,9,0,0,0,0,0,0,0,0,12,5,0,0,10,1,2,0,1,12,380,624,
22,QUERETARO,001,Queretaro ,0320,03,C,00,URBANA,164,21,6,17,15,108,5,9,0,0,0,0,0,0,0,0,13,5,0,3,6,1,0,0,0,14,387,624,
22,QUERETARO,001,Queretaro ,0324,01,B,00,URBANA,94,14,3,15,7,90,6,6,0,0,0,0,0,0,0,0,17,0,0,0,12,2,0,0,0,8,274,464,
22,QUERETARO,001,Queretaro ,0324,01,C,00,URBANA,121,8,4,19,10,99,5,7,0,0,0,0,0,0,0,0,12,2,0,0,9,2,1,0,0,3,302,463,
22,QUERETARO,001,Queretaro ,0325,01,B,00,URBANA,115,23,7,16,12,112,6,6,0,0,0,0,0,0,0,0,10,3,0,0,4,2,0,1,0,4,321,470,
22,QUERETARO,001,Queretaro ,0325,01,C,00,URBANA,91,16,4,13,6,124,5,10,0,0,0,0,0,0,0,0,13,3,1,0,9,4,0,0,1,8,308,469,
22,QUERETARO,001,Queretaro ,0326,01,B,00,URBANA,103,14,1,11,9,129,8,4,0,0,0,0,0,0,0,0,0,0,0,0,0,0,0,0,0,4,283,575,
22,QUERETARO,001,Queretaro ,0326,01,C,00,URBANA,85,14,3,13,7,121,2,8,0,0,0,0,0,0,0,0,5,2,1,1,5,3,3,0,0,6,279,575,
22,QUERETARO,001,Queretaro ,0326,02,C,00,URBANA,84,16,6,14,25,121,12,6,0,0,0,0,0,0,0,0,0,0,0,0,0,0,0,0,0,4,288,575,
22,QUERETARO,001,Queretaro ,0326,03,C,00,URBANA,109,6,2,14,14,144,7,6,0,0,0,0,0,0,0,0,0,0,0,0,0,0,0,0,0,5,307,575,
22,QUERETARO,001,Queretaro ,0327,01,B,00,URBANA,200,21,8,20,19,121,11,11,0,0,0,0,0,0,0,0,1,1,0,3,11,4,0,0,8,0,439,688,
22,QUERETARO,001,Queretaro ,0327,01,C,00,URBANA,205,20,2,22,9,118,9,17,0,0,0,0,0,0,0,0,12,0,1,0,0,0,0,0,0,14,429,688,
22,QUERETARO,001,Queretaro ,0327,02,C,00,URBANA,196,17,3,27,13,136,10,7,0,0,0,0,0,0,0,0,17,1,1,2,1,4,0,0,2,7,444,688,
22,QUERETARO,001,Queretaro ,0327,03,C,00,URBANA,193,19,3,26,18,137,12,13,0,0,0,0,0,0,0,0,5,4,0,1,8,2,0,0,0,7,448,687,
22,QUERETARO,001,Queretaro ,0327,04,C,00,URBANA,185,15,2,13,23,121,7,13,0,0,0,0,0,0,0,0,5,2,0,0,15,2,0,0,1,6,410,687,
22,QUERETARO,001,Queretaro ,0328,01,B,00,URBANA,137,11,5,16,12,143,17,4,0,0,0,0,0,0,0,0,9,0,0,0,6,0,0,0,0,10,370,623,
22,QUERETARO,001,Queretaro ,0328,01,C,00,URBANA,160,19,9,18,7,107,13,8,0,0,0,0,0,0,0,0,8,6,0,1,10,1,0,0,0,5,372,623,
22,QUERETARO,001,Queretaro ,0328,02,C,00,URBANA,145,16,3,14,12,138,8,7,0,0,0,0,0,0,0,0,12,2,0,0,3,2,0,0,0,14,376,622,
22,QUERETARO,001,Queretaro ,0328,03,C,00,URBANA,151,25,2,12,10,156,5,3,0,0,0,0,0,0,0,0,14,4,0,1,6,1,0,0,0,5,395,622,
22,QUERETARO,001,Queretaro ,0328,04,C,00,URBANA,133,29,6,20,13,127,12,12,0,0,0,0,0,0,0,0,11,1,1,0,5,2,1,0,0,11,384,622,
22,QUERETARO,001,Queretaro ,0331,01,B,00,URBANA,95,23,7,17,17,180,12,6,0,0,0,0,0,0,0,0,10,6,1,0,5,3,0,0,0,10,392,689,
22,QUERETARO,001,Queretaro ,0331,01,C,00,URBANA,76,14,7,17,17,218,12,11,0,0,0,0,0,0,0,0,16,3,0,0,6,2,1,0,0,6,406,689,
22,QUERETARO,001,Queretaro ,0331,02,C,00,URBANA,93,14,5,22,2,197,1,15,0,0,0,0,0,0,0,0,0,23,0,0,0,0,0,0,0,8,380,689,
22,QUERETARO,001,Queretaro ,0331,03,C,00,URBANA,79,16,4,18,17,192,4,12,0,0,0,0,0,0,0,0,13,6,0,7,6,3,1,0,1,9,388,689,
22,QUERETARO,001,Queretaro ,0332,01,B,00,URBANA,80,14,2,19,16,109,12,16,0,0,0,0,0,0,0,0,12,2,0,0,4,1,1,0,0,9,297,543,
22,QUERETARO,001,Queretaro ,0332,01,C,00,URBANA,67,16,1,15,16,157,5,3,0,0,0,0,0,0,0,0,15,4,0,1,5,1,0,0,0,6,312,542,
22,QUERETARO,001,Queretaro ,0332,02,C,00,URBANA,66,16,3,14,10,134,3,4,0,0,0,0,0,0,0,0,20,3,2,2,4,3,0,0,0,8,292,542,
22,QUERETARO,001,Queretaro ,0338,01,B,00,URBANA,325,29,6,17,6,100,9,5,0,0,0,0,0,0,0,0,0,1,0,1,14,5,0,0,0,2,520,743,
22,QUERETARO,001,Queretaro ,0338,01,C,00,URBANA,275,24,6,20,8,99,6,12,0,0,0,0,0,0,0,0,3,3,0,0,12,1,0,0,1,13,483,743,
22,QUERETARO,001,Queretaro ,0338,02,C,00,URBANA,292,16,2,22,11,124,6,7,0,0,0,0,0,0,0,0,9,1,0,0,9,2,0,0,0,12,513,743,
22,QUERETARO,001,Queretaro ,0338,03,C,00,URBANA,299,29,3,21,15,99,4,7,0,0,0,0,0,0,0,0,10,2,0,2,9,4,0,0,0,12,516,742,
22,QUERETARO,001,Queretaro ,0339,01,B,00,URBANA,102,16,5,13,13,101,1,7,0,0,0,0,0,0,0,0,12,1,1,2,8,1,0,0,1,3,287,504,
22,QUERETARO,001,Queretaro ,0339,01,C,00,URBANA,123,18,7,5,6,103,5,9,0,0,0,0,0,0,0,0,6,0,2,1,9,1,1,0,1,11,308,503,
22,QUERETARO,001,Queretaro ,0340,01,B,00,URBANA,59,18,5,24,21,171,4,4,0,0,0,0,0,0,0,0,19,4,0,3,4,3,0,0,0,16,355,666,
22,QUERETARO,001,Queretaro ,0340,01,C,00,URBANA,69,10,3,20,76,213,16,8,0,0,0,0,0,0,0,0,0,0,0,0,0,0,0,0,0,12,427,666,
22,QUERETARO,001,Queretaro ,0340,02,C,00,URBANA,73,14,3,15,12,190,6,7,0,0,0,0,0,0,0,0,12,10,1,2,4,1,0,0,0,14,364,665,
22,QUERETARO,001,Queretaro ,0340,03,C,00,URBANA,69,10,9,28,17,190,5,11,0,0,0,0,0,0,0,0,26,0,0,0,6,0,0,0,1,6,378,665,
22,QUERETARO,001,Queretaro ,0346,01,B,00,URBANA,105,31,2,16,14,181,12,14,0,0,0,0,0,0,0,0,19,0,0,0,7,3,0,0,1,6,411,656,
22,QUERETARO,001,Queretaro ,0346,01,C,00,URBANA,99,29,6,16,17,169,8,14,0,0,0,0,0,0,0,0,17,0,2,1,5,3,0,0,1,11,398,656,
22,QUERETARO,001,Queretaro ,0346,02,C,00,URBANA,89,27,4,12,9,202,7,7,0,0,0,0,0,0,0,0,11,3,0,2,17,3,2,0,0,5,400,655,
22,QUERETARO,001,Queretaro ,0347,01,B,00,URBANA,205,22,1,26,12,124,7,15,0,0,0,0,0,0,0,0,10,1,1,2,16,0,1,0,2,14,459,705,
22,QUERETARO,001,Queretaro ,0347,01,C,00,URBANA,218,25,6,24,14,142,14,13,0,0,0,0,0,0,0,0,11,7,1,0,14,1,0,0,0,12,502,705,
22,QUERETARO,001,Queretaro ,0348,01,B,00,URBANA,165,24,6,21,12,126,10,5,0,0,0,0,0,0,0,0,7,4,1,2,10,1,1,0,0,7,402,598,
22,QUERETARO,001,Queretaro ,0348,01,C,00,URBANA,144,23,6,22,18,143,5,11,0,0,0,0,0,0,0,0,7,3,1,0,7,4,0,0,0,17,411,597,
22,QUERETARO,001,Queretaro ,0349,01,B,00,URBANA,220,18,2,23,6,73,6,10,0,0,0,0,0,0,0,0,5,1,0,1,13,2,0,0,0,7,387,600,
22,QUERETARO,001,Queretaro ,0349,01,C,00,URBANA,234,17,4,23,9,90,5,10,0,0,0,0,0,0,0,0,9,1,0,1,14,1,0,0,0,10,428,600,
22,QUERETARO,001,Queretaro ,0349,02,C,00,URBANA,219,28,3,14,7,93,6,11,0,0,0,0,0,0,0,0,6,1,0,0,14,2,0,0,0,8,412,599,
22,QUERETARO,001,Queretaro ,0350,01,B,00,URBANA,121,12,3,20,6,129,4,8,0,0,0,0,0,0,0,0,11,2,0,3,7,2,0,0,0,7,335,555,
22,QUERETARO,001,Queretaro ,0350,01,C,00,URBANA,108,13,6,22,10,127,7,7,0,0,0,0,0,0,0,0,0,0,0,0,10,0,0,0,0,3,313,554,
22,QUERETARO,001,Queretaro ,0354,01,B,00,URBANA,117,20,2,20,15,133,1,2,0,0,0,0,0,0,0,0,11,4,1,2,4,0,1,0,0,12,345,543,
22,QUERETARO,001,Queretaro ,0354,01,C,00,URBANA,92,15,0,17,11,135,5,4,0,0,0,0,0,0,0,0,14,4,0,1,11,0,5,0,0,16,330,542,
22,QUERETARO,001,Queretaro ,0361,01,B,00,URBANA,73,13,3,20,6,128,12,8,0,0,0,0,0,0,0,0,11,6,1,0,11,1,1,0,0,6,300,500,
22,QUERETARO,001,Queretaro ,0361,01,C,00,URBANA,69,14,4,19,17,135,7,4,0,0,0,0,0,0,0,0,14,2,1,1,6,3,0,0,0,11,307,499,
22,QUERETARO,001,Queretaro ,0362,01,B,00,URBANA,70,14,3,19,18,136,3,13,0,0,0,0,0,0,0,0,11,3,1,2,6,3,0,1,0,8,311,522,
22,QUERETARO,001,Queretaro ,0362,01,C,00,URBANA,86,14,6,14,9,124,7,9,0,0,0,0,0,0,0,0,13,2,1,0,4,1,0,2,0,10,302,522,
22,QUERETARO,001,Queretaro ,0363,01,B,00,URBANA,103,17,2,17,10,144,8,1,0,0,0,0,0,0,0,0,10,2,2,1,7,2,0,0,1,11,338,619,
22,QUERETARO,001,Queretaro ,0363,01,C,00,URBANA,93,14,4,14,18,163,10,9,0,0,0,0,0,0,0,0,12,1,0,1,6,1,0,0,0,9,355,618,
22,QUERETARO,001,Queretaro ,0365,01,B,00,URBANA,81,15,2,9,9,95,6,7,0,0,0,0,0,0,0,0,9,6,2,1,4,2,1,0,0,0,249,450,
22,QUERETARO,001,Queretaro ,0365,01,C,00,URBANA,78,9,2,12,9,97,3,4,0,0,0,0,0,0,0,0,8,2,3,0,8,1,0,0,0,9,245,450,
22,QUERETARO,001,Queretaro ,0366,01,B,00,URBANA,109,18,4,25,17,128,12,7,0,0,0,0,0,0,0,0,20,7,2,2,13,4,0,0,0,8,376,625,
22,QUERETARO,001,Queretaro ,0367,01,B,00,URBANA,134,20,4,31,12,124,10,7,0,0,0,0,0,0,0,0,11,2,0,0,10,4,0,0,1,13,383,647,
22,QUERETARO,001,Queretaro ,0368,01,B,00,URBANA,142,22,3,13,11,137,7,5,0,0,0,0,0,0,0,0,13,2,2,0,7,2,1,0,1,10,378,604,
22,QUERETARO,001,Queretaro ,0368,01,C,00,URBANA,125,19,3,14,10,133,10,14,0,0,0,0,0,0,0,0,11,3,0,1,8,2,0,0,0,13,366,604,
22,QUERETARO,001,Queretaro ,0369,01,B,00,URBANA,221,17,6,15,5,64,6,7,0,0,0,0,0,0,0,0,4,0,0,1,12,2,1,0,2,9,372,478,
22,QUERETARO,001,Queretaro ,0369,01,C,00,URBANA,219,13,4,16,9,72,3,5,0,0,0,0,0,0,0,0,8,0,2,1,12,0,0,0,0,5,369,477,
22,QUERETARO,001,Queretaro ,0370,01,B,00,URBANA,140,12,3,11,9,86,0,11,0,0,0,0,0,0,0,0,5,1,0,2,7,2,0,0,0,8,297,429,
22,QUERETARO,001,Queretaro ,0370,01,C,00,URBANA,139,21,2,12,6,92,2,9,0,0,0,0,0,0,0,0,6,1,0,0,7,0,1,0,0,9,307,429,
22,QUERETARO,001,Queretaro ,0371,01,B,00,URBANA,94,10,4,18,11,125,10,3,0,0,0,0,0,0,0,0,8,2,0,1,5,1,0,0,0,12,304,457,
22,QUERETARO,001,Queretaro ,0371,01,C,00,URBANA,109,11,3,16,8,138,8,12,0,0,0,0,0,0,0,0,6,1,0,1,4,0,0,0,1,6,324,457,
22,QUERETARO,001,Queretaro ,0378,01,B,00,URBANA,148,23,3,21,16,149,4,13,0,0,0,0,0,0,0,0,12,3,0,0,11,3,0,0,0,11,417,680,
22,QUERETARO,001,Queretaro ,0379,01,B,00,URBANA,127,19,3,17,9,81,4,10,0,0,0,0,0,0,0,0,2,3,0,2,12,1,1,0,1,13,305,412,
22,QUERETARO,001,Queretaro ,0379,01,C,00,URBANA,155,15,1,13,7,59,11,6,0,0,0,0,0,0,0,0,10,3,0,0,10,1,0,0,2,6,299,412,
22,QUERETARO,001,Queretaro ,0380,01,B,00,URBANA,161,24,2,24,9,132,3,6,0,0,0,0,0,0,0,0,9,3,0,1,10,0,0,0,3,17,404,651,
22,QUERETARO,001,Queretaro ,0380,01,C,00,URBANA,169,30,3,30,9,141,3,7,0,0,0,0,0,0,0,0,9,1,0,1,11,2,3,0,0,9,428,651,
22,QUERETARO,001,Queretaro ,0699,01,B,00,URBANA,88,13,0,18,10,147,3,6,0,0,0,0,0,0,0,0,17,4,1,1,2,2,0,0,0,14,326,541,
22,QUERETARO,001,Queretaro ,0699,01,C,00,URBANA,102,11,2,15,19,145,2,8,0,0,0,0,0,0,0,0,8,1,1,1,2,1,0,0,0,9,327,540,
22,QUERETARO,001,Queretaro ,0699,02,C,00,URBANA,62,11,4,14,20,123,10,10,0,0,0,0,0,0,0,0,11,1,1,1,7,1,0,0,0,13,289,540,
22,QUERETARO,001,Queretaro ,0700,01,B,00,URBANA,131,23,3,26,12,156,8,19,0,0,0,0,0,0,0,0,11,1,0,2,13,0,0,0,0,13,418,659,
22,QUERETARO,001,Queretaro ,0700,01,C,00,URBANA,162,15,6,22,8,143,3,8,0,0,0,0,0,0,0,0,10,5,1,1,10,8,0,0,1,11,414,658,
22,QUERETARO,001,Queretaro ,0701,01,B,00,URBANA,80,19,4,22,27,197,5,9,0,0,0,0,0,0,0,0,13,1,1,5,0,0,0,0,0,17,400,653,
22,QUERETARO,001,Queretaro ,0701,01,C,00,URBANA,93,7,6,30,22,169,9,7,0,0,0,0,0,0,0,0,27,2,0,0,3,0,0,0,0,12,387,652,
22,QUERETARO,001,Queretaro ,0702,01,B,00,URBANA,185,16,1,21,17,157,4,15,0,0,0,0,0,0,0,0,14,0,0,2,12,0,0,0,0,9,453,734,
22,QUERETARO,001,Queretaro ,0702,01,C,00,URBANA,187,12,7,26,14,172,11,12,0,0,0,0,0,0,0,0,14,1,0,0,13,0,1,0,0,5,475,734,
22,QUERETARO,001,Queretaro ,0703,01,B,00,URBANA,135,20,6,32,18,161,2,15,0,0,0,0,0,0,0,0,9,5,1,4,10,1,0,0,1,7,427,688,
22,QUERETARO,001,Queretaro ,0703,01,C,00,URBANA,153,12,4,32,8,162,7,15,0,0,0,0,0,0,0,0,4,2,0,1,19,2,1,2,0,8,432,688,
22,QUERETARO,001,Queretaro ,0730,01,B,00,URBANA,122,16,8,14,14,159,5,9,0,0,0,0,0,0,0,0,9,3,0,0,12,5,1,0,0,14,391,599,
22,QUERETARO,001,Queretaro ,0731,01,B,00,URBANA,142,10,2,20,12,113,7,9,0,0,0,0,0,0,0,0,10,1,2,1,10,1,0,0,0,8,348,515,
22,QUERETARO,001,Queretaro ,0731,01,C,00,URBANA,123,16,5,19,8,134,11,8,0,0,0,0,0,0,0,0,8,0,0,0,6,0,0,0,0,11,349,515,
22,QUERETARO,001,Queretaro ,0732,01,B,00,URBANA,117,20,5,34,13,117,9,6,0,0,0,0,0,0,0,0,16,1,0,0,8,1,0,0,0,10,357,546,
22,QUERETARO,001,Queretaro ,0732,01,C,00,URBANA,138,15,3,24,14,108,12,9,0,0,0,0,0,0,0,0,10,1,0,0,7,1,0,0,0,11,353,546,
22,QUERETARO,001,Queretaro ,0732,02,C,00,URBANA,118,16,5,15,8,127,10,9,0,0,0,0,0,0,0,0,11,0,2,1,6,1,0,0,0,4,333,546,
22,QUERETARO,001,Queretaro ,0733,01,B,00,URBANA,109,16,3,11,16,137,11,6,0,0,0,0,0,0,0,0,13,5,0,2,6,0,0,0,0,13,348,674,
22,QUERETARO,001,Queretaro ,0733,01,C,00,URBANA,105,15,3,18,19,152,6,9,0,0,0,0,0,0,0,0,15,2,0,1,10,4,0,0,0,15,374,674,
22,QUERETARO,001,Queretaro ,0733,02,C,00,URBANA,78,12,6,9,15,158,9,5,0,0,0,0,0,0,0,0,15,5,1,5,11,4,2,0,0,11,346,674,
22,QUERETARO,001,Queretaro ,0862,01,B,00,URBANA,96,10,3,19,16,212,11,10,0,0,0,0,0,0,0,0,14,2,1,2,6,0,0,0,0,11,413,723,
22,QUERETARO,001,Queretaro ,0862,01,C,00,URBANA,89,17,5,13,21,167,4,10,0,0,0,0,0,0,0,0,19,4,0,0,7,0,0,0,0,14,370,723,
22,QUERETARO,001,Queretaro ,0862,02,C,00,URBANA,98,10,1,25,15,195,11,7,0,0,0,0,0,0,0,0,17,3,0,0,6,0,0,0,1,7,396,723,
22,QUERETARO,001,Queretaro ,0862,03,C,00,URBANA,96,13,1,17,32,202,9,12,0,0,0,0,0,0,0,0,11,2,0,2,2,0,1,0,0,9,409,723,
22,QUERETARO,001,Queretaro ,0863,01,B,00,URBANA,72,8,2,22,17,175,1,5,0,0,0,0,0,0,0,0,13,2,1,6,2,1,0,0,0,11,338,634,
22,QUERETARO,001,Queretaro ,0863,01,C,00,URBANA,83,8,2,20,9,180,18,2,0,0,0,0,0,0,0,0,17,3,2,0,5,1,0,0,0,12,362,634,
22,QUERETARO,001,Queretaro ,0865,01,B,00,URBANA,57,12,1,14,10,146,4,5,0,0,0,0,0,0,0,0,15,2,2,0,7,3,5,0,0,5,288,545,
22,QUERETARO,001,Queretaro ,0865,01,C,00,URBANA,56,15,0,11,19,149,2,7,0,0,0,0,0,0,0,0,14,1,4,1,2,1,0,0,0,15,297,545,
22,QUERETARO,001,Queretaro ,0865,02,C,00,URBANA,52,9,2,20,10,170,10,7,0,0,0,0,0,0,0,0,17,4,0,3,2,0,0,0,0,5,311,544,
22,QUERETARO,001,Queretaro ,0866,01,B,00,URBANA,52,5,3,16,19,160,12,2,0,0,0,0,0,0,0,0,21,2,2,2,5,0,0,0,0,12,313,593,
22,QUERETARO,001,Queretaro ,0866,01,C,00,URBANA,65,9,3,11,21,158,9,2,0,0,0,0,0,0,0,0,13,8,0,0,2,1,0,0,0,7,309,592,
22,QUERETARO,001,Queretaro ,0866,02,C,00,URBANA,70,8,1,17,20,163,7,4,0,0,0,0,0,0,0,0,17,5,1,1,7,1,1,0,1,12,336,592,
22,QUERETARO,001,Queretaro ,0866,03,C,00,URBANA,66,1,3,7,16,167,12,4,0,0,0,0,0,0,0,0,19,5,0,2,1,1,0,0,0,8,312,592,
22,QUERETARO,001,Queretaro ,0934,01,B,00,URBANA,270,15,6,17,4,39,1,13,0,0,0,0,0,0,0,0,7,0,0,0,11,0,0,0,0,3,386,527,
22,QUERETARO,001,Queretaro ,0934,01,C,00,URBANA,278,13,2,15,6,52,2,12,0,0,0,0,0,0,0,0,4,1,0,1,12,2,0,0,0,4,404,527,
22,QUERETARO,001,Queretaro ,0934,02,C,00,URBANA,269,20,2,11,7,53,5,5,0,0,0,0,0,0,0,0,5,0,1,0,12,1,1,0,1,4,397,527,
22,QUERETARO,001,Queretaro ,0935,01,B,00,URBANA,69,14,4,15,5,118,9,6,0,0,0,0,0,0,0,0,8,1,0,0,11,2,0,0,0,5,267,572,
22,QUERETARO,001,Queretaro ,0935,01,C,00,URBANA,82,16,7,11,11,110,6,5,0,0,0,0,0,0,0,0,9,4,3,1,8,2,1,0,0,5,281,572,
22,QUERETARO,001,Queretaro ,0935,02,C,00,URBANA,62,10,3,13,6,98,10,3,0,0,0,0,0,0,0,0,6,6,0,0,5,1,1,0,0,11,235,572,
22,QUERETARO,001,Queretaro ,0936,01,B,00,URBANA,80,10,3,10,4,109,10,5,0,0,0,0,0,0,0,0,23,2,0,2,2,0,0,0,0,15,275,592,
22,QUERETARO,001,Queretaro ,0936,01,C,00,URBANA,79,18,5,16,12,111,6,11,0,0,0,0,0,0,0,0,17,2,2,3,5,2,0,0,0,13,302,591,
22,QUERETARO,001,Queretaro ,0936,02,C,00,URBANA,74,11,0,16,15,123,8,3,0,0,0,0,0,0,0,0,9,2,1,1,3,0,0,0,0,7,273,591,
22,QUERETARO,001,Queretaro ,0937,01,B,00,URBANA,155,17,7,19,8,83,10,13,0,0,0,0,0,0,0,0,5,0,0,1,5,1,0,0,1,4,329,510,
22,QUERETARO,001,Queretaro ,0937,01,C,00,URBANA,169,19,3,14,9,91,3,7,0,0,0,0,0,0,0,0,5,3,0,0,7,1,1,0,0,4,336,510,
22,QUERETARO,001,Queretaro ,0937,02,C,00,URBANA,164,14,1,17,7,84,2,13,0,0,0,0,0,0,0,0,6,0,0,0,15,3,1,0,0,9,336,509,
22,QUERETARO,001,Queretaro ,0938,01,B,00,URBANA,149,12,2,12,14,140,3,13,0,0,0,0,0,0,0,0,12,6,0,1,12,2,1,0,0,11,390,602,
22,QUERETARO,001,Queretaro ,0938,01,C,00,URBANA,146,9,3,22,12,126,8,7,0,0,0,0,0,0,0,0,7,5,1,1,6,1,0,0,0,12,366,601,
22,QUERETARO,001,Queretaro ,0938,02,C,00,URBANA,141,17,0,27,10,119,7,12,0,0,0,0,0,0,0,0,7,2,0,1,9,1,0,0,0,6,359,601,
22,QUERETARO,001,Queretaro ,0938,03,C,00,URBANA,137,10,2,28,10,136,5,14,0,0,0,0,0,0,0,0,8,0,0,1,11,1,0,0,0,8,371,601,
22,QUERETARO,001,Queretaro ,0938,04,C,00,URBANA,142,7,1,20,7,129,4,10,0,0,0,0,0,0,0,0,12,1,1,1,9,0,0,0,1,8,353,601,
22,QUERETARO,001,Queretaro ,0939,01,B,00,URBANA,92,11,3,16,8,92,4,7,0,0,0,0,0,0,0,0,15,5,0,1,4,0,0,0,0,0,258,516,
22,QUERETARO,001,Queretaro ,0939,01,C,00,URBANA,103,3,0,15,13,95,4,7,0,0,0,0,0,0,0,0,5,0,0,0,9,1,0,0,0,8,263,516,
22,QUERETARO,001,Queretaro ,0939,02,C,00,URBANA,91,9,2,15,12,116,8,7,0,0,0,0,0,0,0,0,10,3,0,1,8,1,0,0,2,9,294,516,
22,QUERETARO,001,Queretaro ,0940,01,B,00,URBANA,170,18,6,19,7,113,4,6,0,0,0,0,0,0,0,0,9,2,0,1,10,2,0,1,0,10,378,614,
22,QUERETARO,001,Queretaro ,0940,01,C,00,URBANA,129,9,4,14,14,144,4,8,0,0,0,0,0,0,0,0,10,2,0,3,11,2,1,0,1,13,369,614,
22,QUERETARO,001,Queretaro ,0940,02,C,00,URBANA,131,14,8,19,21,104,8,6,0,0,0,0,0,0,0,0,12,3,0,1,7,3,1,0,0,9,347,614,
22,QUERETARO,001,Queretaro ,0940,03,C,00,URBANA,126,14,10,23,13,142,8,13,0,0,0,0,0,0,0,0,15,2,0,4,13,1,1,0,0,14,399,614,
22,QUERETARO,001,Queretaro ,0940,04,C,00,URBANA,137,13,5,19,14,103,9,16,0,0,0,0,0,0,0,0,12,1,1,5,10,0,0,0,0,6,351,614,
22,QUERETARO,001,Queretaro ,0941,01,B,00,URBANA,109,22,7,10,13,160,7,6,0,0,0,0,0,0,0,0,12,4,1,2,8,0,0,0,0,12,373,662,
22,QUERETARO,001,Queretaro ,0941,01,C,00,URBANA,115,13,3,25,14,128,5,4,0,0,0,0,0,0,0,0,13,1,1,0,10,2,0,0,0,10,344,661,
22,QUERETARO,001,Queretaro ,0941,02,C,00,URBANA,123,17,4,22,11,157,10,8,0,0,0,0,0,0,0,0,13,3,0,0,12,2,0,0,0,10,392,661,
22,QUERETARO,001,Queretaro ,0941,03,C,00,URBANA,113,17,4,20,11,149,10,6,0,0,0,0,0,0,0,0,10,1,2,0,13,0,0,0,0,10,366,661,
22,QUERETARO,001,Queretaro ,0942,01,B,00,URBANA,100,12,5,25,20,145,10,9,0,0,0,0,0,0,0,0,25,1,0,2,6,1,0,0,0,10,371,661,
22,QUERETARO,001,Queretaro ,0942,01,C,00,URBANA,102,12,5,22,15,146,8,8,0,0,0,0,0,0,0,0,11,0,0,0,7,0,0,0,0,10,346,661,
22,QUERETARO,001,Queretaro ,0942,02,C,00,URBANA,126,8,6,23,13,139,9,8,0,0,0,0,0,0,0,0,8,4,0,3,10,1,0,0,1,6,365,660,
22,QUERETARO,001,Queretaro ,0942,03,C,00,URBANA,114,15,5,19,24,126,9,7,0,0,0,0,0,0,0,0,10,2,0,1,1,2,0,0,0,7,342,660,
22,QUERETARO,002,Queretaro ,0861,01,A,00,URBANA,1,1,0,0,0,0,0,0,0,0,0,0,0,0,0,0,0,0,0,1,0,0,0,0,0,1,4,5,
22,QUERETARO,002,Queretaro ,0282,01,B,00,URBANA,126,14,1,31,15,162,11,9,0,0,0,0,0,0,0,0,22,2,0,1,9,2,0,1,0,11,417,729,
22,QUERETARO,002,Queretaro ,0282,01,C,00,URBANA,111,17,2,3,20,198,9,0,0,0,0,0,0,0,0,0,19,3,0,1,0,1,1,0,0,0,385,729,
22,QUERETARO,002,Queretaro ,0282,02,C,00,URBANA,131,11,3,32,23,180,4,12,0,0,0,0,0,0,0,0,19,6,0,1,8,4,1,0,0,11,446,729,
22,QUERETARO,002,Queretaro ,0282,03,C,00,URBANA,132,17,5,35,22,178,9,2,0,0,0,0,0,0,0,0,13,1,0,1,3,2,0,1,0,11,432,729,
22,QUERETARO,002,Queretaro ,0282,04,C,00,URBANA,110,19,6,38,27,184,7,19,0,0,0,0,0,0,0,0,16,1,0,3,9,3,0,0,1,7,450,729,
22,QUERETARO,002,Queretaro ,0282,05,C,00,URBANA,136,17,2,36,13,180,13,9,0,0,0,0,0,0,0,0,16,0,0,0,9,0,0,0,1,6,438,729,
22,QUERETARO,002,Queretaro ,0282,06,C,00,URBANA,124,19,1,40,20,170,10,7,0,0,0,0,0,0,0,0,10,2,0,2,9,4,0,0,0,8,426,729,
22,QUERETARO,002,Queretaro ,0282,07,C,00,URBANA,133,18,3,28,20,176,6,10,0,0,0,0,0,0,0,0,21,4,0,0,8,4,0,0,1,8,440,728,
22,QUERETARO,002,Queretaro ,0282,08,C,00,URBANA,98,17,4,39,24,189,12,9,0,0,0,0,0,0,0,0,17,3,0,5,12,2,0,0,0,8,439,728,
22,QUERETARO,002,Queretaro ,0282,09,C,00,URBANA,145,11,3,33,17,175,15,10,0,0,0,0,0,0,0,0,18,4,1,3,14,1,0,0,0,8,458,728,
22,QUERETARO,002,Queretaro ,0294,01,B,00,URBANA,104,9,2,25,20,121,7,1,0,0,0,0,0,0,0,0,0,0,0,0,0,0,0,0,0,7,296,495,
22,QUERETARO,002,Queretaro ,0294,01,C,00,URBANA,83,14,0,23,8,133,3,12,0,0,0,0,0,0,0,0,16,10,1,1,9,2,0,0,0,13,328,495,
22,QUERETARO,002,Queretaro ,0297,01,B,00,URBANA,137,22,5,21,27,177,9,10,0,0,0,0,0,0,0,0,17,5,0,6,7,4,0,0,4,11,462,698,
22,QUERETARO,002,Queretaro ,0297,01,C,00,URBANA,132,15,2,21,26,190,9,11,0,0,0,0,0,0,0,0,16,2,1,2,8,5,0,0,0,5,445,697,
22,QUERETARO,002,Queretaro ,0298,01,B,00,URBANA,114,19,3,18,20,145,17,11,0,0,0,0,0,0,0,0,0,1,0,26,5,1,0,0,0,11,391,563,
22,QUERETARO,002,Queretaro ,0298,01,C,00,URBANA,94,13,5,24,14,148,8,7,0,0,0,0,0,0,0,0,22,5,1,1,5,1,0,0,0,11,359,562,
22,QUERETARO,002,Queretaro ,0299,01,B,00,URBANA,107,18,1,19,25,149,8,7,0,0,0,0,0,0,0,0,10,5,0,1,6,8,2,0,1,11,378,538,
22,QUERETARO,002,Queretaro ,0299,01,C,00,URBANA,109,14,3,20,23,145,10,6,0,0,0,0,0,0,0,0,14,4,2,0,4,5,0,0,0,8,367,538,
22,QUERETARO,002,Queretaro ,0300,01,B,00,URBANA,103,16,2,23,0,178,7,6,0,0,0,0,0,0,0,0,13,3,0,0,8,0,0,0,6,28,393,694,
22,QUERETARO,002,Queretaro ,0300,01,C,00,URBANA,96,10,4,32,24,172,7,7,0,0,0,0,0,0,0,0,18,5,1,3,8,2,0,0,0,13,402,694,
22,QUERETARO,002,Queretaro ,0300,02,C,00,URBANA,102,25,4,31,21,172,7,5,0,0,0,0,0,0,0,0,12,6,0,0,12,2,0,0,1,9,409,694,
22,QUERETARO,002,Queretaro ,0300,03,C,00,URBANA,101,14,3,33,21,159,9,6,0,0,0,0,0,0,0,0,14,4,0,1,6,2,1,1,2,10,387,694,
22,QUERETARO,002,Queretaro ,0300,04,C,00,URBANA,100,12,3,25,24,165,11,11,0,0,0,0,0,0,0,0,19,3,2,1,10,5,0,0,1,3,395,693,
22,QUERETARO,002,Queretaro ,0300,05,C,00,URBANA,108,11,1,21,20,198,12,13,0,0,0,0,0,0,0,0,20,1,0,3,8,1,0,0,0,5,422,693,
22,QUERETARO,002,Queretaro ,0301,01,B,00,URBANA,124,11,2,27,23,169,13,12,0,0,0,0,0,0,0,0,19,4,2,3,8,4,1,0,0,12,434,621,
22,QUERETARO,002,Queretaro ,0301,01,C,00,URBANA,121,14,2,31,21,150,6,14,0,0,0,0,0,0,0,0,9,8,0,3,11,1,0,0,0,0,391,621,
22,QUERETARO,002,Queretaro ,0302,01,B,00,URBANA,115,14,0,21,12,153,1,11,0,0,0,0,0,0,0,0,8,5,0,1,5,2,3,0,0,19,370,504,
22,QUERETARO,002,Queretaro ,0302,01,C,00,URBANA,115,9,5,36,14,129,13,6,0,0,0,0,0,0,0,0,5,5,1,2,14,2,2,0,0,13,371,504,
22,QUERETARO,002,Queretaro ,0302,02,C,00,URBANA,106,17,6,23,21,129,4,9,0,0,0,0,0,0,0,0,11,4,0,3,6,1,1,0,0,8,349,504,
22,QUERETARO,002,Queretaro ,0316,01,B,00,URBANA,100,14,3,27,22,165,7,9,0,0,0,0,0,0,0,0,14,1,0,4,6,1,0,0,0,10,383,644,
22,QUERETARO,002,Queretaro ,0316,01,C,00,URBANA,116,17,2,32,21,164,14,9,0,0,0,0,0,0,0,0,9,6,1,5,5,2,0,0,0,12,415,643,
22,QUERETARO,002,Queretaro ,0316,02,C,00,URBANA,117,12,4,30,16,173,5,11,0,0,0,0,0,0,0,0,13,3,1,2,8,1,0,0,2,12,410,643,
22,QUERETARO,002,Queretaro ,0316,03,C,00,URBANA,102,10,2,32,19,173,8,7,0,0,0,0,0,0,0,0,14,4,1,0,10,4,1,0,1,10,398,643,
22,QUERETARO,002,Queretaro ,0317,01,B,00,URBANA,78,7,2,26,17,152,7,5,0,0,0,0,0,0,0,0,12,3,0,3,6,2,0,0,1,11,332,514,
22,QUERETARO,002,Queretaro ,0317,01,C,00,URBANA,87,19,1,23,13,144,12,6,0,0,0,0,0,0,0,0,15,1,1,0,4,0,0,0,0,8,334,513,
22,QUERETARO,002,Queretaro ,0321,01,B,00,URBANA,122,26,1,25,13,120,16,3,0,0,0,0,0,0,0,0,13,4,1,0,7,3,0,0,0,11,365,565,
22,QUERETARO,002,Queretaro ,0321,01,C,00,URBANA,135,21,2,32,12,123,5,8,0,0,0,0,0,0,0,0,16,1,0,1,11,1,0,0,0,7,375,565,
22,QUERETARO,002,Queretaro ,0321,02,C,00,URBANA,115,14,2,23,19,135,13,7,0,0,0,0,0,0,0,0,7,6,0,2,9,2,0,0,0,1,355,564,
22,QUERETARO,002,Queretaro ,0322,01,B,00,URBANA,87,12,0,21,19,138,6,6,0,0,0,0,0,0,0,0,8,6,0,1,5,4,0,0,0,11,324,500,
22,QUERETARO,002,Queretaro ,0322,01,C,00,URBANA,89,11,0,19,20,151,6,3,0,0,0,0,0,0,0,0,9,4,0,1,5,2,0,0,0,6,326,500,
22,QUERETARO,002,Queretaro ,0323,01,B,00,URBANA,142,17,2,26,15,174,7,7,0,0,0,0,0,0,0,0,10,2,0,0,8,2,1,0,0,5,418,706,
22,QUERETARO,002,Queretaro ,0323,01,C,00,URBANA,125,13,1,24,23,174,7,11,0,0,0,0,0,0,0,0,14,8,1,1,15,2,1,0,0,9,429,706,
22,QUERETARO,002,Queretaro ,0323,02,C,00,URBANA,133,15,5,28,22,159,6,8,0,0,0,0,0,0,0,0,17,4,1,7,0,0,0,0,0,4,409,706,
22,QUERETARO,002,Queretaro ,0323,03,C,00,URBANA,119,21,5,27,22,163,7,10,0,0,0,0,0,0,0,0,15,3,1,2,12,1,0,0,1,15,424,706,
22,QUERETARO,002,Queretaro ,0323,04,C,00,URBANA,121,16,1,28,24,170,9,9,0,0,0,0,0,0,0,0,14,0,0,0,2,1,1,0,0,10,406,706,
22,QUERETARO,002,Queretaro ,0323,05,C,00,URBANA,114,22,2,29,20,188,9,10,0,0,0,0,0,0,0,0,15,3,0,2,7,1,0,0,0,8,430,706,
22,QUERETARO,002,Queretaro ,0323,06,C,00,URBANA,163,15,1,30,16,136,8,13,0,0,0,0,0,0,0,0,12,3,0,0,5,2,0,0,0,4,408,706,
22,QUERETARO,002,Queretaro ,0323,07,C,00,URBANA,136,13,5,25,15,147,6,10,0,0,0,0,0,0,0,0,13,3,0,1,7,1,0,0,0,9,391,706,
22,QUERETARO,002,Queretaro ,0323,08,C,00,URBANA,128,13,1,33,22,167,7,14,0,0,0,0,0,0,0,0,27,0,0,0,10,0,0,0,2,13,437,705,
22,QUERETARO,002,Queretaro ,0323,09,C,00,URBANA,131,18,3,34,20,190,10,10,0,0,0,0,0,0,0,0,11,2,1,0,6,0,1,0,0,8,445,705,
22,QUERETARO,002,Queretaro ,0323,10,C,00,URBANA,124,17,5,31,23,170,9,15,0,0,0,0,0,0,0,0,20,3,2,4,10,1,0,0,0,7,441,705,
22,QUERETARO,002,Queretaro ,0323,11,C,00,URBANA,160,12,2,27,17,157,10,11,0,0,0,0,0,0,0,0,15,3,0,2,8,4,0,0,0,3,431,705,
22,QUERETARO,002,Queretaro ,0323,12,C,00,URBANA,123,11,1,37,17,156,10,14,0,0,0,0,0,0,0,0,17,3,0,0,7,2,0,0,1,7,406,705,
22,QUERETARO,002,Queretaro ,0323,13,C,00,URBANA,121,14,1,26,17,174,6,10,0,0,0,0,0,0,0,0,17,5,0,3,7,3,0,0,2,5,411,705,
22,QUERETARO,002,Queretaro ,0329,01,B,00,URBANA,104,13,3,37,23,228,10,6,0,0,0,0,0,0,0,0,21,4,0,1,13,3,0,0,2,14,482,750,
22,QUERETARO,002,Queretaro ,0329,01,C,00,URBANA,113,17,4,28,28,211,13,12,0,0,0,0,0,0,0,0,16,3,1,1,1,1,0,0,0,13,462,750,
22,QUERETARO,002,Queretaro ,0329,02,C,00,URBANA,111,14,2,39,27,209,7,8,0,0,0,0,0,0,0,0,17,5,0,3,13,6,0,0,0,16,477,749,
22,QUERETARO,002,Queretaro ,0330,01,B,00,URBANA,99,18,4,33,17,182,9,10,0,0,0,0,0,0,0,0,17,4,1,1,9,2,0,0,0,13,419,665,
22,QUERETARO,002,Queretaro ,0330,01,C,00,URBANA,115,27,6,26,18,160,11,4,0,0,0,0,0,0,0,0,16,3,0,2,10,2,0,0,0,11,411,664,
22,QUERETARO,002,Queretaro ,0341,01,B,00,URBANA,83,16,3,33,25,196,10,10,0,0,0,0,0,0,0,0,20,5,0,1,6,1,0,0,0,14,423,625,
22,QUERETARO,002,Queretaro ,0341,01,C,00,URBANA,98,24,1,29,22,155,12,10,0,0,0,0,0,0,0,0,20,5,0,1,7,3,0,0,0,12,399,625,
22,QUERETARO,002,Queretaro ,0342,01,B,00,URBANA,91,7,3,15,18,123,3,6,0,0,0,0,0,0,0,0,0,0,0,0,0,0,0,0,1,26,293,420,
22,QUERETARO,002,Queretaro ,0342,01,C,00,URBANA,75,8,5,27,11,107,10,11,0,0,0,0,0,0,0,0,10,4,1,4,8,2,1,0,0,7,291,420,
22,QUERETARO,002,Queretaro ,0343,01,B,00,URBANA,181,25,8,30,18,142,8,12,0,0,0,0,0,0,0,0,14,0,0,1,12,1,0,0,0,10,462,689,
22,QUERETARO,002,Queretaro ,0343,01,C,00,URBANA,175,23,5,32,13,142,16,9,0,0,0,0,0,0,0,0,17,0,0,2,0,15,0,0,0,7,456,689,
22,QUERETARO,002,Queretaro ,0343,02,C,00,URBANA,151,22,3,35,22,152,7,9,0,0,0,0,0,0,0,0,15,3,0,0,10,5,0,0,0,12,446,689,
22,QUERETARO,002,Queretaro ,0343,03,C,00,URBANA,188,25,2,29,17,150,6,11,0,0,0,0,0,0,0,0,12,2,1,0,10,2,0,0,0,12,467,689,
22,QUERETARO,002,Queretaro ,0343,04,C,00,URBANA,191,16,6,49,13,150,9,8,0,0,0,0,0,0,0,0,18,1,0,1,13,5,1,0,0,13,494,689,
22,QUERETARO,002,Queretaro ,0344,01,B,00,URBANA,97,19,7,31,25,170,5,7,0,0,0,0,0,0,0,0,24,2,0,0,10,3,1,0,0,14,415,644,
22,QUERETARO,002,Queretaro ,0344,01,C,00,URBANA,87,24,5,31,20,173,4,7,0,0,0,0,0,0,0,0,18,1,0,4,18,2,0,0,0,20,414,644,
22,QUERETARO,002,Queretaro ,0344,02,C,00,URBANA,126,12,3,30,15,178,9,6,0,0,0,0,0,0,0,0,9,2,0,1,3,1,1,0,0,13,409,644,
22,QUERETARO,002,Queretaro ,0344,03,C,00,URBANA,96,12,3,30,16,177,8,10,0,0,0,0,0,0,0,0,20,4,0,0,4,2,0,0,0,14,396,644,
22,QUERETARO,002,Queretaro ,0344,04,C,00,URBANA,109,18,7,37,24,169,12,2,0,0,0,0,0,0,0,0,19,4,0,2,2,3,0,1,0,13,422,644,
22,QUERETARO,002,Queretaro ,0344,05,C,00,URBANA,95,23,1,33,18,203,5,8,0,0,0,0,0,0,0,0,15,3,0,0,4,2,0,0,0,15,425,644,
22,QUERETARO,002,Queretaro ,0344,06,C,00,URBANA,120,14,2,29,21,155,5,6,0,0,0,0,0,0,0,0,30,4,1,1,11,1,0,1,0,10,411,644,
22,QUERETARO,002,Queretaro ,0553,01,B,00,NO URBANA,128,13,6,19,16,137,14,8,0,0,0,0,0,0,0,0,9,3,0,1,12,1,0,0,0,6,373,706,
22,QUERETARO,002,Queretaro ,0553,01,C,00,NO URBANA,117,13,3,18,18,140,7,5,0,0,0,0,0,0,0,0,20,1,0,2,9,4,1,0,1,0,359,706,
22,QUERETARO,002,Queretaro ,0553,02,C,00,NO URBANA,84,19,6,17,14,156,6,8,0,0,0,0,0,0,0,0,12,6,0,1,3,3,0,0,0,14,349,706,
22,QUERETARO,002,Queretaro ,0553,03,C,00,NO URBANA,98,15,4,22,17,180,7,6,0,0,0,0,0,0,0,0,21,1,1,4,10,7,2,0,0,7,402,706,
22,QUERETARO,002,Queretaro ,0553,04,C,00,NO URBANA,107,24,1,24,9,171,8,10,0,0,0,0,0,0,0,0,10,5,2,3,3,1,1,1,0,7,387,706,
22,QUERETARO,002,Queretaro ,0553,05,C,00,NO URBANA,93,13,2,21,14,147,10,5,0,0,0,0,0,0,0,0,18,1,1,1,7,1,0,0,0,18,352,706,
22,QUERETARO,002,Queretaro ,0553,06,C,00,NO URBANA,102,21,3,12,23,157,14,6,0,0,0,0,0,0,0,0,10,2,1,1,5,2,0,1,0,12,372,705,
22,QUERETARO,002,Queretaro ,0553,07,C,00,NO URBANA,117,26,3,27,14,148,7,4,0,0,0,0,0,0,0,0,16,4,0,1,7,0,0,0,2,5,381,705,
22,QUERETARO,002,Queretaro ,0553,08,C,00,NO URBANA,121,15,4,22,23,151,7,7,0,0,0,0,0,0,0,0,9,0,0,2,10,0,0,0,0,10,381,705,
22,QUERETARO,002,Queretaro ,0553,09,C,00,NO URBANA,78,18,5,15,19,179,0,0,0,0,0,0,0,0,0,0,16,18,0,1,12,2,1,0,0,10,374,705,
22,QUERETARO,002,Queretaro ,0553,10,C,00,NO URBANA,131,9,2,19,21,159,8,5,0,0,0,0,0,0,0,0,14,2,0,1,5,0,0,0,0,7,383,705,
22,QUERETARO,002,Queretaro ,0553,11,C,00,NO URBANA,106,13,4,17,15,151,10,6,0,0,0,0,0,0,0,0,8,1,0,0,7,0,1,2,1,7,349,705,
22,QUERETARO,002,Queretaro ,0553,12,C,00,NO URBANA,107,12,2,11,15,159,4,5,0,0,0,0,0,0,0,0,16,2,3,1,6,1,0,0,2,1,347,705,
22,QUERETARO,002,Queretaro ,0553,01,E,00,NO URBANA,274,19,1,27,12,102,9,7,0,0,0,0,0,0,0,0,7,1,0,0,13,2,1,0,0,11,486,702,
22,QUERETARO,002,Queretaro ,0553,01,E,00,NO URBANA,276,16,4,35,11,91,3,8,0,0,0,0,0,0,0,0,8,0,1,0,12,2,0,0,1,4,472,702,
22,QUERETARO,002,Queretaro ,0553,01,E,00,NO URBANA,261,8,2,25,12,117,8,7,0,0,0,0,0,0,0,0,9,0,0,1,13,6,1,0,0,8,478,702,
22,QUERETARO,002,Queretaro ,0553,01,E,00,NO URBANA,243,15,2,27,12,109,7,11,0,0,0,0,0,0,0,0,1,1,0,0,11,1,0,0,2,8,450,702,
22,QUERETARO,002,Queretaro ,0553,01,E,00,NO URBANA,260,17,4,25,10,108,11,8,0,0,0,0,0,0,0,0,8,1,0,1,16,2,2,0,0,8,481,702,
22,QUERETARO,002,Queretaro ,0553,01,E,00,NO URBANA,248,21,3,31,11,103,3,10,0,0,0,0,0,0,0,0,10,2,1,0,15,0,0,2,0,5,465,702,
22,QUERETARO,002,Queretaro ,0553,01,E,00,NO URBANA,240,17,0,39,12,102,12,9,0,0,0,0,0,0,0,0,10,0,0,1,19,0,0,0,0,8,469,702,
22,QUERETARO,002,Queretaro ,0553,01,E,00,NO URBANA,261,16,5,30,8,121,11,9,0,0,0,0,0,0,0,0,5,0,0,1,11,2,0,0,0,7,487,702,
22,QUERETARO,002,Queretaro ,0553,01,E,00,NO URBANA,259,17,3,22,16,110,9,7,0,0,0,0,0,0,0,0,10,3,0,1,12,1,0,0,0,9,479,702,
22,QUERETARO,002,Queretaro ,0553,01,E,00,NO URBANA,227,35,4,33,14,103,6,9,0,0,0,0,0,0,0,0,6,0,0,0,17,3,0,0,0,7,464,702,
22,QUERETARO,002,Queretaro ,0553,01,E,00,NO URBANA,274,21,4,14,9,92,10,13,0,0,0,0,0,0,0,0,5,1,1,0,9,2,0,0,0,8,463,702,
22,QUERETARO,002,Queretaro ,0553,01,E,00,NO URBANA,248,14,6,27,11,113,5,13,0,0,0,0,0,0,0,0,13,0,0,2,14,2,0,0,0,12,480,702,
22,QUERETARO,002,Queretaro ,0553,01,E,00,NO URBANA,261,9,4,32,11,112,11,6,0,0,0,0,0,0,0,0,4,2,0,1,12,5,0,0,2,6,478,701,
22,QUERETARO,002,Queretaro ,0553,01,E,00,NO URBANA,258,22,7,19,13,103,0,10,0,0,0,0,0,0,0,0,5,1,0,2,14,2,0,0,1,5,462,701,
22,QUERETARO,002,Queretaro ,0553,01,E,00,NO URBANA,276,9,1,26,17,111,8,7,0,0,0,0,0,0,0,0,11,2,0,1,26,0,3,0,0,7,505,701,
22,QUERETARO,002,Queretaro ,0734,01,B,00,URBANA,109,15,3,27,12,142,7,10,0,0,0,0,0,0,0,0,16,3,0,1,11,2,0,0,2,6,366,557,
22,QUERETARO,002,Queretaro ,0735,01,B,00,URBANA,118,12,4,30,11,168,7,7,0,0,0,0,0,0,0,0,9,4,1,1,4,2,0,0,1,11,390,583,
22,QUERETARO,002,Queretaro ,0736,01,B,00,URBANA,79,9,2,17,16,147,9,10,0,0,0,0,0,0,0,0,16,2,1,1,4,0,0,0,0,4,317,528,
22,QUERETARO,002,Queretaro ,0736,01,C,00,URBANA,69,10,0,23,13,140,11,10,0,0,0,0,0,0,0,0,9,2,1,1,9,0,1,0,0,5,304,527,
22,QUERETARO,002,Queretaro ,0737,01,B,00,URBANA,84,9,0,16,9,130,8,7,0,0,0,0,0,0,0,0,10,2,0,1,9,2,0,0,1,13,301,488,
22,QUERETARO,002,Queretaro ,0737,01,C,00,URBANA,73,12,2,17,14,124,9,6,0,0,0,0,0,0,0,0,15,2,1,1,6,4,0,0,0,9,295,487,
22,QUERETARO,002,Queretaro ,0738,01,B,00,URBANA,96,15,1,20,11,115,9,10,0,0,0,0,0,0,0,0,5,4,0,3,13,0,0,0,1,6,309,521,
22,QUERETARO,002,Queretaro ,0738,01,C,00,URBANA,79,10,7,16,14,129,6,8,0,0,0,0,0,0,0,0,10,2,0,1,2,2,0,0,0,5,291,521,
22,QUERETARO,002,Queretaro ,0739,01,B,00,URBANA,73,10,0,23,12,162,8,9,0,0,0,0,0,0,0,0,18,1,0,2,5,0,0,0,0,6,329,597,
22,QUERETARO,002,Queretaro ,0739,01,C,00,URBANA,89,10,5,21,17,121,4,9,0,0,0,0,0,0,0,0,18,2,0,1,9,2,1,0,0,13,322,597,
22,QUERETARO,002,Queretaro ,0740,01,B,00,URBANA,80,18,0,19,23,187,9,6,0,0,0,0,0,0,0,0,17,1,0,2,5,4,0,0,2,13,386,638,
22,QUERETARO,002,Queretaro ,0740,01,C,00,URBANA,97,11,1,24,19,134,13,15,0,0,0,0,0,0,0,0,2,6,3,1,4,3,0,0,0,16,349,637,
22,QUERETARO,002,Queretaro ,0743,01,B,00,URBANA,127,11,3,13,196,13,10,14,0,0,0,0,0,0,0,0,5,0,0,7,2,0,0,0,0,4,405,721,
22,QUERETARO,002,Queretaro ,0743,01,C,00,URBANA,126,13,2,30,21,161,1,11,0,0,0,0,0,0,0,0,14,2,1,3,4,1,1,0,3,11,405,720,
22,QUERETARO,002,Queretaro ,0744,01,B,00,URBANA,95,13,2,31,13,200,11,5,0,0,0,0,0,0,0,0,9,0,0,3,3,0,0,0,0,10,395,605,
22,QUERETARO,002,Queretaro ,0744,01,C,00,URBANA,0,0,0,20,0,0,0,4,0,0,0,0,0,0,0,0,202,0,0,0,148,0,0,0,0,10,384,605,
22,QUERETARO,002,Queretaro ,0755,01,B,00,URBANA,136,11,3,22,14,192,10,6,0,0,0,0,0,0,0,0,18,4,0,0,12,1,0,0,2,10,441,705,
22,QUERETARO,002,Queretaro ,0755,01,C,00,URBANA,132,11,5,42,23,160,6,11,0,0,0,0,0,0,0,0,18,2,0,0,5,2,0,0,0,21,438,705,
22,QUERETARO,002,Queretaro ,0756,01,B,00,URBANA,129,15,1,30,16,151,9,0,0,0,0,0,0,0,0,0,0,0,0,0,0,0,0,0,8,5,364,606,
22,QUERETARO,002,Queretaro ,0756,01,C,00,URBANA,111,17,1,36,23,145,7,11,0,0,0,0,0,0,0,0,10,1,0,0,11,1,0,0,0,9,383,606,
22,QUERETARO,002,Queretaro ,0819,01,B,00,URBANA,93,18,1,15,19,116,3,9,0,0,0,0,0,0,0,0,9,0,1,0,9,1,0,0,0,7,301,480,
22,QUERETARO,002,Queretaro ,0819,01,C,00,URBANA,97,16,0,18,11,122,4,9,0,0,0,0,0,0,0,0,13,3,0,2,7,1,1,0,3,6,313,480,
22,QUERETARO,002,Queretaro ,0820,01,B,00,URBANA,106,14,3,30,11,134,7,12,0,0,0,0,0,0,0,0,6,0,0,1,1,1,0,0,0,6,332,565,
22,QUERETARO,002,Queretaro ,0820,01,C,00,URBANA,100,10,2,26,13,153,7,14,0,0,0,0,0,0,0,0,13,4,0,0,6,1,0,0,1,6,356,565,
22,QUERETARO,002,Queretaro ,0821,01,B,00,URBANA,146,14,1,26,19,175,13,11,0,0,0,0,0,0,0,0,15,0,0,0,12,0,0,0,0,14,446,750,
22,QUERETARO,002,Queretaro ,0822,01,B,00,URBANA,161,19,4,38,1,165,5,17,0,0,0,0,0,0,0,0,8,1,10,2,7,5,0,0,0,4,447,617,
22,QUERETARO,002,Queretaro ,0822,01,C,00,URBANA,171,14,2,34,27,142,7,13,0,0,0,0,0,0,0,0,5,1,0,2,6,0,1,0,0,11,436,616,
22,QUERETARO,002,Queretaro ,0823,01,B,00,URBANA,145,18,2,27,18,149,11,9,0,0,0,0,0,0,0,0,18,1,2,2,9,2,2,0,0,12,427,639,
22,QUERETARO,002,Queretaro ,0824,01,B,00,URBANA,64,7,2,14,9,101,6,7,0,0,0,0,0,0,0,0,7,7,0,0,2,0,0,0,0,5,231,462,
22,QUERETARO,002,Queretaro ,0825,01,B,00,URBANA,77,2,1,19,12,147,3,3,0,0,0,0,0,0,0,0,17,2,0,1,7,0,0,0,0,13,304,574,
22,QUERETARO,002,Queretaro ,0825,01,C,00,URBANA,72,5,2,21,17,128,5,9,0,0,0,0,0,0,0,0,16,1,0,2,2,1,0,0,1,4,286,574,
22,QUERETARO,002,Queretaro ,0826,01,B,00,URBANA,70,9,0,17,9,99,8,6,0,0,0,0,0,0,0,0,8,0,0,1,5,0,0,0,0,9,241,410,
22,QUERETARO,002,Queretaro ,0826,01,C,00,URBANA,66,6,3,18,9,103,3,6,0,0,0,0,0,0,0,0,8,1,0,1,7,2,0,0,0,5,238,410,
22,QUERETARO,002,Queretaro ,0827,01,B,00,URBANA,56,8,2,17,12,130,4,5,0,0,0,0,0,0,0,0,20,4,1,0,3,1,0,0,0,5,268,509,
22,QUERETARO,002,Queretaro ,0827,01,C,00,URBANA,42,4,1,26,7,129,10,3,0,0,0,0,0,0,0,0,19,8,0,0,4,1,1,0,0,3,258,508,
22,QUERETARO,002,Queretaro ,0828,01,B,00,URBANA,125,13,6,28,16,153,8,7,0,0,0,0,0,0,0,0,13,2,0,1,9,2,0,0,0,8,391,574,
22,QUERETARO,002,Queretaro ,0829,01,B,00,NO URBANA,37,9,1,9,8,131,6,7,0,0,0,0,0,0,0,0,19,2,1,1,1,1,0,0,0,6,239,437,
22,QUERETARO,002,Queretaro ,0829,01,C,00,NO URBANA,45,10,2,11,14,123,11,4,0,0,0,0,0,0,0,0,7,4,0,3,4,0,0,0,0,7,245,436,
22,QUERETARO,002,Queretaro ,0830,01,B,00,URBANA,56,5,2,13,21,171,8,5,0,0,0,0,0,0,0,0,11,3,0,2,1,2,0,0,0,10,310,570,
22,QUERETARO,002,Queretaro ,0830,01,C,00,URBANA,56,8,4,18,25,154,6,4,0,0,0,0,0,0,0,0,9,5,1,0,4,1,0,0,0,8,303,569,
22,QUERETARO,002,Queretaro ,0831,01,B,00,URBANA,146,17,6,21,18,129,10,8,0,0,0,0,0,0,0,0,18,2,0,2,11,1,1,0,0,9,399,595,
22,QUERETARO,002,Queretaro ,0832,01,B,00,URBANA,79,9,4,15,10,83,5,6,0,0,0,0,0,0,0,0,4,1,0,0,3,2,0,0,0,4,225,400,
22,QUERETARO,002,Queretaro ,0832,01,C,00,URBANA,70,9,0,24,3,111,4,4,0,0,0,0,0,0,0,0,11,1,0,0,5,1,0,0,0,10,253,399,
22,QUERETARO,002,Queretaro ,0833,01,B,00,URBANA,99,20,0,17,12,105,9,3,0,0,0,0,0,0,0,0,11,2,0,0,9,0,0,0,2,7,296,432,
22,QUERETARO,002,Queretaro ,0833,01,C,00,URBANA,97,13,1,23,6,111,5,4,0,0,0,0,0,0,0,0,5,4,0,1,3,1,0,0,0,13,287,432,
22,QUERETARO,002,Queretaro ,0834,01,B,00,URBANA,92,9,0,12,11,97,7,5,0,0,0,0,0,0,0,0,3,2,0,0,8,0,0,0,0,5,251,389,
22,QUERETARO,002,Queretaro ,0834,01,C,00,URBANA,90,6,2,13,7,101,5,6,0,0,0,0,0,0,0,0,11,0,0,0,4,0,0,0,0,3,248,389,
22,QUERETARO,002,Queretaro ,0835,01,B,00,URBANA,178,22,7,37,17,155,8,10,0,0,0,0,0,0,0,0,5,2,1,4,3,5,0,0,1,16,471,686,
22,QUERETARO,002,Queretaro ,0836,01,B,00,URBANA,94,12,4,26,14,126,6,14,0,0,0,0,0,0,0,0,9,1,0,1,6,0,0,0,0,12,325,552,
22,QUERETARO,002,Queretaro ,0836,01,C,00,URBANA,99,8,4,22,13,150,10,14,0,0,0,0,0,0,0,0,11,0,0,0,10,1,0,0,1,8,351,551,
22,QUERETARO,002,Queretaro ,0837,01,B,00,URBANA,81,20,1,30,18,91,5,6,0,0,0,0,0,0,0,0,11,0,0,1,4,8,0,0,1,6,283,444,
22,QUERETARO,002,Queretaro ,0837,01,C,00,URBANA,100,8,2,20,5,116,5,14,0,0,0,0,0,0,0,0,9,1,0,1,9,0,0,0,0,11,301,444,
22,QUERETARO,002,Queretaro ,0838,01,B,00,URBANA,60,13,1,23,12,127,7,6,0,0,0,0,0,0,0,0,11,3,1,0,1,1,0,0,1,7,274,484,
22,QUERETARO,002,Queretaro ,0838,01,C,00,URBANA,65,4,1,15,16,118,7,5,0,0,0,0,0,0,0,0,13,3,0,0,6,0,0,0,1,2,256,484,
22,QUERETARO,002,Queretaro ,0839,01,B,00,URBANA,147,14,5,28,17,174,13,11,0,0,0,0,0,0,0,0,15,3,0,0,7,3,0,0,0,10,447,743,
22,QUERETARO,002,Queretaro ,0840,01,B,00,URBANA,61,10,2,17,16,136,7,7,0,0,0,0,0,0,0,0,19,0,0,0,6,0,0,0,0,11,292,628,
22,QUERETARO,002,Queretaro ,0840,01,C,00,URBANA,63,12,2,19,13,139,11,2,0,0,0,0,0,0,0,0,0,19,0,0,0,0,0,0,0,10,290,628,
22,QUERETARO,002,Queretaro ,0841,01,B,00,URBANA,58,5,1,18,18,178,11,4,0,0,0,0,0,0,0,0,5,0,1,0,5,0,1,0,0,7,312,605,
22,QUERETARO,002,Queretaro ,0842,01,B,00,URBANA,42,7,0,21,13,128,5,6,0,0,0,0,0,0,0,0,20,2,1,0,4,2,2,0,0,9,262,453,
22,QUERETARO,002,Queretaro ,0842,01,C,00,URBANA,45,9,1,14,12,108,8,2,0,0,0,0,0,0,0,0,14,3,1,0,1,1,0,0,0,6,225,452,
22,QUERETARO,002,Queretaro ,0843,01,B,00,URBANA,41,7,2,20,10,121,2,4,0,0,0,0,0,0,0,0,9,0,1,0,1,0,0,0,0,2,220,429,
22,QUERETARO,002,Queretaro ,0843,01,C,00,URBANA,48,4,2,8,9,111,6,8,0,0,0,0,0,0,0,0,5,1,0,0,7,0,0,0,0,2,211,428,
22,QUERETARO,002,Queretaro ,0844,01,B,00,URBANA,49,16,2,16,20,193,11,5,0,0,0,0,0,0,0,0,25,6,3,0,6,1,1,0,0,15,369,697,
22,QUERETARO,002,Queretaro ,0845,01,B,00,URBANA,70,17,5,28,15,169,7,13,0,0,0,0,0,0,0,0,11,2,1,3,1,2,0,0,0,13,357,706,
22,QUERETARO,002,Queretaro ,0846,01,B,00,NO URBANA,116,10,1,26,16,132,4,12,0,0,0,0,0,0,0,0,9,1,0,0,6,0,0,2,1,7,343,700,
22,QUERETARO,002,Queretaro ,0846,01,C,00,NO URBANA,100,16,3,28,12,132,11,7,0,0,0,0,0,0,0,0,17,2,0,0,8,1,0,0,0,12,349,700,
22,QUERETARO,002,Queretaro ,0846,02,C,00,NO URBANA,122,6,0,26,15,153,10,7,0,0,0,0,0,0,0,0,7,1,2,3,7,8,0,0,0,6,373,699,
22,QUERETARO,002,Queretaro ,0846,03,C,00,NO URBANA,120,7,1,15,9,130,7,7,0,0,0,0,0,0,0,0,21,4,0,3,7,2,0,1,1,5,340,699,
22,QUERETARO,002,Queretaro ,0847,01,B,00,URBANA,92,12,6,23,15,147,8,8,0,0,0,0,0,0,0,0,8,3,0,0,11,6,0,0,1,8,348,657,
22,QUERETARO,002,Queretaro ,0848,01,B,00,URBANA,69,17,4,26,11,150,11,14,0,0,0,0,0,0,0,0,1,0,2,4,1,0,0,0,2,12,324,653,
22,QUERETARO,002,Queretaro ,0849,01,B,00,URBANA,90,5,2,13,23,149,11,3,0,0,0,0,0,0,0,0,14,1,1,1,8,5,0,0,0,6,332,709,
22,QUERETARO,002,Queretaro ,0850,01,B,00,URBANA,58,7,0,20,11,90,9,7,0,0,0,0,0,0,0,0,6,5,0,0,8,2,0,0,2,8,233,454,
22,QUERETARO,002,Queretaro ,0850,01,C,00,URBANA,52,10,3,7,9,86,4,6,0,0,0,0,0,0,0,0,14,2,0,0,5,4,0,0,0,10,212,454,
22,QUERETARO,002,Queretaro ,0851,01,B,00,URBANA,41,5,3,19,7,91,2,5,0,0,0,0,0,0,0,0,1,1,0,0,3,1,0,0,0,5,184,426,
22,QUERETARO,002,Queretaro ,0851,01,C,00,URBANA,33,9,0,22,6,91,1,4,0,0,0,0,0,0,0,0,13,0,0,1,2,1,1,0,0,8,192,426,
22,QUERETARO,002,Queretaro ,0852,01,B,00,URBANA,96,20,1,20,13,152,4,7,0,0,0,0,0,0,0,0,11,3,1,3,8,3,1,0,0,3,346,648,
22,QUERETARO,002,Queretaro ,0853,01,B,00,URBANA,77,7,3,15,7,74,3,6,0,0,0,0,0,0,0,0,3,2,0,2,6,2,0,0,0,9,216,383,
22,QUERETARO,002,Queretaro ,0853,01,C,00,URBANA,67,7,1,10,8,79,4,8,0,0,0,0,0,0,0,0,7,2,0,0,3,0,0,0,0,10,206,382,
22,QUERETARO,002,Queretaro ,0854,01,B,00,URBANA,156,12,1,39,8,170,14,6,0,0,0,0,0,0,0,0,13,7,0,0,5,0,0,0,1,9,441,745,
22,QUERETARO,002,Queretaro ,0854,01,C,00,URBANA,144,15,1,37,12,169,10,9,0,0,0,0,0,0,0,0,14,0,0,0,10,0,0,0,0,5,426,745,
22,QUERETARO,002,Queretaro ,0855,01,B,00,URBANA,89,10,4,28,19,147,9,12,0,0,0,0,0,0,0,0,9,2,0,4,4,0,0,0,0,8,345,617,
22,QUERETARO,002,Queretaro ,0855,01,C,00,URBANA,95,5,6,26,15,175,14,6,0,0,0,0,0,0,0,0,9,1,0,5,3,2,0,0,0,5,367,616,
22,QUERETARO,002,Queretaro ,0864,01,B,00,URBANA,86,12,2,16,15,167,10,11,0,0,0,0,0,0,0,0,10,5,0,0,4,2,0,0,2,8,350,571,
22,QUERETARO,002,Queretaro ,0864,01,C,00,URBANA,73,12,2,19,20,161,10,6,0,0,0,0,0,0,0,0,16,1,1,1,5,3,0,0,0,9,339,570,
22,QUERETARO,002,Queretaro ,0864,02,C,00,URBANA,82,15,2,20,16,140,11,5,0,0,0,0,0,0,0,0,18,4,0,9,1,0,0,0,1,15,339,570,
22,QUERETARO,002,Queretaro ,0864,03,C,00,URBANA,83,11,2,22,11,150,9,9,0,0,0,0,0,0,0,0,11,4,0,1,5,0,0,0,1,6,325,570,
22,QUERETARO,002,Queretaro ,0918,01,B,00,URBANA,35,14,2,11,9,138,7,0,0,0,0,0,0,0,0,0,6,2,0,0,1,1,0,0,0,5,231,509,
22,QUERETARO,002,Queretaro ,0918,01,C,00,URBANA,29,15,2,16,15,130,10,0,0,0,0,0,0,0,0,0,16,3,0,1,2,1,0,0,0,11,251,509,
22,QUERETARO,002,Queretaro ,0918,02,C,00,URBANA,33,7,0,14,10,143,12,2,0,0,0,0,0,0,0,0,10,6,1,2,3,0,1,0,0,6,250,508,
22,QUERETARO,002,Queretaro ,0919,01,B,00,URBANA,145,29,7,34,13,174,16,12,0,0,0,0,0,0,0,0,18,4,0,2,5,0,0,0,0,12,471,745,
22,QUERETARO,002,Queretaro ,0919,01,C,00,URBANA,118,25,5,23,16,186,11,9,0,0,0,0,0,0,0,0,21,5,0,0,10,1,0,0,0,4,434,744,
22,QUERETARO,002,Queretaro ,0919,02,C,00,URBANA,142,32,2,23,17,187,9,16,0,0,0,0,0,0,0,0,14,4,2,1,11,2,0,0,0,14,476,744,
22,QUERETARO,002,Queretaro ,0920,01,B,00,URBANA,111,21,4,23,12,188,8,14,0,0,0,0,0,0,0,0,17,3,0,4,11,1,0,0,2,16,435,737,
22,QUERETARO,002,Queretaro ,0920,01,C,00,URBANA,86,15,4,18,19,201,5,5,0,0,0,0,0,0,0,0,11,6,0,2,5,1,0,1,0,3,382,736,
22,QUERETARO,002,Queretaro ,0920,02,C,00,URBANA,104,29,2,28,12,182,8,9,0,0,0,0,0,0,0,0,18,1,0,3,5,2,0,1,0,12,416,736,
22,QUERETARO,002,Queretaro ,0920,03,C,00,URBANA,101,31,5,30,5,169,8,8,0,0,0,0,0,0,0,0,15,8,1,1,9,1,0,0,0,8,400,736,
22,QUERETARO,003,Queretaro ,0861,01,A,00,URBANA,1,0,0,0,0,1,0,0,0,0,0,0,0,0,0,0,0,0,0,0,0,0,0,0,0,0,2,2,
22,QUERETARO,003,Queretaro ,0266,01,B,00,URBANA,86,17,2,26,18,140,13,2,0,0,0,0,0,0,0,0,12,1,0,1,4,1,0,0,3,10,336,731,
22,QUERETARO,003,Queretaro ,0266,01,C,00,URBANA,0,0,0,27,0,0,0,2,0,0,0,0,0,0,0,0,185,0,0,0,141,0,0,0,0,18,373,730,
22,QUERETARO,003,Queretaro ,0266,02,C,00,URBANA,71,11,2,23,22,171,8,4,0,0,0,0,0,0,0,0,14,3,3,2,5,6,0,0,1,16,362,730,
22,QUERETARO,003,Queretaro ,0266,03,C,00,URBANA,64,23,1,42,23,168,7,4,0,0,0,0,0,0,0,0,10,0,0,0,3,0,0,0,0,8,353,730,
22,QUERETARO,003,Queretaro ,0266,04,C,00,URBANA,112,16,1,25,17,134,12,5,0,0,0,0,0,0,0,0,4,4,0,1,8,1,0,1,0,11,352,730,
22,QUERETARO,003,Queretaro ,0266,05,C,00,URBANA,83,10,0,24,25,163,11,3,0,0,0,0,0,0,0,0,14,3,0,0,4,0,0,0,0,9,349,730,
22,QUERETARO,003,Queretaro ,0267,01,B,00,URBANA,220,12,4,11,10,91,4,3,0,0,0,0,0,0,0,0,4,1,0,0,7,1,0,0,1,9,378,632,
22,QUERETARO,003,Queretaro ,0267,01,C,00,URBANA,213,12,1,10,15,84,5,2,0,0,0,0,0,0,0,0,10,1,1,1,9,2,1,0,1,11,379,632,
22,QUERETARO,003,Queretaro ,0267,02,C,00,URBANA,180,27,6,12,23,93,8,3,0,0,0,0,0,0,0,0,9,2,0,0,8,1,0,0,0,9,381,632,
22,QUERETARO,003,Queretaro ,0267,03,C,00,URBANA,170,17,1,11,13,99,14,2,0,0,0,0,0,0,0,0,1,2,0,1,1,3,0,0,0,10,345,632,
22,QUERETARO,003,Queretaro ,0267,04,C,00,URBANA,192,16,6,10,15,90,7,2,0,0,0,0,0,0,0,0,9,4,0,2,6,1,0,0,0,10,370,631,
22,QUERETARO,003,Queretaro ,0268,01,B,00,NO URBANA,426,8,2,1,10,45,3,2,0,0,0,0,0,0,0,0,0,0,0,0,6,1,0,0,0,4,508,706,
22,QUERETARO,003,Queretaro ,0268,01,C,00,NO URBANA,397,16,4,5,10,64,4,3,0,0,0,0,0,0,0,0,3,2,0,1,6,1,1,0,1,6,524,706,
22,QUERETARO,003,Queretaro ,0268,02,C,00,NO URBANA,384,23,9,9,6,63,4,4,0,0,0,0,0,0,0,0,0,0,0,1,5,2,1,0,0,7,518,706,
22,QUERETARO,003,Queretaro ,0268,03,C,00,NO URBANA,401,20,8,6,7,51,4,4,0,0,0,0,0,0,0,0,3,1,0,3,7,0,0,0,1,2,518,705,
22,QUERETARO,003,Queretaro ,0270,01,B,00,URBANA,42,6,1,11,13,164,10,9,0,0,0,0,0,0,0,0,8,3,1,1,2,0,0,0,0,15,286,719,
22,QUERETARO,003,Queretaro ,0270,01,C,00,URBANA,52,7,1,8,13,160,7,5,0,0,0,0,0,0,0,0,14,5,1,3,3,0,0,0,0,18,297,719,
22,QUERETARO,003,Queretaro ,0270,02,C,00,URBANA,42,5,2,8,17,118,8,3,0,0,0,0,0,0,0,0,20,0,1,1,7,0,0,0,0,9,241,718,
22,QUERETARO,003,Queretaro ,0270,03,C,00,URBANA,45,7,3,13,14,176,8,4,0,0,0,0,0,0,0,0,10,4,0,2,4,0,0,1,0,6,297,718,
22,QUERETARO,003,Queretaro ,0270,04,C,00,URBANA,57,12,1,12,15,163,8,7,0,0,0,0,0,0,0,0,20,2,2,0,2,1,0,0,1,9,312,718,
22,QUERETARO,003,Queretaro ,0270,05,C,00,URBANA,42,12,3,12,15,134,5,5,0,0,0,0,0,0,0,0,16,0,0,0,5,2,0,0,0,9,260,718,
22,QUERETARO,003,Queretaro ,0270,06,C,00,URBANA,60,10,0,12,11,148,6,3,0,0,0,0,0,0,0,0,18,3,1,3,2,0,1,0,0,6,284,718,
22,QUERETARO,003,Queretaro ,0270,07,C,00,URBANA,46,4,0,15,12,158,4,7,0,0,0,0,0,0,0,0,20,4,4,1,6,1,0,0,0,9,291,718,
22,QUERETARO,003,Queretaro ,0270,08,C,00,URBANA,49,6,3,17,15,150,4,6,0,0,0,0,0,0,0,0,11,4,1,1,4,1,0,0,0,6,278,718,
22,QUERETARO,003,Queretaro ,0270,09,C,00,URBANA,64,7,0,19,16,192,6,3,0,0,0,0,0,0,0,0,15,2,1,1,0,0,1,0,0,9,336,718,
22,QUERETARO,003,Queretaro ,0270,10,C,00,URBANA,43,3,0,14,0,178,8,0,0,0,0,0,0,0,0,0,0,23,0,0,2,0,0,0,0,7,278,718,
22,QUERETARO,003,Queretaro ,0270,11,C,00,URBANA,45,5,0,11,12,151,3,4,0,0,0,0,0,0,0,0,10,1,2,2,5,0,0,0,0,13,264,718,
22,QUERETARO,003,Queretaro ,0270,12,C,00,URBANA,57,8,1,16,8,151,8,4,0,0,0,0,0,0,0,0,12,7,0,2,1,1,0,0,0,6,282,718,
22,QUERETARO,003,Queretaro ,0270,13,C,00,URBANA,54,2,3,16,13,182,7,2,0,0,0,0,0,0,0,0,10,3,1,2,2,1,0,0,0,10,308,718,
22,QUERETARO,003,Queretaro ,0270,14,C,00,URBANA,51,10,2,15,13,146,10,7,0,0,0,0,0,0,0,0,15,1,0,2,1,3,1,0,0,14,291,718,
22,QUERETARO,003,Queretaro ,0270,15,C,00,URBANA,53,5,2,12,10,181,7,6,0,0,0,0,0,0,0,0,9,2,0,2,1,0,0,0,0,10,300,718,
22,QUERETARO,003,Queretaro ,0270,16,C,00,URBANA,60,10,1,10,14,153,7,5,0,0,0,0,0,0,0,0,13,3,0,3,7,0,1,0,0,8,295,718,
22,QUERETARO,003,Queretaro ,0270,17,C,00,URBANA,52,9,5,14,18,137,12,14,0,0,0,0,0,0,0,0,19,0,0,0,9,0,0,0,0,11,300,718,
22,QUERETARO,003,Queretaro ,0543,01,B,00,NO URBANA,125,24,4,5,15,68,3,2,0,0,0,0,0,0,0,0,0,0,12,0,0,6,3,0,0,11,278,713,
22,QUERETARO,003,Queretaro ,0543,01,C,00,NO URBANA,117,31,0,11,9,81,3,2,0,0,0,0,0,0,0,0,0,0,0,0,0,0,0,0,0,9,263,713,
22,QUERETARO,003,Queretaro ,0543,01,E,00,NO URBANA,68,16,0,4,4,35,0,1,0,0,0,0,0,0,0,0,10,1,1,1,4,1,0,0,0,3,149,352,
22,QUERETARO,003,Queretaro ,0545,01,B,00,NO URBANA,69,8,0,13,20,144,6,8,0,0,0,0,0,0,0,0,22,2,2,3,3,0,0,0,1,9,310,713,
22,QUERETARO,003,Queretaro ,0545,01,C,00,NO URBANA,74,7,2,11,25,154,6,11,0,0,0,0,0,0,0,0,9,2,0,1,8,0,0,0,1,3,314,713,
22,QUERETARO,003,Queretaro ,0545,02,C,00,NO URBANA,63,1,3,10,10,171,11,6,0,0,0,0,0,0,0,0,8,3,0,3,4,1,0,0,1,8,303,713,
22,QUERETARO,003,Queretaro ,0545,03,C,00,NO URBANA,56,9,2,16,18,154,14,5,0,0,0,0,0,0,0,0,10,1,0,1,3,0,0,0,1,5,295,712,
22,QUERETARO,003,Queretaro ,0545,04,C,00,NO URBANA,66,9,0,22,13,176,4,7,0,0,0,0,0,0,0,0,10,4,0,0,3,2,1,0,0,9,326,712,
22,QUERETARO,003,Queretaro ,0545,05,C,00,NO URBANA,68,6,1,10,24,179,8,8,0,0,0,0,0,0,0,0,11,1,0,0,5,2,0,0,3,3,329,712,
22,QUERETARO,003,Queretaro ,0545,06,C,00,NO URBANA,67,7,2,11,9,177,21,3,0,0,0,0,0,0,0,0,15,3,0,2,3,0,0,0,0,4,324,712,
22,QUERETARO,003,Queretaro ,0545,07,C,00,NO URBANA,62,6,0,13,10,155,8,10,0,0,0,0,0,0,0,0,3,0,2,5,0,0,0,0,0,5,279,712,
22,QUERETARO,003,Queretaro ,0545,08,C,00,NO URBANA,58,8,1,11,24,166,7,9,0,0,0,0,0,0,0,0,17,3,0,7,2,0,0,0,0,3,316,712,
22,QUERETARO,003,Queretaro ,0545,09,C,00,NO URBANA,53,5,0,16,25,169,4,8,0,0,0,0,0,0,0,0,11,4,0,1,5,0,0,0,0,4,305,712,
22,QUERETARO,003,Queretaro ,0545,10,C,00,NO URBANA,51,5,5,23,18,162,4,12,0,0,0,0,0,0,0,0,6,1,0,1,3,1,0,0,0,5,297,712,
22,QUERETARO,003,Queretaro ,0545,11,C,00,NO URBANA,59,6,0,20,17,167,3,10,0,0,0,0,0,0,0,0,12,1,0,0,6,2,0,0,0,5,308,712,
22,QUERETARO,003,Queretaro ,0545,12,C,00,NO URBANA,64,9,0,19,17,166,6,3,0,0,0,0,0,0,0,0,14,3,0,1,5,0,0,0,2,3,312,712,
22,QUERETARO,003,Queretaro ,0545,01,E,00,NO URBANA,48,18,3,7,22,126,11,2,0,0,0,0,0,0,0,0,11,1,0,1,5,1,0,0,0,16,272,553,
22,QUERETARO,003,Queretaro ,0545,01,E,00,NO URBANA,50,20,3,13,17,131,4,8,0,0,0,0,0,0,0,0,35,9,0,1,3,7,0,0,0,6,307,553,
22,QUERETARO,003,Queretaro ,0545,01,E,00,NO URBANA,44,18,0,6,20,111,8,6,0,0,0,0,0,0,0,0,10,8,0,4,7,3,0,0,0,6,251,552,
22,QUERETARO,003,Queretaro ,0546,01,B,00,NO URBANA,54,22,2,11,19,142,10,2,0,0,0,0,0,0,0,0,19,3,0,1,2,0,0,0,0,15,302,603,
22,QUERETARO,003,Queretaro ,0546,01,C,00,NO URBANA,43,13,0,5,16,157,3,2,0,0,0,0,0,0,0,0,20,8,0,1,2,2,1,0,0,9,282,603,
22,QUERETARO,003,Queretaro ,0546,02,C,00,NO URBANA,48,15,0,5,20,165,9,5,0,0,0,0,0,0,0,0,10,6,0,0,24,0,0,0,0,13,320,603,
22,QUERETARO,003,Queretaro ,0546,03,C,00,NO URBANA,77,14,0,13,23,159,5,6,0,0,0,0,0,0,0,0,8,5,1,2,6,0,1,0,1,16,337,603,
22,QUERETARO,003,Queretaro ,0546,04,C,00,NO URBANA,72,22,2,13,20,154,7,4,0,0,0,0,0,0,0,0,16,8,2,1,4,1,0,0,0,16,342,603,
22,QUERETARO,003,Queretaro ,0547,01,B,00,NO URBANA,46,10,3,15,24,174,7,7,0,0,0,0,0,0,0,0,16,9,1,1,2,2,0,0,0,8,325,647,
22,QUERETARO,003,Queretaro ,0547,01,C,00,NO URBANA,56,8,4,9,23,148,13,2,0,0,0,0,0,0,0,0,16,6,3,0,4,1,0,0,0,6,299,647,
22,QUERETARO,003,Queretaro ,0547,02,C,00,NO URBANA,64,16,1,6,21,164,6,12,0,0,0,0,0,0,0,0,12,3,2,1,2,0,0,0,0,12,322,646,
22,QUERETARO,003,Queretaro ,0547,03,C,00,NO URBANA,76,15,2,14,25,136,7,2,0,0,0,0,0,0,0,0,4,6,1,4,3,4,2,0,0,6,307,646,
22,QUERETARO,003,Queretaro ,0548,01,B,00,NO URBANA,229,19,3,23,20,163,8,5,0,0,0,0,0,0,0,0,6,1,0,0,13,2,1,0,1,5,499,735,
22,QUERETARO,003,Queretaro ,0548,01,C,00,NO URBANA,256,21,4,18,18,108,4,5,0,0,0,0,0,0,0,0,10,0,1,0,11,1,0,0,1,10,468,734,
22,QUERETARO,003,Queretaro ,0548,02,C,00,NO URBANA,200,15,6,20,20,141,6,13,0,0,0,0,0,0,0,0,16,0,0,0,11,0,0,0,0,9,457,734,
22,QUERETARO,003,Queretaro ,0548,03,C,00,NO URBANA,224,10,3,3,18,123,6,11,0,0,0,0,0,0,0,0,11,2,1,2,13,4,2,0,0,11,444,734,
22,QUERETARO,003,Queretaro ,0548,04,C,00,NO URBANA,207,22,3,23,27,120,9,5,0,0,0,0,0,0,0,0,6,3,1,3,14,0,0,0,0,11,454,734,
22,QUERETARO,003,Queretaro ,0548,05,C,00,NO URBANA,179,12,5,19,24,150,11,8,0,0,0,0,0,0,0,0,12,4,1,3,15,2,1,0,0,9,455,734,
22,QUERETARO,003,Queretaro ,0548,06,C,00,NO URBANA,233,24,3,23,13,124,8,13,0,0,0,0,0,0,0,0,5,1,0,0,11,3,0,0,0,9,470,734,
22,QUERETARO,003,Queretaro ,0741,01,B,00,URBANA,83,15,3,21,16,164,7,10,0,0,0,0,0,0,0,0,8,2,0,2,7,3,0,0,0,14,355,618,
22,QUERETARO,003,Queretaro ,0741,01,C,00,URBANA,98,19,1,16,19,174,9,9,0,0,0,0,0,0,0,0,13,5,1,1,4,0,0,0,0,7,376,618,
22,QUERETARO,003,Queretaro ,0742,01,B,00,URBANA,92,10,2,23,17,184,13,7,0,0,0,0,0,0,0,0,12,4,0,1,6,1,0,1,0,12,385,625,
22,QUERETARO,003,Queretaro ,0742,01,C,00,URBANA,84,20,4,25,19,166,7,11,0,0,0,0,0,0,0,0,12,2,0,0,14,1,0,0,1,14,380,625,
22,QUERETARO,003,Queretaro ,0745,01,B,00,URBANA,113,8,8,16,16,184,9,9,0,0,0,0,0,0,0,0,18,2,1,0,4,0,0,0,0,14,402,600,
22,QUERETARO,003,Queretaro ,0745,01,C,00,URBANA,113,5,1,12,15,181,8,11,0,0,0,0,0,0,0,0,16,2,0,1,8,0,1,0,1,9,384,599,
22,QUERETARO,003,Queretaro ,0746,01,B,00,URBANA,45,5,1,15,18,111,7,9,0,0,0,0,0,0,0,0,10,4,0,2,7,1,1,0,0,3,239,389,
22,QUERETARO,003,Queretaro ,0747,01,B,00,URBANA,94,15,0,29,15,188,11,8,0,0,0,0,0,0,0,0,14,4,4,1,9,2,0,0,0,8,402,665,
22,QUERETARO,003,Queretaro ,0747,01,C,00,URBANA,110,16,3,20,24,185,7,12,0,0,0,0,0,0,0,0,17,7,0,1,10,3,0,0,1,6,422,665,
22,QUERETARO,003,Queretaro ,0748,01,B,00,URBANA,78,4,1,14,18,124,14,7,0,0,0,0,0,0,0,0,15,1,0,2,3,0,0,0,1,6,288,483,
22,QUERETARO,003,Queretaro ,0749,01,B,00,URBANA,95,11,2,21,23,239,12,7,0,0,0,0,0,0,0,0,15,2,1,4,5,4,0,0,0,13,454,732,
22,QUERETARO,003,Queretaro ,0750,01,B,00,URBANA,120,9,0,24,17,141,3,13,0,0,0,0,0,0,0,0,11,1,0,1,9,2,0,0,0,14,365,606,
22,QUERETARO,003,Queretaro ,0750,01,C,00,URBANA,121,11,2,16,24,143,15,6,0,0,0,0,0,0,0,0,11,0,1,3,4,1,0,0,1,6,365,605,
22,QUERETARO,003,Queretaro ,0751,01,B,00,URBANA,126,9,5,24,9,144,6,15,0,0,0,0,0,0,0,0,13,4,0,2,5,1,0,0,0,11,374,607,
22,QUERETARO,003,Queretaro ,0751,01,C,00,URBANA,118,26,4,45,24,155,10,0,0,0,0,0,0,0,0,0,11,0,0,0,0,0,0,0,0,3,396,607,
22,QUERETARO,003,Queretaro ,0751,02,C,00,URBANA,100,15,0,27,22,135,8,17,0,0,0,0,0,0,0,0,17,1,1,0,6,0,0,0,1,9,359,607,
22,QUERETARO,003,Queretaro ,0751,03,C,00,URBANA,135,5,3,32,20,139,9,8,0,0,0,0,0,0,0,0,17,2,2,0,7,3,0,0,2,3,387,606,
22,QUERETARO,003,Queretaro ,0752,01,B,00,URBANA,94,10,0,21,22,140,5,7,0,0,0,0,0,0,0,0,7,0,0,0,8,1,0,0,0,10,325,519,
22,QUERETARO,003,Queretaro ,0752,01,C,00,URBANA,92,11,1,17,16,127,7,8,0,0,0,0,0,0,0,0,11,1,1,1,6,1,0,0,0,7,307,519,
22,QUERETARO,003,Queretaro ,0752,02,C,00,URBANA,95,17,3,23,8,118,6,10,0,0,0,0,0,0,0,0,11,5,2,2,6,1,0,0,0,10,317,519,
22,QUERETARO,003,Queretaro ,0753,01,B,00,URBANA,113,10,1,31,25,169,13,13,0,0,0,0,0,0,0,0,12,1,0,0,5,1,0,0,0,12,406,686,
22,QUERETARO,003,Queretaro ,0753,01,C,00,URBANA,114,13,4,21,21,162,7,12,0,0,0,0,0,0,0,0,10,3,1,2,8,2,1,0,0,11,392,686,
22,QUERETARO,003,Queretaro ,0753,02,C,00,URBANA,139,7,3,21,20,172,24,9,0,0,0,0,0,0,0,0,13,4,0,1,4,2,0,0,1,7,427,686,
22,QUERETARO,003,Queretaro ,0753,03,C,00,URBANA,135,12,2,20,19,152,8,6,0,0,0,0,0,0,0,0,14,1,0,0,6,2,0,0,0,7,384,686,
22,QUERETARO,003,Queretaro ,0753,04,C,00,URBANA,115,15,2,22,10,161,7,17,0,0,0,0,0,0,0,0,0,0,0,0,0,0,0,0,0,10,359,686,
22,QUERETARO,003,Queretaro ,0753,05,C,00,URBANA,106,8,0,22,22,159,14,18,0,0,0,0,0,0,0,0,8,3,1,0,11,1,1,0,1,6,381,686,
22,QUERETARO,003,Queretaro ,0753,06,C,00,URBANA,129,14,1,17,20,179,11,11,0,0,0,0,0,0,0,0,18,0,1,0,7,4,0,0,0,5,417,686,
22,QUERETARO,003,Queretaro ,0753,07,C,00,URBANA,126,9,6,16,21,162,11,13,0,0,0,0,0,0,0,0,7,3,0,2,8,2,0,0,0,8,394,686,
22,QUERETARO,003,Queretaro ,0753,08,C,00,URBANA,126,5,1,18,21,158,14,11,0,0,0,0,0,0,0,0,11,7,0,2,16,2,0,0,1,11,404,686,
22,QUERETARO,003,Queretaro ,0753,09,C,00,URBANA,119,15,3,21,24,167,5,10,0,0,0,0,0,0,0,0,12,0,0,7,1,0,0,0,1,11,396,686,
22,QUERETARO,003,Queretaro ,0754,01,B,00,URBANA,130,12,4,22,17,141,14,5,0,0,0,0,0,0,0,0,8,0,0,1,8,2,0,0,0,11,375,724,
22,QUERETARO,003,Queretaro ,0754,01,C,00,URBANA,143,13,4,12,19,127,10,12,0,0,0,0,0,0,0,0,16,0,0,2,10,2,1,0,1,8,380,724,
22,QUERETARO,003,Queretaro ,0754,02,C,00,URBANA,144,9,2,14,14,146,5,15,0,0,0,0,0,0,0,0,11,0,0,0,13,1,0,0,0,4,378,724,
22,QUERETARO,003,Queretaro ,0754,03,C,00,URBANA,141,7,2,13,15,139,7,13,0,0,0,0,0,0,0,0,10,0,0,1,12,0,0,0,0,7,367,724,
22,QUERETARO,003,Queretaro ,0754,04,C,00,URBANA,120,10,0,21,16,172,8,15,0,0,0,0,0,0,0,0,10,0,0,0,11,0,0,0,0,7,390,724,
22,QUERETARO,003,Queretaro ,0754,05,C,00,URBANA,108,15,5,24,15,158,7,10,0,0,0,0,0,0,0,0,18,5,1,0,10,0,0,0,0,4,380,724,
22,QUERETARO,003,Queretaro ,0754,06,C,00,URBANA,120,10,3,17,21,142,4,9,0,0,0,0,0,0,0,0,11,4,1,0,10,1,0,0,0,9,362,724,
22,QUERETARO,003,Queretaro ,0754,07,C,00,URBANA,133,8,6,28,15,134,8,7,0,0,0,0,0,0,0,0,9,3,0,2,6,2,0,0,0,5,366,724,
22,QUERETARO,003,Queretaro ,0754,08,C,00,URBANA,151,10,1,21,14,128,4,6,0,0,0,0,0,0,0,0,14,1,0,2,12,3,1,0,0,7,375,724,
22,QUERETARO,003,Queretaro ,0754,09,C,00,URBANA,138,15,2,24,18,136,8,12,0,0,0,0,0,0,0,0,10,3,0,0,7,1,0,0,0,5,379,724,
22,QUERETARO,003,Queretaro ,0754,10,C,00,URBANA,121,12,6,23,15,154,9,8,0,0,0,0,0,0,0,0,11,3,0,0,6,1,0,0,0,9,378,724,
22,QUERETARO,003,Queretaro ,0754,11,C,00,URBANA,125,15,2,24,12,146,7,15,0,0,0,0,0,0,0,0,13,3,0,1,6,3,0,0,0,11,383,724,
22,QUERETARO,003,Queretaro ,0754,12,C,00,URBANA,141,9,2,21,13,158,7,7,0,0,0,0,0,0,0,0,10,2,0,1,10,1,2,0,1,5,390,724,
22,QUERETARO,003,Queretaro ,0754,13,C,00,URBANA,137,10,3,29,15,148,4,11,0,0,0,0,0,0,0,0,7,3,0,2,4,1,0,0,0,6,380,724,
22,QUERETARO,003,Queretaro ,0754,14,C,00,URBANA,124,11,1,21,23,150,9,8,0,0,0,0,0,0,0,0,11,0,0,1,3,1,0,0,0,5,368,724,
22,QUERETARO,003,Queretaro ,0754,15,C,00,URBANA,125,13,4,31,13,154,6,10,0,0,0,0,0,0,0,0,12,1,1,2,5,4,0,0,0,7,388,723,
22,QUERETARO,003,Queretaro ,0754,16,C,00,URBANA,138,9,3,32,13,132,5,13,0,0,0,0,0,0,0,0,15,1,0,2,7,4,0,0,0,8,382,723,
22,QUERETARO,003,Queretaro ,0754,17,C,00,URBANA,142,15,3,15,16,140,12,13,0,0,0,0,0,0,0,0,12,0,0,2,8,0,1,0,0,8,387,723,
22,QUERETARO,003,Queretaro ,0754,18,C,00,URBANA,147,9,2,18,15,131,8,16,0,0,0,0,0,0,0,0,11,4,0,0,11,20,0,0,0,9,401,723,
22,QUERETARO,003,Queretaro ,0754,19,C,00,URBANA,125,15,1,18,12,152,12,20,0,0,0,0,0,0,0,0,8,0,1,0,4,1,1,0,1,8,379,723,
22,QUERETARO,003,Queretaro ,0754,20,C,00,URBANA,139,11,2,16,34,136,10,9,0,0,0,0,0,0,0,0,11,1,1,0,8,0,0,0,0,6,384,723,
22,QUERETARO,003,Queretaro ,0754,21,C,00,URBANA,122,7,3,17,20,137,12,7,0,0,0,0,0,0,0,0,10,3,0,3,17,1,0,0,2,6,367,723,
22,QUERETARO,003,Queretaro ,0754,22,C,00,URBANA,129,14,2,22,15,145,8,5,0,0,0,0,0,0,0,0,14,4,0,2,6,1,0,0,1,7,375,723,
22,QUERETARO,003,Queretaro ,0754,23,C,00,URBANA,148,6,3,22,22,144,7,12,0,0,0,0,0,0,0,0,17,4,0,0,13,0,0,0,0,5,403,723,
22,QUERETARO,003,Queretaro ,0754,24,C,00,URBANA,131,7,1,28,18,149,12,17,0,0,0,0,0,0,0,0,14,2,0,0,9,1,0,0,0,13,402,723,
22,QUERETARO,003,Queretaro ,0754,25,C,00,URBANA,136,12,2,22,16,154,2,12,0,0,0,0,0,0,0,0,15,0,0,0,10,2,0,0,1,13,397,723,
22,QUERETARO,003,Queretaro ,0757,01,B,00,URBANA,90,11,3,17,27,140,7,9,0,0,0,0,0,0,0,0,20,4,1,2,9,4,0,0,0,10,354,665,
22,QUERETARO,003,Queretaro ,0758,01,B,00,URBANA,52,5,2,27,16,169,11,1,0,0,0,0,0,0,0,0,22,3,3,1,6,1,0,0,0,7,326,662,
22,QUERETARO,003,Queretaro ,0758,01,C,00,URBANA,52,7,0,19,16,156,5,6,0,0,0,0,0,0,0,0,12,6,1,1,4,1,0,0,0,10,296,662,
22,QUERETARO,003,Queretaro ,0758,02,C,00,URBANA,57,10,1,10,13,164,15,6,0,0,0,0,0,0,0,0,18,3,1,5,4,2,0,0,0,18,327,661,
22,QUERETARO,003,Queretaro ,0759,01,B,00,URBANA,140,12,0,27,8,168,5,11,0,0,0,0,0,0,0,0,30,0,0,0,5,0,0,0,0,17,423,735,
22,QUERETARO,003,Queretaro ,0759,01,C,00,URBANA,138,14,2,21,21,162,17,12,0,0,0,0,0,0,0,0,20,0,0,0,14,0,0,0,0,4,425,735,
22,QUERETARO,003,Queretaro ,0759,02,C,00,URBANA,140,19,3,22,25,163,7,10,0,0,0,0,0,0,0,0,18,5,1,0,9,2,0,0,0,9,433,734,
22,QUERETARO,003,Queretaro ,0759,03,C,00,URBANA,124,10,1,26,24,170,13,16,0,0,0,0,0,0,0,0,15,1,0,0,5,1,0,0,0,0,406,734,
22,QUERETARO,003,Queretaro ,0759,04,C,00,URBANA,132,9,1,27,23,187,11,8,0,0,0,0,0,0,0,0,11,4,0,1,12,1,1,0,1,14,443,734,
22,QUERETARO,003,Queretaro ,0856,01,B,00,URBANA,74,17,2,27,13,167,5,11,0,0,0,0,0,0,0,0,13,4,1,4,8,1,0,0,0,8,355,640,
22,QUERETARO,003,Queretaro ,0856,01,C,00,URBANA,74,7,1,28,15,181,13,14,0,0,0,0,0,0,0,0,12,1,1,1,6,0,0,0,0,6,360,640,
22,QUERETARO,003,Queretaro ,0856,02,C,00,URBANA,99,4,5,23,15,186,11,5,0,0,0,0,0,0,0,0,10,1,0,1,7,0,0,0,1,7,375,640,
22,QUERETARO,003,Queretaro ,0857,01,B,00,URBANA,97,12,4,24,9,175,10,9,0,0,0,0,0,0,0,0,13,4,1,1,9,0,1,0,0,9,378,633,
22,QUERETARO,003,Queretaro ,0857,01,C,00,URBANA,85,5,2,17,21,177,7,12,0,0,0,0,0,0,0,0,8,4,0,0,6,1,0,0,2,9,356,633,
22,QUERETARO,003,Queretaro ,0857,02,C,00,URBANA,85,16,0,20,12,180,15,11,0,0,0,0,0,0,0,0,12,4,0,2,4,0,0,0,0,10,371,632,
22,QUERETARO,003,Queretaro ,0857,03,C,00,URBANA,90,12,2,34,18,159,6,6,0,0,0,0,0,0,0,0,19,3,0,0,6,1,0,0,1,7,364,632,
22,QUERETARO,003,Queretaro ,0858,01,B,00,URBANA,104,6,2,23,14,129,7,9,0,0,0,0,0,0,0,0,7,2,1,1,9,1,0,0,0,7,322,557,
22,QUERETARO,003,Queretaro ,0858,01,C,00,URBANA,73,7,2,26,24,151,13,15,0,0,0,0,0,0,0,0,14,2,0,1,4,0,1,0,0,11,344,557,
22,QUERETARO,003,Queretaro ,0858,02,C,00,URBANA,86,10,2,24,16,151,6,4,0,0,0,0,0,0,0,0,11,1,0,0,16,1,0,0,0,6,334,557,
22,QUERETARO,003,Queretaro ,0859,01,B,00,URBANA,79,10,6,16,16,148,3,7,0,0,0,0,0,0,0,0,0,0,0,10,7,0,0,0,0,5,307,576,
22,QUERETARO,003,Queretaro ,0859,01,C,00,URBANA,67,8,3,21,17,155,8,8,0,0,0,0,0,0,0,0,12,2,1,1,5,0,0,0,0,12,320,575,
22,QUERETARO,003,Queretaro ,0859,02,C,00,URBANA,81,6,3,15,19,169,11,3,0,0,0,0,0,0,0,0,9,0,0,0,5,2,0,0,0,7,330,575,
22,QUERETARO,003,Queretaro ,0859,03,C,00,URBANA,73,9,0,13,17,173,3,4,0,0,0,0,0,0,0,0,17,1,0,2,6,1,2,0,0,3,324,575,
22,QUERETARO,003,Queretaro ,0860,01,B,00,URBANA,86,6,7,16,26,238,13,6,0,0,0,0,0,0,0,0,9,6,0,1,6,1,0,0,1,10,432,739,
22,QUERETARO,003,Queretaro ,0860,01,C,00,URBANA,79,13,1,24,30,197,9,11,0,0,0,0,0,0,0,0,21,2,0,1,8,0,0,1,0,9,406,739,
22,QUERETARO,003,Queretaro ,0860,02,C,00,URBANA,72,12,5,23,15,193,7,11,0,0,0,0,0,0,0,0,16,2,0,1,8,3,1,0,0,10,379,738,
22,QUERETARO,003,Queretaro ,0861,01,B,00,URBANA,77,3,2,14,18,190,8,10,0,0,0,0,0,0,0,0,9,2,1,3,5,1,0,0,0,9,352,639,
22,QUERETARO,003,Queretaro ,0861,01,C,00,URBANA,81,11,1,21,19,175,6,5,0,0,0,0,0,0,0,0,11,3,0,1,1,2,0,0,0,13,350,638,
22,QUERETARO,003,Queretaro ,0861,02,C,00,URBANA,87,6,2,11,17,166,2,4,0,0,0,0,0,0,0,0,19,1,0,0,9,0,0,0,0,5,329,638,
22,QUERETARO,003,Queretaro ,0891,01,B,00,URBANA,356,16,6,6,5,42,6,5,0,0,0,0,0,0,0,0,4,1,0,0,8,3,1,0,0,0,459,617,
22,QUERETARO,003,Queretaro ,0891,01,C,00,URBANA,351,17,3,9,8,42,3,3,0,0,0,0,0,0,0,0,5,1,0,1,9,2,0,0,0,2,456,616,
22,QUERETARO,003,Queretaro ,0891,02,C,00,URBANA,371,13,6,7,9,34,3,4,0,0,0,0,0,0,0,0,1,1,0,1,12,1,0,0,0,7,470,616,
22,QUERETARO,004,Queretaro ,0416,01,A,00,URBANA,0,2,0,0,0,1,0,0,0,0,0,0,0,0,0,0,0,0,0,0,0,0,0,0,0,0,3,3,
22,QUERETARO,004,Queretaro ,0275,01,B,00,URBANA,76,20,3,20,17,157,9,8,0,0,0,0,0,0,0,0,13,4,0,2,0,0,1,0,0,16,346,695,
22,QUERETARO,004,Queretaro ,0275,01,C,00,URBANA,80,28,1,21,26,177,9,3,0,0,0,0,0,0,0,0,21,7,0,4,0,0,0,0,0,16,393,694,
22,QUERETARO,004,Queretaro ,0275,02,C,00,URBANA,90,36,2,19,18,168,7,7,0,0,0,0,0,0,0,0,18,4,0,3,0,0,2,0,0,16,390,694,
22,QUERETARO,004,Queretaro ,0277,01,B,00,URBANA,149,29,3,18,19,162,12,12,0,0,0,0,0,0,0,0,12,2,1,1,0,0,3,0,0,19,442,750,
22,QUERETARO,004,Queretaro ,0277,01,C,00,URBANA,153,38,2,26,13,182,5,6,0,0,0,0,0,0,0,0,14,4,0,3,0,0,2,0,0,13,461,750,
22,QUERETARO,004,Queretaro ,0277,02,C,00,URBANA,144,36,3,30,17,152,20,9,0,0,0,0,0,0,0,0,13,0,0,1,0,0,6,0,1,11,443,750,
22,QUERETARO,004,Queretaro ,0277,03,C,00,URBANA,128,34,2,20,20,186,12,8,0,0,0,0,0,0,0,0,26,4,0,2,0,0,2,0,0,20,464,750,
22,QUERETARO,004,Queretaro ,0277,04,C,00,URBANA,127,24,5,27,12,187,12,7,0,0,0,0,0,0,0,0,9,0,0,0,0,0,2,0,0,18,430,750,
22,QUERETARO,004,Queretaro ,0277,05,C,00,URBANA,161,27,8,16,26,181,16,6,0,0,0,0,0,0,0,0,14,3,1,1,0,0,2,0,0,13,475,750,
22,QUERETARO,004,Queretaro ,0277,06,C,00,URBANA,139,23,4,25,27,180,15,18,0,0,0,0,0,0,0,0,13,1,1,1,0,0,1,0,1,12,461,750,
22,QUERETARO,004,Queretaro ,0277,07,C,00,URBANA,155,20,7,21,18,184,15,12,0,0,0,0,0,0,0,0,14,5,1,1,0,0,5,0,2,18,478,750,
22,QUERETARO,004,Queretaro ,0277,08,C,00,URBANA,126,32,3,24,19,179,18,10,0,0,0,0,0,0,0,0,17,0,1,3,0,0,4,0,0,22,458,749,
22,QUERETARO,004,Queretaro ,0285,01,B,00,URBANA,56,16,3,15,24,131,11,2,0,0,0,0,0,0,0,0,7,1,3,0,0,0,3,0,0,8,280,573,
22,QUERETARO,004,Queretaro ,0285,01,C,00,URBANA,47,15,1,8,21,121,7,5,0,0,0,0,0,0,0,0,16,1,1,3,0,0,1,0,0,18,265,572,
22,QUERETARO,004,Queretaro ,0285,02,C,00,URBANA,59,14,1,9,13,156,12,2,0,0,0,0,0,0,0,0,9,5,0,5,0,0,0,0,0,6,291,572,
22,QUERETARO,004,Queretaro ,0286,01,B,00,URBANA,54,16,0,7,14,34,8,1,0,0,0,0,0,0,0,0,20,3,0,2,0,0,1,0,0,5,165,632,
22,QUERETARO,004,Queretaro ,0286,01,C,00,URBANA,54,26,3,10,14,111,7,2,0,0,0,0,0,0,0,0,9,4,0,1,0,0,2,0,0,15,258,632,
22,QUERETARO,004,Queretaro ,0286,02,C,00,URBANA,57,9,1,12,12,126,11,4,0,0,0,0,0,0,0,0,10,1,3,1,0,0,2,0,0,5,254,632,
22,QUERETARO,004,Queretaro ,0286,03,C,00,URBANA,36,17,1,6,11,128,7,3,0,0,0,0,0,0,0,0,6,2,2,3,0,0,1,0,0,14,237,632,
22,QUERETARO,004,Queretaro ,0286,04,C,00,URBANA,43,17,3,8,8,128,11,4,0,0,0,0,0,0,0,0,12,4,0,4,0,0,2,0,0,10,254,631,
22,QUERETARO,004,Queretaro ,0286,05,C,00,URBANA,54,19,1,3,14,115,5,4,0,0,0,0,0,0,0,0,13,4,1,2,0,0,4,0,0,8,247,631,
22,QUERETARO,004,Queretaro ,0287,01,B,00,URBANA,48,9,1,15,16,152,4,2,0,0,0,0,0,0,0,0,7,7,0,1,0,0,0,0,0,11,273,507,
22,QUERETARO,004,Queretaro ,0287,01,C,00,URBANA,55,18,1,13,14,144,11,4,0,0,0,0,0,0,0,0,10,4,2,1,0,0,0,0,0,6,283,507,
22,QUERETARO,004,Queretaro ,0287,02,C,00,URBANA,66,22,2,8,15,156,8,4,0,0,0,0,0,0,0,0,9,2,1,2,0,0,0,0,1,11,307,506,
22,QUERETARO,004,Queretaro ,0288,01,B,00,URBANA,118,25,3,21,14,170,12,6,0,0,0,0,0,0,0,0,13,7,0,2,0,0,2,0,0,13,406,624,
22,QUERETARO,004,Queretaro ,0288,01,C,00,URBANA,100,20,1,18,21,157,10,8,0,0,0,0,0,0,0,0,13,4,3,0,0,0,3,0,0,13,371,624,
22,QUERETARO,004,Queretaro ,0288,02,C,00,URBANA,101,14,8,9,19,177,6,4,0,0,0,0,0,0,0,0,10,6,2,2,0,0,3,0,0,16,377,624,
22,QUERETARO,004,Queretaro ,0288,03,C,00,URBANA,119,31,2,22,24,151,6,8,0,0,0,0,0,0,0,0,16,6,1,3,0,0,3,0,0,8,400,624,
22,QUERETARO,004,Queretaro ,0288,04,C,00,URBANA,85,20,3,17,17,160,3,6,0,0,0,0,0,0,0,0,11,5,0,4,0,0,0,0,0,7,338,624,
22,QUERETARO,004,Queretaro ,0295,01,B,00,URBANA,60,24,2,13,10,179,11,2,0,0,0,0,0,0,0,0,13,4,0,1,0,0,5,0,0,21,345,738,
22,QUERETARO,004,Queretaro ,0295,01,C,00,URBANA,58,30,6,19,11,162,9,8,0,0,0,0,0,0,0,0,26,3,0,2,0,0,3,0,1,27,365,738,
22,QUERETARO,004,Queretaro ,0295,02,C,00,URBANA,65,23,4,11,22,188,6,9,0,0,0,0,0,0,0,0,10,7,1,3,0,0,3,0,0,19,371,737,
22,QUERETARO,004,Queretaro ,0295,03,C,00,URBANA,50,22,2,14,15,178,9,3,0,0,0,0,0,0,0,0,16,4,2,2,0,0,3,0,0,20,340,737,
22,QUERETARO,004,Queretaro ,0295,04,C,00,URBANA,75,25,3,12,23,169,8,8,0,0,0,0,0,0,0,0,14,8,1,4,0,0,3,0,0,16,369,737,
22,QUERETARO,004,Queretaro ,0296,01,B,00,URBANA,73,23,3,11,17,123,10,2,0,0,0,0,0,0,0,0,12,1,1,1,0,0,2,0,0,9,288,512,
22,QUERETARO,004,Queretaro ,0296,01,C,00,URBANA,74,14,1,7,15,140,11,6,0,0,0,0,0,0,0,0,8,2,1,0,0,0,1,0,0,8,288,512,
22,QUERETARO,004,Queretaro ,0296,02,C,00,URBANA,63,17,4,13,11,143,7,5,0,0,0,0,0,0,0,0,20,3,1,2,0,0,0,0,0,13,302,511,
22,QUERETARO,004,Queretaro ,0303,01,B,00,URBANA,150,32,5,20,15,158,5,7,0,0,0,0,0,0,0,0,14,3,1,2,0,0,3,0,0,15,430,704,
22,QUERETARO,004,Queretaro ,0303,01,C,00,URBANA,162,35,5,14,14,134,10,9,0,0,0,0,0,0,0,0,11,1,2,0,0,0,7,0,0,14,418,704,
22,QUERETARO,004,Queretaro ,0303,02,C,00,URBANA,126,32,2,0,15,137,3,8,0,0,0,0,0,0,0,0,17,3,3,0,0,0,3,0,0,22,371,704,
22,QUERETARO,004,Queretaro ,0303,03,C,00,URBANA,133,21,2,21,22,169,11,6,0,0,0,0,0,0,0,0,17,4,0,3,0,0,5,0,0,20,434,704,
22,QUERETARO,004,Queretaro ,0303,04,C,00,URBANA,139,25,5,22,23,164,14,11,0,0,0,0,0,0,0,0,14,2,1,4,0,0,2,0,0,19,445,704,
22,QUERETARO,004,Queretaro ,0303,05,C,00,URBANA,148,28,4,14,12,163,16,8,0,0,0,0,0,0,0,0,14,3,0,0,0,0,6,0,0,18,434,703,
22,QUERETARO,004,Queretaro ,0303,06,C,00,URBANA,119,30,2,20,22,138,4,6,0,0,0,0,0,0,0,0,30,3,2,1,0,0,5,0,0,22,404,703,
22,QUERETARO,004,Queretaro ,0303,07,C,00,URBANA,155,31,3,15,14,155,7,7,0,0,0,0,0,0,0,0,9,2,1,3,0,0,4,0,2,18,426,703,
22,QUERETARO,004,Queretaro ,0304,01,B,00,URBANA,78,18,4,15,26,185,14,3,0,0,0,0,0,0,0,0,12,3,1,4,0,0,1,0,0,12,376,709,
22,QUERETARO,004,Queretaro ,0304,01,C,00,URBANA,72,22,4,16,24,151,9,2,0,0,0,0,0,0,0,0,21,3,3,5,0,0,1,0,0,19,352,709,
22,QUERETARO,004,Queretaro ,0304,02,C,00,URBANA,71,29,2,17,21,175,19,4,0,0,0,0,0,0,0,0,21,3,3,3,0,0,1,0,0,17,386,709,
22,QUERETARO,004,Queretaro ,0304,03,C,00,URBANA,83,16,1,16,24,154,16,3,0,0,0,0,0,0,0,0,18,7,0,2,0,0,1,0,0,18,359,708,
22,QUERETARO,004,Queretaro ,0313,01,B,00,URBANA,348,30,4,8,4,75,5,5,0,0,0,0,0,0,0,0,11,1,0,0,0,0,7,0,0,18,516,685,
22,QUERETARO,004,Queretaro ,0313,01,C,00,URBANA,335,35,5,11,11,75,7,4,0,0,0,0,0,0,0,0,1,0,0,0,0,0,2,0,2,16,504,685,
22,QUERETARO,004,Queretaro ,0313,02,C,00,URBANA,348,31,2,7,7,90,4,7,0,0,0,0,0,0,0,0,8,2,0,0,0,0,5,0,0,8,519,684,
22,QUERETARO,004,Queretaro ,0313,03,C,00,URBANA,374,38,4,12,11,58,5,1,0,0,0,0,0,0,0,0,5,2,0,0,0,0,4,0,1,13,528,684,
22,QUERETARO,004,Queretaro ,0333,01,B,00,URBANA,412,40,4,21,8,57,3,2,0,0,0,0,0,0,0,0,2,0,0,1,0,0,8,0,0,12,570,734,
22,QUERETARO,004,Queretaro ,0333,01,C,00,URBANA,396,51,4,15,10,65,1,3,0,0,0,0,0,0,0,0,4,0,0,0,0,0,5,0,0,11,565,733,
22,QUERETARO,004,Queretaro ,0334,01,B,00,URBANA,264,31,3,5,8,67,11,0,0,0,0,0,0,0,0,0,1,0,0,1,0,0,8,0,0,10,409,556,
22,QUERETARO,004,Queretaro ,0334,01,C,00,URBANA,290,24,7,12,1,68,4,1,0,0,0,0,0,0,0,0,8,2,1,0,0,0,4,0,0,9,431,556,
22,QUERETARO,004,Queretaro ,0334,02,C,00,URBANA,267,34,4,10,6,68,4,3,0,0,0,0,0,0,0,0,3,1,0,0,0,0,2,0,0,10,412,555,
22,QUERETARO,004,Queretaro ,0335,01,B,00,URBANA,101,17,3,17,26,132,6,3,0,0,0,0,0,0,0,0,16,6,1,3,0,0,2,0,0,13,346,639,
22,QUERETARO,004,Queretaro ,0335,01,C,00,URBANA,100,27,2,18,24,129,4,6,0,0,0,0,0,0,0,0,10,4,2,0,0,0,0,0,0,7,333,638,
22,QUERETARO,004,Queretaro ,0336,01,B,00,URBANA,97,25,0,16,19,145,18,8,0,0,0,0,0,0,0,0,19,6,2,2,0,0,2,0,1,21,381,724,
22,QUERETARO,004,Queretaro ,0336,01,C,00,URBANA,83,21,2,13,20,156,13,6,0,0,0,0,0,0,0,0,12,5,0,4,0,0,2,0,0,12,349,724,
22,QUERETARO,004,Queretaro ,0336,02,C,00,URBANA,84,21,5,16,16,163,11,2,0,0,0,0,0,0,0,0,15,3,3,4,0,0,3,0,0,22,368,724,
22,QUERETARO,004,Queretaro ,0337,01,B,00,URBANA,197,23,2,11,0,91,5,4,0,0,0,0,0,0,0,0,9,0,0,0,0,0,2,0,0,10,354,523,
22,QUERETARO,004,Queretaro ,0337,01,C,00,URBANA,185,19,3,17,10,74,8,0,0,0,0,0,0,0,0,0,5,3,0,1,0,0,4,0,0,11,340,523,
22,QUERETARO,004,Queretaro ,0337,02,C,00,URBANA,190,28,2,12,6,70,5,6,0,0,0,0,0,0,0,0,11,2,0,2,0,0,3,0,0,9,346,522,
22,QUERETARO,004,Queretaro ,0351,01,B,00,URBANA,323,26,6,4,3,33,4,1,0,0,0,0,0,0,0,0,4,0,0,1,0,0,4,0,2,10,421,513,
22,QUERETARO,004,Queretaro ,0351,01,C,00,URBANA,285,52,6,5,2,42,3,3,0,0,0,0,0,0,0,0,6,0,0,0,0,0,4,0,1,9,418,513,
22,QUERETARO,004,Queretaro ,0352,01,B,00,URBANA,243,37,6,11,7,89,6,5,0,0,0,0,0,0,0,0,7,2,0,2,0,0,6,0,1,16,438,703,
22,QUERETARO,004,Queretaro ,0352,01,C,00,URBANA,293,22,6,12,11,79,8,5,0,0,0,0,0,0,0,0,1,1,0,1,0,0,5,0,0,18,462,702,
22,QUERETARO,004,Queretaro ,0353,01,B,00,URBANA,389,42,4,11,9,77,4,3,0,0,0,0,0,0,0,0,4,0,0,0,0,0,2,0,0,3,548,722,
22,QUERETARO,004,Queretaro ,0353,01,C,00,URBANA,406,32,7,13,7,83,4,4,0,0,0,0,0,0,0,0,3,1,0,1,0,0,3,0,0,12,576,722,
22,QUERETARO,004,Queretaro ,0353,02,C,00,URBANA,400,25,2,11,4,69,4,3,0,0,0,0,0,0,0,0,4,0,4,2,0,0,5,0,0,9,542,722,
22,QUERETARO,004,Queretaro ,0353,03,C,00,URBANA,406,32,2,13,6,85,7,2,0,0,0,0,0,0,0,0,4,3,0,1,0,0,4,0,0,9,574,722,
22,QUERETARO,004,Queretaro ,0353,04,C,00,URBANA,383,46,3,12,9,88,6,7,0,0,0,0,0,0,0,0,7,0,0,2,0,0,7,0,0,9,579,722,
22,QUERETARO,004,Queretaro ,0353,05,C,00,URBANA,381,37,3,23,5,83,5,1,0,0,0,0,0,0,0,0,1,1,0,1,0,0,2,0,0,9,552,722,
22,QUERETARO,004,Queretaro ,0353,06,C,00,URBANA,396,37,10,14,3,72,4,2,0,0,0,0,0,0,0,0,7,1,0,3,0,0,4,0,0,11,564,721,
22,QUERETARO,004,Queretaro ,0353,07,C,00,URBANA,391,42,1,17,9,47,5,2,0,0,0,0,0,0,0,0,5,1,0,4,0,0,3,0,0,16,543,721,
22,QUERETARO,004,Queretaro ,0353,08,C,00,URBANA,395,38,6,10,9,83,6,6,0,0,0,0,0,0,0,0,7,0,0,1,0,0,3,0,0,15,579,721,
22,QUERETARO,004,Queretaro ,0353,09,C,00,URBANA,424,35,5,9,5,55,4,3,0,0,0,0,0,0,0,0,5,0,0,0,0,0,4,0,0,9,558,721,
22,QUERETARO,004,Queretaro ,0372,01,B,00,URBANA,192,36,2,16,14,161,8,10,0,0,0,0,0,0,0,0,8,2,1,2,0,0,2,0,0,17,471,685,
22,QUERETARO,004,Queretaro ,0372,01,C,00,URBANA,165,35,5,18,17,181,15,9,0,0,0,0,0,0,0,0,15,4,0,2,0,0,2,0,0,16,484,685,
22,QUERETARO,004,Queretaro ,0372,02,C,00,URBANA,143,54,1,13,9,199,13,5,0,0,0,0,0,0,0,0,15,2,1,2,0,0,3,0,0,19,479,685,
22,QUERETARO,004,Queretaro ,0373,01,B,00,URBANA,93,39,3,13,27,166,10,6,0,0,0,0,0,0,0,0,11,7,1,1,0,0,1,0,0,19,397,682,
22,QUERETARO,004,Queretaro ,0373,01,C,00,URBANA,77,15,1,10,26,195,13,2,0,0,0,0,0,0,0,0,19,2,1,1,0,0,1,0,0,20,383,681,
22,QUERETARO,004,Queretaro ,0373,02,C,00,URBANA,104,30,1,7,27,194,13,10,0,0,0,0,0,0,0,0,18,4,0,1,0,0,1,0,0,17,427,681,
22,QUERETARO,004,Queretaro ,0550,01,B,00,NO URBANA,380,45,2,6,4,72,5,1,0,0,0,0,0,0,0,0,10,1,0,1,0,0,2,0,0,11,540,698,
22,QUERETARO,004,Queretaro ,0550,01,C,00,NO URBANA,378,35,10,16,3,63,5,6,0,0,0,0,0,0,0,0,6,1,0,1,0,0,7,0,1,11,543,698,
22,QUERETARO,004,Queretaro ,0550,02,C,00,NO URBANA,397,38,3,15,6,59,2,3,0,0,0,0,0,0,0,0,4,0,0,1,0,0,8,0,0,9,545,698,
22,QUERETARO,004,Queretaro ,0550,03,C,00,NO URBANA,361,37,7,12,7,61,5,5,0,0,0,0,0,0,0,0,7,0,0,2,0,0,6,0,1,10,521,698,
22,QUERETARO,004,Queretaro ,0550,04,C,00,NO URBANA,383,29,6,13,2,64,5,4,0,0,0,0,0,0,0,0,2,0,0,0,0,0,6,0,1,8,523,698,
22,QUERETARO,004,Queretaro ,0550,05,C,00,NO URBANA,359,36,3,26,12,72,7,6,0,0,0,0,0,0,0,0,5,0,1,0,0,0,8,0,0,14,549,698,
22,QUERETARO,004,Queretaro ,0550,06,C,00,NO URBANA,361,44,2,12,10,77,4,3,0,0,0,0,0,0,0,0,5,1,0,2,0,0,6,0,1,14,542,698,
22,QUERETARO,004,Queretaro ,0550,07,C,00,NO URBANA,364,37,5,8,7,59,6,2,0,0,0,0,0,0,0,0,8,1,0,0,0,0,8,0,1,17,523,698,
22,QUERETARO,004,Queretaro ,0550,08,C,00,NO URBANA,366,46,7,21,5,75,2,8,0,0,0,0,0,0,0,0,2,0,0,0,0,0,7,0,0,9,548,697,
22,QUERETARO,004,Queretaro ,0550,09,C,00,NO URBANA,359,42,5,15,6,55,1,2,0,0,0,0,0,0,0,0,5,0,0,0,0,0,8,0,3,20,521,697,
22,QUERETARO,004,Queretaro ,0550,01,E,00,NO URBANA,156,39,2,12,13,74,3,4,0,0,0,0,0,0,0,0,9,1,1,0,0,0,3,0,1,18,336,514,
22,QUERETARO,004,Queretaro ,0550,01,E,00,NO URBANA,160,35,6,13,12,64,10,1,0,0,0,0,0,0,0,0,8,1,1,2,0,0,2,0,0,9,324,514,
22,QUERETARO,004,Queretaro ,0550,01,E,00,NO URBANA,146,28,3,9,12,116,4,2,0,0,0,0,0,0,0,0,6,5,0,1,0,0,1,0,0,12,345,513,
22,QUERETARO,004,Queretaro ,0550,01,S,00,NO URBANA,29,4,3,3,4,16,2,0,0,0,0,0,0,0,0,0,1,0,0,0,0,0,3,0,0,4,69,0,
22,QUERETARO,004,Queretaro ,0550,02,S,00,NO URBANA,10,1,0,0,0,4,1,0,0,0,0,0,0,0,0,0,0,0,0,0,0,0,0,0,0,0,16,0,
22,QUERETARO,004,Queretaro ,0550,01,S,00,NO URBANA,24,4,3,3,4,13,2,0,0,0,0,0,0,0,0,0,0,0,0,0,0,0,0,0,0,7,60,0,
22,QUERETARO,004,Queretaro ,0550,02,S,00,NO URBANA,12,7,0,0,2,26,0,0,0,0,0,0,0,0,0,0,0,0,0,0,0,0,0,0,0,5,52,0,
22,QUERETARO,004,Queretaro ,0697,01,B,00,URBANA,66,14,2,13,20,158,10,12,0,0,0,0,0,0,0,0,16,4,0,2,0,0,0,0,0,20,337,603,
22,QUERETARO,004,Queretaro ,0697,01,C,00,URBANA,78,33,3,25,15,144,5,4,0,0,0,0,0,0,0,0,17,2,0,0,0,0,0,0,0,20,346,602,
22,QUERETARO,004,Queretaro ,0698,01,B,00,URBANA,167,22,4,18,17,160,6,8,0,0,0,0,0,0,0,0,7,3,1,2,0,0,4,0,0,14,433,688,
22,QUERETARO,004,Queretaro ,0698,01,C,00,URBANA,173,27,2,19,20,144,9,7,0,0,0,0,0,0,0,0,11,2,2,2,0,0,1,0,1,18,438,688,
22,QUERETARO,004,Queretaro ,0704,01,B,00,URBANA,127,33,5,16,16,124,8,8,0,0,0,0,0,0,0,0,0,1,0,1,0,0,0,0,0,17,356,585,
22,QUERETARO,004,Queretaro ,0704,01,C,00,URBANA,124,22,5,23,20,146,9,7,0,0,0,0,0,0,0,0,15,1,0,2,0,0,1,0,1,12,388,584,
22,QUERETARO,004,Queretaro ,0705,01,B,00,URBANA,129,30,2,14,7,167,15,4,0,0,0,0,0,0,0,0,8,4,1,4,0,0,3,0,0,11,399,631,
22,QUERETARO,004,Queretaro ,0705,01,C,00,URBANA,117,32,4,27,17,137,8,7,0,0,0,0,0,0,0,0,11,4,2,3,0,0,2,0,0,4,375,630,
22,QUERETARO,004,Queretaro ,0706,01,B,00,URBANA,82,38,2,23,24,143,8,6,0,0,0,0,0,0,0,0,14,2,0,0,0,0,2,0,0,12,356,559,
22,QUERETARO,004,Queretaro ,0706,01,C,00,URBANA,99,18,1,16,15,126,10,7,0,0,0,0,0,0,0,0,9,3,0,1,0,0,1,0,0,16,322,558,
22,QUERETARO,004,Queretaro ,0707,01,B,00,URBANA,51,20,1,11,16,149,9,5,0,0,0,0,0,0,0,0,10,2,2,6,0,0,0,0,0,14,296,580,
22,QUERETARO,004,Queretaro ,0707,01,C,00,URBANA,63,17,3,13,17,139,11,7,0,0,0,0,0,0,0,0,12,0,2,2,0,0,1,0,0,14,301,579,
22,QUERETARO,004,Queretaro ,0708,01,B,00,URBANA,48,15,2,8,20,144,10,5,0,0,0,0,0,0,0,0,8,4,4,4,0,0,0,0,0,12,284,502,
22,QUERETARO,004,Queretaro ,0708,01,C,00,URBANA,45,13,4,8,20,130,9,10,0,0,0,0,0,0,0,0,14,3,0,1,0,0,1,0,0,12,270,502,
22,QUERETARO,004,Queretaro ,0709,01,B,00,URBANA,50,25,2,12,16,137,8,4,0,0,0,0,0,0,0,0,10,3,2,2,0,0,2,0,0,8,281,501,
22,QUERETARO,004,Queretaro ,0709,01,C,00,URBANA,63,22,0,8,12,124,8,3,0,0,0,0,0,0,0,0,14,3,0,0,0,0,2,0,2,13,274,501,
22,QUERETARO,004,Queretaro ,0710,01,B,00,URBANA,52,21,2,15,19,170,5,10,0,0,0,0,0,0,0,0,12,6,1,2,0,0,2,0,1,15,333,655,
22,QUERETARO,004,Queretaro ,0710,01,C,00,URBANA,67,20,4,14,22,176,10,4,0,0,0,0,0,0,0,0,9,3,4,0,0,0,1,0,0,14,348,655,
22,QUERETARO,004,Queretaro ,0711,01,B,00,URBANA,87,29,1,26,17,157,7,6,0,0,0,0,0,0,0,0,14,1,2,2,0,0,3,0,1,13,366,585,
22,QUERETARO,004,Queretaro ,0711,01,C,00,URBANA,101,27,3,15,16,171,9,5,0,0,0,0,0,0,0,0,16,1,0,0,0,0,0,0,0,15,379,585,
22,QUERETARO,004,Queretaro ,0712,01,B,00,URBANA,149,25,5,21,16,177,10,5,0,0,0,0,0,0,0,0,15,6,0,1,0,0,3,0,0,18,451,650,
22,QUERETARO,004,Queretaro ,0712,01,C,00,URBANA,144,17,3,17,7,166,11,7,0,0,0,0,0,0,0,0,13,4,0,2,0,0,3,0,0,11,405,650,
22,QUERETARO,004,Queretaro ,0713,01,B,00,URBANA,174,37,4,14,17,119,6,10,0,0,0,0,0,0,0,0,7,3,0,0,0,0,5,0,0,15,411,644,
22,QUERETARO,004,Queretaro ,0713,01,C,00,URBANA,171,25,7,28,9,140,7,12,0,0,0,0,0,0,0,0,12,2,0,0,0,0,2,0,1,17,433,643,
22,QUERETARO,004,Queretaro ,0714,01,B,00,URBANA,159,23,2,9,7,161,15,11,0,0,0,0,0,0,0,0,10,1,0,3,0,0,3,0,1,19,424,622,
22,QUERETARO,004,Queretaro ,0714,01,C,00,URBANA,147,25,2,16,8,163,10,10,0,0,0,0,0,0,0,0,9,2,0,3,0,0,1,0,0,17,413,622,
22,QUERETARO,004,Queretaro ,0715,01,B,00,URBANA,180,31,1,28,13,165,10,5,0,0,0,0,0,0,0,0,16,2,0,0,0,0,0,0,0,13,464,692,
22,QUERETARO,004,Queretaro ,0715,01,C,00,URBANA,161,42,2,21,14,159,9,11,0,0,0,0,0,0,0,0,16,2,0,0,0,0,2,0,0,18,457,692,
22,QUERETARO,004,Queretaro ,0715,02,C,00,URBANA,160,31,4,26,16,173,6,10,0,0,0,0,0,0,0,0,15,3,0,0,0,0,0,0,0,7,451,692,
22,QUERETARO,004,Queretaro ,0716,01,B,00,URBANA,189,30,4,27,7,162,11,8,0,0,0,0,0,0,0,0,9,1,1,1,0,0,4,0,0,15,469,696,
22,QUERETARO,004,Queretaro ,0716,01,C,00,URBANA,153,42,4,22,12,142,11,7,0,0,0,0,0,0,0,0,18,3,0,2,0,0,1,0,0,13,430,695,
22,QUERETARO,004,Queretaro ,0717,01,B,00,URBANA,118,26,6,26,18,158,10,7,0,0,0,0,0,0,0,0,12,2,0,2,0,0,0,0,0,11,396,612,
22,QUERETARO,004,Queretaro ,0717,01,C,00,URBANA,108,26,2,24,11,154,11,14,0,0,0,0,0,0,0,0,17,5,1,2,0,0,1,0,1,15,392,612,
22,QUERETARO,004,Queretaro ,0718,01,B,00,URBANA,61,21,7,20,14,121,6,4,0,0,0,0,0,0,0,0,4,2,0,0,0,0,1,0,0,11,272,576,
22,QUERETARO,004,Queretaro ,0718,01,C,00,URBANA,56,21,3,15,24,160,8,11,0,0,0,0,0,0,0,0,11,2,0,2,0,0,0,0,0,18,331,576,
22,QUERETARO,004,Queretaro ,0718,02,C,00,URBANA,80,17,1,14,13,144,10,5,0,0,0,0,0,0,0,0,9,2,2,2,0,0,4,0,1,11,315,576,
22,QUERETARO,004,Queretaro ,0719,01,B,00,URBANA,140,32,3,26,20,218,11,7,0,0,0,0,0,0,0,0,15,4,0,0,0,0,3,0,0,16,495,717,
22,QUERETARO,004,Queretaro ,0719,01,C,00,URBANA,147,36,6,19,21,168,12,8,0,0,0,0,0,0,0,0,16,1,2,2,0,0,2,0,1,17,458,717,
22,QUERETARO,004,Queretaro ,0720,01,B,00,URBANA,85,26,1,11,15,134,11,6,0,0,0,0,0,0,0,0,12,3,0,1,0,0,1,0,0,11,317,480,
22,QUERETARO,004,Queretaro ,0720,01,C,00,URBANA,75,21,1,10,21,136,4,5,0,0,0,0,0,0,0,0,12,1,2,0,0,0,2,0,0,10,300,479,
22,QUERETARO,004,Queretaro ,0721,01,B,00,URBANA,67,23,3,14,11,112,5,2,0,0,0,0,0,0,0,0,16,3,0,4,0,0,4,0,0,6,270,427,
22,QUERETARO,004,Queretaro ,0721,01,C,00,URBANA,74,21,1,13,15,121,3,7,0,0,0,0,0,0,0,0,4,1,0,1,0,0,2,0,0,8,271,427,
22,QUERETARO,004,Queretaro ,0722,01,B,00,URBANA,150,23,3,20,17,144,9,6,0,0,0,0,0,0,0,0,10,1,1,1,0,0,4,0,0,16,405,645,
22,QUERETARO,004,Queretaro ,0722,01,C,00,URBANA,130,28,3,20,22,148,13,16,0,0,0,0,0,0,0,0,14,1,0,4,0,0,3,0,0,12,414,644,
22,QUERETARO,004,Queretaro ,0722,02,C,00,URBANA,143,26,2,17,21,153,7,6,0,0,0,0,0,0,0,0,12,1,1,1,0,0,2,0,0,18,410,644,
22,QUERETARO,004,Queretaro ,0723,01,B,00,URBANA,170,23,2,22,15,154,8,10,0,0,0,0,0,0,0,0,11,0,1,1,0,0,3,0,1,8,429,717,
22,QUERETARO,004,Queretaro ,0723,01,C,00,URBANA,141,34,4,18,16,200,11,9,0,0,0,0,0,0,0,0,17,2,1,2,0,0,6,0,0,12,473,717,
22,QUERETARO,004,Queretaro ,0723,02,C,00,URBANA,149,35,3,22,15,176,7,6,0,0,0,0,0,0,0,0,15,0,1,0,0,0,1,0,0,14,444,717,
22,QUERETARO,004,Queretaro ,0724,01,B,00,URBANA,100,27,2,15,10,146,17,6,0,0,0,0,0,0,0,0,8,0,0,0,0,0,0,0,0,11,342,587,
22,QUERETARO,004,Queretaro ,0724,01,C,00,URBANA,103,34,0,17,16,136,3,6,0,0,0,0,0,0,0,0,12,6,0,0,0,0,3,0,0,11,347,586,
22,QUERETARO,004,Queretaro ,0728,01,B,00,URBANA,124,31,1,18,11,112,6,4,0,0,0,0,0,0,0,0,5,1,0,1,0,0,5,0,0,14,333,564,
22,QUERETARO,004,Queretaro ,0728,01,C,00,URBANA,136,31,4,22,12,117,4,4,0,0,0,0,0,0,0,0,9,3,0,5,0,0,4,0,0,8,359,563,
22,QUERETARO,004,Queretaro ,0729,01,B,00,URBANA,129,39,8,15,12,140,9,6,0,0,0,0,0,0,0,0,13,1,0,2,0,0,4,0,1,11,390,577,
22,QUERETARO,004,Queretaro ,0729,01,C,00,URBANA,114,32,3,12,15,159,3,7,0,0,0,0,0,0,0,0,15,3,0,0,0,0,2,0,0,18,383,576,
22,QUERETARO,004,Queretaro ,0867,01,B,00,NO URBANA,85,25,4,7,11,118,8,1,0,0,0,0,0,0,0,0,7,2,0,1,0,0,6,0,0,10,285,674,
22,QUERETARO,004,Queretaro ,0867,01,C,00,NO URBANA,88,18,3,10,8,99,7,3,0,0,0,0,0,0,0,0,10,3,1,1,0,0,2,0,0,6,259,673,
22,QUERETARO,004,Queretaro ,0867,02,C,00,NO URBANA,83,22,3,7,8,101,4,3,0,0,0,0,0,0,0,0,14,2,0,2,0,0,5,0,1,9,264,673,
22,QUERETARO,004,Queretaro ,0868,01,B,00,URBANA,155,42,3,16,18,137,7,2,0,0,0,0,0,0,0,0,7,3,1,1,0,0,8,0,0,22,422,713,
22,QUERETARO,004,Queretaro ,0868,01,C,00,URBANA,144,31,4,15,18,155,11,11,0,0,0,0,0,0,0,0,13,1,0,3,0,0,5,0,0,15,426,713,
22,QUERETARO,004,Queretaro ,0868,02,C,00,URBANA,145,30,6,21,12,136,15,6,0,0,0,0,0,0,0,0,11,6,2,1,0,0,6,0,0,11,408,713,
22,QUERETARO,004,Queretaro ,0868,03,C,00,URBANA,144,28,3,9,18,149,10,4,0,0,0,0,0,0,0,0,9,5,0,2,0,0,4,0,1,11,397,713,
22,QUERETARO,004,Queretaro ,0869,01,B,00,URBANA,394,39,7,18,3,52,4,4,0,0,0,0,0,0,0,0,3,0,0,1,0,0,6,0,0,3,534,701,
22,QUERETARO,004,Queretaro ,0869,01,C,00,URBANA,360,43,3,16,5,61,4,2,0,0,0,0,0,0,0,0,7,0,0,0,0,0,11,0,0,13,525,700,
22,QUERETARO,004,Queretaro ,0869,02,C,00,URBANA,344,40,4,23,8,68,6,3,0,0,0,0,0,0,0,0,8,0,0,0,0,0,3,0,0,14,521,700,
22,QUERETARO,004,Queretaro ,0869,03,C,00,URBANA,350,33,5,15,9,75,4,4,0,0,0,0,0,0,0,0,6,0,0,0,0,0,7,0,0,12,520,700,
22,QUERETARO,004,Queretaro ,0870,01,B,00,URBANA,380,30,1,16,8,67,1,0,0,0,0,0,0,0,0,0,5,0,0,1,0,0,5,0,0,12,526,679,
22,QUERETARO,004,Queretaro ,0870,01,C,00,URBANA,364,33,3,10,7,52,5,1,0,0,0,0,0,0,0,0,3,0,0,1,0,0,8,0,0,7,494,679,
22,QUERETARO,004,Queretaro ,0870,02,C,00,URBANA,380,32,10,9,11,56,8,4,0,0,0,0,0,0,0,0,6,0,0,0,0,0,4,0,1,12,533,679,
22,QUERETARO,004,Queretaro ,0870,03,C,00,URBANA,366,39,8,15,7,56,4,6,0,0,0,0,0,0,0,0,4,1,0,0,0,0,7,0,0,11,524,678,
22,QUERETARO,004,Queretaro ,0870,01,S,00,URBANA,32,3,0,2,0,9,0,0,0,0,0,0,0,0,0,0,0,0,0,0,0,0,0,0,0,0,46,0,
22,QUERETARO,004,Queretaro ,0870,02,S,00,URBANA,25,3,0,2,0,4,1,0,0,0,0,0,0,0,0,0,2,0,0,0,0,0,2,0,0,3,42,0,
22,QUERETARO,004,Queretaro ,0870,01,S,00,URBANA,21,3,0,2,0,7,0,0,0,0,0,0,0,0,0,0,0,0,0,0,0,0,0,0,0,1,34,0,
22,QUERETARO,004,Queretaro ,0870,02,S,00,URBANA,11,1,0,1,0,4,1,0,0,0,0,0,0,0,0,0,0,0,0,0,0,0,0,0,0,3,21,0,
22,QUERETARO,004,Queretaro ,0871,01,B,00,URBANA,45,14,2,5,11,129,8,5,0,0,0,0,0,0,0,0,10,8,0,3,0,0,1,0,0,12,253,579,
22,QUERETARO,004,Queretaro ,0871,01,C,00,URBANA,53,15,2,7,20,129,10,9,0,0,0,0,0,0,0,0,5,5,2,4,0,0,3,0,0,19,283,579,
22,QUERETARO,004,Queretaro ,0871,02,C,00,URBANA,78,12,1,6,15,118,7,6,0,0,0,0,0,0,0,0,9,4,1,3,0,0,2,0,0,13,275,579,
22,QUERETARO,004,Queretaro ,0871,03,C,00,URBANA,58,15,3,7,16,121,8,0,0,0,0,0,0,0,0,0,9,4,1,0,0,0,2,0,0,17,261,579,
22,QUERETARO,004,Queretaro ,0872,01,B,00,URBANA,52,27,2,15,11,128,9,3,0,0,0,0,0,0,0,0,12,1,2,1,0,0,1,0,0,19,283,653,
22,QUERETARO,004,Queretaro ,0872,01,C,00,URBANA,57,22,5,11,16,136,11,3,0,0,0,0,0,0,0,0,13,3,0,0,0,0,3,0,1,10,291,653,
22,QUERETARO,004,Queretaro ,0872,02,C,00,URBANA,62,23,2,10,15,114,15,2,0,0,0,0,0,0,0,0,19,3,1,1,0,0,4,0,0,12,283,652,
22,QUERETARO,004,Queretaro ,0873,01,B,00,URBANA,73,9,3,14,13,142,7,4,0,0,0,0,0,0,0,0,12,2,0,1,0,0,4,0,0,12,296,707,
22,QUERETARO,004,Queretaro ,0873,01,C,00,URBANA,81,15,2,11,7,151,9,4,0,0,0,0,0,0,0,0,17,4,2,3,0,0,1,0,0,15,322,707,
22,QUERETARO,004,Queretaro ,0873,02,C,00,URBANA,62,12,3,10,18,152,11,3,0,0,0,0,0,0,0,0,15,3,4,3,0,0,2,0,0,18,316,706,
22,QUERETARO,004,Queretaro ,0873,03,C,00,URBANA,175,17,2,25,8,159,13,2,0,0,0,0,0,0,0,0,15,1,2,2,0,0,4,0,0,13,438,706,
22,QUERETARO,004,Queretaro ,0873,04,C,00,URBANA,71,13,0,0,12,143,8,2,0,0,0,0,0,0,0,0,21,5,3,0,0,0,3,0,0,15,296,706,
22,QUERETARO,004,Queretaro ,0874,01,B,00,URBANA,81,19,2,11,7,188,13,8,0,0,0,0,0,0,0,0,25,6,2,3,0,0,1,0,0,16,382,704,
22,QUERETARO,004,Queretaro ,0875,01,B,00,URBANA,42,10,1,5,16,117,6,1,0,0,0,0,0,0,0,0,10,1,0,2,0,0,0,0,0,10,221,517,
22,QUERETARO,004,Queretaro ,0875,01,C,00,URBANA,52,13,3,11,11,122,4,3,0,0,0,0,0,0,0,0,17,5,0,2,0,0,0,0,4,9,256,517,
22,QUERETARO,004,Queretaro ,0875,02,C,00,URBANA,43,14,2,11,4,100,6,6,0,0,0,0,0,0,0,0,10,0,3,2,0,0,1,0,1,14,217,516,
22,QUERETARO,004,Queretaro ,0876,01,B,00,URBANA,116,26,2,17,17,147,7,5,0,0,0,0,0,0,0,0,11,3,0,2,0,0,5,0,0,9,367,718,
22,QUERETARO,004,Queretaro ,0876,01,C,00,URBANA,117,32,4,17,12,155,5,8,0,0,0,0,0,0,0,0,14,2,2,2,0,0,2,0,0,6,378,718,
22,QUERETARO,004,Queretaro ,0876,02,C,00,URBANA,108,30,1,20,13,167,6,6,0,0,0,0,0,0,0,0,8,3,0,1,0,0,5,0,0,9,377,718,
22,QUERETARO,004,Queretaro ,0877,01,B,00,URBANA,58,8,2,10,7,129,10,4,0,0,0,0,0,0,0,0,7,1,1,6,0,0,1,0,0,15,259,603,
22,QUERETARO,004,Queretaro ,0877,01,C,00,URBANA,52,4,3,17,8,157,5,1,0,0,0,0,0,0,0,0,10,3,1,1,0,0,1,0,0,4,267,603,
22,QUERETARO,004,Queretaro ,0877,02,C,00,URBANA,64,16,5,7,12,130,4,2,0,0,0,0,0,0,0,0,14,2,0,1,0,0,0,0,1,6,264,602,
22,QUERETARO,004,Queretaro ,0877,03,C,00,URBANA,44,14,1,15,5,135,12,5,0,0,0,0,0,0,0,0,11,4,1,4,0,0,1,0,1,7,260,602,
22,QUERETARO,004,Queretaro ,0878,01,B,00,URBANA,64,10,0,13,15,142,9,8,0,0,0,0,0,0,0,0,12,2,0,2,0,0,4,0,1,10,292,602,
22,QUERETARO,004,Queretaro ,0878,01,C,00,URBANA,65,17,2,8,20,114,11,3,0,0,0,0,0,0,0,0,12,3,2,5,0,0,1,0,0,9,272,601,
22,QUERETARO,004,Queretaro ,0878,02,C,00,URBANA,55,13,0,10,16,126,13,1,0,0,0,0,0,0,0,0,7,3,1,2,0,0,3,0,0,9,259,601,
22,QUERETARO,005,Queretaro ,0416,01,A,00,URBANA,2,0,0,0,0,1,1,0,0,0,0,0,0,0,0,0,0,0,0,0,0,0,0,0,0,0,4,4,
22,QUERETARO,005,Queretaro ,0861,01,A,00,URBANA,2,0,0,0,0,6,1,0,0,0,0,0,0,0,0,0,0,0,0,0,0,0,0,0,0,0,9,12,
22,QUERETARO,005,Queretaro ,0364,01,B,00,URBANA,265,46,2,19,5,79,5,7,0,0,0,0,0,0,0,0,5,0,0,1,0,0,0,0,0,16,450,539,
22,QUERETARO,005,Queretaro ,0364,01,C,00,URBANA,261,45,3,25,6,63,5,8,0,0,0,0,0,0,0,0,9,0,0,0,0,0,0,0,0,7,432,538,
22,QUERETARO,005,Queretaro ,0364,02,C,00,URBANA,229,30,3,23,1,80,10,9,0,0,0,0,0,0,0,0,4,0,0,0,0,0,0,0,1,13,403,538,
22,QUERETARO,005,Queretaro ,0374,01,B,00,URBANA,234,33,1,15,6,63,2,6,0,0,0,0,0,0,0,0,3,1,0,0,0,0,0,0,0,18,382,516,
22,QUERETARO,005,Queretaro ,0374,01,C,00,URBANA,252,40,4,11,5,54,0,5,0,0,0,0,0,0,0,0,8,0,0,0,0,0,0,0,0,8,387,515,
22,QUERETARO,005,Queretaro ,0375,01,B,00,URBANA,266,47,4,24,8,110,4,6,0,0,0,0,0,0,0,0,8,0,0,0,0,0,0,0,3,23,503,686,
22,QUERETARO,005,Queretaro ,0375,01,C,00,URBANA,268,51,7,29,11,105,3,9,0,0,0,0,0,0,0,0,9,0,0,0,0,0,0,0,0,12,504,686,
22,QUERETARO,005,Queretaro ,0376,01,B,00,URBANA,115,29,2,19,14,159,9,15,0,0,0,0,0,0,0,0,11,1,0,2,0,0,0,0,0,12,388,627,
22,QUERETARO,005,Queretaro ,0376,01,C,00,URBANA,126,29,3,27,10,143,10,8,0,0,0,0,0,0,0,0,14,0,0,0,0,0,0,0,0,15,385,627,
22,QUERETARO,005,Queretaro ,0377,01,B,00,URBANA,127,33,2,14,9,107,6,12,0,0,0,0,0,0,0,0,11,4,0,1,0,0,0,0,0,15,341,578,
22,QUERETARO,005,Queretaro ,0377,01,C,00,URBANA,104,22,3,26,6,124,4,12,0,0,0,0,0,0,0,0,12,3,0,0,0,0,0,0,0,16,332,577,
22,QUERETARO,005,Queretaro ,0384,01,B,00,URBANA,103,23,6,9,6,73,6,6,0,0,0,0,0,0,0,0,3,1,0,0,0,0,0,0,0,12,248,381,
22,QUERETARO,005,Queretaro ,0384,01,C,00,URBANA,114,28,7,20,5,63,2,9,0,0,0,0,0,0,0,0,1,0,0,0,0,0,0,0,2,10,261,381,
22,QUERETARO,005,Queretaro ,0385,01,B,00,URBANA,170,48,8,36,10,145,10,12,0,0,0,0,0,0,0,0,12,1,1,2,0,0,0,0,1,18,474,723,
22,QUERETARO,005,Queretaro ,0386,01,B,00,URBANA,114,50,7,28,14,211,12,11,0,0,0,0,0,0,0,0,6,0,0,3,0,0,0,0,0,23,479,735,
22,QUERETARO,005,Queretaro ,0386,01,C,00,URBANA,118,43,8,30,18,193,10,11,0,0,0,0,0,0,0,0,14,4,2,2,0,0,0,0,1,20,474,734,
22,QUERETARO,005,Queretaro ,0387,01,B,00,URBANA,169,39,6,21,8,158,13,7,0,0,0,0,0,0,0,0,11,0,0,6,0,0,0,0,0,14,452,622,
22,QUERETARO,005,Queretaro ,0387,01,C,00,URBANA,97,36,5,22,14,170,12,9,0,0,0,0,0,0,0,0,18,2,0,3,0,0,0,0,1,10,399,621,
22,QUERETARO,005,Queretaro ,0388,01,B,00,URBANA,154,41,6,18,13,130,8,14,0,0,0,0,0,0,0,0,15,3,0,0,0,0,0,0,0,18,420,609,
22,QUERETARO,005,Queretaro ,0388,01,C,00,URBANA,158,54,2,16,10,129,3,18,0,0,0,0,0,0,0,0,6,5,1,1,0,0,0,0,3,17,423,609,
22,QUERETARO,005,Queretaro ,0389,01,B,00,URBANA,258,36,4,16,7,61,5,12,0,0,0,0,0,0,0,0,2,0,0,3,0,0,0,0,0,8,412,568,
22,QUERETARO,005,Queretaro ,0389,01,C,00,URBANA,272,38,7,10,7,59,3,8,0,0,0,0,0,0,0,0,1,0,0,0,0,0,0,0,1,7,413,568,
22,QUERETARO,005,Queretaro ,0390,01,B,00,URBANA,200,42,6,14,12,109,3,12,0,0,0,0,0,0,0,0,4,1,0,0,0,0,0,0,2,20,425,609,
22,QUERETARO,005,Queretaro ,0391,01,B,00,URBANA,169,47,3,14,7,94,3,10,0,0,0,0,0,0,0,0,5,1,1,2,0,0,0,0,1,17,374,563,
22,QUERETARO,005,Queretaro ,0399,01,B,00,URBANA,181,45,5,15,6,60,8,14,0,0,0,0,0,0,0,0,6,2,0,2,0,0,0,0,0,8,352,505,
22,QUERETARO,005,Queretaro ,0399,01,C,00,URBANA,150,39,4,20,3,77,1,11,0,0,0,0,0,0,0,0,4,1,1,2,0,0,0,0,0,16,329,505,
22,QUERETARO,005,Queretaro ,0400,01,B,00,URBANA,190,38,8,23,5,113,3,13,0,0,0,0,0,0,0,0,7,4,0,1,0,0,0,0,0,15,420,652,
22,QUERETARO,005,Queretaro ,0401,01,B,00,URBANA,160,39,3,12,3,55,3,16,0,0,0,0,0,0,0,0,7,0,0,4,0,0,0,0,0,12,314,436,
22,QUERETARO,005,Queretaro ,0401,01,C,00,URBANA,164,34,4,10,5,55,4,8,0,0,0,0,0,0,0,0,0,0,0,0,0,0,0,0,1,31,316,436,
22,QUERETARO,005,Queretaro ,0402,01,B,00,URBANA,237,42,3,17,7,52,4,4,0,0,0,0,0,0,0,0,6,0,0,0,0,0,0,0,1,9,382,480,
22,QUERETARO,005,Queretaro ,0402,01,C,00,URBANA,232,44,3,16,3,49,4,4,0,0,0,0,0,0,0,0,1,0,0,0,0,0,0,0,0,11,367,479,
22,QUERETARO,005,Queretaro ,0403,01,B,00,URBANA,237,49,3,8,5,55,4,5,0,0,0,0,0,0,0,0,2,0,1,0,0,0,0,0,0,8,377,510,
22,QUERETARO,005,Queretaro ,0403,01,C,00,URBANA,259,50,2,17,6,43,8,10,0,0,0,0,0,0,0,0,2,0,0,0,0,0,0,0,0,13,410,510,
22,QUERETARO,005,Queretaro ,0405,01,B,00,URBANA,242,38,3,7,2,34,1,5,0,0,0,0,0,0,0,0,3,0,0,1,0,0,0,0,0,11,347,437,
22,QUERETARO,005,Queretaro ,0405,01,C,00,URBANA,239,43,2,12,2,46,2,1,0,0,0,0,0,0,0,0,3,1,0,1,0,0,0,0,0,9,361,437,
22,QUERETARO,005,Queretaro ,0406,01,B,00,URBANA,165,40,2,17,9,120,4,10,0,0,0,0,0,0,0,0,9,3,0,0,0,0,0,0,1,14,394,590,
22,QUERETARO,005,Queretaro ,0407,01,B,00,URBANA,234,46,7,13,2,80,3,8,0,0,0,0,0,0,0,0,0,1,0,2,0,0,0,0,0,12,408,587,
22,QUERETARO,005,Queretaro ,0407,01,C,00,URBANA,200,34,2,16,7,99,6,8,0,0,0,0,0,0,0,0,5,1,0,2,0,0,0,0,0,16,396,586,
22,QUERETARO,005,Queretaro ,0408,01,B,00,URBANA,122,44,2,25,7,123,8,6,0,0,0,0,0,0,0,0,4,1,0,1,0,0,0,0,1,11,355,601,
22,QUERETARO,005,Queretaro ,0408,01,C,00,URBANA,151,38,2,22,11,120,3,11,0,0,0,0,0,0,0,0,11,0,1,0,0,0,0,0,0,11,381,600,
22,QUERETARO,005,Queretaro ,0409,01,B,00,URBANA,116,20,1,10,3,51,5,5,0,0,0,0,0,0,0,0,6,2,1,1,0,0,0,0,0,10,231,359,
22,QUERETARO,005,Queretaro ,0410,01,B,00,URBANA,170,25,5,13,6,62,3,10,0,0,0,0,0,0,0,0,6,1,0,1,0,0,0,0,2,15,319,489,
22,QUERETARO,005,Queretaro ,0410,01,C,00,URBANA,193,33,5,15,0,61,5,10,0,0,0,0,0,0,0,0,4,0,1,0,0,0,0,0,1,10,338,488,
22,QUERETARO,005,Queretaro ,0411,01,B,00,URBANA,202,30,2,13,4,67,2,7,0,0,0,0,0,0,0,0,5,0,0,1,0,0,0,0,0,15,348,498,
22,QUERETARO,005,Queretaro ,0412,01,B,00,URBANA,193,48,2,23,5,87,3,5,0,0,0,0,0,0,0,0,10,0,1,1,0,0,0,0,0,14,392,604,
22,QUERETARO,005,Queretaro ,0420,01,B,00,URBANA,238,42,3,12,4,25,1,5,0,0,0,0,0,0,0,0,1,0,0,0,0,0,0,0,0,6,337,531,
22,QUERETARO,005,Queretaro ,0420,01,C,00,URBANA,323,60,2,10,5,54,3,5,0,0,0,0,0,0,0,0,4,0,0,0,0,0,0,0,0,13,479,531,
22,QUERETARO,005,Queretaro ,0421,01,B,00,URBANA,117,27,6,14,9,114,3,14,0,0,0,0,0,0,0,0,9,2,0,1,0,0,0,0,0,17,333,509,
22,QUERETARO,005,Queretaro ,0421,01,C,00,URBANA,113,35,5,20,8,108,8,8,0,0,0,0,0,0,0,0,5,2,0,1,0,0,0,0,0,13,326,508,
22,QUERETARO,005,Queretaro ,0422,01,B,00,URBANA,115,37,1,13,7,94,7,16,0,0,0,0,0,0,0,0,6,2,0,0,0,0,0,0,0,9,307,482,
22,QUERETARO,005,Queretaro ,0422,01,C,00,URBANA,109,25,1,14,19,9,12,12,0,0,0,0,0,0,0,0,3,0,0,1,0,0,0,0,0,7,212,481,
22,QUERETARO,005,Queretaro ,0423,01,B,00,URBANA,181,52,6,19,13,115,11,9,0,0,0,0,0,0,0,0,9,0,0,1,0,0,0,0,0,9,425,670,
22,QUERETARO,005,Queretaro ,0424,01,B,00,URBANA,115,32,4,12,4,59,2,6,0,0,0,0,0,0,0,0,2,1,0,1,0,0,0,0,0,11,249,387,
22,QUERETARO,005,Queretaro ,0424,01,C,00,URBANA,110,41,2,12,4,56,4,8,0,0,0,0,0,0,0,0,2,2,0,0,0,0,0,0,1,6,248,387,
22,QUERETARO,005,Queretaro ,0425,01,B,00,URBANA,181,40,3,7,2,53,7,6,0,0,0,0,0,0,0,0,3,0,0,2,0,0,0,0,0,17,321,504,
22,QUERETARO,005,Queretaro ,0425,01,C,00,URBANA,197,41,0,11,3,71,0,8,0,0,0,0,0,0,0,0,9,0,0,0,0,0,0,0,0,13,353,503,
22,QUERETARO,005,Queretaro ,0431,01,B,00,URBANA,77,16,5,10,6,82,2,3,0,0,0,0,0,0,0,0,7,4,1,1,0,0,0,0,0,14,228,391,
22,QUERETARO,005,Queretaro ,0431,01,C,00,URBANA,96,22,1,17,2,61,5,7,0,0,0,0,0,0,0,0,7,1,1,0,0,0,0,0,0,11,231,390,
22,QUERETARO,005,Queretaro ,0432,01,B,00,URBANA,186,38,10,32,6,126,6,28,0,0,0,0,0,0,0,0,20,0,1,0,0,0,0,0,2,26,481,733,
22,QUERETARO,005,Queretaro ,0433,01,B,00,URBANA,151,36,5,29,9,162,7,20,0,0,0,0,0,0,0,0,3,1,0,2,0,0,0,0,0,19,444,729,
22,QUERETARO,005,Queretaro ,0434,01,B,00,URBANA,130,25,1,22,4,84,2,8,0,0,0,0,0,0,0,0,7,1,0,0,0,0,0,0,0,9,293,504,
22,QUERETARO,005,Queretaro ,0434,01,C,00,URBANA,107,36,6,18,5,77,6,18,0,0,0,0,0,0,0,0,6,1,1,1,0,0,0,0,0,11,293,504,
22,QUERETARO,005,Queretaro ,0438,01,B,00,URBANA,109,20,4,15,2,74,5,4,0,0,0,0,0,0,0,0,9,0,0,0,0,0,0,0,0,15,257,412,
22,QUERETARO,005,Queretaro ,0438,01,C,00,URBANA,131,25,5,16,10,61,6,3,0,0,0,0,0,0,0,0,4,0,0,2,0,0,0,0,0,7,270,411,
22,QUERETARO,005,Queretaro ,0439,01,B,00,URBANA,193,43,3,15,8,77,5,7,0,0,0,0,0,0,0,0,11,1,0,1,0,0,0,0,0,17,381,571,
22,QUERETARO,005,Queretaro ,0439,01,C,00,URBANA,208,49,7,20,9,67,6,9,0,0,0,0,0,0,0,0,3,1,0,2,0,0,0,0,0,17,398,571,
22,QUERETARO,005,Queretaro ,0440,01,B,00,URBANA,288,46,5,25,19,97,6,6,0,0,0,0,0,0,0,0,7,0,0,0,0,0,0,0,0,13,512,682,
22,QUERETARO,005,Queretaro ,0440,01,C,00,URBANA,278,36,9,25,6,95,5,14,0,0,0,0,0,0,0,0,9,0,0,1,0,0,0,0,1,10,489,681,
22,QUERETARO,005,Queretaro ,0441,01,B,00,URBANA,310,51,4,16,3,102,6,5,0,0,0,0,0,0,0,0,7,0,0,0,0,0,0,0,0,17,521,718,
22,QUERETARO,005,Queretaro ,0441,01,C,00,URBANA,353,72,8,14,2,94,8,6,0,0,0,0,0,0,0,0,3,0,0,1,0,0,0,0,0,8,569,718,
22,QUERETARO,005,Queretaro ,0442,01,B,00,URBANA,249,56,6,18,8,96,3,6,0,0,0,0,0,0,0,0,9,0,0,1,0,0,0,0,0,10,462,613,
22,QUERETARO,005,Queretaro ,0442,01,C,00,URBANA,238,51,2,26,4,85,6,10,0,0,0,0,0,0,0,0,5,5,0,2,0,0,0,0,0,15,449,612,
22,QUERETARO,005,Queretaro ,0443,01,B,00,URBANA,156,51,8,34,13,132,4,13,0,0,0,0,0,0,0,0,13,0,0,4,0,0,0,0,3,14,445,615,
22,QUERETARO,005,Queretaro ,0443,01,C,00,URBANA,166,42,6,32,7,116,8,13,0,0,0,0,0,0,0,0,17,3,0,2,0,0,0,0,0,23,435,615,
22,QUERETARO,005,Queretaro ,0444,01,B,00,URBANA,163,59,4,36,11,136,4,14,0,0,0,0,0,0,0,0,0,14,0,0,0,0,0,0,1,13,455,635,
22,QUERETARO,005,Queretaro ,0444,01,C,00,URBANA,169,49,8,28,10,162,6,8,0,0,0,0,0,0,0,0,10,2,0,3,0,0,0,0,8,12,475,634,
22,QUERETARO,005,Queretaro ,0445,01,B,00,URBANA,186,28,5,23,7,91,5,2,0,0,0,0,0,0,0,0,7,1,0,0,0,0,0,0,0,4,359,508,
22,QUERETARO,005,Queretaro ,0445,01,C,00,URBANA,175,49,3,17,1,78,1,17,0,0,0,0,0,0,0,0,7,0,0,2,0,0,0,0,0,17,367,508,
22,QUERETARO,005,Queretaro ,0445,02,C,00,URBANA,202,32,3,16,8,68,7,7,0,0,0,0,0,0,0,0,6,0,0,0,0,0,0,0,0,10,359,508,
22,QUERETARO,005,Queretaro ,0446,01,B,00,URBANA,305,56,3,29,5,70,12,9,0,0,0,0,0,0,0,0,10,1,0,2,0,0,0,0,0,20,522,745,
22,QUERETARO,005,Queretaro ,0446,01,C,00,URBANA,297,53,2,20,5,99,2,8,0,0,0,0,0,0,0,0,11,0,0,0,0,0,0,0,1,12,510,745,
22,QUERETARO,005,Queretaro ,0452,01,B,00,URBANA,167,46,4,26,14,113,5,9,0,0,0,0,0,0,0,0,15,3,1,0,0,0,0,0,0,13,416,653,
22,QUERETARO,005,Queretaro ,0452,01,C,00,URBANA,167,41,3,33,5,97,7,12,0,0,0,0,0,0,0,0,15,0,0,0,0,0,0,0,1,9,390,652,
22,QUERETARO,005,Queretaro ,0453,01,B,00,URBANA,205,23,3,14,5,39,0,5,0,0,0,0,0,0,0,0,3,0,0,0,0,0,0,0,0,6,303,420,
22,QUERETARO,005,Queretaro ,0453,01,C,00,URBANA,194,34,4,10,3,48,1,5,0,0,0,0,0,0,0,0,3,2,0,1,0,0,0,0,0,10,315,419,
22,QUERETARO,005,Queretaro ,0454,01,B,00,URBANA,256,43,7,9,3,60,3,4,0,0,0,0,0,0,0,0,1,0,0,2,0,0,0,0,0,9,397,517,
22,QUERETARO,005,Queretaro ,0454,01,C,00,URBANA,250,36,3,14,4,48,3,5,0,0,0,0,0,0,0,0,6,0,0,1,0,0,0,0,2,12,384,517,
22,QUERETARO,005,Queretaro ,0455,01,B,00,URBANA,168,56,4,33,17,126,10,14,0,0,0,0,0,0,0,0,15,1,0,2,0,0,0,0,1,21,468,667,
22,QUERETARO,005,Queretaro ,0455,01,C,00,URBANA,162,53,5,31,16,152,2,9,0,0,0,0,0,0,0,0,12,2,0,1,0,0,0,0,0,14,459,666,
22,QUERETARO,005,Queretaro ,0456,01,B,00,URBANA,270,37,3,22,2,74,4,5,0,0,0,0,0,0,0,0,6,0,0,0,0,0,0,0,0,12,435,573,
22,QUERETARO,005,Queretaro ,0456,01,C,00,URBANA,256,41,6,14,3,75,8,15,0,0,0,0,0,0,0,0,3,1,0,0,0,0,0,0,0,10,432,572,
22,QUERETARO,005,Queretaro ,0457,01,B,00,URBANA,260,42,0,17,3,95,5,6,0,0,0,0,0,0,0,0,8,1,0,0,0,0,0,0,1,24,462,585,
22,QUERETARO,005,Queretaro ,0457,01,C,00,URBANA,237,61,5,20,11,92,8,9,0,0,0,0,0,0,0,0,11,2,0,0,0,0,0,0,1,10,467,585,
22,QUERETARO,005,Queretaro ,0458,01,B,00,URBANA,180,45,3,42,18,140,6,12,0,0,0,0,0,0,0,0,19,6,0,1,0,0,0,0,0,29,501,698,
22,QUERETARO,005,Queretaro ,0458,01,C,00,URBANA,185,44,9,73,16,141,9,19,0,0,0,0,0,0,0,0,15,1,1,0,0,0,0,0,0,22,535,698,
22,QUERETARO,005,Queretaro ,0459,01,B,00,URBANA,181,37,3,18,7,48,1,10,0,0,0,0,0,0,0,0,3,0,0,0,0,0,0,0,0,14,322,456,
22,QUERETARO,005,Queretaro ,0459,01,C,00,URBANA,177,44,3,21,5,81,2,7,0,0,0,0,0,0,0,0,7,0,0,1,0,0,0,0,0,8,356,456,
22,QUERETARO,005,Queretaro ,0462,01,B,00,URBANA,97,28,4,20,5,101,10,6,0,0,0,0,0,0,0,0,14,1,0,1,0,0,0,0,0,13,300,512,
22,QUERETARO,005,Queretaro ,0462,01,C,00,URBANA,117,37,4,24,13,81,5,10,0,0,0,0,0,0,0,0,9,1,1,2,0,0,0,0,0,9,313,511,
22,QUERETARO,005,Queretaro ,0463,01,B,00,URBANA,309,51,3,25,5,81,4,14,0,0,0,0,0,0,0,0,10,0,0,2,0,0,0,0,0,25,529,712,
22,QUERETARO,005,Queretaro ,0463,01,C,00,URBANA,288,50,4,25,12,106,11,7,0,0,0,0,0,0,0,0,6,2,0,0,0,0,0,0,1,13,525,711,
22,QUERETARO,005,Queretaro ,0464,01,B,00,URBANA,184,31,5,26,7,103,4,15,0,0,0,0,0,0,0,0,7,0,0,0,0,0,0,0,0,11,393,569,
22,QUERETARO,005,Queretaro ,0464,01,C,00,URBANA,157,45,2,24,6,87,3,10,0,0,0,0,0,0,0,0,12,1,0,0,0,0,0,0,0,12,359,569,
22,QUERETARO,005,Queretaro ,0465,01,B,00,URBANA,120,45,8,31,9,144,8,8,0,0,0,0,0,0,0,0,14,5,0,1,0,0,0,0,1,16,410,601,
22,QUERETARO,005,Queretaro ,0465,01,C,00,URBANA,141,30,7,22,18,124,9,11,0,0,0,0,0,0,0,0,13,4,0,2,0,0,0,0,0,15,396,600,
22,QUERETARO,005,Queretaro ,0466,01,B,00,URBANA,265,43,6,20,6,83,12,7,0,0,0,0,0,0,0,0,7,0,2,0,0,0,0,0,0,13,464,682,
22,QUERETARO,005,Queretaro ,0466,01,C,00,URBANA,258,49,6,25,7,89,3,12,0,0,0,0,0,0,0,0,5,0,0,0,0,0,0,0,0,20,474,682,
22,QUERETARO,005,Queretaro ,0466,02,C,00,URBANA,268,50,3,21,7,88,5,8,0,0,0,0,0,0,0,0,4,0,0,0,0,0,0,0,2,15,471,682,
22,QUERETARO,005,Queretaro ,0466,01,S,00,URBANA,18,0,0,1,0,7,0,1,0,0,0,0,0,0,0,0,0,0,0,0,0,0,0,0,0,2,29,0,
22,QUERETARO,005,Queretaro ,0466,02,S,00,URBANA,13,0,0,1,0,3,0,0,0,0,0,0,0,0,0,0,1,0,0,0,0,0,0,0,0,1,19,0,
22,QUERETARO,005,Queretaro ,0466,01,S,00,URBANA,31,5,1,5,2,18,3,0,0,0,0,0,0,0,0,0,0,0,0,0,0,0,0,0,0,6,71,0,
22,QUERETARO,005,Queretaro ,0466,02,S,00,URBANA,30,6,0,4,3,27,0,1,0,0,0,0,0,0,0,0,0,0,0,0,0,0,0,0,0,2,73,0,
22,QUERETARO,005,Queretaro ,0467,01,B,00,URBANA,169,42,7,15,8,90,8,7,0,0,0,0,0,0,0,0,10,1,0,0,0,0,0,0,0,9,366,555,
22,QUERETARO,005,Queretaro ,0467,01,C,00,URBANA,167,45,4,26,9,88,4,13,0,0,0,0,0,0,0,0,12,1,1,1,0,0,0,0,1,9,381,555,
22,QUERETARO,005,Queretaro ,0471,01,B,00,URBANA,70,26,3,19,9,82,5,9,0,0,0,0,0,0,0,0,10,5,0,1,0,0,0,0,0,13,252,492,
22,QUERETARO,005,Queretaro ,0471,01,C,00,URBANA,103,22,2,18,11,94,7,5,0,0,0,0,0,0,0,0,7,4,1,1,0,0,0,0,0,18,293,492,
22,QUERETARO,005,Queretaro ,0472,01,B,00,URBANA,120,37,1,27,10,126,13,10,0,0,0,0,0,0,0,0,16,3,0,1,0,0,0,0,2,19,385,646,
22,QUERETARO,005,Queretaro ,0472,01,C,00,URBANA,133,35,5,31,13,123,7,7,0,0,0,0,0,0,0,0,6,5,1,1,0,0,0,0,0,14,381,646,
22,QUERETARO,005,Queretaro ,0473,01,B,00,URBANA,144,31,5,17,11,103,5,8,0,0,0,0,0,0,0,0,9,2,2,0,0,0,0,0,0,10,347,514,
22,QUERETARO,005,Queretaro ,0473,01,C,00,URBANA,115,19,3,32,6,113,0,10,0,0,0,0,0,0,0,0,11,0,0,1,0,0,0,0,0,9,319,514,
22,QUERETARO,005,Queretaro ,0474,01,B,00,URBANA,225,28,4,17,2,79,2,15,0,0,0,0,0,0,0,0,7,2,0,1,0,0,0,0,2,11,395,563,
22,QUERETARO,005,Queretaro ,0474,01,C,00,URBANA,214,32,2,21,5,99,6,16,0,0,0,0,0,0,0,0,8,1,0,1,0,0,0,0,0,7,412,563,
22,QUERETARO,005,Queretaro ,0475,01,B,00,URBANA,211,53,3,20,7,88,5,8,0,0,0,0,0,0,0,0,7,2,0,2,0,0,0,0,2,18,426,679,
22,QUERETARO,005,Queretaro ,0475,01,C,00,URBANA,246,44,2,20,8,98,6,4,0,0,0,0,0,0,0,0,5,2,0,1,0,0,0,0,0,9,445,679,
22,QUERETARO,005,Queretaro ,0475,02,C,00,URBANA,234,54,0,17,4,101,4,8,0,0,0,0,0,0,0,0,5,1,0,2,0,0,0,0,1,20,451,679,
22,QUERETARO,005,Queretaro ,0475,03,C,00,URBANA,204,44,6,16,7,119,4,12,0,0,0,0,0,0,0,0,14,4,1,1,0,0,0,0,0,19,451,679,
22,QUERETARO,005,Queretaro ,0475,04,C,00,URBANA,251,36,8,20,3,96,3,11,0,0,0,0,0,0,0,0,9,2,1,2,0,0,0,0,0,18,460,678,
22,QUERETARO,005,Queretaro ,0475,05,C,00,URBANA,245,52,6,23,4,94,4,16,0,0,0,0,0,0,0,0,8,2,0,0,0,0,0,0,0,19,473,678,
22,QUERETARO,005,Queretaro ,0475,06,C,00,URBANA,236,38,4,24,9,86,7,11,0,0,0,0,0,0,0,0,11,0,0,3,0,0,0,0,0,19,448,678,
22,QUERETARO,005,Queretaro ,0475,07,C,00,URBANA,233,65,5,25,9,82,5,10,0,0,0,0,0,0,0,0,7,0,0,0,0,0,0,0,1,20,462,678,
22,QUERETARO,005,Queretaro ,0475,08,C,00,URBANA,244,47,8,23,8,110,7,5,0,0,0,0,0,0,0,0,8,1,0,1,0,0,0,0,0,14,476,678,
22,QUERETARO,005,Queretaro ,0476,01,B,00,URBANA,174,50,6,22,7,99,2,12,0,0,0,0,0,0,0,0,13,3,0,1,0,0,0,0,0,15,404,550,
22,QUERETARO,005,Queretaro ,0476,01,C,00,URBANA,191,39,4,28,5,103,4,7,0,0,0,0,0,0,0,0,10,0,0,1,0,0,0,0,0,12,404,550,
22,QUERETARO,005,Queretaro ,0477,01,B,00,URBANA,67,19,5,26,8,126,7,6,0,0,0,0,0,0,0,0,10,3,1,0,0,0,0,0,0,10,288,511,
22,QUERETARO,005,Queretaro ,0477,01,C,00,URBANA,78,22,2,27,8,95,7,14,0,0,0,0,0,0,0,0,7,1,0,0,0,0,0,0,0,15,276,510,
22,QUERETARO,005,Queretaro ,0477,02,C,00,URBANA,89,17,0,14,13,132,7,3,0,0,0,0,0,0,0,0,13,1,1,0,0,0,0,0,0,7,297,510,
22,QUERETARO,005,Queretaro ,0478,01,B,00,URBANA,80,34,7,24,7,111,3,8,0,0,0,0,0,0,0,0,9,5,1,0,0,0,0,0,1,15,305,546,
22,QUERETARO,005,Queretaro ,0478,01,C,00,URBANA,99,34,4,38,6,111,5,7,0,0,0,0,0,0,0,0,13,3,0,1,0,0,0,0,1,17,339,545,
22,QUERETARO,005,Queretaro ,0479,01,B,00,URBANA,85,27,8,22,22,141,5,12,0,0,0,0,0,0,0,0,16,2,0,1,0,0,0,0,0,25,366,687,
22,QUERETARO,005,Queretaro ,0479,01,C,00,URBANA,123,27,9,22,15,161,9,15,0,0,0,0,0,0,0,0,9,4,2,0,0,0,0,0,0,20,416,687,
22,QUERETARO,005,Queretaro ,0487,01,B,00,URBANA,82,34,2,15,8,95,8,6,0,0,0,0,0,0,0,0,6,3,0,0,0,0,0,0,1,12,272,504,
22,QUERETARO,005,Queretaro ,0487,01,C,00,URBANA,75,32,9,24,17,88,7,5,0,0,0,0,0,0,0,0,3,3,1,0,0,0,0,0,0,11,275,503,
22,QUERETARO,005,Queretaro ,0487,02,C,00,URBANA,78,17,5,19,5,102,6,8,0,0,0,0,0,0,0,0,12,3,1,0,0,0,0,0,0,19,275,503,
22,QUERETARO,005,Queretaro ,0488,01,B,00,URBANA,86,32,3,14,12,163,9,11,0,0,0,0,0,0,0,0,8,4,0,0,0,0,0,0,0,16,358,674,
22,QUERETARO,005,Queretaro ,0488,01,C,00,URBANA,98,23,8,30,6,166,11,3,0,0,0,0,0,0,0,0,11,3,0,0,0,0,0,0,0,13,372,674,
22,QUERETARO,005,Queretaro ,0488,02,C,00,URBANA,92,30,5,33,13,157,7,10,0,0,0,0,0,0,0,0,12,5,0,4,0,0,0,0,0,15,383,674,
22,QUERETARO,005,Queretaro ,0489,01,B,00,URBANA,89,30,4,15,15,161,5,2,0,0,0,0,0,0,0,0,5,5,0,3,0,0,0,0,1,16,351,624,
22,QUERETARO,005,Queretaro ,0489,01,C,00,URBANA,83,19,4,23,9,141,14,6,0,0,0,0,0,0,0,0,11,3,2,2,0,0,0,0,0,11,328,624,
22,QUERETARO,005,Queretaro ,0490,01,B,00,URBANA,102,18,4,29,11,143,11,13,0,0,0,0,0,0,0,0,10,8,3,0,0,0,0,0,1,11,364,614,
22,QUERETARO,005,Queretaro ,0490,01,C,00,URBANA,112,22,3,15,9,139,7,8,0,0,0,0,0,0,0,0,7,3,1,1,0,0,0,0,1,13,341,613,
22,QUERETARO,005,Queretaro ,0492,01,B,00,URBANA,130,26,7,34,14,160,6,12,0,0,0,0,0,0,0,0,9,3,2,0,0,0,0,0,0,14,417,663,
22,QUERETARO,005,Queretaro ,0492,01,C,00,URBANA,136,30,3,14,13,137,8,15,0,0,0,0,0,0,0,0,9,0,0,2,0,0,0,0,0,13,380,663,
22,QUERETARO,005,Queretaro ,0492,02,C,00,URBANA,138,30,2,20,8,147,9,15,0,0,0,0,0,0,0,0,6,1,0,1,0,0,0,0,0,12,389,663,
22,QUERETARO,005,Queretaro ,0492,03,C,00,URBANA,141,29,6,28,13,132,8,15,0,0,0,0,0,0,0,0,7,5,1,2,0,0,0,0,0,20,407,663,
22,QUERETARO,005,Queretaro ,0493,01,B,00,URBANA,111,50,3,29,10,124,8,7,0,0,0,0,0,0,0,0,17,4,1,4,0,0,0,0,1,20,389,678,
22,QUERETARO,005,Queretaro ,0493,01,C,00,URBANA,120,21,6,21,17,161,8,5,0,0,0,0,0,0,0,0,11,5,1,2,0,0,0,0,0,20,398,677,
22,QUERETARO,005,Queretaro ,0494,01,B,00,URBANA,90,18,5,27,13,101,5,6,0,0,0,0,0,0,0,0,11,4,0,1,0,0,0,0,0,6,287,522,
22,QUERETARO,005,Queretaro ,0494,01,C,00,URBANA,87,20,5,24,7,115,4,4,0,0,0,0,0,0,0,0,10,2,2,1,0,0,0,0,3,13,297,522,
22,QUERETARO,005,Queretaro ,0494,02,C,00,URBANA,98,27,2,17,10,114,4,5,0,0,0,0,0,0,0,0,6,0,2,2,0,0,0,0,0,10,297,521,
22,QUERETARO,005,Queretaro ,0495,01,B,00,URBANA,112,34,7,30,13,162,6,13,0,0,0,0,0,0,0,0,10,0,0,0,0,0,0,0,0,18,405,703,
22,QUERETARO,005,Queretaro ,0495,01,C,00,URBANA,99,31,3,28,16,144,7,10,0,0,0,0,0,0,0,0,11,2,0,1,0,0,0,0,0,9,361,703,
22,QUERETARO,005,Queretaro ,0495,02,C,00,URBANA,100,27,4,29,19,136,7,13,0,0,0,0,0,0,0,0,6,16,0,0,0,0,0,0,0,14,371,703,
22,QUERETARO,005,Queretaro ,0495,03,C,00,URBANA,118,36,11,30,13,133,4,16,0,0,0,0,0,0,0,0,15,2,0,1,0,0,0,0,0,21,400,703,
22,QUERETARO,005,Queretaro ,0495,04,C,00,URBANA,99,32,12,30,12,160,8,7,0,0,0,0,0,0,0,0,8,2,0,2,0,0,0,0,0,18,390,703,
22,QUERETARO,005,Queretaro ,0495,05,C,00,URBANA,124,29,5,29,16,113,9,7,0,0,0,0,0,0,0,0,12,0,0,0,0,0,0,0,2,30,376,702,
22,QUERETARO,005,Queretaro ,0496,01,B,00,URBANA,91,16,10,27,5,111,5,12,0,0,0,0,0,0,0,0,15,2,0,0,0,0,0,0,0,19,313,556,
22,QUERETARO,005,Queretaro ,0496,01,C,00,URBANA,93,22,4,19,12,107,5,5,0,0,0,0,0,0,0,0,7,3,3,1,0,0,0,0,0,11,292,556,
22,QUERETARO,005,Queretaro ,0496,02,C,00,URBANA,81,27,5,22,12,96,8,11,0,0,0,0,0,0,0,0,4,3,0,2,0,0,0,0,0,14,285,556,
22,QUERETARO,005,Queretaro ,0497,01,B,00,URBANA,107,22,10,28,15,175,12,14,0,0,0,0,0,0,0,0,12,6,0,0,0,0,0,0,1,16,418,737,
22,QUERETARO,005,Queretaro ,0497,01,C,00,URBANA,135,32,4,35,11,150,7,9,0,0,0,0,0,0,0,0,7,3,0,0,0,0,0,0,0,20,413,736,
22,QUERETARO,005,Queretaro ,0498,01,B,00,URBANA,109,39,9,37,13,146,5,12,0,0,0,0,0,0,0,0,10,1,2,0,0,0,0,0,0,17,400,744,
22,QUERETARO,005,Queretaro ,0498,01,C,00,URBANA,124,30,8,40,12,140,10,7,0,0,0,0,0,0,0,0,19,7,0,2,0,0,0,0,0,22,421,744,
22,QUERETARO,005,Queretaro ,0505,01,B,00,URBANA,75,28,6,15,12,108,5,6,0,0,0,0,0,0,0,0,11,3,0,1,0,0,0,0,0,13,283,515,
22,QUERETARO,005,Queretaro ,0505,01,C,00,URBANA,94,27,8,21,11,116,6,2,0,0,0,0,0,0,0,0,8,1,0,1,0,0,0,0,0,16,311,515,
22,QUERETARO,005,Queretaro ,0505,02,C,00,URBANA,78,15,10,20,10,95,5,5,0,0,0,0,0,0,0,0,15,4,0,1,0,0,0,0,0,12,270,514,
22,QUERETARO,005,Queretaro ,0506,01,B,00,URBANA,170,44,4,26,13,157,6,20,0,0,0,0,0,0,0,0,12,3,0,0,0,0,0,0,0,21,476,706,
22,QUERETARO,005,Queretaro ,0506,01,C,00,URBANA,189,40,5,27,13,146,6,11,0,0,0,0,0,0,0,0,9,3,1,1,0,0,0,0,0,25,476,705,
22,QUERETARO,005,Queretaro ,0507,01,B,00,URBANA,110,36,4,17,18,105,9,3,0,0,0,0,0,0,0,0,5,4,0,0,0,0,0,0,0,6,317,512,
22,QUERETARO,005,Queretaro ,0507,01,C,00,URBANA,96,24,3,26,8,113,6,8,0,0,0,0,0,0,0,0,9,3,0,0,0,0,0,0,0,19,315,512,
22,QUERETARO,005,Queretaro ,0507,02,C,00,URBANA,118,27,4,21,15,107,5,5,0,0,0,0,0,0,0,0,10,4,1,1,0,0,0,0,0,15,333,511,
22,QUERETARO,005,Queretaro ,0508,01,B,00,URBANA,166,32,8,30,9,119,6,15,0,0,0,0,0,0,0,0,12,0,0,3,0,0,0,0,0,20,420,709,
22,QUERETARO,005,Queretaro ,0508,01,C,00,URBANA,172,41,10,29,10,134,10,11,0,0,0,0,0,0,0,0,16,5,0,2,0,0,0,0,0,15,455,709,
22,QUERETARO,005,Queretaro ,0508,02,C,00,URBANA,164,45,9,36,9,141,7,15,0,0,0,0,0,0,0,0,1,2,0,1,0,0,0,0,0,17,447,708,
22,QUERETARO,005,Queretaro ,0509,01,B,00,URBANA,155,49,9,27,8,159,7,9,0,0,0,0,0,0,0,0,5,7,0,2,0,0,0,0,0,15,452,727,
22,QUERETARO,005,Queretaro ,0509,01,C,00,URBANA,192,51,6,23,14,126,5,12,0,0,0,0,0,0,0,0,9,0,1,1,0,0,0,0,0,23,463,727,
22,QUERETARO,005,Queretaro ,0510,01,B,00,URBANA,90,19,10,18,10,126,7,5,0,0,0,0,0,0,0,0,13,6,1,2,0,0,0,0,0,16,323,579,
22,QUERETARO,005,Queretaro ,0510,01,C,00,URBANA,72,20,15,19,4,138,5,8,0,0,0,0,0,0,0,0,10,3,0,2,0,0,0,0,0,16,312,578,
22,QUERETARO,005,Queretaro ,0510,02,C,00,URBANA,88,18,4,13,14,135,4,7,0,0,0,0,0,0,0,0,15,5,0,3,0,0,0,0,0,8,314,578,
22,QUERETARO,005,Queretaro ,0510,03,C,00,URBANA,97,24,4,19,15,126,2,9,0,0,0,0,0,0,0,0,6,1,1,4,0,0,0,0,0,20,328,578,
22,QUERETARO,005,Queretaro ,0513,01,B,00,URBANA,109,32,11,31,16,138,4,13,0,0,0,0,0,0,0,0,12,1,1,4,0,0,0,0,0,8,380,725,
22,QUERETARO,005,Queretaro ,0513,01,C,00,URBANA,140,37,11,20,17,140,5,5,0,0,0,0,0,0,0,0,10,3,1,0,0,0,0,0,0,11,400,725,
22,QUERETARO,005,Queretaro ,0513,02,C,00,URBANA,121,34,6,33,11,141,6,10,0,0,0,0,0,0,0,0,12,3,1,0,0,0,0,0,0,14,392,724,
22,QUERETARO,005,Queretaro ,0513,03,C,00,URBANA,133,27,5,24,11,161,4,4,0,0,0,0,0,0,0,0,12,5,0,3,0,0,0,0,0,18,407,724,
22,QUERETARO,005,Queretaro ,0513,04,C,00,URBANA,117,35,6,27,12,130,10,5,0,0,0,0,0,0,0,0,15,4,1,0,0,0,0,0,0,12,374,724,
22,QUERETARO,005,Queretaro ,0513,05,C,00,URBANA,132,27,9,5,16,130,7,14,0,0,0,0,0,0,0,0,12,2,1,1,0,0,0,0,2,9,367,724,
22,QUERETARO,005,Queretaro ,0513,06,C,00,URBANA,111,30,4,30,14,140,4,17,0,0,0,0,0,0,0,0,12,3,1,3,0,0,0,0,0,11,380,724,
22,QUERETARO,005,Queretaro ,0513,07,C,00,URBANA,128,27,6,38,7,130,6,12,0,0,0,0,0,0,0,0,11,0,0,0,0,0,0,0,1,11,377,724,
22,QUERETARO,005,Queretaro ,0513,08,C,00,URBANA,122,25,10,25,15,132,10,7,0,0,0,0,0,0,0,0,14,4,1,0,0,0,0,0,0,13,378,724,
22,QUERETARO,005,Queretaro ,0513,09,C,00,URBANA,132,35,10,35,7,142,8,7,0,0,0,0,0,0,0,0,17,2,0,0,0,0,0,0,0,15,410,724,
22,QUERETARO,005,Queretaro ,0513,10,C,00,URBANA,134,28,4,31,14,143,8,6,0,0,0,0,0,0,0,0,5,0,0,0,0,0,0,0,0,21,394,724,
22,QUERETARO,005,Queretaro ,0513,11,C,00,URBANA,148,24,9,26,7,139,6,18,0,0,0,0,0,0,0,0,22,2,1,3,0,0,0,0,0,21,426,724,
22,QUERETARO,005,Queretaro ,0514,01,B,00,URBANA,130,16,10,31,12,125,8,16,0,0,0,0,0,0,0,0,17,2,0,3,0,0,0,0,0,8,378,665,
22,QUERETARO,005,Queretaro ,0514,01,C,00,URBANA,132,21,4,22,9,128,7,8,0,0,0,0,0,0,0,0,19,1,1,0,0,0,0,0,2,13,367,665,
22,QUERETARO,005,Queretaro ,0514,02,C,00,URBANA,134,26,3,28,14,125,2,3,0,0,0,0,0,0,0,0,11,3,0,0,0,0,0,0,0,14,363,665,
22,QUERETARO,005,Queretaro ,0514,03,C,00,URBANA,138,39,4,26,12,111,5,5,0,0,0,0,0,0,0,0,14,3,0,0,0,0,0,0,0,11,368,665,
22,QUERETARO,005,Queretaro ,0514,04,C,00,URBANA,129,28,0,22,0,0,0,7,0,0,0,0,0,0,0,0,172,0,0,0,0,0,0,0,0,0,358,665,
22,QUERETARO,005,Queretaro ,0514,05,C,00,URBANA,121,21,5,32,11,132,3,17,0,0,0,0,0,0,0,0,16,2,0,0,0,0,0,0,0,11,371,665,
22,QUERETARO,005,Queretaro ,0514,06,C,00,URBANA,138,28,4,25,11,118,3,8,0,0,0,0,0,0,0,0,7,3,0,2,0,0,0,0,1,8,356,664,
22,QUERETARO,005,Queretaro ,0514,07,C,00,URBANA,123,25,4,34,13,117,7,10,0,0,0,0,0,0,0,0,20,0,0,0,0,0,0,0,0,16,369,664,
22,QUERETARO,005,Queretaro ,0515,01,B,00,URBANA,190,47,13,27,2,124,7,12,0,0,0,0,0,0,0,0,4,1,0,1,0,0,0,0,0,13,441,656,
22,QUERETARO,005,Queretaro ,0515,01,C,00,URBANA,202,38,8,25,8,91,11,9,0,0,0,0,0,0,0,0,10,2,0,0,0,0,0,0,0,15,419,656,
22,QUERETARO,005,Queretaro ,0515,02,C,00,URBANA,195,37,12,24,8,114,5,13,0,0,0,0,0,0,0,0,14,2,0,1,0,0,0,0,1,15,441,656,
22,QUERETARO,005,Queretaro ,0515,03,C,00,URBANA,220,37,11,23,12,119,5,14,0,0,0,0,0,0,0,0,8,5,0,2,0,0,0,0,0,10,466,655,
22,QUERETARO,005,Queretaro ,0515,04,C,00,URBANA,163,48,14,23,8,98,6,11,0,0,0,0,0,0,0,0,8,1,1,1,0,0,0,0,0,21,403,655,
22,QUERETARO,005,Queretaro ,0515,05,C,00,URBANA,238,41,6,26,7,106,1,11,0,0,0,0,0,0,0,0,8,0,0,1,0,0,0,0,1,9,455,655,
22,QUERETARO,005,Queretaro ,0554,01,B,00,NO URBANA,125,36,2,27,16,136,8,6,0,0,0,0,0,0,0,0,11,1,1,2,0,0,0,0,0,12,383,745,
22,QUERETARO,005,Queretaro ,0693,01,B,00,URBANA,89,21,10,18,7,98,6,11,0,0,0,0,0,0,0,0,0,2,0,1,0,0,0,0,0,19,282,506,
22,QUERETARO,005,Queretaro ,0693,01,C,00,URBANA,90,13,10,30,11,118,3,5,0,0,0,0,0,0,0,0,10,2,0,0,0,0,0,0,7,7,306,505,
22,QUERETARO,005,Queretaro ,0921,01,B,00,URBANA,318,37,9,24,1,61,3,7,0,0,0,0,0,0,0,0,5,0,0,1,0,0,0,0,0,9,475,674,
22,QUERETARO,005,Queretaro ,0921,01,C,00,URBANA,327,54,5,23,1,60,5,8,0,0,0,0,0,0,0,0,6,0,0,0,0,0,0,0,0,11,500,674,
22,QUERETARO,005,Queretaro ,0921,02,C,00,URBANA,361,60,4,0,4,52,2,5,0,0,0,0,0,0,0,0,2,2,1,0,0,0,0,0,0,7,500,674,
22,QUERETARO,005,Queretaro ,0922,01,B,00,URBANA,343,54,5,17,1,49,2,5,0,0,0,0,0,0,0,0,3,0,0,0,0,0,0,0,0,0,479,676,
22,QUERETARO,005,Queretaro ,0922,01,C,00,URBANA,338,52,2,24,4,56,6,9,0,0,0,0,0,0,0,0,9,0,0,1,0,0,0,0,0,10,511,676,
22,QUERETARO,005,Queretaro ,0922,02,C,00,URBANA,299,33,4,25,3,82,7,11,0,0,0,0,0,0,0,0,5,0,0,0,0,0,0,0,0,12,481,676,
22,QUERETARO,005,Queretaro ,0922,03,C,00,URBANA,329,55,2,30,2,66,4,7,0,0,0,0,0,0,0,0,7,1,0,1,0,0,0,0,0,7,511,676,
22,QUERETARO,005,Queretaro ,0923,01,B,00,URBANA,382,62,3,9,4,51,4,3,0,0,0,0,0,0,0,0,6,0,0,0,0,0,0,0,1,12,537,728,
22,QUERETARO,005,Queretaro ,0923,01,C,00,URBANA,398,61,5,20,7,53,0,5,0,0,0,0,0,0,0,0,4,0,0,1,0,0,0,0,0,10,564,727,
22,QUERETARO,005,Queretaro ,0923,02,C,00,URBANA,411,56,8,15,4,59,2,8,0,0,0,0,0,0,0,0,3,0,0,0,0,0,0,0,0,14,580,727,
22,QUERETARO,005,Queretaro ,0924,01,B,00,URBANA,369,41,4,24,4,55,2,6,0,0,0,0,0,0,0,0,1,0,0,2,0,0,0,0,0,9,517,690,
22,QUERETARO,005,Queretaro ,0924,01,C,00,URBANA,366,47,1,14,4,56,6,10,0,0,0,0,0,0,0,0,3,0,0,0,0,0,0,0,0,13,520,690,
22,QUERETARO,005,Queretaro ,0924,02,C,00,URBANA,349,61,2,16,3,50,5,6,0,0,0,0,0,0,0,0,6,0,0,1,0,0,0,0,0,6,505,689,
22,QUERETARO,005,Queretaro ,0924,03,C,00,URBANA,354,58,11,16,4,62,5,8,0,0,0,0,0,0,0,0,4,1,0,1,0,0,0,0,0,5,529,689,
22,QUERETARO,005,Queretaro ,0943,01,B,00,URBANA,386,22,1,20,5,47,2,0,0,0,0,0,0,0,0,0,3,0,0,0,0,0,0,0,0,8,494,647,
22,QUERETARO,005,Queretaro ,0943,01,C,00,URBANA,395,42,4,17,5,24,0,4,0,0,0,0,0,0,0,0,2,0,0,0,0,0,0,0,0,7,500,646,
22,QUERETARO,005,Queretaro ,0943,02,C,00,URBANA,400,31,6,6,1,46,1,4,0,0,0,0,0,0,0,0,3,4,0,0,0,0,0,0,1,7,510,646,
22,QUERETARO,005,Queretaro ,0944,01,B,00,URBANA,326,50,1,19,2,66,4,9,0,0,0,0,0,0,0,0,6,0,0,0,0,0,0,0,0,12,495,630,
22,QUERETARO,005,Queretaro ,0944,01,C,00,URBANA,342,39,5,9,9,47,1,8,0,0,0,0,0,0,0,0,5,0,0,0,0,0,0,0,0,16,481,630,
22,QUERETARO,005,Queretaro ,0944,02,C,00,URBANA,301,46,2,18,4,64,4,5,0,0,0,0,0,0,0,0,4,0,0,0,0,0,0,0,1,17,466,629,
22,QUERETARO,005,Queretaro ,0944,03,C,00,URBANA,324,58,8,20,3,45,3,5,0,0,0,0,0,0,0,0,6,0,0,0,0,0,0,0,0,15,487,629,
22,QUERETARO,005,Queretaro ,0945,01,B,00,URBANA,342,36,2,16,1,49,3,3,0,0,0,0,0,0,0,0,5,1,0,0,0,0,0,0,0,6,464,622,
22,QUERETARO,005,Queretaro ,0945,01,C,00,URBANA,360,32,1,15,1,53,2,3,0,0,0,0,0,0,0,0,2,0,0,0,0,0,0,0,1,8,478,622,
22,QUERETARO,005,Queretaro ,0945,02,C,00,URBANA,360,34,2,12,4,55,4,4,0,0,0,0,0,0,0,0,3,0,0,0,0,0,0,0,0,6,484,622,
22,QUERETARO,005,Queretaro ,0945,01,S,00,URBANA,8,2,0,0,0,1,0,0,0,0,0,0,0,0,0,0,0,0,0,0,0,0,0,0,0,0,11,0,
22,QUERETARO,005,Queretaro ,0945,02,S,00,URBANA,18,3,0,0,0,0,0,1,0,0,0,0,0,0,0,0,0,0,0,0,0,0,0,0,0,0,22,0,
22,QUERETARO,005,Queretaro ,0945,01,S,00,URBANA,30,5,1,6,0,9,0,3,0,0,0,0,0,0,0,0,0,0,0,0,0,0,0,0,0,0,54,0,
22,QUERETARO,005,Queretaro ,0945,02,S,00,URBANA,27,8,0,4,2,11,0,0,0,0,0,0,0,0,0,0,0,0,0,0,0,0,0,0,0,2,54,0,
22,QUERETARO,005,Queretaro ,0946,01,B,00,URBANA,236,46,4,26,5,73,3,8,0,0,0,0,0,0,0,0,3,0,0,0,0,0,0,0,1,13,418,580,
22,QUERETARO,005,Queretaro ,0946,01,C,00,URBANA,256,38,7,17,4,73,5,7,0,0,0,0,0,0,0,0,9,0,1,0,0,0,0,0,0,14,431,580,
22,QUERETARO,005,Queretaro ,0946,02,C,00,URBANA,256,26,8,17,1,69,4,6,0,0,0,0,0,0,0,0,11,0,0,1,0,0,0,0,0,15,414,579,
22,QUERETARO,005,Queretaro ,0946,03,C,00,URBANA,232,48,4,21,5,71,6,7,0,0,0,0,0,0,0,0,0,0,0,0,0,0,0,0,0,22,416,579,
22,QUERETARO,006,Queretaro ,0416,01,A,00,URBANA,2,2,0,0,0,1,0,0,0,0,0,0,0,0,0,0,0,0,0,0,0,0,0,0,0,0,5,5,
22,QUERETARO,006,Queretaro ,0861,01,A,00,URBANA,4,0,0,0,0,3,0,0,0,0,0,0,0,0,0,0,0,0,0,0,0,0,0,0,0,0,7,9,
22,QUERETARO,006,Queretaro ,0110,01,B,00,URBANA,185,13,4,21,26,98,9,13,0,0,0,0,0,0,0,0,5,0,2,0,0,0,3,0,0,11,390,627,
22,QUERETARO,006,Queretaro ,0110,01,C,00,URBANA,189,20,1,20,23,106,11,15,0,0,0,0,0,0,0,0,5,0,0,1,0,0,4,0,1,11,407,627,
22,QUERETARO,006,Queretaro ,0110,02,C,00,URBANA,215,13,2,29,21,105,4,12,0,0,0,0,0,0,0,0,6,0,0,0,0,0,3,0,0,13,423,627,
22,QUERETARO,006,Queretaro ,0110,03,C,00,URBANA,181,24,2,23,16,111,10,13,0,0,0,0,0,0,0,0,6,1,0,1,0,0,5,0,1,8,402,627,
22,QUERETARO,006,Queretaro ,0110,04,C,00,URBANA,199,15,2,25,13,112,5,14,0,0,0,0,0,0,0,0,5,1,2,0,0,0,3,0,0,11,407,626,
22,QUERETARO,006,Queretaro ,0111,01,B,00,URBANA,137,13,2,17,20,147,8,16,0,0,0,0,0,0,0,0,7,3,0,3,0,0,5,0,0,14,392,664,
22,QUERETARO,006,Queretaro ,0111,01,C,00,URBANA,158,15,9,27,17,128,6,13,0,0,0,0,0,0,0,0,11,3,1,1,0,0,0,0,0,14,403,664,
22,QUERETARO,006,Queretaro ,0111,02,C,00,URBANA,137,18,7,19,21,134,16,12,0,0,0,0,0,0,0,0,3,2,1,1,0,0,7,0,0,22,400,664,
22,QUERETARO,006,Queretaro ,0111,03,C,00,URBANA,156,15,3,14,19,111,13,7,0,0,0,0,0,0,0,0,13,0,0,1,0,0,6,0,0,22,380,663,
22,QUERETARO,006,Queretaro ,0688,01,B,00,NO URBANA,349,27,9,30,10,76,5,9,0,0,0,0,0,0,0,0,4,0,0,0,0,0,11,0,0,16,546,743,
22,QUERETARO,006,Queretaro ,0688,01,C,00,NO URBANA,385,23,5,20,12,84,7,5,0,0,0,0,0,0,0,0,4,0,0,1,0,0,9,0,0,7,562,743,
22,QUERETARO,006,Queretaro ,0688,02,C,00,NO URBANA,372,25,4,29,4,71,1,19,0,0,0,0,0,0,0,0,12,0,0,3,0,0,15,0,0,7,562,743,
22,QUERETARO,006,Queretaro ,0688,03,C,00,NO URBANA,354,21,7,25,8,103,5,11,0,0,0,0,0,0,0,0,8,1,0,3,0,0,4,0,1,16,567,742,
22,QUERETARO,006,Queretaro ,0688,04,C,00,NO URBANA,408,24,4,23,7,71,6,2,0,0,0,0,0,0,0,0,1,1,0,0,0,0,3,0,1,1,552,742,
22,QUERETARO,006,Queretaro ,0688,05,C,00,NO URBANA,396,18,4,28,7,76,8,11,0,0,0,0,0,0,0,0,6,2,0,2,0,0,5,0,0,13,576,742,
22,QUERETARO,006,Queretaro ,0689,01,B,00,URBANA,72,15,1,21,10,122,13,4,0,0,0,0,0,0,0,0,12,7,1,2,0,0,3,0,0,10,293,524,
22,QUERETARO,006,Queretaro ,0690,01,B,00,URBANA,94,10,3,16,4,100,7,6,0,0,0,0,0,0,0,0,9,0,0,0,0,0,1,0,0,8,258,508,
22,QUERETARO,006,Queretaro ,0690,01,C,00,URBANA,90,7,1,16,4,112,10,5,0,0,0,0,0,0,0,0,7,0,1,1,0,0,2,0,0,10,266,508,
22,QUERETARO,006,Queretaro ,0694,01,B,00,URBANA,78,14,3,18,16,90,3,5,0,0,0,0,0,0,0,0,8,1,0,0,0,0,3,0,0,10,249,502,
22,QUERETARO,006,Queretaro ,0694,01,C,00,URBANA,72,8,4,17,14,110,4,3,0,0,0,0,0,0,0,0,3,0,0,1,0,0,4,0,0,7,247,502,
22,QUERETARO,006,Queretaro ,0694,02,C,00,URBANA,84,12,3,16,12,157,7,7,0,0,0,0,0,0,0,0,0,7,0,0,0,0,2,0,0,15,322,501,
22,QUERETARO,006,Queretaro ,0695,01,B,00,URBANA,90,11,6,25,12,125,17,8,0,0,0,0,0,0,0,0,18,0,0,0,0,0,3,0,0,11,326,681,
22,QUERETARO,006,Queretaro ,0695,01,C,00,URBANA,104,12,8,17,24,125,16,13,0,0,0,0,0,0,0,0,16,2,0,2,0,0,4,0,0,10,353,681,
22,QUERETARO,006,Queretaro ,0695,02,C,00,URBANA,99,12,3,26,19,125,5,14,0,0,0,0,0,0,0,0,11,3,2,3,0,0,3,0,0,22,347,680,
22,QUERETARO,006,Queretaro ,0695,03,C,00,URBANA,106,8,2,23,10,147,19,10,0,0,0,0,0,0,0,0,10,1,1,2,0,0,3,0,0,11,353,680,
22,QUERETARO,006,Queretaro ,0764,01,B,00,URBANA,137,11,4,32,21,124,7,17,0,0,0,0,0,0,0,0,7,1,0,0,0,0,3,0,0,15,379,613,
22,QUERETARO,006,Queretaro ,0764,01,C,00,URBANA,161,13,4,28,13,126,5,12,0,0,0,0,0,0,0,0,6,0,0,0,0,0,2,0,0,11,381,613,
22,QUERETARO,006,Queretaro ,0765,01,B,00,URBANA,213,15,3,29,12,78,5,2,0,0,0,0,0,0,0,0,13,0,0,1,0,0,3,0,0,17,391,556,
22,QUERETARO,006,Queretaro ,0765,01,C,00,URBANA,215,13,0,23,12,87,9,14,0,0,0,0,0,0,0,0,11,0,0,0,0,0,9,0,0,12,405,556,
22,QUERETARO,006,Queretaro ,0766,01,B,00,URBANA,248,25,6,22,11,79,7,7,0,0,0,0,0,0,0,0,5,2,0,1,0,0,5,0,0,8,426,575,
22,QUERETARO,006,Queretaro ,0766,01,C,00,URBANA,225,21,3,17,10,86,10,13,0,0,0,0,0,0,0,0,11,1,0,0,0,0,0,0,0,8,405,575,
22,QUERETARO,006,Queretaro ,0767,01,B,00,URBANA,216,16,6,29,19,112,8,15,0,0,0,0,0,0,0,0,6,0,0,0,0,0,8,0,0,13,448,603,
22,QUERETARO,006,Queretaro ,0767,01,C,00,URBANA,229,21,2,33,18,110,4,19,0,0,0,0,0,0,0,0,9,1,0,0,0,0,3,0,0,13,462,603,
22,QUERETARO,006,Queretaro ,0768,01,B,00,URBANA,306,27,4,32,13,97,7,10,0,0,0,0,0,0,0,0,5,2,0,2,0,0,6,0,3,16,530,684,
22,QUERETARO,006,Queretaro ,0769,01,B,00,URBANA,118,6,4,32,11,93,8,10,0,0,0,0,0,0,0,0,8,1,0,1,0,0,3,0,0,12,307,491,
22,QUERETARO,006,Queretaro ,0769,01,C,00,URBANA,101,21,2,20,8,110,7,12,0,0,0,0,0,0,0,0,5,0,0,0,0,0,4,0,0,6,296,490,
22,QUERETARO,006,Queretaro ,0770,01,B,00,URBANA,183,14,5,11,11,97,4,11,0,0,0,0,0,0,0,0,6,1,0,1,0,0,8,0,1,8,361,576,
22,QUERETARO,006,Queretaro ,0770,01,C,00,URBANA,203,16,3,20,7,75,4,13,0,0,0,0,0,0,0,0,8,0,0,0,0,0,7,0,1,7,364,576,
22,QUERETARO,006,Queretaro ,0770,02,C,00,URBANA,175,17,4,19,6,87,8,10,0,0,0,0,0,0,0,0,11,2,0,2,0,0,4,0,2,15,362,576,
22,QUERETARO,006,Queretaro ,0771,01,B,00,URBANA,336,21,9,25,9,85,5,6,0,0,0,0,0,0,0,0,3,2,0,1,0,0,5,0,0,14,521,690,
22,QUERETARO,006,Queretaro ,0772,01,B,00,URBANA,255,16,3,34,12,108,4,12,0,0,0,0,0,0,0,0,6,0,0,0,0,0,3,0,0,11,464,636,
22,QUERETARO,006,Queretaro ,0772,01,C,00,URBANA,268,14,3,29,9,89,1,8,0,0,0,0,0,0,0,0,8,1,0,0,0,0,8,0,0,10,448,635,
22,QUERETARO,006,Queretaro ,0773,01,B,00,URBANA,106,11,1,13,11,72,3,3,0,0,0,0,0,0,0,0,2,2,0,1,0,0,4,0,0,7,236,437,
22,QUERETARO,006,Queretaro ,0773,01,C,00,URBANA,125,8,4,14,16,69,3,5,0,0,0,0,0,0,0,0,3,2,1,2,0,0,3,0,0,6,261,436,
22,QUERETARO,006,Queretaro ,0776,01,B,00,URBANA,216,26,2,20,9,58,7,18,0,0,0,0,0,0,0,0,5,1,0,0,0,0,4,0,0,7,373,520,
22,QUERETARO,006,Queretaro ,0776,01,C,00,URBANA,216,19,2,16,8,80,6,5,0,0,0,0,0,0,0,0,6,0,0,0,0,0,6,0,0,12,376,520,
22,QUERETARO,006,Queretaro ,0777,01,B,00,URBANA,202,10,1,20,4,81,9,8,0,0,0,0,0,0,0,0,5,0,0,2,0,0,3,0,1,5,351,480,
22,QUERETARO,006,Queretaro ,0777,01,C,00,URBANA,194,15,2,19,5,66,6,4,0,0,0,0,0,0,0,0,9,1,0,0,0,0,6,0,2,10,339,480,
22,QUERETARO,006,Queretaro ,0778,01,B,00,URBANA,242,19,0,19,11,84,4,7,0,0,0,0,0,0,0,0,4,1,0,3,0,0,2,0,0,13,409,586,
22,QUERETARO,006,Queretaro ,0778,01,C,00,URBANA,253,10,3,28,11,78,7,3,0,0,0,0,0,0,0,0,4,0,0,2,0,0,2,0,0,13,414,586,
22,QUERETARO,006,Queretaro ,0779,01,B,00,URBANA,232,9,5,22,3,80,2,13,0,0,0,0,0,0,0,0,7,2,0,1,0,0,3,0,0,18,397,552,
22,QUERETARO,006,Queretaro ,0779,01,C,00,URBANA,216,14,5,24,8,85,5,7,0,0,0,0,0,0,0,0,11,0,0,1,0,0,6,0,0,8,390,551,
22,QUERETARO,006,Queretaro ,0780,01,B,00,URBANA,200,21,2,22,2,89,4,2,0,0,0,0,0,0,0,0,2,0,0,1,0,0,5,0,0,13,363,499,
22,QUERETARO,006,Queretaro ,0781,01,B,00,URBANA,202,19,3,12,4,57,3,3,0,0,0,0,0,0,0,0,4,0,0,0,0,0,2,0,0,4,313,439,
22,QUERETARO,006,Queretaro ,0782,01,B,00,URBANA,248,25,4,14,8,63,1,12,0,0,0,0,0,0,0,0,5,0,0,0,0,0,5,0,0,9,394,521,
22,QUERETARO,006,Queretaro ,0782,01,C,00,URBANA,243,16,3,20,4,82,4,8,0,0,0,0,0,0,0,0,10,2,0,0,0,0,6,0,0,9,407,521,
22,QUERETARO,006,Queretaro ,0783,01,B,00,URBANA,173,9,3,20,13,39,3,7,0,0,0,0,0,0,0,0,6,1,0,0,0,0,3,0,0,5,282,383,
22,QUERETARO,006,Queretaro ,0783,01,C,00,URBANA,167,16,3,15,6,52,0,7,0,0,0,0,0,0,0,0,4,0,0,0,0,0,2,0,0,7,279,383,
22,QUERETARO,006,Queretaro ,0784,01,B,00,URBANA,180,15,2,23,5,75,3,16,0,0,0,0,0,0,0,0,5,0,0,1,0,0,3,0,1,6,335,515,
22,QUERETARO,006,Queretaro ,0784,01,C,00,URBANA,167,15,2,18,14,88,7,7,0,0,0,0,0,0,0,0,7,0,0,0,0,0,6,0,1,9,341,515,
22,QUERETARO,006,Queretaro ,0784,02,C,00,URBANA,209,21,5,12,8,89,7,10,0,0,0,0,0,0,0,0,4,3,0,1,0,0,2,0,2,12,385,514,
22,QUERETARO,006,Queretaro ,0785,01,B,00,URBANA,201,19,3,24,7,83,7,9,0,0,0,0,0,0,0,0,8,0,1,1,0,0,4,0,0,6,373,509,
22,QUERETARO,006,Queretaro ,0785,01,C,00,URBANA,183,13,3,27,8,97,7,7,0,0,0,0,0,0,0,0,5,0,0,1,0,0,1,0,0,13,365,508,
22,QUERETARO,006,Queretaro ,0785,02,C,00,URBANA,208,19,3,12,5,84,4,10,0,0,0,0,0,0,0,0,8,0,0,0,0,0,2,0,1,9,365,508,
22,QUERETARO,006,Queretaro ,0786,01,B,00,URBANA,238,12,0,17,8,55,6,11,0,0,0,0,0,0,0,0,4,0,1,0,0,0,6,0,2,9,369,511,
22,QUERETARO,006,Queretaro ,0786,01,C,00,URBANA,242,17,2,21,6,55,5,9,0,0,0,0,0,0,0,0,5,2,0,0,0,0,4,0,1,1,370,510,
22,QUERETARO,006,Queretaro ,0787,01,B,00,URBANA,236,12,3,16,3,37,1,6,0,0,0,0,0,0,0,0,3,0,0,0,0,0,1,0,1,5,324,443,
22,QUERETARO,006,Queretaro ,0788,01,B,00,URBANA,150,12,6,18,18,132,6,12,0,0,0,0,0,0,0,0,5,2,0,1,0,0,2,0,12,7,383,635,
22,QUERETARO,006,Queretaro ,0788,01,C,00,URBANA,120,8,5,19,13,119,5,9,0,0,0,0,0,0,0,0,10,0,0,0,0,0,5,0,2,11,326,634,
22,QUERETARO,006,Queretaro ,0788,02,C,00,URBANA,124,10,3,24,17,101,10,10,0,0,0,0,0,0,0,0,7,2,0,1,0,0,3,0,0,13,325,634,
22,QUERETARO,006,Queretaro ,0788,03,C,00,URBANA,148,15,1,19,12,112,8,9,0,0,0,0,0,0,0,0,7,0,3,0,0,0,1,0,0,13,348,634,
22,QUERETARO,006,Queretaro ,0789,01,B,00,URBANA,300,12,3,31,12,101,5,17,0,0,0,0,0,0,0,0,9,1,0,1,0,0,4,0,0,11,507,715,
22,QUERETARO,006,Queretaro ,0789,01,C,00,URBANA,303,19,3,27,12,82,7,14,0,0,0,0,0,0,0,0,10,1,0,3,0,0,6,0,0,23,510,714,
22,QUERETARO,006,Queretaro ,0790,01,B,00,URBANA,212,12,1,21,7,58,5,9,0,0,0,0,0,0,0,0,3,2,1,0,0,0,1,0,0,10,342,452,
22,QUERETARO,006,Queretaro ,0790,01,C,00,URBANA,182,15,1,17,1,73,5,10,0,0,0,0,0,0,0,0,7,0,0,0,0,0,3,0,0,7,321,451,
22,QUERETARO,006,Queretaro ,0792,01,B,00,URBANA,291,15,0,31,7,75,0,9,0,0,0,0,0,0,0,0,6,1,0,0,0,0,2,0,0,8,445,594,
22,QUERETARO,006,Queretaro ,0792,01,C,00,URBANA,225,16,3,24,6,85,3,15,0,0,0,0,0,0,0,0,3,1,1,0,0,0,6,0,0,11,399,593,
22,QUERETARO,006,Queretaro ,0345,01,B,00,URBANA,93,2,2,23,8,163,15,10,0,0,0,0,0,0,0,0,21,2,0,9,0,0,0,0,1,0,349,618,
22,QUERETARO,006,Queretaro ,0345,01,C,00,URBANA,80,7,3,19,15,177,7,14,0,0,0,0,0,0,0,0,13,2,1,1,0,0,3,0,1,12,355,618,
22,QUERETARO,006,Queretaro ,0345,02,C,00,URBANA,65,12,1,29,24,175,14,14,0,0,0,0,0,0,0,0,14,2,0,5,0,0,0,0,1,13,369,618,
22,QUERETARO,006,Queretaro ,0345,03,C,00,URBANA,66,9,2,26,12,167,10,10,0,0,0,0,0,0,0,0,21,3,1,2,0,0,2,0,0,15,346,617,
22,QUERETARO,006,Queretaro ,0355,01,B,00,URBANA,109,16,3,31,17,207,7,12,0,0,0,0,0,0,0,0,29,3,2,1,0,0,2,0,0,15,454,683,
22,QUERETARO,006,Queretaro ,0355,01,C,00,URBANA,107,21,3,27,17,185,11,9,0,0,0,0,0,0,0,0,10,3,0,1,0,0,2,0,2,10,408,683,
22,QUERETARO,006,Queretaro ,0356,01,B,00,URBANA,130,16,1,31,24,147,13,10,0,0,0,0,0,0,0,0,7,4,0,1,0,0,3,0,0,10,397,626,
22,QUERETARO,006,Queretaro ,0356,01,C,00,URBANA,119,24,7,27,22,155,12,7,0,0,0,0,0,0,0,0,15,4,0,0,0,0,1,0,2,10,405,626,
22,QUERETARO,006,Queretaro ,0356,02,C,00,URBANA,127,12,6,31,17,143,7,13,0,0,0,0,0,0,0,0,14,3,0,0,0,0,6,0,0,12,391,625,
22,QUERETARO,006,Queretaro ,0357,01,B,00,URBANA,184,29,6,33,15,155,8,12,0,0,0,0,0,0,0,0,12,2,0,0,0,0,15,0,0,17,488,743,
22,QUERETARO,006,Queretaro ,0357,01,C,00,URBANA,181,22,4,53,11,167,5,16,0,0,0,0,0,0,0,0,13,5,3,0,0,0,8,0,0,16,504,743,
22,QUERETARO,006,Queretaro ,0357,02,C,00,URBANA,211,32,5,37,12,154,10,10,0,0,0,0,0,0,0,0,16,4,0,0,0,0,4,0,1,16,512,742,
22,QUERETARO,006,Queretaro ,0358,01,B,00,URBANA,145,11,1,12,7,69,5,9,0,0,0,0,0,0,0,0,8,3,0,1,0,0,5,0,0,7,283,392,
22,QUERETARO,006,Queretaro ,0358,01,C,00,URBANA,148,18,5,17,10,57,3,8,0,0,0,0,0,0,0,0,5,2,0,2,0,0,4,0,2,3,284,391,
22,QUERETARO,006,Queretaro ,0359,01,B,00,URBANA,224,19,5,20,10,143,10,8,0,0,0,0,0,0,0,0,11,0,0,0,0,0,6,0,1,11,468,656,
22,QUERETARO,006,Queretaro ,0359,01,C,00,URBANA,205,18,7,32,13,122,4,9,0,0,0,0,0,0,0,0,14,0,0,0,0,0,6,0,0,17,447,655,
22,QUERETARO,006,Queretaro ,0359,02,C,00,URBANA,213,19,4,26,12,132,3,14,0,0,0,0,0,0,0,0,12,1,0,3,0,0,7,0,0,11,457,655,
22,QUERETARO,006,Queretaro ,0359,03,C,00,URBANA,192,20,5,25,12,149,11,14,0,0,0,0,0,0,0,0,13,2,0,0,0,0,8,0,0,19,470,655,
22,QUERETARO,006,Queretaro ,0359,04,C,00,URBANA,191,12,4,28,19,140,7,14,0,0,0,0,0,0,0,0,13,1,0,0,0,0,3,0,0,15,447,655,
22,QUERETARO,006,Queretaro ,0360,01,B,00,URBANA,107,23,5,30,8,191,9,7,0,0,0,0,0,0,0,0,11,3,1,4,0,0,8,0,0,9,416,638,
22,QUERETARO,006,Queretaro ,0360,01,C,00,URBANA,89,15,5,27,17,191,9,10,0,0,0,0,0,0,0,0,14,4,0,0,0,0,2,0,0,12,395,637,
22,QUERETARO,006,Queretaro ,0360,02,C,00,URBANA,95,12,1,23,18,203,11,10,0,0,0,0,0,0,0,0,16,5,0,2,0,0,5,0,0,9,410,637,
22,QUERETARO,006,Queretaro ,0381,01,B,00,URBANA,204,22,4,27,8,163,6,13,0,0,0,0,0,0,0,0,5,1,0,1,0,0,1,0,1,15,471,720,
22,QUERETARO,006,Queretaro ,0381,01,C,00,URBANA,179,29,1,28,8,175,10,9,0,0,0,0,0,0,0,0,13,0,0,1,0,0,4,0,2,14,473,719,
22,QUERETARO,006,Queretaro ,0381,02,C,00,URBANA,160,24,2,28,18,129,12,7,0,0,0,0,0,0,0,0,16,0,0,1,0,0,3,0,0,13,413,719,
22,QUERETARO,006,Queretaro ,0381,03,C,00,URBANA,183,33,6,37,17,165,12,14,0,0,0,0,0,0,0,0,9,0,1,0,0,0,7,0,0,3,487,719,
22,QUERETARO,006,Queretaro ,0381,04,C,00,URBANA,163,25,4,25,12,159,12,9,0,0,0,0,0,0,0,0,13,4,0,1,0,0,4,0,0,9,440,719,
22,QUERETARO,006,Queretaro ,0382,01,B,00,URBANA,253,38,3,24,6,120,5,12,0,0,0,0,0,0,0,0,10,1,0,0,0,0,10,0,1,18,501,649,
22,QUERETARO,006,Queretaro ,0382,01,C,00,URBANA,218,32,1,23,14,121,11,18,0,0,0,0,0,0,0,0,9,3,1,1,0,0,4,0,0,15,471,648,
22,QUERETARO,006,Queretaro ,0383,01,B,00,URBANA,172,13,5,12,8,61,5,11,0,0,0,0,0,0,0,0,5,1,0,3,0,0,2,0,0,9,307,412,
22,QUERETARO,006,Queretaro ,0383,01,C,00,URBANA,156,12,1,11,9,86,5,10,0,0,0,0,0,0,0,0,5,1,0,0,0,0,2,0,22,0,320,412,
22,QUERETARO,006,Queretaro ,0392,01,B,00,URBANA,157,28,5,15,8,78,3,13,0,0,0,0,0,0,0,0,8,1,0,0,0,0,6,0,0,17,339,496,
22,QUERETARO,006,Queretaro ,0392,01,C,00,URBANA,168,35,4,21,3,94,5,9,0,0,0,0,0,0,0,0,8,0,0,0,0,0,4,0,0,6,357,496,
22,QUERETARO,006,Queretaro ,0393,01,B,00,URBANA,152,24,5,22,7,114,7,11,0,0,0,0,0,0,0,0,6,1,1,2,0,0,5,0,0,21,378,552,
22,QUERETARO,006,Queretaro ,0393,01,C,00,URBANA,186,21,4,19,13,89,5,6,0,0,0,0,0,0,0,0,11,4,0,1,0,0,2,0,2,12,375,551,
22,QUERETARO,006,Queretaro ,0393,02,C,00,URBANA,178,24,4,28,9,85,7,13,0,0,0,0,0,0,0,0,9,2,1,1,0,0,3,0,0,12,376,551,
22,QUERETARO,006,Queretaro ,0394,01,B,00,URBANA,130,24,1,27,12,143,7,10,0,0,0,0,0,0,0,0,13,1,0,3,0,0,6,0,0,22,399,677,
22,QUERETARO,006,Queretaro ,0394,01,C,00,URBANA,134,17,1,21,23,134,6,8,0,0,0,0,0,0,0,0,13,5,1,2,0,0,9,0,0,28,402,677,
22,QUERETARO,006,Queretaro ,0395,01,B,00,URBANA,105,14,0,29,15,170,9,12,0,0,0,0,0,0,0,0,15,2,0,2,0,0,1,0,0,13,387,641,
22,QUERETARO,006,Queretaro ,0395,01,C,00,URBANA,99,12,6,24,13,150,5,8,0,0,0,0,0,0,0,0,21,3,2,3,0,0,4,0,1,8,359,641,
22,QUERETARO,006,Queretaro ,0395,02,C,00,URBANA,101,16,6,21,24,182,7,4,0,0,0,0,0,0,0,0,14,0,0,0,0,0,2,0,0,13,390,640,
22,QUERETARO,006,Queretaro ,0396,01,B,00,URBANA,78,17,3,19,23,168,7,15,0,0,0,0,0,0,0,0,4,1,0,3,0,0,3,0,0,15,356,621,
22,QUERETARO,006,Queretaro ,0396,01,C,00,URBANA,76,16,3,24,13,133,13,5,0,0,0,0,0,0,0,0,22,2,0,2,0,0,3,0,0,18,330,621,
22,QUERETARO,006,Queretaro ,0397,01,B,00,URBANA,128,23,3,16,13,122,7,4,0,0,0,0,0,0,0,0,12,0,0,1,0,0,6,0,0,5,340,609,
22,QUERETARO,006,Queretaro ,0397,01,C,00,URBANA,109,17,5,22,8,140,6,16,0,0,0,0,0,0,0,0,13,2,1,1,0,0,8,0,1,8,357,609,
22,QUERETARO,006,Queretaro ,0397,02,C,00,URBANA,108,15,4,29,8,154,9,6,0,0,0,0,0,0,0,0,18,3,0,0,0,0,5,0,0,12,371,609,
22,QUERETARO,006,Queretaro ,0398,01,B,00,URBANA,126,26,1,24,23,137,9,10,0,0,0,0,0,0,0,0,12,4,0,0,0,0,4,0,1,21,398,633,
22,QUERETARO,006,Queretaro ,0413,01,B,00,URBANA,131,16,1,14,5,62,2,8,0,0,0,0,0,0,0,0,6,0,0,0,0,0,5,0,1,5,256,380,
22,QUERETARO,006,Queretaro ,0413,01,C,00,URBANA,147,10,3,11,2,67,3,5,0,0,0,0,0,0,0,0,2,0,0,0,0,0,5,0,1,6,262,379,
22,QUERETARO,006,Queretaro ,0414,01,B,00,URBANA,109,23,2,16,5,83,1,4,0,0,0,0,0,0,0,0,2,1,0,0,0,0,2,0,1,7,256,386,
22,QUERETARO,006,Queretaro ,0414,01,C,00,URBANA,107,16,3,24,6,86,3,3,0,0,0,0,0,0,0,0,4,1,1,0,0,0,6,0,0,14,274,385,
22,QUERETARO,006,Queretaro ,0415,01,B,00,URBANA,143,25,1,14,6,74,3,9,0,0,0,0,0,0,0,0,7,4,0,1,0,0,3,0,1,11,302,424,
22,QUERETARO,006,Queretaro ,0415,01,C,00,URBANA,148,21,1,18,6,84,1,8,0,0,0,0,0,0,0,0,3,1,0,1,0,0,1,0,1,8,302,423,
22,QUERETARO,006,Queretaro ,0416,01,B,00,NO URBANA,68,9,4,13,14,166,7,9,0,0,0,0,0,0,0,0,17,1,0,2,0,0,2,0,0,14,326,732,
22,QUERETARO,006,Queretaro ,0416,01,C,00,NO URBANA,61,15,1,24,23,161,10,7,0,0,0,0,0,0,0,0,17,4,4,1,0,0,4,0,0,13,345,731,
22,QUERETARO,006,Queretaro ,0416,02,C,00,NO URBANA,85,11,2,22,14,166,13,8,0,0,0,0,0,0,0,0,15,3,4,4,0,0,7,0,0,15,369,731,
22,QUERETARO,006,Queretaro ,0416,03,C,00,NO URBANA,71,14,2,23,21,166,6,9,0,0,0,0,0,0,0,0,17,4,0,3,0,0,2,0,1,10,349,731,
22,QUERETARO,006,Queretaro ,0417,01,B,00,URBANA,150,10,2,20,7,64,3,6,0,0,0,0,0,0,0,0,7,0,0,2,0,0,4,0,0,10,285,425,
22,QUERETARO,006,Queretaro ,0417,01,C,00,URBANA,142,13,3,21,8,71,3,9,0,0,0,0,0,0,0,0,1,0,0,1,0,0,5,0,0,13,290,425,
22,QUERETARO,006,Queretaro ,0418,01,B,00,URBANA,150,10,2,28,7,82,5,10,0,0,0,0,0,0,0,0,11,0,0,0,0,0,6,0,0,7,318,471,
22,QUERETARO,006,Queretaro ,0418,01,C,00,URBANA,172,17,3,20,3,69,8,11,0,0,0,0,0,0,0,0,5,1,0,0,0,0,4,0,2,11,326,470,
22,QUERETARO,006,Queretaro ,0419,01,B,00,URBANA,199,16,3,27,12,85,7,13,0,0,0,0,0,0,0,0,14,2,0,2,0,0,4,0,0,20,404,632,
22,QUERETARO,006,Queretaro ,0426,01,B,00,URBANA,192,28,7,8,18,103,6,11,0,0,0,0,0,0,0,0,12,2,0,1,0,0,13,0,0,15,416,621,
22,QUERETARO,006,Queretaro ,0426,01,C,00,URBANA,211,26,6,24,12,99,9,9,0,0,0,0,0,0,0,0,7,6,0,0,0,0,3,0,0,10,422,621,
22,QUERETARO,006,Queretaro ,0427,01,B,00,URBANA,292,26,8,34,9,94,3,7,0,0,0,0,0,0,0,0,7,1,0,3,0,0,13,0,0,5,502,678,
22,QUERETARO,006,Queretaro ,0427,01,C,00,URBANA,293,24,2,26,6,94,3,14,0,0,0,0,0,0,0,0,8,1,0,2,0,0,11,0,0,13,497,678,
22,QUERETARO,006,Queretaro ,0427,02,C,00,URBANA,292,16,1,36,7,97,5,7,0,0,0,0,0,0,0,0,7,1,0,1,0,0,8,0,0,15,493,678,
22,QUERETARO,006,Queretaro ,0427,03,C,00,URBANA,301,29,3,30,7,89,8,16,0,0,0,0,0,0,0,0,6,0,0,3,0,0,7,0,0,12,511,678,
22,QUERETARO,006,Queretaro ,0427,04,C,00,URBANA,300,11,3,28,10,75,5,11,0,0,0,0,0,0,0,0,9,1,1,0,0,0,6,0,0,14,474,678,
22,QUERETARO,006,Queretaro ,0427,05,C,00,URBANA,279,32,3,28,7,85,5,4,0,0,0,0,0,0,0,0,4,1,1,5,0,0,1,0,0,22,477,677,
22,QUERETARO,006,Queretaro ,0428,01,B,00,URBANA,185,28,3,23,7,73,3,14,0,0,0,0,0,0,0,0,6,0,0,0,0,0,3,0,0,22,367,508,
22,QUERETARO,006,Queretaro ,0428,01,C,00,URBANA,170,12,3,26,5,81,8,6,0,0,0,0,0,0,0,0,5,1,2,0,0,0,4,0,0,8,331,507,
22,QUERETARO,006,Queretaro ,0429,01,B,00,URBANA,109,12,3,21,7,84,3,7,0,0,0,0,0,0,0,0,7,3,0,1,0,0,7,0,0,16,280,457,
22,QUERETARO,006,Queretaro ,0429,01,C,00,URBANA,136,21,4,20,8,66,3,7,0,0,0,0,0,0,0,0,10,0,0,0,0,0,2,0,1,7,285,457,
22,QUERETARO,006,Queretaro ,0430,01,B,00,URBANA,182,41,2,16,10,96,7,6,0,0,0,0,0,0,0,0,12,2,1,1,0,0,8,0,0,13,397,581,
22,QUERETARO,006,Queretaro ,0430,01,C,00,URBANA,193,31,2,19,6,82,6,12,0,0,0,0,0,0,0,0,9,2,0,3,0,0,9,0,0,23,397,581,
22,QUERETARO,006,Queretaro ,0435,01,B,00,URBANA,260,17,3,30,8,115,7,10,0,0,0,0,0,0,0,0,8,0,0,0,0,0,7,0,0,20,485,730,
22,QUERETARO,006,Queretaro ,0435,01,C,00,URBANA,245,26,3,31,17,106,6,11,0,0,0,0,0,0,0,0,11,0,0,0,0,0,13,0,0,18,487,730,
22,QUERETARO,006,Queretaro ,0435,02,C,00,URBANA,285,30,4,27,5,94,2,21,0,0,0,0,0,0,0,0,10,1,1,3,0,0,8,0,0,14,505,730,
22,QUERETARO,006,Queretaro ,0435,03,C,00,URBANA,259,19,6,31,11,105,10,11,0,0,0,0,0,0,0,0,6,1,1,2,0,0,10,0,0,16,488,730,
22,QUERETARO,006,Queretaro ,0435,04,C,00,URBANA,238,15,6,37,13,102,9,24,0,0,0,0,0,0,0,0,12,0,0,1,0,0,11,0,0,13,481,730,
22,QUERETARO,006,Queretaro ,0435,05,C,00,URBANA,274,23,6,27,13,117,4,5,0,0,0,0,0,0,0,0,12,3,0,0,0,0,5,0,0,10,499,729,
22,QUERETARO,006,Queretaro ,0435,06,C,00,URBANA,266,22,0,32,16,99,5,11,0,0,0,0,0,0,0,0,3,0,1,0,0,0,10,0,0,15,480,729,
22,QUERETARO,006,Queretaro ,0435,07,C,00,URBANA,240,17,5,26,10,116,9,12,0,0,0,0,0,0,0,0,6,0,0,4,0,0,8,0,1,10,464,729,
22,QUERETARO,006,Queretaro ,0435,08,C,00,URBANA,245,23,6,33,11,96,4,18,0,0,0,0,0,0,0,0,9,2,0,0,0,0,9,0,0,16,472,729,
22,QUERETARO,006,Queretaro ,0435,09,C,00,URBANA,258,29,4,37,14,117,7,6,0,0,0,0,0,0,0,0,12,2,1,1,0,0,10,0,0,18,516,729,
22,QUERETARO,006,Queretaro ,0436,01,B,00,URBANA,177,14,4,18,7,59,2,7,0,0,0,0,0,0,0,0,4,1,0,2,0,0,7,0,0,12,314,438,
22,QUERETARO,006,Queretaro ,0436,01,C,00,URBANA,133,18,3,24,7,80,3,10,0,0,0,0,0,0,0,0,12,7,0,1,0,0,2,0,0,15,315,437,
22,QUERETARO,006,Queretaro ,0437,01,B,00,URBANA,215,42,8,34,11,125,5,12,0,0,0,0,0,0,0,0,9,2,0,0,0,0,4,0,0,3,470,737,
22,QUERETARO,006,Queretaro ,0437,01,C,00,URBANA,198,29,6,47,12,128,5,18,0,0,0,0,0,0,0,0,6,1,0,0,0,0,3,0,0,15,468,737,
22,QUERETARO,006,Queretaro ,0447,01,B,00,URBANA,155,27,10,24,14,98,4,8,0,0,0,0,0,0,0,0,12,2,0,2,0,0,5,0,0,8,369,546,
22,QUERETARO,006,Queretaro ,0447,01,C,00,URBANA,136,13,5,17,12,130,10,10,0,0,0,0,0,0,0,0,10,3,0,2,0,0,1,0,0,17,366,545,
22,QUERETARO,006,Queretaro ,0448,01,B,00,URBANA,264,25,3,23,13,99,4,10,0,0,0,0,0,0,0,0,2,1,0,1,0,0,4,0,0,8,457,665,
22,QUERETARO,006,Queretaro ,0448,01,C,00,URBANA,260,28,4,32,16,103,4,3,0,0,0,0,0,0,0,0,6,2,0,0,0,0,4,0,0,11,473,664,
22,QUERETARO,006,Queretaro ,0449,01,B,00,URBANA,184,13,2,12,3,48,3,12,0,0,0,0,0,0,0,0,6,1,0,1,0,0,2,0,0,9,296,483,
22,QUERETARO,006,Queretaro ,0449,01,C,00,URBANA,187,15,4,26,7,72,5,13,0,0,0,0,0,0,0,0,6,0,0,2,0,0,3,0,1,6,347,483,
22,QUERETARO,006,Queretaro ,0449,01,S,00,URBANA,10,2,0,0,1,8,0,1,0,0,0,0,0,0,0,0,4,0,0,0,0,0,1,0,0,4,31,0,
22,QUERETARO,006,Queretaro ,0449,02,S,00,URBANA,28,0,0,5,1,20,1,1,0,0,0,0,0,0,0,0,0,0,0,0,0,0,0,0,0,11,67,0,
22,QUERETARO,006,Queretaro ,0449,01,S,00,URBANA,19,0,0,0,0,18,1,0,0,0,0,0,0,0,0,0,0,0,0,0,0,0,0,0,0,0,38,0,
22,QUERETARO,006,Queretaro ,0449,02,S,00,URBANA,28,0,0,5,1,20,1,1,0,0,0,0,0,0,0,0,0,0,0,0,0,0,0,0,0,11,67,0,
22,QUERETARO,006,Queretaro ,0450,01,B,00,URBANA,244,22,6,24,10,87,3,6,0,0,0,0,0,0,0,0,5,2,0,1,0,0,4,0,0,10,424,598,
22,QUERETARO,006,Queretaro ,0450,01,C,00,URBANA,261,30,2,29,4,79,6,13,0,0,0,0,0,0,0,0,6,1,1,0,0,0,7,0,1,10,450,598,
22,QUERETARO,006,Queretaro ,0451,01,B,00,URBANA,218,20,3,20,4,41,5,4,0,0,0,0,0,0,0,0,4,0,0,0,0,0,4,0,0,6,329,422,
22,QUERETARO,006,Queretaro ,0451,01,C,00,URBANA,196,21,2,15,3,38,1,5,0,0,0,0,0,0,0,0,2,0,0,0,0,0,4,0,1,10,298,421,
22,QUERETARO,006,Queretaro ,0460,01,B,00,URBANA,294,20,3,26,8,46,0,6,0,0,0,0,0,0,0,0,4,0,0,0,0,0,6,0,0,7,420,551,
22,QUERETARO,006,Queretaro ,0460,01,C,00,URBANA,307,14,7,16,5,53,1,5,0,0,0,0,0,0,0,0,2,2,0,1,0,0,6,0,0,9,428,551,
22,QUERETARO,006,Queretaro ,0461,01,B,00,URBANA,136,23,3,30,15,108,10,12,0,0,0,0,0,0,0,0,8,1,0,1,0,0,3,0,0,12,362,567,
22,QUERETARO,006,Queretaro ,0461,01,C,00,URBANA,141,20,2,26,14,103,8,7,0,0,0,0,0,0,0,0,0,0,0,1,0,0,4,0,0,10,336,566,
22,QUERETARO,006,Queretaro ,0468,01,B,00,URBANA,322,16,1,17,7,80,2,4,0,0,0,0,0,0,0,0,8,2,0,0,0,0,8,0,0,21,488,670,
22,QUERETARO,006,Queretaro ,0468,01,C,00,URBANA,304,34,2,15,6,77,13,9,0,0,0,0,0,0,0,0,5,3,0,0,0,0,6,0,2,13,489,669,
22,QUERETARO,006,Queretaro ,0469,01,B,00,URBANA,176,25,5,19,6,63,1,9,0,0,0,0,0,0,0,0,6,0,0,1,0,0,6,0,0,15,332,444,
22,QUERETARO,006,Queretaro ,0469,01,C,00,URBANA,218,17,1,15,2,50,5,3,0,0,0,0,0,0,0,0,6,0,0,0,0,0,4,0,0,10,331,443,
22,QUERETARO,006,Queretaro ,0470,01,B,00,URBANA,214,29,5,23,10,72,8,7,0,0,0,0,0,0,0,0,6,3,0,2,0,0,4,0,2,14,399,547,
22,QUERETARO,006,Queretaro ,0470,01,C,00,URBANA,220,16,4,17,3,91,5,5,0,0,0,0,0,0,0,0,6,2,0,3,0,0,6,0,0,14,392,546,
22,QUERETARO,006,Queretaro ,0480,01,B,00,URBANA,120,16,1,25,15,150,16,16,0,0,0,0,0,0,0,0,21,3,1,2,0,0,3,0,0,19,408,741,
22,QUERETARO,006,Queretaro ,0480,01,C,00,URBANA,145,25,2,34,17,164,13,12,0,0,0,0,0,0,0,0,19,3,1,0,0,0,2,0,0,12,449,741,
22,QUERETARO,006,Queretaro ,0481,01,B,00,URBANA,256,26,2,19,10,102,5,11,0,0,0,0,0,0,0,0,6,0,0,5,0,0,14,0,0,13,469,604,
22,QUERETARO,006,Queretaro ,0481,01,C,00,URBANA,228,22,5,14,16,112,4,7,0,0,0,0,0,0,0,0,6,4,0,0,0,0,2,0,0,7,427,604,
22,QUERETARO,006,Queretaro ,0481,02,C,00,URBANA,206,27,4,25,17,99,2,11,0,0,0,0,0,0,0,0,14,0,0,2,0,0,9,0,0,18,434,603,
22,QUERETARO,006,Queretaro ,0481,03,C,00,URBANA,252,16,1,23,12,90,4,5,0,0,0,0,0,0,0,0,10,1,0,2,0,0,5,0,0,10,431,603,
22,QUERETARO,006,Queretaro ,0482,01,B,00,URBANA,253,22,4,16,11,80,5,10,0,0,0,0,0,0,0,0,7,0,0,3,0,0,7,0,1,11,430,536,
22,QUERETARO,006,Queretaro ,0482,01,C,00,URBANA,226,32,6,21,7,71,5,12,0,0,0,0,0,0,0,0,5,0,0,1,0,0,4,0,0,14,404,535,
22,QUERETARO,006,Queretaro ,0483,01,B,00,URBANA,329,26,3,26,10,72,4,13,0,0,0,0,0,0,0,0,6,1,0,0,0,0,8,0,0,17,515,693,
22,QUERETARO,006,Queretaro ,0483,01,C,00,URBANA,303,25,6,29,5,96,5,10,0,0,0,0,0,0,0,0,6,1,0,1,0,0,9,0,0,19,515,693,
22,QUERETARO,006,Queretaro ,0483,02,C,00,URBANA,290,21,6,37,9,85,1,6,0,0,0,0,0,0,0,0,4,0,0,2,0,0,13,0,0,12,486,692,
22,QUERETARO,006,Queretaro ,0483,03,C,00,URBANA,294,25,2,34,5,103,6,13,0,0,0,0,0,0,0,0,10,0,0,0,0,0,2,0,3,13,510,692,
22,QUERETARO,006,Queretaro ,0483,04,C,00,URBANA,343,29,5,22,8,72,3,9,0,0,0,0,0,0,0,0,12,2,0,1,0,0,4,0,0,7,517,692,
22,QUERETARO,006,Queretaro ,0483,05,C,00,URBANA,317,19,7,37,7,83,6,6,0,0,0,0,0,0,0,0,6,2,1,0,0,0,11,0,0,10,512,692,
22,QUERETARO,006,Queretaro ,0483,06,C,00,URBANA,296,21,3,37,8,84,10,18,0,0,0,0,0,0,0,0,7,4,0,2,0,0,9,0,0,13,512,692,
22,QUERETARO,006,Queretaro ,0484,01,B,00,URBANA,290,17,1,15,6,67,3,5,0,0,0,0,0,0,0,0,6,0,0,0,0,0,8,0,0,4,422,558,
22,QUERETARO,006,Queretaro ,0484,01,C,00,URBANA,300,23,6,15,8,55,4,5,0,0,0,0,0,0,0,0,4,0,0,0,0,0,5,0,0,6,431,557,
22,QUERETARO,006,Queretaro ,0485,01,B,00,URBANA,471,14,3,19,5,35,3,3,0,0,0,0,0,0,0,0,4,1,0,0,0,0,6,0,1,4,569,692,
22,QUERETARO,006,Queretaro ,0486,01,B,00,URBANA,87,14,11,24,17,112,3,8,0,0,0,0,0,0,0,0,9,3,1,3,0,0,8,0,0,18,318,527,
22,QUERETARO,006,Queretaro ,0486,01,C,00,URBANA,78,17,1,31,21,129,4,9,0,0,0,0,0,0,0,0,20,4,4,2,0,0,6,0,0,15,341,526,
22,QUERETARO,006,Queretaro ,0486,02,C,00,URBANA,76,17,3,26,17,130,8,10,0,0,0,0,0,0,0,0,12,0,1,2,0,0,5,0,0,14,321,526,
22,QUERETARO,006,Queretaro ,0499,01,B,00,URBANA,99,11,4,23,11,154,10,8,0,0,0,0,0,0,0,0,14,4,2,1,0,0,3,0,0,15,359,649,
22,QUERETARO,006,Queretaro ,0499,01,C,00,URBANA,94,17,4,29,14,151,7,10,0,0,0,0,0,0,0,0,11,5,1,0,0,0,3,0,0,12,358,648,
22,QUERETARO,006,Queretaro ,0500,01,B,00,URBANA,93,17,2,21,18,155,4,10,0,0,0,0,0,0,0,0,177,173,22,159,0,0,95,0,0,14,960,627,
22,QUERETARO,006,Queretaro ,0500,01,C,00,URBANA,86,19,5,24,18,127,10,10,0,0,0,0,0,0,0,0,10,2,3,3,0,0,5,0,0,9,331,627,
22,QUERETARO,006,Queretaro ,0500,02,C,00,URBANA,112,27,4,22,16,128,12,8,0,0,0,0,0,0,0,0,12,4,0,2,0,0,3,0,0,10,360,627,
22,QUERETARO,006,Queretaro ,0501,01,B,00,URBANA,78,12,4,17,12,106,8,9,0,0,0,0,0,0,0,0,10,2,0,0,0,0,1,0,0,13,272,550,
22,QUERETARO,006,Queretaro ,0501,01,C,00,URBANA,105,7,0,14,0,154,0,4,0,0,0,0,0,0,0,0,0,0,0,0,0,0,0,0,0,0,284,550,
22,QUERETARO,006,Queretaro ,0501,02,C,00,URBANA,89,6,3,17,13,140,11,8,0,0,0,0,0,0,0,0,0,0,0,0,0,0,0,0,0,6,293,549,
22,QUERETARO,006,Queretaro ,0502,01,B,00,URBANA,206,13,5,24,4,46,5,2,0,0,0,0,0,0,0,0,1,0,3,0,0,0,3,0,0,11,323,510,
22,QUERETARO,006,Queretaro ,0502,01,C,00,URBANA,199,17,3,8,10,48,8,2,0,0,0,0,0,0,0,0,4,1,0,0,0,0,2,0,0,4,306,510,
22,QUERETARO,006,Queretaro ,0502,02,C,00,URBANA,193,9,2,14,11,51,2,4,0,0,0,0,0,0,0,0,5,2,0,1,0,0,5,0,1,9,309,509,
22,QUERETARO,006,Queretaro ,0503,01,B,00,URBANA,84,13,2,19,10,124,6,8,0,0,0,0,0,0,0,0,6,3,2,0,0,0,3,0,0,17,297,573,
22,QUERETARO,006,Queretaro ,0503,01,C,00,URBANA,93,16,6,28,23,110,7,11,0,0,0,0,0,0,0,0,18,0,1,1,0,0,4,0,0,14,332,573,
22,QUERETARO,006,Queretaro ,0503,02,C,00,URBANA,86,10,2,22,16,119,3,6,0,0,0,0,0,0,0,0,10,3,1,0,0,0,4,0,0,10,292,573,
22,QUERETARO,006,Queretaro ,0504,01,B,00,URBANA,86,14,5,22,14,116,3,5,0,0,0,0,0,0,0,0,11,3,1,4,0,0,4,0,0,11,299,573,
22,QUERETARO,006,Queretaro ,0504,01,C,00,URBANA,79,20,2,23,11,101,5,12,0,0,0,0,0,0,0,0,10,2,0,1,0,0,4,0,0,18,288,573,
22,QUERETARO,006,Queretaro ,0504,02,C,00,URBANA,104,22,2,20,18,108,5,6,0,0,0,0,0,0,0,0,7,0,0,0,0,0,2,0,0,20,314,573,
22,QUERETARO,006,Queretaro ,0511,01,B,00,URBANA,78,9,2,18,14,122,6,13,0,0,0,0,0,0,0,0,13,7,3,1,0,0,3,0,0,12,301,579,
22,QUERETARO,006,Queretaro ,0511,01,C,00,URBANA,72,17,3,20,23,122,7,5,0,0,0,0,0,0,0,0,8,3,2,0,0,0,1,0,0,18,301,578,
22,QUERETARO,006,Queretaro ,0511,02,C,00,URBANA,76,19,3,19,24,117,3,5,0,0,0,0,0,0,0,0,7,4,2,4,0,0,0,0,0,10,293,578,
22,QUERETARO,006,Queretaro ,0511,03,C,00,URBANA,85,18,3,23,19,132,9,7,0,0,0,0,0,0,0,0,12,4,0,2,0,0,3,0,0,8,325,578,
22,QUERETARO,006,Queretaro ,0512,01,B,00,URBANA,86,18,1,22,24,127,5,13,0,0,0,0,0,0,0,0,0,0,0,0,0,0,0,0,0,19,315,576,
22,QUERETARO,006,Queretaro ,0512,01,C,00,URBANA,89,23,13,19,15,122,5,5,0,0,0,0,0,0,0,0,6,1,1,2,0,0,1,0,0,13,315,575,
22,QUERETARO,006,Queretaro ,0512,02,C,00,URBANA,85,10,1,19,17,105,8,4,0,0,0,0,0,0,0,0,10,1,1,0,0,0,1,0,0,24,286,575,
22,QUERETARO,006,Queretaro ,0691,01,B,00,URBANA,74,13,4,6,8,78,3,3,0,0,0,0,0,0,0,0,7,4,0,0,0,0,6,0,0,12,218,400,
22,QUERETARO,006,Queretaro ,0691,01,C,00,URBANA,74,14,2,16,8,64,10,4,0,0,0,0,0,0,0,0,7,1,1,0,0,0,2,0,0,8,211,399,
22,QUERETARO,006,Queretaro ,0692,01,B,00,URBANA,77,11,1,17,8,99,10,6,0,0,0,0,0,0,0,0,9,2,2,1,0,0,3,0,0,12,258,453,
22,QUERETARO,006,Queretaro ,0692,01,C,00,URBANA,82,10,3,20,15,80,4,5,0,0,0,0,0,0,0,0,9,1,0,0,0,0,2,0,0,17,248,452,
22,QUERETARO,007,Queretaro ,0861,01,A,00,URBANA,2,0,0,0,0,2,0,0,0,0,0,0,0,0,0,0,0,0,0,0,0,0,0,0,0,0,4,3,
22,QUERETARO,007,Queretaro ,0516,01,B,00,NO URBANA,16,16,2,13,9,124,10,13,0,0,0,0,0,0,0,0,12,4,1,1,0,0,1,0,0,13,235,571,
22,QUERETARO,007,Queretaro ,0516,01,C,00,NO URBANA,14,3,2,19,17,113,18,15,0,0,0,0,0,0,0,0,0,0,0,0,0,0,0,0,0,7,208,571,
22,QUERETARO,007,Queretaro ,0516,02,C,00,NO URBANA,17,10,1,9,9,87,6,18,0,0,0,0,0,0,0,0,5,2,0,0,0,0,1,0,0,7,172,571,
22,QUERETARO,007,Queretaro ,0516,01,E,00,NO URBANA,20,21,3,26,21,190,10,75,0,0,0,0,0,0,0,0,7,1,0,0,0,0,0,0,0,12,386,624,
22,QUERETARO,007,Queretaro ,0518,01,B,00,NO URBANA,57,6,4,28,18,169,9,15,0,0,0,0,0,0,0,0,0,0,1,0,0,0,0,0,0,14,321,592,
22,QUERETARO,007,Queretaro ,0518,01,C,00,NO URBANA,44,6,0,26,19,191,10,19,0,0,0,0,0,0,0,0,8,3,2,2,0,0,0,0,0,9,339,592,MODIFICADA ST-JRC-216/2024 Y ACUMULADOS
22,QUERETARO,007,Queretaro ,0518,02,C,00,NO URBANA,48,6,3,17,16,154,8,13,0,0,0,0,0,0,0,0,0,0,0,0,0,0,0,0,0,11,276,592,
22,QUERETARO,007,Queretaro ,0518,03,C,00,NO URBANA,47,7,2,25,11,126,7,18,0,0,0,0,0,0,0,0,11,3,1,2,0,0,1,0,0,9,270,592,
22,QUERETARO,007,Queretaro ,0518,01,E,00,NO URBANA,33,11,1,26,26,186,16,39,0,0,0,0,0,0,0,0,8,4,1,5,0,0,1,0,0,11,368,656,
22,QUERETARO,007,Queretaro ,0518,01,E,01,NO URBANA,38,27,6,25,19,185,9,29,0,0,0,0,0,0,0,0,22,4,0,2,0,0,1,0,0,9,376,656,MODIFICADA ST-JRC-216/2024 Y ACUMULADOS
22,QUERETARO,007,Queretaro ,0519,01,B,00,NO URBANA,22,15,4,30,16,140,13,19,0,0,0,0,0,0,0,0,4,0,2,4,0,0,2,0,0,17,288,700,
22,QUERETARO,007,Queretaro ,0519,01,C,00,NO URBANA,29,14,6,32,12,141,22,20,0,0,0,0,0,0,0,0,0,0,0,0,0,0,0,0,0,12,288,700,
22,QUERETARO,007,Queretaro ,0519,02,C,00,NO URBANA,18,11,1,23,28,123,9,17,0,0,0,0,0,0,0,0,16,1,0,3,0,0,0,0,0,21,271,699,
22,QUERETARO,007,Queretaro ,0519,03,C,00,NO URBANA,28,18,5,17,15,149,16,27,0,0,0,0,0,0,0,0,0,0,0,0,0,0,0,0,0,17,292,699,
22,QUERETARO,007,Queretaro ,0520,01,B,00,NO URBANA,84,11,2,29,12,83,7,5,0,0,0,0,0,0,0,0,5,3,0,1,0,0,4,0,1,6,253,562,
22,QUERETARO,007,Queretaro ,0520,01,C,00,NO URBANA,70,31,3,23,14,113,7,12,0,0,0,0,0,0,0,0,8,3,1,1,0,0,1,0,0,12,299,562,
22,QUERETARO,007,Queretaro ,0520,02,C,00,NO URBANA,65,14,3,28,15,102,4,10,0,0,0,0,0,0,0,0,11,5,0,0,0,0,2,0,0,8,267,562,
22,QUERETARO,007,Queretaro ,0520,01,S,00,NO URBANA,146,0,1,3,1,10,3,1,0,0,0,0,0,0,0,0,1,0,0,0,0,0,9,0,0,6,181,0,
22,QUERETARO,007,Queretaro ,0520,02,S,00,NO URBANA,157,3,1,3,0,16,0,1,0,0,0,0,0,0,0,0,1,0,0,0,0,0,8,0,0,10,200,0,
22,QUERETARO,007,Queretaro ,0520,01,S,00,NO URBANA,33,3,2,1,0,10,0,1,0,0,0,0,0,0,0,0,0,0,0,0,0,0,0,0,0,1,51,0,
22,QUERETARO,007,Queretaro ,0520,02,S,00,NO URBANA,13,1,0,2,0,6,0,2,0,0,0,0,0,0,0,0,0,0,0,0,0,0,0,0,0,2,26,0,
22,QUERETARO,007,Queretaro ,0521,01,B,00,NO URBANA,57,15,1,18,11,118,9,2,0,0,0,0,0,0,0,0,0,0,0,0,0,0,0,0,0,15,246,523,
22,QUERETARO,007,Queretaro ,0521,01,C,00,NO URBANA,52,23,5,27,9,93,8,4,0,0,0,0,0,0,0,0,0,0,0,0,0,0,0,0,0,12,233,523,
22,QUERETARO,007,Queretaro ,0521,01,E,00,NO URBANA,47,19,3,7,4,15,7,1,0,0,0,0,0,0,0,0,1,0,0,1,0,0,0,0,0,10,115,225,
22,QUERETARO,007,Queretaro ,0522,01,B,00,URBANA,96,30,8,33,14,131,7,7,0,0,0,0,0,0,0,0,12,3,0,0,0,0,0,0,0,22,363,691,
22,QUERETARO,007,Queretaro ,0522,01,C,00,URBANA,62,23,5,28,15,150,9,7,0,0,0,0,0,0,0,0,9,6,1,4,0,0,4,0,0,5,328,691,
22,QUERETARO,007,Queretaro ,0522,02,C,00,URBANA,93,21,5,39,21,142,8,6,0,0,0,0,0,0,0,0,0,0,0,0,0,0,0,0,0,12,347,690,
22,QUERETARO,007,Queretaro ,0522,03,C,00,URBANA,61,19,1,33,10,126,7,6,0,0,0,0,0,0,0,0,23,3,1,0,0,0,2,0,0,19,311,690,
22,QUERETARO,007,Queretaro ,0522,04,C,00,URBANA,66,15,3,22,15,168,8,5,0,0,0,0,0,0,0,0,8,3,1,5,0,0,6,0,1,20,346,690,
22,QUERETARO,007,Queretaro ,0522,05,C,00,URBANA,80,15,3,39,31,158,6,7,0,0,0,0,0,0,0,0,0,0,0,0,0,0,0,0,0,14,353,690,
22,QUERETARO,007,Queretaro ,0522,01,S,00,URBANA,114,6,0,6,2,28,0,1,0,0,0,0,0,0,0,0,1,0,1,0,0,0,4,0,0,12,175,0,
22,QUERETARO,007,Queretaro ,0522,02,S,00,URBANA,131,11,1,11,8,35,1,2,0,0,0,0,0,0,0,0,0,0,0,1,0,0,5,0,1,14,221,0,
22,QUERETARO,007,Queretaro ,0522,01,S,00,URBANA,14,6,1,7,0,18,1,1,0,0,0,0,0,0,0,0,0,0,0,0,0,0,0,0,0,5,53,0,
22,QUERETARO,007,Queretaro ,0522,02,S,00,URBANA,27,3,0,4,2,22,1,1,0,0,0,0,0,0,0,0,0,0,0,0,0,0,0,0,0,6,66,0,
22,QUERETARO,007,Queretaro ,0523,01,B,00,NO URBANA,52,13,4,27,20,152,13,8,0,0,0,0,0,0,0,0,0,0,0,0,0,0,0,0,0,7,296,575,
22,QUERETARO,007,Queretaro ,0523,01,C,00,NO URBANA,49,13,2,31,21,131,11,9,0,0,0,0,0,0,0,0,18,2,2,2,0,0,1,0,0,20,312,575,
22,QUERETARO,007,Queretaro ,0523,02,C,00,NO URBANA,44,12,2,18,21,143,10,5,0,0,0,0,0,0,0,0,18,3,3,0,0,0,1,0,0,24,304,574,
22,QUERETARO,007,Queretaro ,0524,01,B,00,NO URBANA,73,16,3,32,21,142,14,6,0,0,0,0,0,0,0,0,1,4,2,1,0,0,0,0,0,8,323,621,
22,QUERETARO,007,Queretaro ,0524,01,C,00,NO URBANA,39,17,7,29,20,178,10,7,0,0,0,0,0,0,0,0,5,5,0,1,0,0,0,0,0,5,323,621,
22,QUERETARO,007,Queretaro ,0524,02,C,00,NO URBANA,57,13,4,37,11,142,9,3,0,0,0,0,0,0,0,0,7,5,1,1,0,0,2,0,0,10,302,620,
22,QUERETARO,007,Queretaro ,0524,03,C,00,NO URBANA,60,6,1,26,24,153,13,8,0,0,0,0,0,0,0,0,8,4,1,0,0,0,4,0,0,19,327,620,
22,QUERETARO,007,Queretaro ,0524,01,S,00,NO URBANA,25,1,0,2,1,13,2,6,0,0,0,0,0,0,0,0,0,0,0,1,0,0,1,0,0,7,59,0,
22,QUERETARO,007,Queretaro ,0524,02,S,00,NO URBANA,43,2,1,3,1,20,0,1,0,0,0,0,0,0,0,0,0,0,0,1,0,0,2,0,0,1,75,0,
22,QUERETARO,007,Queretaro ,0524,01,S,00,NO URBANA,87,4,2,8,4,21,3,8,0,0,0,0,0,0,0,0,0,0,0,0,0,0,0,0,1,7,145,0,
22,QUERETARO,007,Queretaro ,0524,02,S,00,NO URBANA,122,12,0,6,2,24,1,2,0,0,0,0,0,0,0,0,0,0,0,0,0,0,0,0,0,6,175,0,
22,QUERETARO,007,Queretaro ,0525,01,B,00,NO URBANA,73,19,9,18,15,177,9,24,0,0,0,0,0,0,0,0,9,7,1,1,0,0,0,0,0,14,376,617,
22,QUERETARO,007,Queretaro ,0525,01,C,00,NO URBANA,70,13,3,28,12,196,14,20,0,0,0,0,0,0,0,0,0,0,0,0,0,0,0,0,0,10,366,617,
22,QUERETARO,007,Queretaro ,0525,02,C,00,NO URBANA,68,9,3,29,15,200,9,15,0,0,0,0,0,0,0,0,4,4,1,2,0,0,6,0,0,14,379,617,
22,QUERETARO,007,Queretaro ,0525,03,C,00,NO URBANA,52,11,2,23,10,212,16,16,0,0,0,0,0,0,0,0,9,3,2,4,0,0,0,0,0,0,360,617,
22,QUERETARO,007,Queretaro ,0526,01,B,00,NO URBANA,45,15,5,10,11,165,11,6,0,0,0,0,0,0,0,0,11,1,1,0,0,0,2,0,0,11,294,594,
22,QUERETARO,007,Queretaro ,0526,01,C,00,NO URBANA,60,10,1,15,17,177,5,5,0,0,0,0,0,0,0,0,7,2,3,1,0,0,4,0,0,8,315,594,
22,QUERETARO,007,Queretaro ,0526,02,C,00,NO URBANA,46,24,4,15,18,151,7,7,0,0,0,0,0,0,0,0,8,8,0,0,0,0,1,0,0,7,296,594,
22,QUERETARO,007,Queretaro ,0526,03,C,00,NO URBANA,60,11,2,29,17,165,11,7,0,0,0,0,0,0,0,0,5,5,2,1,0,0,2,0,0,4,321,593,
22,QUERETARO,007,Queretaro ,0527,01,B,00,NO URBANA,69,17,2,15,16,127,3,4,0,0,0,0,0,0,0,0,6,7,2,1,0,0,2,0,1,15,287,713,
22,QUERETARO,007,Queretaro ,0527,01,C,00,NO URBANA,86,19,6,21,10,92,5,7,0,0,0,0,0,0,0,0,6,3,2,1,0,0,3,0,0,25,286,713,
22,QUERETARO,007,Queretaro ,0527,02,C,00,NO URBANA,97,26,1,23,23,147,9,8,0,0,0,0,0,0,0,0,7,1,0,0,0,0,2,0,0,28,372,713,
22,QUERETARO,007,Queretaro ,0527,03,C,00,NO URBANA,101,24,4,21,10,93,4,7,0,0,0,0,0,0,0,0,11,4,3,1,0,0,1,0,0,19,303,713,
22,QUERETARO,007,Queretaro ,0527,04,C,00,NO URBANA,92,17,3,27,24,103,7,12,0,0,0,0,0,0,0,0,7,6,1,1,0,0,0,0,0,20,320,713,
22,QUERETARO,007,Queretaro ,0527,05,C,00,NO URBANA,97,31,5,34,20,131,3,10,0,0,0,0,0,0,0,0,10,5,1,1,0,0,1,0,0,15,364,713,
22,QUERETARO,007,Queretaro ,0527,06,C,00,NO URBANA,84,11,2,21,15,106,7,8,0,0,0,0,0,0,0,0,5,3,1,3,0,0,0,0,0,21,287,712,
22,QUERETARO,007,Queretaro ,0527,07,C,00,NO URBANA,120,22,5,21,11,134,5,5,0,0,0,0,0,0,0,0,7,4,3,1,0,0,3,0,0,22,363,712,
22,QUERETARO,007,Queretaro ,0528,01,B,00,NO URBANA,73,16,2,17,6,164,9,8,0,0,0,0,0,0,0,0,12,5,0,2,0,0,3,0,0,12,329,607,
22,QUERETARO,007,Queretaro ,0528,01,C,00,NO URBANA,88,15,2,20,20,165,9,4,0,0,0,0,0,0,0,0,10,2,3,2,0,0,1,0,0,14,355,606,
22,QUERETARO,007,Queretaro ,0528,02,C,00,NO URBANA,89,10,1,15,5,164,8,6,0,0,0,0,0,0,0,0,11,2,0,3,0,0,2,0,0,14,330,606,
22,QUERETARO,007,Queretaro ,0529,01,B,00,NO URBANA,56,20,7,37,18,101,5,9,0,0,0,0,0,0,0,0,0,0,0,0,0,0,0,0,0,0,253,715,
22,QUERETARO,007,Queretaro ,0529,01,C,00,NO URBANA,60,21,1,32,17,144,3,7,0,0,0,0,0,0,0,0,8,1,1,1,0,0,1,0,0,11,308,715,
22,QUERETARO,007,Queretaro ,0529,02,C,00,NO URBANA,51,10,4,20,5,148,5,4,0,0,0,0,0,0,0,0,11,3,0,1,0,0,1,0,0,8,271,715,
22,QUERETARO,007,Queretaro ,0529,03,C,00,NO URBANA,66,12,0,27,8,144,6,6,0,0,0,0,0,0,0,0,11,3,0,0,0,0,1,0,0,11,295,715,
22,QUERETARO,007,Queretaro ,0529,04,C,00,NO URBANA,86,37,4,31,19,134,7,8,0,0,0,0,0,0,0,0,8,2,0,2,0,0,1,0,0,11,350,715,
22,QUERETARO,007,Queretaro ,0529,05,C,00,NO URBANA,80,17,5,31,12,154,9,10,0,0,0,0,0,0,0,0,8,2,0,1,0,0,2,0,0,13,344,715,
22,QUERETARO,007,Queretaro ,0529,06,C,00,NO URBANA,69,13,3,24,15,167,11,3,0,0,0,0,0,0,0,0,11,1,1,1,0,0,2,0,0,14,335,715,
22,QUERETARO,007,Queretaro ,0529,07,C,00,NO URBANA,59,17,1,30,12,144,9,5,0,0,0,0,0,0,0,0,13,1,0,1,0,0,2,0,0,9,303,715,
22,QUERETARO,007,Queretaro ,0529,08,C,00,NO URBANA,66,31,6,44,18,169,8,10,0,0,0,0,0,0,0,0,12,0,4,0,0,0,0,0,0,16,384,715,
22,QUERETARO,007,Queretaro ,0529,09,C,00,NO URBANA,50,21,2,26,7,156,3,7,0,0,0,0,0,0,0,0,6,10,0,0,0,0,2,0,0,13,303,715,
22,QUERETARO,007,Queretaro ,0529,10,C,00,NO URBANA,63,19,1,25,15,151,7,11,0,0,0,0,0,0,0,0,13,4,1,2,0,0,2,0,0,14,328,715,
22,QUERETARO,007,Queretaro ,0529,11,C,00,NO URBANA,57,11,5,29,19,114,7,9,0,0,0,0,0,0,0,0,7,3,0,3,0,0,1,0,0,6,271,714,
22,QUERETARO,007,Queretaro ,0529,12,C,00,NO URBANA,65,19,5,22,11,153,5,6,0,0,0,0,0,0,0,0,0,0,0,0,0,0,0,0,0,9,295,714,
22,QUERETARO,007,Queretaro ,0529,13,C,00,NO URBANA,51,19,2,37,9,126,4,13,0,0,0,0,0,0,0,0,12,2,0,2,0,0,1,0,0,7,285,714,
22,QUERETARO,007,Queretaro ,0529,14,C,00,NO URBANA,89,24,5,28,16,148,7,4,0,0,0,0,0,0,0,0,9,2,1,1,0,0,2,0,0,15,351,714,
22,QUERETARO,007,Queretaro ,0529,01,S,00,NO URBANA,78,1,3,2,5,24,2,1,0,0,0,0,0,0,0,0,2,0,0,0,0,0,1,0,0,7,126,0,
22,QUERETARO,007,Queretaro ,0529,02,S,00,NO URBANA,109,3,1,1,2,16,0,0,0,0,0,0,0,0,0,0,1,0,0,0,0,0,2,0,0,5,140,0,
22,QUERETARO,007,Queretaro ,0529,01,S,00,NO URBANA,103,2,5,11,7,44,2,2,0,0,0,0,0,0,0,0,0,0,0,0,0,0,0,0,0,15,191,0,
22,QUERETARO,007,Queretaro ,0529,02,S,00,NO URBANA,13,3,0,5,1,20,1,0,0,0,0,0,0,0,0,0,0,0,0,0,0,0,0,0,0,9,52,0,
22,QUERETARO,007,Queretaro ,0530,01,B,00,NO URBANA,69,28,1,12,12,69,10,9,0,0,0,0,0,0,0,0,3,3,0,1,0,0,0,0,0,18,235,667,
22,QUERETARO,007,Queretaro ,0530,01,C,00,NO URBANA,109,12,4,11,10,64,3,25,0,0,0,0,0,0,0,0,5,2,5,1,0,0,2,0,0,13,266,666,
22,QUERETARO,007,Queretaro ,0530,01,E,00,NO URBANA,21,6,0,3,4,42,0,1,0,0,0,0,0,0,0,0,3,4,1,1,0,0,0,0,0,8,94,259,
22,QUERETARO,007,Queretaro ,0531,01,B,00,URBANA,123,40,6,25,9,115,4,10,0,0,0,0,0,0,0,0,13,2,0,3,0,0,5,0,0,17,372,735,
22,QUERETARO,007,Queretaro ,0531,01,C,00,URBANA,81,36,1,27,14,160,8,11,0,0,0,0,0,0,0,0,17,3,0,1,0,0,1,0,0,10,370,735,
22,QUERETARO,007,Queretaro ,0531,02,C,00,URBANA,128,39,2,32,16,125,11,5,0,0,0,0,0,0,0,0,10,3,0,0,0,0,3,0,0,13,387,735,
22,QUERETARO,007,Queretaro ,0531,03,C,00,URBANA,80,53,5,31,13,155,7,16,0,0,0,0,0,0,0,0,13,2,0,1,0,0,3,0,0,16,395,735,
22,QUERETARO,007,Queretaro ,0532,01,B,00,URBANA,77,36,3,29,10,107,7,7,0,0,0,0,0,0,0,0,10,2,0,3,0,0,3,0,0,7,301,568,
22,QUERETARO,007,Queretaro ,0532,01,C,00,URBANA,68,22,3,36,11,104,8,8,0,0,0,0,0,0,0,0,9,1,2,0,0,0,3,0,0,89,364,568,
22,QUERETARO,007,Queretaro ,0532,02,C,00,URBANA,81,35,6,20,12,130,4,5,0,0,0,0,0,0,0,0,6,1,0,2,0,0,0,0,0,14,316,568,
22,QUERETARO,007,Queretaro ,0532,03,C,00,URBANA,86,30,4,23,11,121,1,13,0,0,0,0,0,0,0,0,5,2,2,2,0,0,8,0,0,9,317,567,
22,QUERETARO,007,Queretaro ,0533,01,B,00,URBANA,97,20,3,24,9,134,8,6,0,0,0,0,0,0,0,0,10,0,0,2,0,0,5,0,0,11,329,711,
22,QUERETARO,007,Queretaro ,0533,01,C,00,URBANA,74,25,2,17,14,145,6,9,0,0,0,0,0,0,0,0,0,5,0,0,0,0,5,0,0,15,317,711,
22,QUERETARO,007,Queretaro ,0533,02,C,00,URBANA,83,16,7,21,13,168,16,7,0,0,0,0,0,0,0,0,8,3,0,2,0,0,0,0,0,14,358,710,
22,QUERETARO,007,Queretaro ,0534,01,B,00,URBANA,128,52,4,35,11,120,4,7,0,0,0,0,0,0,0,0,8,2,2,2,0,0,1,0,0,8,384,627,
22,QUERETARO,007,Queretaro ,0534,01,C,00,URBANA,121,39,2,36,8,112,1,9,0,0,0,0,0,0,0,0,10,6,0,1,0,0,2,0,0,19,366,627,
22,QUERETARO,007,Queretaro ,0534,02,C,00,URBANA,107,47,3,37,17,127,6,9,0,0,0,0,0,0,0,0,11,6,2,2,0,0,3,0,0,14,391,626,
22,QUERETARO,007,Queretaro ,0535,01,B,00,URBANA,89,41,2,22,7,102,7,8,0,0,0,0,0,0,0,0,6,5,0,0,0,0,3,0,0,8,300,519,
22,QUERETARO,007,Queretaro ,0535,01,C,00,URBANA,91,43,0,20,1,115,5,3,0,0,0,0,0,0,0,0,7,1,0,0,0,0,4,0,0,12,302,518,
22,QUERETARO,007,Queretaro ,0536,01,B,00,URBANA,67,29,2,14,12,159,1,6,0,0,0,0,0,0,0,0,0,0,0,0,0,0,0,0,0,10,300,607,
22,QUERETARO,007,Queretaro ,0536,01,C,00,URBANA,47,36,2,12,11,147,10,8,0,0,0,0,0,0,0,0,10,0,1,0,0,0,2,0,0,9,295,607,
22,QUERETARO,007,Queretaro ,0536,02,C,00,URBANA,58,36,0,26,9,115,12,8,0,0,0,0,0,0,0,0,10,5,2,2,0,0,1,0,0,14,298,607,
22,QUERETARO,007,Queretaro ,0536,03,C,00,URBANA,75,45,0,17,12,123,7,3,0,0,0,0,0,0,0,0,7,3,1,2,0,0,3,0,0,15,313,607,
22,QUERETARO,007,Queretaro ,0536,04,C,00,URBANA,65,45,1,23,12,126,3,8,0,0,0,0,0,0,0,0,12,2,1,1,0,0,2,0,0,15,316,607,MODIFICADA ST-JRC-216/2024 Y ACUMULADOS
22,QUERETARO,007,Queretaro ,0537,01,B,00,URBANA,79,18,1,16,10,148,6,11,0,0,0,0,0,0,0,0,12,3,1,0,0,0,2,0,0,15,322,714,
22,QUERETARO,007,Queretaro ,0537,01,C,00,URBANA,39,26,5,14,13,181,5,9,0,0,0,0,0,0,0,0,10,3,1,1,0,0,0,0,0,16,323,714,
22,QUERETARO,007,Queretaro ,0537,02,C,00,URBANA,64,30,3,22,11,139,5,10,0,0,0,0,0,0,0,0,17,2,0,1,0,0,1,0,0,13,318,713,
22,QUERETARO,007,Queretaro ,0537,03,C,00,URBANA,47,32,1,22,18,164,5,10,0,0,0,0,0,0,0,0,9,3,2,2,0,0,0,0,1,12,328,713,
22,QUERETARO,007,Queretaro ,0538,01,B,00,URBANA,128,43,2,19,16,137,5,10,0,0,0,0,0,0,0,0,13,1,2,0,0,0,2,0,0,13,391,698,
22,QUERETARO,007,Queretaro ,0538,01,C,00,URBANA,118,38,5,24,12,146,7,6,0,0,0,0,0,0,0,0,12,2,1,1,0,0,2,0,0,13,387,698,
22,QUERETARO,007,Queretaro ,0538,02,C,00,URBANA,112,46,2,30,11,130,5,12,0,0,0,0,0,0,0,0,11,1,1,1,0,0,3,0,0,17,382,698,
22,QUERETARO,007,Queretaro ,0538,01,S,00,URBANA,16,2,0,0,2,22,1,1,0,0,0,0,0,0,0,0,1,0,0,0,0,0,0,0,0,4,49,0,
22,QUERETARO,007,Queretaro ,0538,02,S,00,URBANA,14,5,0,2,2,14,1,0,0,0,0,0,0,0,0,0,0,0,0,0,0,0,1,0,0,3,42,0,
22,QUERETARO,007,Queretaro ,0538,01,S,00,URBANA,12,0,0,3,0,14,0,1,0,0,0,0,0,0,0,0,0,0,0,0,0,0,0,0,0,0,30,0,
22,QUERETARO,007,Queretaro ,0538,02,S,00,URBANA,25,2,1,4,2,18,2,0,0,0,0,0,0,0,0,0,0,0,0,0,0,0,0,0,0,0,54,0,
22,QUERETARO,007,Queretaro ,0539,01,B,00,NO URBANA,0,0,0,0,0,0,0,0,0,0,0,0,0,0,0,0,0,0,0,0,0,0,0,0,0,0,0,704,
22,QUERETARO,007,Queretaro ,0539,01,C,00,NO URBANA,74,10,2,13,15,122,7,11,0,0,0,0,0,0,0,0,7,2,1,0,0,0,4,0,0,12,280,704,
22,QUERETARO,007,Queretaro ,0539,02,C,00,NO URBANA,51,10,4,10,20,99,12,11,0,0,0,0,0,0,0,0,7,2,0,3,0,0,1,0,0,9,239,704,
22,QUERETARO,007,Queretaro ,0539,03,C,00,NO URBANA,52,8,0,6,19,131,9,11,0,0,0,0,0,0,0,0,5,6,0,4,0,0,3,0,0,16,270,704,
22,QUERETARO,007,Queretaro ,0539,04,C,00,NO URBANA,44,7,1,13,24,133,5,20,0,0,0,0,0,0,0,0,18,3,3,0,0,0,3,0,0,16,290,703,
22,QUERETARO,007,Queretaro ,0539,01,E,00,NO URBANA,100,7,1,14,16,122,4,4,0,0,0,0,0,0,0,0,9,3,1,1,0,0,4,0,0,18,304,746,
22,QUERETARO,007,Queretaro ,0539,01,E,00,NO URBANA,103,7,6,17,21,126,9,4,0,0,0,0,0,0,0,0,0,0,0,0,0,0,0,0,0,22,315,746,
22,QUERETARO,007,Queretaro ,0540,01,B,00,NO URBANA,71,14,2,15,13,126,7,6,0,0,0,0,0,0,0,0,7,2,2,2,0,0,1,0,0,18,286,607,
22,QUERETARO,007,Queretaro ,0540,01,C,00,NO URBANA,66,14,3,8,10,127,3,0,0,0,0,0,0,0,0,0,9,3,1,0,0,0,4,0,0,16,264,606,
22,QUERETARO,007,Queretaro ,0540,02,C,00,NO URBANA,64,10,1,9,8,90,8,4,0,0,0,0,0,0,0,0,5,1,0,0,0,0,1,0,0,18,219,606,
22,QUERETARO,007,Queretaro ,0540,03,C,00,NO URBANA,58,32,2,3,7,124,3,3,0,0,0,0,0,0,0,0,5,3,1,1,0,0,2,0,0,8,252,606,
22,QUERETARO,007,Queretaro ,0540,04,C,00,NO URBANA,88,18,0,5,5,78,3,4,0,0,0,0,0,0,0,0,9,4,0,2,0,0,4,0,0,27,247,606,
22,QUERETARO,007,Queretaro ,0542,01,B,00,URBANA,105,29,1,31,9,178,9,11,0,0,0,0,0,0,0,0,9,4,1,3,0,0,2,0,1,18,411,666,
22,QUERETARO,007,Queretaro ,0542,01,C,00,URBANA,137,18,3,22,8,155,10,7,0,0,0,0,0,0,0,0,10,3,1,4,0,0,5,0,0,14,397,665,
22,QUERETARO,007,Queretaro ,0542,02,C,00,URBANA,99,25,3,28,14,182,7,9,0,0,0,0,0,0,0,0,12,2,0,0,0,0,2,0,0,15,398,665,
22,QUERETARO,007,Queretaro ,0544,01,B,00,URBANA,65,38,4,43,23,208,5,7,0,0,0,0,0,0,0,0,6,7,0,1,0,0,1,0,0,16,424,635,
22,QUERETARO,007,Queretaro ,0544,01,C,00,URBANA,54,27,2,39,10,190,5,5,0,0,0,0,0,0,0,0,10,1,1,0,0,0,0,0,0,9,353,635,
22,QUERETARO,007,Queretaro ,0544,02,C,00,URBANA,78,36,3,32,16,203,1,5,0,0,0,0,0,0,0,0,9,7,0,2,0,0,1,0,0,9,402,635,
22,QUERETARO,007,Queretaro ,0544,03,C,00,URBANA,65,22,4,24,16,182,7,0,0,0,0,0,0,0,0,0,6,3,1,1,0,0,0,0,0,20,351,634,
22,QUERETARO,007,Queretaro ,0549,01,B,00,NO URBANA,100,10,1,20,13,157,6,5,0,0,0,0,0,0,0,0,17,3,0,0,0,0,4,0,1,9,346,707,
22,QUERETARO,007,Queretaro ,0549,01,C,00,NO URBANA,111,23,5,29,19,168,8,5,0,0,0,0,0,0,0,0,3,3,0,4,0,0,5,0,0,15,398,707,
22,QUERETARO,007,Queretaro ,0549,02,C,00,NO URBANA,105,15,4,26,13,149,10,5,0,0,0,0,0,0,0,0,11,5,0,0,0,0,2,0,0,17,362,707,
22,QUERETARO,007,Queretaro ,0549,03,C,00,NO URBANA,108,24,3,29,12,158,10,7,0,0,0,0,0,0,0,0,5,2,2,3,0,0,1,0,0,13,377,707,
22,QUERETARO,007,Queretaro ,0549,04,C,00,NO URBANA,92,11,7,19,12,149,5,4,0,0,0,0,0,0,0,0,15,6,2,1,0,0,4,0,0,13,340,707,
22,QUERETARO,007,Queretaro ,0549,05,C,00,NO URBANA,108,18,3,21,8,183,2,7,0,0,0,0,0,0,0,0,8,7,2,0,0,0,1,0,0,16,384,706,
22,QUERETARO,007,Queretaro ,0549,06,C,00,NO URBANA,86,19,3,29,9,194,10,7,0,0,0,0,0,0,0,0,17,3,1,3,0,0,6,0,0,13,400,706,
22,QUERETARO,007,Queretaro ,0549,07,C,00,NO URBANA,120,19,4,23,7,167,6,5,0,0,0,0,0,0,0,0,11,2,0,1,0,0,4,0,0,14,383,706,
22,QUERETARO,007,Queretaro ,0549,01,S,00,NO URBANA,22,4,1,4,6,17,3,0,0,0,0,0,0,0,0,0,0,0,0,0,0,0,1,0,0,3,61,0,
22,QUERETARO,007,Queretaro ,0549,02,S,00,NO URBANA,16,0,0,3,1,10,1,0,0,0,0,0,0,0,0,0,1,0,0,1,0,0,0,0,0,0,33,0,
22,QUERETARO,007,Queretaro ,0549,01,S,00,NO URBANA,22,4,1,4,6,17,3,0,0,0,0,0,0,0,0,0,0,0,0,0,0,0,0,0,0,4,61,0,
22,QUERETARO,007,Queretaro ,0549,02,S,00,NO URBANA,15,0,0,1,1,8,1,0,0,0,0,0,0,0,0,0,0,0,0,0,0,0,0,0,0,1,27,0,
22,QUERETARO,007,Queretaro ,0696,01,B,00,NO URBANA,54,22,4,22,11,202,9,10,0,0,0,0,0,0,0,0,21,3,3,1,0,0,4,0,0,14,380,705,
22,QUERETARO,007,Queretaro ,0696,01,C,00,NO URBANA,73,20,3,24,16,173,7,7,0,0,0,0,0,0,0,0,16,4,0,4,0,0,2,0,0,16,365,705,
22,QUERETARO,007,Queretaro ,0725,01,B,00,URBANA,162,33,2,49,7,154,13,16,0,0,0,0,0,0,0,0,9,3,1,0,0,0,4,0,0,14,467,722,
22,QUERETARO,007,Queretaro ,0725,01,C,00,URBANA,184,31,4,48,8,135,11,13,0,0,0,0,0,0,0,0,11,3,0,2,0,0,5,0,1,8,464,722,
22,QUERETARO,007,Queretaro ,0725,02,C,00,URBANA,144,29,5,58,13,158,14,5,0,0,0,0,0,0,0,0,0,0,0,0,0,0,0,0,0,15,441,721,
22,QUERETARO,007,Queretaro ,0725,03,C,00,URBANA,163,37,3,50,7,151,8,9,0,0,0,0,0,0,0,0,8,1,0,2,0,0,2,0,0,9,450,721,
22,QUERETARO,007,Queretaro ,0726,01,B,00,URBANA,40,22,3,20,9,135,11,7,0,0,0,0,0,0,0,0,9,2,2,0,0,0,3,0,0,12,275,563,
22,QUERETARO,007,Queretaro ,0726,01,C,00,URBANA,47,19,3,27,14,141,11,8,0,0,0,0,0,0,0,0,10,4,1,4,0,0,2,0,0,11,302,562,
22,QUERETARO,007,Queretaro ,0727,01,B,00,URBANA,152,26,3,43,5,131,5,13,0,0,0,0,0,0,0,0,14,3,1,3,0,0,1,0,0,11,411,689,
22,QUERETARO,007,Queretaro ,0727,01,C,00,URBANA,149,21,2,37,6,117,7,13,0,0,0,0,0,0,0,0,11,4,0,1,0,0,9,0,0,18,395,689,
22,QUERETARO,007,Queretaro ,0727,02,C,00,URBANA,138,31,3,42,6,126,3,6,0,0,0,0,0,0,0,0,10,2,1,1,0,0,9,0,0,7,385,689,
22,QUERETARO,007,Queretaro ,0727,03,C,00,URBANA,150,37,1,36,9,112,8,11,0,0,0,0,0,0,0,0,9,1,0,3,0,0,5,0,0,18,400,688,
22,QUERETARO,007,Queretaro ,0727,04,C,00,URBANA,120,27,8,48,12,117,4,9,0,0,0,0,0,0,0,0,11,2,0,0,0,0,8,0,0,12,378,688,
22,QUERETARO,007,Queretaro ,0727,01,S,00,URBANA,12,2,0,0,1,3,1,0,0,0,0,0,0,0,0,0,0,0,0,0,0,0,0,0,0,3,22,0,MODIFICADA ST-JRC-216/2024 Y ACUMULADOS
22,QUERETARO,007,Queretaro ,0727,02,S,00,URBANA,10,6,0,0,0,5,1,0,0,0,0,0,0,0,0,0,0,0,0,0,0,0,0,0,0,8,30,0,
22,QUERETARO,007,Queretaro ,0727,01,S,00,URBANA,22,8,0,7,3,29,3,0,0,0,0,0,0,0,0,0,0,0,0,0,0,0,0,0,0,6,78,0,
22,QUERETARO,007,Queretaro ,0727,02,S,00,URBANA,0,0,0,0,0,0,0,0,0,0,0,0,0,0,0,0,0,0,0,0,0,0,0,0,0,0,0,0,
22,QUERETARO,007,Queretaro ,0879,01,B,00,URBANA,343,39,3,32,4,75,2,8,0,0,0,0,0,0,0,0,9,0,0,0,0,0,5,0,0,8,528,695,
22,QUERETARO,007,Queretaro ,0879,01,C,00,URBANA,348,42,1,31,5,61,3,9,0,0,0,0,0,0,0,0,0,0,0,0,0,0,4,0,0,17,521,695,
22,QUERETARO,007,Queretaro ,0879,02,C,00,URBANA,325,30,2,32,7,64,7,11,0,0,0,0,0,0,0,0,6,0,1,1,0,0,3,0,0,16,505,695,
22,QUERETARO,007,Queretaro ,0879,03,C,00,URBANA,357,33,4,23,3,57,2,12,0,0,0,0,0,0,0,0,5,0,0,3,0,0,10,0,2,12,523,694,
22,QUERETARO,007,Queretaro ,0879,04,C,00,URBANA,347,34,4,29,4,64,2,11,0,0,0,0,0,0,0,0,3,0,0,1,0,0,4,0,0,8,511,694,
22,QUERETARO,007,Queretaro ,0880,01,B,00,URBANA,438,32,5,19,2,41,0,3,0,0,0,0,0,0,0,0,1,0,0,0,0,0,4,0,0,5,550,676,
22,QUERETARO,007,Queretaro ,0880,01,C,00,URBANA,416,22,6,20,3,47,2,2,0,0,0,0,0,0,0,0,2,0,0,0,0,0,4,0,0,14,538,675,
22,QUERETARO,007,Queretaro ,0881,01,B,00,URBANA,320,26,1,19,3,36,2,4,0,0,0,0,0,0,0,0,3,0,0,2,0,0,4,0,0,5,425,564,
22,QUERETARO,007,Queretaro ,0881,01,C,00,URBANA,300,34,1,15,3,37,3,3,0,0,0,0,0,0,0,0,4,0,1,1,0,0,4,0,0,13,419,564,
22,QUERETARO,007,Queretaro ,0881,02,C,00,URBANA,307,20,1,20,3,42,2,2,0,0,0,0,0,0,0,0,2,0,0,0,0,0,2,0,0,6,407,563,
22,QUERETARO,007,Queretaro ,0882,01,B,00,NO URBANA,241,18,33,20,3,64,8,2,0,0,0,0,0,0,0,0,3,2,1,1,0,0,5,0,0,8,409,550,MODIFICADA ST-JRC-216/2024 Y ACUMULADOS
22,QUERETARO,007,Queretaro ,0882,01,C,00,NO URBANA,258,26,4,22,4,74,2,1,0,0,0,0,0,0,0,0,3,1,0,2,0,0,4,0,0,9,410,549,
22,QUERETARO,007,Queretaro ,0882,02,C,00,NO URBANA,258,26,2,11,5,57,5,5,0,0,0,0,0,0,0,0,10,2,0,0,0,0,3,0,0,6,390,549,
22,QUERETARO,007,Queretaro ,0883,01,B,00,URBANA,395,40,7,30,1,44,2,3,0,0,0,0,0,0,0,0,6,1,0,0,0,0,11,0,0,14,554,739,
22,QUERETARO,007,Queretaro ,0883,01,C,00,URBANA,385,40,2,26,5,51,4,3,0,0,0,0,0,0,0,0,5,1,0,0,0,0,5,0,0,23,550,739,
22,QUERETARO,007,Queretaro ,0884,01,B,00,URBANA,333,28,3,13,5,36,0,6,0,0,0,0,0,0,0,0,2,1,0,0,0,0,2,0,0,7,436,546,
22,QUERETARO,007,Queretaro ,0884,01,C,00,URBANA,338,16,4,10,1,35,1,3,0,0,0,0,0,0,0,0,3,0,0,0,0,0,3,0,0,5,419,546,
22,QUERETARO,007,Queretaro ,0884,02,C,00,URBANA,308,30,1,21,1,42,3,2,0,0,0,0,0,0,0,0,3,0,1,1,0,0,1,0,1,1,416,546,
22,QUERETARO,007,Queretaro ,0885,01,B,00,URBANA,267,33,2,24,3,51,3,4,0,0,0,0,0,0,0,0,1,0,0,0,0,0,2,0,1,16,407,625,
22,QUERETARO,007,Queretaro ,0885,01,C,00,URBANA,254,33,1,19,4,62,1,7,0,0,0,0,0,0,0,0,7,0,0,0,0,0,6,0,0,14,408,625,MODIFICADA ST-JRC-216/2024 Y ACUMULADOS
22,QUERETARO,007,Queretaro ,0885,02,C,00,URBANA,245,23,5,30,2,59,5,5,0,0,0,0,0,0,0,0,3,1,0,2,0,0,5,0,0,8,393,625,
22,QUERETARO,007,Queretaro ,0886,01,B,00,URBANA,469,34,6,12,1,49,2,2,0,0,0,0,0,0,0,0,3,0,0,0,0,0,5,0,0,6,589,735,
22,QUERETARO,007,Queretaro ,0886,01,C,00,URBANA,417,38,3,15,3,35,1,0,0,0,0,0,0,0,0,0,1,1,0,0,0,0,5,0,0,11,530,735,
22,QUERETARO,007,Queretaro ,0887,01,B,00,URBANA,426,45,0,24,5,59,1,1,0,0,0,0,0,0,0,0,3,1,0,1,0,0,5,0,0,10,581,734,
22,QUERETARO,007,Queretaro ,0887,01,C,00,URBANA,438,24,3,19,5,46,1,2,0,0,0,0,0,0,0,0,6,0,0,0,0,0,12,0,0,16,572,733,
22,QUERETARO,007,Queretaro ,0887,02,C,00,URBANA,402,38,4,19,6,45,3,6,0,0,0,0,0,0,0,0,9,1,0,1,0,0,4,0,0,12,550,733,
22,QUERETARO,007,Queretaro ,0887,03,C,00,URBANA,443,30,6,20,1,51,4,3,0,0,0,0,0,0,0,0,2,0,0,0,0,0,3,0,0,13,576,733,
22,QUERETARO,007,Queretaro ,0888,01,B,00,URBANA,417,32,4,15,2,39,1,2,0,0,0,0,0,0,0,0,3,2,0,0,0,0,8,0,0,8,533,701,
22,QUERETARO,007,Queretaro ,0888,01,C,00,URBANA,443,26,4,20,1,38,1,2,0,0,0,0,0,0,0,0,3,0,0,1,0,0,2,0,0,7,548,701,
22,QUERETARO,007,Queretaro ,0889,01,B,00,URBANA,451,26,3,20,1,36,1,3,0,0,0,0,0,0,0,0,6,1,0,0,0,0,6,0,0,17,571,732,
22,QUERETARO,007,Queretaro ,0889,01,C,00,URBANA,476,23,5,17,5,44,1,1,0,0,0,0,0,0,0,0,1,0,0,0,0,0,10,0,0,11,594,732,
22,QUERETARO,007,Queretaro ,0889,02,C,00,URBANA,465,31,1,19,1,37,0,7,0,0,0,0,0,0,0,0,1,0,0,1,0,0,11,0,0,7,581,731,
22,QUERETARO,007,Queretaro ,0889,03,C,00,URBANA,433,35,5,16,5,46,1,3,0,0,0,0,0,0,0,0,5,2,0,0,0,0,6,0,0,12,569,731,
22,QUERETARO,007,Queretaro ,0889,04,C,00,URBANA,473,32,10,17,1,36,2,2,0,0,0,0,0,0,0,0,3,0,0,0,0,0,6,0,0,5,587,731,
22,QUERETARO,007,Queretaro ,0890,01,B,00,URBANA,408,36,2,18,3,29,4,2,0,0,0,0,0,0,0,0,2,0,0,1,0,0,9,0,0,9,523,699,
22,QUERETARO,007,Queretaro ,0890,01,C,00,URBANA,393,27,3,23,2,45,2,2,0,0,0,0,0,0,0,0,2,0,0,0,0,0,5,0,0,8,512,699,
22,QUERETARO,007,Queretaro ,0890,02,C,00,URBANA,392,27,5,25,1,33,2,0,0,0,0,0,0,0,0,0,2,0,0,0,0,0,7,0,0,6,500,699,
22,QUERETARO,007,Queretaro ,0890,03,C,00,URBANA,362,26,2,20,8,38,0,2,0,0,0,0,0,0,0,0,6,0,0,2,0,0,11,0,0,6,483,699,
22,QUERETARO,007,Queretaro ,0890,04,C,00,URBANA,397,19,2,25,0,50,2,2,0,0,0,0,0,0,0,0,3,1,0,0,0,0,4,0,0,8,513,698,
22,QUERETARO,007,Queretaro ,0902,01,B,00,NO URBANA,56,10,3,39,17,127,4,2,0,0,0,0,0,0,0,0,7,2,0,3,0,0,2,0,0,8,280,584,
22,QUERETARO,007,Queretaro ,0902,01,C,00,NO URBANA,46,8,3,17,10,139,8,4,0,0,0,0,0,0,0,0,7,1,0,0,0,0,1,0,0,11,255,583,
22,QUERETARO,007,Queretaro ,0902,02,C,00,NO URBANA,66,9,3,20,16,125,20,2,0,0,0,0,0,0,0,0,3,3,0,0,0,0,1,0,0,11,279,583,
22,QUERETARO,007,Queretaro ,0902,03,C,00,NO URBANA,37,11,2,29,13,121,6,9,0,0,0,0,0,0,0,0,7,0,1,1,0,0,1,0,0,15,253,583,
22,QUERETARO,007,Queretaro ,0903,01,B,00,NO URBANA,92,18,6,37,13,134,14,8,0,0,0,0,0,0,0,0,2,2,1,0,0,0,2,0,1,19,349,526,
22,QUERETARO,007,Queretaro ,0903,01,C,00,NO URBANA,94,21,2,36,12,121,8,11,0,0,0,0,0,0,0,0,7,1,1,0,0,0,2,0,0,12,328,526,
22,QUERETARO,008,Corregidora ,0861,01,A,00,URBANA,0,0,0,1,1,2,0,0,0,0,0,0,0,0,0,0,0,0,0,0,0,0,0,0,0,0,4,4,
22,QUERETARO,008,Corregidora ,0097,01,B,00,URBANA,294,39,7,13,12,66,15,5,0,0,0,0,0,0,0,0,0,0,0,0,0,0,0,0,0,14,465,688,
22,QUERETARO,008,Corregidora ,0097,01,C,00,URBANA,295,31,2,19,13,92,6,7,0,0,0,0,0,0,0,0,0,0,0,0,0,0,0,0,0,9,474,687,
22,QUERETARO,008,Corregidora ,0097,02,C,00,URBANA,255,43,4,16,12,99,9,8,0,0,0,0,0,0,0,0,0,0,0,1,0,0,0,0,0,18,465,687,
22,QUERETARO,008,Corregidora ,0097,03,C,00,URBANA,237,37,4,14,18,84,4,9,0,0,0,0,0,0,0,0,0,0,0,1,0,0,0,0,2,11,421,687,
22,QUERETARO,008,Corregidora ,0097,04,C,00,URBANA,276,31,9,18,13,82,10,2,0,0,0,0,0,0,0,0,0,0,0,5,0,0,0,0,0,11,457,687,
22,QUERETARO,008,Corregidora ,0097,05,C,00,URBANA,202,44,4,12,21,107,7,7,0,0,0,0,0,0,0,0,0,0,0,5,0,0,0,0,0,21,430,687,
22,QUERETARO,008,Corregidora ,0097,06,C,00,URBANA,299,42,2,12,15,79,5,4,0,0,0,0,0,0,0,0,0,0,0,0,0,0,0,0,2,13,473,687,
22,QUERETARO,008,Corregidora ,0097,07,C,00,URBANA,240,40,5,17,20,92,7,8,0,0,0,0,0,0,0,0,0,0,0,2,0,0,0,0,0,13,444,687,
22,QUERETARO,008,Corregidora ,0097,08,C,00,URBANA,261,41,6,15,8,83,5,5,0,0,0,0,0,0,0,0,0,0,0,1,0,0,0,0,0,9,434,687,
22,QUERETARO,008,Corregidora ,0097,09,C,00,URBANA,303,38,11,14,8,93,5,6,0,0,0,0,0,0,0,0,0,0,0,1,0,0,0,0,0,19,498,687,
22,QUERETARO,008,Corregidora ,0098,01,B,00,URBANA,259,66,13,17,14,86,13,5,0,0,0,0,0,0,0,0,0,0,0,2,0,0,0,0,1,17,493,749,
22,QUERETARO,008,Corregidora ,0098,01,C,00,URBANA,240,64,10,21,18,121,12,3,0,0,0,0,0,0,0,0,0,0,0,1,0,0,0,0,0,14,504,749,
22,QUERETARO,008,Corregidora ,0098,02,C,00,URBANA,214,64,7,16,15,81,11,9,0,0,0,0,0,0,0,0,0,0,0,7,0,0,0,0,1,20,445,749,
22,QUERETARO,008,Corregidora ,0098,03,C,00,URBANA,225,57,4,15,20,111,3,8,0,0,0,0,0,0,0,0,0,0,0,3,0,0,0,0,2,23,471,749,
22,QUERETARO,008,Corregidora ,0098,04,C,00,URBANA,216,54,5,15,17,108,5,11,0,0,0,0,0,0,0,0,0,0,0,0,0,0,0,0,0,25,456,749,
22,QUERETARO,008,Corregidora ,0098,05,C,00,URBANA,262,68,7,15,16,90,6,8,0,0,0,0,0,0,0,0,0,0,0,7,0,0,0,0,0,13,492,749,
22,QUERETARO,008,Corregidora ,0099,01,B,00,NO URBANA,308,52,5,15,10,87,12,5,0,0,0,0,0,0,0,0,0,0,0,2,0,0,0,0,0,10,506,733,
22,QUERETARO,008,Corregidora ,0099,01,C,00,NO URBANA,301,42,1,19,7,82,7,2,0,0,0,0,0,0,0,0,0,0,0,5,0,0,0,0,1,6,473,733,
22,QUERETARO,008,Corregidora ,0099,02,C,00,NO URBANA,295,43,6,16,5,99,10,7,0,0,0,0,0,0,0,0,0,0,0,3,0,0,0,0,3,24,511,733,
22,QUERETARO,008,Corregidora ,0099,03,C,00,NO URBANA,303,41,4,15,12,93,11,3,0,0,0,0,0,0,0,0,0,0,0,3,0,0,0,0,0,11,496,733,
22,QUERETARO,008,Corregidora ,0099,04,C,00,NO URBANA,295,39,7,15,14,85,9,8,0,0,0,0,0,0,0,0,0,0,0,3,0,0,0,0,0,10,485,733,
22,QUERETARO,008,Corregidora ,0099,05,C,00,NO URBANA,304,37,5,18,11,91,7,6,0,0,0,0,0,0,0,0,0,0,0,3,0,0,0,0,0,16,498,733,
22,QUERETARO,008,Corregidora ,0099,06,C,00,NO URBANA,291,46,5,13,6,98,5,3,0,0,0,0,0,0,0,0,0,0,0,0,0,0,0,0,1,16,484,733,
22,QUERETARO,008,Corregidora ,0099,07,C,00,NO URBANA,277,35,8,16,14,111,3,8,0,0,0,0,0,0,0,0,0,0,0,1,0,0,0,0,1,14,488,733,
22,QUERETARO,008,Corregidora ,0099,08,C,00,NO URBANA,277,53,5,13,9,92,10,6,0,0,0,0,0,0,0,0,0,0,0,4,0,0,0,0,0,10,479,733,
22,QUERETARO,008,Corregidora ,0099,09,C,00,NO URBANA,288,36,4,8,8,90,6,7,0,0,0,0,0,0,0,0,0,0,0,4,0,0,0,0,1,23,475,733,
22,QUERETARO,008,Corregidora ,0099,10,C,00,NO URBANA,245,58,5,11,12,111,14,9,0,0,0,0,0,0,0,0,0,0,0,5,0,0,0,0,0,10,480,733,
22,QUERETARO,008,Corregidora ,0099,11,C,00,NO URBANA,309,34,4,13,8,95,6,5,0,0,0,0,0,0,0,0,0,0,0,0,0,0,0,0,0,8,482,733,
22,QUERETARO,008,Corregidora ,0099,12,C,00,NO URBANA,252,49,4,12,12,97,10,5,0,0,0,0,0,0,0,0,0,0,0,2,0,0,0,0,0,17,460,733,
22,QUERETARO,008,Corregidora ,0099,13,C,00,NO URBANA,276,40,4,17,13,89,5,5,0,0,0,0,0,0,0,0,0,0,0,1,0,0,0,0,0,18,468,733,
22,QUERETARO,008,Corregidora ,0099,14,C,00,NO URBANA,248,51,6,15,15,123,8,8,0,0,0,0,0,0,0,0,0,0,0,4,0,0,0,0,0,19,497,733,
22,QUERETARO,008,Corregidora ,0099,15,C,00,NO URBANA,233,45,5,5,20,124,9,5,0,0,0,0,0,0,0,0,0,0,0,0,0,0,0,0,0,21,467,733,
22,QUERETARO,008,Corregidora ,0099,16,C,00,NO URBANA,288,52,4,22,17,104,7,8,0,0,0,0,0,0,0,0,0,0,0,2,0,0,0,0,0,9,513,733,
22,QUERETARO,008,Corregidora ,0099,17,C,00,NO URBANA,287,39,5,20,14,95,5,11,0,0,0,0,0,0,0,0,0,0,0,1,0,0,0,0,0,19,496,733,
22,QUERETARO,008,Corregidora ,0099,18,C,00,NO URBANA,279,45,5,19,10,112,11,11,0,0,0,0,0,0,0,0,0,0,0,4,0,0,0,0,0,11,507,733,
22,QUERETARO,008,Corregidora ,0099,19,C,00,NO URBANA,250,48,7,19,6,100,4,5,0,0,0,0,0,0,0,0,0,0,0,4,0,0,0,0,0,12,455,733,
22,QUERETARO,008,Corregidora ,0099,20,C,00,NO URBANA,287,48,2,16,13,106,5,9,0,0,0,0,0,0,0,0,0,0,0,1,0,0,0,0,0,21,508,733,
22,QUERETARO,008,Corregidora ,0099,21,C,00,NO URBANA,298,44,6,15,7,92,3,7,0,0,0,0,0,0,0,0,0,0,0,3,0,0,0,0,0,15,490,733,
22,QUERETARO,008,Corregidora ,0099,22,C,00,NO URBANA,286,42,8,27,14,103,11,7,0,0,0,0,0,0,0,0,0,0,0,6,0,0,0,0,1,9,514,733,
22,QUERETARO,008,Corregidora ,0099,23,C,00,NO URBANA,250,45,6,11,12,112,8,4,0,0,0,0,0,0,0,0,0,0,0,3,0,0,0,0,1,17,469,733,
22,QUERETARO,008,Corregidora ,0099,24,C,00,NO URBANA,322,41,5,13,12,102,8,6,0,0,0,0,0,0,0,0,0,0,0,1,0,0,0,0,0,13,523,732,
22,QUERETARO,008,Corregidora ,0099,25,C,00,NO URBANA,286,45,11,14,8,88,7,12,0,0,0,0,0,0,0,0,0,0,0,1,0,0,0,0,0,12,484,732,
22,QUERETARO,008,Corregidora ,0100,01,B,00,URBANA,282,66,5,21,13,89,14,5,0,0,0,0,0,0,0,0,0,0,0,1,0,0,0,0,0,17,513,729,
22,QUERETARO,008,Corregidora ,0100,01,C,00,URBANA,268,63,7,12,15,102,5,7,0,0,0,0,0,0,0,0,0,0,0,2,0,0,0,0,0,14,495,729,
22,QUERETARO,008,Corregidora ,0100,02,C,00,URBANA,283,56,4,20,15,121,5,8,0,0,0,0,0,0,0,0,0,0,0,0,0,0,0,0,0,10,522,728,
22,QUERETARO,008,Corregidora ,0101,01,B,00,URBANA,260,45,8,22,10,94,7,4,0,0,0,0,0,0,0,0,0,0,0,4,0,0,0,0,0,9,463,671,
22,QUERETARO,008,Corregidora ,0101,01,C,00,URBANA,242,44,5,18,10,98,8,9,0,0,0,0,0,0,0,0,0,0,0,1,0,0,0,0,0,13,448,671,
22,QUERETARO,008,Corregidora ,0101,02,C,00,URBANA,252,55,5,8,8,89,10,6,0,0,0,0,0,0,0,0,0,0,0,0,0,0,0,0,1,10,444,670,
22,QUERETARO,008,Corregidora ,0101,03,C,00,URBANA,263,58,2,18,5,90,7,7,0,0,0,0,0,0,0,0,0,0,0,3,0,0,0,0,0,17,470,670,
22,QUERETARO,008,Corregidora ,0101,04,C,00,URBANA,238,67,10,14,10,90,2,5,0,0,0,0,0,0,0,0,0,0,0,8,0,0,0,0,0,20,464,670,
22,QUERETARO,008,Corregidora ,0101,05,C,00,URBANA,243,54,2,10,7,109,9,11,0,0,0,0,0,0,0,0,0,0,0,1,0,0,0,0,0,21,467,670,
22,QUERETARO,008,Corregidora ,0101,06,C,00,URBANA,281,53,9,14,10,89,6,10,0,0,0,0,0,0,0,0,0,0,0,3,0,0,0,0,0,11,486,670,
22,QUERETARO,008,Corregidora ,0102,01,B,00,URBANA,147,52,10,22,13,116,12,8,0,0,0,0,0,0,0,0,0,0,0,4,0,0,0,0,1,16,401,619,
22,QUERETARO,008,Corregidora ,0102,01,C,00,URBANA,164,74,10,15,10,107,8,6,0,0,0,0,0,0,0,0,0,0,0,1,0,0,0,0,1,19,415,619,
22,QUERETARO,008,Corregidora ,0102,02,C,00,URBANA,126,72,9,26,21,122,12,8,0,0,0,0,0,0,0,0,0,0,0,3,0,0,0,0,1,21,421,619,
22,QUERETARO,008,Corregidora ,0103,01,B,00,NO URBANA,201,27,7,16,9,135,5,6,0,0,0,0,0,0,0,0,0,0,0,0,0,0,0,0,0,13,419,712,
22,QUERETARO,008,Corregidora ,0103,01,C,00,NO URBANA,224,42,6,17,13,117,12,9,0,0,0,0,0,0,0,0,0,0,0,2,0,0,0,0,0,18,460,712,
22,QUERETARO,008,Corregidora ,0103,02,C,00,NO URBANA,188,43,3,7,10,130,12,7,0,0,0,0,0,0,0,0,0,0,0,2,0,0,0,0,0,17,419,712,
22,QUERETARO,008,Corregidora ,0103,03,C,00,NO URBANA,182,39,7,21,13,129,14,6,0,0,0,0,0,0,0,0,0,0,0,3,0,0,0,0,0,22,436,712,
22,QUERETARO,008,Corregidora ,0103,04,C,00,NO URBANA,188,32,3,16,14,142,12,8,0,0,0,0,0,0,0,0,0,0,0,4,0,0,0,0,0,24,443,712,
22,QUERETARO,008,Corregidora ,0103,05,C,00,NO URBANA,195,48,4,12,13,131,11,11,0,0,0,0,0,0,0,0,0,0,0,2,0,0,0,0,0,19,446,711,
22,QUERETARO,008,Corregidora ,0103,06,C,00,NO URBANA,197,37,3,8,15,135,6,7,0,0,0,0,0,0,0,0,0,0,0,4,0,0,0,0,0,17,429,711,
22,QUERETARO,008,Corregidora ,0103,07,C,00,NO URBANA,202,47,4,16,25,124,6,11,0,0,0,0,0,0,0,0,0,0,0,5,0,0,0,0,0,16,456,711,
22,QUERETARO,008,Corregidora ,0104,01,B,00,URBANA,107,42,5,19,20,133,8,7,0,0,0,0,0,0,0,0,0,0,0,4,0,0,0,0,0,14,359,640,
22,QUERETARO,008,Corregidora ,0104,01,C,00,URBANA,125,43,7,19,17,136,8,6,0,0,0,0,0,0,0,0,0,0,0,2,0,0,0,0,0,19,382,640,
22,QUERETARO,008,Corregidora ,0104,02,C,00,URBANA,106,53,10,7,18,161,12,7,0,0,0,0,0,0,0,0,0,0,0,2,0,0,0,0,1,19,396,640,
22,QUERETARO,008,Corregidora ,0105,01,B,00,URBANA,95,17,5,9,17,137,0,16,0,0,0,0,0,0,0,0,0,0,0,1,0,0,0,0,0,19,316,725,
22,QUERETARO,008,Corregidora ,0105,01,C,00,URBANA,105,27,4,11,18,149,13,11,0,0,0,0,0,0,0,0,0,0,0,3,0,0,0,0,0,11,352,725,
22,QUERETARO,008,Corregidora ,0105,02,C,00,URBANA,107,32,8,13,19,148,9,7,0,0,0,0,0,0,0,0,0,0,0,3,0,0,0,0,0,19,365,725,
22,QUERETARO,008,Corregidora ,0105,03,C,00,URBANA,90,21,5,10,15,131,7,12,0,0,0,0,0,0,0,0,0,0,0,0,0,0,0,0,0,25,316,725,
22,QUERETARO,008,Corregidora ,0105,04,C,00,URBANA,102,32,8,6,27,143,13,13,0,0,0,0,0,0,0,0,0,0,0,4,0,0,0,0,0,23,371,725,
22,QUERETARO,008,Corregidora ,0105,05,C,00,URBANA,85,30,5,13,18,139,11,5,0,0,0,0,0,0,0,0,0,0,0,1,0,0,0,0,0,23,330,725,
22,QUERETARO,008,Corregidora ,0105,06,C,00,URBANA,93,27,2,10,21,139,15,10,0,0,0,0,0,0,0,0,0,0,0,1,0,0,0,0,0,14,332,724,
22,QUERETARO,008,Corregidora ,0105,07,C,00,URBANA,94,34,3,16,22,155,12,9,0,0,0,0,0,0,0,0,0,0,0,0,0,0,0,0,0,31,376,724,
22,QUERETARO,008,Corregidora ,0105,08,C,00,URBANA,98,31,1,17,13,130,11,9,0,0,0,0,0,0,0,0,0,0,0,3,0,0,0,0,0,19,332,724,
22,QUERETARO,008,Corregidora ,0105,09,C,00,URBANA,97,25,4,16,27,141,6,11,0,0,0,0,0,0,0,0,0,0,0,1,0,0,0,0,0,20,348,724,
22,QUERETARO,008,Corregidora ,0105,10,C,00,URBANA,104,34,3,11,24,147,15,9,0,0,0,0,0,0,0,0,0,0,0,6,0,0,0,0,0,15,368,724,
22,QUERETARO,008,Corregidora ,0105,11,C,00,URBANA,92,22,3,16,15,144,8,18,0,0,0,0,0,0,0,0,0,0,0,1,0,0,0,0,0,26,345,724,
22,QUERETARO,008,Corregidora ,0105,12,C,00,URBANA,105,26,5,13,11,132,11,10,0,0,0,0,0,0,0,0,0,0,0,3,0,0,0,0,0,18,334,724,
22,QUERETARO,008,Corregidora ,0105,13,C,00,URBANA,111,17,10,19,25,135,12,7,0,0,0,0,0,0,0,0,0,0,0,1,0,0,0,0,2,18,357,724,
22,QUERETARO,008,Corregidora ,0105,14,C,00,URBANA,101,23,2,10,18,157,11,13,0,0,0,0,0,0,0,0,0,0,0,2,0,0,0,0,0,16,353,724,
22,QUERETARO,008,Corregidora ,0105,15,C,00,URBANA,109,31,7,13,21,150,13,13,0,0,0,0,0,0,0,0,0,0,0,2,0,0,0,0,0,20,379,724,
22,QUERETARO,008,Corregidora ,0106,01,B,00,URBANA,74,23,2,14,19,144,7,10,0,0,0,0,0,0,0,0,0,0,0,0,0,0,0,0,0,14,307,583,
22,QUERETARO,008,Corregidora ,0106,01,C,00,URBANA,68,29,2,10,20,138,9,9,0,0,0,0,0,0,0,0,0,0,0,2,0,0,0,0,0,15,302,582,
22,QUERETARO,008,Corregidora ,0106,02,C,00,URBANA,82,23,6,14,27,129,7,5,0,0,0,0,0,0,0,0,0,0,0,0,0,0,0,0,1,16,310,582,
22,QUERETARO,008,Corregidora ,0106,03,C,00,URBANA,93,30,15,9,20,124,17,7,0,0,0,0,0,0,0,0,0,0,0,1,0,0,0,0,0,13,329,582,
22,QUERETARO,008,Corregidora ,0107,01,B,00,URBANA,108,35,1,11,23,149,11,12,0,0,0,0,0,0,0,0,0,0,0,0,0,0,0,0,0,24,374,704,
22,QUERETARO,008,Corregidora ,0107,01,C,00,URBANA,118,34,8,8,11,153,7,4,0,0,0,0,0,0,0,0,0,0,0,2,0,0,0,0,0,25,370,704,
22,QUERETARO,008,Corregidora ,0107,02,C,00,URBANA,107,43,4,13,16,150,11,8,0,0,0,0,0,0,0,0,0,0,0,1,0,0,0,0,0,20,373,704,
22,QUERETARO,008,Corregidora ,0108,01,B,00,URBANA,90,24,8,12,22,142,6,7,0,0,0,0,0,0,0,0,0,0,0,0,0,0,0,0,0,22,333,622,
22,QUERETARO,008,Corregidora ,0108,01,C,00,URBANA,89,24,3,24,20,110,6,9,0,0,0,0,0,0,0,0,0,0,0,4,0,0,0,0,1,17,307,622,
22,QUERETARO,008,Corregidora ,0108,02,C,00,URBANA,102,27,4,8,26,147,9,7,0,0,0,0,0,0,0,0,0,0,0,10,0,0,0,0,0,20,360,621,
22,QUERETARO,008,Corregidora ,0108,03,C,00,URBANA,76,45,5,13,13,134,13,12,0,0,0,0,0,0,0,0,0,0,0,0,0,0,0,0,0,18,329,621,
22,QUERETARO,008,Corregidora ,0109,01,B,00,URBANA,108,29,7,19,26,152,8,9,0,0,0,0,0,0,0,0,0,0,0,3,0,0,0,0,0,30,391,718,
22,QUERETARO,008,Corregidora ,0109,01,C,00,URBANA,105,42,9,15,39,191,17,10,0,0,0,0,0,0,0,0,0,0,0,6,0,0,0,0,0,20,454,718,
22,QUERETARO,008,Corregidora ,0109,02,C,00,URBANA,105,20,3,11,18,177,13,5,0,0,0,0,0,0,0,0,0,0,0,2,0,0,0,0,0,33,387,718,
22,QUERETARO,008,Corregidora ,0113,01,B,00,URBANA,342,73,5,20,12,78,11,4,0,0,0,0,0,0,0,0,0,0,0,2,0,0,0,0,1,16,564,740,
22,QUERETARO,008,Corregidora ,0113,01,C,00,URBANA,330,41,8,18,5,113,10,7,0,0,0,0,0,0,0,0,0,0,0,3,0,0,0,0,2,13,550,740,
22,QUERETARO,008,Corregidora ,0113,02,C,00,URBANA,348,57,6,14,4,84,9,6,0,0,0,0,0,0,0,0,0,0,0,3,0,0,0,0,0,20,551,740,
22,QUERETARO,008,Corregidora ,0113,03,C,00,URBANA,346,60,4,15,9,66,4,12,0,0,0,0,0,0,0,0,0,0,0,1,0,0,0,0,0,11,528,740,
22,QUERETARO,008,Corregidora ,0113,04,C,00,URBANA,346,53,17,15,7,91,11,6,0,0,0,0,0,0,0,0,0,0,0,4,0,0,0,0,0,11,561,740,
22,QUERETARO,008,Corregidora ,0113,05,C,00,URBANA,333,58,9,19,11,106,8,3,0,0,0,0,0,0,0,0,0,0,0,4,0,0,0,0,0,6,557,739,
22,QUERETARO,008,Corregidora ,0113,06,C,00,URBANA,372,59,10,20,5,90,6,9,0,0,0,0,0,0,0,0,0,0,0,3,0,0,0,0,2,6,582,739,
22,QUERETARO,008,Corregidora ,0113,07,C,00,URBANA,332,57,7,23,8,90,7,3,0,0,0,0,0,0,0,0,0,0,0,3,0,0,0,0,1,9,540,739,
22,QUERETARO,008,Corregidora ,0113,08,C,00,URBANA,354,59,9,22,10,81,5,7,0,0,0,0,0,0,0,0,0,0,0,4,0,0,0,0,0,9,560,739,
22,QUERETARO,008,Corregidora ,0113,09,C,00,URBANA,357,68,3,11,9,87,5,9,0,0,0,0,0,0,0,0,0,0,0,3,0,0,0,0,2,14,568,739,
22,QUERETARO,008,Corregidora ,0113,10,C,00,URBANA,336,61,3,11,9,71,5,7,0,0,0,0,0,0,0,0,0,0,0,2,0,0,0,0,0,15,520,739,
22,QUERETARO,008,Corregidora ,0113,11,C,00,URBANA,362,57,12,13,5,89,9,8,0,0,0,0,0,0,0,0,0,0,0,1,0,0,0,0,0,11,567,739,
22,QUERETARO,008,Corregidora ,0113,12,C,00,URBANA,380,60,6,21,8,62,6,4,0,0,0,0,0,0,0,0,0,0,0,4,0,0,0,0,0,14,565,739,
22,QUERETARO,008,Corregidora ,0113,13,C,00,URBANA,347,45,7,15,6,100,6,11,0,0,0,0,0,0,0,0,0,0,0,6,0,0,0,0,0,12,555,739,
22,QUERETARO,008,Corregidora ,0113,01,S,00,URBANA,4,0,0,0,0,2,0,0,0,0,0,0,0,0,0,0,0,0,0,0,0,0,0,0,0,0,6,0,
22,QUERETARO,008,Corregidora ,0113,02,S,00,URBANA,0,0,0,0,0,0,0,0,0,0,0,0,0,0,0,0,0,0,0,0,0,0,0,0,0,0,0,0,
22,QUERETARO,008,Corregidora ,0113,01,S,00,URBANA,29,7,1,5,2,25,3,0,0,0,0,0,0,0,0,0,0,0,0,0,0,0,0,0,0,5,77,0,
22,QUERETARO,008,Corregidora ,0113,02,S,00,URBANA,56,3,2,5,1,15,1,4,0,0,0,0,0,0,0,0,0,0,0,0,0,0,0,0,0,2,89,0,
22,QUERETARO,008,Corregidora ,0114,01,B,00,NO URBANA,146,29,3,17,15,135,11,11,0,0,0,0,0,0,0,0,0,0,0,2,0,0,0,0,0,19,388,712,
22,QUERETARO,008,Corregidora ,0114,01,C,00,NO URBANA,167,38,7,19,17,140,8,8,0,0,0,0,0,0,0,0,0,0,0,9,0,0,0,0,0,18,431,712,
22,QUERETARO,008,Corregidora ,0114,02,C,00,NO URBANA,180,22,5,17,11,145,13,10,0,0,0,0,0,0,0,0,0,0,0,2,0,0,0,0,0,18,423,712,
22,QUERETARO,008,Corregidora ,0114,03,C,00,NO URBANA,178,36,6,15,14,134,9,7,0,0,0,0,0,0,0,0,0,0,0,6,0,0,0,0,1,17,423,712,
22,QUERETARO,008,Corregidora ,0114,04,C,00,NO URBANA,145,34,4,13,12,142,5,7,0,0,0,0,0,0,0,0,0,0,0,4,0,0,0,0,0,15,381,712,
22,QUERETARO,008,Corregidora ,0114,05,C,00,NO URBANA,159,35,7,10,10,138,15,2,0,0,0,0,0,0,0,0,0,0,0,5,0,0,0,0,0,17,398,712,
22,QUERETARO,008,Corregidora ,0114,06,C,00,NO URBANA,148,44,3,15,12,148,14,4,0,0,0,0,0,0,0,0,0,0,0,6,0,0,0,0,0,15,409,712,
22,QUERETARO,008,Corregidora ,0114,07,C,00,NO URBANA,156,36,5,20,12,157,6,7,0,0,0,0,0,0,0,0,0,0,0,1,0,0,0,0,0,13,413,712,
22,QUERETARO,008,Corregidora ,0114,08,C,00,NO URBANA,186,34,4,18,10,146,10,6,0,0,0,0,0,0,0,0,0,0,0,2,0,0,0,0,0,11,427,712,
22,QUERETARO,008,Corregidora ,0114,09,C,00,NO URBANA,180,43,7,14,19,127,14,11,0,0,0,0,0,0,0,0,0,0,0,1,0,0,0,0,0,13,429,712,
22,QUERETARO,008,Corregidora ,0114,10,C,00,NO URBANA,184,37,2,16,8,125,13,8,0,0,0,0,0,0,0,0,0,0,0,3,0,0,0,0,0,13,409,711,
22,QUERETARO,008,Corregidora ,0114,11,C,00,NO URBANA,167,36,6,18,24,149,12,10,0,0,0,0,0,0,0,0,0,0,0,4,0,0,0,0,0,19,445,711,
22,QUERETARO,008,Corregidora ,0114,12,C,00,NO URBANA,172,37,3,15,16,140,9,9,0,0,0,0,0,0,0,0,0,0,0,0,0,0,0,0,0,21,422,711,
22,QUERETARO,008,Corregidora ,0114,13,C,00,NO URBANA,149,32,5,13,16,155,10,8,0,0,0,0,0,0,0,0,0,0,0,4,0,0,0,0,0,17,409,711,
22,QUERETARO,008,Corregidora ,0115,01,B,00,NO URBANA,267,44,17,15,5,99,13,6,0,0,0,0,0,0,0,0,0,0,0,1,0,0,0,0,0,20,487,735,
22,QUERETARO,008,Corregidora ,0115,01,C,00,NO URBANA,276,47,7,12,9,95,9,4,0,0,0,0,0,0,0,0,0,0,0,1,0,0,0,0,0,22,482,735,
22,QUERETARO,008,Corregidora ,0115,02,C,00,NO URBANA,275,32,25,15,11,85,10,4,0,0,0,0,0,0,0,0,0,0,0,2,0,0,0,0,1,16,476,735,
22,QUERETARO,008,Corregidora ,0115,03,C,00,NO URBANA,278,39,6,9,12,107,8,7,0,0,0,0,0,0,0,0,0,0,0,1,0,0,0,0,0,17,484,735,
22,QUERETARO,008,Corregidora ,0115,04,C,00,NO URBANA,279,37,11,20,8,82,7,3,0,0,0,0,0,0,0,0,0,0,0,0,0,0,0,0,0,11,458,734,
22,QUERETARO,008,Corregidora ,0115,05,C,00,NO URBANA,214,42,8,20,19,116,7,7,0,0,0,0,0,0,0,0,0,0,0,4,0,0,0,0,2,22,461,734,
22,QUERETARO,008,Corregidora ,0115,06,C,00,NO URBANA,261,46,11,17,10,93,8,9,0,0,0,0,0,0,0,0,0,0,0,1,0,0,0,0,1,20,477,734,
22,QUERETARO,008,Corregidora ,0115,07,C,00,NO URBANA,235,40,12,21,17,101,5,9,0,0,0,0,0,0,0,0,0,0,0,1,0,0,0,0,0,14,455,734,
22,QUERETARO,008,Corregidora ,0115,08,C,00,NO URBANA,182,45,27,12,14,130,14,7,0,0,0,0,0,0,0,0,0,0,0,2,0,0,0,0,1,18,452,734,
22,QUERETARO,008,Corregidora ,0115,09,C,00,NO URBANA,212,45,22,13,11,141,12,7,0,0,0,0,0,0,0,0,0,0,0,3,0,0,0,0,0,13,479,734,
22,QUERETARO,008,Corregidora ,0115,10,C,00,NO URBANA,229,48,19,14,9,102,10,8,0,0,0,0,0,0,0,0,0,0,0,3,0,0,0,0,0,20,462,734,
22,QUERETARO,008,Corregidora ,0115,11,C,00,NO URBANA,226,39,8,10,7,115,10,5,0,0,0,0,0,0,0,0,0,0,0,4,0,0,0,0,0,23,447,734,
22,QUERETARO,008,Corregidora ,0115,12,C,00,NO URBANA,227,38,4,16,5,110,5,5,0,0,0,0,0,0,0,0,0,0,0,2,0,0,0,0,0,14,426,734,
22,QUERETARO,008,Corregidora ,0115,13,C,00,NO URBANA,260,42,6,21,11,92,12,5,0,0,0,0,0,0,0,0,0,0,0,2,0,0,0,0,0,20,471,734,
22,QUERETARO,008,Corregidora ,0115,14,C,00,NO URBANA,286,40,6,16,22,93,11,11,0,0,0,0,0,0,0,0,0,0,0,0,0,0,0,0,0,6,491,734,
22,QUERETARO,008,Corregidora ,0115,01,S,00,NO URBANA,7,0,0,2,1,3,0,1,0,0,0,0,0,0,0,0,0,0,0,0,0,0,0,0,0,0,14,0,
22,QUERETARO,008,Corregidora ,0115,01,S,00,NO URBANA,30,4,2,2,1,17,1,1,0,0,0,0,0,0,0,0,0,0,0,0,0,0,0,0,0,2,60,0,
22,QUERETARO,008,Corregidora ,0117,01,B,00,NO URBANA,348,43,3,12,9,77,4,6,0,0,0,0,0,0,0,0,0,0,0,0,0,0,0,0,1,5,508,736,
22,QUERETARO,008,Corregidora ,0117,01,C,00,NO URBANA,381,43,0,13,8,72,3,3,0,0,0,0,0,0,0,0,0,0,0,2,0,0,0,0,0,15,540,736,
22,QUERETARO,008,Corregidora ,0117,02,C,00,NO URBANA,355,38,7,13,7,76,4,6,0,0,0,0,0,0,0,0,0,0,0,3,0,0,0,0,0,15,524,736,
22,QUERETARO,008,Corregidora ,0117,03,C,00,NO URBANA,402,31,3,13,9,63,9,7,0,0,0,0,0,0,0,0,0,0,0,3,0,0,0,0,0,10,550,736,
22,QUERETARO,008,Corregidora ,0117,04,C,00,NO URBANA,365,36,16,19,15,67,10,8,0,0,0,0,0,0,0,0,0,0,0,0,0,0,0,0,0,7,543,736,
22,QUERETARO,008,Corregidora ,0117,05,C,00,NO URBANA,324,65,7,10,22,65,3,4,0,0,0,0,0,0,0,0,0,0,0,2,0,0,0,0,0,16,518,736,
22,QUERETARO,008,Corregidora ,0117,06,C,00,NO URBANA,359,44,12,15,15,80,4,5,0,0,0,0,0,0,0,0,0,0,0,3,0,0,0,0,1,17,555,736,
22,QUERETARO,008,Corregidora ,0117,07,C,00,NO URBANA,369,50,10,13,14,65,7,9,0,0,0,0,0,0,0,0,0,0,0,0,0,0,0,0,0,13,550,735,
22,QUERETARO,008,Corregidora ,0117,01,E,00,NO URBANA,370,32,2,6,3,34,2,3,0,0,0,0,0,0,0,0,0,0,0,2,0,0,0,0,0,9,463,562,
22,QUERETARO,008,Corregidora ,0117,01,E,00,NO URBANA,345,36,7,5,2,42,5,1,0,0,0,0,0,0,0,0,0,0,0,0,0,0,0,0,0,5,448,561,
22,QUERETARO,008,Corregidora ,0117,01,E,00,NO URBANA,343,37,6,9,3,4,4,3,0,0,0,0,0,0,0,0,0,0,0,2,0,0,0,0,0,4,415,561,
22,QUERETARO,008,Corregidora ,0118,01,B,00,NO URBANA,86,12,3,10,19,82,9,1,0,0,0,0,0,0,0,0,0,0,0,0,0,0,0,0,0,19,241,632,
22,QUERETARO,008,Corregidora ,0118,01,C,00,NO URBANA,116,20,2,4,9,86,5,3,0,0,0,0,0,0,0,0,0,0,0,0,0,0,0,0,0,29,274,631,
22,QUERETARO,008,Corregidora ,0118,02,C,00,NO URBANA,112,23,2,4,11,82,8,7,0,0,0,0,0,0,0,0,0,0,0,0,0,0,0,0,0,0,249,631,
22,QUERETARO,008,Corregidora ,0118,03,C,00,NO URBANA,94,11,2,4,12,81,7,1,0,0,0,0,0,0,0,0,0,0,0,2,0,0,0,0,0,0,214,631,
22,QUERETARO,008,Corregidora ,0118,04,C,00,NO URBANA,130,35,4,4,15,88,5,4,0,0,0,0,0,0,0,0,0,0,0,2,0,0,0,0,1,22,310,631,
22,QUERETARO,008,Corregidora ,0119,01,B,00,NO URBANA,190,59,3,9,40,58,4,0,0,0,0,0,0,0,0,0,0,0,0,0,0,0,0,0,0,30,393,729,
22,QUERETARO,008,Corregidora ,0119,01,E,00,NO URBANA,142,36,4,7,9,88,8,2,0,0,0,0,0,0,0,0,0,0,0,3,0,0,0,0,0,13,312,489,
22,QUERETARO,008,Corregidora ,0119,01,E,00,NO URBANA,120,37,2,8,16,99,4,5,0,0,0,0,0,0,0,0,0,0,0,0,0,0,0,0,0,22,313,488,
22,QUERETARO,008,Corregidora ,0119,01,S,00,NO URBANA,57,19,2,6,3,40,4,0,0,0,0,0,0,0,0,0,0,0,0,2,0,0,0,0,0,3,136,0,
22,QUERETARO,008,Corregidora ,0119,01,S,00,NO URBANA,47,16,2,5,3,30,2,0,0,0,0,0,0,0,0,0,0,0,0,0,0,0,0,0,1,4,110,0,
22,QUERETARO,008,Corregidora ,0774,01,B,00,URBANA,347,57,3,16,12,83,10,10,0,0,0,0,0,0,0,0,0,0,0,0,0,0,0,0,0,17,555,745,
22,QUERETARO,008,Corregidora ,0775,01,B,00,URBANA,234,43,4,19,3,76,7,8,0,0,0,0,0,0,0,0,0,0,0,0,0,0,0,0,0,9,403,541,
22,QUERETARO,008,Corregidora ,0775,01,C,00,URBANA,235,52,4,11,5,83,8,5,0,0,0,0,0,0,0,0,0,0,0,2,0,0,0,0,0,7,412,540,
22,QUERETARO,008,Corregidora ,0791,01,B,00,URBANA,223,54,7,32,10,123,6,7,0,0,0,0,0,0,0,0,0,0,0,0,0,0,0,0,1,16,479,663,
22,QUERETARO,008,Corregidora ,0791,01,C,00,URBANA,198,52,7,19,8,140,10,9,0,0,0,0,0,0,0,0,0,0,0,0,0,0,0,0,0,19,462,662,
22,QUERETARO,008,Corregidora ,0793,01,B,00,URBANA,288,52,4,25,8,107,7,17,0,0,0,0,0,0,0,0,0,0,0,3,0,0,0,0,1,10,522,726,
22,QUERETARO,008,Corregidora ,0793,01,C,00,URBANA,277,49,4,21,2,136,10,15,0,0,0,0,0,0,0,0,0,0,0,8,0,0,0,0,1,10,533,726,
22,QUERETARO,008,Corregidora ,0794,01,B,00,URBANA,268,41,4,30,13,112,10,12,0,0,0,0,0,0,0,0,0,0,0,4,0,0,0,0,0,9,503,729,
22,QUERETARO,008,Corregidora ,0795,01,B,00,URBANA,247,35,7,14,11,123,9,5,0,0,0,0,0,0,0,0,0,0,0,0,0,0,0,0,0,20,471,679,
22,QUERETARO,008,Corregidora ,0795,01,C,00,URBANA,253,39,6,18,8,113,6,10,0,0,0,0,0,0,0,0,0,0,0,4,0,0,0,0,1,19,477,679,
22,QUERETARO,008,Corregidora ,0796,01,B,00,URBANA,243,55,12,16,6,78,5,10,0,0,0,0,0,0,0,0,0,0,0,2,0,0,0,0,0,9,436,578,
22,QUERETARO,008,Corregidora ,0978,01,B,00,NO URBANA,76,19,4,16,15,117,4,14,0,0,0,0,0,0,0,0,0,0,0,2,0,0,0,0,0,18,285,629,
22,QUERETARO,008,Corregidora ,0978,01,C,00,NO URBANA,88,34,4,8,8,116,10,7,0,0,0,0,0,0,0,0,0,0,0,0,0,0,0,0,0,23,298,628,
22,QUERETARO,008,Corregidora ,0978,02,C,00,NO URBANA,79,16,3,11,12,133,11,12,0,0,0,0,0,0,0,0,0,0,0,6,0,0,0,0,0,22,305,628,
22,QUERETARO,008,Corregidora ,0978,03,C,00,NO URBANA,102,31,6,6,14,129,7,4,0,0,0,0,0,0,0,0,0,0,0,2,0,0,0,0,0,17,318,628,
22,QUERETARO,008,Corregidora ,0978,04,C,00,NO URBANA,91,21,4,4,19,134,5,5,0,0,0,0,0,0,0,0,0,0,0,1,0,0,0,0,0,21,305,628,
22,QUERETARO,008,Corregidora ,0979,01,B,00,URBANA,81,44,3,10,24,146,17,14,0,0,0,0,0,0,0,0,0,0,0,4,0,0,0,0,0,20,363,676,
22,QUERETARO,008,Corregidora ,0979,01,C,00,URBANA,64,27,3,7,22,182,5,2,0,0,0,0,0,0,0,0,0,0,0,2,0,0,0,0,0,28,342,676,
22,QUERETARO,008,Corregidora ,0979,02,C,00,URBANA,79,30,4,9,19,156,11,15,0,0,0,0,0,0,0,0,0,0,0,0,0,0,0,0,0,22,345,675,
22,QUERETARO,008,Corregidora ,0980,01,B,00,NO URBANA,67,20,1,14,16,128,15,2,0,0,0,0,0,0,0,0,0,0,0,3,0,0,0,0,0,17,283,510,
22,QUERETARO,008,Corregidora ,0981,01,B,00,NO URBANA,145,12,1,2,26,101,11,2,0,0,0,0,0,0,0,0,0,0,0,0,0,0,0,0,0,17,317,574,
22,QUERETARO,008,Corregidora ,0981,01,C,00,NO URBANA,155,16,1,2,15,96,4,1,0,0,0,0,0,0,0,0,0,0,0,7,0,0,0,0,0,0,297,574,
22,QUERETARO,008,Corregidora ,0981,02,C,00,NO URBANA,159,12,2,2,15,88,6,1,0,0,0,0,0,0,0,0,0,0,0,11,0,0,0,0,0,7,303,573,
22,QUERETARO,008,Corregidora ,0982,01,B,00,NO URBANA,142,13,4,5,11,115,8,1,0,0,0,0,0,0,0,0,0,0,0,0,0,0,0,0,0,16,315,554,
22,QUERETARO,008,Corregidora ,0982,01,C,00,NO URBANA,138,21,3,8,10,108,9,3,0,0,0,0,0,0,0,0,0,0,0,0,0,0,0,0,0,36,336,554,
22,QUERETARO,008,Corregidora ,0982,02,C,00,NO URBANA,121,8,4,7,9,126,5,1,0,0,0,0,0,0,0,0,0,0,0,1,0,0,0,0,1,20,303,554,
22,QUERETARO,008,Corregidora ,0983,01,B,00,NO URBANA,103,26,3,4,31,81,11,1,0,0,0,0,0,0,0,0,0,0,0,0,0,0,0,0,0,14,274,575,
22,QUERETARO,008,Corregidora ,0983,01,C,00,NO URBANA,99,20,2,7,38,93,5,4,0,0,0,0,0,0,0,0,0,0,0,4,0,0,0,0,0,30,302,575,
22,QUERETARO,008,Corregidora ,0983,02,C,00,NO URBANA,116,32,4,8,30,62,1,0,0,0,0,0,0,0,0,0,0,0,0,0,0,0,0,0,0,32,285,574,
22,QUERETARO,008,Corregidora ,0983,03,C,00,NO URBANA,102,31,2,4,32,75,3,1,0,0,0,0,0,0,0,0,0,0,0,0,0,0,0,0,0,24,274,574,
22,QUERETARO,008,Corregidora ,0984,01,B,00,NO URBANA,148,15,0,7,10,81,9,3,0,0,0,0,0,0,0,0,0,0,0,0,0,0,0,0,0,12,285,510,
22,QUERETARO,008,Corregidora ,0984,01,C,00,NO URBANA,149,18,3,4,16,83,3,7,0,0,0,0,0,0,0,0,0,0,0,1,0,0,0,0,0,0,284,509,
22,QUERETARO,008,Corregidora ,0984,02,C,00,NO URBANA,135,15,2,5,11,80,3,6,0,0,0,0,0,0,0,0,0,0,0,1,0,0,0,0,0,12,270,509,
22,QUERETARO,009,Amealco de Bonfil ,0579,01,A,00,URBANA,1,2,0,0,0,0,0,0,0,0,0,0,0,0,0,0,0,0,0,0,0,0,0,0,0,0,3,3,
22,QUERETARO,009,Amealco de Bonfil ,0211,01,A,00,URBANA,2,0,0,0,0,1,0,0,0,0,0,0,0,0,0,0,0,0,0,0,0,0,0,0,0,0,3,6,
22,QUERETARO,009,Amealco de Bonfil ,0001,01,B,00,URBANA,139,44,5,53,37,71,5,8,0,0,0,0,0,0,0,0,5,0,1,0,0,6,0,0,1,17,392,536,
22,QUERETARO,009,Amealco de Bonfil ,0001,01,C,00,URBANA,130,51,6,44,29,71,4,5,0,0,0,0,0,0,0,0,3,1,0,0,0,8,0,0,0,19,371,535,
22,QUERETARO,009,Amealco de Bonfil ,0002,01,B,00,NO URBANA,116,61,2,49,27,57,4,4,0,0,0,0,0,0,0,0,2,1,1,1,0,7,0,0,0,12,344,507,
22,QUERETARO,009,Amealco de Bonfil ,0002,01,C,00,NO URBANA,111,53,3,44,26,66,3,6,0,0,0,0,0,0,0,0,4,0,1,3,0,11,0,0,0,12,343,506,
22,QUERETARO,009,Amealco de Bonfil ,0003,01,B,00,URBANA,103,42,5,47,20,73,5,7,0,0,0,0,0,0,0,0,5,0,0,0,0,12,0,0,0,13,332,548,
22,QUERETARO,009,Amealco de Bonfil ,0003,01,C,00,URBANA,97,41,5,52,28,78,7,8,0,0,0,0,0,0,0,0,8,2,0,0,0,10,0,0,0,15,351,547,
22,QUERETARO,009,Amealco de Bonfil ,0003,02,C,00,URBANA,99,46,3,60,13,72,10,11,0,0,0,0,0,0,0,0,7,0,1,1,0,12,0,0,1,18,354,547,
22,QUERETARO,009,Amealco de Bonfil ,0004,01,B,00,URBANA,113,51,3,75,19,84,4,2,0,0,0,0,0,0,0,0,5,1,0,0,0,9,0,0,0,22,388,608,
22,QUERETARO,009,Amealco de Bonfil ,0004,01,C,00,URBANA,117,34,9,66,29,87,1,3,0,0,0,0,0,0,0,0,7,2,1,1,0,9,0,0,0,15,381,608,
22,QUERETARO,009,Amealco de Bonfil ,0004,02,C,00,URBANA,101,54,2,57,21,80,7,10,0,0,0,0,0,0,0,0,7,0,0,0,0,11,0,0,0,12,362,608,
22,QUERETARO,009,Amealco de Bonfil ,0005,01,B,00,NO URBANA,122,41,4,69,23,79,1,10,0,0,0,0,0,0,0,0,5,2,0,0,0,9,0,0,0,9,374,570,
22,QUERETARO,009,Amealco de Bonfil ,0005,01,C,00,NO URBANA,122,44,5,52,31,84,2,5,0,0,0,0,0,0,0,0,5,1,3,2,0,6,0,0,0,20,382,570,
22,QUERETARO,009,Amealco de Bonfil ,0005,02,C,00,NO URBANA,122,48,7,56,23,97,6,6,0,0,0,0,0,0,0,0,1,2,0,0,0,11,0,0,0,22,401,569,
22,QUERETARO,009,Amealco de Bonfil ,0005,01,S,00,NO URBANA,3,0,0,0,0,0,0,0,0,0,0,0,0,0,0,0,0,0,0,0,0,0,0,0,0,0,3,0,
22,QUERETARO,009,Amealco de Bonfil ,0005,02,S,00,NO URBANA,107,17,2,38,23,45,0,7,0,0,0,0,0,0,0,0,5,2,0,0,0,10,0,0,0,9,265,0,
22,QUERETARO,009,Amealco de Bonfil ,0005,01,S,00,NO URBANA,141,41,3,34,24,92,12,5,0,0,0,0,0,0,0,0,0,0,0,0,0,0,0,0,1,14,367,0,
22,QUERETARO,009,Amealco de Bonfil ,0005,02,S,00,NO URBANA,23,12,0,10,10,23,2,10,0,0,0,0,0,0,0,0,0,0,0,0,0,0,0,0,0,6,96,0,
22,QUERETARO,009,Amealco de Bonfil ,0006,01,B,00,NO URBANA,93,40,6,25,17,82,10,0,0,0,0,0,0,0,0,0,4,0,0,2,0,3,0,0,0,19,301,578,
22,QUERETARO,009,Amealco de Bonfil ,0006,01,E,00,NO URBANA,114,66,1,18,13,16,2,3,0,0,0,0,0,0,0,0,2,1,1,0,0,14,0,0,0,9,260,454,
22,QUERETARO,009,Amealco de Bonfil ,0007,01,B,00,NO URBANA,79,36,3,43,8,44,6,1,0,0,0,0,0,0,0,0,3,1,0,0,0,8,0,0,0,15,247,436,
22,QUERETARO,009,Amealco de Bonfil ,0007,01,C,00,NO URBANA,53,50,6,32,17,39,1,2,0,0,0,0,0,0,0,0,5,1,3,0,0,7,0,0,0,14,230,435,
22,QUERETARO,009,Amealco de Bonfil ,0008,01,B,00,NO URBANA,98,71,6,49,13,49,9,6,0,0,0,0,0,0,0,0,2,1,0,1,0,15,0,0,0,22,342,691,
22,QUERETARO,009,Amealco de Bonfil ,0008,01,C,00,NO URBANA,98,55,1,51,15,81,6,2,0,0,0,0,0,0,0,0,7,3,1,0,0,10,0,0,0,21,351,690,
22,QUERETARO,009,Amealco de Bonfil ,0009,01,B,00,NO URBANA,67,18,4,21,12,19,7,0,0,0,0,0,0,0,0,0,0,0,0,0,0,8,0,0,0,15,171,418,
22,QUERETARO,009,Amealco de Bonfil ,0009,01,C,00,NO URBANA,53,25,3,16,9,21,1,1,0,0,0,0,0,0,0,0,0,1,0,0,0,10,0,0,0,10,150,418,
22,QUERETARO,009,Amealco de Bonfil ,0009,01,E,00,NO URBANA,61,32,2,15,29,45,4,2,0,0,0,0,0,0,0,0,5,3,2,0,0,4,0,0,0,17,221,532,
22,QUERETARO,009,Amealco de Bonfil ,0009,02,E,00,NO URBANA,118,45,1,13,91,41,9,1,0,0,0,0,0,0,0,0,6,2,1,0,0,8,0,0,0,13,349,725,
22,QUERETARO,009,Amealco de Bonfil ,0010,01,B,00,NO URBANA,107,42,4,41,16,64,3,5,0,0,0,0,0,0,0,0,4,1,0,0,0,24,0,0,0,16,327,619,
22,QUERETARO,009,Amealco de Bonfil ,0010,01,C,00,NO URBANA,91,53,5,49,24,60,6,4,0,0,0,0,0,0,0,0,5,5,3,0,0,16,0,0,0,24,345,619,
22,QUERETARO,009,Amealco de Bonfil ,0011,01,B,00,NO URBANA,88,47,2,41,32,61,4,3,0,0,0,0,0,0,0,0,7,0,1,0,0,1,0,0,0,22,309,503,
22,QUERETARO,009,Amealco de Bonfil ,0011,01,C,00,NO URBANA,83,26,4,43,23,89,9,3,0,0,0,0,0,0,0,0,8,4,0,1,0,5,0,0,0,18,316,502,
22,QUERETARO,009,Amealco de Bonfil ,0011,01,E,00,NO URBANA,127,37,7,74,37,120,14,11,0,0,0,0,0,0,0,0,5,2,0,2,0,10,0,0,0,10,456,709,
22,QUERETARO,009,Amealco de Bonfil ,0012,01,B,00,NO URBANA,88,42,3,25,25,73,3,1,0,0,0,0,0,0,0,0,6,4,2,0,0,12,0,0,0,20,304,456,
22,QUERETARO,009,Amealco de Bonfil ,0012,01,C,00,NO URBANA,96,42,5,21,18,78,5,5,0,0,0,0,0,0,0,0,7,0,0,0,0,12,0,0,1,16,306,456,
22,QUERETARO,009,Amealco de Bonfil ,0013,01,B,00,NO URBANA,111,27,6,74,13,68,7,4,0,0,0,0,0,0,0,0,4,4,0,1,0,7,0,0,0,16,342,518,
22,QUERETARO,009,Amealco de Bonfil ,0013,01,C,00,NO URBANA,95,36,7,64,26,67,3,8,0,0,0,0,0,0,0,0,2,4,1,2,0,5,0,0,0,22,342,518,
22,QUERETARO,009,Amealco de Bonfil ,0013,01,E,00,NO URBANA,79,28,5,43,8,33,2,5,0,0,0,0,0,0,0,0,3,2,0,0,0,9,0,0,0,13,230,365,
22,QUERETARO,009,Amealco de Bonfil ,0013,02,E,00,NO URBANA,60,23,1,31,16,57,6,1,0,0,0,0,0,0,0,0,5,2,4,0,0,9,0,0,0,7,222,386,
22,QUERETARO,009,Amealco de Bonfil ,0014,01,B,00,NO URBANA,142,59,4,81,21,55,7,4,0,0,0,0,0,0,0,0,1,1,3,0,0,15,0,0,1,30,424,744,
22,QUERETARO,009,Amealco de Bonfil ,0014,01,C,00,NO URBANA,140,59,9,70,12,50,10,3,0,0,0,0,0,0,0,0,2,5,2,1,0,18,0,0,0,39,420,743,
22,QUERETARO,009,Amealco de Bonfil ,0014,01,E,00,NO URBANA,118,34,7,82,22,69,6,6,0,0,0,0,0,0,0,0,4,0,0,0,0,9,0,0,3,14,374,603,
22,QUERETARO,009,Amealco de Bonfil ,0014,01,E,00,NO URBANA,92,21,8,63,27,76,2,8,0,0,0,0,0,0,0,0,4,2,1,1,0,8,0,0,3,25,341,602,
22,QUERETARO,009,Amealco de Bonfil ,0015,01,B,00,NO URBANA,65,13,2,22,19,133,1,3,0,0,0,0,0,0,0,0,15,8,1,1,0,6,0,0,4,20,313,538,
22,QUERETARO,009,Amealco de Bonfil ,0015,01,C,00,NO URBANA,63,20,4,12,20,119,10,0,0,0,0,0,0,0,0,0,19,4,5,1,0,7,0,0,1,17,302,537,
22,QUERETARO,009,Amealco de Bonfil ,0015,02,C,00,NO URBANA,61,19,5,26,28,95,5,7,0,0,0,0,0,0,0,0,11,4,5,0,0,6,0,0,6,25,303,537,
22,QUERETARO,009,Amealco de Bonfil ,0015,01,E,00,NO URBANA,58,16,0,23,11,74,6,2,0,0,0,0,0,0,0,0,6,5,2,1,0,4,0,0,0,16,224,410,
22,QUERETARO,009,Amealco de Bonfil ,0015,01,E,00,NO URBANA,63,20,2,27,20,49,7,1,0,0,0,0,0,0,0,0,4,0,0,1,0,6,0,0,0,23,223,410,
22,QUERETARO,009,Amealco de Bonfil ,0016,01,B,00,NO URBANA,124,3,5,46,14,64,5,1,0,0,0,0,0,0,0,0,4,0,0,2,0,6,0,0,0,13,287,457,
22,QUERETARO,009,Amealco de Bonfil ,0016,01,C,00,NO URBANA,100,16,3,49,18,65,1,4,0,0,0,0,0,0,0,0,5,2,0,1,0,5,0,0,0,15,284,457,
22,QUERETARO,009,Amealco de Bonfil ,0016,01,E,00,NO URBANA,64,33,0,12,8,16,3,1,0,0,0,0,0,0,0,0,1,1,0,0,0,3,0,0,0,10,152,291,
22,QUERETARO,009,Amealco de Bonfil ,0017,01,B,00,NO URBANA,80,52,2,58,34,83,6,4,0,0,0,0,0,0,0,0,10,1,1,0,0,14,0,0,0,18,363,567,
22,QUERETARO,009,Amealco de Bonfil ,0017,01,C,00,NO URBANA,105,60,4,32,26,92,5,2,0,0,0,0,0,0,0,0,4,2,3,4,0,16,0,0,0,18,373,567,
22,QUERETARO,009,Amealco de Bonfil ,0017,02,C,00,NO URBANA,95,32,9,51,20,92,13,5,0,0,0,0,0,0,0,0,2,3,1,1,0,7,0,0,0,7,338,567,
22,QUERETARO,009,Amealco de Bonfil ,0018,01,B,00,NO URBANA,128,40,5,66,27,120,5,1,0,0,0,0,0,0,0,0,10,2,2,0,0,12,0,0,0,35,453,749,
22,QUERETARO,009,Amealco de Bonfil ,0020,01,B,00,NO URBANA,86,42,2,32,14,67,2,3,0,0,0,0,0,0,0,0,9,1,0,0,0,12,0,0,0,17,287,471,
22,QUERETARO,009,Amealco de Bonfil ,0020,01,E,00,NO URBANA,125,17,1,30,10,54,4,0,0,0,0,0,0,0,0,0,0,3,0,0,0,5,0,0,0,15,264,411,
22,QUERETARO,009,Amealco de Bonfil ,0021,01,B,00,NO URBANA,118,54,4,65,29,121,5,6,0,0,0,0,0,0,0,0,7,5,0,0,0,16,0,0,0,19,449,710,
22,QUERETARO,009,Amealco de Bonfil ,0022,01,B,00,NO URBANA,93,15,4,19,18,84,6,4,0,0,0,0,0,0,0,0,6,6,0,2,0,12,0,0,2,16,287,523,
22,QUERETARO,009,Amealco de Bonfil ,0022,01,C,00,NO URBANA,108,9,2,22,28,87,8,2,0,0,0,0,0,0,0,0,7,4,0,1,0,6,0,0,1,24,309,522,
22,QUERETARO,009,Amealco de Bonfil ,0022,01,E,00,NO URBANA,164,14,4,12,15,59,6,0,0,0,0,0,0,0,0,0,8,12,1,0,0,19,0,0,0,22,336,581,
22,QUERETARO,009,Amealco de Bonfil ,0022,01,E,00,NO URBANA,134,23,0,15,23,81,3,2,0,0,0,0,0,0,0,0,10,3,0,1,0,12,0,0,0,17,324,580,
22,QUERETARO,009,Amealco de Bonfil ,0023,01,B,00,NO URBANA,73,25,1,48,26,82,7,4,0,0,0,0,0,0,0,0,7,2,1,0,0,4,0,0,0,19,299,508,
22,QUERETARO,009,Amealco de Bonfil ,0023,01,C,00,NO URBANA,91,48,2,39,31,87,13,3,0,0,0,0,0,0,0,0,5,2,2,0,0,3,0,0,0,15,341,508,
22,QUERETARO,009,Amealco de Bonfil ,0023,02,C,00,NO URBANA,73,28,5,39,33,78,4,6,0,0,0,0,0,0,0,0,5,0,0,1,0,4,0,0,0,29,305,507,
22,QUERETARO,009,Amealco de Bonfil ,0023,01,E,00,NO URBANA,113,39,4,46,12,101,9,3,0,0,0,0,0,0,0,0,0,0,0,0,0,8,0,0,0,31,366,645,
22,QUERETARO,009,Amealco de Bonfil ,0024,01,B,00,NO URBANA,114,24,4,31,37,109,10,2,0,0,0,0,0,0,0,0,15,4,5,0,0,8,0,0,0,51,414,625,
22,QUERETARO,009,Amealco de Bonfil ,0024,01,C,00,NO URBANA,94,28,4,31,34,139,12,0,0,0,0,0,0,0,0,0,11,2,3,0,0,6,0,0,1,34,399,625,
22,QUERETARO,009,Amealco de Bonfil ,0024,02,C,00,NO URBANA,126,20,2,28,40,117,14,3,0,0,0,0,0,0,0,0,10,5,5,3,0,11,0,0,0,44,428,625,
22,QUERETARO,009,Amealco de Bonfil ,0024,03,C,00,NO URBANA,121,31,2,38,37,114,10,3,0,0,0,0,0,0,0,0,14,4,2,0,0,7,0,0,0,41,424,625,
22,QUERETARO,009,Amealco de Bonfil ,0025,01,B,00,NO URBANA,65,27,0,31,27,120,6,8,0,0,0,0,0,0,0,0,12,6,3,1,0,11,0,0,0,16,333,582,
22,QUERETARO,009,Amealco de Bonfil ,0025,01,C,00,NO URBANA,89,31,2,44,34,91,7,5,0,0,0,0,0,0,0,0,8,2,1,0,0,6,0,0,0,26,346,582,
22,QUERETARO,009,Amealco de Bonfil ,0025,01,E,00,NO URBANA,58,35,2,26,17,123,7,2,0,0,0,0,0,0,0,0,1,1,0,0,0,5,0,0,0,12,289,457,
22,QUERETARO,009,Amealco de Bonfil ,0026,01,B,00,NO URBANA,71,52,1,14,11,65,4,2,0,0,0,0,0,0,0,0,7,5,3,1,0,10,0,0,0,12,258,389,
22,QUERETARO,009,Amealco de Bonfil ,0026,01,C,00,NO URBANA,47,55,3,24,17,51,7,1,0,0,0,0,0,0,0,0,6,2,1,0,0,10,0,0,0,16,240,389,
22,QUERETARO,009,Amealco de Bonfil ,0026,01,E,00,NO URBANA,87,13,4,12,14,22,7,0,0,0,0,0,0,0,0,0,3,1,2,0,0,6,0,0,0,7,178,275,
22,QUERETARO,009,Amealco de Bonfil ,0026,02,E,00,NO URBANA,216,17,1,27,15,59,3,1,0,0,0,0,0,0,0,0,3,1,0,1,0,6,0,0,0,12,362,498,
22,QUERETARO,009,Amealco de Bonfil ,0027,01,B,00,NO URBANA,174,36,2,20,14,68,36,1,0,0,0,0,0,0,0,0,8,3,3,0,0,4,0,0,1,23,393,615,
22,QUERETARO,009,Amealco de Bonfil ,0027,01,C,00,NO URBANA,157,40,4,33,16,70,36,3,0,0,0,0,0,0,0,0,9,2,1,1,0,2,0,0,0,17,391,614,
22,QUERETARO,009,Amealco de Bonfil ,0028,01,B,00,NO URBANA,79,44,3,21,8,67,4,2,0,0,0,0,0,0,0,0,6,3,0,0,0,10,0,0,0,17,264,477,
22,QUERETARO,009,Amealco de Bonfil ,0028,01,C,00,NO URBANA,96,30,4,30,16,57,8,5,0,0,0,0,0,0,0,0,6,6,1,0,0,12,0,0,0,11,282,476,
22,QUERETARO,009,Amealco de Bonfil ,0029,01,B,00,NO URBANA,126,46,3,25,8,54,9,1,0,0,0,0,0,0,0,0,5,0,1,3,0,6,0,0,3,12,302,500,
22,QUERETARO,009,Amealco de Bonfil ,0029,01,C,00,NO URBANA,121,49,1,23,16,67,13,5,0,0,0,0,0,0,0,0,5,5,0,1,0,3,0,0,1,19,329,499,
22,QUERETARO,009,Amealco de Bonfil ,0030,01,B,00,NO URBANA,159,35,2,31,23,59,5,3,0,0,0,0,0,0,0,0,5,0,2,0,0,7,0,0,2,23,356,507,
22,QUERETARO,009,Amealco de Bonfil ,0030,01,C,00,NO URBANA,140,28,2,26,13,65,10,5,0,0,0,0,0,0,0,0,9,1,2,0,0,10,0,0,1,26,338,506,
22,QUERETARO,009,Amealco de Bonfil ,0030,01,E,00,NO URBANA,97,34,0,14,10,47,0,0,0,0,0,0,0,0,0,0,1,1,1,2,0,5,0,0,0,20,232,353,
22,QUERETARO,009,Amealco de Bonfil ,0031,01,B,00,NO URBANA,109,52,0,33,6,43,7,8,0,0,0,0,0,0,0,0,0,2,0,1,0,9,0,0,0,23,293,475,
22,QUERETARO,009,Amealco de Bonfil ,0031,01,C,00,NO URBANA,119,48,2,19,9,51,3,6,0,0,0,0,0,0,0,0,6,1,0,0,0,9,0,0,2,18,293,475,
22,QUERETARO,009,Amealco de Bonfil ,0032,01,B,00,NO URBANA,115,34,1,52,13,111,7,12,0,0,0,0,0,0,0,0,14,1,1,4,0,3,0,0,2,33,403,693,
22,QUERETARO,009,Amealco de Bonfil ,0032,01,C,00,NO URBANA,88,39,4,56,21,106,9,13,0,0,0,0,0,0,0,0,7,3,1,1,0,1,0,0,1,39,389,693,
22,QUERETARO,009,Amealco de Bonfil ,0033,01,B,00,NO URBANA,91,30,5,36,16,77,21,2,0,0,0,0,0,0,0,0,13,2,2,1,0,9,0,0,1,38,344,619,
22,QUERETARO,009,Amealco de Bonfil ,0033,01,C,00,NO URBANA,94,29,4,30,19,91,19,6,0,0,0,0,0,0,0,0,10,1,5,2,0,8,0,0,4,35,357,619,
22,QUERETARO,009,Amealco de Bonfil ,0033,02,C,00,NO URBANA,70,33,7,43,16,89,18,4,0,0,0,0,0,0,0,0,6,3,3,1,0,4,0,0,2,30,329,618,
22,QUERETARO,009,Amealco de Bonfil ,0033,03,C,00,NO URBANA,87,29,4,39,18,65,10,4,0,0,0,0,0,0,0,0,13,5,9,4,0,14,0,0,1,24,326,618,
22,QUERETARO,009,Amealco de Bonfil ,0034,01,B,00,NO URBANA,156,81,4,25,30,101,7,5,0,0,0,0,0,0,0,0,3,2,1,2,0,7,0,0,0,27,451,697,
22,QUERETARO,009,Amealco de Bonfil ,0904,01,B,00,NO URBANA,75,17,2,38,34,117,7,0,0,0,0,0,0,0,0,0,9,7,0,0,0,10,0,0,0,28,344,563,
22,QUERETARO,009,Amealco de Bonfil ,0904,01,C,00,NO URBANA,83,16,6,51,32,113,11,2,0,0,0,0,0,0,0,0,10,1,2,0,0,6,0,0,5,35,373,563,
22,QUERETARO,009,Amealco de Bonfil ,0905,01,B,00,NO URBANA,79,12,8,58,32,119,15,3,0,0,0,0,0,0,0,0,10,1,0,3,0,4,0,0,1,26,371,692,
22,QUERETARO,009,Amealco de Bonfil ,0905,01,C,00,NO URBANA,109,16,11,35,26,111,4,4,0,0,0,0,0,0,0,0,11,8,1,0,0,6,0,0,0,26,368,692,
22,QUERETARO,009,Amealco de Bonfil ,0905,02,C,00,NO URBANA,88,24,2,45,27,120,8,2,0,0,0,0,0,0,0,0,12,3,0,1,0,13,0,0,4,26,375,692,
22,QUERETARO,009,Amealco de Bonfil ,0905,03,C,00,NO URBANA,109,16,11,28,29,122,9,3,0,0,0,0,0,0,0,0,7,2,1,0,0,5,0,0,1,22,365,691,
22,QUERETARO,009,Amealco de Bonfil ,0905,04,C,00,NO URBANA,126,24,6,45,22,116,7,5,0,0,0,0,0,0,0,0,11,3,1,0,0,10,0,0,1,24,401,691,
22,QUERETARO,009,Amealco de Bonfil ,0139,01,B,00,NO URBANA,109,44,12,21,88,53,10,10,0,0,0,0,0,0,0,0,1,2,3,1,0,12,0,0,0,35,401,721,
22,QUERETARO,009,Amealco de Bonfil ,0139,01,C,00,NO URBANA,100,24,3,15,82,69,5,21,0,0,0,0,0,0,0,0,7,3,1,2,0,11,0,0,0,28,371,721,
22,QUERETARO,009,Amealco de Bonfil ,0139,02,C,00,NO URBANA,106,43,11,10,98,55,8,17,0,0,0,0,0,0,0,0,13,4,1,2,0,5,0,0,0,28,401,721,
22,QUERETARO,009,Amealco de Bonfil ,0139,01,E,00,NO URBANA,81,35,4,19,72,31,3,7,0,0,0,0,0,0,0,0,3,4,0,0,0,3,0,0,0,31,293,531,
22,QUERETARO,009,Amealco de Bonfil ,0139,01,S,00,NO URBANA,41,4,2,10,32,36,4,3,0,0,0,0,0,0,0,0,1,0,0,0,0,2,0,0,0,10,145,0,
22,QUERETARO,009,Amealco de Bonfil ,0139,02,S,00,NO URBANA,63,11,3,10,34,31,1,9,0,0,0,0,0,0,0,0,2,1,0,0,0,6,0,0,0,10,181,0,
22,QUERETARO,009,Amealco de Bonfil ,0139,01,S,00,NO URBANA,40,5,2,10,32,36,4,3,0,0,0,0,0,0,0,0,0,0,0,0,0,0,0,0,0,10,142,0,
22,QUERETARO,009,Amealco de Bonfil ,0139,02,S,00,NO URBANA,36,5,2,4,12,20,1,5,0,0,0,0,0,0,0,0,0,0,0,0,0,0,0,0,0,4,89,0,
22,QUERETARO,009,Amealco de Bonfil ,0140,01,B,00,NO URBANA,77,38,2,12,40,39,5,11,0,0,0,0,0,0,0,0,0,1,1,0,0,5,0,0,0,17,248,551,
22,QUERETARO,009,Amealco de Bonfil ,0140,01,C,00,NO URBANA,108,22,5,6,208,52,3,8,0,0,0,0,0,0,0,0,8,8,0,0,0,2,0,0,0,11,441,551,
22,QUERETARO,009,Amealco de Bonfil ,0140,02,C,00,NO URBANA,114,32,6,14,37,35,7,22,0,0,0,0,0,0,0,0,6,2,1,0,0,6,0,0,0,14,296,551,
22,QUERETARO,009,Amealco de Bonfil ,0141,01,B,00,NO URBANA,85,34,12,4,170,56,8,10,0,0,0,0,0,0,0,0,11,9,4,0,0,10,0,0,0,13,426,649,
22,QUERETARO,009,Amealco de Bonfil ,0141,01,C,00,NO URBANA,143,28,5,7,44,22,4,12,0,0,0,0,0,0,0,0,4,1,0,1,0,10,0,0,0,24,305,649,
22,QUERETARO,009,Amealco de Bonfil ,0141,02,C,00,NO URBANA,112,16,7,11,173,59,1,7,0,0,0,0,0,0,0,0,6,8,2,1,0,4,0,0,0,18,425,648,
22,QUERETARO,009,Amealco de Bonfil ,0141,01,E,00,NO URBANA,50,2,2,6,90,99,4,13,0,0,0,0,0,0,0,0,6,2,0,2,0,0,0,0,0,12,288,441,
22,QUERETARO,009,Amealco de Bonfil ,0141,01,E,00,NO URBANA,76,2,2,8,88,104,6,9,0,0,0,0,0,0,0,0,3,2,2,1,0,2,0,0,0,6,311,440,
22,QUERETARO,009,Amealco de Bonfil ,0142,01,B,00,NO URBANA,143,34,23,15,116,62,8,8,0,0,0,0,0,0,0,0,5,2,0,1,0,3,0,0,0,19,439,720,
22,QUERETARO,009,Amealco de Bonfil ,0142,01,C,00,NO URBANA,142,35,26,19,95,71,11,10,0,0,0,0,0,0,0,0,1,1,1,1,0,5,0,0,0,36,454,719,
22,QUERETARO,009,Amealco de Bonfil ,0143,01,B,00,NO URBANA,115,26,19,8,123,43,6,10,0,0,0,0,0,0,0,0,6,2,1,0,0,3,0,0,0,27,389,740,
22,QUERETARO,009,Amealco de Bonfil ,0143,01,C,00,NO URBANA,98,24,18,3,119,31,6,17,0,0,0,0,0,0,0,0,5,5,4,0,0,6,0,0,0,24,360,740,
22,QUERETARO,009,Amealco de Bonfil ,0143,02,C,00,NO URBANA,102,18,10,14,141,41,4,9,0,0,0,0,0,0,0,0,5,5,1,0,0,7,0,0,0,19,376,739,
22,QUERETARO,009,Amealco de Bonfil ,0144,01,B,00,NO URBANA,101,13,9,17,76,42,8,6,0,0,0,0,0,0,0,0,0,5,1,0,0,3,0,0,0,23,304,511,
22,QUERETARO,009,Amealco de Bonfil ,0144,01,C,00,NO URBANA,98,15,17,10,75,43,3,6,0,0,0,0,0,0,0,0,4,1,0,1,0,5,0,0,0,16,294,511,
22,QUERETARO,009,Amealco de Bonfil ,0144,02,C,00,NO URBANA,113,9,18,10,72,45,13,6,0,0,0,0,0,0,0,0,1,3,0,0,0,2,0,0,2,20,314,510,
22,QUERETARO,009,Amealco de Bonfil ,0144,01,E,00,NO URBANA,88,25,11,9,140,47,4,6,0,0,0,0,0,0,0,0,6,7,2,0,0,1,0,0,0,17,363,573,
22,QUERETARO,009,Amealco de Bonfil ,0144,02,E,00,NO URBANA,317,11,7,9,11,59,2,8,0,0,0,0,0,0,0,0,8,3,0,2,0,11,0,0,0,6,454,557,
22,QUERETARO,009,Amealco de Bonfil ,0144,01,E,00,NO URBANA,99,12,10,15,117,34,8,7,0,0,0,0,0,0,0,0,12,4,0,2,0,4,0,0,0,20,344,572,
22,QUERETARO,009,Amealco de Bonfil ,0144,02,E,00,NO URBANA,345,12,4,17,6,51,2,11,0,0,0,0,0,0,0,0,1,0,0,1,0,6,0,0,0,5,461,557,
22,QUERETARO,009,Amealco de Bonfil ,0144,02,E,00,NO URBANA,335,21,6,14,6,51,6,19,0,0,0,0,0,0,0,0,2,0,0,0,0,6,0,0,0,0,466,556,
22,QUERETARO,009,Amealco de Bonfil ,0145,01,B,00,NO URBANA,60,19,14,10,163,51,2,7,0,0,0,0,0,0,0,0,8,2,5,0,0,3,0,0,0,31,375,647,
22,QUERETARO,009,Amealco de Bonfil ,0145,01,C,00,NO URBANA,49,20,8,7,143,46,6,11,0,0,0,0,0,0,0,0,9,4,6,0,0,2,0,0,0,25,336,647,
22,QUERETARO,009,Amealco de Bonfil ,0145,02,C,00,NO URBANA,70,15,13,9,155,43,4,9,0,0,0,0,0,0,0,0,11,5,5,1,0,5,0,0,0,22,367,647,
22,QUERETARO,009,Amealco de Bonfil ,0145,03,C,00,NO URBANA,47,28,2,9,159,48,4,8,0,0,0,0,0,0,0,0,13,6,6,0,0,2,0,0,0,32,364,646,
22,QUERETARO,009,Amealco de Bonfil ,0146,01,B,00,NO URBANA,109,27,15,14,96,33,4,8,0,0,0,0,0,0,0,0,5,8,3,0,0,7,0,0,1,22,352,618,
22,QUERETARO,009,Amealco de Bonfil ,0146,01,C,00,NO URBANA,101,20,16,17,107,41,8,5,0,0,0,0,0,0,0,0,1,6,2,1,0,5,0,0,0,24,354,617,
22,QUERETARO,009,Amealco de Bonfil ,0148,01,B,00,NO URBANA,43,26,9,9,167,31,4,6,0,0,0,0,0,0,0,0,7,4,0,1,0,2,0,0,0,16,325,574,
22,QUERETARO,009,Amealco de Bonfil ,0148,01,C,00,NO URBANA,68,23,5,9,146,36,2,9,0,0,0,0,0,0,0,0,8,3,1,0,0,0,0,0,0,12,322,574,
22,QUERETARO,009,Amealco de Bonfil ,0148,02,C,00,NO URBANA,58,23,11,8,152,24,1,9,0,0,0,0,0,0,0,0,7,2,1,0,0,6,0,0,0,16,318,574,
22,QUERETARO,009,Amealco de Bonfil ,0149,01,B,00,NO URBANA,44,17,1,6,109,37,4,9,0,0,0,0,0,0,0,0,6,11,1,0,0,4,0,0,0,13,262,541,
22,QUERETARO,009,Amealco de Bonfil ,0149,01,C,00,NO URBANA,46,25,1,8,122,36,2,5,0,0,0,0,0,0,0,0,3,6,1,1,0,4,0,0,0,16,276,541,
22,QUERETARO,009,Amealco de Bonfil ,0149,01,E,00,NO URBANA,91,8,6,10,114,45,4,4,0,0,0,0,0,0,0,0,8,0,2,0,0,6,0,0,0,16,314,531,
22,QUERETARO,009,Amealco de Bonfil ,0150,01,B,00,NO URBANA,80,25,10,7,79,20,5,6,0,0,0,0,0,0,0,0,3,1,0,2,0,2,0,0,0,25,265,613,
22,QUERETARO,009,Amealco de Bonfil ,0150,01,C,00,NO URBANA,109,24,4,10,62,27,4,4,0,0,0,0,0,0,0,0,4,2,1,1,0,5,0,0,0,27,284,613,
22,QUERETARO,009,Amealco de Bonfil ,0150,01,E,00,NO URBANA,39,32,5,9,63,31,2,3,0,0,0,0,0,0,0,0,4,1,1,0,0,1,0,0,1,6,198,516,
22,QUERETARO,009,Amealco de Bonfil ,0150,01,E,00,NO URBANA,52,23,11,10,93,15,5,2,0,0,0,0,0,0,0,0,2,2,0,0,0,2,0,0,0,15,232,516,
22,QUERETARO,009,Amealco de Bonfil ,0151,01,B,00,NO URBANA,49,11,4,16,64,14,2,10,0,0,0,0,0,0,0,0,4,2,0,0,0,3,0,0,0,9,188,391,
22,QUERETARO,009,Amealco de Bonfil ,0151,01,C,00,NO URBANA,45,11,2,19,52,18,0,11,0,0,0,0,0,0,0,0,2,0,2,0,0,0,0,0,0,14,176,390,
22,QUERETARO,009,Amealco de Bonfil ,0151,01,E,00,NO URBANA,68,15,19,15,81,36,8,4,0,0,0,0,0,0,0,0,5,2,2,0,0,6,0,0,0,20,281,646,
22,QUERETARO,009,Amealco de Bonfil ,0152,01,B,00,NO URBANA,63,32,5,21,78,53,2,7,0,0,0,0,0,0,0,0,2,5,1,0,0,7,0,0,0,11,287,664,
22,QUERETARO,009,Amealco de Bonfil ,0152,01,C,00,NO URBANA,93,16,6,9,100,41,7,4,0,0,0,0,0,0,0,0,5,2,2,0,0,2,0,0,0,18,305,664,
22,QUERETARO,009,Amealco de Bonfil ,0152,02,C,00,NO URBANA,63,18,4,13,121,38,4,9,0,0,0,0,0,0,0,0,7,5,0,0,0,5,0,0,0,23,310,663,
22,QUERETARO,009,Amealco de Bonfil ,0152,01,E,00,NO URBANA,53,16,2,3,44,19,5,2,0,0,0,0,0,0,0,0,5,2,1,0,0,3,0,0,0,15,170,381,
22,QUERETARO,009,Amealco de Bonfil ,0152,01,E,00,NO URBANA,33,7,2,8,54,35,3,2,0,0,0,0,0,0,0,0,3,4,0,0,0,1,0,0,0,10,162,381,
22,QUERETARO,009,Amealco de Bonfil ,0985,01,B,00,NO URBANA,105,37,2,5,126,33,7,8,0,0,0,0,0,0,0,0,5,2,1,0,0,4,0,0,0,21,356,605,
22,QUERETARO,009,Amealco de Bonfil ,0985,01,C,00,NO URBANA,84,19,4,4,139,41,5,5,0,0,0,0,0,0,0,0,10,0,0,0,0,5,0,0,0,16,332,605,
22,QUERETARO,009,Amealco de Bonfil ,0985,02,C,00,NO URBANA,99,17,2,6,128,30,7,13,0,0,0,0,0,0,0,0,6,2,0,0,0,7,0,0,0,17,334,605,
22,QUERETARO,009,Amealco de Bonfil ,0985,03,C,00,NO URBANA,99,14,3,13,147,41,4,13,0,0,0,0,0,0,0,0,7,4,2,0,0,1,0,0,0,16,364,605,
22,QUERETARO,009,Amealco de Bonfil ,0985,04,C,00,NO URBANA,105,22,1,10,144,44,3,16,0,0,0,0,0,0,0,0,2,4,1,0,0,6,0,0,0,15,373,605,
22,QUERETARO,009,Amealco de Bonfil ,0986,01,B,00,NO URBANA,102,22,10,8,46,34,2,9,0,0,0,0,0,0,0,0,2,1,0,0,0,3,0,0,0,22,261,522,
22,QUERETARO,009,Amealco de Bonfil ,0204,01,B,00,NO URBANA,75,8,3,16,11,163,4,9,0,0,0,0,0,0,0,0,9,4,0,3,0,2,0,0,0,9,316,707,
22,QUERETARO,009,Amealco de Bonfil ,0204,01,C,00,NO URBANA,70,7,3,14,18,122,5,6,0,0,0,0,0,0,0,0,12,3,0,0,0,1,0,0,0,10,271,707,
22,QUERETARO,009,Amealco de Bonfil ,0204,02,C,00,NO URBANA,77,4,4,12,19,15,9,10,0,0,0,0,0,0,0,0,5,1,0,3,0,1,0,0,0,6,166,707,
22,QUERETARO,009,Amealco de Bonfil ,0204,03,C,00,NO URBANA,90,8,8,18,11,169,10,10,0,0,0,0,0,0,0,0,13,3,0,1,0,0,0,0,0,12,353,707,
22,QUERETARO,009,Amealco de Bonfil ,0204,04,C,00,NO URBANA,87,6,1,11,18,150,10,4,0,0,0,0,0,0,0,0,8,4,0,0,0,5,0,0,0,10,314,707,
22,QUERETARO,009,Amealco de Bonfil ,0204,05,C,00,NO URBANA,114,17,11,9,14,143,8,10,0,0,0,0,0,0,0,0,9,2,0,0,0,2,0,0,0,16,355,707,
22,QUERETARO,009,Amealco de Bonfil ,0204,06,C,00,NO URBANA,76,6,2,16,17,147,11,9,0,0,0,0,0,0,0,0,11,0,1,0,0,1,0,0,0,8,305,707,
22,QUERETARO,009,Amealco de Bonfil ,0204,07,C,00,NO URBANA,80,13,2,18,14,156,13,5,0,0,0,0,0,0,0,0,7,2,2,1,0,3,0,0,0,12,328,706,
22,QUERETARO,009,Amealco de Bonfil ,0204,08,C,00,NO URBANA,92,6,1,10,18,142,7,5,0,0,0,0,0,0,0,0,11,3,0,1,0,2,0,0,1,9,308,706,
22,QUERETARO,009,Amealco de Bonfil ,0204,09,C,00,NO URBANA,109,16,5,21,10,174,12,5,0,0,0,0,0,0,0,0,8,5,0,1,0,1,0,0,1,10,378,706,
22,QUERETARO,009,Amealco de Bonfil ,0204,10,C,00,NO URBANA,85,12,4,5,12,140,7,5,0,0,0,0,0,0,0,0,8,1,0,1,0,0,0,0,1,14,295,706,
22,QUERETARO,009,Amealco de Bonfil ,0204,11,C,00,NO URBANA,82,8,5,13,18,154,11,7,0,0,0,0,0,0,0,0,15,2,1,0,0,1,0,0,0,7,324,706,
22,QUERETARO,009,Amealco de Bonfil ,0204,12,C,00,NO URBANA,91,5,2,13,18,156,8,9,0,0,0,0,0,0,0,0,9,3,0,0,0,5,0,0,0,13,332,706,
22,QUERETARO,009,Amealco de Bonfil ,0204,01,E,00,NO URBANA,115,16,6,10,28,123,16,12,0,0,0,0,0,0,0,0,12,4,2,0,0,2,0,0,0,9,355,560,
22,QUERETARO,009,Amealco de Bonfil ,0204,01,E,00,NO URBANA,110,25,5,10,19,123,9,9,0,0,0,0,0,0,0,0,5,0,0,0,0,0,0,0,0,12,327,560,
22,QUERETARO,009,Amealco de Bonfil ,0204,01,E,00,NO URBANA,99,14,1,13,18,135,6,9,0,0,0,0,0,0,0,0,5,1,1,2,0,3,0,0,0,5,312,559,
22,QUERETARO,009,Amealco de Bonfil ,0205,01,B,00,NO URBANA,136,9,3,10,20,178,15,5,0,0,0,0,0,0,0,0,11,1,0,2,0,2,0,0,0,20,412,721,
22,QUERETARO,009,Amealco de Bonfil ,0205,01,C,00,NO URBANA,117,4,3,14,16,171,17,7,0,0,0,0,0,0,0,0,9,2,1,0,0,1,0,0,0,12,374,721,
22,QUERETARO,009,Amealco de Bonfil ,0205,02,C,00,NO URBANA,109,7,10,21,19,171,14,17,0,0,0,0,0,0,0,0,5,2,0,1,0,4,0,0,0,8,388,721,
22,QUERETARO,009,Amealco de Bonfil ,0205,03,C,00,NO URBANA,116,9,7,31,19,158,12,16,0,0,0,0,0,0,0,0,16,1,0,2,0,2,0,0,0,9,398,721,
22,QUERETARO,009,Amealco de Bonfil ,0205,04,C,00,NO URBANA,121,10,6,12,17,156,17,15,0,0,0,0,0,0,0,0,10,1,2,2,0,3,0,0,0,12,384,721,
22,QUERETARO,009,Amealco de Bonfil ,0205,05,C,00,NO URBANA,121,14,10,20,19,152,11,9,0,0,0,0,0,0,0,0,9,1,0,5,0,3,0,0,0,14,388,721,
22,QUERETARO,009,Amealco de Bonfil ,0205,06,C,00,NO URBANA,123,7,6,17,16,182,7,6,0,0,0,0,0,0,0,0,9,5,0,6,0,1,0,0,0,11,396,721,
22,QUERETARO,009,Amealco de Bonfil ,0205,07,C,00,NO URBANA,106,12,8,19,6,186,13,12,0,0,0,0,0,0,0,0,7,3,0,0,0,8,0,0,0,9,389,721,
22,QUERETARO,009,Amealco de Bonfil ,0205,08,C,00,NO URBANA,118,7,4,33,15,187,5,16,0,0,0,0,0,0,0,0,13,2,0,0,0,5,0,0,0,14,419,721,
22,QUERETARO,009,Amealco de Bonfil ,0205,09,C,00,NO URBANA,120,8,5,21,28,176,10,12,0,0,0,0,0,0,0,0,9,4,0,1,0,4,0,0,0,10,408,720,
22,QUERETARO,009,Amealco de Bonfil ,0205,10,C,00,NO URBANA,148,16,3,22,23,131,10,7,0,0,0,0,0,0,0,0,3,4,1,3,0,2,0,0,0,13,386,720,
22,QUERETARO,009,Amealco de Bonfil ,0205,11,C,00,NO URBANA,126,9,2,24,22,173,2,10,0,0,0,0,0,0,0,0,13,5,0,3,0,3,0,0,1,11,404,720,
22,QUERETARO,009,Amealco de Bonfil ,0205,12,C,00,NO URBANA,104,5,4,23,26,179,13,10,0,0,0,0,0,0,0,0,7,3,0,1,0,2,0,0,1,9,387,720,
22,QUERETARO,009,Amealco de Bonfil ,0205,13,C,00,NO URBANA,121,6,2,30,20,137,17,11,0,0,0,0,0,0,0,0,14,3,1,1,0,1,0,0,0,11,375,720,
22,QUERETARO,009,Amealco de Bonfil ,0205,14,C,00,NO URBANA,150,11,9,14,16,166,8,8,0,0,0,0,0,0,0,0,6,5,0,1,0,1,0,0,0,7,402,720,
22,QUERETARO,009,Amealco de Bonfil ,0205,01,E,00,NO URBANA,143,11,7,19,24,161,8,8,0,0,0,0,0,0,0,0,11,2,1,1,0,4,0,0,0,20,420,715,
22,QUERETARO,009,Amealco de Bonfil ,0205,02,E,00,NO URBANA,212,13,5,28,16,113,5,13,0,0,0,0,0,0,0,0,9,1,0,0,0,2,0,0,0,13,430,710,
22,QUERETARO,009,Amealco de Bonfil ,0205,01,E,00,NO URBANA,239,9,9,26,11,99,7,14,0,0,0,0,0,0,0,0,8,1,0,0,0,3,0,0,1,16,443,715,
22,QUERETARO,009,Amealco de Bonfil ,0205,02,E,00,NO URBANA,239,9,9,26,11,98,7,14,0,0,0,0,0,0,0,0,8,1,0,0,0,3,0,0,1,16,442,709,
22,QUERETARO,009,Amealco de Bonfil ,0205,02,E,00,NO URBANA,207,14,6,33,9,111,3,16,0,0,0,0,0,0,0,0,7,2,0,0,0,9,0,0,0,12,429,709,
22,QUERETARO,009,Amealco de Bonfil ,0205,02,E,00,NO URBANA,224,16,11,29,14,108,7,8,0,0,0,0,0,0,0,0,11,0,1,0,0,3,0,0,0,8,440,709,
22,QUERETARO,009,Amealco de Bonfil ,0205,02,E,00,NO URBANA,225,15,5,28,15,102,18,8,0,0,0,0,0,0,0,0,5,1,0,0,0,12,0,0,1,8,443,709,
22,QUERETARO,009,Amealco de Bonfil ,0205,02,E,00,NO URBANA,212,9,9,38,12,107,10,18,0,0,0,0,0,0,0,0,11,1,1,1,0,6,0,0,0,11,446,709,
22,QUERETARO,009,Amealco de Bonfil ,0205,02,E,00,NO URBANA,218,17,12,35,10,99,9,13,0,0,0,0,0,0,0,0,9,2,0,1,0,10,0,0,0,16,451,709,
22,QUERETARO,009,Amealco de Bonfil ,0205,02,E,00,NO URBANA,178,19,4,47,10,115,10,17,0,0,0,0,0,0,0,0,8,0,0,4,0,2,0,0,1,8,423,709,
22,QUERETARO,009,Amealco de Bonfil ,0205,02,E,00,NO URBANA,228,10,9,29,17,118,2,16,0,0,0,0,0,0,0,0,7,2,2,1,0,7,0,0,0,7,455,709,
22,QUERETARO,009,Amealco de Bonfil ,0205,02,E,00,NO URBANA,220,21,2,22,16,126,1,15,0,0,0,0,0,0,0,0,5,1,1,2,0,7,0,0,0,6,445,709,
22,QUERETARO,009,Amealco de Bonfil ,0205,02,E,00,NO URBANA,243,11,6,28,7,106,9,10,0,0,0,0,0,0,0,0,12,1,0,0,0,6,0,0,0,10,449,709,
22,QUERETARO,009,Amealco de Bonfil ,0206,01,B,00,URBANA,167,13,3,7,25,174,6,5,0,0,0,0,0,0,0,0,10,2,1,3,0,3,0,0,0,21,440,694,
22,QUERETARO,009,Amealco de Bonfil ,0206,01,C,00,URBANA,178,24,7,7,29,177,8,4,0,0,0,0,0,0,0,0,8,6,0,3,0,5,0,0,0,18,474,693,
22,QUERETARO,009,Amealco de Bonfil ,0206,02,C,00,URBANA,155,19,9,15,15,196,6,7,0,0,0,0,0,0,0,0,9,2,2,4,0,7,0,0,0,15,461,693,
22,QUERETARO,009,Amealco de Bonfil ,0206,01,S,00,URBANA,39,3,0,6,6,48,1,3,0,0,0,0,0,0,0,0,3,0,0,0,0,0,0,0,0,1,110,0,
22,QUERETARO,009,Amealco de Bonfil ,0206,02,S,00,URBANA,35,2,1,7,5,37,3,6,0,0,0,0,0,0,0,0,4,0,0,1,0,4,0,0,0,2,107,0,
22,QUERETARO,009,Amealco de Bonfil ,0206,01,S,00,URBANA,12,1,0,1,1,15,0,1,0,0,0,0,0,0,0,0,0,0,0,0,0,0,0,0,0,2,33,0,
22,QUERETARO,009,Amealco de Bonfil ,0206,02,S,00,URBANA,23,1,1,5,3,32,2,6,0,0,0,0,0,0,0,0,0,0,0,0,0,0,0,0,0,7,80,0,
22,QUERETARO,009,Amealco de Bonfil ,0207,01,B,00,NO URBANA,166,9,2,15,11,161,7,8,0,0,0,0,0,0,0,0,6,1,0,1,0,5,0,0,1,18,411,697,
22,QUERETARO,009,Amealco de Bonfil ,0207,01,C,00,NO URBANA,153,11,4,16,23,208,9,7,0,0,0,0,0,0,0,0,6,2,1,0,0,7,0,0,0,10,457,697,
22,QUERETARO,009,Amealco de Bonfil ,0207,02,C,00,NO URBANA,161,8,5,11,17,192,7,7,0,0,0,0,0,0,0,0,5,6,1,2,0,2,0,0,0,15,439,696,
22,QUERETARO,009,Amealco de Bonfil ,0207,03,C,00,NO URBANA,205,9,5,13,13,167,8,4,0,0,0,0,0,0,0,0,10,3,1,0,0,3,0,0,0,13,454,696,
22,QUERETARO,009,Amealco de Bonfil ,0207,04,C,00,NO URBANA,195,11,1,18,13,174,5,7,0,0,0,0,0,0,0,0,10,2,0,1,0,3,0,0,0,8,448,696,
22,QUERETARO,009,Amealco de Bonfil ,0208,01,B,00,NO URBANA,157,20,3,8,25,183,22,4,0,0,0,0,0,0,0,0,5,2,2,2,0,2,0,0,0,15,450,730,
22,QUERETARO,009,Amealco de Bonfil ,0208,01,C,00,NO URBANA,136,21,4,15,26,122,15,7,0,0,0,0,0,0,0,0,13,2,2,4,0,2,0,0,0,8,377,730,
22,QUERETARO,009,Amealco de Bonfil ,0208,01,E,00,NO URBANA,156,24,5,10,13,133,7,12,0,0,0,0,0,0,0,0,6,1,1,2,0,2,0,0,1,14,387,552,
22,QUERETARO,009,Amealco de Bonfil ,0208,01,E,00,NO URBANA,130,20,2,11,13,188,8,6,0,0,0,0,0,0,0,0,9,1,1,2,0,2,0,0,0,6,399,552,
22,QUERETARO,009,Amealco de Bonfil ,0208,01,E,00,NO URBANA,151,20,5,10,24,144,13,10,0,0,0,0,0,0,0,0,10,3,1,1,0,0,0,0,0,9,401,551,
22,QUERETARO,009,Amealco de Bonfil ,0209,01,B,00,NO URBANA,205,27,2,7,23,164,12,6,0,0,0,0,0,0,0,0,10,4,11,0,0,3,0,0,0,13,487,732,
22,QUERETARO,009,Amealco de Bonfil ,0209,01,C,00,NO URBANA,197,38,4,14,30,162,14,10,0,0,0,0,0,0,0,0,2,2,0,1,0,3,0,0,0,12,489,732,
22,QUERETARO,009,Amealco de Bonfil ,0209,02,C,00,NO URBANA,183,32,5,14,28,154,11,7,0,0,0,0,0,0,0,0,6,2,2,1,0,3,0,0,0,10,458,731,
22,QUERETARO,009,Amealco de Bonfil ,0555,01,B,00,NO URBANA,138,7,5,17,18,110,12,3,0,0,0,0,0,0,0,0,4,1,0,1,0,4,0,0,1,12,333,536,
22,QUERETARO,009,Amealco de Bonfil ,0555,01,C,00,NO URBANA,144,11,10,14,18,141,10,4,0,0,0,0,0,0,0,0,2,1,0,0,0,1,0,0,0,11,367,536,
22,QUERETARO,009,Amealco de Bonfil ,0555,02,C,00,NO URBANA,148,13,7,10,15,116,8,3,0,0,0,0,0,0,0,0,5,2,1,2,0,2,0,0,0,17,349,535,
22,QUERETARO,009,Amealco de Bonfil ,0762,01,B,00,URBANA,124,22,5,13,19,165,0,0,0,0,0,0,0,0,0,0,16,1,3,6,0,2,0,0,0,9,385,690,
22,QUERETARO,009,Amealco de Bonfil ,0762,01,C,00,URBANA,140,25,5,13,26,154,11,5,0,0,0,0,0,0,0,0,12,3,2,0,0,2,0,0,0,8,406,689,
22,QUERETARO,009,Amealco de Bonfil ,0762,02,C,00,URBANA,148,15,6,20,29,152,19,12,0,0,0,0,0,0,0,0,7,3,1,1,0,2,0,0,0,14,429,689,
22,QUERETARO,009,Amealco de Bonfil ,0763,01,B,00,NO URBANA,199,27,3,25,24,125,8,8,0,0,0,0,0,0,0,0,8,4,1,1,0,7,0,0,0,12,452,673,
22,QUERETARO,009,Amealco de Bonfil ,0763,01,C,00,NO URBANA,174,22,7,22,18,115,16,7,0,0,0,0,0,0,0,0,11,0,0,0,0,3,0,0,1,13,409,673,
22,QUERETARO,009,Amealco de Bonfil ,0763,02,C,00,NO URBANA,157,24,2,15,23,118,13,1,0,0,0,0,0,0,0,0,11,2,1,0,0,4,0,0,0,13,384,672,
22,QUERETARO,009,Amealco de Bonfil ,0763,03,C,00,NO URBANA,194,23,7,12,17,142,7,7,0,0,0,0,0,0,0,0,5,3,0,1,0,5,0,0,0,9,432,672,
22,QUERETARO,009,Amealco de Bonfil ,0907,01,B,00,NO URBANA,97,13,9,11,31,230,14,16,0,0,0,0,0,0,0,0,4,0,1,2,0,1,0,0,0,17,446,702,
22,QUERETARO,009,Amealco de Bonfil ,0907,01,C,00,NO URBANA,135,12,9,17,28,203,10,13,0,0,0,0,0,0,0,0,6,4,0,0,0,2,0,0,0,14,453,702,
22,QUERETARO,009,Amealco de Bonfil ,0907,02,C,00,NO URBANA,134,12,8,19,31,170,14,8,0,0,0,0,0,0,0,0,4,1,0,2,0,4,0,0,0,10,417,701,
22,QUERETARO,010,San Juan del Rio ,0579,01,A,00,URBANA,2,0,0,0,0,1,0,0,0,0,0,0,0,0,0,0,0,0,0,0,0,1,0,0,0,0,4,5,
22,QUERETARO,010,San Juan del Rio ,0575,01,B,00,URBANA,94,10,2,26,22,113,8,16,0,0,0,0,0,0,0,0,13,2,2,1,9,0,0,0,0,8,326,583,
22,QUERETARO,010,San Juan del Rio ,0575,01,C,00,URBANA,106,18,0,32,21,132,6,8,0,0,0,0,0,0,0,0,11,2,0,3,6,1,0,0,0,5,351,582,
22,QUERETARO,010,San Juan del Rio ,0583,01,B,00,URBANA,124,9,5,18,16,130,9,10,0,0,0,0,0,0,0,0,26,3,0,3,7,2,0,1,0,7,370,596,
22,QUERETARO,010,San Juan del Rio ,0583,01,C,00,URBANA,143,10,4,25,11,135,10,13,0,0,0,0,0,0,0,0,4,2,2,4,6,1,0,0,0,2,372,596,
22,QUERETARO,010,San Juan del Rio ,0583,02,C,00,URBANA,118,11,0,21,18,140,11,10,0,0,0,0,0,0,0,0,18,3,0,0,7,0,1,0,0,12,370,595,
22,QUERETARO,010,San Juan del Rio ,0584,01,B,00,URBANA,152,13,3,28,23,188,5,16,0,0,0,0,0,0,0,0,20,3,1,0,5,0,0,0,0,15,472,725,
22,QUERETARO,010,San Juan del Rio ,0584,01,C,00,URBANA,156,16,7,45,18,190,8,12,0,0,0,0,0,0,0,0,11,5,1,0,1,2,0,0,0,8,480,724,
22,QUERETARO,010,San Juan del Rio ,0584,02,C,00,URBANA,134,12,3,38,21,179,12,23,0,0,0,0,0,0,0,0,12,2,1,1,13,0,0,0,0,14,465,724,
22,QUERETARO,010,San Juan del Rio ,0861,03,C,00,URBANA,148,11,4,24,18,179,10,13,0,0,0,0,0,0,0,0,11,3,1,1,2,1,0,0,0,7,433,724,
22,QUERETARO,010,San Juan del Rio ,0584,04,C,00,URBANA,160,11,3,29,14,189,11,13,0,0,0,0,0,0,0,0,13,7,1,1,8,2,1,0,1,11,475,724,
22,QUERETARO,010,San Juan del Rio ,0584,05,C,00,URBANA,122,16,4,33,25,203,9,14,0,0,0,0,0,0,0,0,18,1,2,4,4,1,0,2,2,14,474,724,
22,QUERETARO,010,San Juan del Rio ,0584,06,C,00,URBANA,141,7,3,35,19,190,10,24,0,0,0,0,0,0,0,0,20,0,0,1,8,3,1,0,0,13,475,724,
22,QUERETARO,010,San Juan del Rio ,0586,01,B,00,URBANA,110,12,5,32,8,165,8,18,0,0,0,0,0,0,0,0,18,5,1,0,7,0,0,0,0,6,395,695,
22,QUERETARO,010,San Juan del Rio ,0586,01,C,00,URBANA,125,16,6,40,23,141,7,18,0,0,0,0,0,0,0,0,7,5,0,2,6,0,1,0,0,6,403,695,
22,QUERETARO,010,San Juan del Rio ,0586,02,C,00,URBANA,104,11,5,32,14,149,7,20,0,0,0,0,0,0,0,0,7,3,0,1,4,1,2,0,0,14,374,695,
22,QUERETARO,010,San Juan del Rio ,0586,03,C,00,URBANA,106,7,5,27,18,150,11,21,0,0,0,0,0,0,0,0,10,5,1,1,1,0,0,0,0,9,372,695,
22,QUERETARO,010,San Juan del Rio ,0586,04,C,00,URBANA,104,5,2,23,20,175,11,20,0,0,0,0,0,0,0,0,14,2,1,2,7,1,1,0,0,12,400,695,
22,QUERETARO,010,San Juan del Rio ,0586,05,C,00,URBANA,118,7,1,25,15,157,13,11,0,0,0,0,0,0,0,0,18,0,0,0,5,1,0,0,0,13,384,695,
22,QUERETARO,010,San Juan del Rio ,0586,06,C,00,URBANA,92,7,1,29,21,171,5,13,0,0,0,0,0,0,0,0,17,2,1,0,5,1,0,0,1,8,374,695,
22,QUERETARO,010,San Juan del Rio ,0586,07,C,00,URBANA,115,16,4,26,25,139,4,20,0,0,0,0,0,0,0,0,10,4,0,2,4,0,0,0,1,9,379,695,
22,QUERETARO,010,San Juan del Rio ,0586,08,C,00,URBANA,121,10,6,32,18,140,12,12,0,0,0,0,0,0,0,0,5,2,0,1,4,1,0,0,0,3,367,695,
22,QUERETARO,010,San Juan del Rio ,0586,09,C,00,URBANA,90,7,4,25,18,152,5,14,0,0,0,0,0,0,0,0,13,2,1,1,4,2,1,0,0,12,351,694,
22,QUERETARO,010,San Juan del Rio ,0586,10,C,00,URBANA,106,12,3,26,10,158,7,14,0,0,0,0,0,0,0,0,17,3,1,2,5,1,2,0,0,7,374,694,
22,QUERETARO,010,San Juan del Rio ,0586,11,C,00,URBANA,99,9,4,23,18,159,17,17,0,0,0,0,0,0,0,0,14,1,0,0,12,0,0,0,0,11,384,694,
22,QUERETARO,010,San Juan del Rio ,0586,12,C,00,URBANA,113,6,1,36,17,163,16,18,0,0,0,0,0,0,0,0,15,1,0,1,6,0,0,0,0,0,393,694,
22,QUERETARO,010,San Juan del Rio ,0587,01,B,00,URBANA,98,14,3,23,11,130,10,22,0,0,0,0,0,0,0,0,13,0,0,0,9,0,0,0,0,4,337,567,
22,QUERETARO,010,San Juan del Rio ,0587,01,C,00,URBANA,100,6,0,25,14,120,4,21,0,0,0,0,0,0,0,0,10,1,4,3,0,0,0,0,0,5,313,566,
22,QUERETARO,010,San Juan del Rio ,0588,01,B,00,URBANA,92,10,2,25,13,116,7,11,0,0,0,0,0,0,0,0,8,1,0,0,3,1,0,0,1,7,297,436,
22,QUERETARO,010,San Juan del Rio ,0588,01,C,00,URBANA,76,12,3,35,10,112,6,8,0,0,0,0,0,0,0,0,10,1,1,3,6,1,0,0,1,6,291,435,
22,QUERETARO,010,San Juan del Rio ,0589,01,B,00,URBANA,127,16,3,29,15,128,8,13,0,0,0,0,0,0,0,0,10,0,0,0,6,0,0,0,0,18,373,567,
22,QUERETARO,010,San Juan del Rio ,0589,01,C,00,URBANA,121,19,1,26,11,115,9,17,0,0,0,0,0,0,0,0,12,2,2,1,8,1,0,0,1,9,355,567,
22,QUERETARO,010,San Juan del Rio ,0590,01,B,00,URBANA,140,23,2,36,25,157,10,18,0,0,0,0,0,0,0,0,13,1,0,5,3,3,0,0,0,21,457,670,
22,QUERETARO,010,San Juan del Rio ,0590,01,C,00,URBANA,171,29,2,31,15,121,13,23,0,0,0,0,0,0,0,0,7,3,0,4,10,2,0,0,1,14,446,669,
22,QUERETARO,010,San Juan del Rio ,0593,01,B,00,URBANA,80,10,2,18,12,134,8,14,0,0,0,0,0,0,0,0,8,6,0,2,4,2,0,0,0,16,316,496,
22,QUERETARO,010,San Juan del Rio ,0593,01,C,00,URBANA,84,7,1,10,13,108,12,23,0,0,0,0,0,0,0,0,12,1,0,1,4,2,0,0,0,11,289,496,
22,QUERETARO,010,San Juan del Rio ,0594,01,B,00,URBANA,68,11,0,19,17,134,7,23,0,0,0,0,0,0,0,0,13,3,0,1,5,1,0,0,0,10,312,519,
22,QUERETARO,010,San Juan del Rio ,0594,01,C,00,URBANA,50,14,1,18,20,145,11,12,0,0,0,0,0,0,0,0,11,5,2,1,2,0,0,0,0,11,303,518,
22,QUERETARO,010,San Juan del Rio ,0595,01,B,00,URBANA,136,13,0,43,24,178,22,18,0,0,0,0,0,0,0,0,7,1,0,1,4,0,0,0,0,10,457,726,
22,QUERETARO,010,San Juan del Rio ,0595,01,C,00,URBANA,149,11,7,34,18,172,9,9,0,0,0,0,0,0,0,0,10,3,0,5,3,3,0,0,0,6,439,726,
22,QUERETARO,010,San Juan del Rio ,0595,02,C,00,URBANA,132,19,8,38,14,159,15,25,0,0,0,0,0,0,0,0,11,1,0,0,5,0,0,1,1,15,444,726,
22,QUERETARO,010,San Juan del Rio ,0595,03,C,00,URBANA,153,12,7,38,16,172,7,18,0,0,0,0,0,0,0,0,12,3,3,1,12,2,2,0,2,9,469,725,
22,QUERETARO,010,San Juan del Rio ,0595,04,C,00,URBANA,140,11,2,24,16,163,11,27,0,0,0,0,0,0,0,0,10,4,1,0,4,2,0,0,0,12,427,725,
22,QUERETARO,010,San Juan del Rio ,0595,05,C,00,URBANA,135,18,2,33,11,173,8,18,0,0,0,0,0,0,0,0,10,1,0,3,5,0,0,0,0,12,429,725,
22,QUERETARO,010,San Juan del Rio ,0595,06,C,00,URBANA,125,13,5,43,18,147,17,19,0,0,0,0,0,0,0,0,16,2,1,3,10,0,0,0,0,20,439,725,
22,QUERETARO,010,San Juan del Rio ,0596,01,B,00,URBANA,91,7,4,17,12,115,6,9,0,0,0,0,0,0,0,0,8,0,0,1,4,4,0,0,1,9,288,432,
22,QUERETARO,010,San Juan del Rio ,0596,01,C,00,URBANA,71,5,0,22,12,115,6,13,0,0,0,0,0,0,0,0,9,1,0,0,3,0,0,0,0,7,264,432,
22,QUERETARO,010,San Juan del Rio ,0597,01,B,00,URBANA,87,17,1,23,15,117,4,7,0,0,0,0,0,0,0,0,5,2,0,0,3,1,0,0,0,7,289,399,
22,QUERETARO,010,San Juan del Rio ,0597,01,C,00,URBANA,71,9,4,17,9,107,10,16,0,0,0,0,0,0,0,0,3,3,1,2,5,1,1,0,0,15,274,399,
22,QUERETARO,010,San Juan del Rio ,0598,01,B,00,URBANA,96,14,3,33,17,139,11,16,0,0,0,0,0,0,0,0,6,8,0,2,4,2,0,0,0,12,363,592,
22,QUERETARO,010,San Juan del Rio ,0598,01,C,00,URBANA,100,13,2,28,16,160,16,14,0,0,0,0,0,0,0,0,12,2,0,2,2,1,0,0,1,14,383,591,
22,QUERETARO,010,San Juan del Rio ,0599,01,B,00,URBANA,115,15,0,33,19,160,9,16,0,0,0,0,0,0,0,0,24,4,1,2,7,1,0,0,0,9,415,727,
22,QUERETARO,010,San Juan del Rio ,0599,01,C,00,URBANA,120,17,3,28,24,168,12,14,0,0,0,0,0,0,0,0,14,1,0,2,0,0,0,0,0,6,409,727,
22,QUERETARO,010,San Juan del Rio ,0599,02,C,00,URBANA,123,12,2,23,29,173,8,13,0,0,0,0,0,0,0,0,8,5,0,1,5,2,2,0,0,12,418,727,
22,QUERETARO,010,San Juan del Rio ,0599,03,C,00,URBANA,105,4,1,36,15,203,13,14,0,0,0,0,0,0,0,0,15,3,0,1,6,1,0,0,0,11,428,727,
22,QUERETARO,010,San Juan del Rio ,0599,04,C,00,URBANA,114,12,3,37,21,169,11,17,0,0,0,0,0,0,0,0,19,0,0,0,0,0,0,0,0,18,421,727,
22,QUERETARO,010,San Juan del Rio ,0599,05,C,00,URBANA,116,13,1,33,23,166,8,17,0,0,0,0,0,0,0,0,16,1,2,3,2,0,0,0,0,11,412,727,
22,QUERETARO,010,San Juan del Rio ,0599,06,C,00,URBANA,101,11,5,36,10,175,6,19,0,0,0,0,0,0,0,0,14,4,0,0,1,0,1,0,0,12,395,727,
22,QUERETARO,010,San Juan del Rio ,0599,07,C,00,URBANA,95,10,3,32,21,178,10,18,0,0,0,0,0,0,0,0,12,5,0,1,0,0,1,0,1,15,402,727,
22,QUERETARO,010,San Juan del Rio ,0599,08,C,00,URBANA,106,10,4,28,12,164,10,15,0,0,0,0,0,0,0,0,14,3,1,1,4,0,0,0,0,0,372,726,
22,QUERETARO,010,San Juan del Rio ,0600,01,B,00,URBANA,121,11,7,32,16,185,10,18,0,0,0,0,0,0,0,0,15,4,0,1,4,1,1,0,1,17,444,706,
22,QUERETARO,010,San Juan del Rio ,0600,01,C,00,URBANA,108,15,4,32,22,199,12,22,0,0,0,0,0,0,0,0,18,4,0,0,4,1,0,0,0,7,448,706,
22,QUERETARO,010,San Juan del Rio ,0600,02,C,00,URBANA,117,14,3,40,24,153,26,25,0,0,0,0,0,0,0,0,8,4,2,1,5,1,0,0,0,22,445,706,
22,QUERETARO,010,San Juan del Rio ,0601,01,B,00,URBANA,99,15,2,20,12,109,9,17,0,0,0,0,0,0,0,0,12,2,2,1,4,2,0,0,0,11,317,456,
22,QUERETARO,010,San Juan del Rio ,0601,01,C,00,URBANA,93,13,3,25,22,113,5,10,0,0,0,0,0,0,0,0,18,3,0,1,6,1,0,0,0,10,323,455,
22,QUERETARO,010,San Juan del Rio ,0615,01,B,00,NO URBANA,73,16,1,9,11,96,8,4,0,0,0,0,0,0,0,0,9,3,2,2,5,2,0,0,0,11,252,619,
22,QUERETARO,010,San Juan del Rio ,0615,01,C,00,NO URBANA,100,21,0,9,17,85,12,7,0,0,0,0,0,0,0,0,17,1,2,1,7,4,0,0,0,13,296,619,
22,QUERETARO,010,San Juan del Rio ,0615,02,C,00,NO URBANA,74,12,1,16,9,117,6,6,0,0,0,0,0,0,0,0,10,2,0,1,2,2,0,0,0,12,270,619,
22,QUERETARO,010,San Juan del Rio ,0615,03,C,00,NO URBANA,80,24,4,8,14,84,13,1,0,0,0,0,0,0,0,0,10,3,2,0,0,0,0,0,0,8,251,618,
22,QUERETARO,010,San Juan del Rio ,0615,04,C,00,NO URBANA,80,27,2,7,14,101,6,0,0,0,0,0,0,0,0,0,5,3,0,1,8,6,0,0,0,12,272,618,
22,QUERETARO,010,San Juan del Rio ,0624,01,B,00,NO URBANA,102,28,2,21,25,148,8,9,0,0,0,0,0,0,0,0,12,2,0,0,4,2,0,0,0,17,380,658,
22,QUERETARO,010,San Juan del Rio ,0624,01,C,00,NO URBANA,80,15,4,19,17,135,6,15,0,0,0,0,0,0,0,0,21,6,1,0,6,3,1,2,0,12,343,658,
22,QUERETARO,010,San Juan del Rio ,0624,02,C,00,NO URBANA,78,15,3,19,14,134,10,13,0,0,0,0,0,0,0,0,19,4,3,1,6,1,0,0,0,6,326,658,
22,QUERETARO,010,San Juan del Rio ,0624,03,C,00,NO URBANA,93,13,5,24,24,137,9,13,0,0,0,0,0,0,0,0,13,2,1,0,2,1,0,0,0,10,347,658,
22,QUERETARO,010,San Juan del Rio ,0624,04,C,00,NO URBANA,96,13,4,28,14,169,11,18,0,0,0,0,0,0,0,0,9,5,0,0,3,0,0,0,0,0,370,657,
22,QUERETARO,010,San Juan del Rio ,0624,05,C,00,NO URBANA,86,16,9,21,24,150,13,11,0,0,0,0,0,0,0,0,13,0,1,1,3,1,0,0,0,7,356,657,
22,QUERETARO,010,San Juan del Rio ,0624,06,C,00,NO URBANA,103,7,1,19,12,147,9,8,0,0,0,0,0,0,0,0,13,1,3,2,1,1,0,0,0,15,342,657,
22,QUERETARO,010,San Juan del Rio ,0624,01,E,00,NO URBANA,79,10,3,12,21,164,9,15,0,0,0,0,0,0,0,0,11,2,2,2,2,1,0,0,0,12,345,614,
22,QUERETARO,010,San Juan del Rio ,0624,02,E,00,NO URBANA,140,13,10,22,13,119,15,21,0,0,0,0,0,0,0,0,0,0,0,0,0,0,0,0,0,4,357,557,
22,QUERETARO,010,San Juan del Rio ,0624,01,E,00,NO URBANA,62,18,3,20,19,153,8,11,0,0,0,0,0,0,0,0,12,2,0,0,3,0,0,1,0,9,321,613,
22,QUERETARO,010,San Juan del Rio ,0624,02,E,00,NO URBANA,131,8,11,32,14,131,6,5,0,0,0,0,0,0,0,0,8,5,1,1,3,1,0,0,0,12,369,557,
22,QUERETARO,010,San Juan del Rio ,0624,02,E,00,NO URBANA,158,9,10,26,16,122,9,8,0,0,0,0,0,0,0,0,9,1,3,2,8,2,1,0,0,6,390,557,
22,QUERETARO,010,San Juan del Rio ,0628,01,B,00,NO URBANA,141,22,1,26,14,53,7,6,0,0,0,0,0,0,0,0,6,0,0,1,6,5,0,1,0,13,302,733,
22,QUERETARO,010,San Juan del Rio ,0633,01,B,00,URBANA,98,21,5,21,35,141,11,8,0,0,0,0,0,0,0,0,6,6,1,2,2,1,0,0,0,11,369,614,
22,QUERETARO,010,San Juan del Rio ,0633,01,C,00,URBANA,69,16,5,25,34,184,20,8,0,0,0,0,0,0,0,0,14,4,2,1,1,0,1,0,0,10,394,613,
22,QUERETARO,010,San Juan del Rio ,0633,02,C,00,URBANA,76,24,3,21,41,160,10,12,0,0,0,0,0,0,0,0,11,5,1,0,2,0,0,0,0,12,378,613,
22,QUERETARO,010,San Juan del Rio ,0634,01,B,00,NO URBANA,79,25,3,28,27,161,9,13,0,0,0,0,0,0,0,0,7,3,3,1,1,1,1,0,0,12,374,698,
22,QUERETARO,010,San Juan del Rio ,0634,01,C,00,NO URBANA,80,24,5,35,45,150,8,11,0,0,0,0,0,0,0,0,13,4,0,3,1,1,0,0,0,14,394,698,
22,QUERETARO,010,San Juan del Rio ,0634,02,C,00,NO URBANA,105,25,4,22,28,145,12,16,0,0,0,0,0,0,0,0,20,7,0,0,1,0,0,0,0,11,396,698,
22,QUERETARO,010,San Juan del Rio ,0634,01,E,00,NO URBANA,44,19,1,12,13,52,6,8,0,0,0,0,0,0,0,0,1,3,1,0,5,1,0,0,7,7,180,229,
22,QUERETARO,010,San Juan del Rio ,0637,01,B,00,NO URBANA,119,16,7,20,17,96,9,7,0,0,0,0,0,0,0,0,2,4,1,0,2,3,0,0,0,16,319,547,
22,QUERETARO,010,San Juan del Rio ,0637,01,C,00,NO URBANA,111,10,4,9,23,119,12,6,0,0,0,0,0,0,0,0,11,1,1,1,3,1,0,0,0,13,325,547,
22,QUERETARO,010,San Juan del Rio ,0637,02,C,00,NO URBANA,143,11,1,7,18,134,8,4,0,0,0,0,0,0,0,0,6,3,0,1,0,3,0,0,0,8,347,546,
22,QUERETARO,010,San Juan del Rio ,0637,01,E,00,NO URBANA,153,22,4,16,27,98,13,23,0,0,0,0,0,0,0,0,4,3,1,0,5,6,0,0,0,23,398,608,
22,QUERETARO,010,San Juan del Rio ,0638,01,B,00,NO URBANA,135,30,6,31,47,149,9,9,0,0,0,0,0,0,0,0,9,5,0,0,2,3,0,0,0,15,450,646,
22,QUERETARO,010,San Juan del Rio ,0638,01,C,00,NO URBANA,131,33,1,26,32,103,2,9,0,0,0,0,0,0,0,0,13,3,0,3,5,1,0,0,0,16,378,646,
22,QUERETARO,010,San Juan del Rio ,0638,02,C,00,NO URBANA,93,37,7,28,21,127,11,7,0,0,0,0,0,0,0,0,12,0,0,1,2,1,0,0,0,10,357,646,
22,QUERETARO,010,San Juan del Rio ,0640,01,B,00,NO URBANA,155,14,3,27,21,161,23,9,0,0,0,0,0,0,0,0,7,2,0,1,3,0,0,0,0,15,441,750,
22,QUERETARO,010,San Juan del Rio ,0640,01,C,00,NO URBANA,148,9,3,21,36,154,18,11,0,0,0,0,0,0,0,0,9,5,1,2,1,1,1,0,0,12,432,750,
22,QUERETARO,010,San Juan del Rio ,0640,02,C,00,NO URBANA,161,15,7,26,28,163,12,11,0,0,0,0,0,0,0,0,2,3,0,2,1,2,0,0,0,9,442,749,
22,QUERETARO,010,San Juan del Rio ,0640,03,C,00,NO URBANA,124,22,3,16,28,165,21,10,0,0,0,0,0,0,0,0,12,7,2,1,2,2,0,0,0,15,430,749,
22,QUERETARO,010,San Juan del Rio ,0641,01,B,00,NO URBANA,184,28,3,22,21,99,3,6,0,0,0,0,0,0,0,0,1,5,2,0,6,2,0,0,2,11,395,671,
22,QUERETARO,010,San Juan del Rio ,0641,01,C,00,NO URBANA,159,38,2,26,22,123,9,9,0,0,0,0,0,0,0,0,9,3,2,1,3,2,0,0,1,17,426,671,
22,QUERETARO,010,San Juan del Rio ,0641,02,C,00,NO URBANA,136,45,4,30,20,89,12,7,0,0,0,0,0,0,0,0,8,4,0,0,7,4,0,0,0,16,382,671,
22,QUERETARO,010,San Juan del Rio ,0641,01,E,00,NO URBANA,97,31,4,17,19,63,9,8,0,0,0,0,0,0,0,0,8,2,0,2,2,2,0,0,0,8,272,434,
22,QUERETARO,010,San Juan del Rio ,0642,01,B,00,NO URBANA,155,25,6,20,17,177,10,3,0,0,0,0,0,0,0,0,12,1,0,4,2,0,0,0,0,16,448,741,
22,QUERETARO,010,San Juan del Rio ,0642,01,C,00,NO URBANA,163,26,2,24,24,137,13,7,0,0,0,0,0,0,0,0,10,3,1,9,4,2,0,0,0,15,440,741,
22,QUERETARO,010,San Juan del Rio ,0642,02,C,00,NO URBANA,119,27,2,18,24,174,11,6,0,0,0,0,0,0,0,0,12,0,0,0,3,0,0,0,0,11,407,740,
22,QUERETARO,010,San Juan del Rio ,0642,03,C,00,NO URBANA,114,29,4,18,20,144,13,4,0,0,0,0,0,0,0,0,9,5,0,3,2,1,0,0,0,11,377,740,
22,QUERETARO,010,San Juan del Rio ,0798,01,B,00,URBANA,133,21,3,37,23,125,12,13,0,0,0,0,0,0,0,0,6,2,0,1,7,3,0,0,0,11,397,621,
22,QUERETARO,010,San Juan del Rio ,0798,01,C,00,URBANA,115,14,6,35,20,171,16,18,0,0,0,0,0,0,0,0,11,4,0,1,6,1,0,0,0,7,425,620,
22,QUERETARO,010,San Juan del Rio ,0800,01,B,00,URBANA,126,8,7,26,15,164,10,15,0,0,0,0,0,0,0,0,7,2,0,2,7,0,0,0,0,14,403,644,
22,QUERETARO,010,San Juan del Rio ,0801,01,B,00,URBANA,104,8,2,27,13,142,6,17,0,0,0,0,0,0,0,0,9,2,0,1,4,2,0,0,0,11,348,577,
22,QUERETARO,010,San Juan del Rio ,0801,01,C,00,URBANA,92,11,2,37,19,138,12,9,0,0,0,0,0,0,0,0,5,0,0,4,3,2,0,0,0,6,340,576,
22,QUERETARO,010,San Juan del Rio ,0802,01,B,00,URBANA,79,11,4,32,11,148,15,16,0,0,0,0,0,0,0,0,9,0,0,1,4,0,0,0,1,5,336,535,
22,QUERETARO,010,San Juan del Rio ,0802,01,C,00,URBANA,79,6,2,34,18,156,7,11,0,0,0,0,0,0,0,0,15,7,0,1,3,0,0,0,0,7,346,534,
22,QUERETARO,010,San Juan del Rio ,0802,02,C,00,URBANA,103,11,2,29,14,128,10,10,0,0,0,0,0,0,0,0,13,2,1,1,5,0,0,0,0,11,340,534,
22,QUERETARO,010,San Juan del Rio ,0803,01,B,00,URBANA,78,10,4,22,11,113,11,18,0,0,0,0,0,0,0,0,8,1,1,1,2,0,0,0,0,4,284,453,
22,QUERETARO,010,San Juan del Rio ,0803,01,C,00,URBANA,61,6,1,23,10,114,6,9,0,0,0,0,0,0,0,0,12,2,0,4,2,2,0,0,0,8,260,453,
22,QUERETARO,010,San Juan del Rio ,0804,01,B,00,URBANA,117,16,5,45,16,174,9,14,0,0,0,0,0,0,0,0,10,2,0,1,4,0,1,0,2,7,423,649,
22,QUERETARO,010,San Juan del Rio ,0804,01,C,00,URBANA,139,11,3,39,23,161,3,24,0,0,0,0,0,0,0,0,7,2,1,3,3,0,0,0,0,5,424,649,
22,QUERETARO,010,San Juan del Rio ,0804,02,C,00,URBANA,133,13,5,37,10,158,8,21,0,0,0,0,0,0,0,0,10,3,0,1,5,1,0,0,0,7,412,649,
22,QUERETARO,010,San Juan del Rio ,0805,01,B,00,URBANA,82,15,0,20,13,146,7,12,0,0,0,0,0,0,0,0,12,2,1,1,5,0,0,0,0,4,320,503,
22,QUERETARO,010,San Juan del Rio ,0805,01,C,00,URBANA,67,19,2,21,12,147,6,15,0,0,0,0,0,0,0,0,11,2,0,0,1,1,0,0,0,6,310,502,
22,QUERETARO,010,San Juan del Rio ,0806,01,B,00,URBANA,113,8,2,35,6,112,11,10,0,0,0,0,0,0,0,0,6,0,0,3,1,2,0,0,0,11,320,460,
22,QUERETARO,010,San Juan del Rio ,0806,01,C,00,URBANA,97,5,1,31,14,115,7,8,0,0,0,0,0,0,0,0,4,4,1,1,4,2,0,0,0,2,296,459,
22,QUERETARO,010,San Juan del Rio ,0807,01,B,00,URBANA,96,17,1,26,14,152,17,11,0,0,0,0,0,0,0,0,15,4,0,1,4,2,0,0,0,10,370,561,
22,QUERETARO,010,San Juan del Rio ,0807,01,C,00,URBANA,109,17,3,25,19,145,8,13,0,0,0,0,0,0,0,0,7,2,1,0,2,4,0,0,0,5,360,560,
22,QUERETARO,010,San Juan del Rio ,0808,01,B,00,URBANA,122,13,3,32,12,103,9,16,0,0,0,0,0,0,0,0,9,0,0,0,4,1,0,0,1,9,334,505,
22,QUERETARO,010,San Juan del Rio ,0808,01,C,00,URBANA,111,12,1,34,11,108,4,13,0,0,0,0,0,0,0,0,15,0,1,0,5,2,0,0,2,7,326,505,
22,QUERETARO,010,San Juan del Rio ,0808,02,C,00,URBANA,120,7,1,49,13,103,6,16,0,0,0,0,0,0,0,0,12,0,0,1,3,1,0,0,0,12,344,505,
22,QUERETARO,010,San Juan del Rio ,0809,01,B,00,URBANA,89,7,4,29,13,120,10,14,0,0,0,0,0,0,0,0,10,1,0,2,3,0,0,0,0,11,313,503,
22,QUERETARO,010,San Juan del Rio ,0809,01,C,00,URBANA,103,12,4,29,11,107,7,13,0,0,0,0,0,0,0,0,8,1,0,0,1,1,0,0,0,10,307,503,
22,QUERETARO,010,San Juan del Rio ,0809,02,C,00,URBANA,103,16,0,24,15,91,4,16,0,0,0,0,0,0,0,0,12,1,0,2,4,0,0,0,1,8,297,503,
22,QUERETARO,010,San Juan del Rio ,0809,01,S,00,URBANA,76,9,1,21,2,69,5,8,0,0,0,0,0,0,0,0,3,2,0,0,1,1,0,0,0,6,204,0,
22,QUERETARO,010,San Juan del Rio ,0809,02,S,00,URBANA,26,1,0,2,1,21,1,2,0,0,0,0,0,0,0,0,1,1,1,0,0,1,0,0,0,1,59,0,
22,QUERETARO,010,San Juan del Rio ,0809,01,S,00,URBANA,77,9,1,21,3,69,5,8,0,0,0,0,0,0,0,0,0,0,0,0,0,0,0,0,0,7,200,0,
22,QUERETARO,010,San Juan del Rio ,0809,02,S,00,URBANA,44,1,0,10,8,61,0,4,0,0,0,0,0,0,0,0,0,0,0,0,0,0,0,0,1,10,139,0,
22,QUERETARO,010,San Juan del Rio ,0810,01,B,00,URBANA,136,13,3,45,20,172,10,16,0,0,0,0,0,0,0,0,10,3,0,1,7,1,1,0,2,9,449,673,
22,QUERETARO,010,San Juan del Rio ,0810,01,C,00,URBANA,135,10,0,37,21,188,2,16,0,0,0,0,0,0,0,0,19,3,0,1,8,0,0,1,0,6,447,673,
22,QUERETARO,010,San Juan del Rio ,0811,01,B,00,URBANA,78,6,4,27,10,95,6,13,0,0,0,0,0,0,0,0,7,1,0,0,7,0,0,0,0,6,260,382,
22,QUERETARO,010,San Juan del Rio ,0811,01,C,00,URBANA,83,7,3,13,6,103,20,13,0,0,0,0,0,0,0,0,6,1,0,1,6,0,0,0,0,6,268,382,
22,QUERETARO,010,San Juan del Rio ,0812,01,B,00,URBANA,160,13,7,23,15,139,6,11,0,0,0,0,0,0,0,0,17,2,1,3,8,1,0,0,1,4,411,610,
22,QUERETARO,010,San Juan del Rio ,0813,01,B,00,URBANA,96,9,1,35,4,88,8,11,0,0,0,0,0,0,0,0,9,0,0,1,10,2,2,0,1,4,281,395,
22,QUERETARO,010,San Juan del Rio ,0813,01,C,00,URBANA,100,16,2,16,12,86,2,16,0,0,0,0,0,0,0,0,14,0,1,0,6,0,1,0,0,11,283,394,
22,QUERETARO,010,San Juan del Rio ,0814,01,B,00,URBANA,103,14,4,40,8,135,9,12,0,0,0,0,0,0,0,0,9,0,3,3,8,0,0,0,0,19,367,575,
22,QUERETARO,010,San Juan del Rio ,0814,01,C,00,URBANA,96,12,3,42,14,123,11,20,0,0,0,0,0,0,0,0,9,1,0,0,6,1,1,0,0,10,349,575,
22,QUERETARO,010,San Juan del Rio ,0815,01,B,00,URBANA,57,4,4,21,17,94,9,15,0,0,0,0,0,0,0,0,10,6,0,1,6,1,0,4,0,4,253,388,
22,QUERETARO,010,San Juan del Rio ,0815,01,C,00,URBANA,96,8,5,11,1,80,10,17,0,0,0,0,0,0,0,0,16,0,0,0,0,0,0,0,0,3,247,387,
22,QUERETARO,010,San Juan del Rio ,0816,01,B,00,URBANA,122,11,0,31,7,108,7,16,0,0,0,0,0,0,0,0,5,3,0,1,9,0,0,0,0,11,331,454,
22,QUERETARO,010,San Juan del Rio ,0816,01,C,00,URBANA,125,6,2,24,8,116,6,13,0,0,0,0,0,0,0,0,9,0,0,1,5,0,0,0,0,8,323,454,
22,QUERETARO,010,San Juan del Rio ,0817,01,B,00,URBANA,93,5,2,21,15,104,3,15,0,0,0,0,0,0,0,0,8,0,0,2,6,0,0,0,0,8,282,390,
22,QUERETARO,010,San Juan del Rio ,0817,01,C,00,URBANA,83,6,0,20,14,115,4,13,0,0,0,0,0,0,0,0,10,0,2,0,6,2,0,0,0,4,279,389,
22,QUERETARO,010,San Juan del Rio ,0818,01,B,00,URBANA,101,5,6,44,13,129,10,21,0,0,0,0,0,0,0,0,0,2,0,1,6,0,0,0,0,8,346,526,
22,QUERETARO,010,San Juan del Rio ,0818,01,C,00,URBANA,101,10,2,30,13,164,11,18,0,0,0,0,0,0,0,0,0,0,0,0,0,0,0,0,0,12,361,525,
22,QUERETARO,010,San Juan del Rio ,0915,01,B,00,URBANA,112,18,0,30,20,219,11,23,0,0,0,0,0,0,0,0,0,0,0,0,0,0,0,0,2,11,446,717,
22,QUERETARO,010,San Juan del Rio ,0915,01,C,00,URBANA,139,8,2,35,17,178,15,16,0,0,0,0,0,0,0,0,0,0,0,0,0,0,0,0,2,12,424,717,
22,QUERETARO,010,San Juan del Rio ,0915,02,C,00,URBANA,100,16,3,38,18,167,8,27,0,0,0,0,0,0,0,0,19,3,1,1,3,1,1,0,1,8,415,717,
22,QUERETARO,010,San Juan del Rio ,0915,03,C,00,URBANA,111,8,4,40,16,155,14,28,0,0,0,0,0,0,0,0,14,6,0,4,4,1,0,0,2,15,422,717,
22,QUERETARO,010,San Juan del Rio ,0916,01,B,00,URBANA,122,12,1,30,20,153,9,22,0,0,0,0,0,0,0,0,12,4,1,1,7,2,0,1,0,16,413,702,
22,QUERETARO,010,San Juan del Rio ,0916,01,C,00,URBANA,117,8,5,22,12,134,9,18,0,0,0,0,0,0,0,0,21,3,0,0,3,1,0,0,0,8,361,701,
22,QUERETARO,010,San Juan del Rio ,0916,02,C,00,URBANA,123,14,3,27,20,202,13,14,0,0,0,0,0,0,0,0,19,2,0,1,7,0,0,0,0,12,457,701,
22,QUERETARO,010,San Juan del Rio ,0917,01,B,00,URBANA,80,9,3,24,20,177,11,18,0,0,0,0,0,0,0,0,15,2,2,1,2,1,0,0,0,16,381,714,
22,QUERETARO,010,San Juan del Rio ,0917,01,C,00,URBANA,85,12,1,20,22,175,10,21,0,0,0,0,0,0,0,0,15,1,0,4,2,2,1,1,0,15,387,714,
22,QUERETARO,010,San Juan del Rio ,0917,02,C,00,URBANA,95,8,4,27,17,187,7,12,0,0,0,0,0,0,0,0,15,2,0,0,5,1,0,0,0,0,380,714,
22,QUERETARO,010,San Juan del Rio ,0925,01,B,00,URBANA,84,12,0,23,8,93,12,11,0,0,0,0,0,0,0,0,8,2,0,1,1,0,0,0,0,6,261,478,
22,QUERETARO,010,San Juan del Rio ,0926,01,B,00,URBANA,85,6,5,25,14,145,9,0,0,0,0,0,0,0,0,0,9,2,0,1,4,2,0,0,9,8,324,563,
22,QUERETARO,010,San Juan del Rio ,0926,01,C,00,URBANA,75,6,2,15,9,152,1,12,0,0,0,0,0,0,0,0,11,5,0,1,4,3,0,0,0,5,301,562,
22,QUERETARO,010,San Juan del Rio ,0927,01,B,00,URBANA,43,3,0,11,4,79,0,6,0,0,0,0,0,0,0,0,0,0,0,0,0,0,0,0,0,7,153,379,
22,QUERETARO,010,San Juan del Rio ,0927,01,C,00,URBANA,41,6,2,13,7,79,5,4,0,0,0,0,0,0,0,0,3,0,0,2,1,0,0,0,0,6,169,378,
22,QUERETARO,010,San Juan del Rio ,0928,01,B,00,URBANA,108,10,2,18,11,105,11,5,0,0,0,0,0,0,0,0,6,1,1,3,4,3,0,0,0,11,299,503,
22,QUERETARO,010,San Juan del Rio ,0928,01,C,00,URBANA,111,9,3,18,11,104,11,7,0,0,0,0,0,0,0,0,7,1,1,1,2,3,0,0,0,4,293,502,
22,QUERETARO,010,San Juan del Rio ,0929,01,B,00,URBANA,77,8,4,34,8,161,9,12,0,0,0,0,0,0,0,0,12,1,0,1,3,1,0,0,0,7,338,611,
22,QUERETARO,010,San Juan del Rio ,0929,01,C,00,URBANA,68,5,1,28,14,148,6,5,0,0,0,0,0,0,0,0,19,3,0,1,3,0,1,0,1,8,311,611,
22,QUERETARO,010,San Juan del Rio ,0929,02,C,00,URBANA,85,4,1,23,13,159,11,15,0,0,0,0,0,0,0,0,8,3,1,1,1,0,0,0,0,5,330,611,
22,QUERETARO,010,San Juan del Rio ,0929,03,C,00,URBANA,71,3,3,27,16,165,4,9,0,0,0,0,0,0,0,0,7,6,2,1,7,0,0,0,0,15,336,611,
22,QUERETARO,010,San Juan del Rio ,0929,04,C,00,URBANA,78,3,3,27,12,168,9,11,0,0,0,0,0,0,0,0,14,4,0,4,2,3,0,0,1,5,344,610,
22,QUERETARO,010,San Juan del Rio ,0930,01,B,00,URBANA,55,8,1,12,11,154,7,10,0,0,0,0,0,0,0,0,14,6,0,1,4,0,0,0,0,7,290,655,
22,QUERETARO,010,San Juan del Rio ,0930,01,C,00,URBANA,46,6,0,19,12,151,0,0,0,0,0,0,0,0,0,0,9,1,0,5,3,0,0,0,9,7,268,654,
22,QUERETARO,010,San Juan del Rio ,0931,01,B,00,URBANA,71,6,1,20,7,126,10,8,0,0,0,0,0,0,0,0,10,2,1,0,2,2,1,0,0,4,271,598,
22,QUERETARO,010,San Juan del Rio ,0931,01,C,00,URBANA,75,7,0,22,6,140,7,10,0,0,0,0,0,0,0,0,14,3,0,0,2,1,0,0,1,8,296,598,
22,QUERETARO,010,San Juan del Rio ,0932,01,B,00,URBANA,132,11,3,14,26,149,5,8,0,0,0,0,0,0,0,0,17,1,2,1,2,2,1,0,0,9,383,716,
22,QUERETARO,010,San Juan del Rio ,0932,01,C,00,URBANA,115,5,6,22,21,134,10,5,0,0,0,0,0,0,0,0,8,1,2,2,3,0,1,0,1,10,346,716,
22,QUERETARO,010,San Juan del Rio ,0932,02,C,00,URBANA,119,23,5,18,20,156,8,8,0,0,0,0,0,0,0,0,11,6,4,1,9,1,0,0,0,6,395,715,
22,QUERETARO,010,San Juan del Rio ,0933,01,B,00,URBANA,63,3,1,27,15,133,12,9,0,0,0,0,0,0,0,0,14,3,0,2,3,2,0,0,0,10,297,627,
22,QUERETARO,010,San Juan del Rio ,0933,01,C,00,URBANA,55,5,0,26,14,130,16,14,0,0,0,0,0,0,0,0,16,1,0,2,5,2,1,0,1,8,296,627,
22,QUERETARO,010,San Juan del Rio ,0933,02,C,00,URBANA,57,5,1,33,14,173,9,11,0,0,0,0,0,0,0,0,20,1,0,0,8,1,0,0,0,9,342,627,
22,QUERETARO,010,San Juan del Rio ,0933,03,C,00,URBANA,67,7,2,20,12,148,8,14,0,0,0,0,0,0,0,0,12,0,0,2,2,0,0,0,0,7,301,627,
22,QUERETARO,010,San Juan del Rio ,0933,04,C,00,URBANA,58,11,1,18,14,141,7,14,0,0,0,0,0,0,0,0,19,3,1,0,3,2,1,0,0,4,297,627,
22,QUERETARO,010,San Juan del Rio ,0975,01,B,00,NO URBANA,58,8,2,19,0,102,14,7,0,0,0,0,0,0,0,0,16,3,15,2,2,0,0,0,0,18,266,454,
22,QUERETARO,010,San Juan del Rio ,0975,01,C,00,NO URBANA,62,9,3,10,19,114,11,7,0,0,0,0,0,0,0,0,7,0,3,1,1,0,0,0,0,7,254,454,
22,QUERETARO,010,San Juan del Rio ,0976,01,B,00,NO URBANA,90,11,3,25,16,175,16,11,0,0,0,0,0,0,0,0,14,2,0,2,5,3,0,0,1,19,393,733,
22,QUERETARO,010,San Juan del Rio ,0976,01,C,00,NO URBANA,74,16,3,25,18,164,18,10,0,0,0,0,0,0,0,0,15,4,5,3,0,1,3,0,0,17,376,733,
22,QUERETARO,010,San Juan del Rio ,0976,02,C,00,NO URBANA,82,16,5,27,25,161,19,13,0,0,0,0,0,0,0,0,17,4,4,3,5,2,0,0,0,22,405,733,
22,QUERETARO,010,San Juan del Rio ,0977,01,B,00,NO URBANA,104,14,2,23,20,184,13,10,0,0,0,0,0,0,0,0,8,4,3,0,3,1,0,0,0,9,398,653,
22,QUERETARO,010,San Juan del Rio ,0977,01,C,00,NO URBANA,134,11,4,14,26,150,12,7,0,0,0,0,0,0,0,0,7,1,2,3,5,3,1,0,0,14,394,652,
22,QUERETARO,010,San Juan del Rio ,0977,02,C,00,NO URBANA,125,21,1,20,28,151,5,9,0,0,0,0,0,0,0,0,6,3,2,0,3,0,0,0,0,16,390,652,
22,QUERETARO,011,San Juan del Rio ,0579,01,A,00,URBANA,0,1,0,0,0,2,0,0,0,0,0,0,0,0,0,0,0,0,0,0,0,0,0,0,0,0,3,5,
22,QUERETARO,011,San Juan del Rio ,0563,01,B,00,URBANA,70,14,1,34,23,179,21,21,0,0,0,0,0,0,0,0,0,0,0,0,4,4,0,0,0,24,395,663,
22,QUERETARO,011,San Juan del Rio ,0563,01,C,00,URBANA,74,12,1,25,27,202,25,13,0,0,0,0,0,0,0,0,0,0,0,0,8,1,1,0,0,27,416,663,
22,QUERETARO,011,San Juan del Rio ,0563,02,C,00,URBANA,57,8,3,33,28,209,23,18,0,0,0,0,0,0,0,0,0,0,0,0,3,2,0,0,0,17,401,663,
22,QUERETARO,011,San Juan del Rio ,0564,01,B,00,URBANA,109,1,1,29,25,154,14,19,0,0,0,0,0,0,0,0,0,0,0,0,7,0,0,0,0,25,384,701,
22,QUERETARO,011,San Juan del Rio ,0564,01,C,00,URBANA,92,13,1,35,25,176,20,13,0,0,0,0,0,0,0,0,0,0,0,0,5,3,0,0,0,16,399,700,
22,QUERETARO,011,San Juan del Rio ,0564,02,C,00,URBANA,99,15,0,28,18,166,13,17,0,0,0,0,0,0,0,0,0,0,0,0,7,1,1,0,0,24,389,700,
22,QUERETARO,011,San Juan del Rio ,0564,03,C,00,URBANA,91,17,2,30,32,148,11,12,0,0,0,0,0,0,0,0,0,0,0,0,4,0,1,0,0,23,371,700,
22,QUERETARO,011,San Juan del Rio ,0564,04,C,00,URBANA,80,13,3,29,31,182,21,12,0,0,0,0,0,0,0,0,0,0,0,0,6,1,0,0,0,19,397,700,
22,QUERETARO,011,San Juan del Rio ,0564,01,S,00,URBANA,2,0,0,1,0,2,2,1,0,0,0,0,0,0,0,0,0,0,0,0,0,0,0,0,0,0,8,0,
22,QUERETARO,011,San Juan del Rio ,0564,02,S,00,URBANA,35,3,1,9,10,57,3,3,0,0,0,0,0,0,0,0,0,0,0,0,3,0,0,0,0,4,128,0,
22,QUERETARO,011,San Juan del Rio ,0564,01,S,00,URBANA,0,0,0,0,0,0,0,0,0,0,0,0,0,0,0,0,0,0,0,0,0,0,0,0,0,0,0,0,
22,QUERETARO,011,San Juan del Rio ,0564,02,S,00,URBANA,0,0,0,0,0,0,0,0,0,0,0,0,0,0,0,0,0,0,0,0,0,0,0,0,0,0,0,0,
22,QUERETARO,011,San Juan del Rio ,0567,01,B,00,URBANA,129,13,3,31,23,153,12,16,0,0,0,0,0,0,0,0,0,0,0,0,8,2,0,0,0,21,411,714,
22,QUERETARO,011,San Juan del Rio ,0567,01,C,00,URBANA,105,8,3,35,25,156,13,26,0,0,0,0,0,0,0,0,0,0,0,0,7,1,1,0,0,24,404,714,
22,QUERETARO,011,San Juan del Rio ,0567,02,C,00,URBANA,151,8,3,21,40,155,10,31,0,0,0,0,0,0,0,0,0,0,0,0,10,2,0,0,1,22,454,714,
22,QUERETARO,011,San Juan del Rio ,0568,01,B,00,URBANA,129,5,4,37,28,140,22,31,0,0,0,0,0,0,0,0,0,0,0,0,9,2,0,0,0,23,430,621,
22,QUERETARO,011,San Juan del Rio ,0568,01,C,00,URBANA,134,9,4,28,23,158,16,20,0,0,0,0,0,0,0,0,0,0,0,0,7,1,0,0,0,21,421,621,
22,QUERETARO,011,San Juan del Rio ,0568,02,C,00,URBANA,150,11,2,35,22,136,18,23,0,0,0,0,0,0,0,0,0,0,0,0,6,0,0,0,0,17,420,621,
22,QUERETARO,011,San Juan del Rio ,0568,03,C,00,URBANA,114,9,2,47,22,137,20,14,0,0,0,0,0,0,0,0,0,0,0,0,7,1,0,2,0,22,397,621,
22,QUERETARO,011,San Juan del Rio ,0569,01,B,00,URBANA,90,12,1,29,18,122,17,22,0,0,0,0,0,0,0,0,0,0,0,0,4,0,0,1,1,18,335,491,
22,QUERETARO,011,San Juan del Rio ,0569,01,C,00,URBANA,111,10,3,27,26,121,15,13,0,0,0,0,0,0,0,0,0,0,0,0,8,2,0,0,0,23,359,490,
22,QUERETARO,011,San Juan del Rio ,0570,01,B,00,URBANA,160,11,1,22,12,134,15,15,0,0,0,0,0,0,0,0,0,0,0,0,10,6,0,0,0,13,399,593,
22,QUERETARO,011,San Juan del Rio ,0570,01,C,00,URBANA,147,13,0,25,20,145,23,8,0,0,0,0,0,0,0,0,0,0,0,0,6,0,1,2,0,12,402,593,
22,QUERETARO,011,San Juan del Rio ,0570,02,C,00,URBANA,171,13,2,29,19,108,20,15,0,0,0,0,0,0,0,0,0,0,0,0,7,0,0,0,0,9,393,592,
22,QUERETARO,011,San Juan del Rio ,0570,03,C,00,URBANA,156,17,0,30,29,103,19,16,0,0,0,0,0,0,0,0,0,0,0,0,4,0,1,0,1,20,396,592,
22,QUERETARO,011,San Juan del Rio ,0571,01,B,00,URBANA,185,9,5,33,12,131,20,17,0,0,0,0,0,0,0,0,0,0,0,0,9,2,0,0,0,17,440,665,
22,QUERETARO,011,San Juan del Rio ,0571,01,C,00,URBANA,193,10,1,42,15,132,24,23,0,0,0,0,0,0,0,0,0,0,0,0,7,0,0,1,0,18,466,665,
22,QUERETARO,011,San Juan del Rio ,0571,02,C,00,URBANA,173,13,1,34,27,133,17,16,0,0,0,0,0,0,0,0,0,0,0,0,11,1,1,0,0,13,440,665,
22,QUERETARO,011,San Juan del Rio ,0571,03,C,00,URBANA,200,16,2,29,22,126,10,14,0,0,0,0,0,0,0,0,0,0,0,0,13,1,0,1,0,9,443,665,
22,QUERETARO,011,San Juan del Rio ,0571,04,C,00,URBANA,179,12,4,40,12,146,24,11,0,0,0,0,0,0,0,0,0,0,0,0,12,2,1,0,1,13,457,664,
22,QUERETARO,011,San Juan del Rio ,0572,01,B,00,URBANA,188,23,5,45,11,109,9,14,0,0,0,0,0,0,0,0,0,0,0,0,6,0,1,5,0,16,432,581,
22,QUERETARO,011,San Juan del Rio ,0572,01,C,00,URBANA,166,18,3,48,25,110,21,18,0,0,0,0,0,0,0,0,0,0,0,0,13,1,0,0,0,22,445,581,
22,QUERETARO,011,San Juan del Rio ,0573,01,B,00,URBANA,183,9,5,33,17,105,11,15,0,0,0,0,0,0,0,0,0,0,0,0,11,1,1,2,0,15,408,593,
22,QUERETARO,011,San Juan del Rio ,0573,01,C,00,URBANA,187,15,2,52,25,91,15,12,0,0,0,0,0,0,0,0,0,0,0,0,13,0,2,0,0,20,434,592,
22,QUERETARO,011,San Juan del Rio ,0574,01,B,00,URBANA,148,9,3,44,16,111,14,10,0,0,0,0,0,0,0,0,0,0,0,0,8,2,2,0,0,17,384,640,
22,QUERETARO,011,San Juan del Rio ,0574,01,C,00,URBANA,137,13,2,37,28,129,14,12,0,0,0,0,0,0,0,0,0,0,0,0,1,1,0,0,1,20,395,640,
22,QUERETARO,011,San Juan del Rio ,0574,02,C,00,URBANA,112,22,3,34,21,150,19,19,0,0,0,0,0,0,0,0,0,0,0,0,8,2,0,0,0,24,414,639,
22,QUERETARO,011,San Juan del Rio ,0576,01,B,00,URBANA,134,14,1,46,32,172,21,22,0,0,0,0,0,0,0,0,0,0,0,0,5,0,0,0,0,20,467,702,
22,QUERETARO,011,San Juan del Rio ,0576,01,C,00,URBANA,163,9,2,22,26,163,16,33,0,0,0,0,0,0,0,0,0,0,0,0,6,1,0,0,0,17,458,702,
22,QUERETARO,011,San Juan del Rio ,0577,01,B,00,URBANA,110,18,2,33,19,104,11,22,0,0,0,0,0,0,0,0,0,0,0,0,2,0,0,1,0,25,347,520,
22,QUERETARO,011,San Juan del Rio ,0577,01,C,00,URBANA,150,13,1,31,10,113,7,19,0,0,0,0,0,0,0,0,0,0,0,0,6,0,0,0,0,19,369,519,
22,QUERETARO,011,San Juan del Rio ,0578,01,B,00,URBANA,91,10,2,33,12,87,7,11,0,0,0,0,0,0,0,0,0,0,0,0,3,1,0,0,0,8,265,391,
22,QUERETARO,011,San Juan del Rio ,0578,01,C,00,URBANA,105,8,1,34,17,70,9,10,0,0,0,0,0,0,0,0,0,0,0,0,3,2,0,0,0,10,269,391,
22,QUERETARO,011,San Juan del Rio ,0579,01,B,00,URBANA,161,12,2,32,21,80,14,14,0,0,0,0,0,0,0,0,0,0,0,0,8,4,0,0,0,15,363,506,
22,QUERETARO,011,San Juan del Rio ,0579,01,C,00,URBANA,153,11,6,43,21,89,13,16,0,0,0,0,0,0,0,0,0,0,0,0,4,1,1,0,0,8,366,506,
22,QUERETARO,011,San Juan del Rio ,0580,01,B,00,URBANA,176,19,3,51,16,141,18,20,0,0,0,0,0,0,0,0,0,0,0,0,3,2,0,1,0,30,480,682,
22,QUERETARO,011,San Juan del Rio ,0580,01,C,00,URBANA,181,22,2,53,23,125,22,13,0,0,0,0,0,0,0,0,0,0,0,0,8,0,0,0,0,22,471,682,
22,QUERETARO,011,San Juan del Rio ,0581,01,B,00,URBANA,170,16,1,43,26,143,19,25,0,0,0,0,0,0,0,0,0,0,0,0,7,3,0,0,0,21,474,739,
22,QUERETARO,011,San Juan del Rio ,0582,01,B,00,URBANA,105,12,2,19,21,107,13,13,0,0,0,0,0,0,0,0,0,0,0,0,6,1,0,0,0,11,310,446,
22,QUERETARO,011,San Juan del Rio ,0582,01,C,00,URBANA,90,10,1,21,17,94,8,13,0,0,0,0,0,0,0,0,0,0,0,0,3,2,0,0,0,16,275,445,
22,QUERETARO,011,San Juan del Rio ,0591,01,B,00,URBANA,205,17,2,32,13,122,18,23,0,0,0,0,0,0,0,0,0,0,0,0,14,4,1,0,0,11,462,676,
22,QUERETARO,011,San Juan del Rio ,0591,01,C,00,URBANA,184,25,2,36,22,144,23,21,0,0,0,0,0,0,0,0,0,0,0,0,10,0,3,0,0,15,485,675,
22,QUERETARO,011,San Juan del Rio ,0591,01,S,00,URBANA,90,3,2,15,14,48,5,10,0,0,0,0,0,0,0,0,0,0,0,0,6,0,0,0,0,7,200,0,
22,QUERETARO,011,San Juan del Rio ,0591,02,S,00,URBANA,98,6,0,20,14,64,5,12,0,0,0,0,0,0,0,0,0,0,0,0,9,0,0,0,1,8,237,0,
22,QUERETARO,011,San Juan del Rio ,0591,01,S,00,URBANA,86,3,2,15,13,43,5,9,0,0,0,0,0,0,0,0,0,0,0,0,0,0,0,0,0,13,189,0,
22,QUERETARO,011,San Juan del Rio ,0591,02,S,00,URBANA,51,2,0,12,10,35,3,7,0,0,0,0,0,0,0,0,0,0,0,0,0,0,0,0,0,4,124,0,
22,QUERETARO,011,San Juan del Rio ,0592,01,B,00,URBANA,87,10,2,30,15,100,6,20,0,0,0,0,0,0,0,0,0,0,0,0,3,0,0,1,0,10,284,490,
22,QUERETARO,011,San Juan del Rio ,0592,01,C,00,URBANA,129,9,1,31,19,84,6,27,0,0,0,0,0,0,0,0,0,0,0,0,0,0,0,0,0,20,326,490,
22,QUERETARO,011,San Juan del Rio ,0602,01,B,00,URBANA,80,9,6,32,22,123,13,18,0,0,0,0,0,0,0,0,0,0,0,0,5,2,0,0,0,11,321,516,
22,QUERETARO,011,San Juan del Rio ,0602,01,C,00,URBANA,92,7,1,20,23,133,10,23,0,0,0,0,0,0,0,0,0,0,0,0,5,2,0,0,0,18,334,516,
22,QUERETARO,011,San Juan del Rio ,0603,01,B,00,URBANA,85,15,1,21,17,112,7,14,0,0,0,0,0,0,0,0,0,0,0,0,6,1,1,0,0,17,297,524,
22,QUERETARO,011,San Juan del Rio ,0603,01,C,00,URBANA,70,14,3,29,23,127,11,12,0,0,0,0,0,0,0,0,0,0,0,0,3,0,1,0,0,22,315,524,
22,QUERETARO,011,San Juan del Rio ,0604,01,B,00,URBANA,130,10,3,23,13,80,18,23,0,0,0,0,0,0,0,0,0,0,0,0,6,0,1,1,0,12,320,493,
22,QUERETARO,011,San Juan del Rio ,0604,01,C,00,URBANA,120,16,0,28,18,79,36,14,0,0,0,0,0,0,0,0,0,0,0,0,4,1,1,0,2,9,328,493,
22,QUERETARO,011,San Juan del Rio ,0605,01,B,00,NO URBANA,121,17,0,23,19,146,13,16,0,0,0,0,0,0,0,0,0,0,0,0,5,1,1,0,0,19,381,640,
22,QUERETARO,011,San Juan del Rio ,0605,01,C,00,NO URBANA,106,14,3,37,24,145,21,13,0,0,0,0,0,0,0,0,0,0,0,0,10,1,0,0,0,17,391,640,
22,QUERETARO,011,San Juan del Rio ,0605,01,E,00,NO URBANA,109,11,5,20,20,111,13,10,0,0,0,0,0,0,0,0,0,0,0,0,5,0,1,3,0,20,328,554,
22,QUERETARO,011,San Juan del Rio ,0605,01,E,00,NO URBANA,83,11,17,22,0,136,5,15,0,0,0,0,0,0,0,0,0,0,0,0,2,0,0,0,1,13,305,554,
22,QUERETARO,011,San Juan del Rio ,0605,01,E,00,NO URBANA,82,7,2,15,26,134,20,12,0,0,0,0,0,0,0,0,0,0,0,0,8,0,1,0,0,13,320,554,
22,QUERETARO,011,San Juan del Rio ,0606,01,B,00,URBANA,122,11,2,33,27,130,8,21,0,0,0,0,0,0,0,0,0,0,0,0,6,0,2,2,0,20,384,594,
22,QUERETARO,011,San Juan del Rio ,0606,01,C,00,URBANA,136,11,1,32,24,117,8,21,0,0,0,0,0,0,0,0,0,0,0,0,5,0,0,3,2,18,378,594,
22,QUERETARO,011,San Juan del Rio ,0606,02,C,00,URBANA,118,16,2,26,28,119,17,20,0,0,0,0,0,0,0,0,0,0,0,0,6,0,1,0,0,11,364,593,
22,QUERETARO,011,San Juan del Rio ,0606,01,S,00,URBANA,89,5,1,28,12,85,2,18,0,0,0,0,0,0,0,0,0,0,0,0,7,0,0,0,0,6,253,0,
22,QUERETARO,011,San Juan del Rio ,0606,02,S,00,URBANA,95,13,2,25,13,94,12,15,0,0,0,0,0,0,0,0,0,0,0,0,6,1,1,0,0,10,287,0,
22,QUERETARO,011,San Juan del Rio ,0606,01,S,00,URBANA,89,5,1,29,11,84,2,17,0,0,0,0,0,0,0,0,0,0,0,0,0,0,0,0,0,1,239,0,
22,QUERETARO,011,San Juan del Rio ,0606,02,S,00,URBANA,0,0,0,0,0,0,0,0,0,0,0,0,0,0,0,0,0,0,0,0,0,0,0,0,0,0,0,0,
22,QUERETARO,011,San Juan del Rio ,0607,01,B,00,NO URBANA,104,13,3,26,23,175,14,17,0,0,0,0,0,0,0,0,0,0,0,0,6,3,0,0,0,23,407,695,
22,QUERETARO,011,San Juan del Rio ,0607,01,C,00,NO URBANA,100,7,3,32,26,160,12,18,0,0,0,0,0,0,0,0,0,0,0,0,7,2,0,0,0,25,392,695,
22,QUERETARO,011,San Juan del Rio ,0607,02,C,00,NO URBANA,92,12,2,23,18,152,14,11,0,0,0,0,0,0,0,0,0,0,0,0,3,0,2,2,1,25,357,695,
22,QUERETARO,011,San Juan del Rio ,0607,03,C,00,NO URBANA,78,13,6,25,26,181,19,12,0,0,0,0,0,0,0,0,0,0,0,0,2,0,0,0,0,37,399,694,
22,QUERETARO,011,San Juan del Rio ,0607,04,C,00,NO URBANA,112,11,1,20,30,156,19,12,0,0,0,0,0,0,0,0,0,0,0,0,2,0,0,0,0,17,380,694,
22,QUERETARO,011,San Juan del Rio ,0608,01,B,00,NO URBANA,154,11,2,16,16,103,7,1,0,0,0,0,0,0,0,0,0,0,0,0,9,5,2,0,0,21,347,608,
22,QUERETARO,011,San Juan del Rio ,0608,01,C,00,NO URBANA,139,8,4,12,16,125,7,5,0,0,0,0,0,0,0,0,0,0,0,0,5,0,0,0,0,21,342,608,
22,QUERETARO,011,San Juan del Rio ,0608,02,C,00,NO URBANA,157,7,2,7,11,115,5,1,0,0,0,0,0,0,0,0,0,0,0,0,10,1,0,0,0,13,329,608,
22,QUERETARO,011,San Juan del Rio ,0608,03,C,00,NO URBANA,160,12,2,13,13,136,7,2,0,0,0,0,0,0,0,0,0,0,0,0,6,3,0,0,0,9,363,608,
22,QUERETARO,011,San Juan del Rio ,0608,04,C,00,NO URBANA,141,11,5,5,19,125,8,1,0,0,0,0,0,0,0,0,0,0,0,0,8,1,0,0,0,15,339,608,
22,QUERETARO,011,San Juan del Rio ,0609,01,B,00,URBANA,192,15,4,12,20,120,4,1,0,0,0,0,0,0,0,0,0,0,0,0,9,2,2,0,0,31,412,714,
22,QUERETARO,011,San Juan del Rio ,0609,01,C,00,URBANA,195,13,2,13,23,157,3,4,0,0,0,0,0,0,0,0,0,0,0,0,4,3,1,0,0,21,439,714,
22,QUERETARO,011,San Juan del Rio ,0609,02,C,00,URBANA,195,11,4,12,16,136,8,6,0,0,0,0,0,0,0,0,0,0,0,0,10,2,0,0,0,28,428,714,
22,QUERETARO,011,San Juan del Rio ,0610,01,B,00,NO URBANA,179,7,2,11,25,140,14,7,0,0,0,0,0,0,0,0,0,0,0,0,9,3,1,0,0,32,430,721,
22,QUERETARO,011,San Juan del Rio ,0610,01,E,00,NO URBANA,51,15,3,23,27,223,25,9,0,0,0,0,0,0,0,0,0,0,0,0,2,0,0,0,0,36,414,676,
22,QUERETARO,011,San Juan del Rio ,0611,01,B,00,NO URBANA,123,19,0,20,22,145,17,7,0,0,0,0,0,0,0,0,0,0,0,0,5,4,0,0,0,20,382,722,
22,QUERETARO,011,San Juan del Rio ,0611,01,C,00,NO URBANA,142,18,2,20,22,137,7,4,0,0,0,0,0,0,0,0,0,0,0,0,3,3,2,0,2,26,388,722,
22,QUERETARO,011,San Juan del Rio ,0611,02,C,00,NO URBANA,140,13,2,16,14,139,9,4,0,0,0,0,0,0,0,0,0,0,0,0,7,4,0,0,0,23,371,721,
22,QUERETARO,011,San Juan del Rio ,0611,01,E,00,NO URBANA,37,5,0,13,15,133,10,7,0,0,0,0,0,0,0,0,0,0,0,0,2,1,1,0,0,22,246,396,
22,QUERETARO,011,San Juan del Rio ,0611,01,E,00,NO URBANA,48,6,0,11,16,159,10,10,0,0,0,0,0,0,0,0,0,0,0,0,3,0,0,0,0,25,288,395,
22,QUERETARO,011,San Juan del Rio ,0612,01,B,00,URBANA,74,9,5,13,33,157,19,4,0,0,0,0,0,0,0,0,0,0,0,0,6,0,1,0,0,20,341,655,
22,QUERETARO,011,San Juan del Rio ,0612,01,C,00,URBANA,52,10,1,18,33,189,17,8,0,0,0,0,0,0,0,0,0,0,0,0,0,1,0,1,0,16,346,655,
22,QUERETARO,011,San Juan del Rio ,0612,02,C,00,URBANA,78,7,2,12,31,168,15,3,0,0,0,0,0,0,0,0,0,0,0,0,3,1,0,0,0,32,352,654,
22,QUERETARO,011,San Juan del Rio ,0612,03,C,00,URBANA,63,9,2,22,29,181,17,14,0,0,0,0,0,0,0,0,0,0,0,0,4,2,0,0,0,22,365,654,
22,QUERETARO,011,San Juan del Rio ,0613,01,B,00,NO URBANA,77,4,6,13,22,191,8,3,0,0,0,0,0,0,0,0,0,0,0,0,8,1,0,1,0,29,363,749,
22,QUERETARO,011,San Juan del Rio ,0613,01,C,00,NO URBANA,76,7,2,9,31,197,20,6,0,0,0,0,0,0,0,0,0,0,0,0,3,1,0,1,0,33,386,749,
22,QUERETARO,011,San Juan del Rio ,0613,02,C,00,NO URBANA,79,5,7,33,25,202,15,12,0,0,0,0,0,0,0,0,0,0,0,0,3,2,0,0,0,26,409,748,
22,QUERETARO,011,San Juan del Rio ,0613,03,C,00,NO URBANA,78,9,3,15,20,189,21,17,0,0,0,0,0,0,0,0,0,0,0,0,2,1,0,0,0,30,385,748,
22,QUERETARO,011,San Juan del Rio ,0614,01,B,00,NO URBANA,78,7,4,23,24,170,20,8,0,0,0,0,0,0,0,0,0,0,0,0,2,0,0,0,1,19,356,703,
22,QUERETARO,011,San Juan del Rio ,0614,01,C,00,NO URBANA,80,7,2,18,22,169,20,8,0,0,0,0,0,0,0,0,0,0,0,0,2,0,0,0,0,20,348,703,
22,QUERETARO,011,San Juan del Rio ,0614,02,C,00,NO URBANA,73,9,0,23,24,173,23,13,0,0,0,0,0,0,0,0,0,0,0,0,3,0,1,0,0,32,374,702,
22,QUERETARO,011,San Juan del Rio ,0614,03,C,00,NO URBANA,115,14,1,20,20,171,10,7,0,0,0,0,0,0,0,0,0,0,0,0,2,0,0,0,0,27,387,702,
22,QUERETARO,011,San Juan del Rio ,0614,04,C,00,NO URBANA,93,8,4,12,24,180,15,8,0,0,0,0,0,0,0,0,0,0,0,0,2,2,0,0,0,25,373,702,
22,QUERETARO,011,San Juan del Rio ,0614,05,C,00,NO URBANA,68,10,1,28,16,194,26,8,0,0,0,0,0,0,0,0,0,0,0,0,2,1,0,0,1,23,378,702,
22,QUERETARO,011,San Juan del Rio ,0614,06,C,00,NO URBANA,86,5,5,17,22,172,35,15,0,0,0,0,0,0,0,0,0,0,0,0,2,0,0,0,1,20,380,702,
22,QUERETARO,011,San Juan del Rio ,0614,01,E,00,NO URBANA,83,7,1,18,23,151,10,6,0,0,0,0,0,0,0,0,0,0,0,0,5,0,0,1,0,28,333,550,
22,QUERETARO,011,San Juan del Rio ,0614,01,E,00,NO URBANA,83,7,1,18,23,151,10,6,0,0,0,0,0,0,0,0,0,0,0,0,5,0,1,0,0,28,333,549,
22,QUERETARO,011,San Juan del Rio ,0616,01,B,00,NO URBANA,108,10,5,25,29,166,9,11,0,0,0,0,0,0,0,0,0,0,0,0,1,1,0,0,0,18,383,621,
22,QUERETARO,011,San Juan del Rio ,0616,01,C,00,NO URBANA,107,15,1,20,19,167,6,9,0,0,0,0,0,0,0,0,0,0,0,0,4,1,0,0,0,26,375,620,
22,QUERETARO,011,San Juan del Rio ,0616,02,C,00,NO URBANA,115,14,1,20,20,171,10,7,0,0,0,0,0,0,0,0,0,0,0,0,2,0,0,0,0,27,387,620,
22,QUERETARO,011,San Juan del Rio ,0616,01,E,00,NO URBANA,306,20,1,21,3,46,4,7,0,0,0,0,0,0,0,0,0,0,0,0,4,0,0,0,2,8,422,530,
22,QUERETARO,011,San Juan del Rio ,0616,01,E,00,NO URBANA,286,16,3,27,11,43,9,8,0,0,0,0,0,0,0,0,0,0,0,0,6,2,0,0,0,8,419,529,
22,QUERETARO,011,San Juan del Rio ,0618,01,B,00,NO URBANA,81,11,3,17,22,171,9,12,0,0,0,0,0,0,0,0,0,0,0,0,4,0,0,0,0,18,348,607,
22,QUERETARO,011,San Juan del Rio ,0618,01,C,00,NO URBANA,72,9,4,20,21,169,10,5,0,0,0,0,0,0,0,0,0,0,0,0,1,2,2,0,0,23,338,607,
22,QUERETARO,011,San Juan del Rio ,0618,02,C,00,NO URBANA,83,8,5,13,17,182,8,4,0,0,0,0,0,0,0,0,0,0,0,0,3,2,0,0,1,28,354,606,
22,QUERETARO,011,San Juan del Rio ,0619,01,B,00,NO URBANA,94,10,2,14,29,168,14,15,0,0,0,0,0,0,0,0,0,0,0,0,3,0,0,0,1,21,371,639,
22,QUERETARO,011,San Juan del Rio ,0619,01,C,00,NO URBANA,70,7,5,14,18,180,9,12,0,0,0,0,0,0,0,0,0,0,0,0,3,0,0,0,0,23,341,638,
22,QUERETARO,011,San Juan del Rio ,0619,02,C,00,NO URBANA,78,12,2,22,25,187,14,6,0,0,0,0,0,0,0,0,0,0,0,0,1,0,1,0,0,22,370,638,
22,QUERETARO,011,San Juan del Rio ,0619,03,C,00,NO URBANA,89,6,1,15,34,175,12,7,0,0,0,0,0,0,0,0,0,0,0,0,8,1,0,1,0,23,372,638,
22,QUERETARO,011,San Juan del Rio ,0619,04,C,00,NO URBANA,94,8,3,25,30,198,10,5,0,0,0,0,0,0,0,0,0,0,0,0,2,6,0,0,0,21,402,638,
22,QUERETARO,011,San Juan del Rio ,0619,05,C,00,NO URBANA,81,8,3,16,26,207,17,6,0,0,0,0,0,0,0,0,0,0,0,0,4,0,0,0,0,22,390,638,
22,QUERETARO,011,San Juan del Rio ,0620,01,B,00,URBANA,117,20,3,29,18,116,13,5,0,0,0,0,0,0,0,0,0,0,0,0,7,5,2,0,0,20,355,672,
22,QUERETARO,011,San Juan del Rio ,0620,01,C,00,URBANA,111,27,1,19,31,105,6,6,0,0,0,0,0,0,0,0,0,0,0,0,1,4,0,0,0,23,334,672,
22,QUERETARO,011,San Juan del Rio ,0620,02,C,00,URBANA,109,16,5,23,12,128,7,4,0,0,0,0,0,0,0,0,0,0,0,0,9,3,3,2,0,15,336,672,
22,QUERETARO,011,San Juan del Rio ,0620,03,C,00,URBANA,124,22,10,12,28,89,10,5,0,0,0,0,0,0,0,0,0,0,0,0,3,7,1,0,0,23,334,671,
22,QUERETARO,011,San Juan del Rio ,0620,04,C,00,URBANA,97,22,4,4,20,93,13,0,0,0,0,0,0,0,0,0,0,0,0,0,5,4,2,0,0,27,291,671,
22,QUERETARO,011,San Juan del Rio ,0621,01,B,00,NO URBANA,140,20,4,7,7,41,10,1,0,0,0,0,0,0,0,0,0,0,0,0,8,5,0,0,0,17,260,570,
22,QUERETARO,011,San Juan del Rio ,0621,01,C,00,NO URBANA,108,15,2,3,8,47,5,0,0,0,0,0,0,0,0,0,0,0,0,0,8,4,1,0,0,16,217,569,
22,QUERETARO,011,San Juan del Rio ,0621,02,C,00,NO URBANA,130,32,4,7,16,46,11,3,0,0,0,0,0,0,0,0,0,0,0,0,7,2,1,0,0,16,275,569,
22,QUERETARO,011,San Juan del Rio ,0622,01,B,00,NO URBANA,159,7,4,16,21,102,9,9,0,0,0,0,0,0,0,0,0,0,0,0,12,3,0,0,0,26,368,683,
22,QUERETARO,011,San Juan del Rio ,0622,01,C,00,NO URBANA,129,10,3,14,18,114,4,3,0,0,0,0,0,0,0,0,0,0,0,0,4,2,2,0,0,24,327,683,
22,QUERETARO,011,San Juan del Rio ,0622,02,C,00,NO URBANA,184,19,4,13,14,61,1,4,0,0,0,0,0,0,0,0,0,0,0,0,10,1,0,0,0,14,325,683,
22,QUERETARO,011,San Juan del Rio ,0622,03,C,00,NO URBANA,131,10,6,10,10,114,9,2,0,0,0,0,0,0,0,0,0,0,0,0,5,1,1,0,0,27,326,682,
22,QUERETARO,011,San Juan del Rio ,0625,01,B,00,NO URBANA,100,7,0,16,17,84,9,4,0,0,0,0,0,0,0,0,0,0,0,0,3,1,0,0,0,31,272,631,
22,QUERETARO,011,San Juan del Rio ,0625,01,C,00,NO URBANA,98,3,2,15,22,133,4,6,0,0,0,0,0,0,0,0,0,0,0,0,1,0,1,0,1,16,302,630,
22,QUERETARO,011,San Juan del Rio ,0625,02,C,00,NO URBANA,103,8,1,9,24,114,13,2,0,0,0,0,0,0,0,0,0,0,0,0,4,2,0,0,0,21,301,630,
22,QUERETARO,011,San Juan del Rio ,0626,01,B,00,NO URBANA,146,14,3,21,15,119,10,6,0,0,0,0,0,0,0,0,0,0,0,0,4,2,0,0,1,10,351,624,
22,QUERETARO,011,San Juan del Rio ,0626,01,C,00,NO URBANA,136,22,5,24,20,99,13,17,0,0,0,0,0,0,0,0,0,0,0,0,9,0,1,0,0,18,364,624,
22,QUERETARO,011,San Juan del Rio ,0626,02,C,00,NO URBANA,101,21,4,33,22,132,12,10,0,0,0,0,0,0,0,0,0,0,0,0,10,2,0,0,0,24,371,624,
22,QUERETARO,011,San Juan del Rio ,0629,01,B,00,NO URBANA,83,38,3,25,22,101,13,5,0,0,0,0,0,0,0,0,0,0,0,0,4,3,0,0,0,22,319,692,
22,QUERETARO,011,San Juan del Rio ,0629,01,C,00,NO URBANA,60,39,3,32,18,91,21,4,0,0,0,0,0,0,0,0,0,0,0,0,3,2,1,0,0,24,298,692,
22,QUERETARO,011,San Juan del Rio ,0629,02,C,00,NO URBANA,86,33,3,25,27,84,22,5,0,0,0,0,0,0,0,0,0,0,0,0,2,2,0,0,0,26,315,691,
22,QUERETARO,011,San Juan del Rio ,0630,01,B,00,NO URBANA,74,10,1,8,28,81,8,2,0,0,0,0,0,0,0,0,0,0,0,0,3,0,1,2,0,11,229,397,
22,QUERETARO,011,San Juan del Rio ,0630,01,C,00,NO URBANA,55,13,5,15,21,77,9,3,0,0,0,0,0,0,0,0,0,0,0,0,0,0,0,0,0,9,207,397,
22,QUERETARO,011,San Juan del Rio ,0630,01,E,00,NO URBANA,46,3,0,12,16,36,7,2,0,0,0,0,0,0,0,0,0,0,0,0,2,0,0,0,0,14,138,307,
22,QUERETARO,011,San Juan del Rio ,0630,02,E,00,NO URBANA,59,10,2,20,15,53,1,1,0,0,0,0,0,0,0,0,0,0,0,0,3,3,0,0,0,14,181,329,
22,QUERETARO,011,San Juan del Rio ,0630,03,E,00,NO URBANA,80,22,3,6,3,11,0,0,0,0,0,0,0,0,0,0,0,0,0,0,3,1,1,0,0,10,140,204,
22,QUERETARO,011,San Juan del Rio ,0630,04,E,00,NO URBANA,42,4,2,17,12,33,12,1,0,0,0,0,0,0,0,0,0,0,0,0,1,0,0,0,0,8,132,224,
22,QUERETARO,011,San Juan del Rio ,0631,01,B,00,NO URBANA,141,13,3,34,47,143,18,5,0,0,0,0,0,0,0,0,0,0,0,0,4,2,0,0,0,30,440,715,
22,QUERETARO,011,San Juan del Rio ,0631,01,C,00,NO URBANA,153,21,2,37,55,98,23,5,0,0,0,0,0,0,0,0,0,0,0,0,4,4,0,0,0,26,428,715,
22,QUERETARO,011,San Juan del Rio ,0635,01,B,00,NO URBANA,144,31,6,18,25,119,11,14,0,0,0,0,0,0,0,0,0,0,0,0,3,3,0,0,0,16,390,595,
22,QUERETARO,011,San Juan del Rio ,0635,01,C,00,NO URBANA,123,19,2,19,23,131,13,9,0,0,0,0,0,0,0,0,0,0,0,0,7,1,0,0,0,20,367,595,
22,QUERETARO,011,San Juan del Rio ,0635,02,C,00,NO URBANA,108,26,1,33,35,139,13,7,0,0,0,0,0,0,0,0,0,0,0,0,2,4,2,0,0,12,382,594,
22,QUERETARO,011,San Juan del Rio ,0635,01,E,00,NO URBANA,105,61,3,29,37,72,2,2,0,0,0,0,0,0,0,0,0,0,0,0,4,0,0,4,0,11,330,613,
22,QUERETARO,011,San Juan del Rio ,0636,01,B,00,NO URBANA,105,29,1,14,22,90,13,2,0,0,0,0,0,0,0,0,0,0,0,0,8,2,0,0,0,14,300,503,
22,QUERETARO,011,San Juan del Rio ,0636,01,C,00,NO URBANA,96,18,2,25,16,92,10,10,0,0,0,0,0,0,0,0,0,0,0,0,6,1,0,0,0,23,299,502,
22,QUERETARO,011,San Juan del Rio ,0636,02,C,00,NO URBANA,82,28,0,13,25,90,13,6,0,0,0,0,0,0,0,0,0,0,0,0,3,4,1,0,0,20,285,502,
22,QUERETARO,011,San Juan del Rio ,0639,01,B,00,NO URBANA,67,18,2,17,28,138,13,5,0,0,0,0,0,0,0,0,0,0,0,0,1,2,0,0,0,21,312,536,
22,QUERETARO,011,San Juan del Rio ,0639,01,C,00,NO URBANA,75,11,5,16,29,117,12,7,0,0,0,0,0,0,0,0,0,0,0,0,3,1,0,0,0,21,297,536,
22,QUERETARO,011,San Juan del Rio ,0639,02,C,00,NO URBANA,92,13,5,17,21,99,13,4,0,0,0,0,0,0,0,0,0,0,0,0,3,0,0,0,0,21,288,535,
22,QUERETARO,011,San Juan del Rio ,0639,01,E,00,NO URBANA,97,22,0,13,29,84,12,2,0,0,0,0,0,0,0,0,0,0,0,0,3,0,0,4,0,15,281,471,
22,QUERETARO,011,San Juan del Rio ,0639,02,E,00,NO URBANA,97,12,1,5,15,48,3,1,0,0,0,0,0,0,0,0,0,0,0,0,7,1,1,0,0,12,203,402,
22,QUERETARO,011,San Juan del Rio ,0639,02,E,00,NO URBANA,110,17,3,3,20,53,6,2,0,0,0,0,0,0,0,0,0,0,0,0,2,2,1,0,0,14,233,402,
22,QUERETARO,011,San Juan del Rio ,0643,01,B,00,NO URBANA,81,50,9,18,28,101,8,3,0,0,0,0,0,0,0,0,0,0,0,0,6,2,0,0,0,29,335,502,
22,QUERETARO,011,San Juan del Rio ,0643,01,E,00,NO URBANA,69,20,4,12,18,73,5,2,0,0,0,0,0,0,0,0,0,0,0,0,4,3,1,0,0,16,227,346,
22,QUERETARO,011,San Juan del Rio ,0643,02,E,00,NO URBANA,69,41,3,9,10,73,4,1,0,0,0,0,0,0,0,0,0,0,0,0,6,2,0,0,0,9,227,407,
22,QUERETARO,011,San Juan del Rio ,0797,01,B,00,URBANA,98,7,2,22,16,105,17,14,0,0,0,0,0,0,0,0,0,0,0,0,4,0,0,0,0,11,296,431,
22,QUERETARO,011,San Juan del Rio ,0797,01,C,00,URBANA,95,9,0,22,15,97,15,12,0,0,0,0,0,0,0,0,0,0,0,0,5,1,0,0,0,10,281,431,
22,QUERETARO,011,San Juan del Rio ,0799,01,B,00,URBANA,122,10,1,33,29,138,19,17,0,0,0,0,0,0,0,0,0,0,0,0,7,1,1,0,0,26,404,705,
22,QUERETARO,011,San Juan del Rio ,0799,01,C,00,URBANA,131,16,2,37,37,152,14,28,0,0,0,0,0,0,0,0,0,0,0,0,4,4,0,0,0,18,443,705,
22,QUERETARO,011,San Juan del Rio ,0898,01,B,00,NO URBANA,113,9,4,13,15,135,33,11,0,0,0,0,0,0,0,0,0,0,0,0,7,1,1,0,0,21,363,608,
22,QUERETARO,011,San Juan del Rio ,0898,01,C,00,NO URBANA,113,14,3,11,10,145,37,10,0,0,0,0,0,0,0,0,0,0,0,0,1,3,0,0,0,16,363,608,
22,QUERETARO,011,San Juan del Rio ,0898,02,C,00,NO URBANA,121,16,0,12,13,119,38,3,0,0,0,0,0,0,0,0,0,0,0,0,6,0,0,2,0,17,347,608,
22,QUERETARO,011,San Juan del Rio ,0898,03,C,00,NO URBANA,107,12,4,16,21,129,41,9,0,0,0,0,0,0,0,0,0,0,0,0,7,2,0,0,0,20,368,607,
22,QUERETARO,011,San Juan del Rio ,0899,01,B,00,NO URBANA,112,3,4,14,19,162,16,4,0,0,0,0,0,0,0,0,0,0,0,0,3,3,0,0,0,13,353,611,
22,QUERETARO,011,San Juan del Rio ,0899,01,C,00,NO URBANA,113,13,2,19,23,150,10,4,0,0,0,0,0,0,0,0,0,0,0,0,4,1,0,2,0,15,356,610,
22,QUERETARO,011,San Juan del Rio ,0900,01,B,00,NO URBANA,113,11,4,41,35,140,14,14,0,0,0,0,0,0,0,0,0,0,0,0,6,0,0,0,0,20,398,630,
22,QUERETARO,011,San Juan del Rio ,0900,01,C,00,NO URBANA,111,9,2,27,24,163,20,17,0,0,0,0,0,0,0,0,0,0,0,0,5,2,2,0,0,22,404,629,
22,QUERETARO,011,San Juan del Rio ,0900,02,C,00,NO URBANA,100,14,4,33,26,149,16,10,0,0,0,0,0,0,0,0,0,0,0,0,6,0,0,0,0,18,376,629,
22,QUERETARO,011,San Juan del Rio ,0900,03,C,00,NO URBANA,100,12,5,35,33,168,13,9,0,0,0,0,0,0,0,0,0,0,0,0,7,0,1,0,0,23,406,629,
22,QUERETARO,011,San Juan del Rio ,0901,01,B,00,NO URBANA,120,18,2,27,26,118,13,13,0,0,0,0,0,0,0,0,0,0,0,0,6,3,0,0,0,22,368,613,
22,QUERETARO,011,San Juan del Rio ,0901,01,C,00,NO URBANA,115,10,3,22,29,168,20,17,0,0,0,0,0,0,0,0,0,0,0,0,6,3,0,0,0,21,414,612,
22,QUERETARO,011,San Juan del Rio ,0910,01,B,00,URBANA,130,12,2,17,20,181,18,10,0,0,0,0,0,0,0,0,0,0,0,0,5,0,1,0,3,12,411,694,
22,QUERETARO,011,San Juan del Rio ,0910,01,C,00,URBANA,126,15,2,31,22,168,18,11,0,0,0,0,0,0,0,0,0,0,0,0,5,2,0,0,1,19,420,693,
22,QUERETARO,011,San Juan del Rio ,0911,01,B,00,URBANA,52,7,2,14,11,140,10,8,0,0,0,0,0,0,0,0,0,0,0,0,4,0,0,0,0,14,262,599,
22,QUERETARO,011,San Juan del Rio ,0911,01,C,00,URBANA,70,5,1,8,14,136,10,8,0,0,0,0,0,0,0,0,0,0,0,0,7,0,1,0,0,10,270,599,
22,QUERETARO,011,San Juan del Rio ,0911,02,C,00,URBANA,83,11,0,16,16,131,10,13,0,0,0,0,0,0,0,0,0,0,0,0,6,0,2,0,0,8,296,599,
22,QUERETARO,011,San Juan del Rio ,0911,03,C,00,URBANA,75,10,4,13,21,134,15,7,0,0,0,0,0,0,0,0,0,0,0,0,6,0,0,0,0,11,296,599,
22,QUERETARO,011,San Juan del Rio ,0912,01,B,00,URBANA,143,7,2,24,10,56,5,11,0,0,0,0,0,0,0,0,0,0,0,0,15,1,0,0,1,5,280,693,
22,QUERETARO,011,San Juan del Rio ,0912,01,C,00,URBANA,189,15,4,56,13,97,18,21,0,0,0,0,0,0,0,0,0,0,0,0,8,5,1,0,0,10,437,693,
22,QUERETARO,011,San Juan del Rio ,0912,02,C,00,URBANA,158,10,1,26,12,62,5,6,0,0,0,0,0,0,0,0,0,0,0,0,7,3,0,0,0,8,298,693,
22,QUERETARO,011,San Juan del Rio ,0912,03,C,00,URBANA,182,8,2,49,9,100,7,11,0,0,0,0,0,0,0,0,0,0,0,0,11,1,1,0,1,12,394,692,
22,QUERETARO,011,San Juan del Rio ,0912,04,C,00,URBANA,224,15,3,31,16,119,11,12,0,0,0,0,0,0,0,0,0,0,0,0,10,1,0,0,0,11,453,692,
22,QUERETARO,011,San Juan del Rio ,0913,01,B,00,URBANA,157,8,4,38,23,142,17,19,0,0,0,0,0,0,0,0,0,0,0,0,8,2,0,0,0,27,445,729,
22,QUERETARO,011,San Juan del Rio ,0913,01,C,00,URBANA,129,15,6,31,19,172,11,19,0,0,0,0,0,0,0,0,0,0,0,0,5,0,0,0,0,16,423,728,
22,QUERETARO,011,San Juan del Rio ,0913,02,C,00,URBANA,135,19,3,28,24,172,14,17,0,0,0,0,0,0,0,0,0,0,0,0,6,3,1,0,0,25,447,728,
22,QUERETARO,011,San Juan del Rio ,0914,01,B,00,URBANA,120,8,4,24,29,137,20,13,0,0,0,0,0,0,0,0,0,0,0,0,10,1,0,0,1,17,384,642,
22,QUERETARO,011,San Juan del Rio ,0914,01,C,00,URBANA,134,11,5,26,20,151,6,15,0,0,0,0,0,0,0,0,0,0,0,0,2,0,2,0,0,17,389,642,
22,QUERETARO,011,San Juan del Rio ,0914,02,C,00,URBANA,119,9,1,27,32,151,11,18,0,0,0,0,0,0,0,0,0,0,0,0,3,2,1,0,2,9,385,642,
22,QUERETARO,011,San Juan del Rio ,0914,03,C,00,URBANA,109,7,2,39,28,151,16,25,0,0,0,0,0,0,0,0,0,0,0,0,7,0,0,0,0,12,396,642,
22,QUERETARO,012,Tequisquiapan ,0048,01,A,00,URBANA,0,1,0,0,0,1,0,0,0,0,0,0,0,0,0,0,0,0,0,0,0,0,0,0,0,0,2,2,
22,QUERETARO,012,Tequisquiapan ,0211,01,A,00,URBANA,0,0,0,0,0,2,0,0,0,0,0,0,0,0,0,0,0,0,0,0,0,0,0,0,0,0,2,3,
22,QUERETARO,012,Tequisquiapan ,0210,01,B,00,URBANA,171,98,3,42,15,106,32,3,0,0,0,0,0,0,0,0,0,0,0,0,0,0,0,0,1,17,488,710,
22,QUERETARO,012,Tequisquiapan ,0210,01,C,00,URBANA,120,98,5,41,23,97,24,1,0,0,0,0,0,0,0,0,0,0,0,0,0,0,0,0,0,31,440,710,
22,QUERETARO,012,Tequisquiapan ,0210,02,C,00,URBANA,102,112,2,39,31,116,31,9,0,0,0,0,0,0,0,0,0,0,0,0,0,0,1,0,0,21,464,709,
22,QUERETARO,012,Tequisquiapan ,0211,01,B,00,URBANA,118,83,2,56,23,132,32,12,0,0,0,0,0,0,0,0,0,0,0,0,0,0,2,0,0,12,472,722,
22,QUERETARO,012,Tequisquiapan ,0211,01,C,00,URBANA,142,95,4,57,27,115,27,2,0,0,0,0,0,0,0,0,0,0,0,0,0,0,2,0,0,14,485,721,
22,QUERETARO,012,Tequisquiapan ,0212,01,B,00,NO URBANA,74,77,5,32,14,123,31,7,0,0,0,0,0,0,0,0,0,0,0,0,0,0,0,0,2,17,382,693,
22,QUERETARO,012,Tequisquiapan ,0212,01,C,00,NO URBANA,79,73,5,28,16,119,49,11,0,0,0,0,0,0,0,0,0,0,0,0,0,0,0,0,0,20,400,693,
22,QUERETARO,012,Tequisquiapan ,0212,02,C,00,NO URBANA,93,67,5,37,18,130,29,7,0,0,0,0,0,0,0,0,0,0,0,0,0,0,0,0,0,14,400,693,
22,QUERETARO,012,Tequisquiapan ,0212,03,C,00,NO URBANA,94,78,5,31,21,135,33,3,0,0,0,0,0,0,0,0,0,0,0,0,0,0,0,0,0,11,411,693,
22,QUERETARO,012,Tequisquiapan ,0212,04,C,00,NO URBANA,100,83,4,33,21,124,24,7,0,0,0,0,0,0,0,0,0,0,0,0,0,0,0,0,0,13,409,692,
22,QUERETARO,012,Tequisquiapan ,0212,01,E,00,NO URBANA,137,80,2,36,46,117,14,3,0,0,0,0,0,0,0,0,0,0,0,0,0,0,0,0,0,20,455,620,
22,QUERETARO,012,Tequisquiapan ,0213,01,B,00,URBANA,102,62,1,36,26,131,26,5,0,0,0,0,0,0,0,0,0,0,0,0,0,0,2,0,0,19,410,650,
22,QUERETARO,012,Tequisquiapan ,0213,01,C,00,URBANA,119,81,1,28,37,108,44,5,0,0,0,0,0,0,0,0,0,0,0,0,0,0,1,0,0,22,446,649,
22,QUERETARO,012,Tequisquiapan ,0213,02,C,00,URBANA,128,63,5,33,25,102,49,6,0,0,0,0,0,0,0,0,0,0,0,0,0,0,0,0,0,25,436,649,
22,QUERETARO,012,Tequisquiapan ,0215,01,B,00,NO URBANA,73,57,4,45,57,155,20,5,0,0,0,0,0,0,0,0,0,0,0,0,0,0,3,0,0,14,433,690,
22,QUERETARO,012,Tequisquiapan ,0215,01,C,00,NO URBANA,78,50,4,26,66,127,24,3,0,0,0,0,0,0,0,0,0,0,0,0,0,0,0,0,0,13,391,689,
22,QUERETARO,012,Tequisquiapan ,0215,02,C,00,NO URBANA,79,63,6,35,46,116,13,7,0,0,0,0,0,0,0,0,0,0,0,0,0,0,0,0,0,0,365,689,
22,QUERETARO,012,Tequisquiapan ,0216,01,B,00,NO URBANA,66,70,6,24,49,195,10,8,0,0,0,0,0,0,0,0,0,0,0,0,0,0,0,0,0,16,444,688,
22,QUERETARO,012,Tequisquiapan ,0216,01,C,00,NO URBANA,82,37,5,24,30,204,16,11,0,0,0,0,0,0,0,0,0,0,0,0,0,0,0,0,0,26,435,688,
22,QUERETARO,012,Tequisquiapan ,0216,02,C,00,NO URBANA,60,47,4,23,40,209,20,3,0,0,0,0,0,0,0,0,0,0,0,0,0,0,0,0,0,15,421,687,
22,QUERETARO,012,Tequisquiapan ,0216,03,C,00,NO URBANA,68,58,3,24,52,201,15,2,0,0,0,0,0,0,0,0,0,0,0,0,0,0,0,0,0,23,446,687,
22,QUERETARO,012,Tequisquiapan ,0217,01,B,00,NO URBANA,51,57,4,18,68,158,17,7,0,0,0,0,0,0,0,0,0,0,0,0,0,0,1,0,0,8,389,590,
22,QUERETARO,012,Tequisquiapan ,0217,01,C,00,NO URBANA,55,72,6,12,54,143,22,4,0,0,0,0,0,0,0,0,0,0,0,0,0,0,2,0,0,12,382,589,
22,QUERETARO,012,Tequisquiapan ,0217,02,C,00,NO URBANA,45,55,4,18,52,152,19,5,0,0,0,0,0,0,0,0,0,0,0,0,0,0,0,0,0,13,363,589,
22,QUERETARO,012,Tequisquiapan ,0217,03,C,00,NO URBANA,64,51,5,15,35,163,25,3,0,0,0,0,0,0,0,0,0,0,0,0,0,0,0,0,0,26,387,589,
22,QUERETARO,012,Tequisquiapan ,0218,01,B,00,NO URBANA,71,52,3,21,42,142,19,4,0,0,0,0,0,0,0,0,0,0,0,0,0,0,0,0,0,18,372,551,
22,QUERETARO,012,Tequisquiapan ,0218,01,C,00,NO URBANA,57,51,5,17,41,116,27,3,0,0,0,0,0,0,0,0,0,0,0,0,0,0,0,0,0,25,342,551,
22,QUERETARO,012,Tequisquiapan ,0218,02,C,00,NO URBANA,69,44,3,22,40,99,23,3,0,0,0,0,0,0,0,0,0,0,0,0,0,0,0,0,0,23,326,551,
22,QUERETARO,012,Tequisquiapan ,0219,01,B,00,NO URBANA,96,136,8,28,22,129,18,3,0,0,0,0,0,0,0,0,0,0,0,0,0,0,0,0,0,8,448,623,
22,QUERETARO,012,Tequisquiapan ,0219,01,C,00,NO URBANA,113,97,4,40,32,123,22,6,0,0,0,0,0,0,0,0,0,0,0,0,0,0,0,0,0,27,464,623,
22,QUERETARO,012,Tequisquiapan ,0219,02,C,00,NO URBANA,78,126,7,49,38,122,24,3,0,0,0,0,0,0,0,0,0,0,0,0,0,0,0,0,1,11,459,622,
22,QUERETARO,012,Tequisquiapan ,0220,01,B,00,NO URBANA,51,29,4,17,80,196,26,3,0,0,0,0,0,0,0,0,0,0,0,0,0,0,1,0,0,24,431,673,
22,QUERETARO,012,Tequisquiapan ,0220,01,C,00,NO URBANA,46,32,1,15,99,164,21,2,0,0,0,0,0,0,0,0,0,0,0,0,0,0,0,0,0,42,422,673,
22,QUERETARO,012,Tequisquiapan ,0220,02,C,00,NO URBANA,50,30,0,16,93,185,18,4,0,0,0,0,0,0,0,0,0,0,0,0,0,0,2,0,0,26,424,672,
22,QUERETARO,012,Tequisquiapan ,0221,01,B,00,URBANA,45,26,1,8,76,129,23,3,0,0,0,0,0,0,0,0,0,0,0,0,0,0,1,0,0,23,335,602,
22,QUERETARO,012,Tequisquiapan ,0221,01,C,00,URBANA,41,24,3,11,81,132,23,4,0,0,0,0,0,0,0,0,0,0,0,0,0,0,0,0,0,14,333,602,
22,QUERETARO,012,Tequisquiapan ,0221,02,C,00,URBANA,43,33,1,8,77,112,26,7,0,0,0,0,0,0,0,0,0,0,0,0,0,0,0,0,0,18,325,601,
22,QUERETARO,012,Tequisquiapan ,0221,03,C,00,URBANA,46,26,1,16,62,128,23,3,0,0,0,0,0,0,0,0,0,0,0,0,0,0,0,0,0,16,321,601,
22,QUERETARO,012,Tequisquiapan ,0222,01,B,00,NO URBANA,74,116,7,33,15,134,29,4,0,0,0,0,0,0,0,0,0,0,0,0,0,0,0,0,0,15,427,648,
22,QUERETARO,012,Tequisquiapan ,0222,01,C,00,NO URBANA,100,57,5,27,25,164,9,0,0,0,0,0,0,0,0,0,0,0,0,0,0,0,0,0,0,18,405,648,
22,QUERETARO,012,Tequisquiapan ,0222,02,C,00,NO URBANA,73,44,7,17,20,147,10,4,0,0,0,0,0,0,0,0,0,0,0,0,0,0,0,0,0,27,349,648,
22,QUERETARO,012,Tequisquiapan ,0222,03,C,00,NO URBANA,91,52,3,29,25,137,16,0,0,0,0,0,0,0,0,0,0,0,0,0,0,0,4,0,0,20,377,648,
22,QUERETARO,012,Tequisquiapan ,0222,04,C,00,NO URBANA,93,64,4,24,13,144,12,7,0,0,0,0,0,0,0,0,0,0,0,0,0,0,4,0,0,21,386,647,
22,QUERETARO,012,Tequisquiapan ,0223,01,B,00,NO URBANA,69,43,1,34,55,140,29,7,0,0,0,0,0,0,0,0,0,0,0,0,0,0,0,0,1,20,399,568,
22,QUERETARO,012,Tequisquiapan ,0223,01,C,00,NO URBANA,61,73,4,21,55,143,31,3,0,0,0,0,0,0,0,0,0,0,0,0,0,0,0,0,0,14,405,568,
22,QUERETARO,012,Tequisquiapan ,0223,02,C,00,NO URBANA,71,33,4,27,48,147,27,3,0,0,0,0,0,0,0,0,0,0,0,0,0,0,0,0,0,11,371,568,
22,QUERETARO,012,Tequisquiapan ,0223,03,C,00,NO URBANA,69,44,8,30,37,171,20,8,0,0,0,0,0,0,0,0,0,0,0,0,0,0,0,0,0,13,400,568,
22,QUERETARO,012,Tequisquiapan ,0224,01,B,00,NO URBANA,94,21,4,13,31,183,36,3,0,0,0,0,0,0,0,0,0,0,0,0,0,0,0,0,0,27,412,579,
22,QUERETARO,012,Tequisquiapan ,0224,01,C,00,NO URBANA,87,26,9,9,37,176,42,4,0,0,0,0,0,0,0,0,0,0,0,0,0,0,2,0,0,14,406,578,
22,QUERETARO,012,Tequisquiapan ,0224,02,C,00,NO URBANA,139,32,5,22,25,181,37,1,0,0,0,0,0,0,0,0,0,0,0,0,0,0,0,0,0,19,461,578,
22,QUERETARO,012,Tequisquiapan ,0224,03,C,00,NO URBANA,100,35,5,14,30,201,29,3,0,0,0,0,0,0,0,0,0,0,0,0,0,0,3,0,0,17,437,578,
22,QUERETARO,012,Tequisquiapan ,0225,01,B,00,URBANA,122,74,7,14,39,151,31,7,0,0,0,0,0,0,0,0,0,0,0,0,0,0,0,0,0,21,466,588,
22,QUERETARO,012,Tequisquiapan ,0225,01,C,00,URBANA,155,58,5,15,27,126,27,7,0,0,0,0,0,0,0,0,0,0,0,0,0,0,5,0,0,24,449,587,
22,QUERETARO,012,Tequisquiapan ,0225,02,C,00,URBANA,161,44,7,17,26,130,40,6,0,0,0,0,0,0,0,0,0,0,0,0,0,0,2,0,1,18,452,587,
22,QUERETARO,012,Tequisquiapan ,0226,01,B,00,URBANA,73,78,8,22,38,145,13,2,0,0,0,0,0,0,0,0,0,0,0,0,0,0,0,0,0,23,402,713,
22,QUERETARO,012,Tequisquiapan ,0226,01,C,00,URBANA,89,54,3,18,43,144,12,6,0,0,0,0,0,0,0,0,0,0,0,0,0,0,0,0,0,25,394,713,
22,QUERETARO,012,Tequisquiapan ,0226,02,C,00,URBANA,85,81,4,14,35,141,14,2,0,0,0,0,0,0,0,0,0,0,0,0,0,0,0,0,0,27,403,712,
22,QUERETARO,012,Tequisquiapan ,0226,03,C,00,URBANA,79,66,1,24,37,208,8,2,0,0,0,0,0,0,0,0,0,0,0,0,0,0,2,0,0,25,452,712,
22,QUERETARO,012,Tequisquiapan ,0227,01,B,00,NO URBANA,76,53,4,23,33,168,17,16,0,0,0,0,0,0,0,0,0,0,0,0,0,0,1,0,0,21,412,659,
22,QUERETARO,012,Tequisquiapan ,0227,01,C,00,NO URBANA,49,48,7,16,56,156,19,22,0,0,0,0,0,0,0,0,0,0,0,0,0,0,2,0,0,14,389,659,
22,QUERETARO,012,Tequisquiapan ,0227,02,C,00,NO URBANA,48,34,1,16,47,160,18,24,0,0,0,0,0,0,0,0,0,0,0,0,0,0,0,0,0,23,371,659,
22,QUERETARO,012,Tequisquiapan ,0227,03,C,00,NO URBANA,53,42,3,16,50,177,11,18,0,0,0,0,0,0,0,0,0,0,0,0,0,0,0,0,0,22,392,659,
22,QUERETARO,012,Tequisquiapan ,0228,01,B,00,URBANA,62,42,9,12,27,161,14,12,0,0,0,0,0,0,0,0,0,0,0,0,0,0,0,0,0,22,361,680,
22,QUERETARO,012,Tequisquiapan ,0228,01,C,00,URBANA,44,50,2,12,22,168,12,16,0,0,0,0,0,0,0,0,0,0,0,0,0,0,0,0,0,18,344,680,
22,QUERETARO,012,Tequisquiapan ,0228,02,C,00,URBANA,56,31,3,16,22,168,14,22,0,0,0,0,0,0,0,0,0,0,0,0,0,0,0,0,0,17,349,680,
22,QUERETARO,012,Tequisquiapan ,0228,03,C,00,URBANA,64,48,3,14,27,166,17,11,0,0,0,0,0,0,0,0,0,0,0,0,0,0,0,0,0,26,376,680,
22,QUERETARO,012,Tequisquiapan ,0228,04,C,00,URBANA,61,44,5,24,33,149,16,14,0,0,0,0,0,0,0,0,0,0,0,0,0,0,0,0,21,0,367,680,
22,QUERETARO,012,Tequisquiapan ,0229,01,B,00,NO URBANA,72,51,8,19,37,153,23,4,0,0,0,0,0,0,0,0,0,0,0,0,0,0,0,0,0,17,384,695,
22,QUERETARO,012,Tequisquiapan ,0229,01,C,00,NO URBANA,38,56,1,15,41,228,19,5,0,0,0,0,0,0,0,0,0,0,0,0,0,0,0,0,0,28,431,694,
22,QUERETARO,012,Tequisquiapan ,0230,01,B,00,NO URBANA,107,51,3,13,30,183,20,5,0,0,0,0,0,0,0,0,0,0,0,0,0,0,2,0,0,28,442,708,
22,QUERETARO,012,Tequisquiapan ,0230,01,C,00,NO URBANA,117,46,3,14,36,170,28,10,0,0,0,0,0,0,0,0,0,0,0,0,0,0,0,0,0,17,441,708,
22,QUERETARO,012,Tequisquiapan ,0230,02,C,00,NO URBANA,80,41,2,22,49,170,23,6,0,0,0,0,0,0,0,0,0,0,0,0,0,0,1,0,0,28,422,708,
22,QUERETARO,012,Tequisquiapan ,0230,03,C,00,NO URBANA,99,54,0,14,37,170,18,3,0,0,0,0,0,0,0,0,0,0,0,0,0,0,2,0,0,21,418,708,
22,QUERETARO,012,Tequisquiapan ,0230,04,C,00,NO URBANA,97,57,7,24,42,161,22,6,0,0,0,0,0,0,0,0,0,0,0,0,0,0,0,0,0,24,440,708,
22,QUERETARO,012,Tequisquiapan ,0230,01,E,00,NO URBANA,50,27,1,10,62,50,9,0,0,0,0,0,0,0,0,0,0,0,0,0,0,0,0,0,0,6,215,300,
22,QUERETARO,012,Tequisquiapan ,0230,02,E,00,NO URBANA,51,50,3,22,25,180,13,3,0,0,0,0,0,0,0,0,0,0,0,0,0,0,0,0,0,17,364,541,
22,QUERETARO,012,Tequisquiapan ,0231,01,B,00,NO URBANA,64,50,2,43,31,219,16,7,0,0,0,0,0,0,0,0,0,0,0,0,0,0,1,0,0,26,459,722,
22,QUERETARO,012,Tequisquiapan ,0231,01,C,00,NO URBANA,49,45,1,40,25,232,13,6,0,0,0,0,0,0,0,0,0,0,0,0,0,0,0,0,0,30,441,721,
22,QUERETARO,012,Tequisquiapan ,0231,02,C,00,NO URBANA,62,49,3,55,39,228,15,5,0,0,0,0,0,0,0,0,0,0,0,0,0,0,0,0,0,25,481,721,
22,QUERETARO,012,Tequisquiapan ,0231,01,E,00,NO URBANA,34,40,5,12,26,60,6,3,0,0,0,0,0,0,0,0,0,0,0,0,0,0,0,0,0,14,200,428,
22,QUERETARO,012,Tequisquiapan ,0231,02,E,00,NO URBANA,52,46,4,13,44,36,6,1,0,0,0,0,0,0,0,0,0,0,0,0,0,0,0,0,0,13,215,349,
22,QUERETARO,012,Tequisquiapan ,0232,01,B,00,NO URBANA,50,64,5,33,26,187,21,4,0,0,0,0,0,0,0,0,0,0,0,0,0,0,0,0,0,27,417,687,
22,QUERETARO,012,Tequisquiapan ,0233,01,B,00,URBANA,144,50,5,22,32,160,21,2,0,0,0,0,0,0,0,0,0,0,0,0,0,0,1,0,0,15,452,672,
22,QUERETARO,012,Tequisquiapan ,0233,01,C,00,URBANA,94,24,2,22,41,177,31,3,0,0,0,0,0,0,0,0,0,0,0,0,0,0,3,0,0,17,414,671,
22,QUERETARO,012,Tequisquiapan ,0233,02,C,00,URBANA,161,43,2,17,40,146,23,8,0,0,0,0,0,0,0,0,0,0,0,0,0,0,1,0,2,19,462,671,
22,QUERETARO,012,Tequisquiapan ,0233,03,C,00,URBANA,128,48,2,15,45,151,27,6,0,0,0,0,0,0,0,0,0,0,0,0,0,0,0,0,0,30,452,671,
22,QUERETARO,012,Tequisquiapan ,0233,04,C,00,URBANA,115,52,5,25,40,138,26,3,0,0,0,0,0,0,0,0,0,0,0,0,0,0,2,0,0,17,423,671,
22,QUERETARO,012,Tequisquiapan ,0908,01,B,00,URBANA,72,69,6,43,13,159,25,3,0,0,0,0,0,0,0,0,0,0,0,0,0,0,1,0,0,27,418,711,
22,QUERETARO,012,Tequisquiapan ,0908,01,C,00,URBANA,103,48,6,13,7,167,36,1,0,0,0,0,0,0,0,0,0,0,0,0,0,0,3,0,0,18,402,711,
22,QUERETARO,012,Tequisquiapan ,0909,01,B,00,URBANA,79,69,4,13,15,107,24,1,0,0,0,0,0,0,0,0,0,0,0,0,0,0,0,0,0,12,324,614,
22,QUERETARO,012,Tequisquiapan ,0909,01,C,00,URBANA,76,42,6,18,19,114,33,1,0,0,0,0,0,0,0,0,0,0,0,0,0,0,2,0,0,23,334,613,
22,QUERETARO,012,Tequisquiapan ,0909,02,C,00,URBANA,69,52,4,21,28,105,39,5,0,0,0,0,0,0,0,0,0,0,0,0,0,0,3,0,0,8,334,613,
22,QUERETARO,012,Tequisquiapan ,0909,01,S,00,URBANA,49,19,1,6,5,64,5,4,0,0,0,0,0,0,0,0,0,0,0,0,0,0,2,0,0,4,159,0,
22,QUERETARO,012,Tequisquiapan ,0909,02,S,00,URBANA,23,6,0,4,1,23,2,0,0,0,0,0,0,0,0,0,0,0,0,0,0,0,0,0,0,1,60,0,
22,QUERETARO,012,Tequisquiapan ,0909,01,S,00,URBANA,44,14,1,5,5,54,2,2,0,0,0,0,0,0,0,0,0,0,0,0,0,0,0,0,0,3,130,0,
22,QUERETARO,012,Tequisquiapan ,0909,02,S,00,URBANA,2,0,0,0,0,1,1,0,0,0,0,0,0,0,0,0,0,0,0,0,0,0,0,0,0,0,4,0,
22,QUERETARO,012,Tequisquiapan ,0644,01,B,00,URBANA,210,20,4,9,11,24,6,5,0,0,0,0,0,0,0,0,0,0,0,0,0,0,0,0,0,8,297,386,
22,QUERETARO,012,Tequisquiapan ,0644,01,C,00,URBANA,225,16,6,15,8,27,2,4,0,0,0,0,0,0,0,0,0,0,0,0,0,0,2,0,0,14,319,385,
22,QUERETARO,012,Tequisquiapan ,0645,01,B,00,URBANA,120,47,8,27,75,105,24,6,0,0,0,0,0,0,0,0,0,0,0,0,0,0,6,0,0,31,449,629,
22,QUERETARO,012,Tequisquiapan ,0645,01,C,00,URBANA,109,49,4,32,78,113,25,4,0,0,0,0,0,0,0,0,0,0,0,0,0,0,6,0,1,26,447,629,
22,QUERETARO,012,Tequisquiapan ,0645,02,C,00,URBANA,121,47,6,28,84,133,21,4,0,0,0,0,0,0,0,0,0,0,0,0,0,0,7,0,1,10,462,628,
22,QUERETARO,012,Tequisquiapan ,0646,01,B,00,URBANA,94,35,12,28,120,150,37,14,0,0,0,0,0,0,0,0,0,0,0,0,0,0,6,0,0,21,517,732,
22,QUERETARO,012,Tequisquiapan ,0646,01,C,00,URBANA,103,38,6,31,147,157,33,9,0,0,0,0,0,0,0,0,0,0,0,0,0,0,5,0,0,27,556,732,
22,QUERETARO,012,Tequisquiapan ,0646,02,C,00,URBANA,107,49,7,37,133,148,35,13,0,0,0,0,0,0,0,0,0,0,0,0,0,0,4,0,0,25,558,732,
22,QUERETARO,012,Tequisquiapan ,0647,01,B,00,NO URBANA,83,43,3,41,95,138,14,6,0,0,0,0,0,0,0,0,0,0,0,0,0,0,8,0,0,20,451,644,
22,QUERETARO,012,Tequisquiapan ,0647,01,C,00,NO URBANA,76,40,4,31,119,134,15,4,0,0,0,0,0,0,0,0,0,0,0,0,0,0,4,0,0,28,455,644,
22,QUERETARO,012,Tequisquiapan ,0647,02,C,00,NO URBANA,76,32,3,34,106,129,20,10,0,0,0,0,0,0,0,0,0,0,0,0,0,0,5,0,0,20,435,643,
22,QUERETARO,012,Tequisquiapan ,0647,03,C,00,NO URBANA,73,40,6,38,101,130,18,8,0,0,0,0,0,0,0,0,0,0,0,0,0,0,2,0,2,25,443,643,
22,QUERETARO,012,Tequisquiapan ,0648,01,B,00,URBANA,59,31,5,30,94,154,18,6,0,0,0,0,0,0,0,0,0,0,0,0,0,0,2,0,2,25,426,622,
22,QUERETARO,012,Tequisquiapan ,0648,01,C,00,URBANA,94,61,10,22,80,128,15,7,0,0,0,0,0,0,0,0,0,0,0,0,0,0,4,0,0,18,439,622,
22,QUERETARO,012,Tequisquiapan ,0648,02,C,00,URBANA,66,46,4,25,82,143,24,11,0,0,0,0,0,0,0,0,0,0,0,0,0,0,4,0,1,21,427,622,
22,QUERETARO,012,Tequisquiapan ,0648,03,C,00,URBANA,85,48,1,27,80,134,15,11,0,0,0,0,0,0,0,0,0,0,0,0,0,0,8,0,0,27,436,622,
22,QUERETARO,012,Tequisquiapan ,0648,04,C,00,URBANA,63,41,7,29,91,161,14,11,0,0,0,0,0,0,0,0,0,0,0,0,0,0,6,0,0,28,451,621,
22,QUERETARO,012,Tequisquiapan ,0649,01,B,00,URBANA,91,60,7,27,65,131,21,11,0,0,0,0,0,0,0,0,0,0,0,0,0,0,5,0,0,20,438,638,
22,QUERETARO,012,Tequisquiapan ,0649,01,C,00,URBANA,87,71,4,36,84,160,22,6,0,0,0,0,0,0,0,0,0,0,0,0,0,0,3,0,0,19,492,637,
22,QUERETARO,012,Tequisquiapan ,0650,01,B,00,URBANA,82,73,12,39,88,150,44,6,0,0,0,0,0,0,0,0,0,0,0,0,0,0,5,0,0,19,518,720,
22,QUERETARO,012,Tequisquiapan ,0650,01,C,00,URBANA,109,92,6,49,84,145,25,10,0,0,0,0,0,0,0,0,0,0,0,0,0,0,3,0,0,22,545,719,
22,QUERETARO,012,Tequisquiapan ,0651,01,B,00,URBANA,114,54,1,22,75,121,17,11,0,0,0,0,0,0,0,0,0,0,0,0,0,0,5,0,0,27,447,644,
22,QUERETARO,012,Tequisquiapan ,0651,01,C,00,URBANA,119,51,6,40,80,130,19,9,0,0,0,0,0,0,0,0,0,0,0,0,0,0,5,0,0,18,477,643,
22,QUERETARO,012,Tequisquiapan ,0652,01,B,00,URBANA,138,35,4,10,33,47,5,7,0,0,0,0,0,0,0,0,0,0,0,0,0,0,6,0,0,14,299,393,
22,QUERETARO,012,Tequisquiapan ,0653,01,B,00,URBANA,93,33,5,31,67,107,16,10,0,0,0,0,0,0,0,0,0,0,0,0,0,0,5,0,0,14,381,554,
22,QUERETARO,012,Tequisquiapan ,0653,01,C,00,URBANA,86,40,8,23,69,105,13,6,0,0,0,0,0,0,0,0,0,0,0,0,0,0,2,0,0,27,379,554,
22,QUERETARO,012,Tequisquiapan ,0653,02,C,00,URBANA,105,37,7,24,82,102,9,8,0,0,0,0,0,0,0,0,0,0,0,0,0,0,6,0,0,16,396,553,
22,QUERETARO,012,Tequisquiapan ,0654,01,B,00,NO URBANA,119,56,4,37,114,155,23,8,0,0,0,0,0,0,0,0,0,0,0,0,0,0,8,0,2,15,541,749,
22,QUERETARO,012,Tequisquiapan ,0654,01,C,00,NO URBANA,123,46,6,37,117,139,17,16,0,0,0,0,0,0,0,0,0,0,0,0,0,0,4,0,0,20,525,748,
22,QUERETARO,012,Tequisquiapan ,0655,01,B,00,URBANA,141,63,6,34,90,125,17,0,0,0,0,0,0,0,0,0,0,0,0,0,0,0,7,0,0,27,510,731,
22,QUERETARO,012,Tequisquiapan ,0656,01,B,00,URBANA,111,81,7,40,77,129,26,12,0,0,0,0,0,0,0,0,0,0,0,0,0,0,4,0,0,26,513,749,
22,QUERETARO,012,Tequisquiapan ,0656,01,C,00,URBANA,132,84,3,38,54,143,22,15,0,0,0,0,0,0,0,0,0,0,0,0,0,0,10,0,0,21,522,749,
22,QUERETARO,012,Tequisquiapan ,0656,02,C,00,URBANA,144,73,5,48,70,136,28,10,0,0,0,0,0,0,0,0,0,0,0,0,0,0,3,0,0,26,543,748,
22,QUERETARO,012,Tequisquiapan ,0656,01,S,00,URBANA,6,1,0,0,1,5,1,0,0,0,0,0,0,0,0,0,0,0,0,0,0,0,0,0,0,2,16,0,
22,QUERETARO,012,Tequisquiapan ,0656,02,S,00,URBANA,84,17,3,11,13,57,8,3,0,0,0,0,0,0,0,0,0,0,0,0,0,0,8,0,1,12,217,0,
22,QUERETARO,012,Tequisquiapan ,0656,01,S,00,URBANA,82,10,0,16,19,59,10,6,0,0,0,0,0,0,0,0,0,0,0,0,0,0,0,0,0,5,207,0,
22,QUERETARO,012,Tequisquiapan ,0656,02,S,00,URBANA,68,11,3,9,7,50,5,3,0,0,0,0,0,0,0,0,0,0,0,0,0,0,0,0,8,0,164,0,
22,QUERETARO,012,Tequisquiapan ,0657,01,B,00,URBANA,119,37,5,26,93,187,20,5,0,0,0,0,0,0,0,0,0,0,0,0,0,0,4,0,0,18,514,736,
22,QUERETARO,012,Tequisquiapan ,0657,01,C,00,URBANA,123,60,5,18,99,171,22,12,0,0,0,0,0,0,0,0,0,0,0,0,0,0,0,0,0,23,533,735,
22,QUERETARO,012,Tequisquiapan ,0658,01,B,00,URBANA,66,30,7,31,93,116,19,7,0,0,0,0,0,0,0,0,0,0,0,0,0,0,0,0,0,24,393,577,
22,QUERETARO,012,Tequisquiapan ,0658,01,C,00,URBANA,72,34,4,21,125,104,20,5,0,0,0,0,0,0,0,0,0,0,0,0,0,0,4,0,0,19,408,576,
22,QUERETARO,012,Tequisquiapan ,0658,02,C,00,URBANA,73,34,3,26,113,104,19,12,0,0,0,0,0,0,0,0,0,0,0,0,0,0,2,0,0,18,404,576,
22,QUERETARO,012,Tequisquiapan ,0658,03,C,00,URBANA,71,39,6,20,111,112,25,10,0,0,0,0,0,0,0,0,0,0,0,0,0,0,4,0,0,25,423,576,
22,QUERETARO,012,Tequisquiapan ,0659,01,B,00,NO URBANA,88,39,9,31,118,158,23,10,0,0,0,0,0,0,0,0,0,0,0,0,0,0,4,0,2,11,493,706,
22,QUERETARO,012,Tequisquiapan ,0659,01,C,00,NO URBANA,84,42,7,31,112,179,20,6,0,0,0,0,0,0,0,0,0,0,0,0,0,0,4,0,0,18,503,705,
22,QUERETARO,012,Tequisquiapan ,0659,02,C,00,NO URBANA,85,28,5,29,87,171,20,8,0,0,0,0,0,0,0,0,0,0,0,0,0,0,2,0,0,24,459,705,
22,QUERETARO,012,Tequisquiapan ,0659,03,C,00,NO URBANA,87,28,5,23,124,160,23,13,0,0,0,0,0,0,0,0,0,0,0,0,0,0,2,0,0,32,497,705,
22,QUERETARO,012,Tequisquiapan ,0659,04,C,00,NO URBANA,85,34,3,34,106,161,23,7,0,0,0,0,0,0,0,0,0,0,0,0,0,0,1,0,0,27,481,705,
22,QUERETARO,012,Tequisquiapan ,0659,01,E,00,NO URBANA,48,11,3,20,112,128,2,2,0,0,0,0,0,0,0,0,0,0,0,0,0,0,1,0,0,15,342,495,
22,QUERETARO,012,Tequisquiapan ,0660,01,B,00,NO URBANA,51,34,5,38,111,116,13,6,0,0,0,0,0,0,0,0,0,0,0,0,0,0,4,0,0,25,403,583,
22,QUERETARO,012,Tequisquiapan ,0660,01,C,00,NO URBANA,62,34,6,37,109,101,18,9,0,0,0,0,0,0,0,0,0,0,0,0,0,0,2,0,0,26,404,583,
22,QUERETARO,012,Tequisquiapan ,0660,02,C,00,NO URBANA,51,40,10,59,96,95,7,9,0,0,0,0,0,0,0,0,0,0,0,0,0,0,4,0,0,30,401,583,
22,QUERETARO,012,Tequisquiapan ,0660,03,C,00,NO URBANA,58,26,9,52,105,99,14,3,0,0,0,0,0,0,0,0,0,0,0,0,0,0,1,0,0,29,396,582,
22,QUERETARO,012,Tequisquiapan ,0661,01,B,00,URBANA,90,28,3,21,76,140,22,3,0,0,0,0,0,0,0,0,0,0,0,0,0,0,5,0,0,44,432,630,
22,QUERETARO,012,Tequisquiapan ,0661,01,C,00,URBANA,77,19,9,25,97,117,13,2,0,0,0,0,0,0,0,0,0,0,0,0,0,0,5,0,0,18,382,630,
22,QUERETARO,012,Tequisquiapan ,0661,02,C,00,URBANA,98,28,9,16,97,121,12,5,0,0,0,0,0,0,0,0,0,0,0,0,0,0,0,0,0,27,413,630,
22,QUERETARO,012,Tequisquiapan ,0662,01,B,00,NO URBANA,79,41,7,26,118,122,20,7,0,0,0,0,0,0,0,0,0,0,0,0,0,0,5,0,0,24,449,651,
22,QUERETARO,012,Tequisquiapan ,0662,01,C,00,NO URBANA,114,43,7,23,115,89,17,4,0,0,0,0,0,0,0,0,0,0,0,0,0,0,3,0,0,22,437,651,
22,QUERETARO,012,Tequisquiapan ,0663,01,B,00,NO URBANA,64,24,7,26,135,85,15,5,0,0,0,0,0,0,0,0,0,0,0,0,0,0,1,0,0,31,393,552,
22,QUERETARO,012,Tequisquiapan ,0663,01,C,00,NO URBANA,71,22,4,36,134,68,19,2,0,0,0,0,0,0,0,0,0,0,0,0,0,0,1,0,0,24,381,552,
22,QUERETARO,012,Tequisquiapan ,0664,01,B,00,NO URBANA,150,24,3,23,45,57,10,3,0,0,0,0,0,0,0,0,0,0,0,0,0,0,2,0,0,11,328,443,
22,QUERETARO,012,Tequisquiapan ,0664,01,C,00,NO URBANA,143,123,3,17,48,56,9,5,0,0,0,0,0,0,0,0,0,0,0,0,0,0,1,0,0,13,418,442,
22,QUERETARO,012,Tequisquiapan ,0665,01,B,00,NO URBANA,159,19,2,24,78,123,17,8,0,0,0,0,0,0,0,0,0,0,0,0,0,0,10,0,0,23,463,667,
22,QUERETARO,012,Tequisquiapan ,0665,01,C,00,NO URBANA,155,30,13,32,146,87,17,4,0,0,0,0,0,0,0,0,0,0,0,0,0,0,4,0,0,21,509,667,
22,QUERETARO,012,Tequisquiapan ,0665,02,C,00,NO URBANA,163,30,5,19,114,107,21,5,0,0,0,0,0,0,0,0,0,0,0,0,0,0,2,0,0,14,480,667,
22,QUERETARO,012,Tequisquiapan ,0665,03,C,00,NO URBANA,141,35,6,20,112,95,20,4,0,0,0,0,0,0,0,0,0,0,0,0,0,0,2,0,0,26,461,666,
22,QUERETARO,012,Tequisquiapan ,0666,01,B,00,NO URBANA,57,20,5,29,50,205,14,3,0,0,0,0,0,0,0,0,0,0,0,0,0,0,2,0,0,29,414,659,
22,QUERETARO,012,Tequisquiapan ,0666,01,C,00,NO URBANA,50,19,6,30,39,140,19,1,0,0,0,0,0,0,0,0,0,0,0,0,0,0,5,0,0,29,338,659,
22,QUERETARO,012,Tequisquiapan ,0666,02,C,00,NO URBANA,68,11,4,42,38,221,25,1,0,0,0,0,0,0,0,0,0,0,0,0,0,0,2,0,1,34,447,659,
22,QUERETARO,012,Tequisquiapan ,0666,01,E,00,NO URBANA,52,23,7,20,46,139,17,2,0,0,0,0,0,0,0,0,0,0,0,0,0,0,2,0,0,23,331,518,
22,QUERETARO,012,Tequisquiapan ,0666,01,E,00,NO URBANA,50,19,6,29,42,141,20,1,0,0,0,0,0,0,0,0,0,0,0,0,0,0,5,0,0,25,338,517,
22,QUERETARO,012,Tequisquiapan ,0667,01,B,00,URBANA,74,39,5,28,70,177,20,3,0,0,0,0,0,0,0,0,0,0,0,0,0,0,2,0,0,18,436,717,
22,QUERETARO,012,Tequisquiapan ,0667,01,C,00,URBANA,87,39,9,26,52,157,20,5,0,0,0,0,0,0,0,0,0,0,0,0,0,0,3,0,0,22,420,717,
22,QUERETARO,012,Tequisquiapan ,0667,02,C,00,URBANA,71,34,12,46,57,178,17,5,0,0,0,0,0,0,0,0,0,0,0,0,0,0,5,0,1,33,459,716,
22,QUERETARO,012,Tequisquiapan ,0667,03,C,00,URBANA,64,52,9,27,72,158,20,5,0,0,0,0,0,0,0,0,0,0,0,0,0,0,3,0,0,26,436,716,
22,QUERETARO,012,Tequisquiapan ,0668,01,B,00,NO URBANA,107,25,13,30,125,93,21,4,0,0,0,0,0,0,0,0,0,0,0,0,0,0,5,0,0,31,454,699,
22,QUERETARO,012,Tequisquiapan ,0668,01,C,00,NO URBANA,86,31,5,25,158,114,22,8,0,0,0,0,0,0,0,0,0,0,0,0,0,0,5,0,0,25,479,698,
22,QUERETARO,012,Tequisquiapan ,0668,02,C,00,NO URBANA,103,20,5,31,149,99,20,7,0,0,0,0,0,0,0,0,0,0,0,0,0,0,3,0,0,0,437,698,
22,QUERETARO,012,Tequisquiapan ,0668,03,C,00,NO URBANA,125,14,6,51,132,94,20,9,0,0,0,0,0,0,0,0,0,0,0,0,0,0,5,0,0,23,479,698,
22,QUERETARO,012,Tequisquiapan ,0669,01,B,00,NO URBANA,75,21,1,12,144,89,22,4,0,0,0,0,0,0,0,0,0,0,0,0,0,0,6,0,0,31,405,583,
22,QUERETARO,012,Tequisquiapan ,0669,01,C,00,NO URBANA,83,27,6,22,131,104,20,7,0,0,0,0,0,0,0,0,0,0,0,0,0,0,0,0,0,19,419,582,
22,QUERETARO,012,Tequisquiapan ,0669,02,C,00,NO URBANA,80,37,6,21,129,104,28,3,0,0,0,0,0,0,0,0,0,0,0,0,0,0,3,0,0,17,428,582,
22,QUERETARO,012,Tequisquiapan ,0670,01,B,00,NO URBANA,92,22,4,28,98,107,18,6,0,0,0,0,0,0,0,0,0,0,0,0,0,0,2,0,0,25,402,566,
22,QUERETARO,012,Tequisquiapan ,0670,01,C,00,NO URBANA,92,23,12,27,83,120,22,6,0,0,0,0,0,0,0,0,0,0,0,0,0,0,2,0,0,13,400,566,
22,QUERETARO,012,Tequisquiapan ,0670,02,C,00,NO URBANA,105,31,8,27,63,126,16,5,0,0,0,0,0,0,0,0,0,0,0,0,0,0,3,0,0,26,410,565,
22,QUERETARO,012,Tequisquiapan ,0671,01,B,00,NO URBANA,74,12,8,12,139,129,15,5,0,0,0,0,0,0,0,0,0,0,0,0,0,0,2,0,0,26,422,647,
22,QUERETARO,012,Tequisquiapan ,0671,01,C,00,NO URBANA,73,8,3,11,138,132,13,7,0,0,0,0,0,0,0,0,0,0,0,0,0,0,1,0,0,35,421,647,
22,QUERETARO,012,Tequisquiapan ,0671,02,C,00,NO URBANA,71,10,6,14,172,93,11,7,0,0,0,0,0,0,0,0,0,0,0,0,0,0,4,0,0,29,417,647,
22,QUERETARO,012,Tequisquiapan ,0671,03,C,00,NO URBANA,73,16,9,14,170,127,15,1,0,0,0,0,0,0,0,0,0,0,0,0,0,0,6,0,0,18,449,647,
22,QUERETARO,012,Tequisquiapan ,0672,01,B,00,NO URBANA,107,23,9,28,66,169,17,5,0,0,0,0,0,0,0,0,0,0,0,0,0,0,5,0,0,30,459,676,
22,QUERETARO,012,Tequisquiapan ,0672,01,C,00,NO URBANA,95,22,9,36,62,190,15,9,0,0,0,0,0,0,0,0,0,0,0,0,0,0,3,0,2,24,467,676,
22,QUERETARO,012,Tequisquiapan ,0672,02,C,00,NO URBANA,93,25,11,31,46,159,27,9,0,0,0,0,0,0,0,0,0,0,0,0,0,0,9,0,0,15,425,675,
22,QUERETARO,012,Tequisquiapan ,0672,01,E,00,NO URBANA,105,31,10,22,76,134,14,11,0,0,0,0,0,0,0,0,0,0,0,0,0,0,4,0,0,25,432,685,
22,QUERETARO,012,Tequisquiapan ,0673,01,B,00,NO URBANA,77,16,5,20,40,197,21,8,0,0,0,0,0,0,0,0,0,0,0,0,0,0,3,0,0,28,415,619,
22,QUERETARO,012,Tequisquiapan ,0673,01,C,00,NO URBANA,89,20,2,19,54,173,9,5,0,0,0,0,0,0,0,0,0,0,0,0,0,0,4,0,0,18,393,619,
22,QUERETARO,012,Tequisquiapan ,0673,02,C,00,NO URBANA,69,9,2,27,51,197,16,3,0,0,0,0,0,0,0,0,0,0,0,0,0,0,3,0,0,25,402,618,
22,QUERETARO,012,Tequisquiapan ,0673,03,C,00,NO URBANA,75,23,10,28,62,150,15,5,0,0,0,0,0,0,0,0,0,0,0,0,0,0,3,0,0,28,399,618,
22,QUERETARO,012,Tequisquiapan ,0673,04,C,00,NO URBANA,84,22,6,22,42,150,28,10,0,0,0,0,0,0,0,0,0,0,0,0,0,0,7,0,0,18,389,618,
22,QUERETARO,013,El Marques ,0211,01,A,00,URBANA,1,0,0,0,0,3,0,0,0,0,0,0,0,0,0,0,0,0,0,0,0,0,0,0,0,0,4,6,
22,QUERETARO,013,El Marques ,0182,01,B,00,URBANA,181,25,6,22,14,168,11,5,0,0,0,0,0,0,0,0,0,0,0,0,0,0,1,0,0,20,453,634,
22,QUERETARO,013,El Marques ,0182,01,C,00,URBANA,145,31,5,18,20,194,15,10,0,0,0,0,0,0,0,0,0,0,0,0,0,0,3,0,0,30,471,634,
22,QUERETARO,013,El Marques ,0182,02,C,00,URBANA,163,30,6,9,10,231,12,4,0,0,0,0,0,0,0,0,0,0,0,0,0,0,0,0,0,24,489,634,
22,QUERETARO,013,El Marques ,0182,03,C,00,URBANA,163,29,2,20,7,183,14,7,0,0,0,0,0,0,0,0,0,0,0,0,0,0,0,0,0,17,442,634,
22,QUERETARO,013,El Marques ,0182,04,C,00,URBANA,141,34,7,20,8,201,9,6,0,0,0,0,0,0,0,0,0,0,0,0,0,0,5,0,0,20,451,634,
22,QUERETARO,013,El Marques ,0183,01,B,00,URBANA,159,30,1,14,17,209,18,8,0,0,0,0,0,0,0,0,0,0,0,0,0,0,2,0,0,18,476,702,
22,QUERETARO,013,El Marques ,0183,01,C,00,URBANA,186,24,3,21,14,235,22,7,0,0,0,0,0,0,0,0,0,0,0,0,0,0,0,0,1,25,538,701,
22,QUERETARO,013,El Marques ,0183,02,C,00,URBANA,195,24,4,18,12,245,15,6,0,0,0,0,0,0,0,0,0,0,0,0,0,0,2,0,0,24,545,701,
22,QUERETARO,013,El Marques ,0183,03,C,00,URBANA,188,27,3,28,16,221,26,14,0,0,0,0,0,0,0,0,0,0,0,0,0,0,2,0,0,25,550,701,
22,QUERETARO,013,El Marques ,0184,01,B,00,NO URBANA,251,14,4,13,8,129,9,5,0,0,0,0,0,0,0,0,0,0,0,0,0,0,4,0,0,17,454,685,
22,QUERETARO,013,El Marques ,0184,01,C,00,NO URBANA,250,13,3,12,4,130,18,4,0,0,0,0,0,0,0,0,0,0,0,0,0,0,3,0,0,22,459,685,
22,QUERETARO,013,El Marques ,0184,02,C,00,NO URBANA,208,19,3,15,10,157,16,8,0,0,0,0,0,0,0,0,0,0,0,0,0,0,2,0,1,26,465,684,
22,QUERETARO,013,El Marques ,0184,03,C,00,NO URBANA,242,16,4,18,8,144,12,1,0,0,0,0,0,0,0,0,0,0,0,0,0,0,1,0,1,19,466,684,
22,QUERETARO,013,El Marques ,0184,04,C,00,NO URBANA,236,24,3,17,5,166,14,4,0,0,0,0,0,0,0,0,0,0,0,0,0,0,2,0,2,11,484,684,
22,QUERETARO,013,El Marques ,0184,05,C,00,NO URBANA,244,14,0,15,12,142,8,0,0,0,0,0,0,0,0,0,0,0,0,0,0,0,3,0,0,16,454,684,
22,QUERETARO,013,El Marques ,0185,01,B,00,NO URBANA,202,33,2,18,8,127,10,3,0,0,0,0,0,0,0,0,0,0,0,0,0,0,6,0,2,18,429,600,
22,QUERETARO,013,El Marques ,0185,01,C,00,NO URBANA,181,23,3,16,12,164,13,3,0,0,0,0,0,0,0,0,0,0,0,0,0,0,2,0,0,25,442,600,
22,QUERETARO,013,El Marques ,0185,02,C,00,NO URBANA,179,20,0,18,9,172,9,7,0,0,0,0,0,0,0,0,0,0,0,0,0,0,1,0,0,29,444,600,
22,QUERETARO,013,El Marques ,0185,03,C,00,NO URBANA,155,32,5,17,8,182,6,6,0,0,0,0,0,0,0,0,0,0,0,0,0,0,0,0,21,21,453,599,
22,QUERETARO,013,El Marques ,0186,01,B,00,NO URBANA,152,29,0,5,8,68,3,3,0,0,0,0,0,0,0,0,0,0,0,0,0,0,0,0,0,17,285,471,
22,QUERETARO,013,El Marques ,0186,01,C,00,NO URBANA,152,23,0,5,12,58,0,2,0,0,0,0,0,0,0,0,0,0,0,0,0,0,0,0,0,31,283,470,
22,QUERETARO,013,El Marques ,0187,01,B,00,NO URBANA,186,40,3,10,11,113,4,5,0,0,0,0,0,0,0,0,0,0,0,0,0,0,0,0,0,20,392,562,
22,QUERETARO,013,El Marques ,0187,01,C,00,NO URBANA,200,32,0,11,0,118,8,2,0,0,0,0,0,0,0,0,0,0,0,0,0,0,0,0,0,22,393,562,
22,QUERETARO,013,El Marques ,0188,01,B,00,NO URBANA,147,42,7,11,28,191,6,9,0,0,0,0,0,0,0,0,0,0,0,0,0,0,3,0,0,16,460,682,
22,QUERETARO,013,El Marques ,0188,01,C,00,NO URBANA,162,28,2,8,11,147,7,4,0,0,0,0,0,0,0,0,0,0,0,0,0,0,1,0,0,28,398,682,
22,QUERETARO,013,El Marques ,0188,02,C,00,NO URBANA,136,29,5,7,15,151,21,9,0,0,0,0,0,0,0,0,0,0,0,0,0,0,1,0,0,35,409,682,
22,QUERETARO,013,El Marques ,0188,03,C,00,NO URBANA,167,33,4,12,18,149,12,3,0,0,0,0,0,0,0,0,0,0,0,0,0,0,1,0,0,31,430,682,
22,QUERETARO,013,El Marques ,0188,04,C,00,NO URBANA,178,32,5,10,16,145,9,1,0,0,0,0,0,0,0,0,0,0,0,0,0,0,183,0,0,36,615,681,
22,QUERETARO,013,El Marques ,0188,01,E,00,NO URBANA,43,14,4,3,7,41,5,2,0,0,0,0,0,0,0,0,0,0,0,0,0,0,1,0,0,17,137,192,
22,QUERETARO,013,El Marques ,0189,01,B,00,URBANA,151,54,2,9,12,148,17,8,0,0,0,0,0,0,0,0,0,0,0,0,0,0,3,0,1,41,446,633,
22,QUERETARO,013,El Marques ,0189,01,C,00,URBANA,145,39,3,12,14,164,17,5,0,0,0,0,0,0,0,0,0,0,0,0,0,0,0,0,1,27,427,633,
22,QUERETARO,013,El Marques ,0189,02,C,00,URBANA,144,36,2,10,18,146,19,3,0,0,0,0,0,0,0,0,0,0,0,0,0,0,2,0,1,28,409,632,
22,QUERETARO,013,El Marques ,0189,03,C,00,URBANA,144,44,2,18,4,193,18,0,0,0,0,0,0,0,0,0,0,0,0,0,0,0,1,0,0,3,427,632,
22,QUERETARO,013,El Marques ,0189,04,C,00,URBANA,152,23,3,17,13,151,15,6,0,0,0,0,0,0,0,0,0,0,0,0,0,0,2,0,1,31,414,632,
22,QUERETARO,013,El Marques ,0191,01,B,00,NO URBANA,151,18,2,10,9,178,12,7,0,0,0,0,0,0,0,0,0,0,0,0,0,0,10,0,0,21,418,630,
22,QUERETARO,013,El Marques ,0191,01,C,00,NO URBANA,169,22,3,14,14,185,9,5,0,0,0,0,0,0,0,0,0,0,0,0,0,0,3,0,0,30,454,629,
22,QUERETARO,013,El Marques ,0191,02,C,00,NO URBANA,174,15,2,15,17,161,8,6,0,0,0,0,0,0,0,0,0,0,0,0,0,0,2,0,0,16,416,629,
22,QUERETARO,013,El Marques ,0191,03,C,00,NO URBANA,151,26,3,4,13,175,9,4,0,0,0,0,0,0,0,0,0,0,0,0,0,0,9,0,1,26,421,629,
22,QUERETARO,013,El Marques ,0191,04,C,00,NO URBANA,127,16,6,15,10,170,8,7,0,0,0,0,0,0,0,0,0,0,0,0,0,0,0,0,0,32,391,629,
22,QUERETARO,013,El Marques ,0191,05,C,00,NO URBANA,145,25,6,10,5,208,11,6,0,0,0,0,0,0,0,0,0,0,0,0,0,0,1,0,0,16,433,629,
22,QUERETARO,013,El Marques ,0192,01,B,00,NO URBANA,215,42,5,7,13,82,7,7,0,0,0,0,0,0,0,0,0,0,0,0,0,0,5,0,0,30,413,602,
22,QUERETARO,013,El Marques ,0192,01,C,00,NO URBANA,193,38,2,4,11,100,4,3,0,0,0,0,0,0,0,0,0,0,0,0,0,0,0,0,0,29,384,601,
22,QUERETARO,013,El Marques ,0192,02,C,00,NO URBANA,217,30,2,10,8,8,73,10,0,0,0,0,0,0,0,0,0,0,0,0,0,0,2,0,0,24,384,601,
22,QUERETARO,013,El Marques ,0192,03,C,00,NO URBANA,230,33,3,8,11,77,4,4,0,0,0,0,0,0,0,0,0,0,0,0,0,0,1,0,0,18,389,601,
22,QUERETARO,013,El Marques ,0192,01,E,00,NO URBANA,208,23,2,4,9,58,10,4,0,0,0,0,0,0,0,0,0,0,0,0,0,0,0,0,0,29,347,536,
22,QUERETARO,013,El Marques ,0192,01,E,00,NO URBANA,209,15,4,9,10,75,8,4,0,0,0,0,0,0,0,0,0,0,0,0,0,0,1,0,1,32,368,535,
22,QUERETARO,013,El Marques ,0193,01,B,00,NO URBANA,133,33,4,18,9,171,10,2,0,0,0,0,0,0,0,0,0,0,0,0,0,0,0,0,0,16,396,614,
22,QUERETARO,013,El Marques ,0193,01,C,00,NO URBANA,154,26,4,13,14,134,10,2,0,0,0,0,0,0,0,0,0,0,0,0,0,0,1,0,0,29,387,614,
22,QUERETARO,013,El Marques ,0193,02,C,00,NO URBANA,145,18,0,27,13,147,13,2,0,0,0,0,0,0,0,0,0,0,0,0,0,0,1,0,0,19,385,613,
22,QUERETARO,013,El Marques ,0194,01,B,00,NO URBANA,165,39,3,8,16,159,5,3,0,0,0,0,0,0,0,0,0,0,0,0,0,0,0,0,0,27,425,577,
22,QUERETARO,013,El Marques ,0194,01,C,00,NO URBANA,157,29,4,7,16,135,8,9,0,0,0,0,0,0,0,0,0,0,0,0,0,0,4,0,0,38,407,576,
22,QUERETARO,013,El Marques ,0194,02,C,00,NO URBANA,136,36,2,14,16,151,14,5,0,0,0,0,0,0,0,0,0,0,0,0,0,0,1,0,0,28,403,576,
22,QUERETARO,013,El Marques ,0196,01,B,00,NO URBANA,187,69,1,11,11,200,8,10,0,0,0,0,0,0,0,0,0,0,0,0,0,0,3,0,0,27,527,725,
22,QUERETARO,013,El Marques ,0196,01,C,00,NO URBANA,179,55,3,4,13,164,12,4,0,0,0,0,0,0,0,0,0,0,0,0,0,0,2,0,0,33,469,725,
22,QUERETARO,013,El Marques ,0196,02,C,00,NO URBANA,165,29,5,9,11,170,11,4,0,0,0,0,0,0,0,0,0,0,0,0,0,0,1,0,0,26,431,725,
22,QUERETARO,013,El Marques ,0196,03,C,00,NO URBANA,173,31,6,13,11,174,5,4,0,0,0,0,0,0,0,0,0,0,0,0,0,0,2,0,0,30,449,725,
22,QUERETARO,013,El Marques ,0196,04,C,00,NO URBANA,143,58,5,5,9,178,6,4,0,0,0,0,0,0,0,0,0,0,0,0,0,0,1,0,0,32,441,724,
22,QUERETARO,013,El Marques ,0196,01,E,00,NO URBANA,110,65,2,11,5,125,9,4,0,0,0,0,0,0,0,0,0,0,0,0,0,0,0,0,0,11,342,515,
22,QUERETARO,013,El Marques ,0197,01,B,00,URBANA,231,22,2,3,14,177,9,5,0,0,0,0,0,0,0,0,0,0,0,0,0,0,0,0,0,0,463,688,
22,QUERETARO,013,El Marques ,0197,01,C,00,URBANA,193,38,6,9,14,154,3,7,0,0,0,0,0,0,0,0,0,0,0,0,0,0,0,0,0,34,458,688,
22,QUERETARO,013,El Marques ,0197,02,C,00,URBANA,213,31,2,11,8,165,9,8,0,0,0,0,0,0,0,0,0,0,0,0,0,0,3,0,0,36,486,688,
22,QUERETARO,013,El Marques ,0198,01,B,00,NO URBANA,200,38,8,9,8,202,6,14,0,0,0,0,0,0,0,0,0,0,0,0,0,0,3,0,1,27,516,687,
22,QUERETARO,013,El Marques ,0198,01,C,00,NO URBANA,237,26,1,12,8,165,11,11,0,0,0,0,0,0,0,0,0,0,0,0,0,0,5,0,0,37,513,686,
22,QUERETARO,013,El Marques ,0198,02,C,00,NO URBANA,205,26,6,16,18,168,7,12,0,0,0,0,0,0,0,0,0,0,0,0,0,0,0,0,0,19,477,686,
22,QUERETARO,013,El Marques ,0198,03,C,00,NO URBANA,244,24,5,15,10,174,0,5,0,0,0,0,0,0,0,0,0,0,0,0,0,0,0,0,0,20,497,686,
22,QUERETARO,013,El Marques ,0198,04,C,00,NO URBANA,199,30,6,7,12,177,5,3,0,0,0,0,0,0,0,0,0,0,0,0,0,0,5,0,0,33,477,686,
22,QUERETARO,013,El Marques ,0199,01,B,00,URBANA,168,25,1,21,8,151,9,5,0,0,0,0,0,0,0,0,0,0,0,0,0,0,0,0,0,23,411,620,
22,QUERETARO,013,El Marques ,0199,01,C,00,URBANA,160,21,4,6,15,153,6,6,0,0,0,0,0,0,0,0,0,0,0,0,0,0,1,0,0,20,392,620,
22,QUERETARO,013,El Marques ,0199,02,C,00,URBANA,140,28,3,16,9,168,6,7,0,0,0,0,0,0,0,0,0,0,0,0,0,0,3,0,0,20,400,619,
22,QUERETARO,013,El Marques ,0199,03,C,00,URBANA,154,22,2,11,12,170,8,6,0,0,0,0,0,0,0,0,0,0,0,0,0,0,1,0,0,33,419,619,
22,QUERETARO,013,El Marques ,0199,04,C,00,URBANA,150,25,3,7,8,189,6,0,0,0,0,0,0,0,0,0,0,0,0,0,0,0,0,0,0,23,411,619,
22,QUERETARO,013,El Marques ,0200,01,B,00,NO URBANA,161,34,2,12,7,167,9,5,0,0,0,0,0,0,0,0,0,0,0,0,0,0,4,0,0,23,424,587,
22,QUERETARO,013,El Marques ,0200,01,C,00,NO URBANA,131,26,2,19,12,165,5,8,0,0,0,0,0,0,0,0,0,0,0,0,0,0,0,0,0,28,396,587,
22,QUERETARO,013,El Marques ,0200,01,E,00,NO URBANA,146,17,6,6,38,133,7,8,0,0,0,0,0,0,0,0,0,0,0,0,0,0,0,0,0,27,388,677,
22,QUERETARO,013,El Marques ,0200,02,E,00,NO URBANA,197,34,1,11,7,179,5,0,0,0,0,0,0,0,0,0,0,0,0,0,0,0,0,0,0,20,454,699,
22,QUERETARO,013,El Marques ,0200,01,E,00,NO URBANA,157,21,4,13,38,154,8,11,0,0,0,0,0,0,0,0,0,0,0,0,0,0,0,0,0,0,406,676,
22,QUERETARO,013,El Marques ,0200,01,E,00,NO URBANA,129,15,0,14,34,177,12,8,0,0,0,0,0,0,0,0,0,0,0,0,0,0,0,0,0,37,426,676,
22,QUERETARO,013,El Marques ,0200,02,E,00,NO URBANA,171,22,5,13,12,189,10,6,0,0,0,0,0,0,0,0,0,0,0,0,0,0,3,0,0,15,446,699,
22,QUERETARO,013,El Marques ,0202,01,B,00,NO URBANA,125,13,4,11,5,140,12,3,0,0,0,0,0,0,0,0,0,0,0,0,0,0,0,0,0,0,313,744,
22,QUERETARO,013,El Marques ,0202,01,C,00,NO URBANA,128,24,2,15,9,152,10,3,0,0,0,0,0,0,0,0,0,0,0,0,0,0,5,0,1,23,372,744,
22,QUERETARO,013,El Marques ,0202,02,C,00,NO URBANA,96,17,3,11,7,172,10,6,0,0,0,0,0,0,0,0,0,0,0,0,0,0,3,0,0,26,351,744,
22,QUERETARO,013,El Marques ,0202,03,C,00,NO URBANA,125,25,3,13,7,149,22,4,0,0,0,0,0,0,0,0,0,0,0,0,0,0,0,0,0,17,365,744,
22,QUERETARO,013,El Marques ,0202,04,C,00,NO URBANA,122,20,2,13,13,153,11,5,0,0,0,0,0,0,0,0,0,0,0,0,0,0,0,0,1,16,356,744,
22,QUERETARO,013,El Marques ,0202,05,C,00,NO URBANA,100,13,5,21,5,178,8,5,0,0,0,0,0,0,0,0,0,0,0,0,0,0,2,0,0,23,360,744,
22,QUERETARO,013,El Marques ,0202,06,C,00,NO URBANA,129,18,3,10,5,163,9,5,0,0,0,0,0,0,0,0,0,0,0,0,0,0,2,0,0,11,355,744,
22,QUERETARO,013,El Marques ,0202,07,C,00,NO URBANA,106,27,5,11,9,156,13,10,0,0,0,0,0,0,0,0,0,0,0,0,0,0,4,0,0,20,361,743,
22,QUERETARO,013,El Marques ,0202,08,C,00,NO URBANA,114,27,4,10,20,143,13,5,0,0,0,0,0,0,0,0,0,0,0,0,0,0,0,0,0,13,349,743,
22,QUERETARO,013,El Marques ,0202,09,C,00,NO URBANA,118,17,5,18,14,175,10,4,0,0,0,0,0,0,0,0,0,0,0,0,0,0,3,0,0,15,379,743,
22,QUERETARO,013,El Marques ,0202,10,C,00,NO URBANA,109,9,5,15,9,172,11,11,0,0,0,0,0,0,0,0,0,0,0,0,0,0,0,0,0,27,368,743,
22,QUERETARO,013,El Marques ,0202,11,C,00,NO URBANA,118,12,4,20,11,161,10,8,0,0,0,0,0,0,0,0,0,0,0,0,0,0,0,0,0,22,366,743,
22,QUERETARO,013,El Marques ,0202,12,C,00,NO URBANA,126,10,4,14,13,144,10,6,0,0,0,0,0,0,0,0,0,0,0,0,0,0,2,0,0,20,349,743,
22,QUERETARO,013,El Marques ,0202,13,C,00,NO URBANA,111,25,0,9,7,168,6,6,0,0,0,0,0,0,0,0,0,0,0,0,0,0,4,0,0,17,353,743,
22,QUERETARO,013,El Marques ,0202,14,C,00,NO URBANA,105,14,6,13,9,176,6,3,0,0,0,0,0,0,0,0,0,0,0,0,0,0,0,0,0,29,361,743,
22,QUERETARO,013,El Marques ,0202,15,C,00,NO URBANA,129,15,3,12,10,164,9,2,0,0,0,0,0,0,0,0,0,0,0,0,0,0,0,0,0,25,369,743,
22,QUERETARO,013,El Marques ,0202,16,C,00,NO URBANA,132,10,4,27,9,149,12,9,0,0,0,0,0,0,0,0,0,0,0,0,0,0,0,0,2,20,374,743,
22,QUERETARO,013,El Marques ,0202,17,C,00,NO URBANA,114,16,4,20,9,153,7,4,0,0,0,0,0,0,0,0,0,0,0,0,0,0,0,0,1,28,356,743,
22,QUERETARO,013,El Marques ,0202,18,C,00,NO URBANA,119,21,6,11,13,162,9,5,0,0,0,0,0,0,0,0,0,0,0,0,0,0,2,0,0,13,361,743,
22,QUERETARO,013,El Marques ,0202,19,C,00,NO URBANA,116,26,5,9,14,205,7,7,0,0,0,0,0,0,0,0,0,0,0,0,0,0,2,0,0,17,408,743,
22,QUERETARO,013,El Marques ,0202,20,C,00,NO URBANA,106,15,0,13,3,168,10,4,0,0,0,0,0,0,0,0,0,0,0,0,0,0,0,0,0,31,350,743,
22,QUERETARO,013,El Marques ,0202,01,S,00,NO URBANA,20,1,1,3,2,25,1,4,0,0,0,0,0,0,0,0,0,0,0,0,0,0,1,0,0,0,58,0,
22,QUERETARO,013,El Marques ,0202,02,S,00,NO URBANA,36,5,1,6,2,34,0,1,0,0,0,0,0,0,0,0,0,0,0,0,0,0,0,0,0,10,95,0,
22,QUERETARO,013,El Marques ,0202,01,S,00,NO URBANA,21,1,1,3,2,25,1,4,0,0,0,0,0,0,0,0,0,0,0,0,0,0,0,0,0,0,58,0,
22,QUERETARO,013,El Marques ,0202,02,S,00,NO URBANA,0,0,0,0,0,0,0,0,0,0,0,0,0,0,0,0,0,0,0,0,0,0,0,0,0,0,0,0,
22,QUERETARO,013,El Marques ,0203,01,B,00,NO URBANA,146,57,2,20,9,149,8,10,0,0,0,0,0,0,0,0,0,0,0,0,0,0,2,0,0,21,424,697,
22,QUERETARO,013,El Marques ,0203,01,C,00,NO URBANA,145,69,5,21,13,137,8,7,0,0,0,0,0,0,0,0,0,0,0,0,0,0,3,0,0,18,426,697,
22,QUERETARO,013,El Marques ,0203,02,C,00,NO URBANA,145,55,2,17,9,161,13,7,0,0,0,0,0,0,0,0,0,0,0,0,0,0,2,0,0,24,435,697,
22,QUERETARO,013,El Marques ,0203,03,C,00,NO URBANA,163,46,3,27,12,155,2,7,0,0,0,0,0,0,0,0,0,0,0,0,0,0,1,0,0,15,431,697,
22,QUERETARO,013,El Marques ,0203,04,C,00,NO URBANA,153,87,0,19,6,162,7,3,0,0,0,0,0,0,0,0,0,0,0,0,0,0,0,0,0,8,445,697,
22,QUERETARO,013,El Marques ,0203,05,C,00,NO URBANA,160,109,1,21,12,127,5,5,0,0,0,0,0,0,0,0,0,0,0,0,0,0,0,0,0,15,455,697,
22,QUERETARO,013,El Marques ,0203,06,C,00,NO URBANA,128,57,5,15,10,148,4,9,0,0,0,0,0,0,0,0,0,0,0,0,0,0,2,0,0,27,405,697,
22,QUERETARO,013,El Marques ,0203,07,C,00,NO URBANA,148,58,2,21,9,147,7,8,0,0,0,0,0,0,0,0,0,0,0,0,0,0,0,0,0,19,419,696,
22,QUERETARO,013,El Marques ,0203,08,C,00,NO URBANA,169,48,0,20,6,144,0,3,0,0,0,0,0,0,0,0,0,0,0,0,0,0,0,0,0,25,415,696,
22,QUERETARO,013,El Marques ,0203,09,C,00,NO URBANA,148,31,2,19,8,166,4,4,0,0,0,0,0,0,0,0,0,0,0,0,0,0,1,0,1,17,401,696,
22,QUERETARO,013,El Marques ,0203,10,C,00,NO URBANA,160,45,3,15,5,154,5,9,0,0,0,0,0,0,0,0,0,0,0,0,0,0,2,0,0,15,413,696,
22,QUERETARO,013,El Marques ,0203,11,C,00,NO URBANA,171,35,0,13,11,151,5,10,0,0,0,0,0,0,0,0,0,0,0,0,0,0,4,0,0,17,417,696,
22,QUERETARO,013,El Marques ,0203,01,E,00,NO URBANA,98,18,4,18,7,139,10,8,0,0,0,0,0,0,0,0,0,0,0,0,0,0,4,0,0,16,322,666,
22,QUERETARO,013,El Marques ,0203,01,E,00,NO URBANA,108,5,3,18,10,157,2,11,0,0,0,0,0,0,0,0,0,0,0,0,0,0,0,0,0,11,325,666,
22,QUERETARO,013,El Marques ,0203,01,E,00,NO URBANA,116,12,2,16,7,156,7,11,0,0,0,0,0,0,0,0,0,0,0,0,0,0,5,0,0,1,333,666,
22,QUERETARO,013,El Marques ,0203,01,E,00,NO URBANA,89,17,1,16,10,152,2,7,0,0,0,0,0,0,0,0,0,0,0,0,0,0,2,0,0,24,320,665,
22,QUERETARO,013,El Marques ,0203,01,E,00,NO URBANA,108,16,2,19,10,160,4,10,0,0,0,0,0,0,0,0,0,0,0,0,0,0,0,0,0,0,329,665,
22,QUERETARO,013,El Marques ,0203,01,E,00,NO URBANA,106,14,3,11,9,145,4,6,0,0,0,0,0,0,0,0,0,0,0,0,0,0,1,0,1,18,318,665,
22,QUERETARO,013,El Marques ,0203,01,S,00,NO URBANA,8,2,0,5,0,16,1,2,0,0,0,0,0,0,0,0,0,0,0,0,0,0,0,0,0,6,40,0,
22,QUERETARO,013,El Marques ,0203,02,S,00,NO URBANA,7,1,0,2,0,14,1,3,0,0,0,0,0,0,0,0,0,0,0,0,0,0,0,0,0,1,29,0,
22,QUERETARO,013,El Marques ,0203,01,S,00,NO URBANA,0,0,0,0,0,0,0,0,0,0,0,0,0,0,0,0,0,0,0,0,0,0,0,0,0,0,0,0,
22,QUERETARO,013,El Marques ,0203,02,S,00,NO URBANA,0,0,0,0,0,0,0,0,0,0,0,0,0,0,0,0,0,0,0,0,0,0,0,0,0,0,0,0,
22,QUERETARO,013,El Marques ,0760,01,B,00,NO URBANA,163,47,3,15,8,181,4,3,0,0,0,0,0,0,0,0,0,0,0,0,0,0,2,0,0,17,443,612,
22,QUERETARO,013,El Marques ,0760,01,C,00,NO URBANA,160,51,0,14,12,157,11,7,0,0,0,0,0,0,0,0,0,0,0,0,0,0,0,0,0,0,412,611,
22,QUERETARO,013,El Marques ,0761,01,B,00,NO URBANA,347,17,1,22,4,100,5,11,0,0,0,0,0,0,0,0,0,0,0,0,0,0,6,0,2,15,530,730,
22,QUERETARO,013,El Marques ,0761,01,C,00,NO URBANA,325,14,0,23,6,88,5,5,0,0,0,0,0,0,0,0,0,0,0,0,0,0,0,0,0,20,486,730,
22,QUERETARO,013,El Marques ,0761,02,C,00,NO URBANA,338,18,7,19,0,86,8,8,0,0,0,0,0,0,0,0,0,0,0,0,0,0,0,0,1,19,504,730,
22,QUERETARO,013,El Marques ,0761,03,C,00,NO URBANA,326,10,3,26,4,106,5,7,0,0,0,0,0,0,0,0,0,0,0,0,0,0,4,0,0,11,502,730,
22,QUERETARO,013,El Marques ,0761,04,C,00,NO URBANA,358,22,5,22,3,83,3,3,0,0,0,0,0,0,0,0,0,0,0,0,0,0,4,0,1,13,517,730,
22,QUERETARO,013,El Marques ,0761,05,C,00,NO URBANA,342,13,5,18,6,98,6,6,0,0,0,0,0,0,0,0,0,0,0,0,0,0,5,0,0,15,514,730,
22,QUERETARO,013,El Marques ,0761,06,C,00,NO URBANA,350,20,2,27,2,74,3,11,0,0,0,0,0,0,0,0,0,0,0,0,0,0,7,0,0,18,514,730,
22,QUERETARO,013,El Marques ,0761,07,C,00,NO URBANA,322,24,3,24,8,87,5,9,0,0,0,0,0,0,0,0,0,0,0,0,0,0,5,0,0,11,498,730,
22,QUERETARO,013,El Marques ,0761,08,C,00,NO URBANA,350,16,6,38,4,100,2,3,0,0,0,0,0,0,0,0,0,0,0,0,0,0,5,0,0,20,544,730,
22,QUERETARO,013,El Marques ,0761,09,C,00,NO URBANA,362,21,4,28,4,103,2,8,0,0,0,0,0,0,0,0,0,0,0,0,0,0,2,0,2,10,546,730,
22,QUERETARO,013,El Marques ,0761,10,C,00,NO URBANA,328,17,12,26,8,96,6,10,0,0,0,0,0,0,0,0,0,0,0,0,0,0,6,0,0,14,523,730,
22,QUERETARO,013,El Marques ,0761,11,C,00,NO URBANA,316,13,2,21,7,114,5,9,0,0,0,0,0,0,0,0,0,0,0,0,0,0,7,0,1,12,507,729,
22,QUERETARO,013,El Marques ,0761,12,C,00,NO URBANA,365,15,7,15,5,93,3,8,0,0,0,0,0,0,0,0,0,0,0,0,0,0,3,0,0,13,527,729,
22,QUERETARO,013,El Marques ,0761,13,C,00,NO URBANA,327,20,6,24,1,101,4,5,0,0,0,0,0,0,0,0,0,0,0,0,0,0,8,0,0,12,508,729,
22,QUERETARO,013,El Marques ,0906,01,B,00,NO URBANA,151,61,3,7,13,214,10,6,0,0,0,0,0,0,0,0,0,0,0,0,0,0,1,0,0,18,484,739,
22,QUERETARO,013,El Marques ,0906,01,C,00,NO URBANA,179,51,3,15,13,230,7,4,0,0,0,0,0,0,0,0,0,0,0,0,0,0,1,0,0,27,530,739,
22,QUERETARO,013,El Marques ,0906,02,C,00,NO URBANA,145,63,4,7,10,227,12,4,0,0,0,0,0,0,0,0,0,0,0,0,0,0,1,0,0,21,494,738,
22,QUERETARO,013,El Marques ,0947,01,B,00,NO URBANA,186,27,2,17,8,116,11,0,0,0,0,0,0,0,0,0,0,0,0,0,0,0,5,0,0,17,389,571,
22,QUERETARO,013,El Marques ,0947,01,C,00,NO URBANA,152,24,1,12,11,154,9,6,0,0,0,0,0,0,0,0,0,0,0,0,0,0,2,0,0,20,391,571,
22,QUERETARO,013,El Marques ,0948,01,B,00,URBANA,211,41,5,13,12,189,6,1,0,0,0,0,0,0,0,0,0,0,0,0,0,0,3,0,0,20,501,728,
22,QUERETARO,013,El Marques ,0949,01,B,00,NO URBANA,146,28,4,15,9,228,10,0,0,0,0,0,0,0,0,0,0,0,0,0,0,0,3,0,0,27,470,714,
22,QUERETARO,013,El Marques ,0949,01,C,00,NO URBANA,155,52,1,9,6,213,3,1,0,0,0,0,0,0,0,0,0,0,0,0,0,0,0,0,0,28,468,713,
22,QUERETARO,013,El Marques ,0950,01,B,00,NO URBANA,112,26,3,13,15,117,10,6,0,0,0,0,0,0,0,0,0,0,0,0,0,0,6,0,0,13,321,428,
22,QUERETARO,013,El Marques ,0950,01,C,00,NO URBANA,108,31,3,10,11,119,7,4,0,0,0,0,0,0,0,0,0,0,0,0,0,0,3,0,0,19,315,428,
22,QUERETARO,013,El Marques ,0951,01,B,00,URBANA,356,10,5,10,3,57,2,6,0,0,0,0,0,0,0,0,0,0,0,0,0,0,3,0,0,5,457,549,
22,QUERETARO,013,El Marques ,0951,01,C,00,URBANA,337,6,4,13,0,48,1,5,0,0,0,0,0,0,0,0,0,0,0,0,0,0,1,0,0,10,425,548,
22,QUERETARO,013,El Marques ,0951,02,C,00,URBANA,366,15,3,14,1,38,1,2,0,0,0,0,0,0,0,0,0,0,0,0,0,0,7,0,0,4,451,548,
22,QUERETARO,013,El Marques ,0952,01,B,00,URBANA,368,9,3,10,5,57,0,3,0,0,0,0,0,0,0,0,0,0,0,0,0,0,6,0,0,6,467,569,
22,QUERETARO,013,El Marques ,0952,01,C,00,URBANA,365,11,4,10,2,57,2,3,0,0,0,0,0,0,0,0,0,0,0,0,0,0,0,0,0,10,464,568,
22,QUERETARO,013,El Marques ,0953,01,B,00,URBANA,287,10,6,17,3,42,0,0,0,0,0,0,0,0,0,0,0,0,0,0,0,0,2,0,0,5,372,517,
22,QUERETARO,013,El Marques ,0953,01,C,00,URBANA,286,12,4,13,1,39,0,2,0,0,0,0,0,0,0,0,0,0,0,0,0,0,3,0,0,7,367,517,
22,QUERETARO,013,El Marques ,0953,02,C,00,URBANA,294,4,8,17,1,40,2,5,0,0,0,0,0,0,0,0,0,0,0,0,0,0,5,0,0,8,384,517,
22,QUERETARO,013,El Marques ,0954,01,B,00,URBANA,306,11,2,5,0,62,4,2,0,0,0,0,0,0,0,0,0,0,0,0,0,0,0,0,0,9,401,511,
22,QUERETARO,013,El Marques ,0954,01,C,00,URBANA,326,10,3,12,0,51,0,4,0,0,0,0,0,0,0,0,0,0,0,0,0,0,3,0,0,5,414,511,
22,QUERETARO,013,El Marques ,0954,02,C,00,URBANA,294,14,2,17,0,52,1,6,0,0,0,0,0,0,0,0,0,0,0,0,0,0,7,0,0,13,406,510,
22,QUERETARO,013,El Marques ,0955,01,B,00,URBANA,444,13,4,23,2,67,2,5,0,0,0,0,0,0,0,0,0,0,0,0,0,0,4,0,0,15,579,741,
22,QUERETARO,013,El Marques ,0956,01,B,00,URBANA,334,7,7,11,0,35,2,3,0,0,0,0,0,0,0,0,0,0,0,0,0,0,4,0,0,2,405,505,
22,QUERETARO,013,El Marques ,0956,01,C,00,URBANA,337,9,0,10,2,42,1,1,0,0,0,0,0,0,0,0,0,0,0,0,0,0,2,0,0,5,409,504,
22,QUERETARO,013,El Marques ,0957,01,B,00,URBANA,275,11,0,19,1,58,3,8,0,0,0,0,0,0,0,0,0,0,0,0,0,0,0,0,0,10,385,523,
22,QUERETARO,013,El Marques ,0957,01,C,00,URBANA,289,10,4,16,2,55,1,5,0,0,0,0,0,0,0,0,0,0,0,0,0,0,1,0,0,9,392,522,
22,QUERETARO,013,El Marques ,0957,02,C,00,URBANA,296,10,2,18,2,57,3,6,0,0,0,0,0,0,0,0,0,0,0,0,0,0,0,0,0,10,404,522,
22,QUERETARO,013,El Marques ,0958,01,B,00,URBANA,110,8,2,19,6,115,23,4,0,0,0,0,0,0,0,0,0,0,0,0,0,0,0,0,2,13,302,536,
22,QUERETARO,013,El Marques ,0958,01,C,00,URBANA,85,12,3,14,3,137,9,7,0,0,0,0,0,0,0,0,0,0,0,0,0,0,2,0,0,9,281,535,
22,QUERETARO,013,El Marques ,0958,02,C,00,URBANA,98,10,1,18,6,129,14,5,0,0,0,0,0,0,0,0,0,0,0,0,0,0,2,0,1,12,296,535,
22,QUERETARO,013,El Marques ,0959,01,B,00,NO URBANA,330,10,4,35,3,80,1,6,0,0,0,0,0,0,0,0,0,0,0,0,0,0,2,0,0,7,478,588,
22,QUERETARO,013,El Marques ,0959,01,C,00,NO URBANA,364,11,2,15,3,76,3,9,0,0,0,0,0,0,0,0,0,0,0,0,0,0,1,0,0,10,494,587,
22,QUERETARO,013,El Marques ,0959,02,C,00,NO URBANA,334,9,1,22,5,66,4,5,0,0,0,0,0,0,0,0,0,0,0,0,0,0,8,0,0,8,462,587,
22,QUERETARO,013,El Marques ,0959,03,C,00,NO URBANA,325,8,2,15,3,78,3,5,0,0,0,0,0,0,0,0,0,0,0,0,0,0,2,0,0,4,445,587,
22,QUERETARO,013,El Marques ,0960,01,B,00,URBANA,116,12,5,23,9,177,16,6,0,0,0,0,0,0,0,0,0,0,0,0,0,0,0,0,0,17,381,743,
22,QUERETARO,013,El Marques ,0960,01,C,00,URBANA,113,11,3,25,9,189,17,9,0,0,0,0,0,0,0,0,0,0,0,0,0,0,2,0,1,19,398,742,
22,QUERETARO,013,El Marques ,0961,01,B,00,URBANA,129,9,0,19,6,122,0,5,0,0,0,0,0,0,0,0,0,0,0,0,0,0,0,0,1,15,306,579,
22,QUERETARO,013,El Marques ,0962,01,B,00,URBANA,154,13,2,33,11,121,6,11,0,0,0,0,0,0,0,0,0,0,0,0,0,0,3,0,0,19,373,585,
22,QUERETARO,013,El Marques ,0962,01,C,00,URBANA,155,15,1,34,3,140,3,8,0,0,0,0,0,0,0,0,0,0,0,0,0,0,6,0,0,8,373,585,
22,QUERETARO,013,El Marques ,0962,02,C,00,URBANA,156,16,5,25,7,116,4,13,0,0,0,0,0,0,0,0,0,0,0,0,0,0,5,0,0,18,365,584,
22,QUERETARO,013,El Marques ,0963,01,B,00,URBANA,165,10,5,23,12,164,17,5,0,0,0,0,0,0,0,0,0,0,0,0,0,0,5,0,0,14,420,748,
22,QUERETARO,013,El Marques ,0963,01,C,00,URBANA,142,13,5,23,9,185,18,5,0,0,0,0,0,0,0,0,0,0,0,0,0,0,0,0,0,26,426,747,
22,QUERETARO,013,El Marques ,0964,01,B,00,URBANA,110,4,4,11,8,122,4,6,0,0,0,0,0,0,0,0,0,0,0,0,0,0,3,0,0,20,292,538,
22,QUERETARO,013,El Marques ,0964,01,C,00,URBANA,114,9,0,12,8,124,8,4,0,0,0,0,0,0,0,0,0,0,0,0,0,0,2,0,0,12,293,538,
22,QUERETARO,013,El Marques ,0965,01,B,00,URBANA,149,10,6,25,7,145,3,3,0,0,0,0,0,0,0,0,0,0,0,0,0,0,1,0,0,21,370,628,
22,QUERETARO,013,El Marques ,0965,01,C,00,URBANA,143,6,3,31,6,149,5,5,0,0,0,0,0,0,0,0,0,0,0,0,0,0,0,0,0,17,365,627,
22,QUERETARO,013,El Marques ,0966,01,B,00,NO URBANA,379,17,6,27,3,104,3,7,0,0,0,0,0,0,0,0,0,0,0,0,0,0,4,0,0,8,558,716,
22,QUERETARO,013,El Marques ,0966,01,C,00,NO URBANA,387,16,6,21,2,100,4,4,0,0,0,0,0,0,0,0,0,0,0,0,0,0,4,0,0,17,561,715,
22,QUERETARO,013,El Marques ,0966,02,C,00,NO URBANA,393,9,4,27,3,94,10,6,0,0,0,0,0,0,0,0,0,0,0,0,0,0,3,0,0,6,555,715,
22,QUERETARO,013,El Marques ,0966,03,C,00,NO URBANA,383,12,5,23,4,96,4,12,0,0,0,0,0,0,0,0,0,0,0,0,0,0,5,0,0,7,551,715,
22,QUERETARO,013,El Marques ,0967,01,B,00,URBANA,147,17,6,20,4,177,12,7,0,0,0,0,0,0,0,0,0,0,0,0,0,0,4,0,0,18,412,704,
22,QUERETARO,013,El Marques ,0967,01,C,00,URBANA,137,26,6,31,4,151,22,10,0,0,0,0,0,0,0,0,0,0,0,0,0,0,2,0,0,13,402,703,
22,QUERETARO,013,El Marques ,0968,01,B,00,URBANA,123,12,3,29,11,155,12,7,0,0,0,0,0,0,0,0,0,0,0,0,0,0,3,0,0,18,373,709,
22,QUERETARO,013,El Marques ,0968,01,C,00,URBANA,124,11,3,29,11,155,12,7,0,0,0,0,0,0,0,0,0,0,0,0,0,0,0,0,0,21,373,708,
22,QUERETARO,013,El Marques ,0987,01,B,00,NO URBANA,116,20,5,9,11,133,8,6,0,0,0,0,0,0,0,0,0,0,0,0,0,0,2,0,1,25,336,478,
22,QUERETARO,013,El Marques ,0987,01,C,00,NO URBANA,110,16,3,12,10,149,7,5,0,0,0,0,0,0,0,0,0,0,0,0,0,0,0,0,0,21,333,478,
22,QUERETARO,013,El Marques ,0988,01,B,00,NO URBANA,182,25,4,9,10,160,10,4,0,0,0,0,0,0,0,0,0,0,0,0,0,0,3,0,0,24,431,636,
22,QUERETARO,013,El Marques ,0988,01,C,00,NO URBANA,170,14,3,11,9,161,10,4,0,0,0,0,0,0,0,0,0,0,0,0,0,0,3,0,0,24,409,636,
22,QUERETARO,013,El Marques ,0988,02,C,00,NO URBANA,224,22,2,9,12,144,5,204,0,0,0,0,0,0,0,0,0,0,0,0,0,0,2,0,0,8,632,635,
22,QUERETARO,013,El Marques ,0988,03,C,00,NO URBANA,166,22,2,10,9,174,4,1,0,0,0,0,0,0,0,0,0,0,0,0,0,0,0,0,0,26,414,635,
22,QUERETARO,014,Ezequiel Montes ,0048,01,A,00,URBANA,1,1,1,0,0,0,1,0,0,0,0,0,0,0,0,0,0,0,0,0,0,0,0,0,0,1,5,9,
22,QUERETARO,014,Ezequiel Montes ,0076,01,B,00,NO URBANA,73,89,3,57,23,96,8,7,0,0,0,0,0,0,0,0,0,0,0,0,8,1,0,0,0,16,381,584,
22,QUERETARO,014,Ezequiel Montes ,0076,01,C,00,NO URBANA,77,77,6,68,42,85,17,7,0,0,0,0,0,0,0,0,0,0,0,0,6,5,0,0,0,13,403,584,
22,QUERETARO,014,Ezequiel Montes ,0076,02,C,00,NO URBANA,86,82,0,50,36,83,8,11,0,0,0,0,0,0,0,0,0,0,0,0,5,2,0,0,1,18,382,584,
22,QUERETARO,014,Ezequiel Montes ,0077,01,B,00,URBANA,84,74,5,82,48,125,12,6,0,0,0,0,0,0,0,0,0,0,0,0,7,2,0,0,0,16,461,672,
22,QUERETARO,014,Ezequiel Montes ,0077,01,C,00,URBANA,79,69,7,103,37,103,6,9,0,0,0,0,0,0,0,0,0,0,0,0,5,6,1,1,0,26,452,672,
22,QUERETARO,014,Ezequiel Montes ,0077,02,C,00,URBANA,78,61,5,106,44,134,6,10,0,0,0,0,0,0,0,0,0,0,0,0,7,2,0,0,0,25,478,671,
22,QUERETARO,014,Ezequiel Montes ,0078,01,B,00,URBANA,117,101,6,86,29,144,19,8,0,0,0,0,0,0,0,0,0,0,0,0,5,10,0,0,0,19,544,741,
22,QUERETARO,014,Ezequiel Montes ,0078,01,C,00,URBANA,116,108,9,59,43,122,13,9,0,0,0,0,0,0,0,0,0,0,0,0,5,4,0,2,0,35,525,741,
22,QUERETARO,014,Ezequiel Montes ,0079,01,B,00,NO URBANA,86,52,3,50,25,73,11,7,0,0,0,0,0,0,0,0,0,0,0,0,7,1,0,0,0,18,333,522,
22,QUERETARO,014,Ezequiel Montes ,0079,01,C,00,NO URBANA,68,57,0,48,38,89,13,6,0,0,0,0,0,0,0,0,0,0,0,0,5,1,0,1,1,15,342,522,
22,QUERETARO,014,Ezequiel Montes ,0079,02,C,00,NO URBANA,75,42,2,48,19,119,13,6,0,0,0,0,0,0,0,0,0,0,0,0,4,2,0,0,0,14,344,521,
22,QUERETARO,014,Ezequiel Montes ,0079,01,E,00,NO URBANA,74,60,6,70,24,104,11,10,0,0,0,0,0,0,0,0,0,0,0,0,8,6,0,0,0,23,396,664,
22,QUERETARO,014,Ezequiel Montes ,0079,01,E,00,NO URBANA,73,51,1,79,45,95,19,4,0,0,0,0,0,0,0,0,0,0,0,0,5,3,0,0,1,21,397,664,
22,QUERETARO,014,Ezequiel Montes ,0079,01,E,00,NO URBANA,71,41,7,63,49,129,9,5,0,0,0,0,0,0,0,0,0,0,0,0,3,0,1,0,3,18,399,663,
22,QUERETARO,014,Ezequiel Montes ,0079,01,E,00,NO URBANA,62,63,5,82,33,97,18,3,0,0,0,0,0,0,0,0,0,0,0,0,8,4,1,0,0,37,413,663,
22,QUERETARO,014,Ezequiel Montes ,0080,01,B,00,NO URBANA,40,70,2,49,25,44,7,7,0,0,0,0,0,0,0,0,0,0,0,0,4,4,2,0,1,29,284,505,
22,QUERETARO,014,Ezequiel Montes ,0081,01,B,00,NO URBANA,78,57,5,62,18,56,2,3,0,0,0,0,0,0,0,0,0,0,0,0,7,8,0,0,0,15,311,513,
22,QUERETARO,014,Ezequiel Montes ,0081,01,C,00,NO URBANA,88,90,1,68,12,40,7,3,0,0,0,0,0,0,0,0,0,0,0,0,4,6,0,0,0,22,341,512,
22,QUERETARO,014,Ezequiel Montes ,0081,02,C,00,NO URBANA,60,61,4,50,24,40,12,8,0,0,0,0,0,0,0,0,0,0,0,0,4,7,0,1,0,26,297,512,
22,QUERETARO,014,Ezequiel Montes ,0082,01,B,00,NO URBANA,62,58,2,105,41,127,32,5,0,0,0,0,0,0,0,0,0,0,0,0,4,0,0,0,0,30,466,654,
22,QUERETARO,014,Ezequiel Montes ,0082,01,C,00,NO URBANA,64,61,7,68,45,99,19,12,0,0,0,0,0,0,0,0,0,0,0,0,6,1,0,0,1,34,417,654,
22,QUERETARO,014,Ezequiel Montes ,0084,01,B,00,NO URBANA,36,31,6,51,42,71,10,9,0,0,0,0,0,0,0,0,0,0,0,0,7,4,1,1,0,31,300,568,
22,QUERETARO,014,Ezequiel Montes ,0084,01,C,00,NO URBANA,48,26,5,56,50,68,13,6,0,0,0,0,0,0,0,0,0,0,0,0,4,1,0,0,0,26,303,568,
22,QUERETARO,014,Ezequiel Montes ,0084,02,C,00,NO URBANA,59,46,2,54,61,54,12,11,0,0,0,0,0,0,0,0,0,0,0,0,4,4,0,0,0,21,328,568,
22,QUERETARO,014,Ezequiel Montes ,0085,01,B,00,NO URBANA,45,25,8,78,38,163,10,6,0,0,0,0,0,0,0,0,0,0,0,0,0,1,0,0,0,23,397,613,
22,QUERETARO,014,Ezequiel Montes ,0085,01,C,00,NO URBANA,55,19,3,66,41,175,4,4,0,0,0,0,0,0,0,0,0,0,0,0,3,0,0,0,0,22,392,613,
22,QUERETARO,014,Ezequiel Montes ,0086,01,B,00,NO URBANA,21,31,1,46,23,65,18,7,0,0,0,0,0,0,0,0,0,0,0,0,6,1,0,0,0,29,248,420,
22,QUERETARO,014,Ezequiel Montes ,0086,01,C,00,NO URBANA,32,25,7,35,29,70,15,5,0,0,0,0,0,0,0,0,0,0,0,0,2,1,0,0,2,23,246,419,
22,QUERETARO,014,Ezequiel Montes ,0086,01,E,00,NO URBANA,39,21,3,64,26,48,7,11,0,0,0,0,0,0,0,0,0,0,0,0,1,3,0,0,0,24,247,393,
22,QUERETARO,014,Ezequiel Montes ,0086,01,E,00,NO URBANA,44,32,3,64,14,44,3,11,0,0,0,0,0,0,0,0,0,0,0,0,0,2,0,0,0,23,240,393,
22,QUERETARO,014,Ezequiel Montes ,0087,01,B,00,NO URBANA,52,38,0,59,29,128,10,4,0,0,0,0,0,0,0,0,0,0,0,0,2,2,0,0,0,21,345,577,
22,QUERETARO,014,Ezequiel Montes ,0087,01,C,00,NO URBANA,70,34,1,67,51,141,9,3,0,0,0,0,0,0,0,0,0,0,0,0,4,0,1,0,1,12,394,577,
22,QUERETARO,014,Ezequiel Montes ,0087,02,C,00,NO URBANA,44,38,5,69,47,121,8,5,0,0,0,0,0,0,0,0,0,0,0,0,3,3,0,0,0,24,367,577,
22,QUERETARO,014,Ezequiel Montes ,0087,03,C,00,NO URBANA,67,39,2,55,33,130,6,5,0,0,0,0,0,0,0,0,0,0,0,0,1,3,0,0,0,26,367,577,
22,QUERETARO,014,Ezequiel Montes ,0088,01,B,00,URBANA,63,65,4,66,48,154,9,6,0,0,0,0,0,0,0,0,0,0,0,0,10,5,0,0,0,33,463,720,
22,QUERETARO,014,Ezequiel Montes ,0088,01,C,00,URBANA,74,51,4,53,36,174,14,2,0,0,0,0,0,0,0,0,0,0,0,0,4,5,0,0,0,22,439,720,
22,QUERETARO,014,Ezequiel Montes ,0088,02,C,00,URBANA,77,41,4,72,59,127,11,9,0,0,0,0,0,0,0,0,0,0,0,0,10,2,0,0,0,29,441,720,
22,QUERETARO,014,Ezequiel Montes ,0088,03,C,00,URBANA,62,67,6,52,52,169,11,10,0,0,0,0,0,0,0,0,0,0,0,0,1,4,0,0,0,28,462,720,
22,QUERETARO,014,Ezequiel Montes ,0090,01,B,00,NO URBANA,49,25,6,35,27,75,28,5,0,0,0,0,0,0,0,0,0,0,0,0,4,4,1,0,0,17,276,417,
22,QUERETARO,014,Ezequiel Montes ,0090,01,C,00,NO URBANA,45,15,3,41,23,89,44,2,0,0,0,0,0,0,0,0,0,0,0,0,2,1,0,0,0,23,288,417,
22,QUERETARO,014,Ezequiel Montes ,0090,01,E,00,NO URBANA,51,20,5,24,37,137,17,8,0,0,0,0,0,0,0,0,0,0,0,0,3,2,0,0,0,9,313,490,
22,QUERETARO,014,Ezequiel Montes ,0090,01,E,00,NO URBANA,44,22,4,29,41,143,14,5,0,0,0,0,0,0,0,0,0,0,0,0,2,1,0,0,0,19,324,489,
22,QUERETARO,014,Ezequiel Montes ,0091,01,B,00,NO URBANA,75,37,8,76,49,114,43,4,0,0,0,0,0,0,0,0,0,0,0,0,2,1,0,0,0,39,448,729,
22,QUERETARO,014,Ezequiel Montes ,0091,01,C,00,NO URBANA,76,26,9,67,39,127,66,4,0,0,0,0,0,0,0,0,0,0,0,0,3,2,0,0,0,32,451,729,
22,QUERETARO,014,Ezequiel Montes ,0091,01,E,00,NO URBANA,30,12,0,24,36,78,10,4,0,0,0,0,0,0,0,0,0,0,0,0,4,0,0,0,0,31,229,351,
22,QUERETARO,014,Ezequiel Montes ,0094,01,B,00,NO URBANA,56,35,1,88,35,89,19,11,0,0,0,0,0,0,0,0,0,0,0,0,2,3,2,0,2,28,371,677,
22,QUERETARO,014,Ezequiel Montes ,0094,01,C,00,NO URBANA,45,42,1,74,42,105,16,12,0,0,0,0,0,0,0,0,0,0,0,0,3,2,0,0,0,23,365,676,
22,QUERETARO,014,Ezequiel Montes ,0094,02,C,00,NO URBANA,58,37,3,61,36,58,17,3,0,0,0,0,0,0,0,0,0,0,0,0,6,0,1,0,1,33,314,676,
22,QUERETARO,014,Ezequiel Montes ,0094,03,C,00,NO URBANA,55,50,5,49,39,102,16,7,0,0,0,0,0,0,0,0,0,0,0,0,5,3,0,0,0,22,353,676,
22,QUERETARO,014,Ezequiel Montes ,0094,04,C,00,NO URBANA,40,37,6,98,34,96,19,5,0,0,0,0,0,0,0,0,0,0,0,0,4,1,1,2,0,25,368,676,
22,QUERETARO,014,Ezequiel Montes ,0095,01,B,00,NO URBANA,90,33,5,54,41,139,22,5,0,0,0,0,0,0,0,0,0,0,0,0,4,2,0,0,0,15,410,672,
22,QUERETARO,014,Ezequiel Montes ,0095,01,C,00,NO URBANA,71,33,7,40,35,127,26,8,0,0,0,0,0,0,0,0,0,0,0,0,6,2,0,0,0,16,371,671,
22,QUERETARO,014,Ezequiel Montes ,0095,02,C,00,NO URBANA,79,35,2,61,32,78,34,10,0,0,0,0,0,0,0,0,0,0,0,0,2,4,0,0,0,25,362,671,
22,QUERETARO,014,Ezequiel Montes ,0095,03,C,00,NO URBANA,44,28,8,49,34,124,45,8,0,0,0,0,0,0,0,0,0,0,0,0,5,1,0,0,0,27,373,671,
22,QUERETARO,014,Ezequiel Montes ,0096,01,B,00,NO URBANA,65,33,4,63,48,164,14,7,0,0,0,0,0,0,0,0,0,0,0,0,2,4,0,0,0,12,416,668,
22,QUERETARO,014,Ezequiel Montes ,0096,01,C,00,NO URBANA,60,40,4,39,51,125,33,3,0,0,0,0,0,0,0,0,0,0,0,0,1,3,0,0,0,18,377,668,
22,QUERETARO,014,Ezequiel Montes ,0096,02,C,00,NO URBANA,57,37,2,58,43,144,30,4,0,0,0,0,0,0,0,0,0,0,0,0,2,2,0,0,0,19,398,667,
22,QUERETARO,014,Ezequiel Montes ,0096,01,E,00,NO URBANA,54,30,4,54,37,157,23,8,0,0,0,0,0,0,0,0,0,0,0,0,2,3,0,1,0,17,390,636,
22,QUERETARO,014,Ezequiel Montes ,0096,01,E,00,NO URBANA,58,37,7,64,47,142,32,2,0,0,0,0,0,0,0,0,0,0,0,0,3,3,0,0,0,25,420,635,
22,QUERETARO,014,Ezequiel Montes ,0894,01,B,00,NO URBANA,57,33,12,27,30,41,4,5,0,0,0,0,0,0,0,0,0,0,0,0,7,4,0,0,0,20,240,511,
22,QUERETARO,014,Ezequiel Montes ,0894,01,C,00,NO URBANA,50,26,7,31,46,67,7,13,0,0,0,0,0,0,0,0,0,0,0,0,7,1,0,0,1,24,280,511,
22,QUERETARO,014,Ezequiel Montes ,0894,02,C,00,NO URBANA,59,24,6,37,42,53,7,7,0,0,0,0,0,0,0,0,0,0,0,0,6,1,0,0,0,18,260,510,
22,QUERETARO,014,Ezequiel Montes ,0894,01,E,00,NO URBANA,45,19,3,31,16,60,11,9,0,0,0,0,0,0,0,0,0,0,0,0,3,2,0,0,0,12,211,379,
22,QUERETARO,014,Ezequiel Montes ,0894,01,E,00,NO URBANA,45,33,5,28,29,51,5,5,0,0,0,0,0,0,0,0,0,0,0,0,9,2,0,0,0,15,227,379,
22,QUERETARO,014,Ezequiel Montes ,0895,01,B,00,NO URBANA,69,26,4,54,50,106,24,6,0,0,0,0,0,0,0,0,0,0,0,0,2,3,0,0,0,33,377,714,
22,QUERETARO,014,Ezequiel Montes ,0895,01,C,00,NO URBANA,119,33,7,49,57,86,31,5,0,0,0,0,0,0,0,0,0,0,0,0,6,4,0,0,0,21,418,714,
22,QUERETARO,014,Ezequiel Montes ,0896,01,B,00,NO URBANA,51,40,4,66,37,160,8,4,0,0,0,0,0,0,0,0,0,0,0,0,3,1,0,1,0,29,404,656,
22,QUERETARO,014,Ezequiel Montes ,0896,01,C,00,NO URBANA,53,45,4,71,29,149,20,2,0,0,0,0,0,0,0,0,0,0,0,0,4,3,0,0,0,20,400,656,
22,QUERETARO,014,Ezequiel Montes ,0896,02,C,00,NO URBANA,50,35,6,88,35,161,22,5,0,0,0,0,0,0,0,0,0,0,0,0,3,4,0,0,0,18,427,656,
22,QUERETARO,014,Ezequiel Montes ,0896,03,C,00,NO URBANA,57,31,3,58,31,144,14,3,0,0,0,0,0,0,0,0,0,0,0,0,4,2,0,0,0,15,362,656,
22,QUERETARO,014,Ezequiel Montes ,0896,01,S,00,NO URBANA,96,34,2,12,2,31,2,0,0,0,0,0,0,0,0,0,0,0,0,0,2,4,0,0,0,0,185,0,
22,QUERETARO,014,Ezequiel Montes ,0896,02,S,00,NO URBANA,67,22,1,9,6,14,2,1,0,0,0,0,0,0,0,0,0,0,0,0,3,2,0,0,0,4,131,0,
22,QUERETARO,014,Ezequiel Montes ,0896,01,S,00,NO URBANA,27,1,0,7,2,25,0,2,0,0,0,0,0,0,0,0,0,0,0,0,0,0,0,0,0,0,64,0,
22,QUERETARO,014,Ezequiel Montes ,0896,02,S,00,NO URBANA,26,2,1,9,5,37,2,1,0,0,0,0,0,0,0,0,0,0,0,0,0,0,0,0,0,1,84,0,
22,QUERETARO,014,Ezequiel Montes ,0897,01,B,00,NO URBANA,50,20,7,88,35,116,16,7,0,0,0,0,0,0,0,0,0,0,0,0,0,3,0,0,1,19,362,512,
22,QUERETARO,014,Ezequiel Montes ,0897,01,C,00,NO URBANA,39,27,4,75,25,122,20,8,0,0,0,0,0,0,0,0,0,0,0,0,3,0,1,0,0,20,344,512,
22,QUERETARO,014,Ezequiel Montes ,0971,01,B,00,NO URBANA,55,55,12,40,34,47,9,13,0,0,0,0,0,0,0,0,0,0,0,0,11,6,0,0,0,19,301,584,
22,QUERETARO,014,Ezequiel Montes ,0971,01,C,00,NO URBANA,87,62,2,36,22,51,10,4,0,0,0,0,0,0,0,0,0,0,0,0,5,6,0,0,0,26,311,583,
22,QUERETARO,014,Ezequiel Montes ,0971,02,C,00,NO URBANA,67,41,3,47,38,57,13,8,0,0,0,0,0,0,0,0,0,0,0,0,6,7,0,0,0,22,309,583,
22,QUERETARO,014,Ezequiel Montes ,0972,01,B,00,NO URBANA,94,75,1,101,31,88,3,6,0,0,0,0,0,0,0,0,0,0,0,0,7,5,1,0,0,16,428,658,
22,QUERETARO,014,Ezequiel Montes ,0972,01,C,00,NO URBANA,98,76,3,127,31,52,6,6,0,0,0,0,0,0,0,0,0,0,0,0,14,6,1,0,0,26,446,657,
22,QUERETARO,014,Ezequiel Montes ,0972,02,C,00,NO URBANA,79,73,6,96,36,96,3,6,0,0,0,0,0,0,0,0,0,0,0,0,5,8,1,0,0,28,437,657,
22,QUERETARO,014,Ezequiel Montes ,0973,01,B,00,NO URBANA,64,38,6,82,40,93,38,3,0,0,0,0,0,0,0,0,0,0,0,0,5,1,1,0,0,16,387,597,
22,QUERETARO,014,Ezequiel Montes ,0973,01,C,00,NO URBANA,61,23,8,57,38,76,43,7,0,0,0,0,0,0,0,0,0,0,0,0,10,2,0,0,0,16,341,597,
22,QUERETARO,014,Ezequiel Montes ,0973,02,C,00,NO URBANA,66,21,5,85,38,79,34,10,0,0,0,0,0,0,0,0,0,0,0,0,5,4,1,0,0,11,359,597,
22,QUERETARO,014,Ezequiel Montes ,0973,03,C,00,NO URBANA,69,23,2,73,26,91,29,6,0,0,0,0,0,0,0,0,0,0,0,0,1,4,0,0,0,14,338,596,
22,QUERETARO,014,Ezequiel Montes ,0974,01,B,00,NO URBANA,41,39,3,50,34,127,10,9,0,0,0,0,0,0,0,0,0,0,0,0,4,4,0,0,0,21,342,568,
22,QUERETARO,014,Ezequiel Montes ,0974,01,C,00,NO URBANA,44,31,3,35,31,137,16,8,0,0,0,0,0,0,0,0,0,0,0,0,3,3,0,0,0,22,333,568,
22,QUERETARO,014,Ezequiel Montes ,0974,02,C,00,NO URBANA,38,15,3,37,24,166,21,12,0,0,0,0,0,0,0,0,0,0,0,0,3,4,0,0,0,20,343,568,
22,QUERETARO,014,Ezequiel Montes ,0974,03,C,00,NO URBANA,43,23,5,44,35,125,19,5,0,0,0,0,0,0,0,0,0,0,0,0,3,3,1,0,0,25,331,567,
22,QUERETARO,014,Ezequiel Montes ,0122,01,B,00,NO URBANA,155,12,8,24,16,179,16,0,0,0,0,0,0,0,0,0,0,0,0,0,8,14,2,0,0,27,461,745,
22,QUERETARO,014,Ezequiel Montes ,0122,01,C,00,NO URBANA,187,12,7,28,26,174,8,1,0,0,0,0,0,0,0,0,0,0,0,0,13,4,1,0,0,20,481,745,
22,QUERETARO,014,Ezequiel Montes ,0122,02,C,00,NO URBANA,181,11,3,17,24,169,7,0,0,0,0,0,0,0,0,0,0,0,0,0,6,6,0,0,0,18,442,745,
22,QUERETARO,014,Ezequiel Montes ,0123,01,B,00,NO URBANA,134,8,3,15,16,181,5,3,0,0,0,0,0,0,0,0,0,0,0,0,13,8,1,0,0,23,410,588,
22,QUERETARO,014,Ezequiel Montes ,0123,01,C,00,NO URBANA,136,9,2,14,11,162,11,3,0,0,0,0,0,0,0,0,0,0,0,0,9,5,2,0,0,25,389,588,
22,QUERETARO,014,Ezequiel Montes ,0123,02,C,00,NO URBANA,151,9,4,21,17,161,8,6,0,0,0,0,0,0,0,0,0,0,0,0,6,6,0,0,0,19,408,588,
22,QUERETARO,014,Ezequiel Montes ,0124,01,B,00,URBANA,128,12,6,15,15,164,12,7,0,0,0,0,0,0,0,0,0,0,0,0,15,0,0,0,0,21,395,588,
22,QUERETARO,014,Ezequiel Montes ,0124,01,C,00,URBANA,110,7,6,19,24,172,8,4,0,0,0,0,0,0,0,0,0,0,0,0,7,6,1,0,0,18,382,588,
22,QUERETARO,014,Ezequiel Montes ,0124,02,C,00,URBANA,127,11,10,15,16,183,5,0,0,0,0,0,0,0,0,0,0,0,0,0,8,6,4,0,0,17,402,587,
22,QUERETARO,014,Ezequiel Montes ,0124,03,C,00,URBANA,132,20,5,17,17,166,6,9,0,0,0,0,0,0,0,0,0,0,0,0,11,4,0,0,0,12,399,587,
22,QUERETARO,014,Ezequiel Montes ,0125,01,B,00,URBANA,161,15,6,19,19,158,8,2,0,0,0,0,0,0,0,0,0,0,0,0,12,9,0,0,0,20,429,649,
22,QUERETARO,014,Ezequiel Montes ,0125,01,C,00,URBANA,176,18,4,24,18,153,4,3,0,0,0,0,0,0,0,0,0,0,0,0,8,8,0,0,0,23,439,649,
22,QUERETARO,014,Ezequiel Montes ,0126,01,B,00,NO URBANA,80,7,4,12,20,147,6,4,0,0,0,0,0,0,0,0,0,0,0,0,15,6,1,0,0,21,323,531,
22,QUERETARO,014,Ezequiel Montes ,0126,01,C,00,NO URBANA,206,14,5,12,12,143,7,3,0,0,0,0,0,0,0,0,0,0,0,0,10,7,1,0,0,23,443,531,
22,QUERETARO,014,Ezequiel Montes ,0126,02,C,00,NO URBANA,105,9,1,5,18,154,6,2,0,0,0,0,0,0,0,0,0,0,0,0,13,11,0,0,0,20,344,531,
22,QUERETARO,014,Ezequiel Montes ,0127,01,B,00,NO URBANA,215,21,4,22,11,153,6,3,0,0,0,0,0,0,0,0,0,0,0,0,14,1,0,1,1,22,474,742,
22,QUERETARO,014,Ezequiel Montes ,0127,01,C,00,NO URBANA,198,19,3,27,23,175,5,6,0,0,0,0,0,0,0,0,0,0,0,0,20,15,0,0,0,25,516,741,
22,QUERETARO,014,Ezequiel Montes ,0127,02,C,00,NO URBANA,182,13,6,21,29,163,14,0,0,0,0,0,0,0,0,0,0,0,0,0,9,5,1,0,0,18,461,741,
22,QUERETARO,014,Ezequiel Montes ,0127,03,C,00,NO URBANA,169,18,0,18,19,179,6,5,0,0,0,0,0,0,0,0,0,0,0,0,6,12,2,0,0,24,458,741,
22,QUERETARO,014,Ezequiel Montes ,0127,04,C,00,NO URBANA,187,18,6,23,29,164,7,4,0,0,0,0,0,0,0,0,0,0,0,0,22,12,1,0,0,22,495,741,
22,QUERETARO,014,Ezequiel Montes ,0128,01,B,00,NO URBANA,204,17,4,18,21,185,5,1,0,0,0,0,0,0,0,0,0,0,0,0,11,9,0,0,0,32,507,742,
22,QUERETARO,014,Ezequiel Montes ,0128,01,C,00,NO URBANA,200,13,2,30,24,203,4,0,0,0,0,0,0,0,0,0,0,0,0,0,18,0,0,0,0,20,514,742,
22,QUERETARO,014,Ezequiel Montes ,0128,02,C,00,NO URBANA,162,14,3,26,13,195,4,1,0,0,0,0,0,0,0,0,0,0,0,0,12,13,1,0,0,27,471,742,
22,QUERETARO,014,Ezequiel Montes ,0128,03,C,00,NO URBANA,234,18,4,26,26,174,9,1,0,0,0,0,0,0,0,0,0,0,0,0,12,4,0,1,0,24,533,742,
22,QUERETARO,014,Ezequiel Montes ,0128,04,C,00,NO URBANA,183,11,3,17,21,200,9,1,0,0,0,0,0,0,0,0,0,0,0,0,4,17,0,0,0,24,490,742,
22,QUERETARO,014,Ezequiel Montes ,0128,05,C,00,NO URBANA,224,22,2,29,22,160,4,5,0,0,0,0,0,0,0,0,0,0,0,0,17,13,1,0,0,26,525,742,
22,QUERETARO,014,Ezequiel Montes ,0129,01,B,00,NO URBANA,223,19,6,18,18,135,2,5,0,0,0,0,0,0,0,0,0,0,0,0,17,8,1,0,0,36,488,666,
22,QUERETARO,014,Ezequiel Montes ,0129,01,C,00,NO URBANA,243,14,5,32,17,112,8,1,0,0,0,0,0,0,0,0,0,0,0,0,9,16,1,0,0,18,476,666,
22,QUERETARO,014,Ezequiel Montes ,0130,01,B,00,URBANA,155,5,9,24,18,125,4,5,0,0,0,0,0,0,0,0,0,0,0,0,7,5,2,2,0,21,382,571,
22,QUERETARO,014,Ezequiel Montes ,0130,01,C,00,URBANA,155,9,5,33,13,116,8,0,0,0,0,0,0,0,0,0,0,0,0,0,15,12,0,0,0,19,385,571,
22,QUERETARO,014,Ezequiel Montes ,0130,02,C,00,URBANA,169,9,10,27,21,108,6,1,0,0,0,0,0,0,0,0,0,0,0,0,3,0,0,0,0,18,372,570,
22,QUERETARO,014,Ezequiel Montes ,0130,03,C,00,URBANA,189,13,3,24,19,104,8,2,0,0,0,0,0,0,0,0,0,0,0,0,7,10,0,0,0,18,397,570,
22,QUERETARO,014,Ezequiel Montes ,0130,01,S,00,URBANA,191,11,1,20,13,244,38,2,0,0,0,0,0,0,0,0,0,0,0,0,13,5,0,0,0,19,557,0,
22,QUERETARO,014,Ezequiel Montes ,0130,01,S,00,URBANA,191,10,0,20,12,244,37,3,0,0,0,0,0,0,0,0,0,0,0,0,0,0,0,0,0,0,517,0,
22,QUERETARO,014,Ezequiel Montes ,0131,01,B,00,NO URBANA,272,9,0,14,22,124,6,0,0,0,0,0,0,0,0,0,0,0,0,0,13,2,1,0,0,22,485,709,
22,QUERETARO,014,Ezequiel Montes ,0131,01,C,00,NO URBANA,238,8,8,15,16,174,9,1,0,0,0,0,0,0,0,0,0,0,0,0,16,9,1,0,0,22,517,709,
22,QUERETARO,014,Ezequiel Montes ,0131,02,C,00,NO URBANA,257,6,7,18,18,160,8,2,0,0,0,0,0,0,0,0,0,0,0,0,13,8,1,0,0,25,523,708,
22,QUERETARO,014,Ezequiel Montes ,0132,01,B,00,NO URBANA,87,7,3,11,16,146,6,3,0,0,0,0,0,0,0,0,0,0,0,0,6,9,2,0,0,23,319,475,
22,QUERETARO,014,Ezequiel Montes ,0132,01,C,00,NO URBANA,108,9,2,13,14,134,10,0,0,0,0,0,0,0,0,0,0,0,0,0,3,6,0,0,0,14,313,474,
22,QUERETARO,014,Ezequiel Montes ,0132,01,E,00,NO URBANA,157,14,2,19,24,265,11,6,0,0,0,0,0,0,0,0,0,0,0,0,8,4,2,0,0,28,540,705,
22,QUERETARO,014,Ezequiel Montes ,0133,01,B,00,NO URBANA,61,2,2,7,12,250,9,2,0,0,0,0,0,0,0,0,0,0,0,0,4,6,0,0,0,29,384,586,
22,QUERETARO,014,Ezequiel Montes ,0133,01,C,00,NO URBANA,64,1,8,13,13,277,19,1,0,0,0,0,0,0,0,0,0,0,0,0,3,3,0,0,0,31,433,586,
22,QUERETARO,014,Ezequiel Montes ,0133,02,C,00,NO URBANA,64,6,3,12,13,289,8,3,0,0,0,0,0,0,0,0,0,0,0,0,10,13,0,0,0,28,449,586,
22,QUERETARO,014,Ezequiel Montes ,0133,01,E,00,NO URBANA,109,6,3,7,10,147,15,2,0,0,0,0,0,0,0,0,0,0,0,0,8,6,0,0,0,26,339,556,
22,QUERETARO,014,Ezequiel Montes ,0133,01,E,00,NO URBANA,104,8,2,7,9,151,6,0,0,0,0,0,0,0,0,0,0,0,0,0,9,6,0,0,0,22,324,555,
22,QUERETARO,014,Ezequiel Montes ,0134,01,B,00,NO URBANA,54,6,3,12,9,247,9,3,0,0,0,0,0,0,0,0,0,0,0,0,0,2,0,0,0,15,360,472,
22,QUERETARO,014,Ezequiel Montes ,0134,01,C,00,NO URBANA,41,5,3,11,10,244,4,0,0,0,0,0,0,0,0,0,0,0,0,0,2,1,1,0,0,19,341,471,
22,QUERETARO,014,Ezequiel Montes ,0134,01,E,00,NO URBANA,101,16,6,23,34,281,17,3,0,0,0,0,0,0,0,0,0,0,0,0,8,1,1,0,0,38,529,695,
22,QUERETARO,014,Ezequiel Montes ,0135,01,B,00,NO URBANA,65,9,4,12,17,306,15,2,0,0,0,0,0,0,0,0,0,0,0,0,3,3,0,0,0,21,457,604,
22,QUERETARO,014,Ezequiel Montes ,0135,01,C,00,NO URBANA,64,7,1,14,26,268,17,6,0,0,0,0,0,0,0,0,0,0,0,0,3,2,0,0,0,31,439,603,
22,QUERETARO,014,Ezequiel Montes ,0135,01,E,00,NO URBANA,109,15,2,4,5,168,9,2,0,0,0,0,0,0,0,0,0,0,0,0,4,11,3,0,0,20,352,467,
22,QUERETARO,014,Ezequiel Montes ,0136,01,B,00,URBANA,59,2,3,13,14,321,11,4,0,0,0,0,0,0,0,0,0,0,0,0,1,3,0,0,0,18,449,609,
22,QUERETARO,014,Ezequiel Montes ,0136,01,C,00,URBANA,64,4,6,15,19,303,10,3,0,0,0,0,0,0,0,0,0,0,0,0,3,0,1,0,0,27,455,609,
22,QUERETARO,014,Ezequiel Montes ,0136,02,C,00,URBANA,42,6,4,7,15,254,15,8,0,0,0,0,0,0,0,0,0,0,0,0,3,3,1,0,0,41,399,609,
22,QUERETARO,014,Ezequiel Montes ,0137,01,B,00,NO URBANA,139,9,3,11,18,160,9,5,0,0,0,0,0,0,0,0,0,0,0,0,3,9,1,0,0,16,383,539,
22,QUERETARO,014,Ezequiel Montes ,0137,01,C,00,NO URBANA,138,7,2,7,13,139,9,4,0,0,0,0,0,0,0,0,0,0,0,0,4,9,0,0,0,19,351,539,
22,QUERETARO,014,Ezequiel Montes ,0137,02,C,00,NO URBANA,138,8,1,17,22,157,13,3,0,0,0,0,0,0,0,0,0,0,0,0,5,4,0,1,0,24,393,539,
22,QUERETARO,014,Ezequiel Montes ,0138,01,B,00,NO URBANA,148,13,2,9,11,123,6,1,0,0,0,0,0,0,0,0,0,0,0,0,7,9,1,0,0,24,354,469,
22,QUERETARO,014,Ezequiel Montes ,0138,01,E,00,NO URBANA,81,1,3,2,10,29,3,0,0,0,0,0,0,0,0,0,0,0,0,0,3,1,0,0,0,6,139,162,
22,QUERETARO,014,Ezequiel Montes ,0234,01,B,00,NO URBANA,153,3,2,146,8,106,27,0,0,0,0,0,0,0,0,0,0,0,0,0,9,0,0,0,0,31,485,628,
22,QUERETARO,014,Ezequiel Montes ,0234,01,C,00,NO URBANA,156,7,1,150,9,104,36,0,0,0,0,0,0,0,0,0,0,0,0,0,7,0,2,0,0,22,494,628,
22,QUERETARO,014,Ezequiel Montes ,0234,02,C,00,NO URBANA,150,12,1,121,18,134,35,1,0,0,0,0,0,0,0,0,0,0,0,0,5,0,0,0,0,30,507,628,
22,QUERETARO,014,Ezequiel Montes ,0235,01,B,00,NO URBANA,59,15,3,9,14,136,43,2,0,0,0,0,0,0,0,0,0,0,0,0,1,1,0,0,0,18,301,396,
22,QUERETARO,014,Ezequiel Montes ,0236,01,B,00,NO URBANA,24,1,1,11,3,36,8,1,0,0,0,0,0,0,0,0,0,0,0,0,1,1,0,0,0,1,88,141,
22,QUERETARO,014,Ezequiel Montes ,0236,01,E,00,NO URBANA,44,1,0,9,3,37,7,0,0,0,0,0,0,0,0,0,0,0,0,0,4,1,1,0,0,7,114,161,
22,QUERETARO,014,Ezequiel Montes ,0237,01,B,00,NO URBANA,125,6,4,17,11,85,192,1,0,0,0,0,0,0,0,0,0,0,0,0,7,2,0,0,0,30,480,702,
22,QUERETARO,014,Ezequiel Montes ,0237,01,C,00,NO URBANA,163,4,1,16,13,70,186,0,0,0,0,0,0,0,0,0,0,0,0,0,5,1,0,0,0,15,474,702,
22,QUERETARO,014,Ezequiel Montes ,0237,01,E,00,NO URBANA,142,0,5,31,10,124,133,1,0,0,0,0,0,0,0,0,0,0,0,0,4,0,0,0,0,32,482,680,
22,QUERETARO,014,Ezequiel Montes ,0237,02,E,00,NO URBANA,77,2,3,9,6,54,121,0,0,0,0,0,0,0,0,0,0,0,0,0,4,1,0,0,0,18,295,393,
22,QUERETARO,014,Ezequiel Montes ,0238,01,B,00,NO URBANA,80,6,0,19,14,125,54,1,0,0,0,0,0,0,0,0,0,0,0,0,0,0,0,0,0,22,321,527,
22,QUERETARO,014,Ezequiel Montes ,0239,01,B,00,NO URBANA,72,4,5,28,10,93,29,0,0,0,0,0,0,0,0,0,0,0,0,0,2,1,0,0,0,23,267,467,
22,QUERETARO,014,Ezequiel Montes ,0240,01,B,00,NO URBANA,120,5,2,25,12,131,62,1,0,0,0,0,0,0,0,0,0,0,0,0,6,0,1,0,0,17,382,487,
22,QUERETARO,014,Ezequiel Montes ,0240,01,C,00,NO URBANA,115,7,2,24,20,153,49,4,0,0,0,0,0,0,0,0,0,0,0,0,4,0,0,0,0,14,392,487,
22,QUERETARO,014,Ezequiel Montes ,0240,01,E,00,NO URBANA,90,6,0,7,7,26,40,2,0,0,0,0,0,0,0,0,0,0,0,0,0,0,0,0,0,14,192,254,
22,QUERETARO,014,Ezequiel Montes ,0241,01,B,00,NO URBANA,84,4,2,45,6,92,44,0,0,0,0,0,0,0,0,0,0,0,0,0,7,0,0,0,0,15,299,463,
22,QUERETARO,014,Ezequiel Montes ,0241,01,C,00,NO URBANA,94,5,7,50,10,80,43,1,0,0,0,0,0,0,0,0,0,0,0,0,1,0,0,0,0,12,303,463,
22,QUERETARO,014,Ezequiel Montes ,0241,01,E,00,NO URBANA,50,4,5,30,11,54,57,3,0,0,0,0,0,0,0,0,0,0,0,0,1,0,0,0,0,14,229,316,
22,QUERETARO,014,Ezequiel Montes ,0242,01,B,00,NO URBANA,59,6,3,28,6,101,35,2,0,0,0,0,0,0,0,0,0,0,0,0,3,1,0,0,0,19,263,426,
22,QUERETARO,014,Ezequiel Montes ,0242,01,C,00,NO URBANA,68,1,3,22,13,99,31,3,0,0,0,0,0,0,0,0,0,0,0,0,3,0,0,0,0,21,264,425,
22,QUERETARO,014,Ezequiel Montes ,0242,01,E,00,NO URBANA,24,1,0,14,6,24,17,2,0,0,0,0,0,0,0,0,0,0,0,0,0,0,0,0,0,5,93,139,
22,QUERETARO,014,Ezequiel Montes ,0243,01,B,00,NO URBANA,158,6,2,42,27,194,73,3,0,0,0,0,0,0,0,0,0,0,0,0,7,1,0,0,0,32,545,715,
22,QUERETARO,014,Ezequiel Montes ,0244,01,B,00,NO URBANA,78,7,3,45,29,218,130,1,0,0,0,0,0,0,0,0,0,0,0,0,1,0,0,0,0,44,556,718,
22,QUERETARO,014,Ezequiel Montes ,0245,01,B,00,NO URBANA,139,8,3,69,14,257,35,1,0,0,0,0,0,0,0,0,0,0,0,0,2,1,1,0,0,19,549,696,
22,QUERETARO,014,Ezequiel Montes ,0245,01,C,00,NO URBANA,150,6,5,101,4,206,33,4,0,0,0,0,0,0,0,0,0,0,0,0,6,2,1,0,0,13,531,695,
22,QUERETARO,014,Ezequiel Montes ,0245,02,C,00,NO URBANA,113,9,4,90,15,266,35,1,0,0,0,0,0,0,0,0,0,0,0,0,6,1,0,0,0,2,542,695,
22,QUERETARO,014,Ezequiel Montes ,0245,01,E,00,NO URBANA,53,8,3,86,14,271,18,13,0,0,0,0,0,0,0,0,0,0,0,0,3,1,0,0,0,19,489,736,
22,QUERETARO,014,Ezequiel Montes ,0246,01,B,00,NO URBANA,18,1,1,14,2,34,8,1,0,0,0,0,0,0,0,0,0,0,0,0,1,0,0,0,0,4,84,112,
22,QUERETARO,014,Ezequiel Montes ,0247,01,B,00,NO URBANA,153,17,4,50,23,212,44,4,0,0,0,0,0,0,0,0,0,0,0,0,7,0,0,0,0,21,535,676,
22,QUERETARO,014,Ezequiel Montes ,0247,01,C,00,NO URBANA,172,6,6,75,13,193,34,0,0,0,0,0,0,0,0,0,0,0,0,0,8,2,1,0,0,16,526,675,
22,QUERETARO,014,Ezequiel Montes ,0247,01,E,00,NO URBANA,129,2,1,95,5,99,38,2,0,0,0,0,0,0,0,0,0,0,0,0,3,0,1,0,0,16,391,506,
22,QUERETARO,014,Ezequiel Montes ,0674,01,B,00,URBANA,89,4,0,171,54,89,3,1,0,0,0,0,0,0,0,0,0,0,0,0,3,1,0,0,0,15,430,563,
22,QUERETARO,014,Ezequiel Montes ,0674,01,C,00,URBANA,72,5,2,190,40,84,2,2,0,0,0,0,0,0,0,0,0,0,0,0,6,0,0,0,0,16,419,563,
22,QUERETARO,014,Ezequiel Montes ,0674,02,C,00,URBANA,86,3,4,191,64,76,4,2,0,0,0,0,0,0,0,0,0,0,0,0,2,3,0,0,0,13,448,562,
22,QUERETARO,014,Ezequiel Montes ,0675,01,B,00,NO URBANA,149,1,0,111,65,122,6,2,0,0,0,0,0,0,0,0,0,0,0,0,3,1,0,0,0,15,475,630,
22,QUERETARO,014,Ezequiel Montes ,0675,01,C,00,NO URBANA,134,10,1,123,80,98,7,2,0,0,0,0,0,0,0,0,0,0,0,0,3,0,0,1,0,15,474,629,
22,QUERETARO,014,Ezequiel Montes ,0675,02,C,00,NO URBANA,91,6,2,148,87,112,5,2,0,0,0,0,0,0,0,0,0,0,0,0,5,1,0,0,0,19,478,629,
22,QUERETARO,014,Ezequiel Montes ,0676,01,B,00,NO URBANA,26,1,2,37,21,19,2,0,0,0,0,0,0,0,0,0,0,0,0,0,1,0,1,0,0,10,120,171,
22,QUERETARO,014,Ezequiel Montes ,0676,01,E,00,NO URBANA,23,2,2,12,14,16,0,1,0,0,0,0,0,0,0,0,0,0,0,0,0,0,0,0,0,4,74,84,
22,QUERETARO,014,Ezequiel Montes ,0677,01,B,00,NO URBANA,75,5,3,75,155,110,10,3,0,0,0,0,0,0,0,0,0,0,0,0,2,0,0,0,0,35,473,615,
22,QUERETARO,014,Ezequiel Montes ,0677,01,C,00,NO URBANA,82,7,1,77,146,87,6,2,0,0,0,0,0,0,0,0,0,0,0,0,0,0,1,0,0,34,443,614,
22,QUERETARO,014,Ezequiel Montes ,0677,02,C,00,NO URBANA,58,3,2,70,156,113,7,2,0,0,0,0,0,0,0,0,0,0,0,0,1,1,0,0,0,36,449,614,
22,QUERETARO,014,Ezequiel Montes ,0677,01,E,00,NO URBANA,19,1,0,18,15,10,1,0,0,0,0,0,0,0,0,0,0,0,0,0,2,1,0,0,0,5,72,88,
22,QUERETARO,014,Ezequiel Montes ,0678,01,B,00,NO URBANA,81,3,0,72,64,94,3,1,0,0,0,0,0,0,0,0,0,0,0,0,0,1,0,0,0,20,339,437,
22,QUERETARO,014,Ezequiel Montes ,0678,01,E,00,NO URBANA,110,4,2,130,49,50,5,0,0,0,0,0,0,0,0,0,0,0,0,0,2,0,0,0,0,20,372,475,
22,QUERETARO,014,Ezequiel Montes ,0679,01,B,00,NO URBANA,78,10,2,78,182,139,10,3,0,0,0,0,0,0,0,0,0,0,0,0,2,0,0,0,0,34,538,710,
22,QUERETARO,014,Ezequiel Montes ,0679,01,C,00,NO URBANA,86,5,2,86,189,100,8,4,0,0,0,0,0,0,0,0,0,0,0,0,0,1,0,0,0,35,516,710,
22,QUERETARO,014,Ezequiel Montes ,0679,02,C,00,NO URBANA,105,2,2,103,189,100,8,1,0,0,0,0,0,0,0,0,0,0,0,0,0,1,2,0,0,29,542,709,
22,QUERETARO,014,Ezequiel Montes ,0679,01,E,00,NO URBANA,71,7,4,77,245,142,15,4,0,0,0,0,0,0,0,0,0,0,0,0,2,0,0,0,0,27,594,726,
22,QUERETARO,014,Ezequiel Montes ,0680,01,B,00,NO URBANA,127,5,3,161,78,68,4,1,0,0,0,0,0,0,0,0,0,0,0,0,1,0,0,0,0,14,462,596,
22,QUERETARO,014,Ezequiel Montes ,0680,01,C,00,NO URBANA,113,7,0,152,78,64,4,3,0,0,0,0,0,0,0,0,0,0,0,0,4,2,2,0,0,23,452,595,
22,QUERETARO,014,Ezequiel Montes ,0681,01,B,00,NO URBANA,102,3,3,117,55,104,6,2,0,0,0,0,0,0,0,0,0,0,0,0,5,3,1,0,0,16,417,534,
22,QUERETARO,014,Ezequiel Montes ,0681,01,C,00,NO URBANA,118,4,1,137,48,98,5,0,0,0,0,0,0,0,0,0,0,0,0,0,2,0,0,0,0,14,427,533,
22,QUERETARO,014,Ezequiel Montes ,0682,01,B,00,NO URBANA,90,7,6,110,82,127,7,0,0,0,0,0,0,0,0,0,0,0,0,0,0,1,0,0,0,21,451,619,
22,QUERETARO,014,Ezequiel Montes ,0682,01,C,00,NO URBANA,89,11,3,108,67,128,3,2,0,0,0,0,0,0,0,0,0,0,0,0,0,0,0,0,0,16,427,619,
22,QUERETARO,014,Ezequiel Montes ,0682,02,C,00,NO URBANA,88,11,2,123,73,107,8,3,0,0,0,0,0,0,0,0,0,0,0,0,5,1,0,0,0,12,433,619,
22,QUERETARO,014,Ezequiel Montes ,0682,03,C,00,NO URBANA,72,16,1,159,72,111,5,1,0,0,0,0,0,0,0,0,0,0,0,0,1,0,0,0,0,22,460,619,
22,QUERETARO,014,Ezequiel Montes ,0683,01,B,00,NO URBANA,71,6,2,72,74,187,8,3,0,0,0,0,0,0,0,0,0,0,0,0,4,0,0,0,0,24,451,614,
22,QUERETARO,014,Ezequiel Montes ,0683,01,C,00,NO URBANA,86,13,3,73,58,192,9,4,0,0,0,0,0,0,0,0,0,0,0,0,2,0,1,0,0,19,460,614,
22,QUERETARO,014,Ezequiel Montes ,0683,02,C,00,NO URBANA,87,5,1,103,71,178,9,3,0,0,0,0,0,0,0,0,0,0,0,0,3,0,0,0,0,20,480,613,
22,QUERETARO,014,Ezequiel Montes ,0684,01,B,00,URBANA,72,2,5,64,50,174,4,1,0,0,0,0,0,0,0,0,0,0,0,0,3,2,0,0,0,21,398,635,
22,QUERETARO,014,Ezequiel Montes ,0684,01,C,00,URBANA,86,8,1,65,78,187,3,8,0,0,0,0,0,0,0,0,0,0,0,0,0,1,0,0,0,18,455,635,
22,QUERETARO,014,Ezequiel Montes ,0684,02,C,00,URBANA,82,7,2,71,53,187,4,3,0,0,0,0,0,0,0,0,0,0,0,0,2,1,0,0,1,20,433,634,
22,QUERETARO,014,Ezequiel Montes ,0684,03,C,00,URBANA,71,2,2,64,58,183,5,6,0,0,0,0,0,0,0,0,0,0,0,0,5,0,0,0,0,30,426,634,
22,QUERETARO,014,Ezequiel Montes ,0684,04,C,00,URBANA,86,4,1,51,64,173,13,6,0,0,0,0,0,0,0,0,0,0,0,0,3,0,0,0,0,28,429,634,
22,QUERETARO,014,Ezequiel Montes ,0686,01,B,00,NO URBANA,65,9,2,59,47,130,3,1,0,0,0,0,0,0,0,0,0,0,0,0,0,0,0,0,1,16,333,494,
22,QUERETARO,014,Ezequiel Montes ,0686,01,C,00,NO URBANA,41,11,4,90,56,96,9,1,0,0,0,0,0,0,0,0,0,0,0,0,0,0,0,0,0,29,337,494,
22,QUERETARO,014,Ezequiel Montes ,0687,01,B,00,NO URBANA,101,11,5,119,51,159,3,3,0,0,0,0,0,0,0,0,0,0,0,0,2,0,0,0,0,19,473,616,
22,QUERETARO,014,Ezequiel Montes ,0687,01,C,00,NO URBANA,93,12,3,113,62,200,3,3,0,0,0,0,0,0,0,0,0,0,0,0,1,0,0,0,0,11,501,616,
22,QUERETARO,014,Ezequiel Montes ,0687,02,C,00,NO URBANA,100,5,5,117,63,182,8,3,0,0,0,0,0,0,0,0,0,0,0,0,0,2,0,0,0,8,493,615,
22,QUERETARO,014,Ezequiel Montes ,0687,03,C,00,NO URBANA,101,11,2,102,94,124,8,1,0,0,0,0,0,0,0,0,0,0,0,0,5,1,0,0,0,15,464,615,
22,QUERETARO,015,Jalpan de Serra ,0048,01,A,00,URBANA,1,0,1,0,1,1,0,0,0,0,0,0,0,0,0,0,0,0,0,0,0,0,0,0,0,0,4,6,
22,QUERETARO,015,Jalpan de Serra ,0035,01,B,00,NO URBANA,59,99,5,11,105,90,13,10,0,0,0,0,0,0,0,0,11,4,1,0,4,4,0,0,0,39,455,632,
22,QUERETARO,015,Jalpan de Serra ,0035,01,C,00,NO URBANA,44,129,3,9,101,104,7,13,0,0,0,0,0,0,0,0,4,1,1,3,6,1,0,0,0,28,454,632,
22,QUERETARO,015,Jalpan de Serra ,0035,02,C,00,NO URBANA,68,80,5,8,92,114,15,20,0,0,0,0,0,0,0,0,8,2,1,2,7,4,0,0,0,29,455,631,
22,QUERETARO,015,Jalpan de Serra ,0036,01,B,00,NO URBANA,36,55,0,3,58,56,2,2,0,0,0,0,0,0,0,0,2,1,0,1,0,3,0,0,0,14,233,406,
22,QUERETARO,015,Jalpan de Serra ,0036,01,C,00,NO URBANA,34,47,3,6,80,45,9,2,0,0,0,0,0,0,0,0,0,4,0,2,1,3,0,0,0,10,246,405,
22,QUERETARO,015,Jalpan de Serra ,0037,01,B,00,NO URBANA,16,30,0,1,50,54,5,1,0,0,0,0,0,0,0,0,0,2,0,0,5,2,0,0,0,6,172,278,
22,QUERETARO,015,Jalpan de Serra ,0038,01,B,00,NO URBANA,18,33,1,2,40,15,1,1,0,0,0,0,0,0,0,0,1,1,1,0,0,5,0,0,0,7,126,183,
22,QUERETARO,015,Jalpan de Serra ,0039,01,B,00,NO URBANA,34,78,0,7,83,104,10,2,0,0,0,0,0,0,0,0,3,3,0,0,2,2,0,0,0,28,356,588,
22,QUERETARO,015,Jalpan de Serra ,0039,01,C,00,NO URBANA,46,94,1,6,89,94,7,5,0,0,0,0,0,0,0,0,8,6,2,1,2,2,0,0,0,20,383,588,
22,QUERETARO,015,Jalpan de Serra ,0039,02,C,00,NO URBANA,45,105,4,5,62,98,10,3,0,0,0,0,0,0,0,0,5,5,2,2,2,3,1,0,0,16,368,587,
22,QUERETARO,015,Jalpan de Serra ,0039,03,C,00,NO URBANA,34,74,1,0,103,92,13,8,0,0,0,0,0,0,0,0,5,4,1,0,2,2,0,0,0,24,363,587,
22,QUERETARO,015,Jalpan de Serra ,0040,01,B,00,NO URBANA,21,48,3,1,35,39,9,1,0,0,0,0,0,0,0,0,2,0,1,0,1,1,0,0,0,8,170,260,
22,QUERETARO,015,Jalpan de Serra ,0041,01,B,00,NO URBANA,32,69,3,8,78,93,7,2,0,0,0,0,0,0,0,0,3,1,2,0,0,0,0,0,0,23,321,501,
22,QUERETARO,015,Jalpan de Serra ,0041,01,E,00,NO URBANA,27,82,0,2,23,23,2,1,0,0,0,0,0,0,0,0,1,1,0,0,2,1,0,0,0,10,175,242,
22,QUERETARO,015,Jalpan de Serra ,0041,02,E,00,NO URBANA,8,25,2,0,30,51,1,1,0,0,0,0,0,0,0,0,6,3,2,0,0,0,0,0,0,11,140,231,
22,QUERETARO,015,Jalpan de Serra ,0042,01,B,00,NO URBANA,41,35,2,6,70,112,13,3,0,0,0,0,0,0,0,0,4,5,2,2,4,1,0,1,0,12,313,507,
22,QUERETARO,015,Jalpan de Serra ,0042,01,C,00,NO URBANA,31,51,3,15,70,107,8,2,0,0,0,0,0,0,0,0,5,5,0,1,0,3,0,0,0,18,319,506,
22,QUERETARO,015,Jalpan de Serra ,0043,01,B,00,NO URBANA,48,167,1,10,64,126,8,2,0,0,0,0,0,0,0,0,0,2,0,0,2,8,0,0,0,17,455,705,
22,QUERETARO,015,Jalpan de Serra ,0043,01,E,00,NO URBANA,47,66,2,1,20,28,2,1,0,0,0,0,0,0,0,0,1,3,0,0,2,4,0,0,0,5,182,248,
22,QUERETARO,015,Jalpan de Serra ,0044,01,B,00,NO URBANA,32,100,1,4,46,51,4,1,0,0,0,0,0,0,0,0,0,1,1,0,0,2,0,0,0,13,256,352,
22,QUERETARO,015,Jalpan de Serra ,0045,01,B,00,NO URBANA,62,102,3,11,53,157,16,3,0,0,0,0,0,0,0,0,5,1,0,1,5,1,0,0,0,32,452,679,
22,QUERETARO,015,Jalpan de Serra ,0045,01,C,00,NO URBANA,75,98,2,13,54,138,15,6,0,0,0,0,0,0,0,0,2,3,1,1,1,3,0,0,0,27,439,678,
22,QUERETARO,015,Jalpan de Serra ,0045,02,C,00,NO URBANA,61,99,0,7,62,159,14,5,0,0,0,0,0,0,0,0,2,5,1,0,2,4,0,0,0,27,448,678,
22,QUERETARO,015,Jalpan de Serra ,0045,03,C,00,NO URBANA,41,102,3,12,64,192,19,4,0,0,0,0,0,0,0,0,5,2,0,3,4,3,0,0,0,19,473,678,
22,QUERETARO,015,Jalpan de Serra ,0046,01,B,00,NO URBANA,80,20,3,11,20,254,9,47,0,0,0,0,0,0,0,0,6,1,0,0,0,14,0,0,0,19,484,749,
22,QUERETARO,015,Jalpan de Serra ,0046,01,C,00,NO URBANA,97,29,5,16,14,237,18,14,0,0,0,0,0,0,0,0,13,1,1,2,6,3,0,0,0,21,477,749,
22,QUERETARO,015,Jalpan de Serra ,0046,02,C,00,NO URBANA,83,17,6,13,17,287,19,13,0,0,0,0,0,0,0,0,2,2,0,1,3,5,5,0,0,23,496,749,
22,QUERETARO,015,Jalpan de Serra ,0046,01,E,00,NO URBANA,72,12,3,3,11,272,9,25,0,0,0,0,0,0,0,0,5,2,0,3,2,1,0,0,0,16,436,624,
22,QUERETARO,015,Jalpan de Serra ,0046,01,E,00,NO URBANA,79,17,2,9,22,247,10,18,0,0,0,0,0,0,0,0,5,2,1,0,0,6,0,0,0,11,429,624,
22,QUERETARO,015,Jalpan de Serra ,0047,01,B,00,NO URBANA,143,25,7,13,13,184,15,25,0,0,0,0,0,0,0,0,9,1,4,5,10,8,0,0,1,22,485,743,
22,QUERETARO,015,Jalpan de Serra ,0047,01,C,00,NO URBANA,170,28,4,15,16,191,13,28,0,0,0,0,0,0,0,0,9,0,2,1,4,6,0,0,0,10,497,743,
22,QUERETARO,015,Jalpan de Serra ,0047,01,E,00,NO URBANA,38,8,6,15,23,176,6,20,0,0,0,0,0,0,0,0,6,3,5,2,0,3,0,0,0,12,323,426,
22,QUERETARO,015,Jalpan de Serra ,0047,01,E,00,NO URBANA,41,12,9,14,19,164,7,20,0,0,0,0,0,0,0,0,7,1,2,3,1,0,0,0,0,16,316,426,
22,QUERETARO,015,Jalpan de Serra ,0048,01,B,00,NO URBANA,121,47,2,12,6,161,3,17,0,0,0,0,0,0,0,0,9,2,1,1,7,7,0,0,0,14,410,564,
22,QUERETARO,015,Jalpan de Serra ,0048,01,C,00,NO URBANA,143,57,1,17,15,120,11,21,0,0,0,0,0,0,0,0,1,2,1,3,6,3,0,0,0,19,420,564,
22,QUERETARO,015,Jalpan de Serra ,0048,02,C,00,NO URBANA,120,66,2,15,13,139,9,24,0,0,0,0,0,0,0,0,1,0,1,0,8,3,0,0,0,13,414,564,
22,QUERETARO,015,Jalpan de Serra ,0048,03,C,00,NO URBANA,138,40,4,13,14,126,13,23,0,0,0,0,0,0,0,0,5,3,1,2,3,4,1,0,0,15,405,564,
22,QUERETARO,015,Jalpan de Serra ,0048,01,S,00,NO URBANA,162,20,9,14,18,276,23,39,0,0,0,0,0,0,0,0,12,4,6,4,2,4,1,0,0,33,627,0,
22,QUERETARO,015,Jalpan de Serra ,0048,01,S,00,NO URBANA,50,6,1,6,5,81,6,17,0,0,0,0,0,0,0,0,0,0,0,0,0,0,0,0,0,0,172,0,
22,QUERETARO,015,Jalpan de Serra ,0049,01,B,00,URBANA,133,37,2,12,7,166,16,29,0,0,0,0,0,0,0,0,9,2,0,0,2,6,0,0,0,15,436,648,
22,QUERETARO,015,Jalpan de Serra ,0049,01,C,00,URBANA,124,32,5,10,7,188,12,28,0,0,0,0,0,0,0,0,9,2,0,3,5,4,0,0,15,15,459,648,
22,QUERETARO,015,Jalpan de Serra ,0049,02,C,00,URBANA,11,40,2,13,12,191,14,29,0,0,0,0,0,0,0,0,7,2,2,0,2,6,0,0,0,11,342,648,
22,QUERETARO,015,Jalpan de Serra ,0049,03,C,00,URBANA,114,29,5,16,14,206,10,30,0,0,0,0,0,0,0,0,12,1,1,0,1,1,0,0,0,12,452,648,
22,QUERETARO,015,Jalpan de Serra ,0051,01,B,00,NO URBANA,82,12,6,9,13,141,8,18,0,0,0,0,0,0,0,0,5,0,0,3,2,1,0,0,0,6,306,451,
22,QUERETARO,015,Jalpan de Serra ,0051,01,C,00,NO URBANA,91,54,3,3,14,158,5,13,0,0,0,0,0,0,0,0,4,1,0,3,6,8,0,0,0,11,374,451,
22,QUERETARO,015,Jalpan de Serra ,0052,01,B,00,NO URBANA,1,3,0,0,23,122,6,2,0,0,0,0,0,0,0,0,3,3,1,0,0,0,0,0,0,2,166,551,
22,QUERETARO,015,Jalpan de Serra ,0052,01,E,00,NO URBANA,4,1,0,2,11,83,4,2,0,0,0,0,0,0,0,0,4,0,3,1,0,1,0,0,0,13,129,406,
22,QUERETARO,015,Jalpan de Serra ,0052,01,E,00,NO URBANA,5,2,0,4,16,72,0,0,0,0,0,0,0,0,0,0,3,2,1,0,0,1,0,0,0,4,110,405,
22,QUERETARO,015,Jalpan de Serra ,0053,01,B,00,NO URBANA,20,2,0,1,33,138,4,1,0,0,0,0,0,0,0,0,1,3,1,0,0,0,0,0,0,3,207,525,
22,QUERETARO,015,Jalpan de Serra ,0053,01,C,00,NO URBANA,18,2,1,0,30,103,2,2,0,0,0,0,0,0,0,0,2,2,1,0,1,2,0,0,0,4,170,525,
22,QUERETARO,015,Jalpan de Serra ,0054,01,B,00,NO URBANA,33,20,5,2,9,129,16,23,0,0,0,0,0,0,0,0,5,1,3,1,0,2,0,0,0,16,265,462,
22,QUERETARO,015,Jalpan de Serra ,0054,01,C,00,NO URBANA,42,37,2,2,13,104,12,28,0,0,0,0,0,0,0,0,2,3,2,0,0,3,0,0,0,16,266,461,
22,QUERETARO,015,Jalpan de Serra ,0055,01,B,00,NO URBANA,115,69,7,2,10,156,3,48,0,0,0,0,0,0,0,0,5,0,0,0,5,2,0,0,0,14,436,630,
22,QUERETARO,015,Jalpan de Serra ,0055,01,C,00,NO URBANA,91,54,3,3,14,158,5,13,0,0,0,0,0,0,0,0,4,1,0,3,6,8,0,0,0,11,374,629,
22,QUERETARO,015,Jalpan de Serra ,0056,01,B,00,NO URBANA,94,3,2,2,23,155,7,6,0,0,0,0,0,0,0,0,2,4,1,3,2,0,0,0,0,17,321,561,
22,QUERETARO,015,Jalpan de Serra ,0056,01,C,00,NO URBANA,79,4,2,4,27,145,5,5,0,0,0,0,0,0,0,0,2,4,2,0,2,1,0,0,0,15,297,560,
22,QUERETARO,015,Jalpan de Serra ,0057,01,B,00,NO URBANA,64,4,1,3,15,115,5,7,0,0,0,0,0,0,0,0,7,2,0,1,3,1,0,0,0,15,243,389,
22,QUERETARO,015,Jalpan de Serra ,0057,01,C,00,NO URBANA,67,6,2,4,22,108,9,9,0,0,0,0,0,0,0,0,4,2,0,0,2,5,0,0,0,10,250,389,
22,QUERETARO,015,Jalpan de Serra ,0058,01,B,00,NO URBANA,75,7,5,10,23,241,12,19,0,0,0,0,0,0,0,0,9,4,0,0,5,4,1,0,0,24,439,670,
22,QUERETARO,015,Jalpan de Serra ,0058,01,E,00,NO URBANA,42,14,14,5,28,168,8,15,0,0,0,0,0,0,0,0,11,5,7,1,1,1,0,0,0,16,336,594,
22,QUERETARO,015,Jalpan de Serra ,0059,01,B,00,NO URBANA,39,10,3,9,13,145,12,8,0,0,0,0,0,0,0,0,9,4,3,0,0,1,0,0,0,17,273,483,
22,QUERETARO,015,Jalpan de Serra ,0059,01,C,00,NO URBANA,35,16,3,2,13,131,6,5,0,0,0,0,0,0,0,0,4,73,3,3,1,4,0,0,0,22,321,483,
22,QUERETARO,015,Jalpan de Serra ,0060,01,B,00,NO URBANA,16,4,0,6,11,191,6,2,0,0,0,0,0,0,0,0,11,3,1,1,0,0,0,0,0,14,266,516,
22,QUERETARO,015,Jalpan de Serra ,0060,01,C,00,NO URBANA,23,6,1,2,16,203,7,6,0,0,0,0,0,0,0,0,7,4,1,4,2,4,0,0,0,6,292,515,
22,QUERETARO,015,Jalpan de Serra ,0060,02,C,00,NO URBANA,19,8,3,8,8,176,10,6,0,0,0,0,0,0,0,0,7,5,1,1,0,2,0,0,0,10,264,515,
22,QUERETARO,015,Jalpan de Serra ,0060,01,E,00,NO URBANA,4,1,0,1,4,62,0,0,0,0,0,0,0,0,0,0,6,0,1,0,0,0,0,0,0,4,83,151,
22,QUERETARO,015,Jalpan de Serra ,0061,01,B,00,NO URBANA,64,24,3,4,9,109,6,118,0,0,0,0,0,0,0,0,5,3,3,0,4,7,1,1,0,3,364,595,
22,QUERETARO,015,Jalpan de Serra ,0061,01,C,00,NO URBANA,44,27,0,4,16,109,11,136,0,0,0,0,0,0,0,0,3,4,0,2,1,4,0,0,0,11,372,595,
22,QUERETARO,015,Jalpan de Serra ,0061,02,C,00,NO URBANA,56,15,3,4,6,115,8,110,0,0,0,0,0,0,0,0,2,5,0,1,5,5,0,0,0,16,351,594,
22,QUERETARO,015,Jalpan de Serra ,0061,03,C,00,NO URBANA,72,31,2,7,9,102,7,144,0,0,0,0,0,0,0,0,3,1,0,2,5,2,0,0,1,8,396,594,
22,QUERETARO,015,Jalpan de Serra ,0062,01,B,00,NO URBANA,54,14,4,7,23,226,30,9,0,0,0,0,0,0,0,0,9,11,6,7,2,4,0,0,1,26,433,689,
22,QUERETARO,015,Jalpan de Serra ,0063,01,B,00,NO URBANA,48,28,5,5,24,178,12,11,0,0,0,0,0,0,0,0,14,8,3,1,0,0,0,0,0,17,354,661,
22,QUERETARO,015,Jalpan de Serra ,0063,01,C,00,NO URBANA,40,25,5,1,20,151,11,15,0,0,0,0,0,0,0,0,9,4,1,3,0,1,0,0,0,22,308,660,
22,QUERETARO,015,Jalpan de Serra ,0064,01,B,00,NO URBANA,51,13,8,7,8,139,7,45,0,0,0,0,0,0,0,0,4,5,2,4,0,1,0,0,0,8,302,530,
22,QUERETARO,015,Jalpan de Serra ,0064,01,C,00,NO URBANA,41,12,7,9,13,130,2,59,0,0,0,0,0,0,0,0,1,5,0,0,1,5,0,0,0,12,297,529,
22,QUERETARO,015,Jalpan de Serra ,0065,01,B,00,NO URBANA,60,20,3,4,15,125,13,28,0,0,0,0,0,0,0,0,14,4,0,3,0,3,0,0,0,20,312,659,
22,QUERETARO,015,Jalpan de Serra ,0065,01,C,00,NO URBANA,54,39,2,6,21,174,12,28,0,0,0,0,0,0,0,0,8,1,1,0,0,6,0,0,0,14,366,658,
22,QUERETARO,015,Jalpan de Serra ,0065,02,C,00,NO URBANA,65,62,4,6,16,135,3,32,0,0,0,0,0,0,0,0,5,3,2,1,6,0,0,0,0,22,362,658,
22,QUERETARO,015,Jalpan de Serra ,0065,01,E,00,NO URBANA,37,16,3,2,9,125,4,6,0,0,0,0,0,0,0,0,4,5,2,2,2,1,0,0,0,11,229,330,
22,QUERETARO,015,Jalpan de Serra ,0067,01,B,00,NO URBANA,62,30,15,5,9,106,7,6,0,0,0,0,0,0,0,0,3,2,2,0,5,2,0,0,0,11,265,515,
22,QUERETARO,015,Jalpan de Serra ,0067,01,C,00,NO URBANA,71,19,5,3,11,86,14,14,0,0,0,0,0,0,0,0,4,2,3,1,0,1,0,0,0,8,242,514,
22,QUERETARO,015,Jalpan de Serra ,0068,01,B,00,NO URBANA,84,12,2,3,7,112,8,1,0,0,0,0,0,0,0,0,3,1,3,0,7,8,1,1,0,21,274,499,
22,QUERETARO,015,Jalpan de Serra ,0068,01,C,00,NO URBANA,117,19,1,2,4,99,6,3,0,0,0,0,0,0,0,0,2,2,2,3,2,7,0,0,0,15,284,498,
22,QUERETARO,015,Jalpan de Serra ,0069,01,B,00,NO URBANA,91,24,5,15,10,154,9,17,0,0,0,0,0,0,0,0,8,3,0,1,3,1,1,0,0,17,359,591,
22,QUERETARO,015,Jalpan de Serra ,0069,01,C,00,NO URBANA,88,17,4,12,17,139,5,23,0,0,0,0,0,0,0,0,9,2,1,3,3,3,0,0,0,12,338,591,
22,QUERETARO,015,Jalpan de Serra ,0069,02,C,00,NO URBANA,93,23,10,12,15,159,13,23,0,0,0,0,0,0,0,0,9,1,3,1,5,2,1,0,0,16,386,591,
22,QUERETARO,015,Jalpan de Serra ,0069,03,C,00,NO URBANA,78,31,3,9,19,173,14,16,0,0,0,0,0,0,0,0,9,3,0,5,0,3,0,0,0,13,376,590,
22,QUERETARO,015,Jalpan de Serra ,0070,01,B,00,NO URBANA,68,24,13,7,19,146,6,13,0,0,0,0,0,0,0,0,5,6,1,2,33,3,1,1,0,8,356,632,
22,QUERETARO,015,Jalpan de Serra ,0070,01,C,00,NO URBANA,44,8,17,18,18,144,3,17,0,0,0,0,0,0,0,0,1,4,0,1,5,4,0,0,0,10,294,632,
22,QUERETARO,015,Jalpan de Serra ,0070,02,C,00,NO URBANA,52,21,22,18,17,124,15,17,0,0,0,0,0,0,0,0,7,2,0,0,3,0,0,0,0,22,320,632,
22,QUERETARO,015,Jalpan de Serra ,0070,03,C,00,NO URBANA,50,20,29,4,32,143,2,26,0,0,0,0,0,0,0,0,3,6,1,3,3,1,1,0,0,22,346,632,
22,QUERETARO,015,Jalpan de Serra ,0070,04,C,00,NO URBANA,55,19,17,9,13,149,6,17,0,0,0,0,0,0,0,0,8,6,2,3,0,2,0,0,0,7,313,632,
22,QUERETARO,015,Jalpan de Serra ,0071,01,B,00,NO URBANA,77,15,3,2,28,130,11,14,0,0,0,0,0,0,0,0,10,1,1,2,3,3,0,0,0,14,314,584,
22,QUERETARO,015,Jalpan de Serra ,0071,01,C,00,NO URBANA,66,10,4,7,21,128,14,18,0,0,0,0,0,0,0,0,6,0,0,1,5,5,0,0,0,15,300,583,
22,QUERETARO,015,Jalpan de Serra ,0071,02,C,00,NO URBANA,83,29,8,8,35,113,7,15,0,0,0,0,0,0,0,0,3,2,1,1,3,3,0,0,0,14,325,583,
22,QUERETARO,015,Jalpan de Serra ,0071,01,E,00,NO URBANA,30,44,3,8,15,196,10,8,0,0,0,0,0,0,0,0,11,0,1,1,3,2,0,0,0,10,342,565,
22,QUERETARO,015,Jalpan de Serra ,0072,01,B,00,NO URBANA,94,18,10,10,19,198,9,10,0,0,0,0,0,0,0,0,5,2,1,2,3,5,0,0,0,17,403,587,
22,QUERETARO,015,Jalpan de Serra ,0072,01,C,00,NO URBANA,71,18,6,18,17,193,9,20,0,0,0,0,0,0,0,0,14,4,1,1,5,3,0,0,1,17,398,587,
22,QUERETARO,015,Jalpan de Serra ,0072,02,C,00,NO URBANA,69,26,4,29,17,163,7,18,0,0,0,0,0,0,0,0,3,5,1,0,0,3,0,0,1,15,361,587,
22,QUERETARO,015,Jalpan de Serra ,0072,01,E,00,NO URBANA,97,19,31,21,30,181,8,22,0,0,0,0,0,0,0,0,9,6,0,1,2,8,0,0,0,11,446,639,
22,QUERETARO,015,Jalpan de Serra ,0073,01,B,00,NO URBANA,74,12,5,3,8,202,7,2,0,0,0,0,0,0,0,0,16,6,8,2,1,5,0,0,0,19,370,601,
22,QUERETARO,015,Jalpan de Serra ,0073,01,C,00,NO URBANA,94,10,1,7,11,176,8,6,0,0,0,0,0,0,0,0,17,6,2,3,2,5,0,0,0,17,365,601,
22,QUERETARO,015,Jalpan de Serra ,0073,02,C,00,NO URBANA,110,7,2,6,11,166,13,5,0,0,0,0,0,0,0,0,14,5,1,3,5,1,0,0,0,10,359,601,
22,QUERETARO,015,Jalpan de Serra ,0073,03,C,00,NO URBANA,115,7,5,3,9,183,7,4,0,0,0,0,0,0,0,0,11,2,1,2,2,4,0,1,0,10,366,601,
22,QUERETARO,015,Jalpan de Serra ,0074,01,B,00,NO URBANA,36,47,1,1,7,86,3,3,0,0,0,0,0,0,0,0,2,3,2,2,3,5,0,0,1,8,210,383,
22,QUERETARO,015,Jalpan de Serra ,0074,01,C,00,NO URBANA,50,43,1,2,10,61,7,1,0,0,0,0,0,0,0,0,0,1,3,3,1,4,1,0,0,4,192,382,
22,QUERETARO,015,Jalpan de Serra ,0074,01,E,00,NO URBANA,51,12,2,4,10,151,5,3,0,0,0,0,0,0,0,0,5,4,3,4,0,9,0,0,0,5,268,334,
22,QUERETARO,015,Jalpan de Serra ,0075,01,B,00,NO URBANA,48,17,2,5,25,152,11,11,0,0,0,0,0,0,0,0,4,6,2,0,3,4,0,0,0,16,306,580,
22,QUERETARO,015,Jalpan de Serra ,0075,01,C,00,NO URBANA,73,21,9,7,26,177,3,9,0,0,0,0,0,0,0,0,2,2,0,2,2,4,0,1,0,8,346,580,
22,QUERETARO,015,Jalpan de Serra ,0075,02,C,00,NO URBANA,68,21,2,10,13,174,11,6,0,0,0,0,0,0,0,0,2,3,4,1,1,3,0,0,0,21,340,579,
22,QUERETARO,015,Jalpan de Serra ,0075,03,C,00,NO URBANA,63,16,5,6,34,153,13,3,0,0,0,0,0,0,0,0,6,1,1,2,3,7,0,0,0,15,328,579,
22,QUERETARO,015,Jalpan de Serra ,0892,01,B,00,NO URBANA,83,40,2,12,23,233,14,20,0,0,0,0,0,0,0,0,7,6,2,1,6,8,0,0,0,10,467,672,
22,QUERETARO,015,Jalpan de Serra ,0892,01,C,00,NO URBANA,95,41,3,10,22,184,12,20,0,0,0,0,0,0,0,0,6,4,2,2,1,5,0,1,1,15,424,671,
22,QUERETARO,015,Jalpan de Serra ,0892,02,C,00,NO URBANA,95,47,6,11,21,180,11,16,0,0,0,0,0,0,0,0,11,1,1,3,6,4,0,0,0,16,429,671,
22,QUERETARO,015,Jalpan de Serra ,0892,03,C,00,NO URBANA,91,35,8,15,15,148,14,26,0,0,0,0,0,0,0,0,5,2,1,2,3,4,0,0,0,15,384,671,
22,QUERETARO,015,Jalpan de Serra ,0892,04,C,00,NO URBANA,90,26,6,13,16,191,11,25,0,0,0,0,0,0,0,0,4,5,2,2,3,6,0,0,0,17,417,671,
22,QUERETARO,015,Jalpan de Serra ,0893,01,B,00,NO URBANA,129,28,5,18,26,204,8,20,0,0,0,0,0,0,0,0,5,3,3,2,3,5,0,0,1,27,487,672,
22,QUERETARO,015,Jalpan de Serra ,0969,01,B,00,NO URBANA,85,26,9,18,21,242,4,24,0,0,0,0,0,0,0,0,3,3,2,3,3,1,0,0,0,16,460,705,
22,QUERETARO,015,Jalpan de Serra ,0969,01,C,00,NO URBANA,80,23,13,17,25,241,10,37,0,0,0,0,0,0,0,0,4,5,0,1,2,3,0,0,1,17,479,705,
22,QUERETARO,015,Jalpan de Serra ,0969,02,C,00,NO URBANA,88,14,6,17,26,256,15,20,0,0,0,0,0,0,0,0,6,5,1,4,3,5,0,0,0,12,478,705,
22,QUERETARO,015,Jalpan de Serra ,0969,03,C,00,NO URBANA,65,16,5,15,26,235,10,27,0,0,0,0,0,0,0,0,6,4,2,2,1,0,0,0,0,17,431,705,
22,QUERETARO,015,Jalpan de Serra ,0970,01,B,00,NO URBANA,45,22,5,55,15,153,10,15,0,0,0,0,0,0,0,0,3,2,3,1,2,3,0,0,0,18,352,554,
22,QUERETARO,015,Jalpan de Serra ,0970,01,C,00,NO URBANA,63,30,5,37,11,134,13,13,0,0,0,0,0,0,0,0,6,1,2,1,0,2,0,0,0,12,330,553,
22,QUERETARO,015,Jalpan de Serra ,0153,01,B,00,NO URBANA,122,33,7,15,12,191,11,12,0,0,0,0,0,0,0,0,6,3,0,3,10,2,0,0,0,16,443,695,
22,QUERETARO,015,Jalpan de Serra ,0153,01,C,00,NO URBANA,119,36,4,12,13,172,16,17,0,0,0,0,0,0,0,0,8,4,0,0,7,0,0,0,0,15,423,694,
22,QUERETARO,015,Jalpan de Serra ,0153,02,C,00,NO URBANA,113,30,7,9,11,191,19,8,0,0,0,0,0,0,0,0,10,2,1,0,10,0,0,0,0,8,419,694,
22,QUERETARO,015,Jalpan de Serra ,0153,03,C,00,NO URBANA,179,27,3,13,14,173,15,13,0,0,0,0,0,0,0,0,11,0,1,1,12,0,0,0,0,23,485,694,
22,QUERETARO,015,Jalpan de Serra ,0153,04,C,00,NO URBANA,151,36,11,11,15,145,0,12,0,0,0,0,0,0,0,0,11,0,0,1,19,1,0,0,0,17,430,694,
22,QUERETARO,015,Jalpan de Serra ,0153,05,C,00,NO URBANA,122,47,11,13,13,150,12,9,0,0,0,0,0,0,0,0,6,1,0,2,12,5,0,0,0,29,432,694,
22,QUERETARO,015,Jalpan de Serra ,0154,01,B,00,NO URBANA,155,33,3,6,11,150,5,10,0,0,0,0,0,0,0,0,2,2,0,0,12,7,0,0,0,11,407,660,
22,QUERETARO,015,Jalpan de Serra ,0154,01,C,00,NO URBANA,121,38,5,23,10,123,10,17,0,0,0,0,0,0,0,0,5,2,1,3,12,6,1,0,1,25,403,659,
22,QUERETARO,015,Jalpan de Serra ,0154,02,C,00,NO URBANA,136,33,5,9,8,144,6,12,0,0,0,0,0,0,0,0,3,2,0,1,16,2,0,0,0,29,406,659,
22,QUERETARO,015,Jalpan de Serra ,0154,03,C,00,NO URBANA,133,38,5,11,8,154,6,7,0,0,0,0,0,0,0,0,6,2,1,0,11,2,2,2,0,24,412,659,
22,QUERETARO,015,Jalpan de Serra ,0154,01,S,00,NO URBANA,151,30,7,15,14,152,11,16,0,0,0,0,0,0,0,0,7,3,0,0,11,1,0,0,0,14,432,0,
22,QUERETARO,015,Jalpan de Serra ,0154,01,S,00,NO URBANA,80,14,4,11,9,87,4,13,0,0,0,0,0,0,0,0,0,0,0,0,0,0,0,0,0,13,235,0,
22,QUERETARO,015,Jalpan de Serra ,0155,01,B,00,NO URBANA,121,21,7,16,20,142,13,15,0,0,0,0,0,0,0,0,7,2,0,1,10,3,0,0,0,19,397,650,
22,QUERETARO,015,Jalpan de Serra ,0155,01,C,00,NO URBANA,125,22,5,19,16,161,12,9,0,0,0,0,0,0,0,0,5,4,0,1,7,1,0,0,1,24,412,650,
22,QUERETARO,015,Jalpan de Serra ,0155,02,C,00,NO URBANA,121,23,1,14,8,166,8,10,0,0,0,0,0,0,0,0,9,3,0,1,7,4,0,0,0,26,401,650,
22,QUERETARO,015,Jalpan de Serra ,0155,03,C,00,NO URBANA,97,27,9,9,17,144,12,14,0,0,0,0,0,0,0,0,4,1,0,0,8,2,0,0,0,17,361,650,
22,QUERETARO,015,Jalpan de Serra ,0155,04,C,00,NO URBANA,107,20,4,17,8,196,7,7,0,0,0,0,0,0,0,0,6,4,3,2,6,3,0,0,0,20,410,650,
22,QUERETARO,015,Jalpan de Serra ,0156,01,B,00,NO URBANA,129,40,6,18,13,110,9,9,0,0,0,0,0,0,0,0,3,3,0,1,9,4,0,0,0,15,369,575,
22,QUERETARO,015,Jalpan de Serra ,0156,01,C,00,NO URBANA,106,37,1,16,8,102,10,12,0,0,0,0,0,0,0,0,7,3,1,0,10,6,1,0,0,23,343,574,
22,QUERETARO,015,Jalpan de Serra ,0156,02,C,00,NO URBANA,109,33,5,10,14,124,11,8,0,0,0,0,0,0,0,0,11,2,0,0,9,3,1,0,0,28,368,574,
22,QUERETARO,015,Jalpan de Serra ,0156,03,C,00,NO URBANA,131,29,4,7,12,99,9,7,0,0,0,0,0,0,0,0,7,0,0,1,8,3,0,0,0,21,338,574,
22,QUERETARO,015,Jalpan de Serra ,0157,01,B,00,NO URBANA,64,25,8,10,19,101,8,4,0,0,0,0,0,0,0,0,6,7,0,2,5,4,1,0,0,34,298,531,
22,QUERETARO,015,Jalpan de Serra ,0157,01,C,00,NO URBANA,58,28,0,0,0,96,15,5,0,0,0,0,0,0,0,0,12,2,2,1,7,5,0,0,0,33,264,530,
22,QUERETARO,015,Jalpan de Serra ,0157,01,E,00,NO URBANA,22,3,0,4,4,47,1,4,0,0,0,0,0,0,0,0,3,2,1,1,1,1,0,0,0,18,112,205,
22,QUERETARO,015,Jalpan de Serra ,0158,01,B,00,NO URBANA,38,26,3,6,8,97,7,2,0,0,0,0,0,0,0,0,6,1,1,1,3,3,0,0,0,11,213,422,
22,QUERETARO,015,Jalpan de Serra ,0158,01,C,00,NO URBANA,46,32,6,3,13,93,9,3,0,0,0,0,0,0,0,0,3,2,3,2,1,1,0,0,0,22,239,421,
22,QUERETARO,015,Jalpan de Serra ,0158,01,E,00,NO URBANA,20,13,2,0,5,13,1,2,0,0,0,0,0,0,0,0,0,1,0,0,0,3,0,0,0,3,63,127,
22,QUERETARO,015,Jalpan de Serra ,0158,02,E,00,NO URBANA,19,11,2,1,6,31,6,2,0,0,0,0,0,0,0,0,0,2,1,0,6,2,0,0,0,13,102,196,
22,QUERETARO,015,Jalpan de Serra ,0159,01,B,00,NO URBANA,38,26,1,5,17,72,5,6,0,0,0,0,0,0,0,0,2,1,0,2,5,4,0,0,0,28,212,416,
22,QUERETARO,015,Jalpan de Serra ,0160,01,B,00,NO URBANA,35,17,2,4,11,132,13,4,0,0,0,0,0,0,0,0,7,3,0,0,4,0,0,0,0,14,246,376,
22,QUERETARO,015,Jalpan de Serra ,0160,01,E,00,NO URBANA,30,12,3,8,10,86,11,2,0,0,0,0,0,0,0,0,4,1,0,0,2,0,0,0,1,8,178,278,
22,QUERETARO,015,Jalpan de Serra ,0161,01,B,00,NO URBANA,81,29,4,12,15,143,10,8,0,0,0,0,0,0,0,0,6,2,0,2,7,3,1,0,2,31,356,602,
22,QUERETARO,015,Jalpan de Serra ,0161,01,C,00,NO URBANA,72,25,10,13,15,161,11,4,0,0,0,0,0,0,0,0,12,3,1,2,7,1,0,0,0,19,356,602,
22,QUERETARO,015,Jalpan de Serra ,0161,02,C,00,NO URBANA,82,34,10,18,23,134,15,11,0,0,0,0,0,0,0,0,5,1,1,0,7,4,0,1,0,25,371,602,
22,QUERETARO,015,Jalpan de Serra ,0162,01,B,00,NO URBANA,27,10,2,8,10,55,3,2,0,0,0,0,0,0,0,0,3,2,0,1,3,0,0,0,0,11,137,269,
22,QUERETARO,015,Jalpan de Serra ,0162,01,E,00,NO URBANA,29,10,0,6,3,60,10,0,0,0,0,0,0,0,0,0,4,3,1,3,5,0,0,0,0,11,145,249,
22,QUERETARO,015,Jalpan de Serra ,0163,01,B,00,NO URBANA,92,29,6,7,14,114,10,2,0,0,0,0,0,0,0,0,4,1,2,0,3,0,1,0,0,20,305,555,
22,QUERETARO,015,Jalpan de Serra ,0163,01,E,00,NO URBANA,19,18,3,3,3,14,3,2,0,0,0,0,0,0,0,0,0,0,0,0,0,1,0,0,0,4,70,123,
22,QUERETARO,015,Jalpan de Serra ,0164,01,B,00,NO URBANA,76,9,4,7,8,104,9,4,0,0,0,0,0,0,0,0,2,2,0,1,6,2,0,0,0,26,260,513,
22,QUERETARO,015,Jalpan de Serra ,0164,01,C,00,NO URBANA,57,11,4,9,13,112,11,9,0,0,0,0,0,0,0,0,3,2,0,2,10,0,1,0,0,34,278,512,
22,QUERETARO,015,Jalpan de Serra ,0165,01,B,00,NO URBANA,44,13,1,8,4,90,5,2,0,0,0,0,0,0,0,0,4,3,2,0,6,0,0,0,0,17,199,325,
22,QUERETARO,015,Jalpan de Serra ,0165,01,E,00,NO URBANA,45,8,1,3,8,77,4,1,0,0,0,0,0,0,0,0,3,1,1,2,3,1,2,0,0,20,180,313,
22,QUERETARO,015,Jalpan de Serra ,0166,01,B,00,NO URBANA,100,24,8,18,22,165,19,10,0,0,0,0,0,0,0,0,9,7,2,1,3,7,1,0,0,37,433,722,
22,QUERETARO,015,Jalpan de Serra ,0167,01,B,00,NO URBANA,55,11,4,6,22,134,22,11,0,0,0,0,0,0,0,0,3,5,0,2,3,2,2,0,0,34,316,517,
22,QUERETARO,015,Jalpan de Serra ,0167,01,E,00,NO URBANA,81,23,6,5,28,126,11,12,0,0,0,0,0,0,0,0,0,2,0,0,1,1,0,0,0,31,327,637,
22,QUERETARO,015,Jalpan de Serra ,0167,02,E,00,NO URBANA,60,12,9,7,14,114,9,8,0,0,0,0,0,0,0,0,2,2,1,0,2,1,0,0,0,20,261,460,
22,QUERETARO,015,Jalpan de Serra ,0168,01,B,00,NO URBANA,180,67,0,7,8,120,8,3,0,0,0,0,0,0,0,0,6,1,0,3,4,2,3,0,0,25,437,660,
22,QUERETARO,015,Jalpan de Serra ,0168,01,C,00,NO URBANA,171,95,4,2,13,125,9,3,0,0,0,0,0,0,0,0,3,3,0,0,6,2,2,0,0,16,454,659,
22,QUERETARO,015,Jalpan de Serra ,0168,02,C,00,NO URBANA,156,112,2,13,6,96,8,2,0,0,0,0,0,0,0,0,3,0,0,0,5,1,1,0,0,19,424,659,
22,QUERETARO,015,Jalpan de Serra ,0168,03,C,00,NO URBANA,165,94,1,7,7,103,3,4,0,0,0,0,0,0,0,0,9,2,0,3,5,3,1,0,1,33,441,659,
22,QUERETARO,015,Jalpan de Serra ,0169,01,B,00,NO URBANA,100,58,2,1,10,71,4,0,0,0,0,0,0,0,0,0,1,1,0,1,1,1,0,0,0,20,271,518,
22,QUERETARO,015,Jalpan de Serra ,0169,01,C,00,NO URBANA,96,80,2,2,7,53,2,3,0,0,0,0,0,0,0,0,0,1,4,0,3,4,0,0,0,20,277,517,
22,QUERETARO,015,Jalpan de Serra ,0170,01,B,00,NO URBANA,114,75,2,0,13,112,6,1,0,0,0,0,0,0,0,0,5,4,0,3,2,0,0,0,0,23,360,605,
22,QUERETARO,015,Jalpan de Serra ,0170,01,E,00,NO URBANA,64,125,0,1,5,64,7,1,0,0,0,0,0,0,0,0,1,0,0,1,4,3,0,0,0,22,298,458,
22,QUERETARO,015,Jalpan de Serra ,0171,01,B,00,NO URBANA,131,163,1,5,11,101,5,3,0,0,0,0,0,0,0,0,5,6,3,1,4,1,0,0,0,41,481,718,
22,QUERETARO,015,Jalpan de Serra ,0171,01,C,00,NO URBANA,116,138,5,11,9,106,10,1,0,0,0,0,0,0,0,0,9,1,2,0,6,3,1,2,0,23,443,717,
22,QUERETARO,015,Jalpan de Serra ,0171,01,E,00,NO URBANA,26,60,1,0,2,16,2,1,0,0,0,0,0,0,0,0,1,0,0,0,1,1,1,0,0,15,127,183,
22,QUERETARO,015,Jalpan de Serra ,0172,01,B,00,NO URBANA,133,63,0,3,9,90,11,0,0,0,0,0,0,0,0,0,4,0,3,0,4,0,1,0,0,15,336,564,
22,QUERETARO,015,Jalpan de Serra ,0172,01,C,00,NO URBANA,94,83,2,2,7,71,9,0,0,0,0,0,0,0,0,0,2,1,2,1,3,2,1,0,0,26,306,563,
22,QUERETARO,015,Jalpan de Serra ,0173,01,B,00,NO URBANA,94,101,3,2,9,6,2,2,0,0,0,0,0,0,0,0,3,1,0,0,0,1,1,0,0,14,239,428,
22,QUERETARO,015,Jalpan de Serra ,0173,01,C,00,NO URBANA,110,89,2,1,10,55,4,1,0,0,0,0,0,0,0,0,3,1,1,0,0,1,0,0,0,21,299,428,
22,QUERETARO,015,Jalpan de Serra ,0174,01,B,00,NO URBANA,103,107,2,8,2,122,16,1,0,0,0,0,0,0,0,0,7,1,2,0,2,0,0,0,0,17,390,616,
22,QUERETARO,015,Jalpan de Serra ,0174,01,C,00,NO URBANA,95,101,3,5,9,112,13,4,0,0,0,0,0,0,0,0,6,0,1,1,5,1,1,0,0,24,381,616,
22,QUERETARO,015,Jalpan de Serra ,0174,02,C,00,NO URBANA,93,77,2,9,11,104,13,8,0,0,0,0,0,0,0,0,4,2,0,2,2,1,0,0,0,25,353,616,
22,QUERETARO,015,Jalpan de Serra ,0175,01,B,00,NO URBANA,115,149,5,2,10,90,9,1,0,0,0,0,0,0,0,0,7,1,0,0,3,2,0,1,0,29,424,640,
22,QUERETARO,015,Jalpan de Serra ,0175,01,E,00,NO URBANA,59,117,4,1,8,58,7,1,0,0,0,0,0,0,0,0,2,1,0,0,0,3,1,0,0,20,282,506,
22,QUERETARO,015,Jalpan de Serra ,0176,01,B,00,NO URBANA,150,145,5,11,11,87,5,0,0,0,0,0,0,0,0,0,6,3,0,1,1,3,1,0,0,18,447,625,
22,QUERETARO,015,Jalpan de Serra ,0176,01,C,00,NO URBANA,138,153,2,6,6,97,5,3,0,0,0,0,0,0,0,0,2,0,0,0,6,1,0,1,0,19,439,624,
22,QUERETARO,015,Jalpan de Serra ,0176,01,E,00,NO URBANA,132,90,1,1,3,29,1,1,0,0,0,0,0,0,0,0,0,1,0,0,0,1,0,0,0,22,282,357,
22,QUERETARO,015,Jalpan de Serra ,0176,02,E,00,NO URBANA,40,59,1,3,6,13,3,2,0,0,0,0,0,0,0,0,0,1,0,0,0,0,0,0,0,17,145,196,
22,QUERETARO,015,Jalpan de Serra ,0177,01,B,00,NO URBANA,35,91,1,2,6,62,6,1,0,0,0,0,0,0,0,0,4,0,0,0,0,1,1,1,0,21,232,371,
22,QUERETARO,015,Jalpan de Serra ,0177,01,E,00,NO URBANA,59,92,1,2,6,42,1,1,0,0,0,0,0,0,0,0,3,1,3,0,0,2,1,0,0,16,230,333,
22,QUERETARO,015,Jalpan de Serra ,0178,01,B,00,NO URBANA,89,85,0,1,6,62,8,2,0,0,0,0,0,0,0,0,4,2,0,1,1,0,1,1,0,16,279,486,
22,QUERETARO,015,Jalpan de Serra ,0179,01,B,00,NO URBANA,95,126,2,3,10,68,7,3,0,0,0,0,0,0,0,0,1,1,2,0,1,2,1,0,0,17,339,494,
22,QUERETARO,015,Jalpan de Serra ,0180,01,B,00,NO URBANA,130,107,5,102,7,96,9,4,0,0,0,0,0,0,0,0,4,4,1,1,3,3,2,1,0,29,508,719,
22,QUERETARO,015,Jalpan de Serra ,0180,01,E,00,NO URBANA,115,90,1,5,7,49,0,1,0,0,0,0,0,0,0,0,1,1,2,2,1,1,2,0,0,35,313,465,
22,QUERETARO,015,Jalpan de Serra ,0180,02,E,00,NO URBANA,95,82,2,8,12,82,6,1,0,0,0,0,0,0,0,0,0,0,0,1,0,0,0,0,0,20,309,464,
22,QUERETARO,015,Jalpan de Serra ,0181,01,B,00,NO URBANA,185,46,2,8,20,52,7,1,0,0,0,0,0,0,0,0,1,0,0,0,1,0,0,0,0,16,339,529,
22,QUERETARO,015,Jalpan de Serra ,0248,01,B,00,NO URBANA,204,27,56,11,17,92,7,8,0,0,0,0,0,0,0,0,3,0,0,4,2,5,0,0,0,25,461,615,
22,QUERETARO,015,Jalpan de Serra ,0248,01,C,00,NO URBANA,201,34,37,7,13,84,7,14,0,0,0,0,0,0,0,0,2,3,0,2,3,6,2,0,0,30,445,615,
22,QUERETARO,015,Jalpan de Serra ,0248,02,C,00,NO URBANA,226,34,27,5,8,82,15,0,0,0,0,0,0,0,0,0,6,3,1,0,1,5,0,0,0,21,434,614,
22,QUERETARO,015,Jalpan de Serra ,0248,01,E,00,NO URBANA,125,7,10,3,14,43,4,1,0,0,0,0,0,0,0,0,1,0,1,1,3,4,0,0,0,11,228,276,
22,QUERETARO,015,Jalpan de Serra ,0249,01,B,00,NO URBANA,167,41,46,14,9,61,7,9,0,0,0,0,0,0,0,0,3,1,0,1,4,6,1,0,0,18,388,493,
22,QUERETARO,015,Jalpan de Serra ,0249,01,C,00,NO URBANA,155,40,55,9,14,56,7,7,0,0,0,0,0,0,0,0,4,2,2,0,1,12,1,0,0,24,389,493,
22,QUERETARO,015,Jalpan de Serra ,0250,01,B,00,NO URBANA,160,9,29,3,8,34,7,3,0,0,0,0,0,0,0,0,2,1,0,1,1,8,0,0,0,18,284,562,
22,QUERETARO,015,Jalpan de Serra ,0250,01,C,00,NO URBANA,136,10,44,10,6,38,4,5,0,0,0,0,0,0,0,0,1,3,0,2,3,7,0,0,0,20,289,562,
22,QUERETARO,015,Jalpan de Serra ,0250,01,E,00,NO URBANA,74,7,70,3,6,46,8,3,0,0,0,0,0,0,0,0,5,2,2,1,2,4,0,0,1,21,255,460,
22,QUERETARO,015,Jalpan de Serra ,0251,01,B,00,NO URBANA,124,19,109,3,14,70,3,1,0,0,0,0,0,0,0,0,0,1,1,1,2,8,1,0,0,20,377,590,
22,QUERETARO,015,Jalpan de Serra ,0251,01,C,00,NO URBANA,152,18,87,4,11,45,7,0,0,0,0,0,0,0,0,0,0,2,2,1,2,7,0,2,0,16,356,589,
22,QUERETARO,015,Jalpan de Serra ,0251,01,E,00,NO URBANA,115,5,68,4,17,42,4,0,0,0,0,0,0,0,0,0,2,1,1,0,0,4,2,1,0,19,285,435,
22,QUERETARO,015,Jalpan de Serra ,0252,01,B,00,NO URBANA,87,11,30,7,5,27,1,1,0,0,0,0,0,0,0,0,0,0,2,0,0,5,0,0,0,20,196,380,
22,QUERETARO,015,Jalpan de Serra ,0252,01,C,00,NO URBANA,105,13,37,1,10,36,7,1,0,0,0,0,0,0,0,0,2,0,0,0,0,6,0,1,0,9,228,380,
22,QUERETARO,015,Jalpan de Serra ,0253,01,B,00,NO URBANA,160,9,47,9,11,89,8,3,0,0,0,0,0,0,0,0,4,3,1,2,5,6,1,0,0,26,384,642,
22,QUERETARO,015,Jalpan de Serra ,0253,01,C,00,NO URBANA,184,16,68,14,10,79,4,6,0,0,0,0,0,0,0,0,0,1,1,0,3,3,0,0,0,21,410,641,
22,QUERETARO,015,Jalpan de Serra ,0253,02,C,00,NO URBANA,161,24,61,12,9,75,13,10,0,0,0,0,0,0,0,0,4,1,0,0,6,4,0,0,0,21,401,641,
22,QUERETARO,015,Jalpan de Serra ,0253,03,C,00,NO URBANA,178,16,54,9,9,67,4,6,0,0,0,0,0,0,0,0,4,0,2,1,4,5,1,0,0,27,387,641,
22,QUERETARO,015,Jalpan de Serra ,0254,01,B,00,NO URBANA,125,22,48,5,6,41,5,2,0,0,0,0,0,0,0,0,1,2,0,0,2,7,0,0,0,16,282,476,
22,QUERETARO,015,Jalpan de Serra ,0254,01,C,00,NO URBANA,104,19,50,4,12,31,6,6,0,0,0,0,0,0,0,0,1,0,0,1,3,6,1,0,0,17,261,475,
22,QUERETARO,015,Jalpan de Serra ,0254,01,E,00,NO URBANA,60,16,37,5,8,34,6,2,0,0,0,0,0,0,0,0,0,0,0,1,1,4,0,0,0,14,188,367,
22,QUERETARO,015,Jalpan de Serra ,0255,01,B,00,NO URBANA,104,12,29,3,4,36,3,1,0,0,0,0,0,0,0,0,0,0,1,2,1,3,0,0,0,19,218,372,
22,QUERETARO,015,Jalpan de Serra ,0256,01,B,00,NO URBANA,117,29,49,4,17,66,22,6,0,0,0,0,0,0,0,0,6,0,1,2,3,9,1,1,0,39,372,631,
22,QUERETARO,015,Jalpan de Serra ,0256,01,E,00,NO URBANA,25,3,10,0,6,12,5,1,0,0,0,0,0,0,0,0,0,2,0,0,0,1,0,0,0,10,75,114,
22,QUERETARO,015,Jalpan de Serra ,0256,02,E,00,NO URBANA,54,4,11,1,7,50,3,0,0,0,0,0,0,0,0,0,0,1,1,0,2,2,0,0,0,6,142,178,
22,QUERETARO,015,Jalpan de Serra ,0257,01,B,00,NO URBANA,166,14,34,4,29,59,6,6,0,0,0,0,0,0,0,0,1,1,2,0,3,4,0,1,0,16,346,475,
22,QUERETARO,015,Jalpan de Serra ,0258,01,B,00,NO URBANA,221,27,65,19,22,75,8,4,0,0,0,0,0,0,0,0,0,1,2,0,3,10,1,0,0,24,482,747,
22,QUERETARO,015,Jalpan de Serra ,0258,01,E,00,NO URBANA,128,16,45,1,19,75,9,3,0,0,0,0,0,0,0,0,3,3,2,0,0,4,0,0,0,28,336,472,
22,QUERETARO,015,Jalpan de Serra ,0259,01,B,00,NO URBANA,108,12,54,4,10,59,8,3,0,0,0,0,0,0,0,0,1,1,2,2,3,9,1,0,0,34,311,531,
22,QUERETARO,015,Jalpan de Serra ,0259,01,C,00,NO URBANA,61,13,59,3,18,60,9,5,0,0,0,0,0,0,0,0,1,2,2,4,3,6,1,0,0,26,273,530,
22,QUERETARO,015,Jalpan de Serra ,0260,01,B,00,NO URBANA,81,9,50,8,18,96,8,2,0,0,0,0,0,0,0,0,2,3,2,0,4,3,2,0,0,19,307,523,
22,QUERETARO,015,Jalpan de Serra ,0260,01,C,00,NO URBANA,97,18,41,1,13,78,18,6,0,0,0,0,0,0,0,0,4,1,0,1,2,5,1,0,0,23,309,522,
22,QUERETARO,015,Jalpan de Serra ,0260,01,E,00,NO URBANA,54,5,13,1,7,43,8,1,0,0,0,0,0,0,0,0,0,1,0,0,0,5,0,3,0,11,152,296,
22,QUERETARO,015,Jalpan de Serra ,0261,01,B,00,NO URBANA,106,9,40,6,12,64,1,7,0,0,0,0,0,0,0,0,2,1,1,2,5,11,1,3,0,33,304,565,
22,QUERETARO,015,Jalpan de Serra ,0261,01,C,00,NO URBANA,96,26,45,1,18,37,16,1,0,0,0,0,0,0,0,0,1,0,1,0,3,11,0,1,0,28,285,564,
22,QUERETARO,015,Jalpan de Serra ,0261,01,E,00,NO URBANA,61,4,51,6,15,55,1,1,0,0,0,0,0,0,0,0,3,5,0,0,1,7,0,0,0,30,240,428,
22,QUERETARO,015,Jalpan de Serra ,0262,01,B,00,NO URBANA,128,35,78,6,20,66,7,3,0,0,0,0,0,0,0,0,1,0,0,0,1,19,0,0,0,37,401,612,
22,QUERETARO,015,Jalpan de Serra ,0262,01,C,00,NO URBANA,144,45,57,6,19,63,4,2,0,0,0,0,0,0,0,0,2,3,0,5,5,20,0,2,1,20,398,611,
22,QUERETARO,015,Jalpan de Serra ,0262,01,E,00,NO URBANA,62,11,59,3,13,56,4,3,0,0,0,0,0,0,0,0,3,0,1,0,0,8,0,1,0,12,236,335,
22,QUERETARO,015,Jalpan de Serra ,0263,01,B,00,NO URBANA,133,13,27,5,15,36,8,1,0,0,0,0,0,0,0,0,1,1,0,1,0,8,1,0,0,13,263,398,
22,QUERETARO,015,Jalpan de Serra ,0263,01,E,00,NO URBANA,7,0,27,2,5,20,0,1,0,0,0,0,0,0,0,0,0,0,0,0,0,1,0,0,0,5,68,90,
22,QUERETARO,015,Jalpan de Serra ,0264,01,B,00,NO URBANA,173,16,42,7,22,107,18,6,0,0,0,0,0,0,0,0,3,5,0,2,0,8,0,0,0,28,437,670,
22,QUERETARO,015,Jalpan de Serra ,0265,01,B,00,NO URBANA,14,7,19,2,11,20,4,0,0,0,0,0,0,0,0,0,0,1,0,0,0,0,0,0,0,9,87,161,
22,QUERETARO,015,Jalpan de Serra ,0265,01,E,00,NO URBANA,32,4,1,0,2,16,0,0,0,0,0,0,0,0,0,0,0,0,1,0,0,0,0,0,0,2,58,122,
22,QUERETARO,015,Jalpan de Serra ,0556,01,B,00,NO URBANA,75,43,9,5,81,94,3,26,0,0,0,0,0,0,0,0,7,3,1,0,4,2,0,0,0,28,381,575,
22,QUERETARO,015,Jalpan de Serra ,0556,01,C,00,NO URBANA,75,67,8,11,86,91,4,22,0,0,0,0,0,0,0,0,4,2,1,0,5,1,0,0,0,24,401,575,
22,QUERETARO,015,Jalpan de Serra ,0557,01,B,00,NO URBANA,84,35,6,10,108,121,5,15,0,0,0,0,0,0,0,0,5,5,0,0,6,0,0,0,0,22,422,616,
22,QUERETARO,015,Jalpan de Serra ,0557,01,C,00,NO URBANA,82,66,6,7,95,98,5,19,0,0,0,0,0,0,0,0,3,5,1,0,3,0,0,0,1,25,416,616,
22,QUERETARO,015,Jalpan de Serra ,0557,02,C,00,NO URBANA,96,43,3,12,109,99,7,16,0,0,0,0,0,0,0,0,2,3,4,1,4,0,0,0,0,30,429,615,
22,QUERETARO,015,Jalpan de Serra ,0557,03,C,00,NO URBANA,73,34,4,10,136,97,4,11,0,0,0,0,0,0,0,0,3,5,1,0,5,0,0,0,0,25,408,615,
22,QUERETARO,015,Jalpan de Serra ,0557,01,E,00,NO URBANA,36,16,2,3,96,144,9,11,0,0,0,0,0,0,0,0,5,8,2,2,1,1,1,0,0,14,351,544,
22,QUERETARO,015,Jalpan de Serra ,0558,01,B,00,NO URBANA,13,23,2,3,114,40,7,3,0,0,0,0,0,0,0,0,0,3,0,0,0,1,0,0,0,24,233,492,
22,QUERETARO,015,Jalpan de Serra ,0558,01,C,00,NO URBANA,20,14,3,1,123,41,8,5,0,0,0,0,0,0,0,0,0,1,0,0,0,0,0,0,0,37,253,491,
22,QUERETARO,015,Jalpan de Serra ,0558,01,E,00,NO URBANA,30,13,5,4,56,100,5,3,0,0,0,0,0,0,0,0,5,4,1,1,0,0,0,0,0,23,250,496,
22,QUERETARO,015,Jalpan de Serra ,0559,01,B,00,NO URBANA,31,22,2,1,114,33,1,0,0,0,0,0,0,0,0,0,1,2,0,0,0,1,0,0,0,16,224,407,
22,QUERETARO,015,Jalpan de Serra ,0560,01,B,00,NO URBANA,36,22,2,4,53,55,5,10,0,0,0,0,0,0,0,0,1,2,0,0,1,0,0,0,0,9,200,365,
22,QUERETARO,015,Jalpan de Serra ,0560,01,E,00,NO URBANA,31,18,3,3,98,83,2,5,0,0,0,0,0,0,0,0,1,2,0,0,0,0,0,0,0,17,263,470,
22,QUERETARO,015,Jalpan de Serra ,0560,02,E,00,NO URBANA,13,9,1,1,24,48,1,3,0,0,0,0,0,0,0,0,1,0,1,0,0,2,0,0,1,4,109,207,
22,QUERETARO,015,Jalpan de Serra ,0561,01,B,00,NO URBANA,4,4,0,2,32,27,1,1,0,0,0,0,0,0,0,0,0,0,0,3,0,0,0,0,0,7,81,149,
22,QUERETARO,015,Jalpan de Serra ,0561,01,E,00,NO URBANA,15,11,1,4,26,15,3,0,0,0,0,0,0,0,0,0,0,0,0,0,0,0,0,0,0,5,80,133,
22,QUERETARO,015,Jalpan de Serra ,0562,01,B,00,NO URBANA,63,15,3,3,75,37,4,4,0,0,0,0,0,0,0,0,1,3,0,0,0,0,0,0,0,8,216,287,
,,,,,,,,,,,,,,,,,,,,,,,,,,,,,,,,,,,,,
,,,,,,,,,,,,,,,,,,,,,,,,,,,,,,,,,,,,,
SIGLAS_PARTICIPANTE,NOMBRE_PARTICIPANTE,,,,,,,,,,,,,,,,,,,,,,,,,,,,,,,,,,,,
PAN,PARTIDO ACCION NACIONAL,,,,,,,,,,,,,,,,,,,,,,,,,,,,,,,,,,,,
PRI,PARTIDO REVOLUCIONARIO INSTITUCIONAL,,,,,,,,,,,,,,,,,,,,,,,,,,,,,,,,,,,,
PRD,PARTIDO DE LA REVOLUCION DEMOCRATICA,,,,,,,,,,,,,,,,,,,,,,,,,,,,,,,,,,,,
MC,MOVIMIENTO CIUDADANO,,,,,,,,,,,,,,,,,,,,,,,,,,,,,,,,,,,,
PVEM,PARTIDO VERDE ECOLOGISTA DE MEXICO,,,,,,,,,,,,,,,,,,,,,,,,,,,,,,,,,,,,
MORENA,MORENA,,,,,,,,,,,,,,,,,,,,,,,,,,,,,,,,,,,,
PT,PARTIDO DEL TRABAJO,,,,,,,,,,,,,,,,,,,,,,,,,,,,,,,,,,,,
PQS,PARTIDO QUERETARO SEGURO,,,,,,,,,,,,,,,,,,,,,,,,,,,,,,,,,,,,
LDBG,LEONARDO DIEZ DE BONILLA GONZALEZ,,,,,,,,,,,,,,,,,,,,,,,,,,,,,,,,,,,,
SMG,SERGIO MARTINEZ GOMEZ,,,,,,,,,,,,,,,,,,,,,,,,,,,,,,,,,,,,
EMC,EFRAIN MUÑOZ COSME,,,,,,,,,,,,,,,,,,,,,,,,,,,,,,,,,,,,
RHR,RUBEN HERNANDEZ ROBLES,,,,,,,,,,,,,,,,,,,,,,,,,,,,,,,,,,,,
JBLL,J. BELEM LEDESMA LEDESMA,,,,,,,,,,,,,,,,,,,,,,,,,,,,,,,,,,,,
MRGH,MARIA DEL ROSARIO GARCIA HUERTA,,,,,,,,,,,,,,,,,,,,,,,,,,,,,,,,,,,,
ATV,ANDRES TREJO VALENCIA,,,,,,,,,,,,,,,,,,,,,,,,,,,,,,,,,,,,
SSP,SAUL SANCHEZ PEREZ,,,,,,,,,,,,,,,,,,,,,,,,,,,,,,,,,,,,
C1,PVEM-MORENA-PT,,,,,,,,,,,,,,,,,,,,,,,,,,,,,,,,,,,,
C2,PVEM-MORENA,,,,,,,,,,,,,,,,,,,,,,,,,,,,,,,,,,,,
C3,PVEM-PT,,,,,,,,,,,,,,,,,,,,,,,,,,,,,,,,,,,,
C4,MORENA-PT,,,,,,,,,,,,,,,,,,,,,,,,,,,,,,,,,,,,
C5,PAN-PRI-PRD,,,,,,,,,,,,,,,,,,,,,,,,,,,,,,,,,,,,
C6,PAN-PRI,,,,,,,,,,,,,,,,,,,,,,,,,,,,,,,,,,,,
C7,PAN-PRD,,,,,,,,,,,,,,,,,,,,,,,,,,,,,,,,,,,,
C8,PRI-PRD,,,,,,,,,,,,,,,,,,,,,,,,,,,,,,,,,,,,
