<?xml version="1.0" encoding="UTF-8"?>
<kml xmlns="http://www.opengis.net/kml/2.2">
  <Document>
    <name>Distritos Electorales Locales del Estado de Querétaro</name>
    <description/>
    <Style id="poly-006064-4000-168-normal">
      <LineStyle>
        <color>ff646000</color>
        <width>4</width>
      </LineStyle>
      <PolyStyle>
        <color>a8646000</color>
        <fill>1</fill>
        <outline>1</outline>
      </PolyStyle>
    </Style>
    <Style id="poly-006064-4000-168-highlight">
      <LineStyle>
        <color>ff646000</color>
        <width>6</width>
      </LineStyle>
      <PolyStyle>
        <color>a8646000</color>
        <fill>1</fill>
        <outline>1</outline>
      </PolyStyle>
    </Style>
    <StyleMap id="poly-006064-4000-168">
      <Pair>
        <key>normal</key>
        <styleUrl>#poly-006064-4000-168-normal</styleUrl>
      </Pair>
      <Pair>
        <key>highlight</key>
        <styleUrl>#poly-006064-4000-168-highlight</styleUrl>
      </Pair>
    </StyleMap>
    <Style id="poly-01579B-4000-168-normal">
      <LineStyle>
        <color>ff9b5701</color>
        <width>4</width>
      </LineStyle>
      <PolyStyle>
        <color>a89b5701</color>
        <fill>1</fill>
        <outline>1</outline>
      </PolyStyle>
    </Style>
    <Style id="poly-01579B-4000-168-highlight">
      <LineStyle>
        <color>ff9b5701</color>
        <width>6</width>
      </LineStyle>
      <PolyStyle>
        <color>a89b5701</color>
        <fill>1</fill>
        <outline>1</outline>
      </PolyStyle>
    </Style>
    <StyleMap id="poly-01579B-4000-168">
      <Pair>
        <key>normal</key>
        <styleUrl>#poly-01579B-4000-168-normal</styleUrl>
      </Pair>
      <Pair>
        <key>highlight</key>
        <styleUrl>#poly-01579B-4000-168-highlight</styleUrl>
      </Pair>
    </StyleMap>
    <Style id="poly-097138-4000-168-normal">
      <LineStyle>
        <color>ff387109</color>
        <width>4</width>
      </LineStyle>
      <PolyStyle>
        <color>a8387109</color>
        <fill>1</fill>
        <outline>1</outline>
      </PolyStyle>
    </Style>
    <Style id="poly-097138-4000-168-highlight">
      <LineStyle>
        <color>ff387109</color>
        <width>6</width>
      </LineStyle>
      <PolyStyle>
        <color>a8387109</color>
        <fill>1</fill>
        <outline>1</outline>
      </PolyStyle>
    </Style>
    <StyleMap id="poly-097138-4000-168">
      <Pair>
        <key>normal</key>
        <styleUrl>#poly-097138-4000-168-normal</styleUrl>
      </Pair>
      <Pair>
        <key>highlight</key>
        <styleUrl>#poly-097138-4000-168-highlight</styleUrl>
      </Pair>
    </StyleMap>
    <Style id="poly-1A237E-4000-168-normal">
      <LineStyle>
        <color>ff7e231a</color>
        <width>4</width>
      </LineStyle>
      <PolyStyle>
        <color>a87e231a</color>
        <fill>1</fill>
        <outline>1</outline>
      </PolyStyle>
    </Style>
    <Style id="poly-1A237E-4000-168-highlight">
      <LineStyle>
        <color>ff7e231a</color>
        <width>6</width>
      </LineStyle>
      <PolyStyle>
        <color>a87e231a</color>
        <fill>1</fill>
        <outline>1</outline>
      </PolyStyle>
    </Style>
    <StyleMap id="poly-1A237E-4000-168">
      <Pair>
        <key>normal</key>
        <styleUrl>#poly-1A237E-4000-168-normal</styleUrl>
      </Pair>
      <Pair>
        <key>highlight</key>
        <styleUrl>#poly-1A237E-4000-168-highlight</styleUrl>
      </Pair>
    </StyleMap>
    <Style id="poly-4E342E-4000-168-normal">
      <LineStyle>
        <color>ff2e344e</color>
        <width>4</width>
      </LineStyle>
      <PolyStyle>
        <color>a82e344e</color>
        <fill>1</fill>
        <outline>1</outline>
      </PolyStyle>
    </Style>
    <Style id="poly-4E342E-4000-168-highlight">
      <LineStyle>
        <color>ff2e344e</color>
        <width>6</width>
      </LineStyle>
      <PolyStyle>
        <color>a82e344e</color>
        <fill>1</fill>
        <outline>1</outline>
      </PolyStyle>
    </Style>
    <StyleMap id="poly-4E342E-4000-168">
      <Pair>
        <key>normal</key>
        <styleUrl>#poly-4E342E-4000-168-normal</styleUrl>
      </Pair>
      <Pair>
        <key>highlight</key>
        <styleUrl>#poly-4E342E-4000-168-highlight</styleUrl>
      </Pair>
    </StyleMap>
    <Style id="poly-558B2F-4000-168-normal">
      <LineStyle>
        <color>ff2f8b55</color>
        <width>4</width>
      </LineStyle>
      <PolyStyle>
        <color>a82f8b55</color>
        <fill>1</fill>
        <outline>1</outline>
      </PolyStyle>
    </Style>
    <Style id="poly-558B2F-4000-168-highlight">
      <LineStyle>
        <color>ff2f8b55</color>
        <width>6</width>
      </LineStyle>
      <PolyStyle>
        <color>a82f8b55</color>
        <fill>1</fill>
        <outline>1</outline>
      </PolyStyle>
    </Style>
    <StyleMap id="poly-558B2F-4000-168">
      <Pair>
        <key>normal</key>
        <styleUrl>#poly-558B2F-4000-168-normal</styleUrl>
      </Pair>
      <Pair>
        <key>highlight</key>
        <styleUrl>#poly-558B2F-4000-168-highlight</styleUrl>
      </Pair>
    </StyleMap>
    <Style id="poly-673AB7-4000-168-normal">
      <LineStyle>
        <color>ffb73a67</color>
        <width>4</width>
      </LineStyle>
      <PolyStyle>
        <color>a8b73a67</color>
        <fill>1</fill>
        <outline>1</outline>
      </PolyStyle>
    </Style>
    <Style id="poly-673AB7-4000-168-highlight">
      <LineStyle>
        <color>ffb73a67</color>
        <width>6</width>
      </LineStyle>
      <PolyStyle>
        <color>a8b73a67</color>
        <fill>1</fill>
        <outline>1</outline>
      </PolyStyle>
    </Style>
    <StyleMap id="poly-673AB7-4000-168">
      <Pair>
        <key>normal</key>
        <styleUrl>#poly-673AB7-4000-168-normal</styleUrl>
      </Pair>
      <Pair>
        <key>highlight</key>
        <styleUrl>#poly-673AB7-4000-168-highlight</styleUrl>
      </Pair>
    </StyleMap>
    <Style id="poly-795548-4000-168-normal">
      <LineStyle>
        <color>ff485579</color>
        <width>4</width>
      </LineStyle>
      <PolyStyle>
        <color>a8485579</color>
        <fill>1</fill>
        <outline>1</outline>
      </PolyStyle>
    </Style>
    <Style id="poly-795548-4000-168-highlight">
      <LineStyle>
        <color>ff485579</color>
        <width>6</width>
      </LineStyle>
      <PolyStyle>
        <color>a8485579</color>
        <fill>1</fill>
        <outline>1</outline>
      </PolyStyle>
    </Style>
    <StyleMap id="poly-795548-4000-168">
      <Pair>
        <key>normal</key>
        <styleUrl>#poly-795548-4000-168-normal</styleUrl>
      </Pair>
      <Pair>
        <key>highlight</key>
        <styleUrl>#poly-795548-4000-168-highlight</styleUrl>
      </Pair>
    </StyleMap>
    <Style id="poly-817717-4000-171-normal">
      <LineStyle>
        <color>ff177781</color>
        <width>4</width>
      </LineStyle>
      <PolyStyle>
        <color>ab177781</color>
        <fill>1</fill>
        <outline>1</outline>
      </PolyStyle>
    </Style>
    <Style id="poly-817717-4000-171-highlight">
      <LineStyle>
        <color>ff177781</color>
        <width>6</width>
      </LineStyle>
      <PolyStyle>
        <color>ab177781</color>
        <fill>1</fill>
        <outline>1</outline>
      </PolyStyle>
    </Style>
    <StyleMap id="poly-817717-4000-171">
      <Pair>
        <key>normal</key>
        <styleUrl>#poly-817717-4000-171-normal</styleUrl>
      </Pair>
      <Pair>
        <key>highlight</key>
        <styleUrl>#poly-817717-4000-171-highlight</styleUrl>
      </Pair>
    </StyleMap>
    <Style id="poly-9C27B0-4000-168-normal">
      <LineStyle>
        <color>ffb0279c</color>
        <width>4</width>
      </LineStyle>
      <PolyStyle>
        <color>a8b0279c</color>
        <fill>1</fill>
        <outline>1</outline>
      </PolyStyle>
    </Style>
    <Style id="poly-9C27B0-4000-168-highlight">
      <LineStyle>
        <color>ffb0279c</color>
        <width>6</width>
      </LineStyle>
      <PolyStyle>
        <color>a8b0279c</color>
        <fill>1</fill>
        <outline>1</outline>
      </PolyStyle>
    </Style>
    <StyleMap id="poly-9C27B0-4000-168">
      <Pair>
        <key>normal</key>
        <styleUrl>#poly-9C27B0-4000-168-normal</styleUrl>
      </Pair>
      <Pair>
        <key>highlight</key>
        <styleUrl>#poly-9C27B0-4000-168-highlight</styleUrl>
      </Pair>
    </StyleMap>
    <Style id="poly-A52714-4000-168-normal">
      <LineStyle>
        <color>ff1427a5</color>
        <width>4</width>
      </LineStyle>
      <PolyStyle>
        <color>a81427a5</color>
        <fill>1</fill>
        <outline>1</outline>
      </PolyStyle>
    </Style>
    <Style id="poly-A52714-4000-168-highlight">
      <LineStyle>
        <color>ff1427a5</color>
        <width>6</width>
      </LineStyle>
      <PolyStyle>
        <color>a81427a5</color>
        <fill>1</fill>
        <outline>1</outline>
      </PolyStyle>
    </Style>
    <StyleMap id="poly-A52714-4000-168">
      <Pair>
        <key>normal</key>
        <styleUrl>#poly-A52714-4000-168-normal</styleUrl>
      </Pair>
      <Pair>
        <key>highlight</key>
        <styleUrl>#poly-A52714-4000-168-highlight</styleUrl>
      </Pair>
    </StyleMap>
    <Style id="poly-C2185B-4000-168-normal">
      <LineStyle>
        <color>ff5b18c2</color>
        <width>4</width>
      </LineStyle>
      <PolyStyle>
        <color>a85b18c2</color>
        <fill>1</fill>
        <outline>1</outline>
      </PolyStyle>
    </Style>
    <Style id="poly-C2185B-4000-168-highlight">
      <LineStyle>
        <color>ff5b18c2</color>
        <width>6</width>
      </LineStyle>
      <PolyStyle>
        <color>a85b18c2</color>
        <fill>1</fill>
        <outline>1</outline>
      </PolyStyle>
    </Style>
    <StyleMap id="poly-C2185B-4000-168">
      <Pair>
        <key>normal</key>
        <styleUrl>#poly-C2185B-4000-168-normal</styleUrl>
      </Pair>
      <Pair>
        <key>highlight</key>
        <styleUrl>#poly-C2185B-4000-168-highlight</styleUrl>
      </Pair>
    </StyleMap>
    <Style id="poly-E65100-4000-168-normal">
      <LineStyle>
        <color>ff0051e6</color>
        <width>4</width>
      </LineStyle>
      <PolyStyle>
        <color>a80051e6</color>
        <fill>1</fill>
        <outline>1</outline>
      </PolyStyle>
    </Style>
    <Style id="poly-E65100-4000-168-highlight">
      <LineStyle>
        <color>ff0051e6</color>
        <width>6</width>
      </LineStyle>
      <PolyStyle>
        <color>a80051e6</color>
        <fill>1</fill>
        <outline>1</outline>
      </PolyStyle>
    </Style>
    <StyleMap id="poly-E65100-4000-168">
      <Pair>
        <key>normal</key>
        <styleUrl>#poly-E65100-4000-168-normal</styleUrl>
      </Pair>
      <Pair>
        <key>highlight</key>
        <styleUrl>#poly-E65100-4000-168-highlight</styleUrl>
      </Pair>
    </StyleMap>
    <Style id="poly-F9A825-4000-168-normal">
      <LineStyle>
        <color>ff25a8f9</color>
        <width>4</width>
      </LineStyle>
      <PolyStyle>
        <color>a825a8f9</color>
        <fill>1</fill>
        <outline>1</outline>
      </PolyStyle>
    </Style>
    <Style id="poly-F9A825-4000-168-highlight">
      <LineStyle>
        <color>ff25a8f9</color>
        <width>6</width>
      </LineStyle>
      <PolyStyle>
        <color>a825a8f9</color>
        <fill>1</fill>
        <outline>1</outline>
      </PolyStyle>
    </Style>
    <StyleMap id="poly-F9A825-4000-168">
      <Pair>
        <key>normal</key>
        <styleUrl>#poly-F9A825-4000-168-normal</styleUrl>
      </Pair>
      <Pair>
        <key>highlight</key>
        <styleUrl>#poly-F9A825-4000-168-highlight</styleUrl>
      </Pair>
    </StyleMap>
    <Style id="poly-FFD600-4000-171-normal">
      <LineStyle>
        <color>ff00d6ff</color>
        <width>4</width>
      </LineStyle>
      <PolyStyle>
        <color>ab00d6ff</color>
        <fill>1</fill>
        <outline>1</outline>
      </PolyStyle>
    </Style>
    <Style id="poly-FFD600-4000-171-highlight">
      <LineStyle>
        <color>ff00d6ff</color>
        <width>6</width>
      </LineStyle>
      <PolyStyle>
        <color>ab00d6ff</color>
        <fill>1</fill>
        <outline>1</outline>
      </PolyStyle>
    </Style>
    <StyleMap id="poly-FFD600-4000-171">
      <Pair>
        <key>normal</key>
        <styleUrl>#poly-FFD600-4000-171-normal</styleUrl>
      </Pair>
      <Pair>
        <key>highlight</key>
        <styleUrl>#poly-FFD600-4000-171-highlight</styleUrl>
      </Pair>
    </StyleMap>
    <Folder>
      <name>Querétaro</name>
      <Placemark>
        <name>01</name>
        <description><![CDATA[Descripción: Distrito Local 01<br>ID: 1<br>ENTIDAD: 22<br>DISTRITO_L: 1<br>TIPO: 0<br>URL: https://ieeq.mx/elecciones/cartografia-electoral/Dto/1/#Res<br>Geometry1_: 1=X=Hs]]></description>
        <styleUrl>#poly-C2185B-4000-168</styleUrl>
        <ExtendedData>
          <Data name="Descripción">
            <value>Distrito Local 01</value>
          </Data>
          <Data name="ID">
            <value>1</value>
          </Data>
          <Data name="ENTIDAD">
            <value>22</value>
          </Data>
          <Data name="DISTRITO_L">
            <value>1</value>
          </Data>
          <Data name="TIPO">
            <value>0</value>
          </Data>
          <Data name="URL">
            <value>https://ieeq.mx/elecciones/cartografia-electoral/Dto/1/#Res</value>
          </Data>
          <Data name="Geometry1_">
            <value>1=X=Hs</value>
          </Data>
        </ExtendedData>
        <Polygon>
          <outerBoundaryIs>
            <LinearRing>
              <tessellate>1</tessellate>
              <coordinates>
                -100.427835,20.664538,0
                -100.428085,20.664345,0
                -100.428486,20.663879,0
                -100.428889,20.663352,0
                -100.429273,20.662799,0
                -100.430088,20.662758,0
                -100.430745,20.662683,0
                -100.431194,20.662662,0
                -100.43144,20.662651,0
                -100.431967,20.662559,0
                -100.432337,20.662451,0
                -100.432465,20.662276,0
                -100.432741,20.662077,0
                -100.432827,20.662015,0
                -100.432874,20.661981,0
                -100.433013,20.661881,0
                -100.433331,20.661737,0
                -100.433636,20.661647,0
                -100.434134,20.661381,0
                -100.434512,20.66116,0
                -100.43489,20.660854,0
                -100.435274,20.660377,0
                -100.435494,20.66012,0
                -100.435732,20.659841,0
                -100.435915,20.659552,0
                -100.436037,20.659472,0
                -100.436107,20.659426,0
                -100.436166,20.659553,0
                -100.436319,20.659925,0
                -100.436497,20.660263,0
                -100.436565,20.660246,0
                -100.436663,20.660222,0
                -100.438142,20.659828,0
                -100.439703,20.659442,0
                -100.441255,20.659036,0
                -100.441505,20.658971,0
                -100.442801,20.658636,0
                -100.443204,20.65853,0
                -100.444343,20.658232,0
                -100.444638,20.658155,0
                -100.445557,20.657927,0
                -100.445877,20.657846,0
                -100.446632,20.657642,0
                -100.446814,20.657578,0
                -100.446864,20.65756,0
                -100.446945,20.657532,0
                -100.446257,20.656518,0
                -100.446015,20.656134,0
                -100.445676,20.655596,0
                -100.445095,20.654637,0
                -100.444781,20.654128,0
                -100.444645,20.65377,0
                -100.444561,20.653538,0
                -100.444406,20.653328,0
                -100.444252,20.653119,0
                -100.443835,20.652737,0
                -100.443571,20.652516,0
                -100.443369,20.652317,0
                -100.44321,20.652022,0
                -100.44313,20.651766,0
                -100.44309,20.651559,0
                -100.443064,20.651285,0
                -100.443085,20.651084,0
                -100.443173,20.650574,0
                -100.443308,20.650187,0
                -100.443634,20.649644,0
                -100.443738,20.64964,0
                -100.443788,20.649638,0
                -100.444628,20.649605,0
                -100.445006,20.649579,0
                -100.446062,20.649515,0
                -100.446505,20.649505,0
                -100.447174,20.64949,0
                -100.448275,20.64943,0
                -100.448305,20.650102,0
                -100.448318,20.65044,0
                -100.449082,20.650394,0
                -100.449435,20.650373,0
                -100.450546,20.650332,0
                -100.451038,20.650309,0
                -100.451322,20.650296,0
                -100.451399,20.651584,0
                -100.451654,20.651575,0
                -100.452015,20.651561,0
                -100.452396,20.651547,0
                -100.45263,20.651539,0
                -100.453227,20.651517,0
                -100.453397,20.651667,0
                -100.453492,20.651932,0
                -100.453669,20.652423,0
                -100.453838,20.652885,0
                -100.453859,20.65295,0
                -100.45398,20.653286,0
                -100.454142,20.65304,0
                -100.454337,20.652745,0
                -100.454725,20.652157,0
                -100.454896,20.651896,0
                -100.454972,20.651783,0
                -100.455121,20.651676,0
                -100.455224,20.651603,0
                -100.455489,20.651266,0
                -100.455786,20.650888,0
                -100.455983,20.650637,0
                -100.456287,20.650811,0
                -100.456333,20.650734,0
                -100.457102,20.65116,0
                -100.45731,20.650863,0
                -100.457509,20.650544,0
                -100.457628,20.65061,0
                -100.457855,20.650335,0
                -100.458172,20.649902,0
                -100.458841,20.650304,0
                -100.459254,20.65057,0
                -100.459346,20.650541,0
                -100.460037,20.650577,0
                -100.460185,20.650584,0
                -100.460329,20.650633,0
                -100.460403,20.650672,0
                -100.462211,20.651162,0
                -100.462345,20.650856,0
                -100.462525,20.65045,0
                -100.462544,20.650406,0
                -100.462729,20.649988,0
                -100.462908,20.649591,0
                -100.463108,20.64911,0
                -100.46331,20.648679,0
                -100.463494,20.648266,0
                -100.463678,20.647855,0
                -100.463809,20.647591,0
                -100.463833,20.647536,0
                -100.464043,20.647055,0
                -100.46255,20.646383,0
                -100.462838,20.645533,0
                -100.463111,20.644659,0
                -100.46315,20.644445,0
                -100.46316,20.64439,0
                -100.463384,20.643618,0
                -100.463447,20.643492,0
                -100.463319,20.643427,0
                -100.463005,20.643368,0
                -100.462605,20.643277,0
                -100.462504,20.643254,0
                -100.462229,20.643189,0
                -100.461838,20.6431,0
                -100.461475,20.643006,0
                -100.461042,20.642905,0
                -100.460621,20.642815,0
                -100.46043,20.642778,0
                -100.460447,20.642559,0
                -100.459199,20.642508,0
                -100.459282,20.642436,0
                -100.459317,20.642043,0
                -100.459341,20.641584,0
                -100.459368,20.641135,0
                -100.459388,20.640682,0
                -100.459415,20.640242,0
                -100.459442,20.639857,0
                -100.459381,20.63987,0
                -100.459312,20.639893,0
                -100.45928,20.639904,0
                -100.459254,20.639913,0
                -100.459215,20.639927,0
                -100.458982,20.640004,0
                -100.458906,20.640025,0
                -100.458866,20.640036,0
                -100.458823,20.640042,0
                -100.45842,20.640091,0
                -100.458417,20.640149,0
                -100.45836,20.640189,0
                -100.458358,20.640345,0
                -100.458088,20.640371,0
                -100.45779,20.640378,0
                -100.457306,20.640368,0
                -100.457268,20.640353,0
                -100.456942,20.640376,0
                -100.456889,20.640362,0
                -100.456715,20.640318,0
                -100.456706,20.640283,0
                -100.456606,20.639977,0
                -100.456578,20.639874,0
                -100.456558,20.639802,0
                -100.456543,20.639749,0
                -100.456538,20.63973,0
                -100.456529,20.639696,0
                -100.456493,20.639608,0
                -100.456464,20.639514,0
                -100.456456,20.639488,0
                -100.456417,20.639367,0
                -100.456412,20.639349,0
                -100.456392,20.639287,0
                -100.456383,20.639257,0
                -100.456353,20.639162,0
                -100.456346,20.639142,0
                -100.456303,20.639006,0
                -100.456277,20.638932,0
                -100.456266,20.638901,0
                -100.456236,20.6388,0
                -100.456226,20.638767,0
                -100.45619,20.638648,0
                -100.456182,20.638622,0
                -100.456169,20.63858,0
                -100.456159,20.638549,0
                -100.45614,20.638441,0
                -100.456131,20.638382,0
                -100.456114,20.638283,0
                -100.456075,20.638226,0
                -100.456041,20.638177,0
                -100.456012,20.638084,0
                -100.455993,20.638024,0
                -100.455944,20.637869,0
                -100.455938,20.637851,0
                -100.455916,20.637797,0
                -100.455907,20.637776,0
                -100.45568,20.636984,0
                -100.455614,20.636756,0
                -100.455384,20.6361,0
                -100.455367,20.636051,0
                -100.454037,20.636503,0
                -100.453907,20.636205,0
                -100.455069,20.635792,0
                -100.455247,20.635737,0
                -100.455453,20.635674,0
                -100.455029,20.634313,0
                -100.454909,20.633955,0
                -100.45489,20.633894,0
                -100.454803,20.633617,0
                -100.454494,20.632672,0
                -100.454384,20.632326,0
                -100.454277,20.631976,0
                -100.453904,20.630887,0
                -100.453748,20.630428,0
                -100.453302,20.630512,0
                -100.453296,20.630491,0
                -100.453217,20.630203,0
                -100.453107,20.629804,0
                -100.453091,20.62974,0
                -100.452776,20.628537,0
                -100.452355,20.628595,0
                -100.451979,20.628673,0
                -100.451573,20.628755,0
                -100.451268,20.628854,0
                -100.450808,20.62774,0
                -100.450272,20.626405,0
                -100.45026,20.626374,0
                -100.449892,20.626504,0
                -100.44963,20.626595,0
                -100.448618,20.626839,0
                -100.448258,20.626942,0
                -100.447875,20.625835,0
                -100.447714,20.625641,0
                -100.447426,20.624757,0
                -100.447169,20.623718,0
                -100.446901,20.622473,0
                -100.446565,20.622432,0
                -100.446476,20.622435,0
                -100.446451,20.622272,0
                -100.4464,20.621937,0
                -100.446397,20.621918,0
                -100.446322,20.621575,0
                -100.44631,20.621491,0
                -100.445896,20.621553,0
                -100.444864,20.621707,0
                -100.444528,20.621757,0
                -100.44453,20.62185,0
                -100.444655,20.622478,0
                -100.44415,20.622496,0
                -100.444023,20.622501,0
                -100.443807,20.62251,0
                -100.443723,20.62254,0
                -100.443345,20.622786,0
                -100.442455,20.623385,0
                -100.441976,20.623687,0
                -100.441958,20.623609,0
                -100.441942,20.623572,0
                -100.441866,20.6234,0
                -100.44185,20.623365,0
                -100.441697,20.622655,0
                -100.440993,20.621525,0
                -100.440734,20.621152,0
                -100.44051,20.620883,0
                -100.439877,20.620232,0
                -100.439807,20.620169,0
                -100.439017,20.619468,0
                -100.437519,20.618121,0
                -100.437361,20.617977,0
                -100.437122,20.617686,0
                -100.436856,20.617114,0
                -100.436708,20.616321,0
                -100.436692,20.616256,0
                -100.436462,20.615093,0
                -100.436449,20.615024,0
                -100.436439,20.614973,0
                -100.436379,20.614789,0
                -100.436338,20.614665,0
                -100.436302,20.614553,0
                -100.436276,20.614478,0
                -100.436209,20.614294,0
                -100.43611,20.613926,0
                -100.436033,20.613598,0
                -100.435971,20.613312,0
                -100.435827,20.612699,0
                -100.435808,20.612529,0
                -100.435742,20.612193,0
                -100.435648,20.611926,0
                -100.435366,20.611126,0
                -100.435201,20.610701,0
                -100.435123,20.610596,0
                -100.435062,20.610507,0
                -100.434956,20.610328,0
                -100.434867,20.610146,0
                -100.43482,20.610051,0
                -100.434632,20.609568,0
                -100.434547,20.609345,0
                -100.434473,20.609101,0
                -100.43445,20.608959,0
                -100.434438,20.608864,0
                -100.434364,20.608641,0
                -100.434281,20.608508,0
                -100.434214,20.608402,0
                -100.433878,20.60791,0
                -100.433411,20.607202,0
                -100.433384,20.607174,0
                -100.432106,20.607286,0
                -100.432174,20.60782,0
                -100.431081,20.607929,0
                -100.43109,20.608018,0
                -100.431108,20.608192,0
                -100.431137,20.608485,0
                -100.431164,20.60869,0
                -100.431227,20.60918,0
                -100.430961,20.60921,0
                -100.430631,20.609247,0
                -100.430307,20.609284,0
                -100.429588,20.609366,0
                -100.429519,20.609345,0
                -100.428417,20.609522,0
                -100.427811,20.609615,0
                -100.427754,20.609624,0
                -100.427204,20.609706,0
                -100.426917,20.608798,0
                -100.426824,20.608499,0
                -100.426561,20.607651,0
                -100.426517,20.607508,0
                -100.426479,20.607385,0
                -100.426366,20.607052,0
                -100.426273,20.606781,0
                -100.426248,20.606786,0
                -100.425686,20.60689,0
                -100.425498,20.606527,0
                -100.425395,20.606425,0
                -100.424985,20.606021,0
                -100.424956,20.605993,0
                -100.42474,20.605864,0
                -100.424243,20.605567,0
                -100.424158,20.605536,0
                -100.423808,20.605409,0
                -100.423731,20.605284,0
                -100.423677,20.605197,0
                -100.423639,20.605137,0
                -100.423437,20.604857,0
                -100.423227,20.604615,0
                -100.422928,20.60427,0
                -100.422742,20.604075,0
                -100.422622,20.603951,0
                -100.422335,20.603701,0
                -100.421606,20.603068,0
                -100.421363,20.603036,0
                -100.421228,20.603018,0
                -100.421015,20.602993,0
                -100.420909,20.602991,0
                -100.420625,20.602988,0
                -100.420492,20.602789,0
                -100.419422,20.601583,0
                -100.418687,20.600737,0
                -100.417967,20.600754,0
                -100.416744,20.600783,0
                -100.416668,20.600785,0
                -100.416455,20.600787,0
                -100.415916,20.600791,0
                -100.415051,20.600797,0
                -100.413453,20.600808,0
                -100.412091,20.600848,0
                -100.410317,20.6009,0
                -100.41026,20.600902,0
                -100.40912,20.600935,0
                -100.409086,20.600935,0
                -100.408689,20.600934,0
                -100.406861,20.601003,0
                -100.40658,20.601013,0
                -100.406534,20.601015,0
                -100.406514,20.601016,0
                -100.405614,20.60105,0
                -100.405146,20.601067,0
                -100.404887,20.601077,0
                -100.401509,20.601181,0
                -100.401197,20.601205,0
                -100.400967,20.601223,0
                -100.400687,20.601244,0
                -100.399158,20.601359,0
                -100.398854,20.601372,0
                -100.396147,20.601482,0
                -100.394978,20.601529,0
                -100.394385,20.601553,0
                -100.393876,20.601574,0
                -100.393861,20.601632,0
                -100.393824,20.601768,0
                -100.393763,20.601997,0
                -100.393539,20.602388,0
                -100.393466,20.602479,0
                -100.393435,20.602517,0
                -100.393131,20.602782,0
                -100.393032,20.602861,0
                -100.392607,20.603201,0
                -100.39186,20.60374,0
                -100.391384,20.604084,0
                -100.391366,20.604097,0
                -100.390774,20.604511,0
                -100.390731,20.604541,0
                -100.38972,20.605292,0
                -100.389196,20.605681,0
                -100.388608,20.606125,0
                -100.388587,20.606141,0
                -100.388396,20.605949,0
                -100.38801,20.60619,0
                -100.387807,20.606317,0
                -100.386925,20.606872,0
                -100.386746,20.606985,0
                -100.386714,20.607005,0
                -100.386648,20.607048,0
                -100.386271,20.607295,0
                -100.386242,20.607314,0
                -100.38616,20.60741,0
                -100.386138,20.607448,0
                -100.3862,20.607421,0
                -100.38626,20.607406,0
                -100.386319,20.607397,0
                -100.386366,20.607398,0
                -100.386442,20.607424,0
                -100.386474,20.607446,0
                -100.386506,20.607475,0
                -100.386528,20.607512,0
                -100.386541,20.607548,0
                -100.386548,20.607584,0
                -100.386552,20.607612,0
                -100.386566,20.607712,0
                -100.386491,20.607907,0
                -100.386474,20.607947,0
                -100.386388,20.608307,0
                -100.386478,20.60865,0
                -100.38653,20.608847,0
                -100.386546,20.608907,0
                -100.386607,20.609055,0
                -100.386762,20.60942,0
                -100.386944,20.60983,0
                -100.38696,20.609866,0
                -100.387027,20.610018,0
                -100.387164,20.610145,0
                -100.387317,20.610208,0
                -100.387495,20.610231,0
                -100.387892,20.610114,0
                -100.3882,20.610038,0
                -100.388362,20.610041,0
                -100.388462,20.61012,0
                -100.388563,20.610257,0
                -100.388936,20.611067,0
                -100.389054,20.611323,0
                -100.389144,20.611518,0
                -100.389267,20.611785,0
                -100.389289,20.611833,0
                -100.389578,20.612462,0
                -100.389598,20.612549,0
                -100.389659,20.612811,0
                -100.389719,20.613068,0
                -100.389776,20.613285,0
                -100.389912,20.61377,0
                -100.389924,20.613795,0
                -100.389929,20.613821,0
                -100.389953,20.613943,0
                -100.389959,20.613974,0
                -100.389967,20.614014,0
                -100.39,20.614182,0
                -100.390005,20.614212,0
                -100.390013,20.614253,0
                -100.39011,20.614613,0
                -100.390068,20.614675,0
                -100.389932,20.614835,0
                -100.389731,20.614911,0
                -100.389495,20.614873,0
                -100.389343,20.614785,0
                -100.389794,20.615438,0
                -100.389825,20.615574,0
                -100.389861,20.615894,0
                -100.390003,20.616047,0
                -100.389997,20.616084,0
                -100.389981,20.61617,0
                -100.389968,20.616245,0
                -100.389958,20.616296,0
                -100.390081,20.616327,0
                -100.390367,20.616398,0
                -100.391112,20.616516,0
                -100.391921,20.616606,0
                -100.391887,20.617001,0
                -100.391856,20.617063,0
                -100.391731,20.617151,0
                -100.391622,20.617288,0
                -100.391282,20.617707,0
                -100.391214,20.617788,0
                -100.391083,20.618271,0
                -100.39107,20.618562,0
                -100.391078,20.619185,0
                -100.391082,20.619208,0
                -100.391112,20.619371,0
                -100.391186,20.61962,0
                -100.391344,20.619898,0
                -100.391489,20.620059,0
                -100.392085,20.620577,0
                -100.392376,20.620812,0
                -100.392507,20.620918,0
                -100.39223,20.621253,0
                -100.392121,20.621334,0
                -100.391984,20.621343,0
                -100.39086,20.620849,0
                -100.390087,20.620527,0
                -100.390346,20.620836,0
                -100.390374,20.620874,0
                -100.390386,20.620971,0
                -100.390387,20.621019,0
                -100.390383,20.62106,0
                -100.390366,20.621125,0
                -100.390337,20.621172,0
                -100.3903,20.621209,0
                -100.390186,20.621303,0
                -100.390663,20.621507,0
                -100.390912,20.621609,0
                -100.39115,20.621699,0
                -100.391696,20.621949,0
                -100.391807,20.621997,0
                -100.392246,20.622187,0
                -100.392888,20.622476,0
                -100.393052,20.622549,0
                -100.393264,20.622653,0
                -100.393347,20.62269,0
                -100.393792,20.622891,0
                -100.39381,20.622898,0
                -100.394243,20.623081,0
                -100.394277,20.623095,0
                -100.394691,20.623273,0
                -100.394741,20.623296,0
                -100.395181,20.623499,0
                -100.395373,20.623588,0
                -100.395515,20.623654,0
                -100.395602,20.623694,0
                -100.395657,20.623718,0
                -100.395687,20.623732,0
                -100.395758,20.623763,0
                -100.396868,20.624257,0
                -100.397109,20.624367,0
                -100.398012,20.624778,0
                -100.398197,20.624863,0
                -100.398814,20.625144,0
                -100.399116,20.625281,0
                -100.399365,20.625398,0
                -100.399553,20.625486,0
                -100.399638,20.625527,0
                -100.399712,20.625561,0
                -100.399737,20.625422,0
                -100.402731,20.626785,0
                -100.402898,20.626861,0
                -100.402869,20.627552,0
                -100.40284,20.627859,0
                -100.402827,20.627996,0
                -100.402818,20.628098,0
                -100.402808,20.628387,0
                -100.402792,20.628837,0
                -100.402786,20.629073,0
                -100.402776,20.629488,0
                -100.402767,20.629895,0
                -100.403555,20.629829,0
                -100.403981,20.629788,0
                -100.404568,20.629729,0
                -100.40589,20.629611,0
                -100.406552,20.629545,0
                -100.406603,20.629514,0
                -100.406612,20.629614,0
                -100.4066,20.629827,0
                -100.406585,20.629954,0
                -100.406485,20.630284,0
                -100.406369,20.630659,0
                -100.406243,20.631098,0
                -100.406236,20.631123,0
                -100.406121,20.631515,0
                -100.406016,20.631934,0
                -100.405943,20.632227,0
                -100.40592,20.632289,0
                -100.405889,20.632386,0
                -100.405724,20.633048,0
                -100.405695,20.633181,0
                -100.405672,20.633451,0
                -100.405676,20.633638,0
                -100.4057,20.633793,0
                -100.405738,20.633977,0
                -100.405812,20.634262,0
                -100.405874,20.634465,0
                -100.405961,20.634735,0
                -100.405996,20.634858,0
                -100.406049,20.635118,0
                -100.406072,20.635331,0
                -100.406063,20.635521,0
                -100.406045,20.635705,0
                -100.406024,20.635952,0
                -100.405983,20.636413,0
                -100.40598,20.63645,0
                -100.40595,20.636858,0
                -100.405895,20.637401,0
                -100.405889,20.637469,0
                -100.40587,20.637762,0
                -100.405842,20.638065,0
                -100.405751,20.639173,0
                -100.405732,20.639402,0
                -100.405704,20.639709,0
                -100.405628,20.640562,0
                -100.405582,20.641011,0
                -100.405564,20.641259,0
                -100.405446,20.642328,0
                -100.405318,20.643219,0
                -100.405374,20.643227,0
                -100.405399,20.643231,0
                -100.405456,20.643239,0
                -100.406037,20.643395,0
                -100.406437,20.643468,0
                -100.406204,20.644869,0
                -100.40581,20.644813,0
                -100.40519,20.644725,0
                -100.405005,20.645744,0
                -100.404959,20.645996,0
                -100.40532,20.646052,0
                -100.405775,20.646113,0
                -100.40628,20.646192,0
                -100.40681,20.646277,0
                -100.407154,20.646336,0
                -100.407098,20.646659,0
                -100.407016,20.647036,0
                -100.406939,20.647396,0
                -100.40685,20.647756,0
                -100.406773,20.648128,0
                -100.406702,20.648442,0
                -100.406696,20.648488,0
                -100.406623,20.648875,0
                -100.407566,20.649044,0
                -100.408615,20.649184,0
                -100.408607,20.649285,0
                -100.408531,20.649684,0
                -100.408704,20.650825,0
                -100.408346,20.650858,0
                -100.408148,20.65204,0
                -100.408141,20.652078,0
                -100.408136,20.652109,0
                -100.407937,20.653136,0
                -100.407828,20.653697,0
                -100.40732,20.653628,0
                -100.406895,20.655584,0
                -100.406877,20.65566,0
                -100.406789,20.656025,0
                -100.40682,20.656024,0
                -100.406851,20.656023,0
                -100.406913,20.65602,0
                -100.40695,20.656019,0
                -100.407106,20.656014,0
                -100.407617,20.656,0
                -100.408296,20.65578,0
                -100.408725,20.655801,0
                -100.409204,20.655773,0
                -100.409633,20.655817,0
                -100.410086,20.655671,0
                -100.410461,20.655288,0
                -100.410659,20.654811,0
                -100.411161,20.654617,0
                -100.412059,20.65435,0
                -100.411979,20.654728,0
                -100.411766,20.655764,0
                -100.411717,20.65595,0
                -100.416437,20.657086,0
                -100.416503,20.656923,0
                -100.416546,20.65683,0
                -100.416672,20.65653,0
                -100.416701,20.656446,0
                -100.416816,20.656162,0
                -100.41685,20.656079,0
                -100.417109,20.655198,0
                -100.417797,20.655052,0
                -100.418305,20.654938,0
                -100.419113,20.655003,0
                -100.419793,20.654831,0
                -100.420473,20.654707,0
                -100.42123,20.654748,0
                -100.422112,20.654646,0
                -100.423223,20.654732,0
                -100.424082,20.654796,0
                -100.421918,20.655855,0
                -100.421962,20.656975,0
                -100.42399,20.656872,0
                -100.424178,20.656966,0
                -100.424443,20.657054,0
                -100.424708,20.657237,0
                -100.424849,20.657355,0
                -100.42493,20.657424,0
                -100.424741,20.657959,0
                -100.42454,20.658633,0
                -100.423783,20.65966,0
                -100.423629,20.660163,0
                -100.423832,20.660401,0
                -100.424282,20.661192,0
                -100.424526,20.661691,0
                -100.424871,20.662522,0
                -100.425065,20.662688,0
                -100.425891,20.663295,0
                -100.426348,20.663612,0
                -100.426923,20.663991,0
                -100.427301,20.663709,0
                -100.427383,20.663971,0
                -100.427835,20.664538,0
              </coordinates>
            </LinearRing>
          </outerBoundaryIs>
        </Polygon>
      </Placemark>
      <Placemark>
        <name>02</name>
        <description><![CDATA[Descripción: Distrito Local 02<br>ID: 2<br>ENTIDAD: 22<br>DISTRITO_L: 2<br>TIPO: 0<br>URL: https://ieeq.mx/elecciones/cartografia-electoral/Dto/2/#Res<br>Geometry1_: 1=X=Hp]]></description>
        <styleUrl>#poly-A52714-4000-168</styleUrl>
        <ExtendedData>
          <Data name="Descripción">
            <value>Distrito Local 02</value>
          </Data>
          <Data name="ID">
            <value>2</value>
          </Data>
          <Data name="ENTIDAD">
            <value>22</value>
          </Data>
          <Data name="DISTRITO_L">
            <value>2</value>
          </Data>
          <Data name="TIPO">
            <value>0</value>
          </Data>
          <Data name="URL">
            <value>https://ieeq.mx/elecciones/cartografia-electoral/Dto/2/#Res</value>
          </Data>
          <Data name="Geometry1_">
            <value>1=X=Hp</value>
          </Data>
        </ExtendedData>
        <Polygon>
          <outerBoundaryIs>
            <LinearRing>
              <tessellate>1</tessellate>
              <coordinates>
                -100.493185,20.621522,0
                -100.493223,20.621481,0
                -100.494045,20.620615,0
                -100.494691,20.619832,0
                -100.495513,20.619215,0
                -100.495368,20.618932,0
                -100.49528,20.61876,0
                -100.495175,20.618374,0
                -100.495139,20.618239,0
                -100.496021,20.617834,0
                -100.497873,20.61552,0
                -100.498023,20.615399,0
                -100.497984,20.615132,0
                -100.497928,20.614223,0
                -100.497871,20.613562,0
                -100.497697,20.613107,0
                -100.497549,20.612898,0
                -100.497463,20.612776,0
                -100.49723,20.612362,0
                -100.496997,20.612155,0
                -100.496587,20.611906,0
                -100.496413,20.611534,0
                -100.496005,20.610789,0
                -100.497238,20.60947,0
                -100.496772,20.608891,0
                -100.496597,20.60856,0
                -100.496364,20.608188,0
                -100.496131,20.607898,0
                -100.496073,20.60765,0
                -100.495898,20.607319,0
                -100.495724,20.606699,0
                -100.495024,20.605954,0
                -100.49444,20.605456,0
                -100.494383,20.604837,0
                -100.494327,20.60401,0
                -100.493744,20.602852,0
                -100.493455,20.601777,0
                -100.492462,20.600907,0
                -100.492407,20.599585,0
                -100.491068,20.597062,0
                -100.491363,20.596195,0
                -100.491311,20.595391,0
                -100.491307,20.595328,0
                -100.490721,20.59545,0
                -100.49037,20.595656,0
                -100.489542,20.596207,0
                -100.489437,20.596276,0
                -100.489388,20.596241,0
                -100.489308,20.596245,0
                -100.489163,20.596087,0
                -100.489141,20.59597,0
                -100.48889,20.594655,0
                -100.488841,20.594397,0
                -100.488815,20.594262,0
                -100.488775,20.594049,0
                -100.488629,20.593697,0
                -100.486695,20.594476,0
                -100.48643,20.594397,0
                -100.486364,20.594377,0
                -100.486331,20.594367,0
                -100.486298,20.594357,0
                -100.486166,20.594318,0
                -100.485581,20.594325,0
                -100.484938,20.594416,0
                -100.484352,20.594382,0
                -100.482768,20.594114,0
                -100.475382,20.593259,0
                -100.468359,20.592581,0
                -100.463581,20.592278,0
                -100.457595,20.591589,0
                -100.456161,20.591423,0
                -100.45378,20.591146,0
                -100.453677,20.591134,0
                -100.450496,20.590776,0
                -100.450466,20.590773,0
                -100.450397,20.590766,0
                -100.450328,20.590759,0
                -100.450224,20.590735,0
                -100.44991,20.590717,0
                -100.449652,20.590687,0
                -100.443941,20.590035,0
                -100.443374,20.589972,0
                -100.442421,20.589867,0
                -100.442613,20.589969,0
                -100.442743,20.590038,0
                -100.442858,20.590099,0
                -100.443006,20.590178,0
                -100.443057,20.590234,0
                -100.443183,20.590371,0
                -100.443346,20.590647,0
                -100.443459,20.590918,0
                -100.443574,20.591381,0
                -100.44352,20.591915,0
                -100.443369,20.593315,0
                -100.443211,20.594779,0
                -100.443152,20.595608,0
                -100.443148,20.595673,0
                -100.443193,20.595872,0
                -100.443111,20.595944,0
                -100.443058,20.595991,0
                -100.443013,20.59601,0
                -100.44285,20.596215,0
                -100.442722,20.597198,0
                -100.442712,20.597275,0
                -100.442593,20.598181,0
                -100.44252,20.598688,0
                -100.442463,20.598767,0
                -100.442386,20.5988,0
                -100.442381,20.598837,0
                -100.442262,20.599723,0
                -100.442271,20.599755,0
                -100.442316,20.599931,0
                -100.442361,20.6001,0
                -100.442382,20.600177,0
                -100.442404,20.600256,0
                -100.442419,20.600305,0
                -100.442425,20.600327,0
                -100.442485,20.60053,0
                -100.442401,20.600714,0
                -100.442319,20.600851,0
                -100.442287,20.601101,0
                -100.442271,20.601228,0
                -100.442308,20.601396,0
                -100.442368,20.601664,0
                -100.442387,20.60175,0
                -100.442455,20.602054,0
                -100.442466,20.602107,0
                -100.442524,20.602365,0
                -100.442549,20.602479,0
                -100.442646,20.602842,0
                -100.442728,20.603134,0
                -100.442745,20.603207,0
                -100.442829,20.603525,0
                -100.442838,20.603555,0
                -100.442879,20.603706,0
                -100.442887,20.603734,0
                -100.442998,20.60409,0
                -100.442086,20.60429,0
                -100.441873,20.604336,0
                -100.441546,20.604407,0
                -100.44135,20.604451,0
                -100.441037,20.604521,0
                -100.440523,20.604631,0
                -100.439949,20.604755,0
                -100.439895,20.604418,0
                -100.439886,20.604383,0
                -100.43982,20.604177,0
                -100.439808,20.604153,0
                -100.438753,20.604474,0
                -100.438346,20.604576,0
                -100.438085,20.604645,0
                -100.437613,20.604761,0
                -100.437279,20.60485,0
                -100.437046,20.604912,0
                -100.436694,20.604978,0
                -100.435561,20.605255,0
                -100.435292,20.605328,0
                -100.435049,20.605401,0
                -100.434962,20.605421,0
                -100.434804,20.605459,0
                -100.434499,20.605532,0
                -100.434158,20.605615,0
                -100.433803,20.6057,0
                -100.433583,20.605753,0
                -100.433292,20.605822,0
                -100.433179,20.605849,0
                -100.432644,20.605976,0
                -100.432494,20.606012,0
                -100.432333,20.60605,0
                -100.432185,20.606085,0
                -100.43235,20.606231,0
                -100.432413,20.606288,0
                -100.432728,20.606573,0
                -100.433089,20.606887,0
                -100.433207,20.60699,0
                -100.433318,20.607104,0
                -100.433384,20.607174,0
                -100.433411,20.607202,0
                -100.433878,20.60791,0
                -100.434214,20.608402,0
                -100.434281,20.608508,0
                -100.434364,20.608641,0
                -100.434438,20.608864,0
                -100.43445,20.608959,0
                -100.434473,20.609101,0
                -100.434547,20.609345,0
                -100.434632,20.609568,0
                -100.43482,20.610051,0
                -100.434867,20.610146,0
                -100.434956,20.610328,0
                -100.435062,20.610507,0
                -100.435123,20.610596,0
                -100.435201,20.610701,0
                -100.435366,20.611126,0
                -100.435648,20.611926,0
                -100.435742,20.612193,0
                -100.435808,20.612529,0
                -100.435827,20.612699,0
                -100.435971,20.613312,0
                -100.436033,20.613598,0
                -100.43611,20.613926,0
                -100.436209,20.614294,0
                -100.436276,20.614478,0
                -100.436302,20.614553,0
                -100.436338,20.614665,0
                -100.436379,20.614789,0
                -100.436439,20.614973,0
                -100.436449,20.615024,0
                -100.436462,20.615093,0
                -100.436692,20.616256,0
                -100.436708,20.616321,0
                -100.436856,20.617114,0
                -100.437122,20.617686,0
                -100.437361,20.617977,0
                -100.437519,20.618121,0
                -100.439017,20.619468,0
                -100.439807,20.620169,0
                -100.439877,20.620232,0
                -100.44051,20.620883,0
                -100.440734,20.621152,0
                -100.440993,20.621525,0
                -100.441697,20.622655,0
                -100.44185,20.623365,0
                -100.441866,20.6234,0
                -100.441942,20.623572,0
                -100.441958,20.623609,0
                -100.441976,20.623687,0
                -100.442455,20.623385,0
                -100.443345,20.622786,0
                -100.443723,20.62254,0
                -100.443807,20.62251,0
                -100.444023,20.622501,0
                -100.44415,20.622496,0
                -100.444655,20.622478,0
                -100.44453,20.62185,0
                -100.444528,20.621757,0
                -100.444864,20.621707,0
                -100.445896,20.621553,0
                -100.44631,20.621491,0
                -100.446322,20.621575,0
                -100.446397,20.621918,0
                -100.4464,20.621937,0
                -100.446451,20.622272,0
                -100.446476,20.622435,0
                -100.446565,20.622432,0
                -100.446901,20.622473,0
                -100.447169,20.623718,0
                -100.447426,20.624757,0
                -100.447714,20.625641,0
                -100.447875,20.625835,0
                -100.448258,20.626942,0
                -100.448618,20.626839,0
                -100.44963,20.626595,0
                -100.449892,20.626504,0
                -100.45026,20.626374,0
                -100.450272,20.626405,0
                -100.450808,20.62774,0
                -100.451268,20.628854,0
                -100.451573,20.628755,0
                -100.451979,20.628673,0
                -100.452355,20.628595,0
                -100.452776,20.628537,0
                -100.453091,20.62974,0
                -100.453107,20.629804,0
                -100.453217,20.630203,0
                -100.453296,20.630491,0
                -100.453302,20.630512,0
                -100.453748,20.630428,0
                -100.453904,20.630887,0
                -100.454277,20.631976,0
                -100.454384,20.632326,0
                -100.454494,20.632672,0
                -100.454803,20.633617,0
                -100.45489,20.633894,0
                -100.454909,20.633955,0
                -100.455029,20.634313,0
                -100.455453,20.635674,0
                -100.455247,20.635737,0
                -100.455069,20.635792,0
                -100.453907,20.636205,0
                -100.454037,20.636503,0
                -100.455367,20.636051,0
                -100.455384,20.6361,0
                -100.455614,20.636756,0
                -100.45568,20.636984,0
                -100.455907,20.637776,0
                -100.455916,20.637797,0
                -100.455938,20.637851,0
                -100.455944,20.637869,0
                -100.455993,20.638024,0
                -100.456012,20.638084,0
                -100.456041,20.638177,0
                -100.456075,20.638226,0
                -100.456114,20.638283,0
                -100.456131,20.638382,0
                -100.45614,20.638441,0
                -100.456159,20.638549,0
                -100.456169,20.63858,0
                -100.456182,20.638622,0
                -100.45619,20.638648,0
                -100.456226,20.638767,0
                -100.456236,20.6388,0
                -100.456266,20.638901,0
                -100.456277,20.638932,0
                -100.456303,20.639006,0
                -100.456346,20.639142,0
                -100.456353,20.639162,0
                -100.456383,20.639257,0
                -100.456392,20.639287,0
                -100.456412,20.639349,0
                -100.456417,20.639367,0
                -100.456456,20.639488,0
                -100.456464,20.639514,0
                -100.456493,20.639608,0
                -100.456529,20.639696,0
                -100.456538,20.63973,0
                -100.456543,20.639749,0
                -100.456558,20.639802,0
                -100.456578,20.639874,0
                -100.456606,20.639977,0
                -100.456706,20.640283,0
                -100.456715,20.640318,0
                -100.456889,20.640362,0
                -100.456942,20.640376,0
                -100.457268,20.640353,0
                -100.457306,20.640368,0
                -100.45779,20.640378,0
                -100.458088,20.640371,0
                -100.458358,20.640345,0
                -100.45836,20.640189,0
                -100.458417,20.640149,0
                -100.45842,20.640091,0
                -100.458823,20.640042,0
                -100.458866,20.640036,0
                -100.458906,20.640025,0
                -100.458982,20.640004,0
                -100.459215,20.639927,0
                -100.459254,20.639913,0
                -100.45928,20.639904,0
                -100.459312,20.639893,0
                -100.459381,20.63987,0
                -100.459442,20.639857,0
                -100.459415,20.640242,0
                -100.459388,20.640682,0
                -100.459368,20.641135,0
                -100.459341,20.641584,0
                -100.459317,20.642043,0
                -100.459282,20.642436,0
                -100.459199,20.642508,0
                -100.460447,20.642559,0
                -100.46043,20.642778,0
                -100.460621,20.642815,0
                -100.461042,20.642905,0
                -100.461475,20.643006,0
                -100.461838,20.6431,0
                -100.462229,20.643189,0
                -100.462504,20.643254,0
                -100.462605,20.643277,0
                -100.463005,20.643368,0
                -100.463319,20.643427,0
                -100.463447,20.643492,0
                -100.463522,20.643442,0
                -100.463558,20.643164,0
                -100.463617,20.642717,0
                -100.463899,20.642695,0
                -100.464698,20.642681,0
                -100.465081,20.642775,0
                -100.465466,20.642869,0
                -100.465818,20.642955,0
                -100.466218,20.643052,0
                -100.466473,20.643114,0
                -100.466546,20.643132,0
                -100.467255,20.643305,0
                -100.467364,20.642914,0
                -100.467714,20.64166,0
                -100.467806,20.641296,0
                -100.468175,20.640355,0
                -100.468279,20.639556,0
                -100.468337,20.639166,0
                -100.468321,20.639084,0
                -100.468254,20.638737,0
                -100.468229,20.63861,0
                -100.46817,20.638304,0
                -100.468143,20.638164,0
                -100.468082,20.637851,0
                -100.468058,20.637729,0
                -100.467998,20.637415,0
                -100.467972,20.637282,0
                -100.467912,20.636976,0
                -100.467889,20.636855,0
                -100.467826,20.636532,0
                -100.467788,20.636339,0
                -100.467724,20.636081,0
                -100.467617,20.635644,0
                -100.467507,20.635198,0
                -100.468326,20.635106,0
                -100.468951,20.635036,0
                -100.469116,20.635019,0
                -100.469317,20.634996,0
                -100.469623,20.634956,0
                -100.470045,20.634902,0
                -100.471559,20.634631,0
                -100.47238,20.634452,0
                -100.472668,20.634474,0
                -100.472907,20.634483,0
                -100.473096,20.634464,0
                -100.473204,20.634446,0
                -100.473343,20.634412,0
                -100.473373,20.634498,0
                -100.473644,20.634374,0
                -100.473742,20.634361,0
                -100.47386,20.634346,0
                -100.473991,20.63433,0
                -100.47437,20.634264,0
                -100.474706,20.634206,0
                -100.474954,20.634173,0
                -100.475406,20.634088,0
                -100.475295,20.63363,0
                -100.47528,20.633271,0
                -100.475298,20.633026,0
                -100.475301,20.632859,0
                -100.475303,20.632746,0
                -100.475298,20.632595,0
                -100.47536,20.632243,0
                -100.475292,20.631883,0
                -100.475261,20.631675,0
                -100.475232,20.63148,0
                -100.475116,20.631105,0
                -100.475004,20.630744,0
                -100.474909,20.630348,0
                -100.474781,20.629939,0
                -100.474732,20.629798,0
                -100.4744,20.629204,0
                -100.47448,20.62918,0
                -100.478349,20.627995,0
                -100.4793,20.627696,0
                -100.479371,20.627674,0
                -100.479712,20.627567,0
                -100.480139,20.627433,0
                -100.48039,20.627348,0
                -100.480557,20.627301,0
                -100.486038,20.625579,0
                -100.489642,20.624446,0
                -100.49011,20.624777,0
                -100.490403,20.624489,0
                -100.490756,20.624159,0
                -100.491695,20.623212,0
                -100.492342,20.622469,0
                -100.493185,20.621522,0
              </coordinates>
            </LinearRing>
          </outerBoundaryIs>
        </Polygon>
      </Placemark>
      <Placemark>
        <name>03</name>
        <description><![CDATA[Descripción: Distrito Local 03<br>ID: 3<br>ENTIDAD: 22<br>DISTRITO_L: 3<br>TIPO: 0<br>URL: https://ieeq.mx/elecciones/cartografia-electoral/Dto/3/#Res<br>Geometry1_: 1=X=H]]></description>
        <styleUrl>#poly-E65100-4000-168</styleUrl>
        <ExtendedData>
          <Data name="Descripción">
            <value>Distrito Local 03</value>
          </Data>
          <Data name="ID">
            <value>3</value>
          </Data>
          <Data name="ENTIDAD">
            <value>22</value>
          </Data>
          <Data name="DISTRITO_L">
            <value>3</value>
          </Data>
          <Data name="TIPO">
            <value>0</value>
          </Data>
          <Data name="URL">
            <value>https://ieeq.mx/elecciones/cartografia-electoral/Dto/3/#Res</value>
          </Data>
          <Data name="Geometry1_">
            <value>1=X=H</value>
          </Data>
        </ExtendedData>
        <Polygon>
          <outerBoundaryIs>
            <LinearRing>
              <tessellate>1</tessellate>
              <coordinates>
                -100.532022,20.74306,0
                -100.532316,20.742978,0
                -100.532376,20.742442,0
                -100.532203,20.741202,0
                -100.532209,20.738724,0
                -100.533094,20.736495,0
                -100.53368,20.73629,0
                -100.534091,20.736208,0
                -100.534501,20.736209,0
                -100.53497,20.73621,0
                -100.535966,20.736254,0
                -100.536259,20.736048,0
                -100.536553,20.735966,0
                -100.53708,20.736132,0
                -100.537138,20.736339,0
                -100.537371,20.736711,0
                -100.537604,20.737125,0
                -100.538073,20.737126,0
                -100.538483,20.737209,0
                -100.538776,20.737417,0
                -100.539185,20.737665,0
                -100.539946,20.738245,0
                -100.541232,20.739157,0
                -100.54211,20.739737,0
                -100.542167,20.740357,0
                -100.542107,20.74077,0
                -100.54193,20.741224,0
                -100.541813,20.741472,0
                -100.542164,20.741472,0
                -100.542516,20.741432,0
                -100.54275,20.741556,0
                -100.542984,20.741722,0
                -100.543336,20.741681,0
                -100.543864,20.741476,0
                -100.544509,20.741354,0
                -100.545329,20.741355,0
                -100.546208,20.74144,0
                -100.547262,20.741608,0
                -100.547789,20.741898,0
                -100.548198,20.742188,0
                -100.548607,20.742602,0
                -100.548954,20.736101,0
                -100.551422,20.736033,0
                -100.556744,20.734204,0
                -100.559737,20.733924,0
                -100.561417,20.733697,0
                -100.563272,20.733447,0
                -100.565368,20.733163,0
                -100.569531,20.732459,0
                -100.572749,20.731517,0
                -100.575972,20.730823,0
                -100.579282,20.730148,0
                -100.582593,20.729473,0
                -100.58282,20.728935,0
                -100.583226,20.728518,0
                -100.583518,20.728391,0
                -100.583928,20.728304,0
                -100.584281,20.728301,0
                -100.584691,20.728255,0
                -100.585142,20.726931,0
                -100.585418,20.726566,0
                -100.585879,20.725954,0
                -100.586584,20.72502,0
                -100.586758,20.724796,0
                -100.587392,20.72398,0
                -100.587966,20.723026,0
                -100.588777,20.722193,0
                -100.590583,20.721143,0
                -100.592037,20.720056,0
                -100.593786,20.719089,0
                -100.595421,20.718411,0
                -100.596061,20.717951,0
                -100.596348,20.717494,0
                -100.596579,20.717203,0
                -100.596622,20.717126,0
                -100.596636,20.7171,0
                -100.594077,20.715617,0
                -100.593424,20.714922,0
                -100.593418,20.714426,0
                -100.593354,20.713848,0
                -100.592638,20.712823,0
                -100.592298,20.712609,0
                -100.591958,20.712396,0
                -100.591279,20.711969,0
                -100.590446,20.710945,0
                -100.589185,20.708356,0
                -100.587803,20.705354,0
                -100.586902,20.703381,0
                -100.585702,20.700956,0
                -100.584204,20.698162,0
                -100.583548,20.697157,0
                -100.582892,20.696151,0
                -100.581696,20.694098,0
                -100.581455,20.693522,0
                -100.581214,20.692946,0
                -100.581093,20.692617,0
                -100.581088,20.692121,0
                -100.581094,20.691943,0
                -100.581129,20.690955,0
                -100.581073,20.689798,0
                -100.581719,20.689345,0
                -100.58213,20.688933,0
                -100.582542,20.687984,0
                -100.582778,20.6872,0
                -100.583014,20.686704,0
                -100.583191,20.686127,0
                -100.583367,20.685838,0
                -100.583485,20.68526,0
                -100.583663,20.684475,0
                -100.58384,20.683856,0
                -100.584017,20.683361,0
                -100.584135,20.682907,0
                -100.584136,20.682576,0
                -100.584137,20.682122,0
                -100.584196,20.681667,0
                -100.584256,20.681172,0
                -100.584257,20.680718,0
                -100.584258,20.680263,0
                -100.584142,20.679726,0
                -100.584085,20.679272,0
                -100.583968,20.6789,0
                -100.583911,20.67828,0
                -100.583737,20.677619,0
                -100.583679,20.677123,0
                -100.583622,20.676751,0
                -100.583506,20.676214,0
                -100.581753,20.674104,0
                -100.579474,20.67191,0
                -100.577779,20.670254,0
                -100.575559,20.667895,0
                -100.570694,20.669206,0
                -100.566299,20.670395,0
                -100.565943,20.66974,0
                -100.565236,20.669479,0
                -100.561787,20.670835,0
                -100.559121,20.662765,0
                -100.558512,20.660706,0
                -100.55827,20.660006,0
                -100.558252,20.658272,0
                -100.557416,20.656834,0
                -100.556285,20.652488,0
                -100.555154,20.648141,0
                -100.553999,20.640931,0
                -100.553397,20.637171,0
                -100.551801,20.635253,0
                -100.551395,20.633806,0
                -100.548231,20.634708,0
                -100.54196,20.636676,0
                -100.537975,20.637865,0
                -100.537037,20.638069,0
                -100.529599,20.638465,0
                -100.529248,20.638134,0
                -100.527265,20.635155,0
                -100.526513,20.63156,0
                -100.526456,20.631312,0
                -100.527806,20.629952,0
                -100.519091,20.626048,0
                -100.51412,20.623764,0
                -100.511606,20.622395,0
                -100.509501,20.621522,0
                -100.505934,20.619737,0
                -100.505582,20.619777,0
                -100.504296,20.619154,0
                -100.503652,20.619194,0
                -100.5033,20.619234,0
                -100.503066,20.619193,0
                -100.502985,20.619135,0
                -100.502949,20.61911,0
                -100.50295,20.618903,0
                -100.503009,20.618697,0
                -100.503127,20.618408,0
                -100.503186,20.61816,0
                -100.503363,20.617789,0
                -100.502836,20.617705,0
                -100.502602,20.617663,0
                -100.502192,20.617662,0
                -100.501724,20.617578,0
                -100.501432,20.617412,0
                -100.501257,20.617205,0
                -100.501082,20.616957,0
                -100.500789,20.61708,0
                -100.500554,20.617203,0
                -100.500319,20.617327,0
                -100.500027,20.617119,0
                -100.499735,20.616912,0
                -100.499618,20.616788,0
                -100.499443,20.616622,0
                -100.499268,20.616581,0
                -100.499092,20.616539,0
                -100.498976,20.616291,0
                -100.498859,20.616043,0
                -100.498801,20.615918,0
                -100.498567,20.615877,0
                -100.498098,20.615917,0
                -100.498023,20.615399,0
                -100.497873,20.61552,0
                -100.496021,20.617834,0
                -100.495139,20.618239,0
                -100.495175,20.618374,0
                -100.49528,20.61876,0
                -100.495368,20.618932,0
                -100.495513,20.619215,0
                -100.494691,20.619832,0
                -100.494045,20.620615,0
                -100.493223,20.621481,0
                -100.493185,20.621522,0
                -100.492342,20.622469,0
                -100.491695,20.623212,0
                -100.490756,20.624159,0
                -100.490403,20.624489,0
                -100.49011,20.624777,0
                -100.489642,20.624446,0
                -100.486038,20.625579,0
                -100.480557,20.627301,0
                -100.48039,20.627348,0
                -100.480139,20.627433,0
                -100.479712,20.627567,0
                -100.479371,20.627674,0
                -100.4793,20.627696,0
                -100.478349,20.627995,0
                -100.47448,20.62918,0
                -100.4744,20.629204,0
                -100.474732,20.629798,0
                -100.474781,20.629939,0
                -100.474909,20.630348,0
                -100.475004,20.630744,0
                -100.475116,20.631105,0
                -100.475232,20.63148,0
                -100.475261,20.631675,0
                -100.475292,20.631883,0
                -100.47536,20.632243,0
                -100.475298,20.632595,0
                -100.475303,20.632746,0
                -100.475301,20.632859,0
                -100.475298,20.633026,0
                -100.47528,20.633271,0
                -100.475295,20.63363,0
                -100.475406,20.634088,0
                -100.474954,20.634173,0
                -100.474706,20.634206,0
                -100.47437,20.634264,0
                -100.473991,20.63433,0
                -100.47386,20.634346,0
                -100.473742,20.634361,0
                -100.473644,20.634374,0
                -100.473373,20.634498,0
                -100.473343,20.634412,0
                -100.473204,20.634446,0
                -100.473096,20.634464,0
                -100.472907,20.634483,0
                -100.472668,20.634474,0
                -100.47238,20.634452,0
                -100.471559,20.634631,0
                -100.470045,20.634902,0
                -100.469623,20.634956,0
                -100.469317,20.634996,0
                -100.469116,20.635019,0
                -100.468951,20.635036,0
                -100.468326,20.635106,0
                -100.467507,20.635198,0
                -100.467617,20.635644,0
                -100.467724,20.636081,0
                -100.467788,20.636339,0
                -100.467826,20.636532,0
                -100.467889,20.636855,0
                -100.467912,20.636976,0
                -100.467972,20.637282,0
                -100.467998,20.637415,0
                -100.468058,20.637729,0
                -100.468082,20.637851,0
                -100.468143,20.638164,0
                -100.46817,20.638304,0
                -100.468229,20.63861,0
                -100.468254,20.638737,0
                -100.468321,20.639084,0
                -100.468337,20.639166,0
                -100.468279,20.639556,0
                -100.468175,20.640355,0
                -100.467806,20.641296,0
                -100.467714,20.64166,0
                -100.467364,20.642914,0
                -100.467255,20.643305,0
                -100.466546,20.643132,0
                -100.466473,20.643114,0
                -100.466218,20.643052,0
                -100.465818,20.642955,0
                -100.465466,20.642869,0
                -100.465081,20.642775,0
                -100.464698,20.642681,0
                -100.463899,20.642695,0
                -100.463617,20.642717,0
                -100.463558,20.643164,0
                -100.463522,20.643442,0
                -100.463447,20.643492,0
                -100.463384,20.643618,0
                -100.46316,20.64439,0
                -100.46315,20.644445,0
                -100.463111,20.644659,0
                -100.462838,20.645533,0
                -100.46255,20.646383,0
                -100.464043,20.647055,0
                -100.463833,20.647536,0
                -100.463809,20.647591,0
                -100.463678,20.647855,0
                -100.463494,20.648266,0
                -100.46331,20.648679,0
                -100.463108,20.64911,0
                -100.462908,20.649591,0
                -100.462729,20.649988,0
                -100.462544,20.650406,0
                -100.462525,20.65045,0
                -100.462345,20.650856,0
                -100.462211,20.651162,0
                -100.460403,20.650672,0
                -100.460329,20.650633,0
                -100.460185,20.650584,0
                -100.460037,20.650577,0
                -100.459346,20.650541,0
                -100.459254,20.65057,0
                -100.458841,20.650304,0
                -100.458172,20.649902,0
                -100.457855,20.650335,0
                -100.457628,20.65061,0
                -100.457509,20.650544,0
                -100.45731,20.650863,0
                -100.457102,20.65116,0
                -100.456333,20.650734,0
                -100.456287,20.650811,0
                -100.455983,20.650637,0
                -100.455786,20.650888,0
                -100.455489,20.651266,0
                -100.455224,20.651603,0
                -100.455121,20.651676,0
                -100.454972,20.651783,0
                -100.454896,20.651896,0
                -100.454725,20.652157,0
                -100.454337,20.652745,0
                -100.454142,20.65304,0
                -100.45398,20.653286,0
                -100.453859,20.65295,0
                -100.453838,20.652885,0
                -100.453669,20.652423,0
                -100.453492,20.651932,0
                -100.453397,20.651667,0
                -100.453227,20.651517,0
                -100.45263,20.651539,0
                -100.452396,20.651547,0
                -100.452015,20.651561,0
                -100.451654,20.651575,0
                -100.451399,20.651584,0
                -100.451322,20.650296,0
                -100.451038,20.650309,0
                -100.450546,20.650332,0
                -100.449435,20.650373,0
                -100.449082,20.650394,0
                -100.448318,20.65044,0
                -100.448305,20.650102,0
                -100.448275,20.64943,0
                -100.447174,20.64949,0
                -100.446505,20.649505,0
                -100.446062,20.649515,0
                -100.445006,20.649579,0
                -100.444628,20.649605,0
                -100.443788,20.649638,0
                -100.443738,20.64964,0
                -100.443634,20.649644,0
                -100.443308,20.650187,0
                -100.443173,20.650574,0
                -100.443085,20.651084,0
                -100.443064,20.651285,0
                -100.44309,20.651559,0
                -100.44313,20.651766,0
                -100.44321,20.652022,0
                -100.443369,20.652317,0
                -100.443571,20.652516,0
                -100.443835,20.652737,0
                -100.444252,20.653119,0
                -100.444406,20.653328,0
                -100.444561,20.653538,0
                -100.444645,20.65377,0
                -100.444781,20.654128,0
                -100.445095,20.654637,0
                -100.445676,20.655596,0
                -100.446015,20.656134,0
                -100.446257,20.656518,0
                -100.446945,20.657532,0
                -100.446864,20.65756,0
                -100.446814,20.657578,0
                -100.446632,20.657642,0
                -100.445877,20.657846,0
                -100.445557,20.657927,0
                -100.444638,20.658155,0
                -100.444343,20.658232,0
                -100.443204,20.65853,0
                -100.442801,20.658636,0
                -100.441505,20.658971,0
                -100.441255,20.659036,0
                -100.439703,20.659442,0
                -100.438142,20.659828,0
                -100.436663,20.660222,0
                -100.436565,20.660246,0
                -100.436497,20.660263,0
                -100.436319,20.659925,0
                -100.436166,20.659553,0
                -100.436107,20.659426,0
                -100.436037,20.659472,0
                -100.435915,20.659552,0
                -100.435732,20.659841,0
                -100.435494,20.66012,0
                -100.435274,20.660377,0
                -100.43489,20.660854,0
                -100.434512,20.66116,0
                -100.434134,20.661381,0
                -100.433636,20.661647,0
                -100.433331,20.661737,0
                -100.433013,20.661881,0
                -100.432874,20.661981,0
                -100.432827,20.662015,0
                -100.432741,20.662077,0
                -100.432465,20.662276,0
                -100.432337,20.662451,0
                -100.431967,20.662559,0
                -100.43144,20.662651,0
                -100.431194,20.662662,0
                -100.430745,20.662683,0
                -100.430088,20.662758,0
                -100.429273,20.662799,0
                -100.428889,20.663352,0
                -100.428486,20.663879,0
                -100.428085,20.664345,0
                -100.427835,20.664538,0
                -100.426792,20.665315,0
                -100.426551,20.665482,0
                -100.426405,20.6656,0
                -100.426392,20.665635,0
                -100.426374,20.665682,0
                -100.426358,20.665727,0
                -100.426331,20.665799,0
                -100.426298,20.665885,0
                -100.426226,20.666109,0
                -100.425766,20.666327,0
                -100.425493,20.666736,0
                -100.425182,20.667082,0
                -100.425036,20.66713,0
                -100.424983,20.667147,0
                -100.424947,20.667159,0
                -100.424944,20.667239,0
                -100.424956,20.66731,0
                -100.424971,20.667469,0
                -100.424625,20.668252,0
                -100.424422,20.668734,0
                -100.424333,20.668867,0
                -100.424235,20.668931,0
                -100.423914,20.669245,0
                -100.42359,20.669554,0
                -100.423264,20.669846,0
                -100.422854,20.670434,0
                -100.422782,20.670602,0
                -100.42277,20.670704,0
                -100.422796,20.670789,0
                -100.422868,20.67086,0
                -100.422931,20.670909,0
                -100.422961,20.67099,0
                -100.422877,20.671057,0
                -100.422809,20.671138,0
                -100.422739,20.671203,0
                -100.422628,20.671216,0
                -100.422499,20.671204,0
                -100.422392,20.671217,0
                -100.422297,20.67129,0
                -100.422182,20.671472,0
                -100.422104,20.671512,0
                -100.421969,20.671522,0
                -100.421919,20.67151,0
                -100.421552,20.671839,0
                -100.421454,20.671926,0
                -100.420942,20.672276,0
                -100.420969,20.672372,0
                -100.421084,20.672776,0
                -100.421713,20.673042,0
                -100.422373,20.673416,0
                -100.427952,20.676419,0
                -100.429184,20.67708,0
                -100.429588,20.677138,0
                -100.430186,20.677485,0
                -100.430418,20.677428,0
                -100.430612,20.677236,0
                -100.430778,20.677117,0
                -100.431021,20.677103,0
                -100.431736,20.677176,0
                -100.432224,20.677144,0
                -100.433961,20.677291,0
                -100.434131,20.677221,0
                -100.434368,20.67731,0
                -100.434551,20.677332,0
                -100.434564,20.67746,0
                -100.434586,20.677679,0
                -100.434593,20.677735,0
                -100.435216,20.683698,0
                -100.43548,20.686075,0
                -100.435789,20.68903,0
                -100.43604,20.691238,0
                -100.43608,20.691579,0
                -100.436384,20.691551,0
                -100.437914,20.69141,0
                -100.439719,20.691204,0
                -100.439809,20.691193,0
                -100.439897,20.691179,0
                -100.44048,20.691091,0
                -100.440699,20.691059,0
                -100.441021,20.691012,0
                -100.4419,20.690881,0
                -100.442101,20.690847,0
                -100.442517,20.690789,0
                -100.442793,20.690735,0
                -100.443305,20.690638,0
                -100.443403,20.69062,0
                -100.444111,20.690487,0
                -100.444379,20.690445,0
                -100.4446,20.690409,0
                -100.445755,20.690219,0
                -100.445996,20.690186,0
                -100.446434,20.690127,0
                -100.447512,20.689967,0
                -100.448342,20.689832,0
                -100.44891,20.68969,0
                -100.449173,20.689614,0
                -100.449595,20.689508,0
                -100.449878,20.689442,0
                -100.450275,20.689353,0
                -100.451056,20.689154,0
                -100.452044,20.688982,0
                -100.452079,20.688978,0
                -100.452116,20.688972,0
                -100.452962,20.688803,0
                -100.453811,20.688564,0
                -100.454183,20.688458,0
                -100.454381,20.688376,0
                -100.454575,20.688264,0
                -100.454603,20.688244,0
                -100.45473,20.688154,0
                -100.454784,20.688116,0
                -100.454915,20.68799,0
                -100.455011,20.687895,0
                -100.455128,20.687737,0
                -100.455217,20.687589,0
                -100.45528,20.687447,0
                -100.455301,20.687397,0
                -100.455393,20.68714,0
                -100.455422,20.687006,0
                -100.455546,20.686322,0
                -100.455624,20.685882,0
                -100.455634,20.685842,0
                -100.455655,20.685759,0
                -100.455703,20.685563,0
                -100.45572,20.685491,0
                -100.455797,20.685233,0
                -100.455877,20.685043,0
                -100.455981,20.684837,0
                -100.456163,20.6846,0
                -100.456343,20.684417,0
                -100.456564,20.684253,0
                -100.456865,20.68408,0
                -100.457083,20.683963,0
                -100.457662,20.683649,0
                -100.458361,20.683278,0
                -100.458534,20.68319,0
                -100.458713,20.683093,0
                -100.459835,20.682469,0
                -100.460018,20.682368,0
                -100.461048,20.681859,0
                -100.461125,20.681833,0
                -100.461325,20.68177,0
                -100.461622,20.681714,0
                -100.462062,20.681698,0
                -100.462366,20.681749,0
                -100.462693,20.681851,0
                -100.463182,20.682085,0
                -100.464655,20.682906,0
                -100.464887,20.683023,0
                -100.465236,20.683169,0
                -100.465601,20.683288,0
                -100.466045,20.683427,0
                -100.466591,20.683574,0
                -100.467066,20.683677,0
                -100.467348,20.683729,0
                -100.467659,20.683753,0
                -100.468537,20.683804,0
                -100.468713,20.683815,0
                -100.469561,20.683865,0
                -100.471052,20.683953,0
                -100.471403,20.683965,0
                -100.471867,20.683929,0
                -100.471921,20.683925,0
                -100.472039,20.683902,0
                -100.472136,20.683869,0
                -100.472453,20.683749,0
                -100.472665,20.683667,0
                -100.472959,20.683468,0
                -100.473013,20.683431,0
                -100.473123,20.683326,0
                -100.473305,20.683391,0
                -100.473538,20.683598,0
                -100.47383,20.683847,0
                -100.474181,20.684219,0
                -100.474356,20.684509,0
                -100.474648,20.68484,0
                -100.475231,20.685544,0
                -100.475582,20.685958,0
                -100.475933,20.686124,0
                -100.476283,20.686414,0
                -100.476636,20.686126,0
                -100.476929,20.685961,0
                -100.477339,20.685797,0
                -100.477515,20.685715,0
                -100.477926,20.685551,0
                -100.478277,20.685552,0
                -100.478745,20.685801,0
                -100.478921,20.685967,0
                -100.479154,20.686339,0
                -100.479212,20.686587,0
                -100.479328,20.686835,0
                -100.479445,20.687042,0
                -100.479737,20.687332,0
                -100.480087,20.687622,0
                -100.480321,20.687747,0
                -100.480731,20.687872,0
                -100.481316,20.687997,0
                -100.481785,20.687916,0
                -100.48202,20.687875,0
                -100.482489,20.687794,0
                -100.483017,20.687547,0
                -100.483544,20.687383,0
                -100.484014,20.687178,0
                -100.484424,20.687096,0
                -100.484717,20.687056,0
                -100.485127,20.687181,0
                -100.485419,20.687471,0
                -100.485944,20.687968,0
                -100.486236,20.68834,0
                -100.486528,20.68863,0
                -100.486996,20.688797,0
                -100.487465,20.689004,0
                -100.488284,20.689254,0
                -100.488043,20.691567,0
                -100.487745,20.693425,0
                -100.4878,20.694541,0
                -100.492191,20.695584,0
                -100.492309,20.69513,0
                -100.492311,20.694469,0
                -100.493307,20.694679,0
                -100.49436,20.695012,0
                -100.495471,20.695634,0
                -100.495761,20.69675,0
                -100.4957,20.697659,0
                -100.495757,20.698402,0
                -100.496277,20.700717,0
                -100.496968,20.704932,0
                -100.498668,20.704812,0
                -100.498955,20.706837,0
                -100.499894,20.706468,0
                -100.500069,20.70651,0
                -100.502357,20.705565,0
                -100.502241,20.705152,0
                -100.502007,20.704945,0
                -100.503947,20.702678,0
                -100.504878,20.704869,0
                -100.50611,20.704294,0
                -100.506751,20.705287,0
                -100.507043,20.705949,0
                -100.507391,20.707023,0
                -100.507507,20.707643,0
                -100.507976,20.70752,0
                -100.508444,20.707811,0
                -100.508266,20.708347,0
                -100.507797,20.708677,0
                -100.50762,20.709131,0
                -100.507209,20.709501,0
                -100.50668,20.709872,0
                -100.506386,20.710367,0
                -100.506325,20.71111,0
                -100.506207,20.711688,0
                -100.506088,20.712266,0
                -100.50591,20.713009,0
                -100.506143,20.713671,0
                -100.5062,20.714249,0
                -100.506197,20.715075,0
                -100.506136,20.716191,0
                -100.506369,20.716687,0
                -100.506895,20.717101,0
                -100.507714,20.71764,0
                -100.508357,20.718013,0
                -100.509058,20.7188,0
                -100.509525,20.719379,0
                -100.509992,20.72,0
                -100.510225,20.720455,0
                -100.510633,20.721571,0
                -100.510865,20.722357,0
                -100.511214,20.72306,0
                -100.511682,20.723433,0
                -100.512678,20.723683,0
                -100.513205,20.723767,0
                -100.514083,20.724058,0
                -100.515137,20.724143,0
                -100.516425,20.724683,0
                -100.517595,20.725512,0
                -100.518355,20.726175,0
                -100.518997,20.727044,0
                -100.519638,20.728202,0
                -100.520047,20.72874,0
                -100.520631,20.729444,0
                -100.521156,20.730271,0
                -100.521505,20.731346,0
                -100.521913,20.732338,0
                -100.522028,20.733206,0
                -100.52185,20.734032,0
                -100.521613,20.73494,0
                -100.521906,20.734817,0
                -100.522432,20.735272,0
                -100.522489,20.735892,0
                -100.522722,20.736347,0
                -100.523073,20.736637,0
                -100.52354,20.737299,0
                -100.523656,20.737795,0
                -100.524534,20.738334,0
                -100.525244,20.735609,0
                -100.525596,20.735486,0
                -100.526007,20.735239,0
                -100.526359,20.735075,0
                -100.526653,20.734704,0
                -100.527064,20.734498,0
                -100.527591,20.734334,0
                -100.528002,20.734046,0
                -100.528765,20.733717,0
                -100.529292,20.733636,0
                -100.529702,20.733761,0
                -100.530112,20.733844,0
                -100.530229,20.734134,0
                -100.530228,20.734464,0
                -100.529993,20.734794,0
                -100.529873,20.735579,0
                -100.529753,20.736735,0
                -100.52975,20.738016,0
                -100.529629,20.73942,0
                -100.53039,20.739793,0
                -100.530389,20.740289,0
                -100.53074,20.740579,0
                -100.530914,20.741282,0
                -100.531146,20.74186,0
                -100.531554,20.742811,0
                -100.531788,20.743018,0
                -100.532022,20.74306,0
              </coordinates>
            </LinearRing>
          </outerBoundaryIs>
        </Polygon>
      </Placemark>
      <Placemark>
        <name>04</name>
        <description><![CDATA[Descripción: Distrito Local 04<br>ID: 4<br>ENTIDAD: 22<br>DISTRITO_L: 4<br>TIPO: 0<br>URL: https://ieeq.mx/elecciones/cartografia-electoral/Dto/4/#Res<br>Geometry1_: 1=X=Hs]]></description>
        <styleUrl>#poly-F9A825-4000-168</styleUrl>
        <ExtendedData>
          <Data name="Descripción">
            <value>Distrito Local 04</value>
          </Data>
          <Data name="ID">
            <value>4</value>
          </Data>
          <Data name="ENTIDAD">
            <value>22</value>
          </Data>
          <Data name="DISTRITO_L">
            <value>4</value>
          </Data>
          <Data name="TIPO">
            <value>0</value>
          </Data>
          <Data name="URL">
            <value>https://ieeq.mx/elecciones/cartografia-electoral/Dto/4/#Res</value>
          </Data>
          <Data name="Geometry1_">
            <value>1=X=Hs</value>
          </Data>
        </ExtendedData>
        <Polygon>
          <outerBoundaryIs>
            <LinearRing>
              <tessellate>1</tessellate>
              <coordinates>
                -100.3371,20.626579,0
                -100.336889,20.626623,0
                -100.336822,20.626637,0
                -100.33672,20.626659,0
                -100.336396,20.626727,0
                -100.336428,20.626871,0
                -100.33646,20.627013,0
                -100.336544,20.627392,0
                -100.336795,20.627339,0
                -100.336846,20.627329,0
                -100.336818,20.627222,0
                -100.337549,20.627088,0
                -100.337921,20.628667,0
                -100.338235,20.629996,0
                -100.338406,20.630727,0
                -100.338729,20.632156,0
                -100.338943,20.633106,0
                -100.339134,20.633951,0
                -100.339144,20.633995,0
                -100.339159,20.634068,0
                -100.339566,20.635917,0
                -100.339776,20.63686,0
                -100.339981,20.637427,0
                -100.340003,20.637521,0
                -100.340216,20.638546,0
                -100.340233,20.638911,0
                -100.339947,20.639864,0
                -100.339732,20.641018,0
                -100.34432,20.640872,0
                -100.344286,20.641532,0
                -100.34425,20.642254,0
                -100.344126,20.644442,0
                -100.344106,20.644446,0
                -100.344042,20.645442,0
                -100.343963,20.646715,0
                -100.343889,20.647815,0
                -100.343521,20.653541,0
                -100.343381,20.655878,0
                -100.343208,20.658746,0
                -100.343189,20.659065,0
                -100.343107,20.660455,0
                -100.343046,20.661481,0
                -100.343039,20.661598,0
                -100.343034,20.661674,0
                -100.342989,20.66243,0
                -100.342912,20.663744,0
                -100.342863,20.664561,0
                -100.34284,20.667082,0
                -100.343297,20.667158,0
                -100.346247,20.667616,0
                -100.351186,20.668449,0
                -100.351923,20.668572,0
                -100.352135,20.671472,0
                -100.352075,20.672385,0
                -100.352062,20.672552,0
                -100.351943,20.673186,0
                -100.35162,20.674921,0
                -100.351614,20.674957,0
                -100.351536,20.675332,0
                -100.351358,20.675783,0
                -100.351344,20.675817,0
                -100.350993,20.676613,0
                -100.350977,20.676649,0
                -100.350716,20.677256,0
                -100.35098,20.677503,0
                -100.351026,20.677547,0
                -100.353039,20.679451,0
                -100.353066,20.679478,0
                -100.354153,20.680511,0
                -100.356068,20.680744,0
                -100.356107,20.680748,0
                -100.356197,20.680757,0
                -100.359297,20.681672,0
                -100.357216,20.685964,0
                -100.357414,20.685986,0
                -100.357612,20.686008,0
                -100.359408,20.686281,0
                -100.360449,20.686392,0
                -100.362603,20.686278,0
                -100.362759,20.686358,0
                -100.362362,20.687034,0
                -100.360222,20.690681,0
                -100.367855,20.692628,0
                -100.367907,20.692406,0
                -100.368982,20.691303,0
                -100.370105,20.690472,0
                -100.370889,20.689874,0
                -100.371187,20.689521,0
                -100.371312,20.689069,0
                -100.371261,20.688674,0
                -100.371274,20.688096,0
                -100.371176,20.687573,0
                -100.371037,20.687208,0
                -100.370918,20.686577,0
                -100.371137,20.686179,0
                -100.371455,20.685767,0
                -100.372487,20.684277,0
                -100.373365,20.683438,0
                -100.374229,20.682593,0
                -100.375328,20.681622,0
                -100.37628,20.680789,0
                -100.377436,20.679971,0
                -100.378159,20.679616,0
                -100.378954,20.679212,0
                -100.379349,20.679183,0
                -100.379766,20.679291,0
                -100.380348,20.679245,0
                -100.381047,20.679231,0
                -100.381456,20.679207,0
                -100.381706,20.679124,0
                -100.382529,20.67868,0
                -100.38284,20.678224,0
                -100.383081,20.677445,0
                -100.383358,20.67661,0
                -100.383938,20.675691,0
                -100.384337,20.675044,0
                -100.38477,20.674682,0
                -100.385011,20.674472,0
                -100.385075,20.674352,0
                -100.385089,20.674254,0
                -100.385077,20.674147,0
                -100.38505,20.67403,0
                -100.384749,20.673027,0
                -100.38461,20.672659,0
                -100.38384,20.670634,0
                -100.383512,20.669626,0
                -100.383325,20.669104,0
                -100.383168,20.66862,0
                -100.382996,20.668134,0
                -100.382888,20.667791,0
                -100.382734,20.667066,0
                -100.382662,20.666624,0
                -100.382537,20.666059,0
                -100.382428,20.665665,0
                -100.384004,20.664354,0
                -100.384528,20.663919,0
                -100.387095,20.661783,0
                -100.387484,20.66155,0
                -100.387853,20.661412,0
                -100.388168,20.661342,0
                -100.388467,20.661315,0
                -100.38882,20.661327,0
                -100.389227,20.661401,0
                -100.389617,20.661537,0
                -100.390045,20.661782,0
                -100.390629,20.662207,0
                -100.391407,20.662771,0
                -100.392472,20.663532,0
                -100.39333,20.664145,0
                -100.393364,20.664068,0
                -100.393455,20.663811,0
                -100.39362,20.663166,0
                -100.3938,20.662355,0
                -100.39419,20.660097,0
                -100.39422,20.659928,0
                -100.394246,20.659779,0
                -100.394288,20.65954,0
                -100.3943,20.659465,0
                -100.39511,20.659583,0
                -100.395185,20.659572,0
                -100.397038,20.659828,0
                -100.397123,20.659838,0
                -100.397132,20.659784,0
                -100.397158,20.659632,0
                -100.397607,20.659697,0
                -100.397972,20.659757,0
                -100.398382,20.659821,0
                -100.398451,20.659414,0
                -100.398523,20.659059,0
                -100.398594,20.658671,0
                -100.398666,20.658296,0
                -100.398745,20.657915,0
                -100.39965,20.658001,0
                -100.399692,20.657684,0
                -100.399767,20.65733,0
                -100.399841,20.656902,0
                -100.400308,20.65696,0
                -100.400229,20.657433,0
                -100.401193,20.657589,0
                -100.402213,20.657735,0
                -100.402731,20.657822,0
                -100.402807,20.657384,0
                -100.402942,20.657406,0
                -100.403031,20.656857,0
                -100.40319,20.656011,0
                -100.403264,20.655557,0
                -100.403517,20.654075,0
                -100.403709,20.653031,0
                -100.40732,20.653628,0
                -100.407828,20.653697,0
                -100.407937,20.653136,0
                -100.408136,20.652109,0
                -100.408141,20.652078,0
                -100.408148,20.65204,0
                -100.408346,20.650858,0
                -100.408704,20.650825,0
                -100.408531,20.649684,0
                -100.408607,20.649285,0
                -100.408615,20.649184,0
                -100.407566,20.649044,0
                -100.406623,20.648875,0
                -100.406696,20.648488,0
                -100.406702,20.648442,0
                -100.406773,20.648128,0
                -100.40685,20.647756,0
                -100.406939,20.647396,0
                -100.407016,20.647036,0
                -100.407098,20.646659,0
                -100.407154,20.646336,0
                -100.40681,20.646277,0
                -100.40628,20.646192,0
                -100.405775,20.646113,0
                -100.40532,20.646052,0
                -100.404959,20.645996,0
                -100.405005,20.645744,0
                -100.40519,20.644725,0
                -100.40581,20.644813,0
                -100.406204,20.644869,0
                -100.406437,20.643468,0
                -100.406037,20.643395,0
                -100.405456,20.643239,0
                -100.405399,20.643231,0
                -100.405374,20.643227,0
                -100.405318,20.643219,0
                -100.405446,20.642328,0
                -100.405564,20.641259,0
                -100.405582,20.641011,0
                -100.405628,20.640562,0
                -100.405704,20.639709,0
                -100.405732,20.639402,0
                -100.405751,20.639173,0
                -100.405842,20.638065,0
                -100.40587,20.637762,0
                -100.405889,20.637469,0
                -100.405895,20.637401,0
                -100.40595,20.636858,0
                -100.40598,20.63645,0
                -100.405983,20.636413,0
                -100.406024,20.635952,0
                -100.406045,20.635705,0
                -100.406063,20.635521,0
                -100.406072,20.635331,0
                -100.406049,20.635118,0
                -100.405996,20.634858,0
                -100.405961,20.634735,0
                -100.405874,20.634465,0
                -100.405812,20.634262,0
                -100.405738,20.633977,0
                -100.4057,20.633793,0
                -100.405676,20.633638,0
                -100.405672,20.633451,0
                -100.405695,20.633181,0
                -100.405724,20.633048,0
                -100.405889,20.632386,0
                -100.40592,20.632289,0
                -100.405943,20.632227,0
                -100.406016,20.631934,0
                -100.406121,20.631515,0
                -100.406236,20.631123,0
                -100.406243,20.631098,0
                -100.406369,20.630659,0
                -100.406485,20.630284,0
                -100.406585,20.629954,0
                -100.4066,20.629827,0
                -100.406612,20.629614,0
                -100.406603,20.629514,0
                -100.406552,20.629545,0
                -100.40589,20.629611,0
                -100.404568,20.629729,0
                -100.403981,20.629788,0
                -100.403555,20.629829,0
                -100.402767,20.629895,0
                -100.402776,20.629488,0
                -100.402786,20.629073,0
                -100.402792,20.628837,0
                -100.402808,20.628387,0
                -100.402818,20.628098,0
                -100.402827,20.627996,0
                -100.40284,20.627859,0
                -100.402869,20.627552,0
                -100.402898,20.626861,0
                -100.402731,20.626785,0
                -100.399737,20.625422,0
                -100.399712,20.625561,0
                -100.399638,20.625527,0
                -100.399553,20.625486,0
                -100.399365,20.625398,0
                -100.399116,20.625281,0
                -100.398814,20.625144,0
                -100.398197,20.624863,0
                -100.398012,20.624778,0
                -100.397109,20.624367,0
                -100.396868,20.624257,0
                -100.395758,20.623763,0
                -100.395687,20.623732,0
                -100.395657,20.623718,0
                -100.395602,20.623694,0
                -100.395515,20.623654,0
                -100.395373,20.623588,0
                -100.395181,20.623499,0
                -100.394741,20.623296,0
                -100.394691,20.623273,0
                -100.394277,20.623095,0
                -100.394243,20.623081,0
                -100.39381,20.622898,0
                -100.393792,20.622891,0
                -100.393347,20.62269,0
                -100.393264,20.622653,0
                -100.393052,20.622549,0
                -100.392888,20.622476,0
                -100.392246,20.622187,0
                -100.391807,20.621997,0
                -100.391696,20.621949,0
                -100.39115,20.621699,0
                -100.390912,20.621609,0
                -100.390663,20.621507,0
                -100.390186,20.621303,0
                -100.3903,20.621209,0
                -100.390337,20.621172,0
                -100.390366,20.621125,0
                -100.390383,20.62106,0
                -100.390387,20.621019,0
                -100.390386,20.620971,0
                -100.390374,20.620874,0
                -100.390346,20.620836,0
                -100.390087,20.620527,0
                -100.39086,20.620849,0
                -100.391984,20.621343,0
                -100.392121,20.621334,0
                -100.39223,20.621253,0
                -100.392507,20.620918,0
                -100.392376,20.620812,0
                -100.392085,20.620577,0
                -100.391489,20.620059,0
                -100.391344,20.619898,0
                -100.391186,20.61962,0
                -100.391112,20.619371,0
                -100.391082,20.619208,0
                -100.391078,20.619185,0
                -100.39107,20.618562,0
                -100.391083,20.618271,0
                -100.391214,20.617788,0
                -100.391282,20.617707,0
                -100.391622,20.617288,0
                -100.391731,20.617151,0
                -100.391856,20.617063,0
                -100.391887,20.617001,0
                -100.391921,20.616606,0
                -100.391112,20.616516,0
                -100.390367,20.616398,0
                -100.390081,20.616327,0
                -100.389958,20.616296,0
                -100.389968,20.616245,0
                -100.389981,20.61617,0
                -100.389997,20.616084,0
                -100.390003,20.616047,0
                -100.389861,20.615894,0
                -100.389825,20.615574,0
                -100.389794,20.615438,0
                -100.389343,20.614785,0
                -100.389495,20.614873,0
                -100.389731,20.614911,0
                -100.389932,20.614835,0
                -100.390068,20.614675,0
                -100.39011,20.614613,0
                -100.390013,20.614253,0
                -100.390005,20.614212,0
                -100.39,20.614182,0
                -100.389967,20.614014,0
                -100.389959,20.613974,0
                -100.389953,20.613943,0
                -100.389929,20.613821,0
                -100.389924,20.613795,0
                -100.389912,20.61377,0
                -100.389776,20.613285,0
                -100.389719,20.613068,0
                -100.389659,20.612811,0
                -100.389598,20.612549,0
                -100.389578,20.612462,0
                -100.389289,20.611833,0
                -100.389267,20.611785,0
                -100.389144,20.611518,0
                -100.389054,20.611323,0
                -100.388936,20.611067,0
                -100.388563,20.610257,0
                -100.388462,20.61012,0
                -100.388362,20.610041,0
                -100.3882,20.610038,0
                -100.387892,20.610114,0
                -100.387495,20.610231,0
                -100.387317,20.610208,0
                -100.387164,20.610145,0
                -100.387027,20.610018,0
                -100.38696,20.609866,0
                -100.386944,20.60983,0
                -100.386762,20.60942,0
                -100.386607,20.609055,0
                -100.386546,20.608907,0
                -100.38653,20.608847,0
                -100.386478,20.60865,0
                -100.386388,20.608307,0
                -100.386474,20.607947,0
                -100.386491,20.607907,0
                -100.386566,20.607712,0
                -100.386552,20.607612,0
                -100.386548,20.607584,0
                -100.386541,20.607548,0
                -100.386528,20.607512,0
                -100.386506,20.607475,0
                -100.386474,20.607446,0
                -100.386442,20.607424,0
                -100.386366,20.607398,0
                -100.386319,20.607397,0
                -100.38626,20.607406,0
                -100.3862,20.607421,0
                -100.386138,20.607448,0
                -100.386034,20.607634,0
                -100.385993,20.607741,0
                -100.385929,20.607996,0
                -100.385913,20.60812,0
                -100.38592,20.608201,0
                -100.385749,20.608424,0
                -100.385561,20.608565,0
                -100.385413,20.608642,0
                -100.385158,20.608739,0
                -100.384963,20.608735,0
                -100.384834,20.608723,0
                -100.384625,20.60868,0
                -100.384408,20.608549,0
                -100.38396,20.608203,0
                -100.383729,20.608027,0
                -100.383558,20.607768,0
                -100.383554,20.607733,0
                -100.383541,20.607634,0
                -100.383474,20.607125,0
                -100.383349,20.606995,0
                -100.383223,20.606864,0
                -100.382322,20.605816,0
                -100.382109,20.605668,0
                -100.381794,20.60553,0
                -100.381624,20.605433,0
                -100.381597,20.605418,0
                -100.381499,20.605362,0
                -100.380751,20.604997,0
                -100.379096,20.604212,0
                -100.379054,20.604195,0
                -100.378414,20.603939,0
                -100.378305,20.603957,0
                -100.37824,20.604043,0
                -100.378215,20.604136,0
                -100.378265,20.604323,0
                -100.378035,20.604406,0
                -100.377835,20.604532,0
                -100.377771,20.604504,0
                -100.377637,20.604428,0
                -100.377466,20.604348,0
                -100.377368,20.604272,0
                -100.377291,20.604166,0
                -100.377195,20.603796,0
                -100.37712,20.603701,0
                -100.377091,20.603621,0
                -100.377032,20.603625,0
                -100.376991,20.603627,0
                -100.376841,20.603636,0
                -100.376668,20.603647,0
                -100.376632,20.603649,0
                -100.376351,20.60365,0
                -100.375693,20.603651,0
                -100.37488,20.603593,0
                -100.374852,20.603592,0
                -100.374081,20.603455,0
                -100.37401,20.603442,0
                -100.373651,20.603376,0
                -100.372559,20.603176,0
                -100.372333,20.603148,0
                -100.372288,20.603143,0
                -100.372188,20.603131,0
                -100.372134,20.603125,0
                -100.372054,20.603115,0
                -100.371653,20.603067,0
                -100.371359,20.603032,0
                -100.370973,20.603016,0
                -100.370947,20.603015,0
                -100.370654,20.603045,0
                -100.370317,20.60308,0
                -100.370047,20.603109,0
                -100.37001,20.603118,0
                -100.369489,20.603256,0
                -100.368893,20.603483,0
                -100.368722,20.603548,0
                -100.368614,20.603594,0
                -100.367647,20.604036,0
                -100.366736,20.60425,0
                -100.366416,20.604275,0
                -100.366412,20.604208,0
                -100.366392,20.603925,0
                -100.366387,20.60386,0
                -100.366341,20.603336,0
                -100.366318,20.603071,0
                -100.36628,20.602641,0
                -100.366274,20.602534,0
                -100.366237,20.602548,0
                -100.366022,20.602628,0
                -100.365622,20.602745,0
                -100.365265,20.602755,0
                -100.364252,20.602011,0
                -100.363779,20.60192,0
                -100.362176,20.601315,0
                -100.361125,20.601062,0
                -100.360826,20.600885,0
                -100.360792,20.600864,0
                -100.360771,20.600852,0
                -100.36075,20.60084,0
                -100.36073,20.600828,0
                -100.360584,20.600741,0
                -100.360095,20.600586,0
                -100.35965,20.600636,0
                -100.359292,20.600527,0
                -100.359032,20.600407,0
                -100.359014,20.600399,0
                -100.358624,20.600369,0
                -100.358602,20.600367,0
                -100.358549,20.600363,0
                -100.358173,20.600377,0
                -100.357976,20.60027,0
                -100.357801,20.600135,0
                -100.357454,20.599869,0
                -100.357159,20.599813,0
                -100.357124,20.599791,0
                -100.3571,20.599776,0
                -100.357046,20.599741,0
                -100.357018,20.599723,0
                -100.356346,20.599858,0
                -100.3562,20.599963,0
                -100.356068,20.600031,0
                -100.355839,20.60015,0
                -100.355355,20.600243,0
                -100.354963,20.600318,0
                -100.353875,20.600834,0
                -100.353431,20.601344,0
                -100.353419,20.601368,0
                -100.353408,20.601392,0
                -100.353344,20.601529,0
                -100.353226,20.601822,0
                -100.353095,20.602042,0
                -100.352923,20.602204,0
                -100.352655,20.602256,0
                -100.352338,20.602243,0
                -100.35213,20.602232,0
                -100.351965,20.602273,0
                -100.351846,20.602302,0
                -100.351394,20.602627,0
                -100.350455,20.603381,0
                -100.35011,20.603556,0
                -100.349732,20.60372,0
                -100.349353,20.603973,0
                -100.348941,20.604177,0
                -100.348831,20.6042,0
                -100.34856,20.604258,0
                -100.348454,20.604286,0
                -100.348093,20.604226,0
                -100.348046,20.604219,0
                -100.34789,20.604177,0
                -100.347566,20.604092,0
                -100.346498,20.603958,0
                -100.345638,20.604083,0
                -100.345654,20.604103,0
                -100.345683,20.604192,0
                -100.345732,20.60434,0
                -100.345493,20.604419,0
                -100.345732,20.605207,0
                -100.345805,20.605182,0
                -100.345969,20.605727,0
                -100.345991,20.605788,0
                -100.34535,20.605856,0
                -100.345365,20.605879,0
                -100.345497,20.60609,0
                -100.345519,20.606124,0
                -100.345545,20.606166,0
                -100.345262,20.606224,0
                -100.345214,20.606234,0
                -100.345252,20.606708,0
                -100.345357,20.606683,0
                -100.345462,20.606657,0
                -100.345549,20.607034,0
                -100.345608,20.607376,0
                -100.345881,20.607334,0
                -100.346063,20.607307,0
                -100.34742,20.607132,0
                -100.347847,20.608701,0
                -100.3478,20.608696,0
                -100.347722,20.608631,0
                -100.347519,20.608583,0
                -100.347417,20.608623,0
                -100.347249,20.608579,0
                -100.347131,20.608604,0
                -100.346874,20.608686,0
                -100.346561,20.608702,0
                -100.346479,20.608716,0
                -100.346032,20.608636,0
                -100.345819,20.608705,0
                -100.345627,20.60851,0
                -100.34553,20.608551,0
                -100.345312,20.608628,0
                -100.345098,20.608864,0
                -100.344868,20.608882,0
                -100.344394,20.608809,0
                -100.344012,20.608988,0
                -100.34359,20.609151,0
                -100.343281,20.60917,0
                -100.342976,20.609217,0
                -100.342587,20.609265,0
                -100.342281,20.609406,0
                -100.342138,20.60956,0
                -100.342067,20.609577,0
                -100.341889,20.609707,0
                -100.341796,20.609775,0
                -100.341825,20.610026,0
                -100.341763,20.61018,0
                -100.341451,20.61027,0
                -100.341146,20.61039,0
                -100.341151,20.610492,0
                -100.341212,20.610586,0
                -100.341307,20.610635,0
                -100.341433,20.610801,0
                -100.341391,20.611061,0
                -100.341269,20.611349,0
                -100.341257,20.611516,0
                -100.341331,20.611565,0
                -100.341335,20.61168,0
                -100.341172,20.611856,0
                -100.340959,20.611984,0
                -100.340896,20.61202,0
                -100.340823,20.611992,0
                -100.340815,20.61201,0
                -100.340589,20.611921,0
                -100.340211,20.612206,0
                -100.339879,20.612686,0
                -100.3398,20.613007,0
                -100.339699,20.613116,0
                -100.339677,20.61313,0
                -100.339372,20.613582,0
                -100.339326,20.613896,0
                -100.338986,20.614181,0
                -100.338777,20.614275,0
                -100.338629,20.614301,0
                -100.338435,20.614298,0
                -100.337574,20.614099,0
                -100.336906,20.613246,0
                -100.335913,20.61465,0
                -100.336587,20.617709,0
                -100.336857,20.617664,0
                -100.336889,20.617732,0
                -100.336907,20.61777,0
                -100.33692,20.617799,0
                -100.336938,20.617837,0
                -100.336739,20.617869,0
                -100.336012,20.617984,0
                -100.335974,20.618028,0
                -100.336106,20.618575,0
                -100.33615,20.618619,0
                -100.336186,20.618665,0
                -100.336182,20.61872,0
                -100.336138,20.61876,0
                -100.336088,20.618766,0
                -100.33605,20.618746,0
                -100.335893,20.618053,0
                -100.335839,20.618011,0
                -100.335388,20.618082,0
                -100.335426,20.618344,0
                -100.335438,20.618398,0
                -100.335563,20.618921,0
                -100.335606,20.61893,0
                -100.335632,20.618952,0
                -100.335664,20.61902,0
                -100.33572,20.619123,0
                -100.335732,20.619143,0
                -100.335788,20.619226,0
                -100.335837,20.619291,0
                -100.335897,20.619361,0
                -100.336004,20.619475,0
                -100.336089,20.619581,0
                -100.336176,20.619695,0
                -100.336251,20.619799,0
                -100.336332,20.619931,0
                -100.336455,20.620163,0
                -100.336565,20.620429,0
                -100.33664,20.620674,0
                -100.336662,20.620787,0
                -100.336688,20.620907,0
                -100.336726,20.621274,0
                -100.336724,20.621507,0
                -100.336689,20.621839,0
                -100.336669,20.621989,0
                -100.336669,20.622162,0
                -100.336684,20.622334,0
                -100.336718,20.622505,0
                -100.336774,20.622672,0
                -100.336827,20.622794,0
                -100.336869,20.622877,0
                -100.336928,20.622974,0
                -100.336981,20.62305,0
                -100.337007,20.623084,0
                -100.337031,20.623115,0
                -100.337073,20.623164,0
                -100.337139,20.623236,0
                -100.337197,20.623292,0
                -100.33727,20.623357,0
                -100.337336,20.623409,0
                -100.337409,20.62346,0
                -100.337478,20.623507,0
                -100.337582,20.623565,0
                -100.33763,20.623587,0
                -100.337698,20.62362,0
                -100.337757,20.623645,0
                -100.337791,20.623658,0
                -100.337826,20.623671,0
                -100.337893,20.623693,0
                -100.338047,20.623733,0
                -100.338706,20.623861,0
                -100.338844,20.623887,0
                -100.338919,20.623893,0
                -100.338913,20.623934,0
                -100.338907,20.623975,0
                -100.338899,20.624029,0
                -100.338894,20.624068,0
                -100.33889,20.624098,0
                -100.338879,20.624171,0
                -100.338872,20.624223,0
                -100.338865,20.624272,0
                -100.338857,20.624327,0
                -100.338745,20.624874,0
                -100.338731,20.624945,0
                -100.338698,20.625029,0
                -100.338552,20.62531,0
                -100.338662,20.625329,0
                -100.338553,20.625471,0
                -100.338553,20.625478,0
                -100.338536,20.625493,0
                -100.338509,20.625527,0
                -100.338465,20.625584,0
                -100.338327,20.625763,0
                -100.338225,20.626046,0
                -100.338163,20.626216,0
                -100.338117,20.626226,0
                -100.33777,20.626298,0
                -100.33778,20.626346,0
                -100.337418,20.62642,0
                -100.337196,20.626465,0
                -100.337139,20.626477,0
                -100.337079,20.626489,0
                -100.3371,20.626579,0
              </coordinates>
            </LinearRing>
          </outerBoundaryIs>
        </Polygon>
      </Placemark>
      <Placemark>
        <name>05</name>
        <description><![CDATA[Descripción: Distrito Local 05<br>ID: 5<br>ENTIDAD: 22<br>DISTRITO_L: 5<br>TIPO: 0<br>URL: https://ieeq.mx/elecciones/cartografia-electoral/Dto/5/#Res<br>Geometry1_: 1=X=F]]></description>
        <styleUrl>#poly-FFD600-4000-171</styleUrl>
        <ExtendedData>
          <Data name="Descripción">
            <value>Distrito Local 05</value>
          </Data>
          <Data name="ID">
            <value>5</value>
          </Data>
          <Data name="ENTIDAD">
            <value>22</value>
          </Data>
          <Data name="DISTRITO_L">
            <value>5</value>
          </Data>
          <Data name="TIPO">
            <value>0</value>
          </Data>
          <Data name="URL">
            <value>https://ieeq.mx/elecciones/cartografia-electoral/Dto/5/#Res</value>
          </Data>
          <Data name="Geometry1_">
            <value>1=X=F</value>
          </Data>
        </ExtendedData>
        <Polygon>
          <outerBoundaryIs>
            <LinearRing>
              <tessellate>1</tessellate>
              <coordinates>
                -100.343875,20.577564,0
                -100.343879,20.577567,0
                -100.344494,20.578119,0
                -100.345735,20.579234,0
                -100.345476,20.579347,0
                -100.346741,20.580981,0
                -100.346797,20.581184,0
                -100.346882,20.581488,0
                -100.345485,20.582111,0
                -100.345377,20.582358,0
                -100.345484,20.583098,0
                -100.345472,20.583113,0
                -100.345356,20.583718,0
                -100.345302,20.583996,0
                -100.34556,20.584224,0
                -100.345738,20.584313,0
                -100.346795,20.585129,0
                -100.347878,20.584827,0
                -100.348116,20.584672,0
                -100.348635,20.584067,0
                -100.348677,20.584033,0
                -100.348819,20.583937,0
                -100.349658,20.584757,0
                -100.355011,20.585063,0
                -100.35508,20.585067,0
                -100.355171,20.585072,0
                -100.355196,20.585073,0
                -100.355401,20.585085,0
                -100.355392,20.585293,0
                -100.355362,20.585351,0
                -100.354997,20.586043,0
                -100.354365,20.586934,0
                -100.353844,20.587347,0
                -100.353448,20.587598,0
                -100.353122,20.587752,0
                -100.353057,20.587775,0
                -100.352622,20.58793,0
                -100.352228,20.588016,0
                -100.351655,20.588064,0
                -100.351226,20.588067,0
                -100.350777,20.588012,0
                -100.350499,20.587946,0
                -100.349019,20.587646,0
                -100.348198,20.587537,0
                -100.347459,20.587536,0
                -100.346904,20.587527,0
                -100.346514,20.587505,0
                -100.346199,20.587458,0
                -100.345814,20.587371,0
                -100.345455,20.587247,0
                -100.344969,20.587007,0
                -100.344592,20.586759,0
                -100.344259,20.58643,0
                -100.344152,20.586322,0
                -100.343926,20.5861,0
                -100.343578,20.585994,0
                -100.343421,20.585946,0
                -100.342178,20.586173,0
                -100.341305,20.58641,0
                -100.341177,20.586481,0
                -100.34109,20.58653,0
                -100.340886,20.586643,0
                -100.340827,20.586791,0
                -100.340784,20.586933,0
                -100.340755,20.587056,0
                -100.340721,20.587194,0
                -100.340709,20.587329,0
                -100.340698,20.587485,0
                -100.340709,20.587616,0
                -100.340726,20.587758,0
                -100.340834,20.588139,0
                -100.340844,20.588158,0
                -100.34098,20.58842,0
                -100.34109,20.588591,0
                -100.341218,20.588728,0
                -100.341378,20.58888,0
                -100.341514,20.588981,0
                -100.341581,20.589022,0
                -100.341705,20.589099,0
                -100.34186,20.589175,0
                -100.34203,20.589239,0
                -100.342177,20.589283,0
                -100.342306,20.589313,0
                -100.342127,20.589349,0
                -100.339998,20.589775,0
                -100.339168,20.589941,0
                -100.339345,20.590411,0
                -100.339193,20.590566,0
                -100.339159,20.590968,0
                -100.339233,20.591149,0
                -100.338965,20.591189,0
                -100.338973,20.591297,0
                -100.339694,20.591565,0
                -100.340469,20.591997,0
                -100.340563,20.592173,0
                -100.341034,20.593059,0
                -100.341394,20.593806,0
                -100.341645,20.594538,0
                -100.341677,20.594628,0
                -100.341693,20.594674,0
                -100.341734,20.59479,0
                -100.34175,20.594836,0
                -100.34195,20.595411,0
                -100.341978,20.595492,0
                -100.342225,20.5962,0
                -100.342257,20.596293,0
                -100.342271,20.596333,0
                -100.342283,20.596366,0
                -100.342383,20.596653,0
                -100.342412,20.596747,0
                -100.342429,20.596802,0
                -100.342451,20.596875,0
                -100.342586,20.597308,0
                -100.342602,20.597361,0
                -100.342752,20.597849,0
                -100.342874,20.598598,0
                -100.342885,20.598666,0
                -100.342898,20.598743,0
                -100.34294,20.59874,0
                -100.342949,20.59883,0
                -100.342954,20.598877,0
                -100.342957,20.598905,0
                -100.342965,20.598966,0
                -100.342981,20.599185,0
                -100.342983,20.599239,0
                -100.342971,20.599786,0
                -100.342895,20.599947,0
                -100.342777,20.600171,0
                -100.342977,20.601306,0
                -100.343174,20.601641,0
                -100.3439,20.603033,0
                -100.344081,20.603192,0
                -100.344121,20.603228,0
                -100.344228,20.603391,0
                -100.344271,20.603455,0
                -100.344336,20.60345,0
                -100.34488,20.603346,0
                -100.344888,20.603363,0
                -100.344932,20.603463,0
                -100.345013,20.603517,0
                -100.345071,20.603586,0
                -100.345106,20.603674,0
                -100.345479,20.603621,0
                -100.345483,20.603642,0
                -100.345545,20.603945,0
                -100.34555,20.603967,0
                -100.345554,20.603989,0
                -100.345638,20.604083,0
                -100.346498,20.603958,0
                -100.347566,20.604092,0
                -100.34789,20.604177,0
                -100.348046,20.604219,0
                -100.348093,20.604226,0
                -100.348454,20.604286,0
                -100.34856,20.604258,0
                -100.348831,20.6042,0
                -100.348941,20.604177,0
                -100.349353,20.603973,0
                -100.349732,20.60372,0
                -100.35011,20.603556,0
                -100.350455,20.603381,0
                -100.351394,20.602627,0
                -100.351846,20.602302,0
                -100.351965,20.602273,0
                -100.35213,20.602232,0
                -100.352338,20.602243,0
                -100.352655,20.602256,0
                -100.352923,20.602204,0
                -100.353095,20.602042,0
                -100.353226,20.601822,0
                -100.353344,20.601529,0
                -100.353408,20.601392,0
                -100.353419,20.601368,0
                -100.353431,20.601344,0
                -100.353875,20.600834,0
                -100.354963,20.600318,0
                -100.355355,20.600243,0
                -100.355839,20.60015,0
                -100.356068,20.600031,0
                -100.3562,20.599963,0
                -100.356346,20.599858,0
                -100.357018,20.599723,0
                -100.357046,20.599741,0
                -100.3571,20.599776,0
                -100.357124,20.599791,0
                -100.357159,20.599813,0
                -100.357454,20.599869,0
                -100.357801,20.600135,0
                -100.357976,20.60027,0
                -100.358173,20.600377,0
                -100.358549,20.600363,0
                -100.358602,20.600367,0
                -100.358624,20.600369,0
                -100.359014,20.600399,0
                -100.359032,20.600407,0
                -100.359292,20.600527,0
                -100.35965,20.600636,0
                -100.360095,20.600586,0
                -100.360584,20.600741,0
                -100.36073,20.600828,0
                -100.36075,20.60084,0
                -100.360771,20.600852,0
                -100.360792,20.600864,0
                -100.360826,20.600885,0
                -100.361125,20.601062,0
                -100.362176,20.601315,0
                -100.363779,20.60192,0
                -100.364252,20.602011,0
                -100.365265,20.602755,0
                -100.365622,20.602745,0
                -100.366022,20.602628,0
                -100.366237,20.602548,0
                -100.366274,20.602534,0
                -100.36628,20.602641,0
                -100.366318,20.603071,0
                -100.366341,20.603336,0
                -100.366387,20.60386,0
                -100.366392,20.603925,0
                -100.366412,20.604208,0
                -100.366416,20.604275,0
                -100.366736,20.60425,0
                -100.367647,20.604036,0
                -100.368614,20.603594,0
                -100.368722,20.603548,0
                -100.368893,20.603483,0
                -100.369489,20.603256,0
                -100.37001,20.603118,0
                -100.370047,20.603109,0
                -100.370317,20.60308,0
                -100.370654,20.603045,0
                -100.370947,20.603015,0
                -100.370973,20.603016,0
                -100.371359,20.603032,0
                -100.371653,20.603067,0
                -100.372054,20.603115,0
                -100.372134,20.603125,0
                -100.372188,20.603131,0
                -100.372288,20.603143,0
                -100.372333,20.603148,0
                -100.372559,20.603176,0
                -100.373651,20.603376,0
                -100.37401,20.603442,0
                -100.374081,20.603455,0
                -100.374852,20.603592,0
                -100.37488,20.603593,0
                -100.375693,20.603651,0
                -100.376351,20.60365,0
                -100.376632,20.603649,0
                -100.376668,20.603647,0
                -100.376841,20.603636,0
                -100.376991,20.603627,0
                -100.377032,20.603625,0
                -100.377091,20.603621,0
                -100.37712,20.603701,0
                -100.377195,20.603796,0
                -100.377291,20.604166,0
                -100.377368,20.604272,0
                -100.377466,20.604348,0
                -100.377637,20.604428,0
                -100.377771,20.604504,0
                -100.377835,20.604532,0
                -100.378035,20.604406,0
                -100.378265,20.604323,0
                -100.378215,20.604136,0
                -100.37824,20.604043,0
                -100.378305,20.603957,0
                -100.378414,20.603939,0
                -100.379054,20.604195,0
                -100.379096,20.604212,0
                -100.380751,20.604997,0
                -100.381499,20.605362,0
                -100.381597,20.605418,0
                -100.381624,20.605433,0
                -100.381794,20.60553,0
                -100.382109,20.605668,0
                -100.382322,20.605816,0
                -100.383223,20.606864,0
                -100.383349,20.606995,0
                -100.383474,20.607125,0
                -100.383541,20.607634,0
                -100.383554,20.607733,0
                -100.383558,20.607768,0
                -100.383729,20.608027,0
                -100.38396,20.608203,0
                -100.384408,20.608549,0
                -100.384625,20.60868,0
                -100.384834,20.608723,0
                -100.384963,20.608735,0
                -100.385158,20.608739,0
                -100.385413,20.608642,0
                -100.385561,20.608565,0
                -100.385749,20.608424,0
                -100.38592,20.608201,0
                -100.385913,20.60812,0
                -100.385929,20.607996,0
                -100.385993,20.607741,0
                -100.386034,20.607634,0
                -100.386138,20.607448,0
                -100.38616,20.60741,0
                -100.386242,20.607314,0
                -100.386271,20.607295,0
                -100.386648,20.607048,0
                -100.386714,20.607005,0
                -100.386746,20.606985,0
                -100.386925,20.606872,0
                -100.387807,20.606317,0
                -100.38801,20.60619,0
                -100.388396,20.605949,0
                -100.388587,20.606141,0
                -100.388608,20.606125,0
                -100.389196,20.605681,0
                -100.38972,20.605292,0
                -100.390731,20.604541,0
                -100.390774,20.604511,0
                -100.391366,20.604097,0
                -100.391384,20.604084,0
                -100.39186,20.60374,0
                -100.392607,20.603201,0
                -100.393032,20.602861,0
                -100.393131,20.602782,0
                -100.393435,20.602517,0
                -100.393466,20.602479,0
                -100.393539,20.602388,0
                -100.393763,20.601997,0
                -100.393824,20.601768,0
                -100.393861,20.601632,0
                -100.393876,20.601574,0
                -100.394385,20.601553,0
                -100.394978,20.601529,0
                -100.396147,20.601482,0
                -100.398854,20.601372,0
                -100.399158,20.601359,0
                -100.399107,20.601205,0
                -100.399071,20.601163,0
                -100.39902,20.600936,0
                -100.398894,20.600448,0
                -100.398879,20.600094,0
                -100.39882,20.599523,0
                -100.398777,20.599167,0
                -100.3987,20.598725,0
                -100.398638,20.598259,0
                -100.398556,20.597792,0
                -100.398545,20.597738,0
                -100.398516,20.597591,0
                -100.398479,20.597505,0
                -100.398125,20.596686,0
                -100.397875,20.595714,0
                -100.397486,20.594551,0
                -100.397286,20.593927,0
                -100.397243,20.593894,0
                -100.396993,20.59314,0
                -100.396606,20.592033,0
                -100.396605,20.592004,0
                -100.396339,20.591043,0
                -100.395953,20.589816,0
                -100.395539,20.588564,0
                -100.396031,20.588405,0
                -100.396051,20.588399,0
                -100.396954,20.588111,0
                -100.396799,20.587593,0
                -100.396729,20.587357,0
                -100.396564,20.5868,0
                -100.396505,20.586534,0
                -100.396369,20.586054,0
                -100.396198,20.585406,0
                -100.396054,20.584864,0
                -100.395956,20.584493,0
                -100.395803,20.583914,0
                -100.395661,20.583376,0
                -100.396229,20.583038,0
                -100.396973,20.582576,0
                -100.398053,20.58192,0
                -100.398197,20.581785,0
                -100.398107,20.581545,0
                -100.397885,20.580691,0
                -100.397667,20.579852,0
                -100.397528,20.579349,0
                -100.397303,20.57854,0
                -100.397174,20.578045,0
                -100.397045,20.577549,0
                -100.396954,20.577219,0
                -100.39682,20.576719,0
                -100.396682,20.576219,0
                -100.396677,20.576199,0
                -100.396653,20.576108,0
                -100.396422,20.575236,0
                -100.395586,20.575411,0
                -100.39557,20.575346,0
                -100.395554,20.575276,0
                -100.395544,20.575235,0
                -100.395529,20.575169,0
                -100.395513,20.575104,0
                -100.395491,20.575008,0
                -100.395568,20.574996,0
                -100.395676,20.574962,0
                -100.39578,20.574898,0
                -100.395987,20.57477,0
                -100.396302,20.574571,0
                -100.396488,20.57445,0
                -100.396868,20.574195,0
                -100.39709,20.574062,0
                -100.397372,20.573953,0
                -100.397678,20.573883,0
                -100.397969,20.573866,0
                -100.398427,20.573871,0
                -100.397789,20.573807,0
                -100.397563,20.573811,0
                -100.397231,20.573851,0
                -100.397602,20.57371,0
                -100.397548,20.573499,0
                -100.397496,20.573294,0
                -100.397474,20.573208,0
                -100.397424,20.573013,0
                -100.397375,20.572884,0
                -100.39735,20.572818,0
                -100.397325,20.572753,0
                -100.396704,20.57113,0
                -100.396526,20.570591,0
                -100.396122,20.569399,0
                -100.395777,20.568434,0
                -100.395998,20.568359,0
                -100.395817,20.567729,0
                -100.395399,20.566346,0
                -100.395214,20.565721,0
                -100.394686,20.565701,0
                -100.394611,20.565698,0
                -100.394237,20.565707,0
                -100.394122,20.565252,0
                -100.394109,20.565201,0
                -100.394004,20.564786,0
                -100.393747,20.563771,0
                -100.393393,20.562484,0
                -100.393204,20.561827,0
                -100.393088,20.561483,0
                -100.392966,20.561174,0
                -100.392922,20.561068,0
                -100.392841,20.560872,0
                -100.392722,20.560566,0
                -100.392617,20.560269,0
                -100.392503,20.559945,0
                -100.392392,20.559633,0
                -100.392279,20.559312,0
                -100.392165,20.558991,0
                -100.392383,20.558918,0
                -100.39254,20.558864,0
                -100.392616,20.558839,0
                -100.392759,20.558791,0
                -100.392711,20.558628,0
                -100.392534,20.558024,0
                -100.39238,20.557448,0
                -100.392204,20.556836,0
                -100.392195,20.556804,0
                -100.39205,20.556266,0
                -100.391908,20.555699,0
                -100.391894,20.555644,0
                -100.391812,20.555342,0
                -100.391613,20.554649,0
                -100.391478,20.554179,0
                -100.391316,20.553616,0
                -100.391057,20.552644,0
                -100.391027,20.552531,0
                -100.390991,20.552414,0
                -100.390752,20.551619,0
                -100.39052,20.55085,0
                -100.390411,20.550489,0
                -100.390347,20.550276,0
                -100.390129,20.549556,0
                -100.389841,20.548602,0
                -100.389639,20.547935,0
                -100.3894,20.547194,0
                -100.389163,20.546459,0
                -100.389001,20.54598,0
                -100.388986,20.545931,0
                -100.388879,20.545612,0
                -100.388781,20.545321,0
                -100.388756,20.545249,0
                -100.388629,20.54487,0
                -100.388504,20.544497,0
                -100.388379,20.544128,0
                -100.388257,20.54376,0
                -100.388158,20.543425,0
                -100.387253,20.54019,0
                -100.387186,20.539948,0
                -100.387157,20.539843,0
                -100.387023,20.539361,0
                -100.386556,20.537689,0
                -100.38643,20.537237,0
                -100.386261,20.536627,0
                -100.386141,20.536199,0
                -100.386112,20.536095,0
                -100.386101,20.53606,0
                -100.386053,20.535884,0
                -100.385943,20.535857,0
                -100.384858,20.531959,0
                -100.384809,20.531784,0
                -100.384769,20.531641,0
                -100.384579,20.530956,0
                -100.384416,20.530367,0
                -100.384395,20.530291,0
                -100.384348,20.530119,0
                -100.38418,20.529524,0
                -100.382356,20.52381,0
                -100.381708,20.523446,0
                -100.368279,20.526392,0
                -100.365538,20.526579,0
                -100.364664,20.526573,0
                -100.363845,20.526815,0
                -100.362966,20.527304,0
                -100.36232,20.527836,0
                -100.362083,20.528247,0
                -100.362018,20.528906,0
                -100.358448,20.530366,0
                -100.35967,20.550399,0
                -100.355794,20.55111,0
                -100.348308,20.552479,0
                -100.348175,20.552503,0
                -100.34703,20.552713,0
                -100.345718,20.552953,0
                -100.345328,20.552729,0
                -100.345856,20.556415,0
                -100.348438,20.558486,0
                -100.348584,20.558541,0
                -100.348612,20.558715,0
                -100.348678,20.558724,0
                -100.348735,20.558856,0
                -100.348728,20.558911,0
                -100.348753,20.558935,0
                -100.349273,20.559638,0
                -100.349863,20.560289,0
                -100.349882,20.560309,0
                -100.350452,20.560939,0
                -100.348936,20.561355,0
                -100.347532,20.561739,0
                -100.346293,20.56208,0
                -100.343565,20.562829,0
                -100.342082,20.563236,0
                -100.338826,20.564128,0
                -100.337286,20.564551,0
                -100.335609,20.564354,0
                -100.335378,20.564329,0
                -100.335314,20.564008,0
                -100.33525,20.563688,0
                -100.333643,20.563552,0
                -100.333607,20.563549,0
                -100.333588,20.56353,0
                -100.333186,20.563121,0
                -100.332305,20.562225,0
                -100.332282,20.56197,0
                -100.332144,20.561935,0
                -100.331088,20.56244,0
                -100.330916,20.562235,0
                -100.330871,20.562267,0
                -100.329893,20.56111,0
                -100.329698,20.560881,0
                -100.329671,20.561349,0
                -100.329602,20.562568,0
                -100.329548,20.563506,0
                -100.329482,20.563992,0
                -100.329466,20.564111,0
                -100.329445,20.564264,0
                -100.329424,20.56442,0
                -100.329348,20.564981,0
                -100.32933,20.565117,0
                -100.329309,20.565272,0
                -100.329082,20.566112,0
                -100.329185,20.566154,0
                -100.329132,20.566188,0
                -100.328847,20.566375,0
                -100.328839,20.566501,0
                -100.328833,20.566583,0
                -100.328824,20.566717,0
                -100.329087,20.566619,0
                -100.329139,20.566599,0
                -100.329306,20.567038,0
                -100.329425,20.567351,0
                -100.329578,20.567503,0
                -100.32996,20.567882,0
                -100.330793,20.568707,0
                -100.330831,20.568745,0
                -100.330679,20.568754,0
                -100.330616,20.568758,0
                -100.331687,20.569748,0
                -100.331752,20.569854,0
                -100.33192,20.569902,0
                -100.33307,20.570621,0
                -100.333125,20.57056,0
                -100.333179,20.5705,0
                -100.333325,20.570591,0
                -100.333588,20.570757,0
                -100.334798,20.571493,0
                -100.336177,20.572334,0
                -100.336263,20.572387,0
                -100.336588,20.572583,0
                -100.33701,20.57284,0
                -100.337864,20.573359,0
                -100.33794,20.573381,0
                -100.338018,20.573403,0
                -100.338043,20.573449,0
                -100.338103,20.573561,0
                -100.338162,20.573669,0
                -100.338302,20.573675,0
                -100.338419,20.573679,0
                -100.338622,20.573688,0
                -100.339183,20.573848,0
                -100.339775,20.574277,0
                -100.341487,20.575585,0
                -100.341873,20.575879,0
                -100.34242,20.576296,0
                -100.342812,20.576636,0
                -100.342921,20.576731,0
                -100.343571,20.577297,0
                -100.343622,20.577342,0
                -100.343627,20.577347,0
                -100.343837,20.57753,0
                -100.343875,20.577564,0
              </coordinates>
            </LinearRing>
          </outerBoundaryIs>
        </Polygon>
      </Placemark>
      <Placemark>
        <name>06</name>
        <description><![CDATA[Descripción: Distrito Local 06<br>ID: 6<br>ENTIDAD: 22<br>DISTRITO_L: 6<br>TIPO: 0<br>URL: https://ieeq.mx/elecciones/cartografia-electoral/Dto/6/#Res<br>Geometry1_: 1=X=Hp]]></description>
        <styleUrl>#poly-817717-4000-171</styleUrl>
        <ExtendedData>
          <Data name="Descripción">
            <value>Distrito Local 06</value>
          </Data>
          <Data name="ID">
            <value>6</value>
          </Data>
          <Data name="ENTIDAD">
            <value>22</value>
          </Data>
          <Data name="DISTRITO_L">
            <value>6</value>
          </Data>
          <Data name="TIPO">
            <value>0</value>
          </Data>
          <Data name="URL">
            <value>https://ieeq.mx/elecciones/cartografia-electoral/Dto/6/#Res</value>
          </Data>
          <Data name="Geometry1_">
            <value>1=X=Hp</value>
          </Data>
        </ExtendedData>
        <Polygon>
          <outerBoundaryIs>
            <LinearRing>
              <tessellate>1</tessellate>
              <coordinates>
                -100.427204,20.609706,0
                -100.427754,20.609624,0
                -100.427811,20.609615,0
                -100.428417,20.609522,0
                -100.429519,20.609345,0
                -100.429588,20.609366,0
                -100.430307,20.609284,0
                -100.430631,20.609247,0
                -100.430961,20.60921,0
                -100.431227,20.60918,0
                -100.431164,20.60869,0
                -100.431137,20.608485,0
                -100.431108,20.608192,0
                -100.43109,20.608018,0
                -100.431081,20.607929,0
                -100.432174,20.60782,0
                -100.432106,20.607286,0
                -100.433384,20.607174,0
                -100.433318,20.607104,0
                -100.433207,20.60699,0
                -100.433089,20.606887,0
                -100.432728,20.606573,0
                -100.432413,20.606288,0
                -100.43235,20.606231,0
                -100.432185,20.606085,0
                -100.432333,20.60605,0
                -100.432494,20.606012,0
                -100.432644,20.605976,0
                -100.433179,20.605849,0
                -100.433292,20.605822,0
                -100.433583,20.605753,0
                -100.433803,20.6057,0
                -100.434158,20.605615,0
                -100.434499,20.605532,0
                -100.434804,20.605459,0
                -100.434962,20.605421,0
                -100.435049,20.605401,0
                -100.435292,20.605328,0
                -100.435561,20.605255,0
                -100.436694,20.604978,0
                -100.437046,20.604912,0
                -100.437279,20.60485,0
                -100.437613,20.604761,0
                -100.438085,20.604645,0
                -100.438346,20.604576,0
                -100.438753,20.604474,0
                -100.439808,20.604153,0
                -100.43982,20.604177,0
                -100.439886,20.604383,0
                -100.439895,20.604418,0
                -100.439949,20.604755,0
                -100.440523,20.604631,0
                -100.441037,20.604521,0
                -100.44135,20.604451,0
                -100.441546,20.604407,0
                -100.441873,20.604336,0
                -100.442086,20.60429,0
                -100.442998,20.60409,0
                -100.442887,20.603734,0
                -100.442879,20.603706,0
                -100.442838,20.603555,0
                -100.442829,20.603525,0
                -100.442745,20.603207,0
                -100.442728,20.603134,0
                -100.442646,20.602842,0
                -100.442549,20.602479,0
                -100.442524,20.602365,0
                -100.442466,20.602107,0
                -100.442455,20.602054,0
                -100.442387,20.60175,0
                -100.442368,20.601664,0
                -100.442308,20.601396,0
                -100.442271,20.601228,0
                -100.442287,20.601101,0
                -100.442319,20.600851,0
                -100.442401,20.600714,0
                -100.442485,20.60053,0
                -100.442425,20.600327,0
                -100.442419,20.600305,0
                -100.442404,20.600256,0
                -100.442382,20.600177,0
                -100.442361,20.6001,0
                -100.442316,20.599931,0
                -100.442271,20.599755,0
                -100.442262,20.599723,0
                -100.442381,20.598837,0
                -100.442386,20.5988,0
                -100.442463,20.598767,0
                -100.44252,20.598688,0
                -100.442593,20.598181,0
                -100.442712,20.597275,0
                -100.442722,20.597198,0
                -100.44285,20.596215,0
                -100.443013,20.59601,0
                -100.443058,20.595991,0
                -100.443111,20.595944,0
                -100.443193,20.595872,0
                -100.443148,20.595673,0
                -100.443152,20.595608,0
                -100.443211,20.594779,0
                -100.443369,20.593315,0
                -100.44352,20.591915,0
                -100.443574,20.591381,0
                -100.443459,20.590918,0
                -100.443346,20.590647,0
                -100.443183,20.590371,0
                -100.443057,20.590234,0
                -100.443006,20.590178,0
                -100.442858,20.590099,0
                -100.442743,20.590038,0
                -100.442613,20.589969,0
                -100.442421,20.589867,0
                -100.441712,20.58976,0
                -100.44081,20.589729,0
                -100.43994,20.589683,0
                -100.439887,20.588824,0
                -100.440336,20.586855,0
                -100.440639,20.585509,0
                -100.440765,20.58473,0
                -100.440989,20.583347,0
                -100.441182,20.581975,0
                -100.441345,20.580371,0
                -100.441354,20.580125,0
                -100.439125,20.580349,0
                -100.439061,20.579942,0
                -100.438757,20.57999,0
                -100.438629,20.579483,0
                -100.436352,20.580043,0
                -100.434548,20.576366,0
                -100.437676,20.576323,0
                -100.437861,20.57632,0
                -100.438038,20.576309,0
                -100.438708,20.57632,0
                -100.43973,20.576301,0
                -100.440374,20.576279,0
                -100.440856,20.576236,0
                -100.442392,20.576051,0
                -100.442641,20.57602,0
                -100.442553,20.575708,0
                -100.44232,20.574901,0
                -100.441948,20.573641,0
                -100.441894,20.573456,0
                -100.441665,20.572716,0
                -100.441651,20.57267,0
                -100.441444,20.57202,0
                -100.441324,20.571638,0
                -100.441216,20.571197,0
                -100.441181,20.571129,0
                -100.441099,20.570791,0
                -100.441038,20.570598,0
                -100.441023,20.570549,0
                -100.44097,20.570373,0
                -100.440991,20.570321,0
                -100.440891,20.570057,0
                -100.440821,20.570048,0
                -100.440648,20.570091,0
                -100.440573,20.570113,0
                -100.439407,20.570432,0
                -100.438338,20.570699,0
                -100.438037,20.570775,0
                -100.437986,20.570623,0
                -100.437965,20.570539,0
                -100.437935,20.570434,0
                -100.437606,20.569295,0
                -100.437581,20.569208,0
                -100.437541,20.569075,0
                -100.437495,20.568921,0
                -100.43747,20.56883,0
                -100.437435,20.56871,0
                -100.437196,20.567896,0
                -100.437104,20.56758,0
                -100.437077,20.567475,0
                -100.43703,20.567329,0
                -100.43665,20.566062,0
                -100.436621,20.565987,0
                -100.436571,20.565835,0
                -100.436442,20.5659,0
                -100.436285,20.565884,0
                -100.43616,20.56582,0
                -100.43608,20.565703,0
                -100.436065,20.565573,0
                -100.436092,20.565468,0
                -100.436136,20.565422,0
                -100.435879,20.565184,0
                -100.435581,20.56498,0
                -100.435101,20.564781,0
                -100.435043,20.564905,0
                -100.434983,20.564942,0
                -100.434161,20.564932,0
                -100.434058,20.564898,0
                -100.434018,20.564836,0
                -100.433993,20.564737,0
                -100.433958,20.564521,0
                -100.433914,20.564353,0
                -100.433917,20.564288,0
                -100.433839,20.563631,0
                -100.433741,20.562909,0
                -100.433635,20.562134,0
                -100.433621,20.56204,0
                -100.43351,20.561282,0
                -100.433433,20.560658,0
                -100.433419,20.560572,0
                -100.433399,20.560415,0
                -100.43332,20.559858,0
                -100.433316,20.559804,0
                -100.433229,20.559821,0
                -100.433212,20.559707,0
                -100.43255,20.559817,0
                -100.4325,20.559773,0
                -100.432435,20.559744,0
                -100.432361,20.559741,0
                -100.432225,20.558537,0
                -100.432312,20.558292,0
                -100.432429,20.558168,0
                -100.432565,20.558074,0
                -100.432776,20.558027,0
                -100.433114,20.558067,0
                -100.433036,20.55781,0
                -100.432788,20.557419,0
                -100.432589,20.55716,0
                -100.431366,20.556497,0
                -100.431177,20.556305,0
                -100.430755,20.55586,0
                -100.430348,20.555371,0
                -100.429793,20.554405,0
                -100.429553,20.553981,0
                -100.429525,20.553923,0
                -100.429178,20.553222,0
                -100.428999,20.552791,0
                -100.428865,20.552384,0
                -100.428821,20.552249,0
                -100.428752,20.551682,0
                -100.428763,20.550622,0
                -100.428764,20.550371,0
                -100.428801,20.549987,0
                -100.428841,20.549624,0
                -100.428868,20.549385,0
                -100.428238,20.549747,0
                -100.428025,20.549884,0
                -100.42788,20.550114,0
                -100.427815,20.550265,0
                -100.427498,20.550573,0
                -100.426712,20.551163,0
                -100.426012,20.55166,0
                -100.425772,20.551837,0
                -100.42549,20.552045,0
                -100.425345,20.552152,0
                -100.425057,20.552317,0
                -100.424397,20.552695,0
                -100.42368,20.553072,0
                -100.423216,20.552045,0
                -100.423167,20.551938,0
                -100.423133,20.551915,0
                -100.423115,20.551904,0
                -100.423096,20.551893,0
                -100.423084,20.551875,0
                -100.423001,20.551944,0
                -100.422952,20.551951,0
                -100.422921,20.551956,0
                -100.422881,20.551963,0
                -100.422553,20.552361,0
                -100.422533,20.552386,0
                -100.42249,20.552438,0
                -100.422458,20.55241,0
                -100.422382,20.55235,0
                -100.422302,20.552361,0
                -100.422133,20.552268,0
                -100.421954,20.552295,0
                -100.421804,20.552384,0
                -100.421111,20.552767,0
                -100.420969,20.552845,0
                -100.420739,20.552972,0
                -100.420154,20.553294,0
                -100.419604,20.553587,0
                -100.419258,20.553853,0
                -100.418872,20.554238,0
                -100.418574,20.554588,0
                -100.418367,20.554998,0
                -100.41836,20.555067,0
                -100.418336,20.555052,0
                -100.418244,20.554993,0
                -100.418535,20.554012,0
                -100.418936,20.553602,0
                -100.419166,20.553266,0
                -100.41931,20.553082,0
                -100.419405,20.552884,0
                -100.419443,20.552755,0
                -100.419656,20.551979,0
                -100.419248,20.551815,0
                -100.419282,20.551646,0
                -100.419334,20.551463,0
                -100.419342,20.551436,0
                -100.419355,20.55139,0
                -100.419451,20.551056,0
                -100.419581,20.550603,0
                -100.419591,20.550573,0
                -100.419799,20.549972,0
                -100.419124,20.549351,0
                -100.419059,20.549291,0
                -100.4186,20.548871,0
                -100.418559,20.548836,0
                -100.418427,20.548719,0
                -100.418882,20.548206,0
                -100.418904,20.548182,0
                -100.418796,20.548096,0
                -100.418746,20.548057,0
                -100.418715,20.548032,0
                -100.418423,20.547826,0
                -100.418389,20.547803,0
                -100.417727,20.547336,0
                -100.417332,20.547058,0
                -100.417135,20.547262,0
                -100.417067,20.547333,0
                -100.417043,20.547358,0
                -100.416853,20.547556,0
                -100.416535,20.547886,0
                -100.41623,20.548203,0
                -100.415953,20.548489,0
                -100.415924,20.548518,0
                -100.41515,20.547875,0
                -100.414755,20.547545,0
                -100.414448,20.547301,0
                -100.414235,20.54713,0
                -100.413892,20.546856,0
                -100.413192,20.546292,0
                -100.413155,20.546261,0
                -100.412549,20.545743,0
                -100.412505,20.545706,0
                -100.41239,20.545834,0
                -100.412111,20.546142,0
                -100.411863,20.546441,0
                -100.411602,20.546725,0
                -100.411439,20.546904,0
                -100.411345,20.547008,0
                -100.411076,20.547312,0
                -100.410793,20.547575,0
                -100.410514,20.547825,0
                -100.410197,20.548109,0
                -100.410019,20.547284,0
                -100.409798,20.546425,0
                -100.409739,20.546337,0
                -100.409691,20.546141,0
                -100.409196,20.544368,0
                -100.408956,20.543232,0
                -100.408463,20.543547,0
                -100.408219,20.543643,0
                -100.408075,20.543684,0
                -100.407987,20.543737,0
                -100.407595,20.543811,0
                -100.40756,20.543679,0
                -100.407074,20.543791,0
                -100.407041,20.543658,0
                -100.405965,20.541452,0
                -100.405671,20.541443,0
                -100.405225,20.541412,0
                -100.404798,20.541385,0
                -100.404378,20.541363,0
                -100.403913,20.541336,0
                -100.403465,20.541308,0
                -100.40302,20.541285,0
                -100.402494,20.541255,0
                -100.402059,20.541226,0
                -100.401593,20.5412,0
                -100.401154,20.541182,0
                -100.401121,20.54118,0
                -100.400691,20.541153,0
                -100.400591,20.541144,0
                -100.40045,20.541474,0
                -100.400164,20.541573,0
                -100.400075,20.541451,0
                -100.399953,20.541179,0
                -100.399913,20.541101,0
                -100.399313,20.541135,0
                -100.398989,20.541173,0
                -100.397807,20.541271,0
                -100.397702,20.541288,0
                -100.397371,20.5413,0
                -100.396674,20.5413,0
                -100.396245,20.54131,0
                -100.395797,20.541293,0
                -100.395451,20.541295,0
                -100.395067,20.541299,0
                -100.393874,20.541292,0
                -100.392555,20.54129,0
                -100.392074,20.541294,0
                -100.391976,20.541294,0
                -100.391978,20.541339,0
                -100.391981,20.541366,0
                -100.391984,20.541394,0
                -100.392039,20.542612,0
                -100.392044,20.542661,0
                -100.392049,20.542711,0
                -100.392058,20.542856,0
                -100.391534,20.542898,0
                -100.391581,20.543059,0
                -100.39159,20.543096,0
                -100.391421,20.543108,0
                -100.391379,20.543111,0
                -100.389353,20.543296,0
                -100.388158,20.543425,0
                -100.388257,20.54376,0
                -100.388379,20.544128,0
                -100.388504,20.544497,0
                -100.388629,20.54487,0
                -100.388756,20.545249,0
                -100.388781,20.545321,0
                -100.388879,20.545612,0
                -100.388986,20.545931,0
                -100.389001,20.54598,0
                -100.389163,20.546459,0
                -100.3894,20.547194,0
                -100.389639,20.547935,0
                -100.389841,20.548602,0
                -100.390129,20.549556,0
                -100.390347,20.550276,0
                -100.390411,20.550489,0
                -100.39052,20.55085,0
                -100.390752,20.551619,0
                -100.390991,20.552414,0
                -100.391027,20.552531,0
                -100.391057,20.552644,0
                -100.391316,20.553616,0
                -100.391478,20.554179,0
                -100.391613,20.554649,0
                -100.391812,20.555342,0
                -100.391894,20.555644,0
                -100.391908,20.555699,0
                -100.39205,20.556266,0
                -100.392195,20.556804,0
                -100.392204,20.556836,0
                -100.39238,20.557448,0
                -100.392534,20.558024,0
                -100.392711,20.558628,0
                -100.392759,20.558791,0
                -100.392616,20.558839,0
                -100.39254,20.558864,0
                -100.392383,20.558918,0
                -100.392165,20.558991,0
                -100.392279,20.559312,0
                -100.392392,20.559633,0
                -100.392503,20.559945,0
                -100.392617,20.560269,0
                -100.392722,20.560566,0
                -100.392841,20.560872,0
                -100.392922,20.561068,0
                -100.392966,20.561174,0
                -100.393088,20.561483,0
                -100.393204,20.561827,0
                -100.393393,20.562484,0
                -100.393747,20.563771,0
                -100.394004,20.564786,0
                -100.394109,20.565201,0
                -100.394122,20.565252,0
                -100.394237,20.565707,0
                -100.394611,20.565698,0
                -100.394686,20.565701,0
                -100.395214,20.565721,0
                -100.395399,20.566346,0
                -100.395817,20.567729,0
                -100.395998,20.568359,0
                -100.395777,20.568434,0
                -100.396122,20.569399,0
                -100.396526,20.570591,0
                -100.396704,20.57113,0
                -100.397325,20.572753,0
                -100.39735,20.572818,0
                -100.397375,20.572884,0
                -100.397424,20.573013,0
                -100.397474,20.573208,0
                -100.397496,20.573294,0
                -100.397548,20.573499,0
                -100.397602,20.57371,0
                -100.397231,20.573851,0
                -100.397563,20.573811,0
                -100.397789,20.573807,0
                -100.398427,20.573871,0
                -100.397969,20.573866,0
                -100.397678,20.573883,0
                -100.397372,20.573953,0
                -100.39709,20.574062,0
                -100.396868,20.574195,0
                -100.396488,20.57445,0
                -100.396302,20.574571,0
                -100.395987,20.57477,0
                -100.39578,20.574898,0
                -100.395676,20.574962,0
                -100.395568,20.574996,0
                -100.395491,20.575008,0
                -100.395513,20.575104,0
                -100.395529,20.575169,0
                -100.395544,20.575235,0
                -100.395554,20.575276,0
                -100.39557,20.575346,0
                -100.395586,20.575411,0
                -100.396422,20.575236,0
                -100.396653,20.576108,0
                -100.396677,20.576199,0
                -100.396682,20.576219,0
                -100.39682,20.576719,0
                -100.396954,20.577219,0
                -100.397045,20.577549,0
                -100.397174,20.578045,0
                -100.397303,20.57854,0
                -100.397528,20.579349,0
                -100.397667,20.579852,0
                -100.397885,20.580691,0
                -100.398107,20.581545,0
                -100.398197,20.581785,0
                -100.398053,20.58192,0
                -100.396973,20.582576,0
                -100.396229,20.583038,0
                -100.395661,20.583376,0
                -100.395803,20.583914,0
                -100.395956,20.584493,0
                -100.396054,20.584864,0
                -100.396198,20.585406,0
                -100.396369,20.586054,0
                -100.396505,20.586534,0
                -100.396564,20.5868,0
                -100.396729,20.587357,0
                -100.396799,20.587593,0
                -100.396954,20.588111,0
                -100.396051,20.588399,0
                -100.396031,20.588405,0
                -100.395539,20.588564,0
                -100.395953,20.589816,0
                -100.396339,20.591043,0
                -100.396605,20.592004,0
                -100.396606,20.592033,0
                -100.396993,20.59314,0
                -100.397243,20.593894,0
                -100.397286,20.593927,0
                -100.397486,20.594551,0
                -100.397875,20.595714,0
                -100.398125,20.596686,0
                -100.398479,20.597505,0
                -100.398516,20.597591,0
                -100.398545,20.597738,0
                -100.398556,20.597792,0
                -100.398638,20.598259,0
                -100.3987,20.598725,0
                -100.398777,20.599167,0
                -100.39882,20.599523,0
                -100.398879,20.600094,0
                -100.398894,20.600448,0
                -100.39902,20.600936,0
                -100.399071,20.601163,0
                -100.399107,20.601205,0
                -100.399158,20.601359,0
                -100.400687,20.601244,0
                -100.400967,20.601223,0
                -100.401197,20.601205,0
                -100.401509,20.601181,0
                -100.404887,20.601077,0
                -100.405146,20.601067,0
                -100.405614,20.60105,0
                -100.406514,20.601016,0
                -100.406534,20.601015,0
                -100.40658,20.601013,0
                -100.406861,20.601003,0
                -100.408689,20.600934,0
                -100.409086,20.600935,0
                -100.40912,20.600935,0
                -100.41026,20.600902,0
                -100.410317,20.6009,0
                -100.412091,20.600848,0
                -100.413453,20.600808,0
                -100.415051,20.600797,0
                -100.415916,20.600791,0
                -100.416455,20.600787,0
                -100.416668,20.600785,0
                -100.416744,20.600783,0
                -100.417967,20.600754,0
                -100.418687,20.600737,0
                -100.419422,20.601583,0
                -100.420492,20.602789,0
                -100.420625,20.602988,0
                -100.420909,20.602991,0
                -100.421015,20.602993,0
                -100.421228,20.603018,0
                -100.421363,20.603036,0
                -100.421606,20.603068,0
                -100.422335,20.603701,0
                -100.422622,20.603951,0
                -100.422742,20.604075,0
                -100.422928,20.60427,0
                -100.423227,20.604615,0
                -100.423437,20.604857,0
                -100.423639,20.605137,0
                -100.423677,20.605197,0
                -100.423731,20.605284,0
                -100.423808,20.605409,0
                -100.424158,20.605536,0
                -100.424243,20.605567,0
                -100.42474,20.605864,0
                -100.424956,20.605993,0
                -100.424985,20.606021,0
                -100.425395,20.606425,0
                -100.425498,20.606527,0
                -100.425686,20.60689,0
                -100.426248,20.606786,0
                -100.426273,20.606781,0
                -100.426366,20.607052,0
                -100.426479,20.607385,0
                -100.426517,20.607508,0
                -100.426561,20.607651,0
                -100.426824,20.608499,0
                -100.426917,20.608798,0
                -100.427204,20.609706,0
              </coordinates>
            </LinearRing>
          </outerBoundaryIs>
        </Polygon>
      </Placemark>
      <Placemark>
        <name>07</name>
        <description><![CDATA[Descripción: Distrito Local 07<br>ID: 7<br>ENTIDAD: 22<br>DISTRITO_L: 7<br>TIPO: 0<br>URL: https://ieeq.mx/elecciones/cartografia-electoral/Dto/7/#Res<br>Geometry1_: 1=X=F]]></description>
        <styleUrl>#poly-558B2F-4000-168</styleUrl>
        <ExtendedData>
          <Data name="Descripción">
            <value>Distrito Local 07</value>
          </Data>
          <Data name="ID">
            <value>7</value>
          </Data>
          <Data name="ENTIDAD">
            <value>22</value>
          </Data>
          <Data name="DISTRITO_L">
            <value>7</value>
          </Data>
          <Data name="TIPO">
            <value>0</value>
          </Data>
          <Data name="URL">
            <value>https://ieeq.mx/elecciones/cartografia-electoral/Dto/7/#Res</value>
          </Data>
          <Data name="Geometry1_">
            <value>1=X=F</value>
          </Data>
        </ExtendedData>
        <Polygon>
          <outerBoundaryIs>
            <LinearRing>
              <tessellate>1</tessellate>
              <coordinates>
                -100.47244,20.92409,0
                -100.482054,20.919268,0
                -100.484032,20.906937,0
                -100.483796,20.901618,0
                -100.483749,20.900557,0
                -100.484389,20.90011,0
                -100.484443,20.899828,0
                -100.484497,20.899545,0
                -100.485723,20.898944,0
                -100.487244,20.89838,0
                -100.487381,20.8983,0
                -100.48841,20.897696,0
                -100.489505,20.896304,0
                -100.490706,20.894201,0
                -100.491503,20.892562,0
                -100.491668,20.891893,0
                -100.491721,20.891558,0
                -100.491765,20.89064,0
                -100.496138,20.884187,0
                -100.496762,20.883268,0
                -100.496992,20.882972,0
                -100.498466,20.882092,0
                -100.499592,20.879773,0
                -100.500894,20.877662,0
                -100.502726,20.875139,0
                -100.509326,20.870601,0
                -100.507451,20.869349,0
                -100.50693,20.867605,0
                -100.506003,20.864406,0
                -100.505484,20.86233,0
                -100.504672,20.859796,0
                -100.503976,20.857595,0
                -100.502932,20.854479,0
                -100.502647,20.852528,0
                -100.505234,20.851916,0
                -100.507587,20.851261,0
                -100.509166,20.850761,0
                -100.509528,20.850647,0
                -100.510096,20.850285,0
                -100.51115,20.849978,0
                -100.511618,20.849805,0
                -100.520546,20.845422,0
                -100.52463,20.843361,0
                -100.52549,20.842055,0
                -100.531443,20.839175,0
                -100.533834,20.837931,0
                -100.535236,20.837368,0
                -100.537512,20.836251,0
                -100.539208,20.835643,0
                -100.543415,20.833955,0
                -100.546867,20.832821,0
                -100.548025,20.832399,0
                -100.549966,20.831691,0
                -100.55289,20.830648,0
                -100.554644,20.830038,0
                -100.556748,20.829215,0
                -100.558443,20.828565,0
                -100.559204,20.828345,0
                -100.56101,20.827318,0
                -100.562785,20.827918,0
                -100.563287,20.826325,0
                -100.56222,20.82584,0
                -100.562563,20.825251,0
                -100.563315,20.824531,0
                -100.564242,20.823683,0
                -100.565639,20.822787,0
                -100.566687,20.822187,0
                -100.568034,20.821792,0
                -100.569621,20.821728,0
                -100.569489,20.820895,0
                -100.569347,20.819479,0
                -100.568744,20.818653,0
                -100.568079,20.817619,0
                -100.567294,20.816421,0
                -100.566218,20.815435,0
                -100.565089,20.814742,0
                -100.564307,20.813752,0
                -100.563936,20.812673,0
                -100.56331,20.807091,0
                -100.558469,20.804407,0
                -100.55877,20.802583,0
                -100.559368,20.799971,0
                -100.559848,20.797235,0
                -100.560328,20.794664,0
                -100.560563,20.793262,0
                -100.560869,20.79143,0
                -100.559712,20.789286,0
                -100.559642,20.788661,0
                -100.559568,20.787786,0
                -100.55962,20.787368,0
                -100.561831,20.786001,0
                -100.561814,20.785,0
                -100.561844,20.783289,0
                -100.561879,20.781912,0
                -100.562423,20.779317,0
                -100.562797,20.777142,0
                -100.563067,20.77572,0
                -100.563343,20.774673,0
                -100.562395,20.767385,0
                -100.561974,20.766849,0
                -100.559609,20.762669,0
                -100.558639,20.76093,0
                -100.557557,20.759569,0
                -100.556237,20.758044,0
                -100.554021,20.755698,0
                -100.552882,20.75438,0
                -100.551626,20.753146,0
                -100.550668,20.752158,0
                -100.549767,20.751045,0
                -100.548679,20.749308,0
                -100.548571,20.748,0
                -100.548423,20.746195,0
                -100.548607,20.742602,0
                -100.548198,20.742188,0
                -100.547789,20.741898,0
                -100.547262,20.741608,0
                -100.546208,20.74144,0
                -100.545329,20.741355,0
                -100.544509,20.741354,0
                -100.543864,20.741476,0
                -100.543336,20.741681,0
                -100.542984,20.741722,0
                -100.54275,20.741556,0
                -100.542516,20.741432,0
                -100.542164,20.741472,0
                -100.541813,20.741472,0
                -100.54193,20.741224,0
                -100.542107,20.74077,0
                -100.542167,20.740357,0
                -100.54211,20.739737,0
                -100.541232,20.739157,0
                -100.539946,20.738245,0
                -100.539185,20.737665,0
                -100.538776,20.737417,0
                -100.538483,20.737209,0
                -100.538073,20.737126,0
                -100.537604,20.737125,0
                -100.537371,20.736711,0
                -100.537138,20.736339,0
                -100.53708,20.736132,0
                -100.536553,20.735966,0
                -100.536259,20.736048,0
                -100.535966,20.736254,0
                -100.53497,20.73621,0
                -100.534501,20.736209,0
                -100.534091,20.736208,0
                -100.53368,20.73629,0
                -100.533094,20.736495,0
                -100.532209,20.738724,0
                -100.532203,20.741202,0
                -100.532376,20.742442,0
                -100.532316,20.742978,0
                -100.532022,20.74306,0
                -100.531788,20.743018,0
                -100.531554,20.742811,0
                -100.531146,20.74186,0
                -100.530914,20.741282,0
                -100.53074,20.740579,0
                -100.530389,20.740289,0
                -100.53039,20.739793,0
                -100.529629,20.73942,0
                -100.52975,20.738016,0
                -100.529753,20.736735,0
                -100.529873,20.735579,0
                -100.529993,20.734794,0
                -100.530228,20.734464,0
                -100.530229,20.734134,0
                -100.530112,20.733844,0
                -100.529702,20.733761,0
                -100.529292,20.733636,0
                -100.528765,20.733717,0
                -100.528002,20.734046,0
                -100.527591,20.734334,0
                -100.527064,20.734498,0
                -100.526653,20.734704,0
                -100.526359,20.735075,0
                -100.526007,20.735239,0
                -100.525596,20.735486,0
                -100.525244,20.735609,0
                -100.524534,20.738334,0
                -100.523656,20.737795,0
                -100.52354,20.737299,0
                -100.523073,20.736637,0
                -100.522722,20.736347,0
                -100.522489,20.735892,0
                -100.522432,20.735272,0
                -100.521906,20.734817,0
                -100.521613,20.73494,0
                -100.52185,20.734032,0
                -100.522028,20.733206,0
                -100.521913,20.732338,0
                -100.521505,20.731346,0
                -100.521156,20.730271,0
                -100.520631,20.729444,0
                -100.520047,20.72874,0
                -100.519638,20.728202,0
                -100.518997,20.727044,0
                -100.518355,20.726175,0
                -100.517595,20.725512,0
                -100.516425,20.724683,0
                -100.515137,20.724143,0
                -100.514083,20.724058,0
                -100.513205,20.723767,0
                -100.512678,20.723683,0
                -100.511682,20.723433,0
                -100.511214,20.72306,0
                -100.510865,20.722357,0
                -100.510633,20.721571,0
                -100.510225,20.720455,0
                -100.509992,20.72,0
                -100.509525,20.719379,0
                -100.509058,20.7188,0
                -100.508357,20.718013,0
                -100.507714,20.71764,0
                -100.506895,20.717101,0
                -100.506369,20.716687,0
                -100.506136,20.716191,0
                -100.506197,20.715075,0
                -100.5062,20.714249,0
                -100.506143,20.713671,0
                -100.50591,20.713009,0
                -100.506088,20.712266,0
                -100.506207,20.711688,0
                -100.506325,20.71111,0
                -100.506386,20.710367,0
                -100.50668,20.709872,0
                -100.507209,20.709501,0
                -100.50762,20.709131,0
                -100.507797,20.708677,0
                -100.508266,20.708347,0
                -100.508444,20.707811,0
                -100.507976,20.70752,0
                -100.507507,20.707643,0
                -100.507391,20.707023,0
                -100.507043,20.705949,0
                -100.506751,20.705287,0
                -100.50611,20.704294,0
                -100.504878,20.704869,0
                -100.503947,20.702678,0
                -100.502007,20.704945,0
                -100.502241,20.705152,0
                -100.502357,20.705565,0
                -100.500069,20.70651,0
                -100.499894,20.706468,0
                -100.498955,20.706837,0
                -100.498668,20.704812,0
                -100.496968,20.704932,0
                -100.496277,20.700717,0
                -100.495757,20.698402,0
                -100.4957,20.697659,0
                -100.495761,20.69675,0
                -100.495471,20.695634,0
                -100.49436,20.695012,0
                -100.493307,20.694679,0
                -100.492311,20.694469,0
                -100.492309,20.69513,0
                -100.492191,20.695584,0
                -100.4878,20.694541,0
                -100.487745,20.693425,0
                -100.488043,20.691567,0
                -100.488284,20.689254,0
                -100.487465,20.689004,0
                -100.486996,20.688797,0
                -100.486528,20.68863,0
                -100.486236,20.68834,0
                -100.485944,20.687968,0
                -100.485419,20.687471,0
                -100.485127,20.687181,0
                -100.484717,20.687056,0
                -100.484424,20.687096,0
                -100.484014,20.687178,0
                -100.483544,20.687383,0
                -100.483017,20.687547,0
                -100.482489,20.687794,0
                -100.48202,20.687875,0
                -100.481785,20.687916,0
                -100.481316,20.687997,0
                -100.480731,20.687872,0
                -100.480321,20.687747,0
                -100.480087,20.687622,0
                -100.479737,20.687332,0
                -100.479445,20.687042,0
                -100.479328,20.686835,0
                -100.479212,20.686587,0
                -100.479154,20.686339,0
                -100.478921,20.685967,0
                -100.478745,20.685801,0
                -100.478277,20.685552,0
                -100.477926,20.685551,0
                -100.477515,20.685715,0
                -100.477339,20.685797,0
                -100.476929,20.685961,0
                -100.476636,20.686126,0
                -100.476283,20.686414,0
                -100.475933,20.686124,0
                -100.475582,20.685958,0
                -100.475231,20.685544,0
                -100.474648,20.68484,0
                -100.474356,20.684509,0
                -100.474181,20.684219,0
                -100.47383,20.683847,0
                -100.473538,20.683598,0
                -100.473305,20.683391,0
                -100.473123,20.683326,0
                -100.473013,20.683431,0
                -100.472959,20.683468,0
                -100.472665,20.683667,0
                -100.472453,20.683749,0
                -100.472136,20.683869,0
                -100.472039,20.683902,0
                -100.471921,20.683925,0
                -100.471867,20.683929,0
                -100.471403,20.683965,0
                -100.471052,20.683953,0
                -100.469561,20.683865,0
                -100.468713,20.683815,0
                -100.468537,20.683804,0
                -100.467659,20.683753,0
                -100.467348,20.683729,0
                -100.467066,20.683677,0
                -100.466591,20.683574,0
                -100.466045,20.683427,0
                -100.465601,20.683288,0
                -100.465236,20.683169,0
                -100.464887,20.683023,0
                -100.464655,20.682906,0
                -100.463182,20.682085,0
                -100.462693,20.681851,0
                -100.462366,20.681749,0
                -100.462062,20.681698,0
                -100.461622,20.681714,0
                -100.461325,20.68177,0
                -100.461125,20.681833,0
                -100.461048,20.681859,0
                -100.460018,20.682368,0
                -100.459835,20.682469,0
                -100.458713,20.683093,0
                -100.458534,20.68319,0
                -100.458361,20.683278,0
                -100.457662,20.683649,0
                -100.457083,20.683963,0
                -100.456865,20.68408,0
                -100.456564,20.684253,0
                -100.456343,20.684417,0
                -100.456163,20.6846,0
                -100.455981,20.684837,0
                -100.455877,20.685043,0
                -100.455797,20.685233,0
                -100.45572,20.685491,0
                -100.455703,20.685563,0
                -100.455655,20.685759,0
                -100.455634,20.685842,0
                -100.455624,20.685882,0
                -100.455546,20.686322,0
                -100.455422,20.687006,0
                -100.455393,20.68714,0
                -100.455301,20.687397,0
                -100.45528,20.687447,0
                -100.455217,20.687589,0
                -100.455128,20.687737,0
                -100.455011,20.687895,0
                -100.454915,20.68799,0
                -100.454784,20.688116,0
                -100.45473,20.688154,0
                -100.454603,20.688244,0
                -100.454575,20.688264,0
                -100.454381,20.688376,0
                -100.454183,20.688458,0
                -100.453811,20.688564,0
                -100.452962,20.688803,0
                -100.452116,20.688972,0
                -100.452079,20.688978,0
                -100.452044,20.688982,0
                -100.451056,20.689154,0
                -100.450275,20.689353,0
                -100.449878,20.689442,0
                -100.449595,20.689508,0
                -100.449173,20.689614,0
                -100.44891,20.68969,0
                -100.448342,20.689832,0
                -100.447512,20.689967,0
                -100.446434,20.690127,0
                -100.445996,20.690186,0
                -100.445755,20.690219,0
                -100.4446,20.690409,0
                -100.444379,20.690445,0
                -100.444111,20.690487,0
                -100.443403,20.69062,0
                -100.443305,20.690638,0
                -100.442793,20.690735,0
                -100.442517,20.690789,0
                -100.442101,20.690847,0
                -100.4419,20.690881,0
                -100.441021,20.691012,0
                -100.440699,20.691059,0
                -100.44048,20.691091,0
                -100.439897,20.691179,0
                -100.439809,20.691193,0
                -100.439719,20.691204,0
                -100.437914,20.69141,0
                -100.436384,20.691551,0
                -100.43608,20.691579,0
                -100.43604,20.691238,0
                -100.435789,20.68903,0
                -100.43548,20.686075,0
                -100.435216,20.683698,0
                -100.434593,20.677735,0
                -100.434586,20.677679,0
                -100.434564,20.67746,0
                -100.434551,20.677332,0
                -100.434368,20.67731,0
                -100.434131,20.677221,0
                -100.433961,20.677291,0
                -100.432224,20.677144,0
                -100.431736,20.677176,0
                -100.431021,20.677103,0
                -100.430778,20.677117,0
                -100.430612,20.677236,0
                -100.430418,20.677428,0
                -100.430186,20.677485,0
                -100.429588,20.677138,0
                -100.429184,20.67708,0
                -100.427952,20.676419,0
                -100.422373,20.673416,0
                -100.421713,20.673042,0
                -100.421084,20.672776,0
                -100.420969,20.672372,0
                -100.420942,20.672276,0
                -100.421454,20.671926,0
                -100.421552,20.671839,0
                -100.421919,20.67151,0
                -100.421969,20.671522,0
                -100.422104,20.671512,0
                -100.422182,20.671472,0
                -100.422297,20.67129,0
                -100.422392,20.671217,0
                -100.422499,20.671204,0
                -100.422628,20.671216,0
                -100.422739,20.671203,0
                -100.422809,20.671138,0
                -100.422877,20.671057,0
                -100.422961,20.67099,0
                -100.422931,20.670909,0
                -100.422868,20.67086,0
                -100.422796,20.670789,0
                -100.42277,20.670704,0
                -100.422782,20.670602,0
                -100.422854,20.670434,0
                -100.423264,20.669846,0
                -100.42359,20.669554,0
                -100.423914,20.669245,0
                -100.424235,20.668931,0
                -100.424333,20.668867,0
                -100.424422,20.668734,0
                -100.424625,20.668252,0
                -100.424971,20.667469,0
                -100.424956,20.66731,0
                -100.424944,20.667239,0
                -100.424947,20.667159,0
                -100.424983,20.667147,0
                -100.425036,20.66713,0
                -100.425182,20.667082,0
                -100.425493,20.666736,0
                -100.425766,20.666327,0
                -100.426226,20.666109,0
                -100.426298,20.665885,0
                -100.426331,20.665799,0
                -100.426358,20.665727,0
                -100.426374,20.665682,0
                -100.426392,20.665635,0
                -100.426405,20.6656,0
                -100.426551,20.665482,0
                -100.426792,20.665315,0
                -100.427835,20.664538,0
                -100.427383,20.663971,0
                -100.427301,20.663709,0
                -100.426923,20.663991,0
                -100.426348,20.663612,0
                -100.425891,20.663295,0
                -100.425065,20.662688,0
                -100.424871,20.662522,0
                -100.424526,20.661691,0
                -100.424282,20.661192,0
                -100.423832,20.660401,0
                -100.423629,20.660163,0
                -100.423783,20.65966,0
                -100.42454,20.658633,0
                -100.424741,20.657959,0
                -100.42493,20.657424,0
                -100.424849,20.657355,0
                -100.424708,20.657237,0
                -100.424443,20.657054,0
                -100.424178,20.656966,0
                -100.42399,20.656872,0
                -100.421962,20.656975,0
                -100.421918,20.655855,0
                -100.424082,20.654796,0
                -100.423223,20.654732,0
                -100.422112,20.654646,0
                -100.42123,20.654748,0
                -100.420473,20.654707,0
                -100.419793,20.654831,0
                -100.419113,20.655003,0
                -100.418305,20.654938,0
                -100.417797,20.655052,0
                -100.417109,20.655198,0
                -100.41685,20.656079,0
                -100.416816,20.656162,0
                -100.416701,20.656446,0
                -100.416672,20.65653,0
                -100.416546,20.65683,0
                -100.416503,20.656923,0
                -100.416437,20.657086,0
                -100.411717,20.65595,0
                -100.411766,20.655764,0
                -100.411979,20.654728,0
                -100.412059,20.65435,0
                -100.411161,20.654617,0
                -100.410659,20.654811,0
                -100.410461,20.655288,0
                -100.410086,20.655671,0
                -100.409633,20.655817,0
                -100.409204,20.655773,0
                -100.408725,20.655801,0
                -100.408296,20.65578,0
                -100.407617,20.656,0
                -100.407106,20.656014,0
                -100.40695,20.656019,0
                -100.406913,20.65602,0
                -100.406851,20.656023,0
                -100.40682,20.656024,0
                -100.406789,20.656025,0
                -100.406877,20.65566,0
                -100.406895,20.655584,0
                -100.40732,20.653628,0
                -100.403709,20.653031,0
                -100.403517,20.654075,0
                -100.403264,20.655557,0
                -100.40319,20.656011,0
                -100.403031,20.656857,0
                -100.402942,20.657406,0
                -100.402807,20.657384,0
                -100.402731,20.657822,0
                -100.402213,20.657735,0
                -100.401193,20.657589,0
                -100.400229,20.657433,0
                -100.400308,20.65696,0
                -100.399841,20.656902,0
                -100.399767,20.65733,0
                -100.399692,20.657684,0
                -100.39965,20.658001,0
                -100.398745,20.657915,0
                -100.398666,20.658296,0
                -100.398594,20.658671,0
                -100.398523,20.659059,0
                -100.398451,20.659414,0
                -100.398382,20.659821,0
                -100.397972,20.659757,0
                -100.397607,20.659697,0
                -100.397158,20.659632,0
                -100.397132,20.659784,0
                -100.397123,20.659838,0
                -100.397038,20.659828,0
                -100.395185,20.659572,0
                -100.39511,20.659583,0
                -100.3943,20.659465,0
                -100.394288,20.65954,0
                -100.394246,20.659779,0
                -100.39422,20.659928,0
                -100.39419,20.660097,0
                -100.3938,20.662355,0
                -100.39362,20.663166,0
                -100.393455,20.663811,0
                -100.393364,20.664068,0
                -100.39333,20.664145,0
                -100.392472,20.663532,0
                -100.391407,20.662771,0
                -100.390629,20.662207,0
                -100.390045,20.661782,0
                -100.389617,20.661537,0
                -100.389227,20.661401,0
                -100.38882,20.661327,0
                -100.388467,20.661315,0
                -100.388168,20.661342,0
                -100.387853,20.661412,0
                -100.387484,20.66155,0
                -100.387095,20.661783,0
                -100.384528,20.663919,0
                -100.384004,20.664354,0
                -100.382428,20.665665,0
                -100.382537,20.666059,0
                -100.382662,20.666624,0
                -100.382734,20.667066,0
                -100.382888,20.667791,0
                -100.382996,20.668134,0
                -100.383168,20.66862,0
                -100.383325,20.669104,0
                -100.383512,20.669626,0
                -100.38384,20.670634,0
                -100.38461,20.672659,0
                -100.384749,20.673027,0
                -100.38505,20.67403,0
                -100.385077,20.674147,0
                -100.385089,20.674254,0
                -100.385075,20.674352,0
                -100.385011,20.674472,0
                -100.38477,20.674682,0
                -100.384337,20.675044,0
                -100.383938,20.675691,0
                -100.383358,20.67661,0
                -100.383081,20.677445,0
                -100.38284,20.678224,0
                -100.382529,20.67868,0
                -100.381706,20.679124,0
                -100.381456,20.679207,0
                -100.381047,20.679231,0
                -100.380348,20.679245,0
                -100.379766,20.679291,0
                -100.379349,20.679183,0
                -100.378954,20.679212,0
                -100.378159,20.679616,0
                -100.377436,20.679971,0
                -100.37628,20.680789,0
                -100.375328,20.681622,0
                -100.374229,20.682593,0
                -100.373365,20.683438,0
                -100.372487,20.684277,0
                -100.371455,20.685767,0
                -100.371137,20.686179,0
                -100.370918,20.686577,0
                -100.371037,20.687208,0
                -100.371176,20.687573,0
                -100.371274,20.688096,0
                -100.371261,20.688674,0
                -100.371312,20.689069,0
                -100.371187,20.689521,0
                -100.370889,20.689874,0
                -100.370105,20.690472,0
                -100.368982,20.691303,0
                -100.367907,20.692406,0
                -100.368984,20.69261,0
                -100.37258,20.6933,0
                -100.387709,20.696144,0
                -100.387715,20.696178,0
                -100.387679,20.696894,0
                -100.387471,20.69746,0
                -100.38736,20.697892,0
                -100.387081,20.705212,0
                -100.387115,20.70556,0
                -100.387671,20.709255,0
                -100.387256,20.713576,0
                -100.386992,20.716316,0
                -100.385942,20.721731,0
                -100.385474,20.724056,0
                -100.385451,20.729213,0
                -100.38524,20.731432,0
                -100.385367,20.731451,0
                -100.384898,20.735682,0
                -100.384476,20.739499,0
                -100.384306,20.740916,0
                -100.3841,20.742729,0
                -100.384045,20.743214,0
                -100.383973,20.743853,0
                -100.383775,20.745602,0
                -100.387103,20.751283,0
                -100.387868,20.752589,0
                -100.388554,20.75376,0
                -100.388779,20.754144,0
                -100.387779,20.757127,0
                -100.387758,20.75719,0
                -100.387664,20.757471,0
                -100.387246,20.758719,0
                -100.387079,20.759217,0
                -100.386545,20.760809,0
                -100.386388,20.761278,0
                -100.386375,20.761319,0
                -100.385918,20.76268,0
                -100.385506,20.763909,0
                -100.385492,20.76395,0
                -100.385345,20.764392,0
                -100.384711,20.766283,0
                -100.384622,20.766547,0
                -100.38461,20.766584,0
                -100.384056,20.768237,0
                -100.383405,20.77018,0
                -100.382532,20.772784,0
                -100.384462,20.773455,0
                -100.384526,20.773477,0
                -100.384703,20.773539,0
                -100.386282,20.774089,0
                -100.386368,20.774117,0
                -100.386793,20.774265,0
                -100.38701,20.774343,0
                -100.388189,20.774751,0
                -100.388229,20.774764,0
                -100.389161,20.775089,0
                -100.390054,20.7754,0
                -100.390107,20.775417,0
                -100.391483,20.775896,0
                -100.391857,20.776027,0
                -100.391897,20.77604,0
                -100.393543,20.776611,0
                -100.393592,20.776629,0
                -100.393613,20.776636,0
                -100.396459,20.777624,0
                -100.397674,20.778457,0
                -100.402469,20.780078,0
                -100.401536,20.782082,0
                -100.401061,20.783102,0
                -100.401808,20.784625,0
                -100.40205,20.78512,0
                -100.402625,20.786292,0
                -100.402643,20.786328,0
                -100.402854,20.786757,0
                -100.403133,20.787329,0
                -100.403099,20.790658,0
                -100.403074,20.79303,0
                -100.40306,20.794303,0
                -100.403034,20.796842,0
                -100.403029,20.797316,0
                -100.403024,20.797784,0
                -100.403016,20.798516,0
                -100.405227,20.798744,0
                -100.405202,20.7989,0
                -100.40518,20.799045,0
                -100.405096,20.799565,0
                -100.405179,20.800571,0
                -100.40528,20.800503,0
                -100.406002,20.80196,0
                -100.406014,20.801997,0
                -100.406026,20.802035,0
                -100.406174,20.802395,0
                -100.405983,20.802482,0
                -100.406034,20.802631,0
                -100.406458,20.80309,0
                -100.406521,20.803088,0
                -100.406529,20.803114,0
                -100.406684,20.803664,0
                -100.407068,20.803661,0
                -100.40724,20.8048,0
                -100.40701,20.804856,0
                -100.406671,20.8049,0
                -100.406304,20.804889,0
                -100.405946,20.805206,0
                -100.406075,20.805246,0
                -100.40619,20.805333,0
                -100.406249,20.805527,0
                -100.406432,20.805832,0
                -100.406346,20.805835,0
                -100.405374,20.805897,0
                -100.404546,20.805943,0
                -100.404462,20.805966,0
                -100.404447,20.805941,0
                -100.404404,20.805944,0
                -100.403642,20.806092,0
                -100.403582,20.806104,0
                -100.403531,20.806114,0
                -100.403452,20.80613,0
                -100.403394,20.806142,0
                -100.403297,20.806161,0
                -100.403219,20.806175,0
                -100.403153,20.806189,0
                -100.402097,20.806394,0
                -100.401526,20.806505,0
                -100.400427,20.806719,0
                -100.398293,20.80794,0
                -100.397522,20.80838,0
                -100.395576,20.809489,0
                -100.394943,20.809881,0
                -100.391496,20.812007,0
                -100.390095,20.813739,0
                -100.388666,20.814645,0
                -100.385051,20.816937,0
                -100.384314,20.817433,0
                -100.383755,20.818678,0
                -100.383443,20.821445,0
                -100.38253,20.822866,0
                -100.380697,20.823777,0
                -100.378762,20.82538,0
                -100.378125,20.826083,0
                -100.378088,20.826362,0
                -100.377791,20.826612,0
                -100.377617,20.82691,0
                -100.377454,20.827139,0
                -100.377005,20.827583,0
                -100.376648,20.827821,0
                -100.373277,20.829006,0
                -100.372441,20.829921,0
                -100.371308,20.832026,0
                -100.370991,20.83234,0
                -100.370557,20.83271,0
                -100.370136,20.833067,0
                -100.370165,20.837916,0
                -100.370122,20.83851,0
                -100.368409,20.839233,0
                -100.364929,20.840673,0
                -100.360243,20.842539,0
                -100.356196,20.844184,0
                -100.351147,20.846241,0
                -100.348102,20.847514,0
                -100.347034,20.851151,0
                -100.34634,20.853463,0
                -100.345841,20.8551,0
                -100.348536,20.858798,0
                -100.348978,20.859404,0
                -100.349015,20.859436,0
                -100.349107,20.859516,0
                -100.348801,20.859686,0
                -100.348523,20.859598,0
                -100.348245,20.85943,0
                -100.347843,20.8597,0
                -100.347573,20.859605,0
                -100.347264,20.859705,0
                -100.346978,20.859795,0
                -100.346699,20.859836,0
                -100.34638,20.859712,0
                -100.346089,20.859651,0
                -100.346008,20.859541,0
                -100.344201,20.861601,0
                -100.344107,20.861505,0
                -100.343396,20.862461,0
                -100.342934,20.863096,0
                -100.339624,20.867644,0
                -100.337294,20.87087,0
                -100.33596,20.873804,0
                -100.335512,20.874791,0
                -100.33528,20.875301,0
                -100.334389,20.8776,0
                -100.332249,20.882475,0
                -100.333531,20.890826,0
                -100.336857,20.890956,0
                -100.337445,20.890907,0
                -100.340939,20.890942,0
                -100.346392,20.890997,0
                -100.350748,20.891023,0
                -100.351806,20.890884,0
                -100.352218,20.89092,0
                -100.352753,20.891205,0
                -100.353861,20.890565,0
                -100.358506,20.890253,0
                -100.359563,20.890155,0
                -100.362626,20.890281,0
                -100.375506,20.88965,0
                -100.382054,20.889667,0
                -100.383334,20.88967,0
                -100.39165,20.890726,0
                -100.394478,20.890897,0
                -100.396563,20.890555,0
                -100.396969,20.890489,0
                -100.397432,20.890413,0
                -100.397531,20.890397,0
                -100.404149,20.888346,0
                -100.404169,20.888341,0
                -100.407724,20.887421,0
                -100.40972,20.887102,0
                -100.410834,20.886837,0
                -100.412069,20.886778,0
                -100.412716,20.886769,0
                -100.413187,20.886763,0
                -100.413301,20.886553,0
                -100.413536,20.886487,0
                -100.41377,20.886421,0
                -100.414063,20.886334,0
                -100.414299,20.886414,0
                -100.414304,20.886664,0
                -100.414189,20.886874,0
                -100.414193,20.887083,0
                -100.414431,20.887288,0
                -100.414903,20.887324,0
                -100.415319,20.887568,0
                -100.417275,20.888418,0
                -100.418335,20.888487,0
                -100.419816,20.889051,0
                -100.42106,20.889534,0
                -100.422539,20.890015,0
                -100.424196,20.890576,0
                -100.424611,20.890737,0
                -100.42508,20.890648,0
                -100.425846,20.89072,0
                -100.426735,20.891042,0
                -100.42709,20.891204,0
                -100.427387,20.891367,0
                -100.432997,20.8925,0
                -100.438263,20.89418,0
                -100.441936,20.895631,0
                -100.443174,20.895739,0
                -100.452472,20.899199,0
                -100.454306,20.8998,0
                -100.454094,20.909584,0
                -100.453379,20.911572,0
                -100.453549,20.912942,0
                -100.453297,20.917536,0
                -100.453293,20.917587,0
                -100.453167,20.919412,0
                -100.453215,20.921777,0
                -100.459322,20.924023,0
                -100.463579,20.924045,0
                -100.47244,20.92409,0
              </coordinates>
            </LinearRing>
          </outerBoundaryIs>
        </Polygon>
      </Placemark>
      <Placemark>
        <name>08</name>
        <description><![CDATA[Descripción: Distrito Local 08<br>ID: 8<br>ENTIDAD: 22<br>DISTRITO_L: 8<br>TIPO: 0<br>URL: https://ieeq.mx/elecciones/cartografia-electoral/Dto/8/#Res<br>Geometry1_: 1=X=f]]></description>
        <styleUrl>#poly-097138-4000-168</styleUrl>
        <ExtendedData>
          <Data name="Descripción">
            <value>Distrito Local 08</value>
          </Data>
          <Data name="ID">
            <value>8</value>
          </Data>
          <Data name="ENTIDAD">
            <value>22</value>
          </Data>
          <Data name="DISTRITO_L">
            <value>8</value>
          </Data>
          <Data name="TIPO">
            <value>0</value>
          </Data>
          <Data name="URL">
            <value>https://ieeq.mx/elecciones/cartografia-electoral/Dto/8/#Res</value>
          </Data>
          <Data name="Geometry1_">
            <value>1=X=f</value>
          </Data>
        </ExtendedData>
        <Polygon>
          <outerBoundaryIs>
            <LinearRing>
              <tessellate>1</tessellate>
              <coordinates>
                -100.506981,20.531876,0
                -100.504799,20.53214,0
                -100.504277,20.532203,0
                -100.504219,20.531736,0
                -100.504275,20.531324,0
                -100.504271,20.530952,0
                -100.504444,20.530579,0
                -100.504498,20.530165,0
                -100.504437,20.529876,0
                -100.504259,20.529754,0
                -100.50414,20.529507,0
                -100.504195,20.529176,0
                -100.504309,20.528845,0
                -100.504481,20.528471,0
                -100.504655,20.528263,0
                -100.504769,20.527932,0
                -100.504707,20.527643,0
                -100.504645,20.527231,0
                -100.50458,20.526653,0
                -100.504106,20.526121,0
                -100.503722,20.525723,0
                -100.503632,20.525629,0
                -100.503629,20.522285,0
                -100.503626,20.519185,0
                -100.502505,20.517178,0
                -100.501804,20.517269,0
                -100.500983,20.512534,0
                -100.503187,20.511061,0
                -100.504757,20.510256,0
                -100.50551,20.50971,0
                -100.506552,20.50883,0
                -100.507421,20.508199,0
                -100.507999,20.507655,0
                -100.508635,20.507069,0
                -100.509622,20.506479,0
                -100.510547,20.5056,0
                -100.497773,20.503949,0
                -100.497786,20.5004,0
                -100.497632,20.497472,0
                -100.498269,20.495073,0
                -100.498358,20.494738,0
                -100.498219,20.492922,0
                -100.498181,20.492428,0
                -100.498007,20.490162,0
                -100.492987,20.489938,0
                -100.492271,20.489906,0
                -100.493072,20.488451,0
                -100.492827,20.487629,0
                -100.492519,20.486353,0
                -100.492527,20.485791,0
                -100.492635,20.484012,0
                -100.492751,20.483639,0
                -100.492685,20.482356,0
                -100.492654,20.481901,0
                -100.492622,20.481446,0
                -100.492442,20.480661,0
                -100.490952,20.475888,0
                -100.488833,20.472451,0
                -100.48887,20.470717,0
                -100.488632,20.469422,0
                -100.488746,20.4688,0
                -100.48886,20.468138,0
                -100.489264,20.46677,0
                -100.489553,20.465859,0
                -100.489781,20.464658,0
                -100.489779,20.464161,0
                -100.48971,20.462175,0
                -100.489878,20.460436,0
                -100.48964,20.459775,0
                -100.489461,20.459321,0
                -100.489158,20.457253,0
                -100.489784,20.45336,0
                -100.489715,20.451271,0
                -100.489646,20.449182,0
                -100.489502,20.443844,0
                -100.489439,20.431223,0
                -100.488296,20.425434,0
                -100.487532,20.424941,0
                -100.486589,20.424118,0
                -100.485941,20.423582,0
                -100.484941,20.422966,0
                -100.484706,20.422802,0
                -100.484117,20.422266,0
                -100.484409,20.42212,0
                -100.484702,20.421974,0
                -100.485345,20.421557,0
                -100.485608,20.421329,0
                -100.48587,20.4211,0
                -100.486045,20.420892,0
                -100.485898,20.420831,0
                -100.485752,20.420769,0
                -100.485341,20.420688,0
                -100.485106,20.420731,0
                -100.484814,20.420898,0
                -100.484405,20.421148,0
                -100.484054,20.421315,0
                -100.483702,20.42144,0
                -100.483234,20.421525,0
                -100.482939,20.42132,0
                -100.482585,20.420742,0
                -100.482114,20.420413,0
                -100.481466,20.41996,0
                -100.48082,20.419591,0
                -100.480526,20.419426,0
                -100.48029,20.419138,0
                -100.480113,20.418932,0
                -100.479935,20.41856,0
                -100.479581,20.418106,0
                -100.479344,20.417611,0
                -100.479225,20.417322,0
                -100.478813,20.417034,0
                -100.4784,20.416497,0
                -100.478102,20.415547,0
                -100.478039,20.41472,0
                -100.478035,20.413892,0
                -100.477972,20.412816,0
                -100.477863,20.412404,0
                -100.477613,20.411452,0
                -100.477433,20.410543,0
                -100.477373,20.410336,0
                -100.476898,20.409055,0
                -100.476718,20.40827,0
                -100.476712,20.407028,0
                -100.476531,20.405994,0
                -100.476056,20.404838,0
                -100.475814,20.403308,0
                -100.475623,20.400164,0
                -100.475437,20.398137,0
                -100.475491,20.39706,0
                -100.475544,20.395984,0
                -100.47577,20.394121,0
                -100.475763,20.392714,0
                -100.475819,20.392259,0
                -100.475815,20.39139,0
                -100.476105,20.390726,0
                -100.47622,20.390188,0
                -100.476099,20.389444,0
                -100.475398,20.389099,0
                -100.474108,20.388979,0
                -100.470878,20.38775,0
                -100.469352,20.387177,0
                -100.468002,20.386768,0
                -100.467386,20.386709,0
                -100.46677,20.386649,0
                -100.465305,20.386655,0
                -100.464367,20.386617,0
                -100.463546,20.386578,0
                -100.463224,20.38658,0
                -100.462902,20.386581,0
                -100.462257,20.386459,0
                -100.461846,20.386378,0
                -100.46132,20.386007,0
                -100.459916,20.385984,0
                -100.458047,20.38609,0
                -100.456177,20.386114,0
                -100.453726,20.386475,0
                -100.452383,20.386574,0
                -100.450922,20.386634,0
                -100.448584,20.386664,0
                -100.446772,20.386645,0
                -100.443849,20.386641,0
                -100.442677,20.386408,0
                -100.44162,20.386008,0
                -100.440392,20.385796,0
                -100.439806,20.385715,0
                -100.439512,20.385675,0
                -100.439469,20.385669,0
                -100.439219,20.385634,0
                -100.436871,20.384898,0
                -100.43599,20.384446,0
                -100.434699,20.384037,0
                -100.433935,20.383585,0
                -100.432996,20.383422,0
                -100.432234,20.383342,0
                -100.431001,20.382933,0
                -100.429944,20.38244,0
                -100.42871,20.381617,0
                -100.428004,20.381515,0
                -100.424828,20.379945,0
                -100.423181,20.379099,0
                -100.421538,20.378624,0
                -100.420836,20.378509,0
                -100.420664,20.3788,0
                -100.420138,20.378806,0
                -100.419952,20.378631,0
                -100.419665,20.378358,0
                -100.418786,20.378245,0
                -100.417675,20.378177,0
                -100.416561,20.377902,0
                -100.415216,20.377877,0
                -100.413515,20.377362,0
                -100.411829,20.37651,0
                -100.41128,20.376234,0
                -100.410549,20.373808,0
                -100.410421,20.37286,0
                -100.410234,20.371913,0
                -100.409932,20.371091,0
                -100.409453,20.370189,0
                -100.408923,20.369865,0
                -100.408454,20.369747,0
                -100.4081,20.369463,0
                -100.407687,20.369097,0
                -100.407215,20.368731,0
                -100.406208,20.36767,0
                -100.40597,20.367302,0
                -100.405617,20.3671,0
                -100.405321,20.366814,0
                -100.405139,20.366239,0
                -100.405133,20.365785,0
                -100.405304,20.365411,0
                -100.405063,20.364795,0
                -100.404647,20.364223,0
                -100.404473,20.364307,0
                -100.40383,20.364357,0
                -100.403652,20.364111,0
                -100.403413,20.363701,0
                -100.403522,20.36304,0
                -100.40375,20.362541,0
                -100.403804,20.362128,0
                -100.403797,20.361592,0
                -100.403318,20.360648,0
                -100.402339,20.361019,0
                -100.401631,20.361288,0
                -100.400581,20.361466,0
                -100.383841,20.364313,0
                -100.387779,20.366205,0
                -100.390911,20.368024,0
                -100.391955,20.36863,0
                -100.396549,20.371298,0
                -100.401374,20.373921,0
                -100.401382,20.374626,0
                -100.401387,20.375045,0
                -100.401424,20.378089,0
                -100.40143,20.378489,0
                -100.401679,20.39443,0
                -100.4017,20.396162,0
                -100.401707,20.396699,0
                -100.401708,20.396782,0
                -100.401734,20.398928,0
                -100.401775,20.402375,0
                -100.401824,20.406438,0
                -100.401302,20.406775,0
                -100.396893,20.409595,0
                -100.392148,20.412125,0
                -100.391342,20.412532,0
                -100.390967,20.412722,0
                -100.390474,20.413124,0
                -100.390382,20.413183,0
                -100.390282,20.413249,0
                -100.39004,20.413435,0
                -100.389537,20.413679,0
                -100.389168,20.413858,0
                -100.388985,20.413961,0
                -100.388948,20.413982,0
                -100.388908,20.414004,0
                -100.388417,20.414281,0
                -100.388389,20.414297,0
                -100.388353,20.414318,0
                -100.388118,20.41445,0
                -100.388082,20.41447,0
                -100.388042,20.414493,0
                -100.386664,20.41527,0
                -100.386635,20.415286,0
                -100.386599,20.415306,0
                -100.386196,20.415533,0
                -100.385851,20.415592,0
                -100.385822,20.415605,0
                -100.385742,20.415648,0
                -100.385743,20.41568,0
                -100.385946,20.415989,0
                -100.385988,20.416059,0
                -100.386008,20.416089,0
                -100.386062,20.416172,0
                -100.386217,20.416412,0
                -100.386275,20.416773,0
                -100.386286,20.41684,0
                -100.386301,20.416937,0
                -100.386343,20.417195,0
                -100.386762,20.417974,0
                -100.387121,20.418712,0
                -100.3874,20.419348,0
                -100.387482,20.419533,0
                -100.387702,20.419894,0
                -100.387969,20.420328,0
                -100.388614,20.421375,0
                -100.388973,20.42195,0
                -100.389598,20.422896,0
                -100.389866,20.423301,0
                -100.390254,20.423977,0
                -100.390642,20.424654,0
                -100.391473,20.425716,0
                -100.391483,20.426501,0
                -100.391492,20.427285,0
                -100.391046,20.429106,0
                -100.39047,20.429774,0
                -100.390419,20.430393,0
                -100.390655,20.430638,0
                -100.390893,20.430902,0
                -100.390968,20.432326,0
                -100.390275,20.433078,0
                -100.389993,20.433948,0
                -100.389232,20.433833,0
                -100.388886,20.434209,0
                -100.388478,20.434338,0
                -100.387432,20.434887,0
                -100.387556,20.435464,0
                -100.387093,20.435882,0
                -100.387277,20.436623,0
                -100.386288,20.437006,0
                -100.385392,20.44036,0
                -100.385222,20.440816,0
                -100.38495,20.442512,0
                -100.387138,20.444549,0
                -100.387272,20.445909,0
                -100.388335,20.446845,0
                -100.387935,20.447552,0
                -100.387416,20.448219,0
                -100.3872,20.449666,0
                -100.387155,20.450822,0
                -100.387346,20.452099,0
                -100.387772,20.453497,0
                -100.388673,20.455509,0
                -100.38575,20.455586,0
                -100.385233,20.456376,0
                -100.384591,20.456508,0
                -100.384311,20.457502,0
                -100.38427,20.457585,0
                -100.384439,20.458035,0
                -100.385154,20.459404,0
                -100.385215,20.459893,0
                -100.385938,20.462108,0
                -100.386275,20.4626,0
                -100.386897,20.462829,0
                -100.387288,20.462839,0
                -100.387813,20.464875,0
                -100.388007,20.465626,0
                -100.388073,20.465983,0
                -100.388043,20.469849,0
                -100.388423,20.469837,0
                -100.389307,20.472162,0
                -100.389422,20.472306,0
                -100.389609,20.472348,0
                -100.390423,20.475417,0
                -100.390494,20.47554,0
                -100.390511,20.475683,0
                -100.390133,20.476129,0
                -100.390369,20.476973,0
                -100.390372,20.477003,0
                -100.390428,20.477768,0
                -100.390614,20.477755,0
                -100.39082,20.47776,0
                -100.391218,20.477844,0
                -100.391457,20.478087,0
                -100.391733,20.478461,0
                -100.391861,20.478703,0
                -100.39188,20.478828,0
                -100.392008,20.479716,0
                -100.392171,20.480409,0
                -100.392356,20.481199,0
                -100.392674,20.482357,0
                -100.392932,20.483285,0
                -100.389758,20.48417,0
                -100.389689,20.484201,0
                -100.389632,20.484226,0
                -100.388352,20.484927,0
                -100.388305,20.484953,0
                -100.388258,20.484979,0
                -100.387691,20.485027,0
                -100.387612,20.485013,0
                -100.387523,20.484997,0
                -100.387416,20.485013,0
                -100.38735,20.485015,0
                -100.378436,20.485251,0
                -100.378214,20.485276,0
                -100.368092,20.486417,0
                -100.370986,20.488381,0
                -100.372377,20.491615,0
                -100.374841,20.497116,0
                -100.375779,20.497311,0
                -100.375435,20.497851,0
                -100.374573,20.499183,0
                -100.375351,20.500659,0
                -100.376079,20.502864,0
                -100.376613,20.50448,0
                -100.377354,20.506702,0
                -100.378589,20.512135,0
                -100.381292,20.522915,0
                -100.381708,20.523446,0
                -100.382356,20.52381,0
                -100.38418,20.529524,0
                -100.384348,20.530119,0
                -100.384395,20.530291,0
                -100.384416,20.530367,0
                -100.384579,20.530956,0
                -100.384769,20.531641,0
                -100.384809,20.531784,0
                -100.384858,20.531959,0
                -100.385943,20.535857,0
                -100.386053,20.535884,0
                -100.386101,20.53606,0
                -100.386112,20.536095,0
                -100.386141,20.536199,0
                -100.386261,20.536627,0
                -100.38643,20.537237,0
                -100.386556,20.537689,0
                -100.387023,20.539361,0
                -100.387157,20.539843,0
                -100.387186,20.539948,0
                -100.387253,20.54019,0
                -100.388158,20.543425,0
                -100.389353,20.543296,0
                -100.391379,20.543111,0
                -100.391421,20.543108,0
                -100.39159,20.543096,0
                -100.391581,20.543059,0
                -100.391534,20.542898,0
                -100.392058,20.542856,0
                -100.392049,20.542711,0
                -100.392044,20.542661,0
                -100.392039,20.542612,0
                -100.391984,20.541394,0
                -100.391981,20.541366,0
                -100.391978,20.541339,0
                -100.391976,20.541294,0
                -100.392074,20.541294,0
                -100.392555,20.54129,0
                -100.393874,20.541292,0
                -100.395067,20.541299,0
                -100.395451,20.541295,0
                -100.395797,20.541293,0
                -100.396245,20.54131,0
                -100.396674,20.5413,0
                -100.397371,20.5413,0
                -100.397702,20.541288,0
                -100.397807,20.541271,0
                -100.398989,20.541173,0
                -100.399313,20.541135,0
                -100.399913,20.541101,0
                -100.399953,20.541179,0
                -100.400075,20.541451,0
                -100.400164,20.541573,0
                -100.40045,20.541474,0
                -100.400591,20.541144,0
                -100.400691,20.541153,0
                -100.401121,20.54118,0
                -100.401154,20.541182,0
                -100.401593,20.5412,0
                -100.402059,20.541226,0
                -100.402494,20.541255,0
                -100.40302,20.541285,0
                -100.403465,20.541308,0
                -100.403913,20.541336,0
                -100.404378,20.541363,0
                -100.404798,20.541385,0
                -100.405225,20.541412,0
                -100.405671,20.541443,0
                -100.405965,20.541452,0
                -100.407041,20.543658,0
                -100.407074,20.543791,0
                -100.40756,20.543679,0
                -100.407595,20.543811,0
                -100.407987,20.543737,0
                -100.408075,20.543684,0
                -100.408219,20.543643,0
                -100.408463,20.543547,0
                -100.408956,20.543232,0
                -100.409196,20.544368,0
                -100.409691,20.546141,0
                -100.409739,20.546337,0
                -100.409798,20.546425,0
                -100.410019,20.547284,0
                -100.410197,20.548109,0
                -100.410514,20.547825,0
                -100.410793,20.547575,0
                -100.411076,20.547312,0
                -100.411345,20.547008,0
                -100.411439,20.546904,0
                -100.411602,20.546725,0
                -100.411863,20.546441,0
                -100.412111,20.546142,0
                -100.41239,20.545834,0
                -100.412505,20.545706,0
                -100.412549,20.545743,0
                -100.413155,20.546261,0
                -100.413192,20.546292,0
                -100.413892,20.546856,0
                -100.414235,20.54713,0
                -100.414448,20.547301,0
                -100.414755,20.547545,0
                -100.41515,20.547875,0
                -100.415924,20.548518,0
                -100.415953,20.548489,0
                -100.41623,20.548203,0
                -100.416535,20.547886,0
                -100.416853,20.547556,0
                -100.417043,20.547358,0
                -100.417067,20.547333,0
                -100.417135,20.547262,0
                -100.417332,20.547058,0
                -100.417727,20.547336,0
                -100.418389,20.547803,0
                -100.418423,20.547826,0
                -100.418715,20.548032,0
                -100.418746,20.548057,0
                -100.418796,20.548096,0
                -100.418904,20.548182,0
                -100.418882,20.548206,0
                -100.418427,20.548719,0
                -100.418559,20.548836,0
                -100.4186,20.548871,0
                -100.419059,20.549291,0
                -100.419124,20.549351,0
                -100.419799,20.549972,0
                -100.419591,20.550573,0
                -100.419581,20.550603,0
                -100.419451,20.551056,0
                -100.419355,20.55139,0
                -100.419342,20.551436,0
                -100.419334,20.551463,0
                -100.419282,20.551646,0
                -100.419248,20.551815,0
                -100.419656,20.551979,0
                -100.419443,20.552755,0
                -100.419405,20.552884,0
                -100.41931,20.553082,0
                -100.419166,20.553266,0
                -100.418936,20.553602,0
                -100.418535,20.554012,0
                -100.418244,20.554993,0
                -100.418336,20.555052,0
                -100.41836,20.555067,0
                -100.418367,20.554998,0
                -100.418574,20.554588,0
                -100.418872,20.554238,0
                -100.419258,20.553853,0
                -100.419604,20.553587,0
                -100.420154,20.553294,0
                -100.420739,20.552972,0
                -100.420969,20.552845,0
                -100.421111,20.552767,0
                -100.421804,20.552384,0
                -100.421954,20.552295,0
                -100.422133,20.552268,0
                -100.422302,20.552361,0
                -100.422382,20.55235,0
                -100.422458,20.55241,0
                -100.42249,20.552438,0
                -100.422533,20.552386,0
                -100.422553,20.552361,0
                -100.422881,20.551963,0
                -100.422921,20.551956,0
                -100.422952,20.551951,0
                -100.423001,20.551944,0
                -100.423084,20.551875,0
                -100.423096,20.551893,0
                -100.423115,20.551904,0
                -100.423133,20.551915,0
                -100.423167,20.551938,0
                -100.423216,20.552045,0
                -100.42368,20.553072,0
                -100.424397,20.552695,0
                -100.425057,20.552317,0
                -100.425345,20.552152,0
                -100.42549,20.552045,0
                -100.425772,20.551837,0
                -100.426012,20.55166,0
                -100.426712,20.551163,0
                -100.427498,20.550573,0
                -100.427815,20.550265,0
                -100.42788,20.550114,0
                -100.428025,20.549884,0
                -100.428238,20.549747,0
                -100.428868,20.549385,0
                -100.428841,20.549624,0
                -100.428801,20.549987,0
                -100.428764,20.550371,0
                -100.428763,20.550622,0
                -100.428752,20.551682,0
                -100.428821,20.552249,0
                -100.428865,20.552384,0
                -100.428999,20.552791,0
                -100.429178,20.553222,0
                -100.429525,20.553923,0
                -100.429553,20.553981,0
                -100.429793,20.554405,0
                -100.430348,20.555371,0
                -100.430755,20.55586,0
                -100.431177,20.556305,0
                -100.431366,20.556497,0
                -100.432589,20.55716,0
                -100.432788,20.557419,0
                -100.433036,20.55781,0
                -100.433114,20.558067,0
                -100.432776,20.558027,0
                -100.432565,20.558074,0
                -100.432429,20.558168,0
                -100.432312,20.558292,0
                -100.432225,20.558537,0
                -100.432361,20.559741,0
                -100.432435,20.559744,0
                -100.4325,20.559773,0
                -100.43255,20.559817,0
                -100.433212,20.559707,0
                -100.433229,20.559821,0
                -100.433316,20.559804,0
                -100.43332,20.559858,0
                -100.433399,20.560415,0
                -100.433419,20.560572,0
                -100.433433,20.560658,0
                -100.43351,20.561282,0
                -100.433621,20.56204,0
                -100.433635,20.562134,0
                -100.433741,20.562909,0
                -100.433839,20.563631,0
                -100.433917,20.564288,0
                -100.433914,20.564353,0
                -100.433958,20.564521,0
                -100.433993,20.564737,0
                -100.434018,20.564836,0
                -100.434058,20.564898,0
                -100.434161,20.564932,0
                -100.434983,20.564942,0
                -100.435043,20.564905,0
                -100.435101,20.564781,0
                -100.435581,20.56498,0
                -100.435879,20.565184,0
                -100.436136,20.565422,0
                -100.436092,20.565468,0
                -100.436065,20.565573,0
                -100.43608,20.565703,0
                -100.43616,20.56582,0
                -100.436285,20.565884,0
                -100.436442,20.5659,0
                -100.436571,20.565835,0
                -100.436621,20.565987,0
                -100.43665,20.566062,0
                -100.43703,20.567329,0
                -100.437077,20.567475,0
                -100.437104,20.56758,0
                -100.437196,20.567896,0
                -100.437435,20.56871,0
                -100.43747,20.56883,0
                -100.437495,20.568921,0
                -100.437541,20.569075,0
                -100.437581,20.569208,0
                -100.437606,20.569295,0
                -100.437935,20.570434,0
                -100.437965,20.570539,0
                -100.437986,20.570623,0
                -100.438037,20.570775,0
                -100.438338,20.570699,0
                -100.439407,20.570432,0
                -100.440573,20.570113,0
                -100.440648,20.570091,0
                -100.440821,20.570048,0
                -100.440891,20.570057,0
                -100.440991,20.570321,0
                -100.44097,20.570373,0
                -100.441023,20.570549,0
                -100.441038,20.570598,0
                -100.441099,20.570791,0
                -100.441181,20.571129,0
                -100.441216,20.571197,0
                -100.441324,20.571638,0
                -100.441444,20.57202,0
                -100.441651,20.57267,0
                -100.441665,20.572716,0
                -100.441894,20.573456,0
                -100.441948,20.573641,0
                -100.44232,20.574901,0
                -100.442553,20.575708,0
                -100.442641,20.57602,0
                -100.442392,20.576051,0
                -100.440856,20.576236,0
                -100.440374,20.576279,0
                -100.43973,20.576301,0
                -100.438708,20.57632,0
                -100.438038,20.576309,0
                -100.437861,20.57632,0
                -100.437676,20.576323,0
                -100.434548,20.576366,0
                -100.436352,20.580043,0
                -100.438629,20.579483,0
                -100.438757,20.57999,0
                -100.439061,20.579942,0
                -100.439125,20.580349,0
                -100.441354,20.580125,0
                -100.441345,20.580371,0
                -100.441182,20.581975,0
                -100.440989,20.583347,0
                -100.440765,20.58473,0
                -100.440639,20.585509,0
                -100.440336,20.586855,0
                -100.439887,20.588824,0
                -100.43994,20.589683,0
                -100.44081,20.589729,0
                -100.441712,20.58976,0
                -100.442421,20.589867,0
                -100.443374,20.589972,0
                -100.443941,20.590035,0
                -100.449652,20.590687,0
                -100.44991,20.590717,0
                -100.450224,20.590735,0
                -100.450328,20.590759,0
                -100.450397,20.590766,0
                -100.450466,20.590773,0
                -100.450496,20.590776,0
                -100.453677,20.591134,0
                -100.45378,20.591146,0
                -100.456161,20.591423,0
                -100.457595,20.591589,0
                -100.463581,20.592278,0
                -100.468359,20.592581,0
                -100.475382,20.593259,0
                -100.482768,20.594114,0
                -100.484352,20.594382,0
                -100.484938,20.594416,0
                -100.485581,20.594325,0
                -100.486166,20.594318,0
                -100.486298,20.594357,0
                -100.486331,20.594367,0
                -100.486364,20.594377,0
                -100.48643,20.594397,0
                -100.486695,20.594476,0
                -100.488629,20.593697,0
                -100.486681,20.588986,0
                -100.486409,20.588434,0
                -100.4864,20.58832,0
                -100.487355,20.588007,0
                -100.487539,20.587947,0
                -100.486785,20.586435,0
                -100.486069,20.584779,0
                -100.485708,20.583065,0
                -100.48514,20.581307,0
                -100.48464,20.580112,0
                -100.483728,20.57872,0
                -100.483484,20.578429,0
                -100.482216,20.576356,0
                -100.482092,20.571508,0
                -100.482112,20.571448,0
                -100.483899,20.57144,0
                -100.484002,20.570785,0
                -100.484001,20.570743,0
                -100.483995,20.570445,0
                -100.483992,20.570349,0
                -100.484004,20.570132,0
                -100.484093,20.568539,0
                -100.484246,20.566901,0
                -100.484241,20.566852,0
                -100.484306,20.565152,0
                -100.484308,20.565104,0
                -100.484301,20.565062,0
                -100.484345,20.564196,0
                -100.484394,20.563227,0
                -100.484388,20.563176,0
                -100.484418,20.562624,0
                -100.484425,20.562496,0
                -100.484449,20.562051,0
                -100.484506,20.560973,0
                -100.48451,20.560904,0
                -100.484591,20.559995,0
                -100.48469,20.558897,0
                -100.484694,20.558828,0
                -100.484724,20.558309,0
                -100.484836,20.556408,0
                -100.484848,20.556332,0
                -100.484975,20.554268,0
                -100.484978,20.554219,0
                -100.485003,20.553804,0
                -100.486564,20.553832,0
                -100.486667,20.553845,0
                -100.488947,20.553945,0
                -100.488998,20.55395,0
                -100.490524,20.554051,0
                -100.490554,20.554053,0
                -100.490647,20.554059,0
                -100.491504,20.554115,0
                -100.491541,20.554121,0
                -100.494205,20.554328,0
                -100.495916,20.554464,0
                -100.498077,20.554641,0
                -100.504765,20.555033,0
                -100.504885,20.552848,0
                -100.505061,20.552349,0
                -100.504988,20.551194,0
                -100.506808,20.533905,0
                -100.506811,20.533873,0
                -100.506862,20.533309,0
                -100.506981,20.531876,0
              </coordinates>
            </LinearRing>
          </outerBoundaryIs>
        </Polygon>
      </Placemark>
      <Placemark>
        <name>09</name>
        <description><![CDATA[Descripción: Distrito Local 09<br>ID: 9<br>ENTIDAD: 22<br>DISTRITO_L: 9<br>TIPO: 0<br>URL: https://ieeq.mx/elecciones/cartografia-electoral/Dto/9/#Res<br>Geometry1_: 1=X=f]]></description>
        <styleUrl>#poly-006064-4000-168</styleUrl>
        <ExtendedData>
          <Data name="Descripción">
            <value>Distrito Local 09</value>
          </Data>
          <Data name="ID">
            <value>9</value>
          </Data>
          <Data name="ENTIDAD">
            <value>22</value>
          </Data>
          <Data name="DISTRITO_L">
            <value>9</value>
          </Data>
          <Data name="TIPO">
            <value>0</value>
          </Data>
          <Data name="URL">
            <value>https://ieeq.mx/elecciones/cartografia-electoral/Dto/9/#Res</value>
          </Data>
          <Data name="Geometry1_">
            <value>1=X=f</value>
          </Data>
        </ExtendedData>
        <Polygon>
          <outerBoundaryIs>
            <LinearRing>
              <tessellate>1</tessellate>
              <coordinates>
                -100.343875,20.577564,0
                -100.343837,20.57753,0
                -100.343627,20.577347,0
                -100.343622,20.577342,0
                -100.343571,20.577297,0
                -100.342921,20.576731,0
                -100.342812,20.576636,0
                -100.34242,20.576296,0
                -100.341873,20.575879,0
                -100.341487,20.575585,0
                -100.339775,20.574277,0
                -100.339183,20.573848,0
                -100.338622,20.573688,0
                -100.338419,20.573679,0
                -100.338302,20.573675,0
                -100.338162,20.573669,0
                -100.338103,20.573561,0
                -100.338043,20.573449,0
                -100.338018,20.573403,0
                -100.33794,20.573381,0
                -100.337864,20.573359,0
                -100.33701,20.57284,0
                -100.336588,20.572583,0
                -100.336263,20.572387,0
                -100.336177,20.572334,0
                -100.334798,20.571493,0
                -100.333588,20.570757,0
                -100.333325,20.570591,0
                -100.333179,20.5705,0
                -100.333125,20.57056,0
                -100.33307,20.570621,0
                -100.33192,20.569902,0
                -100.331752,20.569854,0
                -100.331687,20.569748,0
                -100.330616,20.568758,0
                -100.330679,20.568754,0
                -100.330831,20.568745,0
                -100.330793,20.568707,0
                -100.32996,20.567882,0
                -100.329578,20.567503,0
                -100.329425,20.567351,0
                -100.329306,20.567038,0
                -100.329139,20.566599,0
                -100.329087,20.566619,0
                -100.328824,20.566717,0
                -100.328833,20.566583,0
                -100.328839,20.566501,0
                -100.328847,20.566375,0
                -100.329132,20.566188,0
                -100.329185,20.566154,0
                -100.329082,20.566112,0
                -100.329309,20.565272,0
                -100.32933,20.565117,0
                -100.329348,20.564981,0
                -100.329424,20.56442,0
                -100.329445,20.564264,0
                -100.329466,20.564111,0
                -100.329482,20.563992,0
                -100.329548,20.563506,0
                -100.329602,20.562568,0
                -100.329671,20.561349,0
                -100.329698,20.560881,0
                -100.329893,20.56111,0
                -100.330871,20.562267,0
                -100.330916,20.562235,0
                -100.331088,20.56244,0
                -100.332144,20.561935,0
                -100.332282,20.56197,0
                -100.332305,20.562225,0
                -100.333186,20.563121,0
                -100.333588,20.56353,0
                -100.333607,20.563549,0
                -100.333643,20.563552,0
                -100.33525,20.563688,0
                -100.335314,20.564008,0
                -100.335378,20.564329,0
                -100.335609,20.564354,0
                -100.337286,20.564551,0
                -100.338826,20.564128,0
                -100.342082,20.563236,0
                -100.343565,20.562829,0
                -100.346293,20.56208,0
                -100.347532,20.561739,0
                -100.348936,20.561355,0
                -100.350452,20.560939,0
                -100.349882,20.560309,0
                -100.349863,20.560289,0
                -100.349273,20.559638,0
                -100.348753,20.558935,0
                -100.348728,20.558911,0
                -100.348735,20.558856,0
                -100.348678,20.558724,0
                -100.348612,20.558715,0
                -100.348584,20.558541,0
                -100.348438,20.558486,0
                -100.345856,20.556415,0
                -100.345328,20.552729,0
                -100.345718,20.552953,0
                -100.34703,20.552713,0
                -100.348175,20.552503,0
                -100.348308,20.552479,0
                -100.355794,20.55111,0
                -100.35967,20.550399,0
                -100.358448,20.530366,0
                -100.362018,20.528906,0
                -100.362083,20.528247,0
                -100.36232,20.527836,0
                -100.362966,20.527304,0
                -100.363845,20.526815,0
                -100.364664,20.526573,0
                -100.365538,20.526579,0
                -100.368279,20.526392,0
                -100.381708,20.523446,0
                -100.381292,20.522915,0
                -100.378589,20.512135,0
                -100.377354,20.506702,0
                -100.376613,20.50448,0
                -100.376079,20.502864,0
                -100.375351,20.500659,0
                -100.374573,20.499183,0
                -100.375435,20.497851,0
                -100.375779,20.497311,0
                -100.374841,20.497116,0
                -100.372377,20.491615,0
                -100.370986,20.488381,0
                -100.368092,20.486417,0
                -100.378214,20.485276,0
                -100.378436,20.485251,0
                -100.38735,20.485015,0
                -100.387416,20.485013,0
                -100.387523,20.484997,0
                -100.387612,20.485013,0
                -100.387691,20.485027,0
                -100.388258,20.484979,0
                -100.388305,20.484953,0
                -100.388352,20.484927,0
                -100.389632,20.484226,0
                -100.389689,20.484201,0
                -100.389758,20.48417,0
                -100.392932,20.483285,0
                -100.392674,20.482357,0
                -100.392356,20.481199,0
                -100.392171,20.480409,0
                -100.392008,20.479716,0
                -100.39188,20.478828,0
                -100.391861,20.478703,0
                -100.391733,20.478461,0
                -100.391457,20.478087,0
                -100.391218,20.477844,0
                -100.39082,20.47776,0
                -100.390614,20.477755,0
                -100.390428,20.477768,0
                -100.390372,20.477003,0
                -100.390369,20.476973,0
                -100.390133,20.476129,0
                -100.390511,20.475683,0
                -100.390494,20.47554,0
                -100.390423,20.475417,0
                -100.389609,20.472348,0
                -100.389422,20.472306,0
                -100.389307,20.472162,0
                -100.388423,20.469837,0
                -100.388043,20.469849,0
                -100.388073,20.465983,0
                -100.388007,20.465626,0
                -100.387813,20.464875,0
                -100.387288,20.462839,0
                -100.386897,20.462829,0
                -100.386275,20.4626,0
                -100.385938,20.462108,0
                -100.385215,20.459893,0
                -100.385154,20.459404,0
                -100.384439,20.458035,0
                -100.38427,20.457585,0
                -100.384311,20.457502,0
                -100.384591,20.456508,0
                -100.385233,20.456376,0
                -100.38575,20.455586,0
                -100.388673,20.455509,0
                -100.387772,20.453497,0
                -100.387346,20.452099,0
                -100.387155,20.450822,0
                -100.3872,20.449666,0
                -100.387416,20.448219,0
                -100.387935,20.447552,0
                -100.388335,20.446845,0
                -100.387272,20.445909,0
                -100.387138,20.444549,0
                -100.38495,20.442512,0
                -100.385222,20.440816,0
                -100.385392,20.44036,0
                -100.386288,20.437006,0
                -100.387277,20.436623,0
                -100.387093,20.435882,0
                -100.387556,20.435464,0
                -100.387432,20.434887,0
                -100.388478,20.434338,0
                -100.388886,20.434209,0
                -100.389232,20.433833,0
                -100.389993,20.433948,0
                -100.390275,20.433078,0
                -100.390968,20.432326,0
                -100.390893,20.430902,0
                -100.390655,20.430638,0
                -100.390419,20.430393,0
                -100.39047,20.429774,0
                -100.391046,20.429106,0
                -100.391492,20.427285,0
                -100.391483,20.426501,0
                -100.391473,20.425716,0
                -100.390642,20.424654,0
                -100.390254,20.423977,0
                -100.389866,20.423301,0
                -100.389598,20.422896,0
                -100.388973,20.42195,0
                -100.388614,20.421375,0
                -100.387969,20.420328,0
                -100.387702,20.419894,0
                -100.387482,20.419533,0
                -100.3874,20.419348,0
                -100.387121,20.418712,0
                -100.386762,20.417974,0
                -100.386343,20.417195,0
                -100.386301,20.416937,0
                -100.386286,20.41684,0
                -100.386275,20.416773,0
                -100.386217,20.416412,0
                -100.386062,20.416172,0
                -100.386008,20.416089,0
                -100.385988,20.416059,0
                -100.385946,20.415989,0
                -100.385743,20.41568,0
                -100.385742,20.415648,0
                -100.385822,20.415605,0
                -100.385851,20.415592,0
                -100.386196,20.415533,0
                -100.386599,20.415306,0
                -100.386635,20.415286,0
                -100.386664,20.41527,0
                -100.388042,20.414493,0
                -100.388082,20.41447,0
                -100.388118,20.41445,0
                -100.388353,20.414318,0
                -100.388389,20.414297,0
                -100.388417,20.414281,0
                -100.388908,20.414004,0
                -100.388948,20.413982,0
                -100.388985,20.413961,0
                -100.389168,20.413858,0
                -100.389537,20.413679,0
                -100.39004,20.413435,0
                -100.390282,20.413249,0
                -100.390382,20.413183,0
                -100.390474,20.413124,0
                -100.390967,20.412722,0
                -100.391342,20.412532,0
                -100.392148,20.412125,0
                -100.396893,20.409595,0
                -100.401302,20.406775,0
                -100.401824,20.406438,0
                -100.401775,20.402375,0
                -100.401734,20.398928,0
                -100.401708,20.396782,0
                -100.401707,20.396699,0
                -100.4017,20.396162,0
                -100.401679,20.39443,0
                -100.40143,20.378489,0
                -100.401424,20.378089,0
                -100.401387,20.375045,0
                -100.401382,20.374626,0
                -100.401374,20.373921,0
                -100.396549,20.371298,0
                -100.391955,20.36863,0
                -100.390911,20.368024,0
                -100.387779,20.366205,0
                -100.383841,20.364313,0
                -100.400581,20.361466,0
                -100.401631,20.361288,0
                -100.402339,20.361019,0
                -100.402124,20.359821,0
                -100.401828,20.35916,0
                -100.401416,20.358871,0
                -100.401065,20.358831,0
                -100.400827,20.35817,0
                -100.400649,20.357509,0
                -100.400236,20.356889,0
                -100.399763,20.356105,0
                -100.398882,20.355487,0
                -100.398585,20.35466,0
                -100.398116,20.354538,0
                -100.397282,20.353669,0
                -100.397213,20.353597,0
                -100.395938,20.352269,0
                -100.395403,20.35158,0
                -100.394701,20.351249,0
                -100.394525,20.350588,0
                -100.393939,20.350008,0
                -100.393646,20.349554,0
                -100.393469,20.348314,0
                -100.393176,20.347363,0
                -100.393233,20.346247,0
                -100.393289,20.34414,0
                -100.393345,20.342321,0
                -100.393052,20.34166,0
                -100.392758,20.340585,0
                -100.392465,20.339676,0
                -100.392229,20.338684,0
                -100.391819,20.337609,0
                -100.3918,20.337585,0
                -100.390765,20.336285,0
                -100.390706,20.335872,0
                -100.391529,20.335277,0
                -100.391813,20.333083,0
                -100.392386,20.330267,0
                -100.392728,20.327866,0
                -100.392958,20.327038,0
                -100.39272,20.326046,0
                -100.392598,20.324929,0
                -100.392711,20.323894,0
                -100.392702,20.32199,0
                -100.392577,20.319963,0
                -100.39233,20.317192,0
                -100.392025,20.314213,0
                -100.390725,20.311611,0
                -100.388722,20.309093,0
                -100.387546,20.307897,0
                -100.386251,20.306619,0
                -100.384665,20.305292,0
                -100.384429,20.305094,0
                -100.383252,20.303939,0
                -100.381983,20.303086,0
                -100.381843,20.302992,0
                -100.381382,20.302756,0
                -100.380316,20.302211,0
                -100.379949,20.302181,0
                -100.379043,20.302107,0
                -100.378851,20.302091,0
                -100.377566,20.302074,0
                -100.37715,20.302069,0
                -100.376332,20.302058,0
                -100.374575,20.302147,0
                -100.372115,20.302237,0
                -100.370358,20.302326,0
                -100.368836,20.302455,0
                -100.367604,20.302086,0
                -100.367338,20.302029,0
                -100.367282,20.302016,0
                -100.367204,20.301999,0
                -100.366666,20.301882,0
                -100.368537,20.301049,0
                -100.368178,20.300768,0
                -100.36648,20.299442,0
                -100.364949,20.297584,0
                -100.363481,20.296679,0
                -100.362127,20.295028,0
                -100.359954,20.293545,0
                -100.35777,20.292275,0
                -100.355586,20.291006,0
                -100.355287,20.290832,0
                -100.355139,20.290746,0
                -100.353517,20.289901,0
                -100.35285,20.289553,0
                -100.350561,20.288443,0
                -100.34995,20.289681,0
                -100.348411,20.292795,0
                -100.346315,20.297103,0
                -100.345971,20.297809,0
                -100.344975,20.297647,0
                -100.344882,20.297616,0
                -100.343274,20.297073,0
                -100.340516,20.295881,0
                -100.333479,20.293958,0
                -100.329785,20.2931,0
                -100.310206,20.28517,0
                -100.307693,20.284152,0
                -100.305534,20.283217,0
                -100.303895,20.282759,0
                -100.301437,20.282866,0
                -100.300445,20.282694,0
                -100.29606,20.282541,0
                -100.294893,20.282285,0
                -100.291643,20.279536,0
                -100.291101,20.278822,0
                -100.289909,20.277251,0
                -100.288462,20.275547,0
                -100.28653,20.275823,0
                -100.285306,20.27536,0
                -100.284554,20.274446,0
                -100.283454,20.27324,0
                -100.282527,20.272325,0
                -100.280067,20.272762,0
                -100.270376,20.25815,0
                -100.266404,20.257709,0
                -100.264422,20.257034,0
                -100.26151,20.255815,0
                -100.259243,20.254353,0
                -100.256623,20.253178,0
                -100.256258,20.252405,0
                -100.25582,20.251478,0
                -100.257172,20.250661,0
                -100.257761,20.250169,0
                -100.25754,20.248804,0
                -100.25726,20.247397,0
                -100.25675,20.24574,0
                -100.255426,20.243458,0
                -100.254808,20.240685,0
                -100.254236,20.239317,0
                -100.253483,20.238609,0
                -100.253614,20.237081,0
                -100.253153,20.236334,0
                -100.25246,20.23542,0
                -100.252312,20.232444,0
                -100.246818,20.23224,0
                -100.245824,20.232274,0
                -100.24465,20.232762,0
                -100.243187,20.232999,0
                -100.242366,20.233283,0
                -100.24125,20.233853,0
                -100.240488,20.233972,0
                -100.239909,20.233431,0
                -100.238509,20.233049,0
                -100.236697,20.233036,0
                -100.23518,20.232695,0
                -100.232265,20.231847,0
                -100.231153,20.232005,0
                -100.229692,20.231912,0
                -100.228347,20.231985,0
                -100.227645,20.232021,0
                -100.225725,20.231015,0
                -100.22322,20.23013,0
                -100.221644,20.229788,0
                -100.220427,20.228746,0
                -100.21993,20.228599,0
                -100.218056,20.228044,0
                -100.207835,20.225018,0
                -100.205452,20.223472,0
                -100.20432,20.222699,0
                -100.203187,20.221926,0
                -100.202839,20.221676,0
                -100.20092,20.220078,0
                -100.200635,20.219841,0
                -100.199713,20.218471,0
                -100.199292,20.218168,0
                -100.198145,20.217343,0
                -100.197556,20.216942,0
                -100.196246,20.21605,0
                -100.194347,20.214757,0
                -100.186182,20.209197,0
                -100.187823,20.208713,0
                -100.188037,20.208629,0
                -100.187829,20.208134,0
                -100.188399,20.207558,0
                -100.188942,20.207008,0
                -100.189603,20.205957,0
                -100.189901,20.205422,0
                -100.190431,20.205013,0
                -100.191018,20.204769,0
                -100.191548,20.20436,0
                -100.191788,20.2037,0
                -100.192144,20.203124,0
                -100.191465,20.202268,0
                -100.190989,20.201669,0
                -100.190832,20.199809,0
                -100.190316,20.19873,0
                -100.189626,20.197568,0
                -100.189339,20.196987,0
                -100.189242,20.196468,0
                -100.189061,20.195497,0
                -100.188787,20.193677,0
                -100.188636,20.191155,0
                -100.188713,20.189255,0
                -100.188545,20.188468,0
                -100.187954,20.189084,0
                -100.187194,20.189119,0
                -100.187088,20.188003,0
                -100.187215,20.187012,0
                -100.188034,20.186894,0
                -100.188597,20.186848,0
                -100.18897,20.186818,0
                -100.189518,20.184508,0
                -100.189363,20.18244,0
                -100.189198,20.181365,0
                -100.188452,20.179871,0
                -100.188182,20.177597,0
                -100.199138,20.173369,0
                -100.201047,20.173561,0
                -100.201044,20.173064,0
                -100.203209,20.172261,0
                -100.203207,20.172047,0
                -100.203204,20.171598,0
                -100.203191,20.169818,0
                -100.203179,20.168161,0
                -100.203407,20.167207,0
                -100.203695,20.166335,0
                -100.204334,20.165544,0
                -100.207014,20.162955,0
                -100.209302,20.162897,0
                -100.20923,20.160992,0
                -100.209756,20.160781,0
                -100.210575,20.160402,0
                -100.210982,20.159902,0
                -100.212151,20.159313,0
                -100.212147,20.158692,0
                -100.213428,20.157398,0
                -100.213654,20.156154,0
                -100.214471,20.155568,0
                -100.215523,20.155105,0
                -100.216634,20.154558,0
                -100.217508,20.153764,0
                -100.218383,20.152971,0
                -100.219146,20.153048,0
                -100.219613,20.152837,0
                -100.220546,20.152043,0
                -100.221362,20.15125,0
                -100.222116,20.150126,0
                -100.222876,20.149747,0
                -100.223695,20.149368,0
                -100.224341,20.149529,0
                -100.225221,20.149563,0
                -100.22604,20.149267,0
                -100.226453,20.149471,0
                -100.227098,20.149549,0
                -100.227858,20.149087,0
                -100.228554,20.148088,0
                -100.22896,20.147339,0
                -100.229366,20.146756,0
                -100.229771,20.146049,0
                -100.231355,20.146078,0
                -100.232233,20.145823,0
                -100.233108,20.145154,0
                -100.234337,20.144647,0
                -100.235966,20.142854,0
                -100.228181,20.140101,0
                -100.198036,20.129439,0
                -100.198125,20.125504,0
                -100.198973,20.124984,0
                -100.199857,20.124206,0
                -100.200621,20.123715,0
                -100.201096,20.122934,0
                -100.201221,20.122108,0
                -100.201403,20.121407,0
                -100.201701,20.12083,0
                -100.202519,20.120754,0
                -100.202871,20.120591,0
                -100.203469,20.119149,0
                -100.203891,20.117871,0
                -100.204667,20.116141,0
                -100.205201,20.115194,0
                -100.206434,20.114583,0
                -100.206913,20.113347,0
                -100.207683,20.11232,0
                -100.207576,20.111286,0
                -100.208579,20.110218,0
                -100.209693,20.109731,0
                -100.210459,20.109075,0
                -100.210645,20.107961,0
                -100.21054,20.10672,0
                -100.210258,20.105685,0
                -100.210033,20.104733,0
                -100.209809,20.103739,0
                -100.20917,20.103363,0
                -100.209058,20.102866,0
                -100.208946,20.102369,0
                -100.209241,20.102041,0
                -100.209656,20.101424,0
                -100.209481,20.101381,0
                -100.208965,20.100344,0
                -100.20862,20.099763,0
                -100.209034,20.099229,0
                -100.208573,20.098647,0
                -100.208341,20.098618,0
                -100.206472,20.098384,0
                -100.206007,20.098132,0
                -100.205196,20.097506,0
                -100.204441,20.097005,0
                -100.203801,20.096794,0
                -100.202345,20.096287,0
                -100.200077,20.095278,0
                -100.199904,20.095029,0
                -100.199041,20.0937,0
                -100.198758,20.092748,0
                -100.198354,20.092208,0
                -100.197775,20.091666,0
                -100.19737,20.091291,0
                -100.196616,20.090707,0
                -100.195514,20.089955,0
                -100.194057,20.089531,0
                -100.194661,20.08751,0
                -100.195086,20.08586,0
                -100.195331,20.084705,0
                -100.195395,20.084127,0
                -100.194701,20.083378,0
                -100.194008,20.082546,0
                -100.193943,20.082443,0
                -100.193433,20.081633,0
                -100.19298,20.0801,0
                -100.193051,20.078861,0
                -100.193411,20.077831,0
                -100.194058,20.077339,0
                -100.195175,20.076562,0
                -100.195588,20.076194,0
                -100.195823,20.075989,0
                -100.196114,20.076115,0
                -100.195424,20.075125,0
                -100.194482,20.074511,0
                -100.19284,20.074565,0
                -100.191437,20.075031,0
                -100.190034,20.075745,0
                -100.189221,20.076787,0
                -100.188876,20.077742,0
                -100.18824,20.079072,0
                -100.187306,20.079742,0
                -100.185431,20.079839,0
                -100.184967,20.080587,0
                -100.184388,20.081669,0
                -100.18363,20.082295,0
                -100.182341,20.082471,0
                -100.181342,20.082188,0
                -100.180584,20.082691,0
                -100.179764,20.082863,0
                -100.179172,20.082039,0
                -100.178929,20.080881,0
                -100.179508,20.0798,0
                -100.180381,20.078883,0
                -100.180785,20.077886,0
                -100.180954,20.076973,0
                -100.181357,20.075852,0
                -100.181997,20.075143,0
                -100.182813,20.074392,0
                -100.182983,20.073604,0
                -100.182628,20.073068,0
                -100.181689,20.072951,0
                -100.180337,20.072464,0
                -100.17922,20.072099,0
                -100.178337,20.071568,0
                -100.177571,20.070952,0
                -100.176866,20.070792,0
                -100.176399,20.071168,0
                -100.175819,20.072001,0
                -100.174996,20.071717,0
                -100.173826,20.072181,0
                -100.17295,20.072643,0
                -100.17237,20.073559,0
                -100.172317,20.074387,0
                -100.172324,20.075381,0
                -100.172684,20.076497,0
                -100.172396,20.077368,0
                -100.171697,20.077953,0
                -100.170759,20.078043,0
                -100.170403,20.077425,0
                -100.170163,20.076598,0
                -100.169922,20.075689,0
                -100.169214,20.075031,0
                -100.168392,20.074872,0
                -100.167746,20.07467,0
                -100.166984,20.0748,0
                -100.166637,20.075506,0
                -100.16635,20.076337,0
                -100.166144,20.076901,0
                -100.166091,20.077045,0
                -100.166062,20.077125,0
                -100.165303,20.077669,0
                -100.164366,20.077842,0
                -100.163719,20.077474,0
                -100.16383,20.076521,0
                -100.163297,20.075779,0
                -100.162591,20.07537,0
                -100.161535,20.075378,0
                -100.160537,20.07522,0
                -100.159654,20.074688,0
                -100.158539,20.074572,0
                -100.157775,20.074205,0
                -100.157828,20.073459,0
                -100.157822,20.072507,0
                -100.157466,20.072012,0
                -100.157306,20.071715,0
                -100.15711,20.071352,0
                -100.157221,20.070358,0
                -100.157449,20.069486,0
                -100.158736,20.068938,0
                -100.160606,20.068138,0
                -100.161659,20.067716,0
                -100.161888,20.066969,0
                -100.161591,20.066433,0
                -100.160361,20.066566,0
                -100.159774,20.066487,0
                -100.159008,20.065955,0
                -100.158476,20.065296,0
                -100.159176,20.064794,0
                -100.160113,20.064621,0
                -100.161342,20.064239,0
                -100.162335,20.063652,0
                -100.162211,20.062659,0
                -100.16162,20.062084,0
                -100.160502,20.06143,0
                -100.159269,20.061232,0
                -100.158388,20.060948,0
                -100.157856,20.060331,0
                -100.157322,20.059341,0
                -100.156263,20.058852,0
                -100.155086,20.058156,0
                -100.153675,20.057587,0
                -100.151442,20.056816,0
                -100.150797,20.05678,0
                -100.150152,20.056743,0
                -100.14936,20.056912,0
                -100.148747,20.057043,0
                -100.147693,20.057341,0
                -100.146874,20.057512,0
                -100.146164,20.056689,0
                -100.145572,20.0557,0
                -100.145039,20.055041,0
                -100.14427,20.053887,0
                -100.143559,20.052898,0
                -100.143199,20.051617,0
                -100.142778,20.050046,0
                -100.1416,20.049144,0
                -100.140483,20.048779,0
                -100.13925,20.048374,0
                -100.138837,20.048087,0
                -100.138072,20.047596,0
                -100.137713,20.04648,0
                -100.137766,20.045651,0
                -100.137994,20.04478,0
                -100.136934,20.044042,0
                -100.135642,20.043637,0
                -100.134233,20.043358,0
                -100.133351,20.042991,0
                -100.133228,20.042123,0
                -100.133164,20.041253,0
                -100.13263,20.040346,0
                -100.131924,20.039978,0
                -100.130751,20.039821,0
                -100.129636,20.039664,0
                -100.128871,20.039214,0
                -100.128633,20.03876,0
                -100.128104,20.038515,0
                -100.127401,20.038479,0
                -100.127046,20.037984,0
                -100.126458,20.03774,0
                -100.125932,20.037951,0
                -100.124998,20.038579,0
                -100.12418,20.038957,0
                -100.123274,20.039134,0
                -100.122492,20.039134,0
                -100.122188,20.039261,0
                -100.121543,20.039225,0
                -100.12072,20.038858,0
                -100.120073,20.038531,0
                -100.119544,20.038286,0
                -100.119016,20.038166,0
                -100.118603,20.037879,0
                -100.118718,20.037464,0
                -100.119065,20.036799,0
                -100.119296,20.036259,0
                -100.11935,20.035513,0
                -100.118992,20.034604,0
                -100.118813,20.034026,0
                -100.118341,20.033657,0
                -100.117695,20.033413,0
                -100.116932,20.033294,0
                -100.115822,20.033799,0
                -100.114885,20.033971,0
                -100.11342,20.034106,0
                -100.112659,20.034277,0
                -100.111779,20.034159,0
                -100.111074,20.033832,0
                -100.11066,20.033338,0
                -100.110596,20.03251,0
                -100.11059,20.031517,0
                -100.11035,20.03069,0
                -100.109584,20.030116,0
                -100.108585,20.029709,0
                -100.107587,20.029467,0
                -100.107174,20.029097,0
                -100.10635,20.028523,0
                -100.105642,20.027907,0
                -100.105404,20.027246,0
                -100.104754,20.026547,0
                -100.103757,20.026471,0
                -100.102527,20.026604,0
                -100.101882,20.026484,0
                -100.100649,20.026286,0
                -100.099767,20.025753,0
                -100.098882,20.024973,0
                -100.097762,20.023904,0
                -100.096938,20.023371,0
                -100.09641,20.023375,0
                -100.096059,20.023502,0
                -100.09624,20.024287,0
                -100.096713,20.024905,0
                -100.097127,20.025399,0
                -100.09754,20.025893,0
                -100.097837,20.02643,0
                -100.097899,20.027092,0
                -100.097608,20.027425,0
                -100.097139,20.027387,0
                -100.096611,20.027349,0
                -100.095847,20.026899,0
                -100.095141,20.02649,0
                -100.094315,20.02575,0
                -100.093725,20.025133,0
                -100.093078,20.024723,0
                -100.09202,20.024358,0
                -100.09102,20.023827,0
                -100.090312,20.023128,0
                -100.089954,20.022053,0
                -100.089184,20.020858,0
                -100.088828,20.020198,0
                -100.088415,20.019662,0
                -100.08841,20.018917,0
                -100.088991,20.018167,0
                -100.087402,20.017019,0
                -100.088329,20.015356,0
                -100.086656,20.013199,0
                -100.087043,20.015986,0
                -100.086801,20.016009,0
                -100.086575,20.01603,0
                -100.086244,20.019346,0
                -100.085304,20.01898,0
                -100.08485,20.021302,0
                -100.084501,20.021801,0
                -100.084249,20.02214,0
                -100.084036,20.022426,0
                -100.083985,20.023627,0
                -100.084285,20.02466,0
                -100.083181,20.026242,0
                -100.082544,20.027489,0
                -100.081373,20.027662,0
                -100.081438,20.028739,0
                -100.079922,20.029992,0
                -100.079211,20.029833,0
                -100.0785,20.029675,0
                -100.077398,20.029429,0
                -100.077034,20.029412,0
                -100.072062,20.029176,0
                -100.071953,20.03059,0
                -100.071899,20.031289,0
                -100.071311,20.031003,0
                -100.070666,20.030925,0
                -100.069671,20.031263,0
                -100.069024,20.030895,0
                -100.068556,20.031022,0
                -100.067796,20.031317,0
                -100.067325,20.031031,0
                -100.066562,20.030953,0
                -100.065921,20.031413,0
                -100.065394,20.031541,0
                -100.064932,20.032745,0
                -100.064818,20.03316,0
                -100.065509,20.035176,0
                -100.065952,20.036465,0
                -100.06267,20.036695,0
                -100.06244,20.037317,0
                -100.062092,20.038024,0
                -100.061512,20.03898,0
                -100.060868,20.03915,0
                -100.059579,20.039159,0
                -100.058061,20.040288,0
                -100.056242,20.039927,0
                -100.054772,20.039192,0
                -100.052717,20.038791,0
                -100.047428,20.036632,0
                -100.046368,20.035894,0
                -100.046129,20.03515,0
                -100.045247,20.034576,0
                -100.044081,20.035743,0
                -100.0432,20.035418,0
                -100.042909,20.03571,0
                -100.042458,20.038819,0
                -100.041043,20.040527,0
                -100.039688,20.042162,0
                -100.03949,20.0424,0
                -100.038908,20.043067,0
                -100.037453,20.044775,0
                -100.036873,20.045897,0
                -100.035942,20.047104,0
                -100.034717,20.048023,0
                -100.034313,20.049185,0
                -100.03385,20.050058,0
                -100.03321,20.050932,0
                -100.032455,20.052097,0
                -100.032109,20.053176,0
                -100.031061,20.05426,0
                -100.030129,20.055301,0
                -100.02943,20.056134,0
                -100.028437,20.05672,0
                -100.027326,20.057183,0
                -100.026158,20.057978,0
                -100.025988,20.058482,0
                -100.025639,20.059514,0
                -100.024935,20.059394,0
                -100.024531,20.060474,0
                -100.022483,20.060308,0
                -100.021597,20.060093,0
                -100.020688,20.060245,0
                -100.019997,20.060476,0
                -100.019281,20.060364,0
                -100.018807,20.06021,0
                -100.018334,20.060057,0
                -100.01724,20.059647,0
                -100.016355,20.059719,0
                -100.015689,20.059939,0
                -100.014571,20.059587,0
                -100.013212,20.059384,0
                -100.011877,20.059285,0
                -100.01103,20.059678,0
                -100.009918,20.060621,0
                -100.008468,20.061864,0
                -100.007224,20.062958,0
                -100.006874,20.06332,0
                -100.006524,20.063682,0
                -100.006189,20.063545,0
                -100.005855,20.063409,0
                -100.005383,20.063502,0
                -100.005766,20.065076,0
                -100.005783,20.065147,0
                -100.006009,20.066072,0
                -100.008997,20.078342,0
                -100.009067,20.078628,0
                -100.009263,20.079432,0
                -100.008854,20.080201,0
                -100.007752,20.080629,0
                -100.007738,20.080652,0
                -100.007623,20.080849,0
                -100.007186,20.081594,0
                -100.007189,20.082157,0
                -100.007191,20.0826,0
                -100.006722,20.083602,0
                -100.006623,20.08392,0
                -100.006432,20.084534,0
                -100.007353,20.086639,0
                -99.99674,20.086935,0
                -99.994335,20.083421,0
                -99.995413,20.077534,0
                -99.988877,20.075271,0
                -99.987187,20.074381,0
                -99.984222,20.073243,0
                -99.982374,20.072354,0
                -99.979629,20.071444,0
                -99.976762,20.070397,0
                -99.971389,20.067728,0
                -99.969438,20.065314,0
                -99.968135,20.064274,0
                -99.966663,20.063211,0
                -99.965798,20.06246,0
                -99.965359,20.062079,0
                -99.964484,20.061348,0
                -99.963109,20.060537,0
                -99.931767,20.061517,0
                -99.931574,20.061543,0
                -99.931274,20.061585,0
                -99.930458,20.061888,0
                -99.930233,20.06218,0
                -99.928429,20.064524,0
                -99.926521,20.067005,0
                -99.926315,20.067756,0
                -99.92618,20.06825,0
                -99.92575,20.06982,0
                -99.924879,20.072995,0
                -99.924548,20.074202,0
                -99.924218,20.075409,0
                -99.924052,20.076013,0
                -99.923454,20.078194,0
                -99.923217,20.07935,0
                -99.923178,20.079842,0
                -99.923138,20.080335,0
                -99.922925,20.081628,0
                -99.922923,20.081989,0
                -99.922922,20.082028,0
                -99.922922,20.082048,0
                -99.922922,20.082149,0
                -99.922921,20.082327,0
                -99.922927,20.08247,0
                -99.922966,20.082822,0
                -99.922995,20.083088,0
                -99.923015,20.083273,0
                -99.923032,20.083429,0
                -99.923069,20.08377,0
                -99.923092,20.083848,0
                -99.923126,20.08397,0
                -99.923338,20.084627,0
                -99.923605,20.085271,0
                -99.923784,20.08569,0
                -99.923962,20.086109,0
                -99.924281,20.086476,0
                -99.924599,20.086843,0
                -99.925129,20.087234,0
                -99.925149,20.087246,0
                -99.925174,20.087259,0
                -99.925197,20.087273,0
                -99.925275,20.087317,0
                -99.925324,20.087344,0
                -99.92536,20.087364,0
                -99.925468,20.087425,0
                -99.925602,20.0875,0
                -99.92564,20.087522,0
                -99.925657,20.087532,0
                -99.925804,20.087614,0
                -99.925881,20.087708,0
                -99.925902,20.087734,0
                -99.925936,20.087775,0
                -99.925955,20.087799,0
                -99.926029,20.087889,0
                -99.926237,20.088142,0
                -99.927654,20.08975,0
                -99.929012,20.091334,0
                -99.930319,20.093239,0
                -99.930666,20.09395,0
                -99.935783,20.102165,0
                -99.93852,20.10434,0
                -99.938405,20.104714,0
                -99.937939,20.105421,0
                -99.937474,20.10621,0
                -99.936776,20.107167,0
                -99.937723,20.108818,0
                -99.936922,20.11255,0
                -99.936525,20.115079,0
                -99.938233,20.116394,0
                -99.941174,20.118747,0
                -99.942239,20.1196,0
                -99.942183,20.120056,0
                -99.942071,20.12105,0
                -99.941489,20.121758,0
                -99.941257,20.122422,0
                -99.941144,20.123044,0
                -99.941381,20.123539,0
                -99.940972,20.123832,0
                -99.9408,20.12462,0
                -99.940715,20.124978,0
                -99.940513,20.125822,0
                -99.940546,20.126464,0
                -99.940579,20.127106,0
                -99.940645,20.128514,0
                -99.940828,20.129755,0
                -99.941072,20.131452,0
                -99.940547,20.132076,0
                -99.940023,20.132659,0
                -99.940087,20.133777,0
                -99.938001,20.136089,0
                -99.937926,20.136169,0
                -99.937453,20.136671,0
                -99.936311,20.137469,0
                -99.935266,20.138187,0
                -99.93439,20.13886,0
                -99.933793,20.139614,0
                -99.933124,20.140185,0
                -99.932189,20.140777,0
                -99.931361,20.141622,0
                -99.930411,20.142649,0
                -99.930103,20.143507,0
                -99.930111,20.144194,0
                -99.930517,20.14518,0
                -99.931082,20.145778,0
                -99.931588,20.146169,0
                -99.932189,20.146777,0
                -99.932813,20.147615,0
                -99.933488,20.148064,0
                -99.934453,20.148662,0
                -99.935225,20.1491,0
                -99.935671,20.14949,0
                -99.936054,20.150121,0
                -99.936185,20.150511,0
                -99.93633,20.150623,0
                -99.93681,20.151162,0
                -99.937347,20.151914,0
                -99.937739,20.152747,0
                -99.937645,20.153229,0
                -99.937636,20.153733,0
                -99.937698,20.154001,0
                -99.93776,20.15427,0
                -99.937606,20.154844,0
                -99.937469,20.15508,0
                -99.937331,20.155316,0
                -99.936717,20.155904,0
                -99.936574,20.156226,0
                -99.936564,20.156535,0
                -99.936649,20.157215,0
                -99.936682,20.157479,0
                -99.936742,20.158,0
                -99.936783,20.158733,0
                -99.93697,20.159602,0
                -99.937239,20.16023,0
                -99.937583,20.16104,0
                -99.937612,20.161739,0
                -99.937264,20.162257,0
                -99.936999,20.162568,0
                -99.936808,20.162913,0
                -99.936593,20.163476,0
                -99.936404,20.164142,0
                -99.936335,20.164806,0
                -99.936316,20.165665,0
                -99.936515,20.166454,0
                -99.936772,20.167059,0
                -99.936934,20.167757,0
                -99.93695,20.168444,0
                -99.93676,20.169075,0
                -99.936571,20.169764,0
                -99.936418,20.170544,0
                -99.936555,20.171116,0
                -99.93686,20.171526,0
                -99.937298,20.171923,0
                -99.938099,20.172421,0
                -99.938487,20.17259,0
                -99.939095,20.173032,0
                -99.939567,20.17312,0
                -99.940232,20.172967,0
                -99.940824,20.172767,0
                -99.941512,20.172465,0
                -99.941885,20.172221,0
                -99.942428,20.171942,0
                -99.942983,20.171721,0
                -99.943539,20.171499,0
                -99.943687,20.171956,0
                -99.943472,20.172484,0
                -99.9431,20.172979,0
                -99.942778,20.173818,0
                -99.942336,20.174703,0
                -99.942184,20.175529,0
                -99.942357,20.176238,0
                -99.942566,20.176729,0
                -99.942943,20.177081,0
                -99.943404,20.177261,0
                -99.944009,20.177314,0
                -99.94482,20.17733,0
                -99.945631,20.177405,0
                -99.946019,20.177425,0
                -99.946232,20.177641,0
                -99.946445,20.177857,0
                -99.946133,20.178271,0
                -99.945519,20.17878,0
                -99.94557,20.179203,0
                -99.945716,20.179385,0
                -99.945874,20.179579,0
                -99.94624,20.179954,0
                -99.946484,20.18025,0
                -99.946571,20.180673,0
                -99.946705,20.180855,0
                -99.947117,20.181024,0
                -99.947639,20.181169,0
                -99.948027,20.181292,0
                -99.948561,20.181529,0
                -99.949337,20.181867,0
                -99.949526,20.182031,0
                -99.949714,20.182196,0
                -99.949885,20.182447,0
                -99.950278,20.183451,0
                -99.950744,20.184353,0
                -99.95122,20.185082,0
                -99.951732,20.185754,0
                -99.952511,20.18647,0
                -99.95318,20.186934,0
                -99.953567,20.186886,0
                -99.954194,20.186583,0
                -99.954337,20.18625,0
                -99.954324,20.186044,0
                -99.954487,20.185035,0
                -99.95458,20.184324,0
                -99.954755,20.18328,0
                -99.954992,20.182569,0
                -99.95547,20.181477,0
                -99.955729,20.180421,0
                -99.955913,20.180752,0
                -99.956002,20.18153,0
                -99.956043,20.182206,0
                -99.955985,20.182561,0
                -99.955891,20.183111,0
                -99.955851,20.183638,0
                -99.955779,20.184578,0
                -99.955783,20.187155,0
                -99.955847,20.1875,0
                -99.956008,20.188368,0
                -99.956279,20.189064,0
                -99.956792,20.189805,0
                -99.957413,20.190568,0
                -99.957924,20.190987,0
                -99.958617,20.191452,0
                -99.959612,20.191834,0
                -99.960435,20.191999,0
                -99.960896,20.192087,0
                -99.961101,20.192063,0
                -99.961524,20.191945,0
                -99.961618,20.191532,0
                -99.961641,20.191257,0
                -99.961649,20.190662,0
                -99.961647,20.190306,0
                -99.96174,20.189687,0
                -99.961736,20.189057,0
                -99.961708,20.188474,0
                -99.962064,20.187222,0
                -99.962389,20.186934,0
                -99.963052,20.186619,0
                -99.963498,20.186215,0
                -99.963593,20.185917,0
                -99.963709,20.185148,0
                -99.963815,20.184632,0
                -99.963946,20.184299,0
                -99.964307,20.184033,0
                -99.964802,20.183857,0
                -99.965528,20.183806,0
                -99.966254,20.183823,0
                -99.966944,20.183818,0
                -99.967281,20.183598,0
                -99.967484,20.183184,0
                -99.967457,20.182726,0
                -99.967177,20.182465,0
                -99.966803,20.182571,0
                -99.96644,20.182585,0
                -99.96575,20.182499,0
                -99.965542,20.182202,0
                -99.96577,20.181949,0
                -99.96606,20.18174,0
                -99.966301,20.181578,0
                -99.966419,20.181085,0
                -99.966636,20.180946,0
                -99.966761,20.180911,0
                -99.966889,20.180875,0
                -99.967169,20.181205,0
                -99.967536,20.181644,0
                -99.968296,20.181391,0
                -99.969129,20.181144,0
                -99.970291,20.18109,0
                -99.970498,20.181363,0
                -99.970173,20.181686,0
                -99.969389,20.182024,0
                -99.968616,20.182259,0
                -99.968533,20.182523,0
                -99.96861,20.183164,0
                -99.968613,20.183657,0
                -99.968326,20.184334,0
                -99.967748,20.184751,0
                -99.967072,20.184997,0
                -99.966576,20.185012,0
                -99.965632,20.185054,0
                -99.965004,20.185173,0
                -99.964825,20.185541,0
                -99.964878,20.186273,0
                -99.963701,20.187794,0
                -99.963172,20.188336,0
                -99.963164,20.189001,0
                -99.963252,20.189504,0
                -99.963206,20.189951,0
                -99.963439,20.190385,0
                -99.963948,20.190633,0
                -99.96412,20.190975,0
                -99.964037,20.19125,0
                -99.963593,20.191884,0
                -99.96321,20.192528,0
                -99.963044,20.193091,0
                -99.963134,20.193914,0
                -99.963393,20.194691,0
                -99.963649,20.194999,0
                -99.964353,20.195291,0
                -99.965127,20.195354,0
                -99.966121,20.195633,0
                -99.966378,20.19602,0
                -99.966077,20.196286,0
                -99.965304,20.196544,0
                -99.964615,20.196686,0
                -99.963733,20.196796,0
                -99.963177,20.196961,0
                -99.962852,20.19733,0
                -99.9626,20.197584,0
                -99.962324,20.198032,0
                -99.962109,20.198378,0
                -99.962038,20.198676,0
                -99.962072,20.19912,0
                -99.96209,20.199351,0
                -99.962095,20.199578,0
                -99.962108,20.200244,0
                -99.962474,20.20078,0
                -99.962886,20.2008,0
                -99.963441,20.200567,0
                -99.963694,20.200381,0
                -99.964009,20.200368,0
                -99.964168,20.200653,0
                -99.964255,20.201122,0
                -99.964223,20.201798,0
                -99.963976,20.202865,0
                -99.963905,20.203169,0
                -99.963834,20.203473,0
                -99.963946,20.203976,0
                -99.964191,20.204455,0
                -99.964497,20.204888,0
                -99.964935,20.205389,0
                -99.965448,20.206129,0
                -99.965744,20.206986,0
                -99.965627,20.207559,0
                -99.965472,20.208076,0
                -99.965356,20.208787,0
                -99.965238,20.209383,0
                -99.964992,20.210588,0
                -99.964818,20.211861,0
                -99.964247,20.21348,0
                -99.963867,20.214674,0
                -99.963838,20.215854,0
                -99.963962,20.216265,0
                -99.964789,20.216854,0
                -99.965724,20.217477,0
                -99.966574,20.217837,0
                -99.968247,20.218328,0
                -99.968661,20.218703,0
                -99.968519,20.21922,0
                -99.968352,20.219691,0
                -99.968393,20.220343,0
                -99.968614,20.220937,0
                -99.968897,20.22153,0
                -99.969275,20.221986,0
                -99.969713,20.222429,0
                -99.969995,20.223,0
                -99.970412,20.223924,0
                -99.970768,20.224723,0
                -99.971077,20.225729,0
                -99.971409,20.226596,0
                -99.971851,20.227567,0
                -99.972183,20.228354,0
                -99.972394,20.229166,0
                -99.972688,20.229691,0
                -99.973213,20.230431,0
                -99.973609,20.231825,0
                -99.973299,20.232584,0
                -99.973024,20.233113,0
                -99.97287,20.233698,0
                -99.972864,20.234683,0
                -99.972869,20.235473,0
                -99.973178,20.236421,0
                -99.973665,20.236956,0
                -99.974056,20.23756,0
                -99.974411,20.238176,0
                -99.974934,20.238595,0
                -99.975479,20.238626,0
                -99.976374,20.238424,0
                -99.977366,20.238371,0
                -99.978227,20.23869,0
                -99.978105,20.237987,0
                -99.978102,20.23749,0
                -99.978567,20.236576,0
                -99.978972,20.235538,0
                -99.979791,20.235077,0
                -99.980841,20.234035,0
                -99.98131,20.233825,0
                -99.982074,20.233986,0
                -99.982953,20.233773,0
                -99.983716,20.23381,0
                -99.984949,20.23376,0
                -99.986124,20.234001,0
                -99.986479,20.234579,0
                -99.986952,20.235114,0
                -99.987421,20.234987,0
                -99.987946,20.234445,0
                -99.988295,20.233863,0
                -99.988526,20.233158,0
                -99.988523,20.232619,0
                -99.989046,20.231787,0
                -99.98963,20.231328,0
                -99.993439,20.230144,0
                -99.993489,20.228777,0
                -99.996412,20.226729,0
                -99.998459,20.225515,0
                -99.999518,20.225798,0
                -100.00069,20.2255,0
                -100.001974,20.224249,0
                -100.002967,20.223415,0
                -100.003959,20.222497,0
                -100.004306,20.221542,0
                -100.005825,20.220414,0
                -100.006875,20.219413,0
                -100.008694,20.219319,0
                -100.009801,20.217945,0
                -100.010498,20.216656,0
                -100.011313,20.215574,0
                -100.012246,20.214491,0
                -100.012594,20.213826,0
                -100.018093,20.210767,0
                -100.018026,20.209484,0
                -100.018787,20.209064,0
                -100.019431,20.20877,0
                -100.020071,20.207855,0
                -100.02077,20.207105,0
                -100.022414,20.207094,0
                -100.023884,20.207664,0
                -100.024822,20.207492,0
                -100.025583,20.207156,0
                -100.025871,20.206243,0
                -100.026931,20.206816,0
                -100.027993,20.20772,0
                -100.030352,20.209775,0
                -100.039969,20.218034,0
                -100.037694,20.220328,0
                -100.035831,20.222866,0
                -100.035545,20.224152,0
                -100.038137,20.225584,0
                -100.044026,20.228899,0
                -100.044318,20.22869,0
                -100.044611,20.228481,0
                -100.045253,20.227897,0
                -100.046188,20.227311,0
                -100.046947,20.226643,0
                -100.047647,20.225934,0
                -100.051838,20.229716,0
                -100.05359,20.22842,0
                -100.048931,20.224807,0
                -100.050215,20.223598,0
                -100.051387,20.223217,0
                -100.052795,20.223166,0
                -100.053672,20.22258,0
                -100.054723,20.221703,0
                -100.055659,20.221324,0
                -100.05671,20.220447,0
                -100.060068,20.222371,0
                -100.067486,20.226047,0
                -100.068722,20.226577,0
                -100.068374,20.227201,0
                -100.068025,20.227824,0
                -100.066513,20.230071,0
                -100.056797,20.243763,0
                -100.073727,20.247705,0
                -100.075786,20.248395,0
                -100.083649,20.257078,0
                -100.084526,20.256616,0
                -100.085526,20.256858,0
                -100.086527,20.257348,0
                -100.087411,20.257921,0
                -100.087826,20.258581,0
                -100.088173,20.258703,0
                -100.094769,20.261017,0
                -100.092732,20.263806,0
                -100.090459,20.26639,0
                -100.088071,20.269305,0
                -100.086441,20.271429,0
                -100.082891,20.276299,0
                -100.077657,20.284204,0
                -100.075968,20.286328,0
                -100.078337,20.2895,0
                -100.080163,20.290481,0
                -100.082689,20.290588,0
                -100.08208,20.296473,0
                -100.078028,20.296418,0
                -100.077272,20.297583,0
                -100.076572,20.298251,0
                -100.075462,20.299169,0
                -100.076583,20.29999,0
                -100.077763,20.300851,0
                -100.07812,20.301594,0
                -100.078538,20.302709,0
                -100.078957,20.303949,0
                -100.07926,20.305438,0
                -100.079972,20.306551,0
                -100.080916,20.30729,0
                -100.082213,20.308109,0
                -100.083335,20.309012,0
                -100.083469,20.311662,0
                -100.083891,20.313274,0
                -100.083957,20.314433,0
                -100.08296,20.314606,0
                -100.082551,20.315023,0
                -100.082263,20.315811,0
                -100.082152,20.316806,0
                -100.086556,20.316775,0
                -100.086375,20.316031,0
                -100.086077,20.315329,0
                -100.085953,20.314336,0
                -100.086533,20.313255,0
                -100.087285,20.311428,0
                -100.087802,20.309644,0
                -100.087734,20.308236,0
                -100.087255,20.30679,0
                -100.086778,20.305592,0
                -100.086477,20.304518,0
                -100.086879,20.303024,0
                -100.087281,20.301737,0
                -100.088095,20.300365,0
                -100.088913,20.299738,0
                -100.090378,20.299272,0
                -100.090375,20.2989,0
                -100.091257,20.298976,0
                -100.092022,20.299343,0
                -100.097024,20.300882,0
                -100.097285,20.301141,0
                -100.097032,20.301959,0
                -100.096956,20.302188,0
                -100.09667,20.303059,0
                -100.096048,20.302915,0
                -100.095812,20.303569,0
                -100.095696,20.303889,0
                -100.095176,20.305331,0
                -100.094423,20.305521,0
                -100.09362,20.307906,0
                -100.093671,20.308007,0
                -100.094818,20.30951,0
                -100.0949,20.309619,0
                -100.093655,20.313096,0
                -100.093119,20.3146,0
                -100.093251,20.314599,0
                -100.096758,20.314547,0
                -100.097803,20.314532,0
                -100.097884,20.314531,0
                -100.098023,20.314528,0
                -100.098346,20.314524,0
                -100.099452,20.314508,0
                -100.099584,20.314506,0
                -100.09978,20.314504,0
                -100.111939,20.314325,0
                -100.112172,20.314352,0
                -100.112695,20.314395,0
                -100.12368,20.316909,0
                -100.123712,20.316916,0
                -100.123857,20.316949,0
                -100.125464,20.317313,0
                -100.126358,20.317543,0
                -100.127852,20.317928,0
                -100.130358,20.318574,0
                -100.130645,20.318617,0
                -100.130627,20.318734,0
                -100.133007,20.319333,0
                -100.133044,20.319279,0
                -100.133209,20.319343,0
                -100.135379,20.320185,0
                -100.135454,20.32004,0
                -100.135519,20.319769,0
                -100.13569,20.319497,0
                -100.135831,20.319225,0
                -100.136078,20.318961,0
                -100.136364,20.318742,0
                -100.13665,20.318533,0
                -100.136936,20.318341,0
                -100.137193,20.318132,0
                -100.137508,20.318012,0
                -100.137616,20.317955,0
                -100.137723,20.317899,0
                -100.142102,20.322091,0
                -100.143293,20.323233,0
                -100.143483,20.322979,0
                -100.143578,20.322924,0
                -100.143865,20.322795,0
                -100.144151,20.322676,0
                -100.144447,20.322512,0
                -100.144724,20.322392,0
                -100.145106,20.322327,0
                -100.145489,20.322324,0
                -100.145872,20.322321,0
                -100.146256,20.32231,0
                -100.146544,20.322416,0
                -100.146832,20.322496,0
                -100.147215,20.322575,0
                -100.147392,20.322488,0
                -100.147568,20.322401,0
                -100.148622,20.321862,0
                -100.148705,20.321919,0
                -100.148316,20.322378,0
                -100.14973,20.32303,0
                -100.150732,20.323644,0
                -100.151618,20.324341,0
                -100.152855,20.324912,0
                -100.15421,20.325564,0
                -100.155271,20.326136,0
                -100.156038,20.326627,0
                -100.157042,20.327407,0
                -100.158339,20.32806,0
                -100.159342,20.328798,0
                -100.160521,20.329369,0
                -100.16164,20.329816,0
                -100.162759,20.330305,0
                -100.163351,20.331004,0
                -100.164063,20.332076,0
                -100.165066,20.332772,0
                -100.166305,20.333467,0
                -100.167191,20.334247,0
                -100.167782,20.334781,0
                -100.168316,20.335564,0
                -100.16873,20.336016,0
                -100.169204,20.336592,0
                -100.169738,20.337334,0
                -100.17062,20.337534,0
                -100.171267,20.337571,0
                -100.171797,20.337815,0
                -100.172505,20.338307,0
                -100.172802,20.33876,0
                -100.174153,20.338709,0
                -100.174861,20.3392,0
                -100.175217,20.339695,0
                -100.175572,20.340106,0
                -100.175983,20.340144,0
                -100.173851,20.345917,0
                -100.172983,20.347787,0
                -100.172336,20.34775,0
                -100.170112,20.348885,0
                -100.172004,20.350651,0
                -100.173772,20.351508,0
                -100.174365,20.352249,0
                -100.177216,20.3567,0
                -100.181167,20.358906,0
                -100.183399,20.358848,0
                -100.186774,20.361635,0
                -100.190225,20.361767,0
                -100.191044,20.360943,0
                -100.192389,20.363384,0
                -100.193748,20.363953,0
                -100.196469,20.366466,0
                -100.199698,20.360373,0
                -100.237582,20.358826,0
                -100.248657,20.358372,0
                -100.248907,20.358361,0
                -100.249158,20.358351,0
                -100.253784,20.358153,0
                -100.254604,20.359938,0
                -100.255423,20.361724,0
                -100.252957,20.363835,0
                -100.258172,20.370317,0
                -100.25066,20.374203,0
                -100.25165,20.380677,0
                -100.251355,20.383,0
                -100.251795,20.384288,0
                -100.251807,20.384323,0
                -100.251823,20.38437,0
                -100.248069,20.384032,0
                -100.243669,20.384439,0
                -100.243435,20.383858,0
                -100.233873,20.38355,0
                -100.230232,20.387401,0
                -100.23017,20.390472,0
                -100.234214,20.393217,0
                -100.238733,20.39223,0
                -100.245714,20.391911,0
                -100.245713,20.393363,0
                -100.247118,20.395647,0
                -100.250694,20.399138,0
                -100.251338,20.400011,0
                -100.252334,20.401465,0
                -100.252374,20.401444,0
                -100.253625,20.400803,0
                -100.253159,20.397691,0
                -100.265963,20.394479,0
                -100.265984,20.394547,0
                -100.266003,20.394612,0
                -100.26614,20.395079,0
                -100.26892,20.394235,0
                -100.269108,20.394178,0
                -100.269192,20.394153,0
                -100.269005,20.393577,0
                -100.269557,20.393541,0
                -100.270002,20.39358,0
                -100.270098,20.393588,0
                -100.270184,20.393576,0
                -100.270647,20.393513,0
                -100.270739,20.3935,0
                -100.270807,20.39374,0
                -100.270835,20.393838,0
                -100.270865,20.393943,0
                -100.27154,20.393707,0
                -100.272696,20.397226,0
                -100.276345,20.397409,0
                -100.2778,20.397483,0
                -100.278443,20.399931,0
                -100.279731,20.403087,0
                -100.280083,20.403004,0
                -100.280494,20.403212,0
                -100.280786,20.404831,0
                -100.281138,20.405039,0
                -100.281137,20.406035,0
                -100.280138,20.407319,0
                -100.280197,20.407776,0
                -100.280607,20.408523,0
                -100.281251,20.409561,0
                -100.281016,20.410017,0
                -100.280664,20.410017,0
                -100.280312,20.410929,0
                -100.27949,20.41155,0
                -100.278139,20.412502,0
                -100.279312,20.413583,0
                -100.279395,20.413863,0
                -100.279546,20.414371,0
                -100.279898,20.414994,0
                -100.280249,20.415493,0
                -100.280718,20.415908,0
                -100.278899,20.416569,0
                -100.27837,20.417149,0
                -100.278511,20.41746,0
                -100.286337,20.434711,0
                -100.291371,20.440797,0
                -100.29253,20.442198,0
                -100.29257,20.442246,0
                -100.293492,20.443361,0
                -100.293581,20.443469,0
                -100.293725,20.443642,0
                -100.293998,20.444105,0
                -100.294416,20.444813,0
                -100.295705,20.446999,0
                -100.295739,20.447057,0
                -100.296096,20.447661,0
                -100.297007,20.449206,0
                -100.299003,20.448338,0
                -100.299061,20.449624,0
                -100.298738,20.449741,0
                -100.297007,20.450368,0
                -100.292303,20.450361,0
                -100.292088,20.450361,0
                -100.288668,20.447905,0
                -100.283395,20.446491,0
                -100.272828,20.450331,0
                -100.261764,20.456343,0
                -100.259734,20.457446,0
                -100.260495,20.45948,0
                -100.262315,20.459192,0
                -100.263494,20.460542,0
                -100.263839,20.460937,0
                -100.262158,20.461343,0
                -100.259906,20.461885,0
                -100.256503,20.461257,0
                -100.25621,20.460427,0
                -100.255799,20.460551,0
                -100.255565,20.460011,0
                -100.254273,20.460216,0
                -100.252924,20.45955,0
                -100.250812,20.458551,0
                -100.247818,20.459043,0
                -100.250277,20.465478,0
                -100.250569,20.467055,0
                -100.250803,20.468134,0
                -100.25323,20.477609,0
                -100.253303,20.477894,0
                -100.253376,20.478179,0
                -100.249199,20.488171,0
                -100.247907,20.488666,0
                -100.24685,20.489162,0
                -100.246027,20.490157,0
                -100.240496,20.503506,0
                -100.232099,20.504321,0
                -100.22957,20.508839,0
                -100.228922,20.511036,0
                -100.220164,20.519442,0
                -100.221688,20.521893,0
                -100.222096,20.524673,0
                -100.224091,20.526461,0
                -100.229342,20.525053,0
                -100.230081,20.524854,0
                -100.230219,20.52522,0
                -100.230235,20.525264,0
                -100.232613,20.531585,0
                -100.224425,20.53426,0
                -100.223329,20.534618,0
                -100.221665,20.535161,0
                -100.220664,20.535458,0
                -100.220607,20.535297,0
                -100.220056,20.535471,0
                -100.220171,20.53578,0
                -100.220189,20.535834,0
                -100.218147,20.536464,0
                -100.218083,20.536494,0
                -100.217685,20.536683,0
                -100.217612,20.536717,0
                -100.21749,20.5367,0
                -100.214417,20.536258,0
                -100.214165,20.536222,0
                -100.201977,20.534471,0
                -100.19255,20.533411,0
                -100.193906,20.529514,0
                -100.195197,20.530181,0
                -100.206422,20.522071,0
                -100.203394,20.51749,0
                -100.178589,20.524955,0
                -100.17727,20.525352,0
                -100.177226,20.525411,0
                -100.176546,20.526324,0
                -100.176464,20.526434,0
                -100.176435,20.526473,0
                -100.176387,20.526537,0
                -100.176339,20.526601,0
                -100.175361,20.527913,0
                -100.175788,20.528471,0
                -100.179233,20.532961,0
                -100.180555,20.529842,0
                -100.184566,20.532109,0
                -100.180708,20.534504,0
                -100.18227,20.537221,0
                -100.182706,20.538872,0
                -100.183052,20.540501,0
                -100.183582,20.542122,0
                -100.183808,20.54279,0
                -100.183699,20.542809,0
                -100.183807,20.543151,0
                -100.184073,20.543981,0
                -100.184096,20.544047,0
                -100.184222,20.544001,0
                -100.18424,20.544099,0
                -100.184385,20.544581,0
                -100.184453,20.544832,0
                -100.184597,20.545336,0
                -100.18494,20.546386,0
                -100.185712,20.549185,0
                -100.18587,20.54976,0
                -100.185978,20.550152,0
                -100.186202,20.551082,0
                -100.186887,20.55319,0
                -100.191116,20.552079,0
                -100.199959,20.57255,0
                -100.196608,20.574452,0
                -100.199576,20.579534,0
                -100.202169,20.583974,0
                -100.20193,20.584035,0
                -100.201523,20.584139,0
                -100.200525,20.584221,0
                -100.200261,20.58422,0
                -100.199997,20.58422,0
                -100.19941,20.584261,0
                -100.198646,20.58455,0
                -100.19388,20.588811,0
                -100.193878,20.589723,0
                -100.191883,20.589637,0
                -100.187447,20.60144,0
                -100.187298,20.60199,0
                -100.186943,20.603301,0
                -100.189121,20.605304,0
                -100.189458,20.609025,0
                -100.189175,20.609311,0
                -100.184584,20.613962,0
                -100.184753,20.614661,0
                -100.19415,20.614562,0
                -100.194583,20.615924,0
                -100.200055,20.612223,0
                -100.201982,20.610866,0
                -100.20217,20.610689,0
                -100.202276,20.61059,0
                -100.202675,20.610273,0
                -100.202717,20.610233,0
                -100.203174,20.610788,0
                -100.203729,20.611506,0
                -100.203973,20.611844,0
                -100.204392,20.612094,0
                -100.204953,20.612432,0
                -100.205835,20.612957,0
                -100.206576,20.613358,0
                -100.207431,20.61377,0
                -100.208081,20.614058,0
                -100.208583,20.614265,0
                -100.209303,20.614537,0
                -100.209948,20.614757,0
                -100.210622,20.614963,0
                -100.220451,20.617312,0
                -100.233894,20.620523,0
                -100.241026,20.622215,0
                -100.247278,20.62363,0
                -100.247325,20.623641,0
                -100.247368,20.62365,0
                -100.247574,20.623697,0
                -100.248118,20.6237,0
                -100.247543,20.62331,0
                -100.247499,20.623281,0
                -100.247454,20.62325,0
                -100.246583,20.62266,0
                -100.246588,20.620712,0
                -100.247411,20.618977,0
                -100.249347,20.617124,0
                -100.250228,20.615762,0
                -100.250817,20.614192,0
                -100.25275,20.613416,0
                -100.25268,20.617637,0
                -100.254258,20.618142,0
                -100.255716,20.619888,0
                -100.256712,20.619603,0
                -100.256221,20.617997,0
                -100.254914,20.613716,0
                -100.256907,20.613099,0
                -100.256357,20.61173,0
                -100.257262,20.611474,0
                -100.260206,20.610475,0
                -100.26043,20.610485,0
                -100.260657,20.610552,0
                -100.260834,20.610553,0
                -100.26111,20.610403,0
                -100.261391,20.610209,0
                -100.26281,20.612054,0
                -100.26382,20.61347,0
                -100.265391,20.615859,0
                -100.266618,20.617725,0
                -100.267036,20.617644,0
                -100.269158,20.617318,0
                -100.272013,20.616992,0
                -100.273989,20.616766,0
                -100.274955,20.616588,0
                -100.275034,20.61658,0
                -100.275221,20.616583,0
                -100.275833,20.616607,0
                -100.27642,20.61662,0
                -100.276864,20.616631,0
                -100.276913,20.616638,0
                -100.277404,20.616656,0
                -100.27743,20.616257,0
                -100.277441,20.616078,0
                -100.277382,20.615236,0
                -100.277322,20.614374,0
                -100.277295,20.613977,0
                -100.277304,20.612772,0
                -100.277332,20.611306,0
                -100.277466,20.609433,0
                -100.277535,20.607905,0
                -100.277667,20.606387,0
                -100.277897,20.606414,0
                -100.278169,20.606447,0
                -100.278585,20.606526,0
                -100.279026,20.606608,0
                -100.279371,20.606672,0
                -100.279644,20.606718,0
                -100.27979,20.60673,0
                -100.279925,20.606736,0
                -100.280036,20.606725,0
                -100.280225,20.606694,0
                -100.280405,20.606646,0
                -100.280658,20.606552,0
                -100.280971,20.606442,0
                -100.281289,20.606327,0
                -100.281466,20.606268,0
                -100.28155,20.606247,0
                -100.281635,20.606226,0
                -100.281802,20.606208,0
                -100.281905,20.606196,0
                -100.282002,20.606202,0
                -100.282119,20.606215,0
                -100.282266,20.606233,0
                -100.282549,20.606267,0
                -100.283443,20.606373,0
                -100.284277,20.606473,0
                -100.284323,20.606508,0
                -100.284368,20.606533,0
                -100.284418,20.606549,0
                -100.284473,20.606555,0
                -100.284519,20.606549,0
                -100.284554,20.606529,0
                -100.284583,20.606515,0
                -100.284863,20.606547,0
                -100.285102,20.606564,0
                -100.285268,20.606561,0
                -100.285371,20.606548,0
                -100.285574,20.606519,0
                -100.285725,20.606483,0
                -100.285992,20.606398,0
                -100.286401,20.606246,0
                -100.286578,20.606183,0
                -100.287072,20.606006,0
                -100.287752,20.605765,0
                -100.288033,20.605662,0
                -100.28817,20.605612,0
                -100.288262,20.605572,0
                -100.288312,20.60555,0
                -100.288466,20.605471,0
                -100.288613,20.605374,0
                -100.289173,20.604953,0
                -100.289624,20.604602,0
                -100.2902,20.604153,0
                -100.290806,20.603684,0
                -100.291093,20.603455,0
                -100.291302,20.603284,0
                -100.291501,20.603081,0
                -100.291665,20.602855,0
                -100.291795,20.602604,0
                -100.291886,20.602372,0
                -100.292119,20.601769,0
                -100.292172,20.601631,0
                -100.292386,20.601064,0
                -100.292532,20.600684,0
                -100.292774,20.600068,0
                -100.292872,20.599809,0
                -100.293021,20.599414,0
                -100.293224,20.598887,0
                -100.293364,20.598521,0
                -100.293411,20.598401,0
                -100.293173,20.598338,0
                -100.293529,20.597414,0
                -100.293682,20.5972,0
                -100.293878,20.59699,0
                -100.293933,20.596842,0
                -100.294226,20.596058,0
                -100.294556,20.59522,0
                -100.295198,20.593593,0
                -100.295766,20.592138,0
                -100.296063,20.591228,0
                -100.296183,20.590534,0
                -100.29619,20.589325,0
                -100.300074,20.589264,0
                -100.300365,20.589845,0
                -100.300189,20.590134,0
                -100.300247,20.590424,0
                -100.300539,20.590425,0
                -100.301416,20.590512,0
                -100.302061,20.59006,0
                -100.302646,20.590104,0
                -100.302822,20.589691,0
                -100.303817,20.589613,0
                -100.30377,20.586143,0
                -100.301429,20.585131,0
                -100.301674,20.580869,0
                -100.300145,20.578537,0
                -100.298352,20.575803,0
                -100.297655,20.573937,0
                -100.297636,20.573559,0
                -100.297504,20.573191,0
                -100.297375,20.572781,0
                -100.297129,20.572372,0
                -100.297002,20.572044,0
                -100.298028,20.570478,0
                -100.298187,20.570235,0
                -100.29977,20.56989,0
                -100.30375,20.569719,0
                -100.304077,20.569717,0
                -100.305095,20.569712,0
                -100.307618,20.569729,0
                -100.309334,20.569845,0
                -100.309684,20.569869,0
                -100.310669,20.569941,0
                -100.311535,20.570066,0
                -100.312466,20.570234,0
                -100.313397,20.57035,0
                -100.314873,20.570693,0
                -100.315081,20.570741,0
                -100.315148,20.570757,0
                -100.316061,20.57096,0
                -100.316835,20.571137,0
                -100.317318,20.571248,0
                -100.317551,20.571307,0
                -100.317821,20.571383,0
                -100.318,20.571424,0
                -100.31948,20.571766,0
                -100.320523,20.572038,0
                -100.32179,20.572317,0
                -100.322591,20.57253,0
                -100.322732,20.572561,0
                -100.323309,20.572691,0
                -100.324008,20.572869,0
                -100.324652,20.573012,0
                -100.324691,20.57302,0
                -100.325423,20.573182,0
                -100.327035,20.573546,0
                -100.328451,20.573886,0
                -100.328647,20.573928,0
                -100.329697,20.574157,0
                -100.329811,20.574182,0
                -100.33049,20.574332,0
                -100.330737,20.574387,0
                -100.33173,20.574605,0
                -100.332158,20.574654,0
                -100.332651,20.57472,0
                -100.33386,20.574792,0
                -100.334921,20.574895,0
                -100.335789,20.57523,0
                -100.335838,20.575258,0
                -100.338139,20.576572,0
                -100.338769,20.576932,0
                -100.339549,20.577394,0
                -100.339966,20.577608,0
                -100.340294,20.577815,0
                -100.340569,20.578031,0
                -100.34078,20.578179,0
                -100.341058,20.578346,0
                -100.341299,20.578518,0
                -100.34133,20.57854,0
                -100.341398,20.578601,0
                -100.342072,20.579208,0
                -100.342248,20.579367,0
                -100.34283,20.580116,0
                -100.343168,20.580757,0
                -100.343331,20.581619,0
                -100.343161,20.583832,0
                -100.343156,20.583899,0
                -100.343259,20.584458,0
                -100.343499,20.585201,0
                -100.343775,20.585674,0
                -100.343964,20.585999,0
                -100.344152,20.586322,0
                -100.344259,20.58643,0
                -100.344592,20.586759,0
                -100.344969,20.587007,0
                -100.345455,20.587247,0
                -100.345814,20.587371,0
                -100.346199,20.587458,0
                -100.346514,20.587505,0
                -100.346904,20.587527,0
                -100.347459,20.587536,0
                -100.348198,20.587537,0
                -100.349019,20.587646,0
                -100.350499,20.587946,0
                -100.350777,20.588012,0
                -100.351226,20.588067,0
                -100.351655,20.588064,0
                -100.352228,20.588016,0
                -100.352622,20.58793,0
                -100.353057,20.587775,0
                -100.353122,20.587752,0
                -100.353448,20.587598,0
                -100.353844,20.587347,0
                -100.354365,20.586934,0
                -100.354997,20.586043,0
                -100.355362,20.585351,0
                -100.355392,20.585293,0
                -100.355401,20.585085,0
                -100.355196,20.585073,0
                -100.355171,20.585072,0
                -100.35508,20.585067,0
                -100.355011,20.585063,0
                -100.349658,20.584757,0
                -100.348819,20.583937,0
                -100.348677,20.584033,0
                -100.348635,20.584067,0
                -100.348116,20.584672,0
                -100.347878,20.584827,0
                -100.346795,20.585129,0
                -100.345738,20.584313,0
                -100.34556,20.584224,0
                -100.345302,20.583996,0
                -100.345356,20.583718,0
                -100.345472,20.583113,0
                -100.345484,20.583098,0
                -100.345377,20.582358,0
                -100.345485,20.582111,0
                -100.346882,20.581488,0
                -100.346797,20.581184,0
                -100.346741,20.580981,0
                -100.345476,20.579347,0
                -100.345735,20.579234,0
                -100.344494,20.578119,0
                -100.343879,20.577567,0
                -100.343875,20.577564,0
              </coordinates>
            </LinearRing>
          </outerBoundaryIs>
        </Polygon>
      </Placemark>
      <Placemark>
        <name>10</name>
        <description><![CDATA[Descripción: Distrito Local 10<br>ID: 10<br>ENTIDAD: 22<br>DISTRITO_L: 10<br>TIPO: 0<br>URL: https://ieeq.mx/elecciones/cartografia-electoral/Dto/10/#Res<br>Geometry1_: 1=X=f]]></description>
        <styleUrl>#poly-01579B-4000-168</styleUrl>
        <ExtendedData>
          <Data name="Descripción">
            <value>Distrito Local 10</value>
          </Data>
          <Data name="ID">
            <value>10</value>
          </Data>
          <Data name="ENTIDAD">
            <value>22</value>
          </Data>
          <Data name="DISTRITO_L">
            <value>10</value>
          </Data>
          <Data name="TIPO">
            <value>0</value>
          </Data>
          <Data name="URL">
            <value>https://ieeq.mx/elecciones/cartografia-electoral/Dto/10/#Res</value>
          </Data>
          <Data name="Geometry1_">
            <value>1=X=f</value>
          </Data>
        </ExtendedData>
        <Polygon>
          <outerBoundaryIs>
            <LinearRing>
              <tessellate>1</tessellate>
              <coordinates>
                -99.862531,20.490764,0
                -99.863529,20.490481,0
                -99.866993,20.489179,0
                -99.86752,20.489307,0
                -99.868166,20.489022,0
                -99.86679,20.483796,0
                -99.866032,20.483046,0
                -99.865593,20.483979,0
                -99.862498,20.490579,0
                -99.845494,20.468581,0
                -99.846674,20.467223,0
                -99.852949,20.466107,0
                -99.858498,20.458858,0
                -99.860137,20.458993,0
                -99.860778,20.459494,0
                -99.86154,20.459499,0
                -99.862185,20.459462,0
                -99.86394,20.459847,0
                -99.867025,20.463138,0
                -99.868303,20.465134,0
                -99.873577,20.464839,0
                -99.874633,20.464514,0
                -99.875509,20.465059,0
                -99.877843,20.466565,0
                -99.886894,20.461408,0
                -99.904457,20.463304,0
                -99.90592,20.463521,0
                -99.907677,20.463698,0
                -99.911891,20.464305,0
                -99.91296,20.461704,0
                -99.913056,20.45479,0
                -99.912413,20.454579,0
                -99.91248,20.453048,0
                -99.913007,20.453134,0
                -99.913052,20.444854,0
                -99.913228,20.444464,0
                -99.913637,20.444253,0
                -99.926316,20.437692,0
                -99.927397,20.437122,0
                -99.935066,20.433086,0
                -99.935288,20.432969,0
                -99.937469,20.4324,0
                -99.938858,20.431692,0
                -99.938937,20.431653,0
                -99.93893,20.43163,0
                -99.937551,20.427679,0
                -99.940691,20.426437,0
                -99.943477,20.425406,0
                -99.946408,20.424258,0
                -99.951642,20.422266,0
                -99.953864,20.422504,0
                -99.957189,20.423055,0
                -99.957279,20.42307,0
                -99.959845,20.423659,0
                -99.961281,20.423988,0
                -99.961371,20.424009,0
                -99.965138,20.424051,0
                -99.966075,20.423805,0
                -99.969136,20.423001,0
                -99.969176,20.422982,0
                -99.969298,20.422815,0
                -99.968544,20.419814,0
                -99.967485,20.42003,0
                -99.966576,20.419444,0
                -99.965361,20.418769,0
                -99.964065,20.418356,0
                -99.96399,20.418354,0
                -99.964405,20.417668,0
                -99.966073,20.415008,0
                -99.967949,20.411918,0
                -99.968193,20.410869,0
                -99.968224,20.410615,0
                -99.968241,20.410514,0
                -99.968298,20.410198,0
                -99.968356,20.409851,0
                -99.968372,20.409784,0
                -99.968471,20.409168,0
                -99.968628,20.408233,0
                -99.96871,20.407782,0
                -99.968801,20.40728,0
                -99.968855,20.406935,0
                -99.968948,20.40633,0
                -99.969028,20.405886,0
                -99.969115,20.405372,0
                -99.969271,20.404421,0
                -99.969425,20.403575,0
                -99.969597,20.402736,0
                -99.969778,20.401889,0
                -99.969971,20.401064,0
                -99.970518,20.401168,0
                -99.97103,20.401272,0
                -99.97164,20.401246,0
                -99.971993,20.401213,0
                -99.9722,20.401139,0
                -99.972405,20.39922,0
                -99.972457,20.398731,0
                -99.972528,20.398059,0
                -99.97257,20.397665,0
                -99.972583,20.397555,0
                -99.972733,20.39648,0
                -99.972809,20.395933,0
                -99.972889,20.395466,0
                -99.97307,20.394334,0
                -99.973265,20.393154,0
                -99.973444,20.392066,0
                -99.973571,20.391298,0
                -99.973653,20.3908,0
                -99.973742,20.390808,0
                -99.974338,20.387359,0
                -99.974277,20.387352,0
                -99.974482,20.386027,0
                -99.974578,20.385428,0
                -99.974665,20.384841,0
                -99.976101,20.385292,0
                -99.976612,20.385455,0
                -99.976761,20.384882,0
                -99.977695,20.385068,0
                -99.977717,20.385073,0
                -99.977467,20.385761,0
                -99.977372,20.386027,0
                -99.977335,20.386134,0
                -99.977231,20.38637,0
                -99.976965,20.387011,0
                -99.976847,20.38763,0
                -99.977543,20.387709,0
                -99.97763,20.387718,0
                -99.979337,20.387899,0
                -99.979843,20.387957,0
                -99.980564,20.38803,0
                -99.981136,20.388076,0
                -99.9819,20.388128,0
                -99.981934,20.388128,0
                -99.982706,20.38813,0
                -99.982782,20.388123,0
                -99.983486,20.388119,0
                -99.984583,20.387979,0
                -99.984672,20.387978,0
                -99.984772,20.387977,0
                -99.985167,20.387884,0
                -99.985515,20.387805,0
                -99.987062,20.38745,0
                -99.987803,20.387268,0
                -99.989005,20.386973,0
                -99.989305,20.386912,0
                -99.989537,20.386866,0
                -99.989675,20.386837,0
                -99.989859,20.386712,0
                -99.991283,20.386433,0
                -99.991303,20.386429,0
                -99.991955,20.386301,0
                -99.99305,20.386101,0
                -99.993366,20.385959,0
                -99.993969,20.386044,0
                -99.994824,20.386235,0
                -99.995188,20.386324,0
                -99.995296,20.385938,0
                -99.995851,20.386103,0
                -99.996172,20.384965,0
                -99.995698,20.384797,0
                -99.995116,20.384574,0
                -99.994581,20.38451,0
                -99.994233,20.384457,0
                -99.994097,20.384424,0
                -99.993552,20.384251,0
                -99.993515,20.384242,0
                -99.993445,20.384226,0
                -99.993422,20.384223,0
                -99.993375,20.384216,0
                -99.993326,20.384218,0
                -99.993298,20.384219,0
                -99.993194,20.384233,0
                -99.993033,20.384283,0
                -99.993105,20.384045,0
                -99.993184,20.383782,0
                -99.992507,20.383339,0
                -99.992273,20.383186,0
                -99.992222,20.383171,0
                -99.992162,20.383152,0
                -99.992115,20.383138,0
                -99.992069,20.383123,0
                -99.991257,20.382725,0
                -99.991066,20.382631,0
                -99.991024,20.382194,0
                -99.991166,20.382247,0
                -99.992576,20.382769,0
                -99.993125,20.382406,0
                -99.993202,20.382355,0
                -99.993631,20.382073,0
                -99.993876,20.381911,0
                -99.993816,20.381848,0
                -99.992604,20.380558,0
                -99.992555,20.380696,0
                -99.99248,20.380906,0
                -99.992164,20.38122,0
                -99.990488,20.380548,0
                -99.989689,20.380192,0
                -99.988994,20.379788,0
                -99.989429,20.379273,0
                -99.98871,20.378775,0
                -99.988033,20.378372,0
                -99.98751,20.378124,0
                -99.986049,20.377765,0
                -99.986064,20.377676,0
                -99.985894,20.377643,0
                -99.985919,20.377604,0
                -99.985988,20.377195,0
                -99.986144,20.376248,0
                -99.986148,20.376218,0
                -99.986152,20.376188,0
                -99.986314,20.375211,0
                -99.986334,20.375099,0
                -99.986355,20.374987,0
                -99.98648,20.374164,0
                -99.986581,20.373555,0
                -99.986777,20.372108,0
                -99.986944,20.370764,0
                -99.986932,20.370699,0
                -99.986912,20.370588,0
                -99.98687,20.370359,0
                -99.986773,20.37014,0
                -99.986502,20.369793,0
                -99.986304,20.369658,0
                -99.985705,20.369431,0
                -99.982439,20.368659,0
                -99.982101,20.368525,0
                -99.980804,20.367872,0
                -99.98009,20.367375,0
                -99.979829,20.360798,0
                -99.98173,20.361121,0
                -99.982088,20.360121,0
                -99.982233,20.359729,0
                -99.982249,20.359684,0
                -99.98239,20.359299,0
                -99.982464,20.359104,0
                -99.982542,20.358892,0
                -99.982591,20.35876,0
                -99.982705,20.35842,0
                -99.982819,20.35808,0
                -99.983225,20.35847,0
                -99.983273,20.358434,0
                -99.983636,20.358442,0
                -99.983013,20.357652,0
                -99.983398,20.356621,0
                -99.984113,20.356049,0
                -99.984146,20.356027,0
                -99.984771,20.355503,0
                -99.984788,20.355484,0
                -99.984805,20.355464,0
                -99.986015,20.354497,0
                -99.986125,20.354409,0
                -99.986458,20.354142,0
                -99.986487,20.354123,0
                -99.987763,20.353246,0
                -99.989599,20.352444,0
                -99.990942,20.351929,0
                -99.992397,20.351039,0
                -99.992628,20.350926,0
                -99.992481,20.35093,0
                -99.992099,20.350987,0
                -99.991837,20.350974,0
                -99.991404,20.3509,0
                -99.991101,20.350672,0
                -99.990934,20.350455,0
                -99.990845,20.350326,0
                -99.990755,20.350197,0
                -99.990591,20.349896,0
                -99.99048,20.34942,0
                -99.990438,20.348921,0
                -99.990437,20.348351,0
                -99.990529,20.347824,0
                -99.990604,20.347464,0
                -99.99062,20.347385,0
                -99.990687,20.347045,0
                -99.990685,20.346688,0
                -99.990687,20.346501,0
                -99.990515,20.346262,0
                -99.990503,20.346034,0
                -99.990607,20.345745,0
                -99.990699,20.345309,0
                -99.990756,20.344959,0
                -99.990871,20.34477,0
                -99.991041,20.344417,0
                -99.99143,20.34397,0
                -99.991651,20.343734,0
                -99.991793,20.34345,0
                -99.992328,20.343175,0
                -99.992452,20.343051,0
                -99.992575,20.342927,0
                -99.992652,20.342606,0
                -99.992715,20.342272,0
                -99.992621,20.34189,0
                -99.992395,20.341422,0
                -99.992144,20.340979,0
                -99.991412,20.340184,0
                -99.991228,20.34001,0
                -99.990627,20.339432,0
                -99.990155,20.33904,0
                -99.98984,20.338759,0
                -99.989786,20.338463,0
                -99.98985,20.338127,0
                -99.990191,20.33777,0
                -99.99069,20.337384,0
                -99.990955,20.337106,0
                -99.991188,20.33668,0
                -99.991141,20.336285,0
                -99.990902,20.335657,0
                -99.990802,20.335023,0
                -99.990989,20.334381,0
                -99.991375,20.334241,0
                -99.991699,20.334137,0
                -99.992295,20.33405,0
                -99.992852,20.333813,0
                -99.993105,20.333572,0
                -99.993184,20.333081,0
                -99.993074,20.332782,0
                -99.992799,20.332508,0
                -99.992022,20.332051,0
                -99.991665,20.331843,0
                -99.991459,20.331461,0
                -99.991425,20.33109,0
                -99.991524,20.330634,0
                -99.99166,20.330148,0
                -99.991949,20.32959,0
                -99.991972,20.329224,0
                -99.991481,20.328933,0
                -99.991327,20.328653,0
                -99.991159,20.328252,0
                -99.99101,20.327756,0
                -99.990923,20.327062,0
                -99.990911,20.326169,0
                -99.991059,20.325492,0
                -99.991302,20.324783,0
                -99.991454,20.323716,0
                -99.991533,20.321427,0
                -99.989979,20.318524,0
                -99.990116,20.316416,0
                -99.99042,20.315259,0
                -99.988849,20.314093,0
                -99.98816,20.31256,0
                -99.99054,20.308808,0
                -99.991075,20.308025,0
                -99.991788,20.307036,0
                -99.992677,20.305965,0
                -99.993443,20.305473,0
                -99.993461,20.303612,0
                -99.993351,20.302784,0
                -99.994238,20.302003,0
                -99.99559,20.301555,0
                -99.996009,20.300647,0
                -99.995136,20.29994,0
                -99.993796,20.299147,0
                -99.992926,20.298274,0
                -99.991877,20.29769,0
                -99.990186,20.296813,0
                -99.990376,20.295283,0
                -99.990859,20.293756,0
                -99.989637,20.292964,0
                -99.988109,20.293452,0
                -99.987174,20.293117,0
                -99.988477,20.291717,0
                -99.988896,20.290809,0
                -99.988614,20.289609,0
                -99.987683,20.288984,0
                -99.98746,20.287742,0
                -99.987647,20.286585,0
                -99.987424,20.285384,0
                -99.985678,20.284176,0
                -99.985459,20.282603,0
                -99.986226,20.281987,0
                -99.987052,20.281412,0
                -99.986242,20.280332,0
                -99.985141,20.279128,0
                -99.984513,20.277387,0
                -99.98435,20.276022,0
                -99.984716,20.274493,0
                -99.983667,20.273992,0
                -99.981562,20.273567,0
                -99.979048,20.273017,0
                -99.978176,20.272351,0
                -99.978121,20.271895,0
                -99.97719,20.271312,0
                -99.977376,20.270237,0
                -99.976793,20.269903,0
                -99.97633,20.269363,0
                -99.975748,20.268905,0
                -99.975695,20.268367,0
                -99.975646,20.267333,0
                -99.975886,20.266797,0
                -99.975481,20.266216,0
                -99.975018,20.265676,0
                -99.975316,20.265181,0
                -99.975265,20.264395,0
                -99.974981,20.263401,0
                -99.974579,20.262613,0
                -99.974525,20.262075,0
                -99.973887,20.261451,0
                -99.973249,20.260786,0
                -99.972669,20.260246,0
                -99.971856,20.259497,0
                -99.970925,20.258872,0
                -99.970168,20.258372,0
                -99.969587,20.257872,0
                -99.969121,20.257622,0
                -99.965271,20.255906,0
                -99.963119,20.254406,0
                -99.962305,20.253781,0
                -99.958246,20.255538,0
                -99.954904,20.249813,0
                -99.95096,20.239825,0
                -99.951572,20.237223,0
                -99.949988,20.22551,0
                -99.945402,20.225156,0
                -99.945239,20.225143,0
                -99.944111,20.225056,0
                -99.943924,20.225086,0
                -99.943368,20.225274,0
                -99.942729,20.225587,0
                -99.942016,20.225937,0
                -99.940869,20.226312,0
                -99.940085,20.226764,0
                -99.93924,20.227183,0
                -99.938615,20.227886,0
                -99.937712,20.228729,0
                -99.936897,20.230144,0
                -99.935957,20.230712,0
                -99.935169,20.23058,0
                -99.934176,20.230473,0
                -99.933148,20.230675,0
                -99.931217,20.231526,0
                -99.930384,20.232013,0
                -99.929793,20.232304,0
                -99.929336,20.232788,0
                -99.92698,20.232516,0
                -99.926708,20.233223,0
                -99.931284,20.239472,0
                -99.928576,20.240905,0
                -99.927236,20.242851,0
                -99.922335,20.249969,0
                -99.923685,20.249687,0
                -99.92878,20.249839,0
                -99.928802,20.250228,0
                -99.929062,20.254672,0
                -99.929186,20.256783,0
                -99.929191,20.256877,0
                -99.929197,20.256971,0
                -99.929305,20.258826,0
                -99.929346,20.259512,0
                -99.929351,20.2596,0
                -99.929536,20.262787,0
                -99.929547,20.262923,0
                -99.929644,20.26463,0
                -99.929654,20.264815,0
                -99.929657,20.264936,0
                -99.929813,20.267437,0
                -99.929825,20.267727,0
                -99.929831,20.267836,0
                -99.929683,20.267919,0
                -99.929493,20.268026,0
                -99.929386,20.268056,0
                -99.929092,20.268349,0
                -99.928899,20.268795,0
                -99.928718,20.268909,0
                -99.928428,20.268952,0
                -99.927578,20.26882,0
                -99.927232,20.268858,0
                -99.926987,20.268972,0
                -99.926918,20.269047,0
                -99.926587,20.26919,0
                -99.926435,20.269256,0
                -99.926392,20.269412,0
                -99.926348,20.269753,0
                -99.926211,20.270834,0
                -99.925356,20.27217,0
                -99.924157,20.27285,0
                -99.924151,20.273429,0
                -99.924287,20.273881,0
                -99.924023,20.274504,0
                -99.923959,20.275124,0
                -99.923429,20.275328,0
                -99.922782,20.275614,0
                -99.922129,20.276438,0
                -99.921687,20.276882,0
                -99.921597,20.276972,0
                -99.921186,20.277011,0
                -99.920657,20.277257,0
                -99.920413,20.278165,0
                -99.920104,20.279777,0
                -99.920158,20.280232,0
                -99.920185,20.280455,0
                -99.920212,20.280687,0
                -99.918621,20.28163,0
                -99.918147,20.282123,0
                -99.917144,20.282821,0
                -99.91608,20.283808,0
                -99.915367,20.284755,0
                -99.914308,20.285204,0
                -99.913723,20.285159,0
                -99.91267,20.284988,0
                -99.911556,20.285023,0
                -99.910548,20.284499,0
                -99.909967,20.284473,0
                -99.90976,20.28452,0
                -99.908923,20.284708,0
                -99.90811,20.285012,0
                -99.907781,20.285238,0
                -99.906026,20.284286,0
                -99.904272,20.283334,0
                -99.900618,20.281428,0
                -99.89793,20.279893,0
                -99.897567,20.279752,0
                -99.880088,20.273085,0
                -99.876672,20.271271,0
                -99.876547,20.271277,0
                -99.874951,20.271355,0
                -99.87419,20.271413,0
                -99.873682,20.271452,0
                -99.873429,20.271471,0
                -99.873193,20.27251,0
                -99.872793,20.273684,0
                -99.872167,20.274755,0
                -99.871445,20.275677,0
                -99.865859,20.272541,0
                -99.863386,20.271152,0
                -99.862212,20.270493,0
                -99.85981,20.269599,0
                -99.857321,20.268899,0
                -99.854687,20.271577,0
                -99.84978,20.276565,0
                -99.843019,20.283435,0
                -99.83514,20.276636,0
                -99.832491,20.287754,0
                -99.837647,20.287702,0
                -99.841837,20.290415,0
                -99.833665,20.298597,0
                -99.845351,20.307352,0
                -99.846822,20.30674,0
                -99.846899,20.308432,0
                -99.847346,20.318324,0
                -99.849093,20.319368,0
                -99.849008,20.321932,0
                -99.848356,20.32259,0
                -99.837194,20.325171,0
                -99.83685,20.318924,0
                -99.835162,20.317838,0
                -99.83706,20.315699,0
                -99.835434,20.314283,0
                -99.837566,20.312145,0
                -99.835765,20.310645,0
                -99.837429,20.308463,0
                -99.833714,20.305132,0
                -99.825482,20.313314,0
                -99.823219,20.322192,0
                -99.82556,20.333621,0
                -99.825815,20.33478,0
                -99.826027,20.335742,0
                -99.8263,20.336981,0
                -99.826846,20.339461,0
                -99.832892,20.338587,0
                -99.836432,20.341958,0
                -99.842157,20.343996,0
                -99.846359,20.345491,0
                -99.846111,20.34673,0
                -99.850493,20.348121,0
                -99.85108,20.348,0
                -99.851848,20.347384,0
                -99.852377,20.347304,0
                -99.854053,20.349548,0
                -99.851608,20.353545,0
                -99.8453,20.351482,0
                -99.844516,20.353504,0
                -99.850478,20.355151,0
                -99.849585,20.35647,0
                -99.845775,20.356447,0
                -99.846923,20.35877,0
                -99.845401,20.358637,0
                -99.844078,20.356231,0
                -99.842497,20.356015,0
                -99.842914,20.355355,0
                -99.841805,20.354976,0
                -99.841387,20.355677,0
                -99.841223,20.355342,0
                -99.841059,20.355006,0
                -99.841043,20.354972,0
                -99.840865,20.355007,0
                -99.840632,20.355052,0
                -99.842247,20.359128,0
                -99.84303,20.361105,0
                -99.846253,20.361248,0
                -99.845101,20.359256,0
                -99.848206,20.359439,0
                -99.848423,20.361054,0
                -99.849117,20.361968,0
                -99.848274,20.364113,0
                -99.841833,20.363455,0
                -99.840806,20.360802,0
                -99.839863,20.35848,0
                -99.83892,20.356159,0
                -99.838149,20.351481,0
                -99.832453,20.358023,0
                -99.833902,20.361419,0
                -99.841115,20.378881,0
                -99.846268,20.382217,0
                -99.845878,20.385895,0
                -99.843317,20.409779,0
                -99.8425,20.40988,0
                -99.842102,20.412781,0
                -99.84269,20.412933,0
                -99.838165,20.451085,0
                -99.83059,20.478085,0
                -99.83449,20.48668,0
                -99.857382,20.490014,0
                -99.862531,20.490764,0
              </coordinates>
            </LinearRing>
          </outerBoundaryIs>
        </Polygon>
      </Placemark>
      <Placemark>
        <name>11</name>
        <description><![CDATA[Descripción: Distrito Local 11<br>ID: 11<br>ENTIDAD: 22<br>DISTRITO_L: 11<br>TIPO: 0<br>URL: https://ieeq.mx/elecciones/cartografia-electoral/Dto/11/#Res<br>Geometry1_: 1=X=f]]></description>
        <styleUrl>#poly-1A237E-4000-168</styleUrl>
        <ExtendedData>
          <Data name="Descripción">
            <value>Distrito Local 11</value>
          </Data>
          <Data name="ID">
            <value>11</value>
          </Data>
          <Data name="ENTIDAD">
            <value>22</value>
          </Data>
          <Data name="DISTRITO_L">
            <value>11</value>
          </Data>
          <Data name="TIPO">
            <value>0</value>
          </Data>
          <Data name="URL">
            <value>https://ieeq.mx/elecciones/cartografia-electoral/Dto/11/#Res</value>
          </Data>
          <Data name="Geometry1_">
            <value>1=X=f</value>
          </Data>
        </ExtendedData>
        <Polygon>
          <outerBoundaryIs>
            <LinearRing>
              <tessellate>1</tessellate>
              <coordinates>
                -100.0371846,20.547388,0
                -100.0378326,20.547267,0
                -100.0383546,20.54717,0
                -100.0391666,20.547019,0
                -100.0394946,20.546905,0
                -100.0421166,20.546444,0
                -100.0421936,20.54643,0
                -100.0433266,20.54623,0
                -100.0444126,20.546039,0
                -100.0446716,20.545994,0
                -100.0459656,20.545766,0
                -100.0461126,20.54574,0
                -100.0462106,20.545722,0
                -100.0462356,20.545186,0
                -100.0493936,20.544511,0
                -100.0571476,20.542856,0
                -100.0677656,20.540588,0
                -100.0641086,20.532619,0
                -100.0588306,20.533376,0
                -100.0666216,20.52539,0
                -100.0669456,20.525059,0
                -100.0663026,20.523439,0
                -100.0661886,20.521987,0
                -100.0660196,20.518418,0
                -100.0662606,20.515846,0
                -100.0659686,20.514808,0
                -100.0656136,20.511147,0
                -100.0655666,20.510658,0
                -100.0648656,20.509162,0
                -100.0625866,20.503845,0
                -100.0628836,20.502477,0
                -100.0634626,20.501791,0
                -100.0697696,20.494322,0
                -100.0690086,20.493656,0
                -100.0679516,20.493612,0
                -100.0680146,20.491662,0
                -100.0634346,20.491815,0
                -100.0606776,20.49106,0
                -100.0598546,20.491722,0
                -100.0589136,20.492259,0
                -100.0545176,20.4893,0
                -100.0539906,20.488552,0
                -100.0534026,20.488882,0
                -100.0525826,20.488175,0
                -100.0522876,20.488879,0
                -100.0500576,20.488209,0
                -100.0494706,20.488498,0
                -100.0487626,20.490114,0
                -100.0466476,20.490689,0
                -100.0453826,20.490627,0
                -100.0421276,20.490468,0
                -100.0418036,20.490757,0
                -100.0416426,20.490902,0
                -100.0414806,20.491047,0
                -100.0432016,20.483127,0
                -100.0456696,20.481973,0
                -100.0461986,20.481611,0
                -100.0477856,20.480526,0
                -100.0478596,20.480651,0
                -100.0488386,20.482314,0
                -100.0490966,20.482481,0
                -100.0491816,20.482536,0
                -100.0501866,20.483189,0
                -100.0502946,20.483207,0
                -100.0516136,20.483351,0
                -100.0580506,20.484083,0
                -100.0612256,20.482058,0
                -100.0628106,20.482187,0
                -100.0642186,20.482399,0
                -100.0657446,20.482569,0
                -100.0676216,20.483031,0
                -100.0680956,20.481289,0
                -100.0691566,20.479259,0
                -100.0701036,20.475528,0
                -100.0732126,20.476656,0
                -100.0741556,20.474667,0
                -100.0760476,20.468242,0
                -100.0759906,20.46737,0
                -100.0764846,20.467122,0
                -100.0768136,20.466957,0
                -100.0783946,20.46887,0
                -100.0846636,20.474323,0
                -100.0846666,20.472663,0
                -100.0860826,20.469181,0
                -100.0859086,20.468268,0
                -100.0878456,20.468107,0
                -100.0886056,20.469562,0
                -100.0915396,20.470482,0
                -100.0938236,20.472812,0
                -100.0934986,20.459409,0
                -100.0931476,20.458371,0
                -100.0936806,20.456298,0
                -100.0932716,20.455052,0
                -100.0903986,20.453717,0
                -100.0932886,20.446754,0
                -100.0936426,20.445925,0
                -100.0962826,20.446181,0
                -100.1026916,20.439808,0
                -100.1033066,20.439943,0
                -100.1042176,20.440144,0
                -100.1062096,20.441477,0
                -100.1079696,20.442104,0
                -100.1106096,20.442733,0
                -100.1126626,20.442945,0
                -100.1158336,20.442331,0
                -100.1245746,20.443888,0
                -100.1262736,20.445552,0
                -100.1274346,20.444326,0
                -100.1321536,20.439343,0
                -100.1340896,20.43943,0
                -100.1344896,20.438739,0
                -100.1347376,20.438312,0
                -100.1325666,20.438057,0
                -100.1318626,20.437682,0
                -100.1313346,20.437805,0
                -100.1308656,20.437472,0
                -100.1303996,20.435646,0
                -100.1291106,20.434149,0
                -100.1285866,20.431866,0
                -100.1275886,20.431988,0
                -100.1267616,20.434931,0
                -100.1269346,20.436716,0
                -100.1269326,20.438044,0
                -100.1261656,20.440033,0
                -100.1258126,20.440551,0
                -100.1254596,20.441069,0
                -100.1245206,20.441067,0
                -100.1221746,20.440729,0
                -100.1298996,20.419463,0
                -100.1333546,20.423123,0
                -100.1299946,20.431869,0
                -100.1350906,20.437317,0
                -100.1373316,20.431098,0
                -100.1379776,20.431058,0
                -100.1389956,20.427275,0
                -100.1422546,20.414567,0
                -100.1586066,20.415348,0
                -100.1703176,20.399181,0
                -100.1885816,20.373957,0
                -100.1955676,20.369948,0
                -100.1971556,20.366466,0
                -100.1944346,20.363953,0
                -100.1930756,20.363384,0
                -100.1917306,20.360943,0
                -100.1909116,20.361767,0
                -100.1874606,20.361635,0
                -100.1840856,20.358848,0
                -100.1818536,20.358906,0
                -100.1779026,20.3567,0
                -100.1750516,20.352249,0
                -100.1744586,20.351508,0
                -100.1726906,20.350651,0
                -100.1707986,20.348885,0
                -100.1730226,20.34775,0
                -100.1736696,20.347787,0
                -100.1745376,20.345917,0
                -100.1766696,20.340144,0
                -100.1762586,20.340106,0
                -100.1759036,20.339695,0
                -100.1755476,20.3392,0
                -100.1748396,20.338709,0
                -100.1734886,20.33876,0
                -100.1731916,20.338307,0
                -100.1724836,20.337815,0
                -100.1719536,20.337571,0
                -100.1713066,20.337534,0
                -100.1704246,20.337334,0
                -100.1698906,20.336592,0
                -100.1694166,20.336016,0
                -100.1690026,20.335564,0
                -100.1684686,20.334781,0
                -100.1678776,20.334247,0
                -100.1669916,20.333467,0
                -100.1657526,20.332772,0
                -100.1647496,20.332076,0
                -100.1640376,20.331004,0
                -100.1634456,20.330305,0
                -100.1623266,20.329816,0
                -100.1612076,20.329369,0
                -100.1600286,20.328798,0
                -100.1590256,20.32806,0
                -100.1577286,20.327407,0
                -100.1567246,20.326627,0
                -100.1559576,20.326136,0
                -100.1548966,20.325564,0
                -100.1535416,20.324912,0
                -100.1523046,20.324341,0
                -100.1514186,20.323644,0
                -100.1504166,20.32303,0
                -100.1490026,20.322378,0
                -100.1493916,20.321919,0
                -100.1493086,20.321862,0
                -100.1482546,20.322401,0
                -100.1480786,20.322488,0
                -100.1479016,20.322575,0
                -100.1475186,20.322496,0
                -100.1472306,20.322416,0
                -100.1469426,20.32231,0
                -100.1465586,20.322321,0
                -100.1461756,20.322324,0
                -100.1457926,20.322327,0
                -100.1454106,20.322392,0
                -100.1451336,20.322512,0
                -100.1448376,20.322676,0
                -100.1445516,20.322795,0
                -100.1442646,20.322924,0
                -100.1441696,20.322979,0
                -100.1439796,20.323233,0
                -100.1427886,20.322091,0
                -100.1384096,20.317899,0
                -100.1383026,20.317955,0
                -100.1381946,20.318012,0
                -100.1378796,20.318132,0
                -100.1376226,20.318341,0
                -100.1373366,20.318533,0
                -100.1370506,20.318742,0
                -100.1367646,20.318961,0
                -100.1365176,20.319225,0
                -100.1363766,20.319497,0
                -100.1362056,20.319769,0
                -100.1361406,20.32004,0
                -100.1360656,20.320185,0
                -100.1338956,20.319343,0
                -100.1337306,20.319279,0
                -100.1336936,20.319333,0
                -100.1313136,20.318734,0
                -100.1313316,20.318617,0
                -100.1310446,20.318574,0
                -100.1285386,20.317928,0
                -100.1270446,20.317543,0
                -100.1261506,20.317313,0
                -100.1245436,20.316949,0
                -100.1243986,20.316916,0
                -100.1243666,20.316909,0
                -100.1133816,20.314395,0
                -100.1128586,20.314352,0
                -100.1126256,20.314325,0
                -100.1004666,20.314504,0
                -100.1002706,20.314506,0
                -100.1001386,20.314508,0
                -100.0990326,20.314524,0
                -100.0987096,20.314528,0
                -100.0985706,20.314531,0
                -100.0984896,20.314532,0
                -100.0974446,20.314547,0
                -100.0939376,20.314599,0
                -100.0938056,20.3146,0
                -100.0943416,20.313096,0
                -100.0955866,20.309619,0
                -100.0955046,20.30951,0
                -100.0943576,20.308007,0
                -100.0943066,20.307906,0
                -100.0951096,20.305521,0
                -100.0958626,20.305331,0
                -100.0963826,20.303889,0
                -100.0964986,20.303569,0
                -100.0967346,20.302915,0
                -100.0973566,20.303059,0
                -100.0976426,20.302188,0
                -100.0977186,20.301959,0
                -100.0979716,20.301141,0
                -100.0977106,20.300882,0
                -100.0927086,20.299343,0
                -100.0919436,20.298976,0
                -100.0910616,20.2989,0
                -100.0910646,20.299272,0
                -100.0895996,20.299738,0
                -100.0887816,20.300365,0
                -100.0879676,20.301737,0
                -100.0875656,20.303024,0
                -100.0871636,20.304518,0
                -100.0874646,20.305592,0
                -100.0879416,20.30679,0
                -100.0884206,20.308236,0
                -100.0884886,20.309644,0
                -100.0879716,20.311428,0
                -100.0872196,20.313255,0
                -100.0866396,20.314336,0
                -100.0867636,20.315329,0
                -100.0870616,20.316031,0
                -100.0872426,20.316775,0
                -100.0828386,20.316806,0
                -100.0829496,20.315811,0
                -100.0832376,20.315023,0
                -100.0836466,20.314606,0
                -100.0846436,20.314433,0
                -100.0845776,20.313274,0
                -100.0841556,20.311662,0
                -100.0840216,20.309012,0
                -100.0828996,20.308109,0
                -100.0816026,20.30729,0
                -100.0806586,20.306551,0
                -100.0799466,20.305438,0
                -100.0796436,20.303949,0
                -100.0792246,20.302709,0
                -100.0788066,20.301594,0
                -100.0784496,20.300851,0
                -100.0772696,20.29999,0
                -100.0761486,20.299169,0
                -100.0772586,20.298251,0
                -100.0779586,20.297583,0
                -100.0787146,20.296418,0
                -100.0827666,20.296473,0
                -100.0833756,20.290588,0
                -100.0808496,20.290481,0
                -100.0790236,20.2895,0
                -100.0766546,20.286328,0
                -100.0783436,20.284204,0
                -100.0835776,20.276299,0
                -100.0871276,20.271429,0
                -100.0887576,20.269305,0
                -100.0911456,20.26639,0
                -100.0934186,20.263806,0
                -100.0954556,20.261017,0
                -100.0888596,20.258703,0
                -100.0885126,20.258581,0
                -100.0880976,20.257921,0
                -100.0872136,20.257348,0
                -100.0862126,20.256858,0
                -100.0852126,20.256616,0
                -100.0843356,20.257078,0
                -100.0764726,20.248395,0
                -100.0744136,20.247705,0
                -100.0574836,20.243763,0
                -100.0671996,20.230071,0
                -100.0687116,20.227824,0
                -100.0690606,20.227201,0
                -100.0694086,20.226577,0
                -100.0681726,20.226047,0
                -100.0607546,20.222371,0
                -100.0573966,20.220447,0
                -100.0563456,20.221324,0
                -100.0554096,20.221703,0
                -100.0543586,20.22258,0
                -100.0534816,20.223166,0
                -100.0520736,20.223217,0
                -100.0509016,20.223598,0
                -100.0496176,20.224807,0
                -100.0542766,20.22842,0
                -100.0525246,20.229716,0
                -100.0483336,20.225934,0
                -100.0476336,20.226643,0
                -100.0468746,20.227311,0
                -100.0459396,20.227897,0
                -100.0452976,20.228481,0
                -100.0450046,20.22869,0
                -100.0447126,20.228899,0
                -100.0388236,20.225584,0
                -100.0362316,20.224152,0
                -100.0365176,20.222866,0
                -100.0383806,20.220328,0
                -100.0406556,20.218034,0
                -100.0310386,20.209775,0
                -100.0286796,20.20772,0
                -100.0276176,20.206816,0
                -100.0265576,20.206243,0
                -100.0262696,20.207156,0
                -100.0255086,20.207492,0
                -100.0245706,20.207664,0
                -100.0231006,20.207094,0
                -100.0214566,20.207105,0
                -100.0207576,20.207855,0
                -100.0201176,20.20877,0
                -100.0194736,20.209064,0
                -100.0187126,20.209484,0
                -100.0187796,20.210767,0
                -100.0132806,20.213826,0
                -100.0129326,20.214491,0
                -100.0119996,20.215574,0
                -100.0111846,20.216656,0
                -100.0104876,20.217945,0
                -100.0093806,20.219319,0
                -100.0075616,20.219413,0
                -100.0065116,20.220414,0
                -100.0049926,20.221542,0
                -100.0046456,20.222497,0
                -100.0036536,20.223415,0
                -100.0026606,20.224249,0
                -100.0013766,20.2255,0
                -100.0002046,20.225798,0
                -99.9991456,20.225515,0
                -99.9970986,20.226729,0
                -99.9941756,20.228777,0
                -99.9941256,20.230144,0
                -99.9903166,20.231328,0
                -99.9897326,20.231787,0
                -99.9892096,20.232619,0
                -99.9892126,20.233158,0
                -99.9889816,20.233863,0
                -99.9886326,20.234445,0
                -99.9881076,20.234987,0
                -99.9876386,20.235114,0
                -99.9871656,20.234579,0
                -99.9868106,20.234001,0
                -99.9856356,20.23376,0
                -99.9844026,20.23381,0
                -99.9836396,20.233773,0
                -99.9827606,20.233986,0
                -99.9819966,20.233825,0
                -99.9815276,20.234035,0
                -99.9804776,20.235077,0
                -99.9796586,20.235538,0
                -99.9792536,20.236576,0
                -99.9787886,20.23749,0
                -99.9787916,20.237987,0
                -99.9789136,20.23869,0
                -99.9791686,20.240507,0
                -99.9800926,20.241918,0
                -99.9813626,20.243827,0
                -99.9812906,20.245232,0
                -99.9805166,20.246552,0
                -99.9803296,20.247709,0
                -99.9804346,20.248909,0
                -99.9812976,20.250526,0
                -99.9816356,20.251934,0
                -99.9841276,20.254718,0
                -99.9857606,20.255471,0
                -99.9872206,20.255933,0
                -99.9872086,20.257215,0
                -99.9872016,20.257918,0
                -99.9869576,20.258951,0
                -99.9866556,20.2599,0
                -99.9864726,20.260685,0
                -99.9868106,20.262093,0
                -99.9860326,20.263744,0
                -99.9856156,20.264569,0
                -99.9846736,20.265019,0
                -99.9840796,20.265884,0
                -99.9831286,20.267327,0
                -99.9827036,20.268814,0
                -99.9823986,20.270135,0
                -99.9817476,20.270794,0
                -99.9804576,20.270953,0
                -99.9792246,20.271236,0
                -99.9788076,20.271895,0
                -99.9788626,20.272351,0
                -99.9797346,20.273017,0
                -99.9822486,20.273567,0
                -99.9843536,20.273992,0
                -99.9854026,20.274493,0
                -99.9850366,20.276022,0
                -99.9851996,20.277387,0
                -99.9858276,20.279128,0
                -99.9869286,20.280332,0
                -99.9877386,20.281412,0
                -99.9869126,20.281987,0
                -99.9861456,20.282603,0
                -99.9863646,20.284176,0
                -99.9881106,20.285384,0
                -99.9883336,20.286585,0
                -99.9881466,20.287742,0
                -99.9883696,20.288984,0
                -99.9893006,20.289609,0
                -99.9895826,20.290809,0
                -99.9891636,20.291717,0
                -99.9878606,20.293117,0
                -99.9887956,20.293452,0
                -99.9903236,20.292964,0
                -99.9915456,20.293756,0
                -99.9910626,20.295283,0
                -99.9908726,20.296813,0
                -99.9925636,20.29769,0
                -99.9936126,20.298274,0
                -99.9944826,20.299147,0
                -99.9958226,20.29994,0
                -99.9966956,20.300647,0
                -99.9962766,20.301555,0
                -99.9949246,20.302003,0
                -99.9940376,20.302784,0
                -99.9941476,20.303612,0
                -99.9941296,20.305473,0
                -99.9933636,20.305965,0
                -99.9924746,20.307036,0
                -99.9917616,20.308025,0
                -99.9912266,20.308808,0
                -99.9888466,20.31256,0
                -99.9895356,20.314093,0
                -99.9911066,20.315259,0
                -99.9908026,20.316416,0
                -99.9906656,20.318524,0
                -99.9922196,20.321427,0
                -99.9921406,20.323716,0
                -99.9919886,20.324783,0
                -99.9917456,20.325492,0
                -99.9915976,20.326169,0
                -99.9916096,20.327062,0
                -99.9916966,20.327756,0
                -99.9918456,20.328252,0
                -99.9920136,20.328653,0
                -99.9921676,20.328933,0
                -99.9926586,20.329224,0
                -99.9926356,20.32959,0
                -99.9923466,20.330148,0
                -99.9922106,20.330634,0
                -99.9921116,20.33109,0
                -99.9921456,20.331461,0
                -99.9923516,20.331843,0
                -99.9927086,20.332051,0
                -99.9934856,20.332508,0
                -99.9937606,20.332782,0
                -99.9938706,20.333081,0
                -99.9937916,20.333572,0
                -99.9935386,20.333813,0
                -99.9929816,20.33405,0
                -99.9923856,20.334137,0
                -99.9920616,20.334241,0
                -99.9916756,20.334381,0
                -99.9914886,20.335023,0
                -99.9915886,20.335657,0
                -99.9918276,20.336285,0
                -99.9918746,20.33668,0
                -99.9916416,20.337106,0
                -99.9913766,20.337384,0
                -99.9908776,20.33777,0
                -99.9905366,20.338127,0
                -99.9904726,20.338463,0
                -99.9905266,20.338759,0
                -99.9908416,20.33904,0
                -99.9913136,20.339432,0
                -99.9919146,20.34001,0
                -99.9920986,20.340184,0
                -99.9928306,20.340979,0
                -99.9930816,20.341422,0
                -99.9933076,20.34189,0
                -99.9934016,20.342272,0
                -99.9933386,20.342606,0
                -99.9932616,20.342927,0
                -99.9931386,20.343051,0
                -99.9930146,20.343175,0
                -99.9924796,20.34345,0
                -99.9923376,20.343734,0
                -99.9921166,20.34397,0
                -99.9917276,20.344417,0
                -99.9915576,20.34477,0
                -99.9914426,20.344959,0
                -99.9913856,20.345309,0
                -99.9912936,20.345745,0
                -99.9911896,20.346034,0
                -99.9912016,20.346262,0
                -99.9913736,20.346501,0
                -99.9913716,20.346688,0
                -99.9913736,20.347045,0
                -99.9913066,20.347385,0
                -99.9912906,20.347464,0
                -99.9912156,20.347824,0
                -99.9911236,20.348351,0
                -99.9911246,20.348921,0
                -99.9911666,20.34942,0
                -99.9912776,20.349896,0
                -99.9914416,20.350197,0
                -99.9915316,20.350326,0
                -99.9916206,20.350455,0
                -99.9917876,20.350672,0
                -99.9920906,20.3509,0
                -99.9925236,20.350974,0
                -99.9927856,20.350987,0
                -99.9931676,20.35093,0
                -99.9933146,20.350926,0
                -99.9930836,20.351039,0
                -99.9916286,20.351929,0
                -99.9902856,20.352444,0
                -99.9884496,20.353246,0
                -99.9871736,20.354123,0
                -99.9871446,20.354142,0
                -99.9868116,20.354409,0
                -99.9867016,20.354497,0
                -99.9854916,20.355464,0
                -99.9854746,20.355484,0
                -99.9854576,20.355503,0
                -99.9848326,20.356027,0
                -99.9847996,20.356049,0
                -99.9840846,20.356621,0
                -99.9836996,20.357652,0
                -99.9843226,20.358442,0
                -99.9839596,20.358434,0
                -99.9839116,20.35847,0
                -99.9835056,20.35808,0
                -99.9833916,20.35842,0
                -99.9832776,20.35876,0
                -99.9832286,20.358892,0
                -99.9831506,20.359104,0
                -99.9830766,20.359299,0
                -99.9829356,20.359684,0
                -99.9829196,20.359729,0
                -99.9827746,20.360121,0
                -99.9824166,20.361121,0
                -99.9805156,20.360798,0
                -99.9807766,20.367375,0
                -99.9814906,20.367872,0
                -99.9827876,20.368525,0
                -99.9831256,20.368659,0
                -99.9863916,20.369431,0
                -99.9869906,20.369658,0
                -99.9871886,20.369793,0
                -99.9874596,20.37014,0
                -99.9875566,20.370359,0
                -99.9875986,20.370588,0
                -99.9876186,20.370699,0
                -99.9876306,20.370764,0
                -99.9874636,20.372108,0
                -99.9872676,20.373555,0
                -99.9871666,20.374164,0
                -99.9870416,20.374987,0
                -99.9870206,20.375099,0
                -99.9870006,20.375211,0
                -99.9868386,20.376188,0
                -99.9868346,20.376218,0
                -99.9868306,20.376248,0
                -99.9866746,20.377195,0
                -99.9866056,20.377604,0
                -99.9865806,20.377643,0
                -99.9867506,20.377676,0
                -99.9867356,20.377765,0
                -99.9881966,20.378124,0
                -99.9887196,20.378372,0
                -99.9893966,20.378775,0
                -99.9901156,20.379273,0
                -99.9896806,20.379788,0
                -99.9903756,20.380192,0
                -99.9911746,20.380548,0
                -99.9928506,20.38122,0
                -99.9931666,20.380906,0
                -99.9932416,20.380696,0
                -99.9932906,20.380558,0
                -99.9945026,20.381848,0
                -99.9945626,20.381911,0
                -99.9943176,20.382073,0
                -99.9938886,20.382355,0
                -99.9938116,20.382406,0
                -99.9932626,20.382769,0
                -99.9918526,20.382247,0
                -99.9917106,20.382194,0
                -99.9917526,20.382631,0
                -99.9919436,20.382725,0
                -99.9927556,20.383123,0
                -99.9928016,20.383138,0
                -99.9928486,20.383152,0
                -99.9929086,20.383171,0
                -99.9929596,20.383186,0
                -99.9931936,20.383339,0
                -99.9938706,20.383782,0
                -99.9937916,20.384045,0
                -99.9937196,20.384283,0
                -99.9938806,20.384233,0
                -99.9939846,20.384219,0
                -99.9940126,20.384218,0
                -99.9940616,20.384216,0
                -99.9941086,20.384223,0
                -99.9941316,20.384226,0
                -99.9942016,20.384242,0
                -99.9942386,20.384251,0
                -99.9947836,20.384424,0
                -99.9949196,20.384457,0
                -99.9952676,20.38451,0
                -99.9958026,20.384574,0
                -99.9963846,20.384797,0
                -99.9968586,20.384965,0
                -99.9965376,20.386103,0
                -99.9959826,20.385938,0
                -99.9958746,20.386324,0
                -99.9955106,20.386235,0
                -99.9946556,20.386044,0
                -99.9940526,20.385959,0
                -99.9937366,20.386101,0
                -99.9926416,20.386301,0
                -99.9919896,20.386429,0
                -99.9919696,20.386433,0
                -99.9905456,20.386712,0
                -99.9903616,20.386837,0
                -99.9902236,20.386866,0
                -99.9899916,20.386912,0
                -99.9896916,20.386973,0
                -99.9884896,20.387268,0
                -99.9877486,20.38745,0
                -99.9862016,20.387805,0
                -99.9858536,20.387884,0
                -99.9854586,20.387977,0
                -99.9853586,20.387978,0
                -99.9852696,20.387979,0
                -99.9841726,20.388119,0
                -99.9834686,20.388123,0
                -99.9833926,20.38813,0
                -99.9826206,20.388128,0
                -99.9825866,20.388128,0
                -99.9818226,20.388076,0
                -99.9812506,20.38803,0
                -99.9805296,20.387957,0
                -99.9800236,20.387899,0
                -99.9783166,20.387718,0
                -99.9782296,20.387709,0
                -99.9775336,20.38763,0
                -99.9776516,20.387011,0
                -99.9779176,20.38637,0
                -99.9780216,20.386134,0
                -99.9780586,20.386027,0
                -99.9781536,20.385761,0
                -99.9784036,20.385073,0
                -99.9783816,20.385068,0
                -99.9774476,20.384882,0
                -99.9772986,20.385455,0
                -99.9767876,20.385292,0
                -99.9753516,20.384841,0
                -99.9752646,20.385428,0
                -99.9751686,20.386027,0
                -99.9749636,20.387352,0
                -99.9750246,20.387359,0
                -99.9744286,20.390808,0
                -99.9743396,20.3908,0
                -99.9742576,20.391298,0
                -99.9741306,20.392066,0
                -99.9739516,20.393154,0
                -99.9737566,20.394334,0
                -99.9735756,20.395466,0
                -99.9734956,20.395933,0
                -99.9734196,20.39648,0
                -99.9732696,20.397555,0
                -99.9732566,20.397665,0
                -99.9732146,20.398059,0
                -99.9731436,20.398731,0
                -99.9730916,20.39922,0
                -99.9728866,20.401139,0
                -99.9726796,20.401213,0
                -99.9723266,20.401246,0
                -99.9717166,20.401272,0
                -99.9712046,20.401168,0
                -99.9706576,20.401064,0
                -99.9704646,20.401889,0
                -99.9702836,20.402736,0
                -99.9701116,20.403575,0
                -99.9699576,20.404421,0
                -99.9698016,20.405372,0
                -99.9697146,20.405886,0
                -99.9696346,20.40633,0
                -99.9695416,20.406935,0
                -99.9694876,20.40728,0
                -99.9693966,20.407782,0
                -99.9693146,20.408233,0
                -99.9691576,20.409168,0
                -99.9690586,20.409784,0
                -99.9690426,20.409851,0
                -99.9689846,20.410198,0
                -99.9689276,20.410514,0
                -99.9689106,20.410615,0
                -99.9688796,20.410869,0
                -99.9686356,20.411918,0
                -99.9667596,20.415008,0
                -99.9650916,20.417668,0
                -99.9646766,20.418354,0
                -99.9647516,20.418356,0
                -99.9660476,20.418769,0
                -99.9672626,20.419444,0
                -99.9681716,20.42003,0
                -99.9692306,20.419814,0
                -99.9699846,20.422815,0
                -99.9698626,20.422982,0
                -99.9698226,20.423001,0
                -99.9667616,20.423805,0
                -99.9658246,20.424051,0
                -99.9620576,20.424009,0
                -99.9619676,20.423988,0
                -99.9605316,20.423659,0
                -99.9579656,20.42307,0
                -99.9578756,20.423055,0
                -99.9545506,20.422504,0
                -99.9523286,20.422266,0
                -99.9470946,20.424258,0
                -99.9441636,20.425406,0
                -99.9413776,20.426437,0
                -99.9382376,20.427679,0
                -99.9396166,20.43163,0
                -99.9396236,20.431653,0
                -99.9396516,20.431638,0
                -99.9397586,20.431585,0
                -99.9400796,20.431876,0
                -99.9451306,20.436463,0
                -99.9482966,20.439335,0
                -99.9487996,20.438788,0
                -99.9507336,20.438497,0
                -99.9507926,20.438806,0
                -99.9508266,20.439197,0
                -99.9508986,20.439611,0
                -99.9509506,20.439964,0
                -99.9505686,20.440011,0
                -99.9504696,20.440019,0
                -99.9496696,20.440009,0
                -99.9493326,20.439996,0
                -99.9490886,20.439988,0
                -99.9490066,20.439981,0
                -99.9498066,20.440706,0
                -99.9512116,20.442688,0
                -99.9515916,20.443223,0
                -99.9521706,20.444039,0
                -99.9528946,20.445059,0
                -99.9532106,20.445934,0
                -99.9547856,20.451205,0
                -99.9549956,20.451907,0
                -99.9550486,20.452037,0
                -99.9559696,20.45428,0
                -99.9564216,20.455381,0
                -99.9572526,20.457407,0
                -99.9574826,20.457967,0
                -99.9612386,20.456541,0
                -99.9610066,20.456126,0
                -99.9610676,20.455629,0
                -99.9613636,20.455134,0
                -99.9618346,20.454599,0
                -99.9625986,20.454024,0
                -99.9633066,20.453076,0
                -99.9636616,20.452375,0
                -99.9639006,20.451548,0
                -99.9652526,20.450604,0
                -99.9663696,20.449742,0
                -99.9683016,20.450002,0
                -99.9692366,20.450298,0
                -99.9683396,20.453935,0
                -99.9675006,20.457656,0
                -99.9663066,20.46212,0
                -99.9661816,20.463568,0
                -99.9658886,20.464384,0
                -99.9656466,20.465055,0
                -99.9640666,20.464838,0
                -99.9630696,20.464998,0
                -99.9618366,20.465528,0
                -99.9604866,20.466017,0
                -99.9615806,20.469791,0
                -99.9675796,20.476659,0
                -99.9674326,20.482454,0
                -99.9686516,20.484697,0
                -99.9691126,20.48619,0
                -99.9710796,20.491088,0
                -99.9860446,20.493224,0
                -99.9966186,20.494733,0
                -99.9989486,20.495065,0
                -99.9967896,20.499867,0
                -99.9883446,20.518641,0
                -99.9888836,20.519066,0
                -99.9905626,20.520393,0
                -99.9955086,20.515496,0
                -99.9959756,20.51583,0
                -100.0073006,20.536887,0
                -100.0145156,20.535605,0
                -100.0131816,20.532782,0
                -100.0200556,20.529138,0
                -100.0241056,20.527712,0
                -100.0258656,20.527184,0
                -100.0283306,20.526412,0
                -100.0299736,20.526008,0
                -100.0317906,20.525853,0
                -100.0334406,20.523875,0
                -100.0348396,20.538166,0
                -100.0366576,20.537928,0
                -100.0371726,20.54058,0
                -100.0350026,20.54094,0
                -100.0348496,20.541279,0
                -100.0352986,20.546252,0
                -100.0355786,20.546426,0
                -100.0371606,20.547208,0
                -100.0371726,20.547298,0
                -100.0371846,20.547388,0
              </coordinates>
            </LinearRing>
          </outerBoundaryIs>
        </Polygon>
      </Placemark>
      <Placemark>
        <name>12</name>
        <description><![CDATA[Descripción: Distrito Local 12<br>ID: 12<br>ENTIDAD: 22<br>DISTRITO_L: 12<br>TIPO: 0<br>URL: https://ieeq.mx/elecciones/cartografia-electoral/Dto/12/#Res<br>Geometry1_: 1=X=f]]></description>
        <styleUrl>#poly-673AB7-4000-168</styleUrl>
        <ExtendedData>
          <Data name="Descripción">
            <value>Distrito Local 12</value>
          </Data>
          <Data name="ID">
            <value>12</value>
          </Data>
          <Data name="ENTIDAD">
            <value>22</value>
          </Data>
          <Data name="DISTRITO_L">
            <value>12</value>
          </Data>
          <Data name="TIPO">
            <value>0</value>
          </Data>
          <Data name="URL">
            <value>https://ieeq.mx/elecciones/cartografia-electoral/Dto/12/#Res</value>
          </Data>
          <Data name="Geometry1_">
            <value>1=X=f</value>
          </Data>
        </ExtendedData>
        <Polygon>
          <outerBoundaryIs>
            <LinearRing>
              <tessellate>1</tessellate>
              <coordinates>
                -100.004414,20.652914,0
                -100.006454,20.652369,0
                -100.013047,20.650605,0
                -100.029178,20.649995,0
                -100.029062,20.649622,0
                -100.062318,20.649065,0
                -100.062933,20.648833,0
                -100.079648,20.642537,0
                -100.078969,20.63674,0
                -100.078556,20.633208,0
                -100.077612,20.625139,0
                -100.067251,20.620901,0
                -100.066313,20.620895,0
                -100.063497,20.621252,0
                -100.064011,20.611237,0
                -100.064015,20.610285,0
                -100.063618,20.607136,0
                -100.065512,20.589967,0
                -100.065301,20.584542,0
                -100.06376,20.575178,0
                -100.070234,20.576239,0
                -100.075311,20.577072,0
                -100.084412,20.578839,0
                -100.087525,20.579179,0
                -100.09199,20.578858,0
                -100.095396,20.579241,0
                -100.095247,20.564802,0
                -100.105926,20.56591,0
                -100.105989,20.568646,0
                -100.115317,20.568506,0
                -100.132362,20.568248,0
                -100.136708,20.568182,0
                -100.141116,20.566491,0
                -100.144406,20.565835,0
                -100.149582,20.566863,0
                -100.150352,20.567015,0
                -100.154974,20.567933,0
                -100.158324,20.566945,0
                -100.161261,20.566578,0
                -100.163553,20.565587,0
                -100.165861,20.565408,0
                -100.166167,20.565384,0
                -100.167296,20.565296,0
                -100.168105,20.565233,0
                -100.169251,20.565143,0
                -100.175421,20.562709,0
                -100.181409,20.562544,0
                -100.18946,20.562323,0
                -100.190868,20.562284,0
                -100.191837,20.564639,0
                -100.19362,20.56897,0
                -100.195114,20.571711,0
                -100.196608,20.574452,0
                -100.199959,20.57255,0
                -100.191116,20.552079,0
                -100.186887,20.55319,0
                -100.186202,20.551082,0
                -100.185978,20.550152,0
                -100.18587,20.54976,0
                -100.185712,20.549185,0
                -100.18494,20.546386,0
                -100.184597,20.545336,0
                -100.184453,20.544832,0
                -100.184385,20.544581,0
                -100.18424,20.544099,0
                -100.184222,20.544001,0
                -100.184096,20.544047,0
                -100.184073,20.543981,0
                -100.183807,20.543151,0
                -100.183699,20.542809,0
                -100.183808,20.54279,0
                -100.183582,20.542122,0
                -100.183052,20.540501,0
                -100.182706,20.538872,0
                -100.18227,20.537221,0
                -100.180708,20.534504,0
                -100.184566,20.532109,0
                -100.180555,20.529842,0
                -100.179233,20.532961,0
                -100.175788,20.528471,0
                -100.175361,20.527913,0
                -100.176339,20.526601,0
                -100.176387,20.526537,0
                -100.176435,20.526473,0
                -100.176464,20.526434,0
                -100.176546,20.526324,0
                -100.177226,20.525411,0
                -100.17727,20.525352,0
                -100.178589,20.524955,0
                -100.203394,20.51749,0
                -100.206422,20.522071,0
                -100.195197,20.530181,0
                -100.193906,20.529514,0
                -100.19255,20.533411,0
                -100.201977,20.534471,0
                -100.214165,20.536222,0
                -100.214417,20.536258,0
                -100.21749,20.5367,0
                -100.217612,20.536717,0
                -100.217685,20.536683,0
                -100.218083,20.536494,0
                -100.218147,20.536464,0
                -100.220189,20.535834,0
                -100.220171,20.53578,0
                -100.220056,20.535471,0
                -100.220607,20.535297,0
                -100.220664,20.535458,0
                -100.221665,20.535161,0
                -100.223329,20.534618,0
                -100.224425,20.53426,0
                -100.232613,20.531585,0
                -100.230235,20.525264,0
                -100.230219,20.52522,0
                -100.230081,20.524854,0
                -100.229342,20.525053,0
                -100.224091,20.526461,0
                -100.222096,20.524673,0
                -100.221688,20.521893,0
                -100.220164,20.519442,0
                -100.228922,20.511036,0
                -100.22957,20.508839,0
                -100.232099,20.504321,0
                -100.240496,20.503506,0
                -100.246027,20.490157,0
                -100.24685,20.489162,0
                -100.247907,20.488666,0
                -100.249199,20.488171,0
                -100.253376,20.478179,0
                -100.253303,20.477894,0
                -100.25323,20.477609,0
                -100.250803,20.468134,0
                -100.250569,20.467055,0
                -100.250277,20.465478,0
                -100.247818,20.459043,0
                -100.250812,20.458551,0
                -100.252924,20.45955,0
                -100.254273,20.460216,0
                -100.255565,20.460011,0
                -100.255799,20.460551,0
                -100.25621,20.460427,0
                -100.256503,20.461257,0
                -100.259906,20.461885,0
                -100.262158,20.461343,0
                -100.263839,20.460937,0
                -100.263494,20.460542,0
                -100.262315,20.459192,0
                -100.260495,20.45948,0
                -100.259734,20.457446,0
                -100.261764,20.456343,0
                -100.272828,20.450331,0
                -100.283395,20.446491,0
                -100.288668,20.447905,0
                -100.292088,20.450361,0
                -100.292303,20.450361,0
                -100.297007,20.450368,0
                -100.298738,20.449741,0
                -100.299061,20.449624,0
                -100.299003,20.448338,0
                -100.297007,20.449206,0
                -100.296096,20.447661,0
                -100.295739,20.447057,0
                -100.295705,20.446999,0
                -100.294416,20.444813,0
                -100.293998,20.444105,0
                -100.293725,20.443642,0
                -100.293581,20.443469,0
                -100.293492,20.443361,0
                -100.29257,20.442246,0
                -100.29253,20.442198,0
                -100.291371,20.440797,0
                -100.286337,20.434711,0
                -100.278511,20.41746,0
                -100.27837,20.417149,0
                -100.278899,20.416569,0
                -100.280718,20.415908,0
                -100.280249,20.415493,0
                -100.279898,20.414994,0
                -100.279546,20.414371,0
                -100.279395,20.413863,0
                -100.279312,20.413583,0
                -100.278139,20.412502,0
                -100.27949,20.41155,0
                -100.280312,20.410929,0
                -100.280664,20.410017,0
                -100.281016,20.410017,0
                -100.281251,20.409561,0
                -100.280607,20.408523,0
                -100.280197,20.407776,0
                -100.280138,20.407319,0
                -100.281137,20.406035,0
                -100.281138,20.405039,0
                -100.280786,20.404831,0
                -100.280494,20.403212,0
                -100.280083,20.403004,0
                -100.279731,20.403087,0
                -100.278443,20.399931,0
                -100.2778,20.397483,0
                -100.276345,20.397409,0
                -100.272696,20.397226,0
                -100.27154,20.393707,0
                -100.270865,20.393943,0
                -100.270835,20.393838,0
                -100.270807,20.39374,0
                -100.270739,20.3935,0
                -100.270647,20.393513,0
                -100.270184,20.393576,0
                -100.270098,20.393588,0
                -100.270002,20.39358,0
                -100.269557,20.393541,0
                -100.269005,20.393577,0
                -100.269192,20.394153,0
                -100.269108,20.394178,0
                -100.26892,20.394235,0
                -100.26614,20.395079,0
                -100.266003,20.394612,0
                -100.265984,20.394547,0
                -100.265963,20.394479,0
                -100.253159,20.397691,0
                -100.253625,20.400803,0
                -100.252374,20.401444,0
                -100.252334,20.401465,0
                -100.251338,20.400011,0
                -100.250694,20.399138,0
                -100.247118,20.395647,0
                -100.245713,20.393363,0
                -100.245714,20.391911,0
                -100.238733,20.39223,0
                -100.234214,20.393217,0
                -100.23017,20.390472,0
                -100.230232,20.387401,0
                -100.233873,20.38355,0
                -100.243435,20.383858,0
                -100.243669,20.384439,0
                -100.248069,20.384032,0
                -100.251823,20.38437,0
                -100.251807,20.384323,0
                -100.251795,20.384288,0
                -100.251355,20.383,0
                -100.25165,20.380677,0
                -100.25066,20.374203,0
                -100.258172,20.370317,0
                -100.252957,20.363835,0
                -100.255423,20.361724,0
                -100.254604,20.359938,0
                -100.253784,20.358153,0
                -100.249158,20.358351,0
                -100.248907,20.358361,0
                -100.248657,20.358372,0
                -100.237582,20.358826,0
                -100.199698,20.360373,0
                -100.196469,20.366466,0
                -100.194881,20.369948,0
                -100.187895,20.373957,0
                -100.169631,20.399181,0
                -100.15792,20.415348,0
                -100.141568,20.414567,0
                -100.138309,20.427275,0
                -100.137291,20.431058,0
                -100.136645,20.431098,0
                -100.134404,20.437317,0
                -100.129308,20.431869,0
                -100.132668,20.423123,0
                -100.129213,20.419463,0
                -100.121488,20.440729,0
                -100.123834,20.441067,0
                -100.124773,20.441069,0
                -100.125126,20.440551,0
                -100.125479,20.440033,0
                -100.126246,20.438044,0
                -100.126248,20.436716,0
                -100.126075,20.434931,0
                -100.126902,20.431988,0
                -100.1279,20.431866,0
                -100.128424,20.434149,0
                -100.129713,20.435646,0
                -100.130179,20.437472,0
                -100.130648,20.437805,0
                -100.131176,20.437682,0
                -100.13188,20.438057,0
                -100.134051,20.438312,0
                -100.133803,20.438739,0
                -100.133403,20.43943,0
                -100.131467,20.439343,0
                -100.126748,20.444326,0
                -100.125587,20.445552,0
                -100.123888,20.443888,0
                -100.115147,20.442331,0
                -100.111976,20.442945,0
                -100.109923,20.442733,0
                -100.107283,20.442104,0
                -100.105523,20.441477,0
                -100.103531,20.440144,0
                -100.10262,20.439943,0
                -100.102005,20.439808,0
                -100.095596,20.446181,0
                -100.092956,20.445925,0
                -100.092602,20.446754,0
                -100.089712,20.453717,0
                -100.092585,20.455052,0
                -100.092994,20.456298,0
                -100.092461,20.458371,0
                -100.092812,20.459409,0
                -100.093137,20.472812,0
                -100.090853,20.470482,0
                -100.087919,20.469562,0
                -100.087159,20.468107,0
                -100.085222,20.468268,0
                -100.085396,20.469181,0
                -100.08398,20.472663,0
                -100.083977,20.474323,0
                -100.077708,20.46887,0
                -100.076127,20.466957,0
                -100.075798,20.467122,0
                -100.075304,20.46737,0
                -100.075361,20.468242,0
                -100.073469,20.474667,0
                -100.072526,20.476656,0
                -100.069417,20.475528,0
                -100.06847,20.479259,0
                -100.067409,20.481289,0
                -100.066935,20.483031,0
                -100.065058,20.482569,0
                -100.063532,20.482399,0
                -100.062124,20.482187,0
                -100.060539,20.482058,0
                -100.057364,20.484083,0
                -100.050927,20.483351,0
                -100.049608,20.483207,0
                -100.0495,20.483189,0
                -100.048495,20.482536,0
                -100.04841,20.482481,0
                -100.048152,20.482314,0
                -100.047173,20.480651,0
                -100.047099,20.480526,0
                -100.045512,20.481611,0
                -100.044983,20.481973,0
                -100.042515,20.483127,0
                -100.040794,20.491047,0
                -100.040956,20.490902,0
                -100.041117,20.490757,0
                -100.041441,20.490468,0
                -100.044696,20.490627,0
                -100.045961,20.490689,0
                -100.048076,20.490114,0
                -100.048784,20.488498,0
                -100.049371,20.488209,0
                -100.051601,20.488879,0
                -100.051896,20.488175,0
                -100.052716,20.488882,0
                -100.053304,20.488552,0
                -100.053831,20.4893,0
                -100.058227,20.492259,0
                -100.059168,20.491722,0
                -100.059991,20.49106,0
                -100.062748,20.491815,0
                -100.067328,20.491662,0
                -100.067265,20.493612,0
                -100.068322,20.493656,0
                -100.069083,20.494322,0
                -100.062776,20.501791,0
                -100.062197,20.502477,0
                -100.0619,20.503845,0
                -100.064179,20.509162,0
                -100.06488,20.510658,0
                -100.064927,20.511147,0
                -100.065282,20.514808,0
                -100.065574,20.515846,0
                -100.065333,20.518418,0
                -100.065502,20.521987,0
                -100.065616,20.523439,0
                -100.066259,20.525059,0
                -100.065935,20.52539,0
                -100.058144,20.533376,0
                -100.063422,20.532619,0
                -100.067079,20.540588,0
                -100.056461,20.542856,0
                -100.048707,20.544511,0
                -100.045549,20.545186,0
                -100.045524,20.545722,0
                -100.045426,20.54574,0
                -100.045279,20.545766,0
                -100.043985,20.545994,0
                -100.043726,20.546039,0
                -100.04264,20.54623,0
                -100.041507,20.54643,0
                -100.04143,20.546444,0
                -100.038808,20.546905,0
                -100.03848,20.547019,0
                -100.037668,20.54717,0
                -100.037146,20.547267,0
                -100.036498,20.547388,0
                -100.036486,20.547298,0
                -100.036474,20.547208,0
                -100.034892,20.546426,0
                -100.034612,20.546252,0
                -100.034163,20.541279,0
                -100.034316,20.54094,0
                -100.036486,20.54058,0
                -100.035971,20.537928,0
                -100.034153,20.538166,0
                -100.032754,20.523875,0
                -100.031104,20.525853,0
                -100.029287,20.526008,0
                -100.027644,20.526412,0
                -100.025179,20.527184,0
                -100.023419,20.527712,0
                -100.019369,20.529138,0
                -100.012495,20.532782,0
                -100.013829,20.535605,0
                -100.006614,20.536887,0
                -99.995289,20.51583,0
                -99.994822,20.515496,0
                -99.989876,20.520393,0
                -99.988197,20.519066,0
                -99.987658,20.518641,0
                -99.996103,20.499867,0
                -99.998262,20.495065,0
                -99.995932,20.494733,0
                -99.985358,20.493224,0
                -99.970393,20.491088,0
                -99.968426,20.48619,0
                -99.967965,20.484697,0
                -99.966746,20.482454,0
                -99.966893,20.476659,0
                -99.960894,20.469791,0
                -99.9598,20.466017,0
                -99.96115,20.465528,0
                -99.962383,20.464998,0
                -99.96338,20.464838,0
                -99.96496,20.465055,0
                -99.965202,20.464384,0
                -99.965495,20.463568,0
                -99.96562,20.46212,0
                -99.966814,20.457656,0
                -99.967653,20.453935,0
                -99.96855,20.450298,0
                -99.967615,20.450002,0
                -99.965683,20.449742,0
                -99.964566,20.450604,0
                -99.963214,20.451548,0
                -99.962975,20.452375,0
                -99.96262,20.453076,0
                -99.961912,20.454024,0
                -99.961148,20.454599,0
                -99.960677,20.455134,0
                -99.960381,20.455629,0
                -99.96032,20.456126,0
                -99.960552,20.456541,0
                -99.956796,20.457967,0
                -99.956566,20.457407,0
                -99.955735,20.455381,0
                -99.955283,20.45428,0
                -99.954362,20.452037,0
                -99.954309,20.451907,0
                -99.954099,20.451205,0
                -99.952524,20.445934,0
                -99.952208,20.445059,0
                -99.951484,20.444039,0
                -99.950905,20.443223,0
                -99.950525,20.442688,0
                -99.94912,20.440706,0
                -99.94832,20.439981,0
                -99.948402,20.439988,0
                -99.948646,20.439996,0
                -99.948983,20.440009,0
                -99.949783,20.440019,0
                -99.949882,20.440011,0
                -99.950264,20.439964,0
                -99.950212,20.439611,0
                -99.95014,20.439197,0
                -99.950106,20.438806,0
                -99.950047,20.438497,0
                -99.948113,20.438788,0
                -99.94761,20.439335,0
                -99.944444,20.436463,0
                -99.939393,20.431876,0
                -99.939072,20.431585,0
                -99.938965,20.431638,0
                -99.938937,20.431653,0
                -99.938858,20.431692,0
                -99.937469,20.4324,0
                -99.935288,20.432969,0
                -99.935066,20.433086,0
                -99.927397,20.437122,0
                -99.926316,20.437692,0
                -99.913637,20.444253,0
                -99.913228,20.444464,0
                -99.913052,20.444854,0
                -99.913007,20.453134,0
                -99.91248,20.453048,0
                -99.912413,20.454579,0
                -99.913056,20.45479,0
                -99.91296,20.461704,0
                -99.911891,20.464305,0
                -99.907677,20.463698,0
                -99.90592,20.463521,0
                -99.904457,20.463304,0
                -99.886894,20.461408,0
                -99.877843,20.466565,0
                -99.875509,20.465059,0
                -99.874633,20.464514,0
                -99.873577,20.464839,0
                -99.868303,20.465134,0
                -99.867025,20.463138,0
                -99.86394,20.459847,0
                -99.862185,20.459462,0
                -99.86154,20.459499,0
                -99.860778,20.459494,0
                -99.860137,20.458993,0
                -99.858498,20.458858,0
                -99.852949,20.466107,0
                -99.846674,20.467223,0
                -99.845494,20.468581,0
                -99.862498,20.490579,0
                -99.865593,20.483979,0
                -99.866032,20.483046,0
                -99.86679,20.483796,0
                -99.868166,20.489022,0
                -99.86752,20.489307,0
                -99.866993,20.489179,0
                -99.863529,20.490481,0
                -99.862531,20.490764,0
                -99.857382,20.490014,0
                -99.83449,20.48668,0
                -99.834394,20.487103,0
                -99.833347,20.491682,0
                -99.833634,20.492677,0
                -99.83244,20.496419,0
                -99.831485,20.499411,0
                -99.831247,20.499947,0
                -99.831127,20.500361,0
                -99.831067,20.500691,0
                -99.828217,20.507006,0
                -99.826735,20.50977,0
                -99.826731,20.510432,0
                -99.823671,20.512646,0
                -99.81833,20.513892,0
                -99.818154,20.514057,0
                -99.818181,20.514367,0
                -99.818208,20.514678,0
                -99.818206,20.515092,0
                -99.817618,20.515419,0
                -99.817264,20.515872,0
                -99.81679,20.516738,0
                -99.816261,20.5169,0
                -99.815438,20.51735,0
                -99.814791,20.517676,0
                -99.814029,20.517795,0
                -99.8135,20.51804,0
                -99.81256,20.518364,0
                -99.811914,20.518608,0
                -99.812155,20.519227,0
                -99.812722,20.520684,0
                -99.814805,20.52517,0
                -99.81533,20.525546,0
                -99.815299,20.526331,0
                -99.815191,20.529106,0
                -99.81466,20.52964,0
                -99.815068,20.529974,0
                -99.8124,20.535007,0
                -99.812864,20.535879,0
                -99.814734,20.53672,0
                -99.814608,20.53821,0
                -99.815254,20.53809,0
                -99.815126,20.539828,0
                -99.815829,20.539875,0
                -99.81612,20.540166,0
                -99.816351,20.540831,0
                -99.816231,20.541285,0
                -99.815816,20.542027,0
                -99.816927,20.542366,0
                -99.818573,20.54155,0
                -99.820452,20.540983,0
                -99.822435,20.541037,0
                -99.822503,20.541039,0
                -99.823553,20.541916,0
                -99.824312,20.542459,0
                -99.825482,20.542799,0
                -99.826302,20.542929,0
                -99.828293,20.543232,0
                -99.829992,20.543286,0
                -99.83134,20.543295,0
                -99.831632,20.543504,0
                -99.832332,20.543964,0
                -99.833033,20.544507,0
                -99.833967,20.545093,0
                -99.834551,20.545511,0
                -99.83531,20.545889,0
                -99.835955,20.545852,0
                -99.836544,20.545442,0
                -99.837542,20.545159,0
                -99.838773,20.545168,0
                -99.839124,20.545295,0
                -99.839709,20.545381,0
                -99.840237,20.545261,0
                -99.840764,20.545389,0
                -99.841287,20.546096,0
                -99.841931,20.546308,0
                -99.84281,20.546314,0
                -99.84416,20.546033,0
                -99.844632,20.545539,0
                -99.844846,20.545092,0
                -99.844869,20.545044,0
                -99.84534,20.544633,0
                -99.845754,20.543974,0
                -99.846577,20.543607,0
                -99.848048,20.542582,0
                -99.848229,20.541797,0
                -99.848407,20.541467,0
                -99.84841,20.54097,0
                -99.848528,20.540681,0
                -99.849172,20.540809,0
                -99.849462,20.54135,0
                -99.849695,20.541724,0
                -99.850397,20.541936,0
                -99.851626,20.542234,0
                -99.852151,20.542693,0
                -99.852618,20.542986,0
                -99.853025,20.543485,0
                -99.853375,20.543695,0
                -99.854019,20.543989,0
                -99.854134,20.54428,0
                -99.854367,20.544529,0
                -99.854722,20.544035,0
                -99.855193,20.543583,0
                -99.855781,20.543214,0
                -99.856486,20.543053,0
                -99.857364,20.543142,0
                -99.858186,20.542899,0
                -99.858953,20.542035,0
                -99.859074,20.541332,0
                -99.859256,20.54034,0
                -99.859844,20.53993,0
                -99.86055,20.539603,0
                -99.861312,20.539526,0
                -99.86172,20.53986,0
                -99.862474,20.541355,0
                -99.862588,20.541894,0
                -99.862584,20.542557,0
                -99.862346,20.543093,0
                -99.86205,20.543671,0
                -99.861638,20.543999,0
                -99.860933,20.544284,0
                -99.859585,20.544316,0
                -99.859318,20.544333,0
                -99.858353,20.544391,0
                -99.858061,20.544265,0
                -99.857535,20.544013,0
                -99.857242,20.544011,0
                -99.856831,20.544174,0
                -99.85677,20.544546,0
                -99.856594,20.544648,0
                -99.856417,20.54475,0
                -99.855948,20.544789,0
                -99.855186,20.544825,0
                -99.851268,20.553327,0
                -99.852791,20.55342,0
                -99.856379,20.55125,0
                -99.870002,20.557237,0
                -99.871113,20.557725,0
                -99.869744,20.569929,0
                -99.864774,20.56944,0
                -99.864308,20.568899,0
                -99.86349,20.568521,0
                -99.862671,20.568225,0
                -99.861151,20.567429,0
                -99.860681,20.567674,0
                -99.859917,20.567958,0
                -99.858802,20.568241,0
                -99.858097,20.568526,0
                -99.857216,20.568685,0
                -99.856944,20.56886,0
                -99.85498,20.570119,0
                -99.853197,20.574371,0
                -99.848985,20.572935,0
                -99.84499,20.574357,0
                -99.846936,20.57707,0
                -99.847258,20.577519,0
                -99.847656,20.579674,0
                -99.851491,20.585538,0
                -99.856159,20.589213,0
                -99.856039,20.589792,0
                -99.8558,20.590577,0
                -99.855797,20.591115,0
                -99.856562,20.590582,0
                -99.857032,20.590378,0
                -99.864341,20.58985,0
                -99.865114,20.590184,0
                -99.867956,20.590535,0
                -99.870797,20.590885,0
                -99.871854,20.590726,0
                -99.873155,20.590404,0
                -99.875847,20.591208,0
                -99.874616,20.5912,0
                -99.87566,20.593153,0
                -99.875833,20.593651,0
                -99.876061,20.594894,0
                -99.876059,20.595225,0
                -99.876409,20.595601,0
                -99.876525,20.595767,0
                -99.876641,20.595933,0
                -99.877403,20.596021,0
                -99.878047,20.596274,0
                -99.878634,20.596112,0
                -99.879269,20.596116,0
                -99.879982,20.596121,0
                -99.88109,20.596499,0
                -99.882908,20.597134,0
                -99.88291,20.596803,0
                -99.88332,20.596805,0
                -99.883265,20.596184,0
                -99.883444,20.59573,0
                -99.883739,20.595196,0
                -99.884094,20.594699,0
                -99.88433,20.594494,0
                -99.884333,20.593873,0
                -99.883928,20.592959,0
                -99.883815,20.592255,0
                -99.883994,20.591718,0
                -99.884406,20.591389,0
                -99.884701,20.591019,0
                -99.884763,20.590481,0
                -99.885823,20.589618,0
                -99.886647,20.589127,0
                -99.886895,20.586645,0
                -99.888593,20.586946,0
                -99.888944,20.585375,0
                -99.891184,20.584891,0
                -99.894234,20.584706,0
                -99.895058,20.58409,0
                -99.896526,20.583644,0
                -99.897227,20.584229,0
                -99.895841,20.589918,0
                -99.894167,20.596794,0
                -99.896213,20.597925,0
                -99.89709,20.598386,0
                -99.894603,20.6028,0
                -99.902148,20.606244,0
                -99.900773,20.610996,0
                -99.905805,20.61285,0
                -99.908338,20.616924,0
                -99.908622,20.617383,0
                -99.909555,20.618883,0
                -99.910119,20.619791,0
                -99.912631,20.623831,0
                -99.912822,20.62414,0
                -99.918362,20.633051,0
                -99.929394,20.631838,0
                -99.927608,20.625865,0
                -99.931775,20.625147,0
                -99.932294,20.626889,0
                -99.93305,20.62797,0
                -99.938372,20.619641,0
                -99.9413,20.620404,0
                -99.945096,20.623243,0
                -99.946672,20.624744,0
                -99.947146,20.623794,0
                -99.947386,20.622678,0
                -99.948618,20.622603,0
                -99.949558,20.622236,0
                -99.950673,20.622036,0
                -99.951845,20.622168,0
                -99.9529,20.622257,0
                -99.953606,20.62193,0
                -99.954898,20.621524,0
                -99.955898,20.620868,0
                -99.956266,20.620448,0
                -99.95584,20.626529,0
                -99.955668,20.628985,0
                -99.961639,20.630215,0
                -99.96445,20.630725,0
                -99.966382,20.631066,0
                -99.968728,20.630872,0
                -99.971072,20.630884,0
                -99.970833,20.631585,0
                -99.97136,20.631753,0
                -99.971239,20.632455,0
                -99.971765,20.632705,0
                -99.972409,20.632791,0
                -99.97317,20.632961,0
                -99.974049,20.632965,0
                -99.974868,20.6333,0
                -99.97551,20.633716,0
                -99.976119,20.634447,0
                -99.978517,20.635786,0
                -99.991609,20.636687,0
                -100.012813,20.638143,0
                -100.015808,20.637084,0
                -100.016549,20.641725,0
                -100.008197,20.646727,0
                -100.005072,20.650144,0
                -100.004414,20.652914,0
              </coordinates>
            </LinearRing>
          </outerBoundaryIs>
        </Polygon>
      </Placemark>
      <Placemark>
        <name>13</name>
        <description><![CDATA[Descripción: Distrito Local 13<br>ID: 13<br>ENTIDAD: 22<br>DISTRITO_L: 13<br>TIPO: 0<br>URL: https://ieeq.mx/elecciones/cartografia-electoral/Dto/13/#Res<br>Geometry1_: 1=X=F]]></description>
        <styleUrl>#poly-4E342E-4000-168</styleUrl>
        <ExtendedData>
          <Data name="Descripción">
            <value>Distrito Local 13</value>
          </Data>
          <Data name="ID">
            <value>13</value>
          </Data>
          <Data name="ENTIDAD">
            <value>22</value>
          </Data>
          <Data name="DISTRITO_L">
            <value>13</value>
          </Data>
          <Data name="TIPO">
            <value>0</value>
          </Data>
          <Data name="URL">
            <value>https://ieeq.mx/elecciones/cartografia-electoral/Dto/13/#Res</value>
          </Data>
          <Data name="Geometry1_">
            <value>1=X=F</value>
          </Data>
        </ExtendedData>
        <Polygon>
          <outerBoundaryIs>
            <LinearRing>
              <tessellate>1</tessellate>
              <coordinates>
                -100.3371,20.626579,0
                -100.337079,20.626489,0
                -100.337139,20.626477,0
                -100.337196,20.626465,0
                -100.337418,20.62642,0
                -100.33778,20.626346,0
                -100.33777,20.626298,0
                -100.338117,20.626226,0
                -100.338163,20.626216,0
                -100.338225,20.626046,0
                -100.338327,20.625763,0
                -100.338465,20.625584,0
                -100.338509,20.625527,0
                -100.338536,20.625493,0
                -100.338553,20.625478,0
                -100.338553,20.625471,0
                -100.338662,20.625329,0
                -100.338552,20.62531,0
                -100.338698,20.625029,0
                -100.338731,20.624945,0
                -100.338745,20.624874,0
                -100.338857,20.624327,0
                -100.338865,20.624272,0
                -100.338872,20.624223,0
                -100.338879,20.624171,0
                -100.33889,20.624098,0
                -100.338894,20.624068,0
                -100.338899,20.624029,0
                -100.338907,20.623975,0
                -100.338913,20.623934,0
                -100.338919,20.623893,0
                -100.338844,20.623887,0
                -100.338706,20.623861,0
                -100.338047,20.623733,0
                -100.337893,20.623693,0
                -100.337826,20.623671,0
                -100.337791,20.623658,0
                -100.337757,20.623645,0
                -100.337698,20.62362,0
                -100.33763,20.623587,0
                -100.337582,20.623565,0
                -100.337478,20.623507,0
                -100.337409,20.62346,0
                -100.337336,20.623409,0
                -100.33727,20.623357,0
                -100.337197,20.623292,0
                -100.337139,20.623236,0
                -100.337073,20.623164,0
                -100.337031,20.623115,0
                -100.337007,20.623084,0
                -100.336981,20.62305,0
                -100.336928,20.622974,0
                -100.336869,20.622877,0
                -100.336827,20.622794,0
                -100.336774,20.622672,0
                -100.336718,20.622505,0
                -100.336684,20.622334,0
                -100.336669,20.622162,0
                -100.336669,20.621989,0
                -100.336689,20.621839,0
                -100.336724,20.621507,0
                -100.336726,20.621274,0
                -100.336688,20.620907,0
                -100.336662,20.620787,0
                -100.33664,20.620674,0
                -100.336565,20.620429,0
                -100.336455,20.620163,0
                -100.336332,20.619931,0
                -100.336251,20.619799,0
                -100.336176,20.619695,0
                -100.336089,20.619581,0
                -100.336004,20.619475,0
                -100.335897,20.619361,0
                -100.335837,20.619291,0
                -100.335788,20.619226,0
                -100.335732,20.619143,0
                -100.33572,20.619123,0
                -100.335664,20.61902,0
                -100.335632,20.618952,0
                -100.335606,20.61893,0
                -100.335563,20.618921,0
                -100.335438,20.618398,0
                -100.335426,20.618344,0
                -100.335388,20.618082,0
                -100.335839,20.618011,0
                -100.335893,20.618053,0
                -100.33605,20.618746,0
                -100.336088,20.618766,0
                -100.336138,20.61876,0
                -100.336182,20.61872,0
                -100.336186,20.618665,0
                -100.33615,20.618619,0
                -100.336106,20.618575,0
                -100.335974,20.618028,0
                -100.336012,20.617984,0
                -100.336739,20.617869,0
                -100.336938,20.617837,0
                -100.33692,20.617799,0
                -100.336907,20.61777,0
                -100.336889,20.617732,0
                -100.336857,20.617664,0
                -100.336587,20.617709,0
                -100.335913,20.61465,0
                -100.336906,20.613246,0
                -100.337574,20.614099,0
                -100.338435,20.614298,0
                -100.338629,20.614301,0
                -100.338777,20.614275,0
                -100.338986,20.614181,0
                -100.339326,20.613896,0
                -100.339372,20.613582,0
                -100.339677,20.61313,0
                -100.339699,20.613116,0
                -100.3398,20.613007,0
                -100.339879,20.612686,0
                -100.340211,20.612206,0
                -100.340589,20.611921,0
                -100.340815,20.61201,0
                -100.340823,20.611992,0
                -100.340896,20.61202,0
                -100.340959,20.611984,0
                -100.341172,20.611856,0
                -100.341335,20.61168,0
                -100.341331,20.611565,0
                -100.341257,20.611516,0
                -100.341269,20.611349,0
                -100.341391,20.611061,0
                -100.341433,20.610801,0
                -100.341307,20.610635,0
                -100.341212,20.610586,0
                -100.341151,20.610492,0
                -100.341146,20.61039,0
                -100.341451,20.61027,0
                -100.341763,20.61018,0
                -100.341825,20.610026,0
                -100.341796,20.609775,0
                -100.341889,20.609707,0
                -100.342067,20.609577,0
                -100.342138,20.60956,0
                -100.342281,20.609406,0
                -100.342587,20.609265,0
                -100.342976,20.609217,0
                -100.343281,20.60917,0
                -100.34359,20.609151,0
                -100.344012,20.608988,0
                -100.344394,20.608809,0
                -100.344868,20.608882,0
                -100.345098,20.608864,0
                -100.345312,20.608628,0
                -100.34553,20.608551,0
                -100.345627,20.60851,0
                -100.345819,20.608705,0
                -100.346032,20.608636,0
                -100.346479,20.608716,0
                -100.346561,20.608702,0
                -100.346874,20.608686,0
                -100.347131,20.608604,0
                -100.347249,20.608579,0
                -100.347417,20.608623,0
                -100.347519,20.608583,0
                -100.347722,20.608631,0
                -100.3478,20.608696,0
                -100.347847,20.608701,0
                -100.34742,20.607132,0
                -100.346063,20.607307,0
                -100.345881,20.607334,0
                -100.345608,20.607376,0
                -100.345549,20.607034,0
                -100.345462,20.606657,0
                -100.345357,20.606683,0
                -100.345252,20.606708,0
                -100.345214,20.606234,0
                -100.345262,20.606224,0
                -100.345545,20.606166,0
                -100.345519,20.606124,0
                -100.345497,20.60609,0
                -100.345365,20.605879,0
                -100.34535,20.605856,0
                -100.345991,20.605788,0
                -100.345969,20.605727,0
                -100.345805,20.605182,0
                -100.345732,20.605207,0
                -100.345493,20.604419,0
                -100.345732,20.60434,0
                -100.345683,20.604192,0
                -100.345654,20.604103,0
                -100.345638,20.604083,0
                -100.345554,20.603989,0
                -100.34555,20.603967,0
                -100.345545,20.603945,0
                -100.345483,20.603642,0
                -100.345479,20.603621,0
                -100.345106,20.603674,0
                -100.345071,20.603586,0
                -100.345013,20.603517,0
                -100.344932,20.603463,0
                -100.344888,20.603363,0
                -100.34488,20.603346,0
                -100.344336,20.60345,0
                -100.344271,20.603455,0
                -100.344228,20.603391,0
                -100.344121,20.603228,0
                -100.344081,20.603192,0
                -100.3439,20.603033,0
                -100.343174,20.601641,0
                -100.342977,20.601306,0
                -100.342777,20.600171,0
                -100.342895,20.599947,0
                -100.342971,20.599786,0
                -100.342983,20.599239,0
                -100.342981,20.599185,0
                -100.342965,20.598966,0
                -100.342957,20.598905,0
                -100.342954,20.598877,0
                -100.342949,20.59883,0
                -100.34294,20.59874,0
                -100.342898,20.598743,0
                -100.342885,20.598666,0
                -100.342874,20.598598,0
                -100.342752,20.597849,0
                -100.342602,20.597361,0
                -100.342586,20.597308,0
                -100.342451,20.596875,0
                -100.342429,20.596802,0
                -100.342412,20.596747,0
                -100.342383,20.596653,0
                -100.342283,20.596366,0
                -100.342271,20.596333,0
                -100.342257,20.596293,0
                -100.342225,20.5962,0
                -100.341978,20.595492,0
                -100.34195,20.595411,0
                -100.34175,20.594836,0
                -100.341734,20.59479,0
                -100.341693,20.594674,0
                -100.341677,20.594628,0
                -100.341645,20.594538,0
                -100.341394,20.593806,0
                -100.341034,20.593059,0
                -100.340563,20.592173,0
                -100.340469,20.591997,0
                -100.339694,20.591565,0
                -100.338973,20.591297,0
                -100.338965,20.591189,0
                -100.339233,20.591149,0
                -100.339159,20.590968,0
                -100.339193,20.590566,0
                -100.339345,20.590411,0
                -100.339168,20.589941,0
                -100.339998,20.589775,0
                -100.342127,20.589349,0
                -100.342306,20.589313,0
                -100.342177,20.589283,0
                -100.34203,20.589239,0
                -100.34186,20.589175,0
                -100.341705,20.589099,0
                -100.341581,20.589022,0
                -100.341514,20.588981,0
                -100.341378,20.58888,0
                -100.341218,20.588728,0
                -100.34109,20.588591,0
                -100.34098,20.58842,0
                -100.340844,20.588158,0
                -100.340834,20.588139,0
                -100.340726,20.587758,0
                -100.340709,20.587616,0
                -100.340698,20.587485,0
                -100.340709,20.587329,0
                -100.340721,20.587194,0
                -100.340755,20.587056,0
                -100.340784,20.586933,0
                -100.340827,20.586791,0
                -100.340886,20.586643,0
                -100.34109,20.58653,0
                -100.341177,20.586481,0
                -100.341305,20.58641,0
                -100.342178,20.586173,0
                -100.343421,20.585946,0
                -100.343578,20.585994,0
                -100.343926,20.5861,0
                -100.344152,20.586322,0
                -100.343964,20.585999,0
                -100.343775,20.585674,0
                -100.343499,20.585201,0
                -100.343259,20.584458,0
                -100.343156,20.583899,0
                -100.343161,20.583832,0
                -100.343331,20.581619,0
                -100.343168,20.580757,0
                -100.34283,20.580116,0
                -100.342248,20.579367,0
                -100.342072,20.579208,0
                -100.341398,20.578601,0
                -100.34133,20.57854,0
                -100.341299,20.578518,0
                -100.341058,20.578346,0
                -100.34078,20.578179,0
                -100.340569,20.578031,0
                -100.340294,20.577815,0
                -100.339966,20.577608,0
                -100.339549,20.577394,0
                -100.338769,20.576932,0
                -100.338139,20.576572,0
                -100.335838,20.575258,0
                -100.335789,20.57523,0
                -100.334921,20.574895,0
                -100.33386,20.574792,0
                -100.332651,20.57472,0
                -100.332158,20.574654,0
                -100.33173,20.574605,0
                -100.330737,20.574387,0
                -100.33049,20.574332,0
                -100.329811,20.574182,0
                -100.329697,20.574157,0
                -100.328647,20.573928,0
                -100.328451,20.573886,0
                -100.327035,20.573546,0
                -100.325423,20.573182,0
                -100.324691,20.57302,0
                -100.324652,20.573012,0
                -100.324008,20.572869,0
                -100.323309,20.572691,0
                -100.322732,20.572561,0
                -100.322591,20.57253,0
                -100.32179,20.572317,0
                -100.320523,20.572038,0
                -100.31948,20.571766,0
                -100.318,20.571424,0
                -100.317821,20.571383,0
                -100.317551,20.571307,0
                -100.317318,20.571248,0
                -100.316835,20.571137,0
                -100.316061,20.57096,0
                -100.315148,20.570757,0
                -100.315081,20.570741,0
                -100.314873,20.570693,0
                -100.313397,20.57035,0
                -100.312466,20.570234,0
                -100.311535,20.570066,0
                -100.310669,20.569941,0
                -100.309684,20.569869,0
                -100.309334,20.569845,0
                -100.307618,20.569729,0
                -100.305095,20.569712,0
                -100.304077,20.569717,0
                -100.30375,20.569719,0
                -100.29977,20.56989,0
                -100.298187,20.570235,0
                -100.298028,20.570478,0
                -100.297002,20.572044,0
                -100.297129,20.572372,0
                -100.297375,20.572781,0
                -100.297504,20.573191,0
                -100.297636,20.573559,0
                -100.297655,20.573937,0
                -100.298352,20.575803,0
                -100.300145,20.578537,0
                -100.301674,20.580869,0
                -100.301429,20.585131,0
                -100.30377,20.586143,0
                -100.303817,20.589613,0
                -100.302822,20.589691,0
                -100.302646,20.590104,0
                -100.302061,20.59006,0
                -100.301416,20.590512,0
                -100.300539,20.590425,0
                -100.300247,20.590424,0
                -100.300189,20.590134,0
                -100.300365,20.589845,0
                -100.300074,20.589264,0
                -100.29619,20.589325,0
                -100.296183,20.590534,0
                -100.296063,20.591228,0
                -100.295766,20.592138,0
                -100.295198,20.593593,0
                -100.294556,20.59522,0
                -100.294226,20.596058,0
                -100.293933,20.596842,0
                -100.293878,20.59699,0
                -100.293682,20.5972,0
                -100.293529,20.597414,0
                -100.293173,20.598338,0
                -100.293411,20.598401,0
                -100.293364,20.598521,0
                -100.293224,20.598887,0
                -100.293021,20.599414,0
                -100.292872,20.599809,0
                -100.292774,20.600068,0
                -100.292532,20.600684,0
                -100.292386,20.601064,0
                -100.292172,20.601631,0
                -100.292119,20.601769,0
                -100.291886,20.602372,0
                -100.291795,20.602604,0
                -100.291665,20.602855,0
                -100.291501,20.603081,0
                -100.291302,20.603284,0
                -100.291093,20.603455,0
                -100.290806,20.603684,0
                -100.2902,20.604153,0
                -100.289624,20.604602,0
                -100.289173,20.604953,0
                -100.288613,20.605374,0
                -100.288466,20.605471,0
                -100.288312,20.60555,0
                -100.288262,20.605572,0
                -100.28817,20.605612,0
                -100.288033,20.605662,0
                -100.287752,20.605765,0
                -100.287072,20.606006,0
                -100.286578,20.606183,0
                -100.286401,20.606246,0
                -100.285992,20.606398,0
                -100.285725,20.606483,0
                -100.285574,20.606519,0
                -100.285371,20.606548,0
                -100.285268,20.606561,0
                -100.285102,20.606564,0
                -100.284863,20.606547,0
                -100.284583,20.606515,0
                -100.284554,20.606529,0
                -100.284519,20.606549,0
                -100.284473,20.606555,0
                -100.284418,20.606549,0
                -100.284368,20.606533,0
                -100.284323,20.606508,0
                -100.284277,20.606473,0
                -100.283443,20.606373,0
                -100.282549,20.606267,0
                -100.282266,20.606233,0
                -100.282119,20.606215,0
                -100.282002,20.606202,0
                -100.281905,20.606196,0
                -100.281802,20.606208,0
                -100.281635,20.606226,0
                -100.28155,20.606247,0
                -100.281466,20.606268,0
                -100.281289,20.606327,0
                -100.280971,20.606442,0
                -100.280658,20.606552,0
                -100.280405,20.606646,0
                -100.280225,20.606694,0
                -100.280036,20.606725,0
                -100.279925,20.606736,0
                -100.27979,20.60673,0
                -100.279644,20.606718,0
                -100.279371,20.606672,0
                -100.279026,20.606608,0
                -100.278585,20.606526,0
                -100.278169,20.606447,0
                -100.277897,20.606414,0
                -100.277667,20.606387,0
                -100.277535,20.607905,0
                -100.277466,20.609433,0
                -100.277332,20.611306,0
                -100.277304,20.612772,0
                -100.277295,20.613977,0
                -100.277322,20.614374,0
                -100.277382,20.615236,0
                -100.277441,20.616078,0
                -100.27743,20.616257,0
                -100.277404,20.616656,0
                -100.276913,20.616638,0
                -100.276864,20.616631,0
                -100.27642,20.61662,0
                -100.275833,20.616607,0
                -100.275221,20.616583,0
                -100.275034,20.61658,0
                -100.274955,20.616588,0
                -100.273989,20.616766,0
                -100.272013,20.616992,0
                -100.269158,20.617318,0
                -100.267036,20.617644,0
                -100.266618,20.617725,0
                -100.265391,20.615859,0
                -100.26382,20.61347,0
                -100.26281,20.612054,0
                -100.261391,20.610209,0
                -100.26111,20.610403,0
                -100.260834,20.610553,0
                -100.260657,20.610552,0
                -100.26043,20.610485,0
                -100.260206,20.610475,0
                -100.257262,20.611474,0
                -100.256357,20.61173,0
                -100.256907,20.613099,0
                -100.254914,20.613716,0
                -100.256221,20.617997,0
                -100.256712,20.619603,0
                -100.255716,20.619888,0
                -100.254258,20.618142,0
                -100.25268,20.617637,0
                -100.25275,20.613416,0
                -100.250817,20.614192,0
                -100.250228,20.615762,0
                -100.249347,20.617124,0
                -100.247411,20.618977,0
                -100.246588,20.620712,0
                -100.246583,20.62266,0
                -100.247454,20.62325,0
                -100.247499,20.623281,0
                -100.247543,20.62331,0
                -100.248118,20.6237,0
                -100.247574,20.623697,0
                -100.247368,20.62365,0
                -100.247325,20.623641,0
                -100.247278,20.62363,0
                -100.241026,20.622215,0
                -100.233894,20.620523,0
                -100.220451,20.617312,0
                -100.210622,20.614963,0
                -100.209948,20.614757,0
                -100.209303,20.614537,0
                -100.208583,20.614265,0
                -100.208081,20.614058,0
                -100.207431,20.61377,0
                -100.206576,20.613358,0
                -100.205835,20.612957,0
                -100.204953,20.612432,0
                -100.204392,20.612094,0
                -100.203973,20.611844,0
                -100.203729,20.611506,0
                -100.203174,20.610788,0
                -100.202717,20.610233,0
                -100.202675,20.610273,0
                -100.202276,20.61059,0
                -100.20217,20.610689,0
                -100.201982,20.610866,0
                -100.200055,20.612223,0
                -100.194583,20.615924,0
                -100.19415,20.614562,0
                -100.184753,20.614661,0
                -100.185319,20.617006,0
                -100.18555,20.617962,0
                -100.185753,20.618802,0
                -100.185858,20.619238,0
                -100.186173,20.620542,0
                -100.186555,20.622123,0
                -100.186994,20.623943,0
                -100.188068,20.628387,0
                -100.188148,20.628722,0
                -100.189235,20.633222,0
                -100.190166,20.636166,0
                -100.194445,20.638574,0
                -100.196958,20.642763,0
                -100.192613,20.657391,0
                -100.192603,20.657423,0
                -100.190794,20.663513,0
                -100.184057,20.678586,0
                -100.183287,20.680946,0
                -100.177785,20.695109,0
                -100.166324,20.698117,0
                -100.163857,20.698321,0
                -100.157402,20.696695,0
                -100.157282,20.697482,0
                -100.157634,20.69769,0
                -100.155108,20.697852,0
                -100.15868,20.701255,0
                -100.161907,20.702171,0
                -100.169536,20.704337,0
                -100.166992,20.720976,0
                -100.166901,20.72157,0
                -100.165728,20.721112,0
                -100.163556,20.720571,0
                -100.159618,20.721518,0
                -100.162822,20.730224,0
                -100.166228,20.730726,0
                -100.167814,20.730984,0
                -100.182668,20.733401,0
                -100.18209,20.736593,0
                -100.182047,20.73683,0
                -100.181415,20.740319,0
                -100.184519,20.743472,0
                -100.18504,20.746331,0
                -100.189147,20.74816,0
                -100.190551,20.750316,0
                -100.191391,20.752862,0
                -100.192124,20.755083,0
                -100.195162,20.761261,0
                -100.191456,20.762955,0
                -100.187105,20.764151,0
                -100.186983,20.765725,0
                -100.186509,20.76734,0
                -100.180221,20.76758,0
                -100.180949,20.78026,0
                -100.180947,20.780757,0
                -100.183653,20.779808,0
                -100.187183,20.778114,0
                -100.185191,20.77604,0
                -100.189492,20.772026,0
                -100.194895,20.771459,0
                -100.200013,20.770921,0
                -100.200027,20.773641,0
                -100.20009,20.785671,0
                -100.206656,20.791563,0
                -100.205475,20.793467,0
                -100.205591,20.794379,0
                -100.207468,20.795707,0
                -100.2084,20.802459,0
                -100.208454,20.80285,0
                -100.210409,20.817007,0
                -100.211334,20.822602,0
                -100.210981,20.822892,0
                -100.210804,20.823181,0
                -100.210568,20.82343,0
                -100.210391,20.823637,0
                -100.210214,20.824051,0
                -100.210154,20.824382,0
                -100.210271,20.824797,0
                -100.210505,20.825045,0
                -100.210858,20.825046,0
                -100.212093,20.824633,0
                -100.213151,20.824593,0
                -100.214074,20.831513,0
                -100.211309,20.832297,0
                -100.211484,20.832712,0
                -100.211836,20.832878,0
                -100.212306,20.833086,0
                -100.212658,20.833293,0
                -100.213128,20.833625,0
                -100.213303,20.833874,0
                -100.213185,20.834205,0
                -100.213007,20.834702,0
                -100.212948,20.834992,0
                -100.213064,20.835531,0
                -100.213239,20.835904,0
                -100.213473,20.836319,0
                -100.213825,20.836692,0
                -100.215172,20.838807,0
                -100.228273,20.865255,0
                -100.234448,20.864267,0
                -100.234507,20.86435,0
                -100.272096,20.855021,0
                -100.265184,20.86993,0
                -100.258997,20.87585,0
                -100.257224,20.879826,0
                -100.252615,20.887751,0
                -100.252501,20.887947,0
                -100.252373,20.888167,0
                -100.250553,20.891297,0
                -100.245674,20.899892,0
                -100.238329,20.91283,0
                -100.235502,20.914318,0
                -100.234028,20.916099,0
                -100.234321,20.916555,0
                -100.232847,20.91792,0
                -100.234255,20.919413,0
                -100.227602,20.922058,0
                -100.226193,20.921145,0
                -100.20505,20.932101,0
                -100.200167,20.932468,0
                -100.201512,20.935252,0
                -100.202331,20.935504,0
                -100.20362,20.935632,0
                -100.204616,20.935884,0
                -100.205728,20.936384,0
                -100.206897,20.937174,0
                -100.207892,20.937714,0
                -100.208828,20.938255,0
                -100.209236,20.938794,0
                -100.209934,20.940159,0
                -100.210808,20.941732,0
                -100.211565,20.943139,0
                -100.212264,20.944133,0
                -100.214776,20.946456,0
                -100.217942,20.94651,0
                -100.223209,20.948884,0
                -100.23204,20.954824,0
                -100.24319,20.959799,0
                -100.244449,20.960281,0
                -100.248952,20.96356,0
                -100.263819,20.971048,0
                -100.265904,20.969092,0
                -100.269327,20.968126,0
                -100.269922,20.968384,0
                -100.270516,20.968643,0
                -100.270364,20.967073,0
                -100.270099,20.965712,0
                -100.268939,20.963828,0
                -100.269147,20.962541,0
                -100.269879,20.960997,0
                -100.269793,20.959757,0
                -100.269474,20.958603,0
                -100.269745,20.957522,0
                -100.270441,20.957055,0
                -100.271136,20.956504,0
                -100.270518,20.955191,0
                -100.269318,20.954136,0
                -100.268538,20.953488,0
                -100.267388,20.952059,0
                -100.265996,20.950304,0
                -100.265618,20.949193,0
                -100.266423,20.948268,0
                -100.266811,20.947185,0
                -100.266255,20.945995,0
                -100.264831,20.945482,0
                -100.263636,20.944675,0
                -100.262607,20.943411,0
                -100.262699,20.942209,0
                -100.26276,20.939045,0
                -100.263005,20.926433,0
                -100.289062,20.927997,0
                -100.304443,20.928632,0
                -100.305857,20.923309,0
                -100.303145,20.91777,0
                -100.299266,20.915397,0
                -100.307901,20.908636,0
                -100.309221,20.907602,0
                -100.31907,20.901123,0
                -100.319897,20.900534,0
                -100.333531,20.890826,0
                -100.332249,20.882475,0
                -100.334389,20.8776,0
                -100.33528,20.875301,0
                -100.335512,20.874791,0
                -100.33596,20.873804,0
                -100.337294,20.87087,0
                -100.339624,20.867644,0
                -100.342934,20.863096,0
                -100.343396,20.862461,0
                -100.344107,20.861505,0
                -100.344201,20.861601,0
                -100.346008,20.859541,0
                -100.346089,20.859651,0
                -100.34638,20.859712,0
                -100.346699,20.859836,0
                -100.346978,20.859795,0
                -100.347264,20.859705,0
                -100.347573,20.859605,0
                -100.347843,20.8597,0
                -100.348245,20.85943,0
                -100.348523,20.859598,0
                -100.348801,20.859686,0
                -100.349107,20.859516,0
                -100.349015,20.859436,0
                -100.348978,20.859404,0
                -100.348536,20.858798,0
                -100.345841,20.8551,0
                -100.34634,20.853463,0
                -100.347034,20.851151,0
                -100.348102,20.847514,0
                -100.351147,20.846241,0
                -100.356196,20.844184,0
                -100.360243,20.842539,0
                -100.364929,20.840673,0
                -100.368409,20.839233,0
                -100.370122,20.83851,0
                -100.370165,20.837916,0
                -100.370136,20.833067,0
                -100.370557,20.83271,0
                -100.370991,20.83234,0
                -100.371308,20.832026,0
                -100.372441,20.829921,0
                -100.373277,20.829006,0
                -100.376648,20.827821,0
                -100.377005,20.827583,0
                -100.377454,20.827139,0
                -100.377617,20.82691,0
                -100.377791,20.826612,0
                -100.378088,20.826362,0
                -100.378125,20.826083,0
                -100.378762,20.82538,0
                -100.380697,20.823777,0
                -100.38253,20.822866,0
                -100.383443,20.821445,0
                -100.383755,20.818678,0
                -100.384314,20.817433,0
                -100.385051,20.816937,0
                -100.388666,20.814645,0
                -100.390095,20.813739,0
                -100.391496,20.812007,0
                -100.394943,20.809881,0
                -100.395576,20.809489,0
                -100.397522,20.80838,0
                -100.398293,20.80794,0
                -100.400427,20.806719,0
                -100.401526,20.806505,0
                -100.402097,20.806394,0
                -100.403153,20.806189,0
                -100.403219,20.806175,0
                -100.403297,20.806161,0
                -100.403394,20.806142,0
                -100.403452,20.80613,0
                -100.403531,20.806114,0
                -100.403582,20.806104,0
                -100.403642,20.806092,0
                -100.404404,20.805944,0
                -100.404447,20.805941,0
                -100.404462,20.805966,0
                -100.404546,20.805943,0
                -100.405374,20.805897,0
                -100.406346,20.805835,0
                -100.406432,20.805832,0
                -100.406249,20.805527,0
                -100.40619,20.805333,0
                -100.406075,20.805246,0
                -100.405946,20.805206,0
                -100.406304,20.804889,0
                -100.406671,20.8049,0
                -100.40701,20.804856,0
                -100.40724,20.8048,0
                -100.407068,20.803661,0
                -100.406684,20.803664,0
                -100.406529,20.803114,0
                -100.406521,20.803088,0
                -100.406458,20.80309,0
                -100.406034,20.802631,0
                -100.405983,20.802482,0
                -100.406174,20.802395,0
                -100.406026,20.802035,0
                -100.406014,20.801997,0
                -100.406002,20.80196,0
                -100.40528,20.800503,0
                -100.405179,20.800571,0
                -100.405096,20.799565,0
                -100.40518,20.799045,0
                -100.405202,20.7989,0
                -100.405227,20.798744,0
                -100.403016,20.798516,0
                -100.403024,20.797784,0
                -100.403029,20.797316,0
                -100.403034,20.796842,0
                -100.40306,20.794303,0
                -100.403074,20.79303,0
                -100.403099,20.790658,0
                -100.403133,20.787329,0
                -100.402854,20.786757,0
                -100.402643,20.786328,0
                -100.402625,20.786292,0
                -100.40205,20.78512,0
                -100.401808,20.784625,0
                -100.401061,20.783102,0
                -100.401536,20.782082,0
                -100.402469,20.780078,0
                -100.397674,20.778457,0
                -100.396459,20.777624,0
                -100.393613,20.776636,0
                -100.393592,20.776629,0
                -100.393543,20.776611,0
                -100.391897,20.77604,0
                -100.391857,20.776027,0
                -100.391483,20.775896,0
                -100.390107,20.775417,0
                -100.390054,20.7754,0
                -100.389161,20.775089,0
                -100.388229,20.774764,0
                -100.388189,20.774751,0
                -100.38701,20.774343,0
                -100.386793,20.774265,0
                -100.386368,20.774117,0
                -100.386282,20.774089,0
                -100.384703,20.773539,0
                -100.384526,20.773477,0
                -100.384462,20.773455,0
                -100.382532,20.772784,0
                -100.383405,20.77018,0
                -100.384056,20.768237,0
                -100.38461,20.766584,0
                -100.384622,20.766547,0
                -100.384711,20.766283,0
                -100.385345,20.764392,0
                -100.385492,20.76395,0
                -100.385506,20.763909,0
                -100.385918,20.76268,0
                -100.386375,20.761319,0
                -100.386388,20.761278,0
                -100.386545,20.760809,0
                -100.387079,20.759217,0
                -100.387246,20.758719,0
                -100.387664,20.757471,0
                -100.387758,20.75719,0
                -100.387779,20.757127,0
                -100.388779,20.754144,0
                -100.388554,20.75376,0
                -100.387868,20.752589,0
                -100.387103,20.751283,0
                -100.383775,20.745602,0
                -100.383973,20.743853,0
                -100.384045,20.743214,0
                -100.3841,20.742729,0
                -100.384306,20.740916,0
                -100.384476,20.739499,0
                -100.384898,20.735682,0
                -100.385367,20.731451,0
                -100.38524,20.731432,0
                -100.385451,20.729213,0
                -100.385474,20.724056,0
                -100.385942,20.721731,0
                -100.386992,20.716316,0
                -100.387256,20.713576,0
                -100.387671,20.709255,0
                -100.387115,20.70556,0
                -100.387081,20.705212,0
                -100.38736,20.697892,0
                -100.387471,20.69746,0
                -100.387679,20.696894,0
                -100.387715,20.696178,0
                -100.387709,20.696144,0
                -100.37258,20.6933,0
                -100.368984,20.69261,0
                -100.367907,20.692406,0
                -100.367855,20.692628,0
                -100.360222,20.690681,0
                -100.362362,20.687034,0
                -100.362759,20.686358,0
                -100.362603,20.686278,0
                -100.360449,20.686392,0
                -100.359408,20.686281,0
                -100.357612,20.686008,0
                -100.357414,20.685986,0
                -100.357216,20.685964,0
                -100.359297,20.681672,0
                -100.356197,20.680757,0
                -100.356107,20.680748,0
                -100.356068,20.680744,0
                -100.354153,20.680511,0
                -100.353066,20.679478,0
                -100.353039,20.679451,0
                -100.351026,20.677547,0
                -100.35098,20.677503,0
                -100.350716,20.677256,0
                -100.350977,20.676649,0
                -100.350993,20.676613,0
                -100.351344,20.675817,0
                -100.351358,20.675783,0
                -100.351536,20.675332,0
                -100.351614,20.674957,0
                -100.35162,20.674921,0
                -100.351943,20.673186,0
                -100.352062,20.672552,0
                -100.352075,20.672385,0
                -100.352135,20.671472,0
                -100.351923,20.668572,0
                -100.351186,20.668449,0
                -100.346247,20.667616,0
                -100.343297,20.667158,0
                -100.34284,20.667082,0
                -100.342863,20.664561,0
                -100.342912,20.663744,0
                -100.342989,20.66243,0
                -100.343034,20.661674,0
                -100.343039,20.661598,0
                -100.343046,20.661481,0
                -100.343107,20.660455,0
                -100.343189,20.659065,0
                -100.343208,20.658746,0
                -100.343381,20.655878,0
                -100.343521,20.653541,0
                -100.343889,20.647815,0
                -100.343963,20.646715,0
                -100.344042,20.645442,0
                -100.344106,20.644446,0
                -100.344126,20.644442,0
                -100.34425,20.642254,0
                -100.344286,20.641532,0
                -100.34432,20.640872,0
                -100.339732,20.641018,0
                -100.339947,20.639864,0
                -100.340233,20.638911,0
                -100.340216,20.638546,0
                -100.340003,20.637521,0
                -100.339981,20.637427,0
                -100.339776,20.63686,0
                -100.339566,20.635917,0
                -100.339159,20.634068,0
                -100.339144,20.633995,0
                -100.339134,20.633951,0
                -100.338943,20.633106,0
                -100.338729,20.632156,0
                -100.338406,20.630727,0
                -100.338235,20.629996,0
                -100.337921,20.628667,0
                -100.337549,20.627088,0
                -100.336818,20.627222,0
                -100.336846,20.627329,0
                -100.336795,20.627339,0
                -100.336544,20.627392,0
                -100.33646,20.627013,0
                -100.336428,20.626871,0
                -100.336396,20.626727,0
                -100.33672,20.626659,0
                -100.336822,20.626637,0
                -100.336889,20.626623,0
                -100.3371,20.626579,0
              </coordinates>
            </LinearRing>
          </outerBoundaryIs>
        </Polygon>
      </Placemark>
      <Placemark>
        <name>14</name>
        <description><![CDATA[Descripción: Distrito Local 14<br>ID: 14<br>ENTIDAD: 22<br>DISTRITO_L: 14<br>TIPO: 0<br>URL: https://ieeq.mx/elecciones/cartografia-electoral/Dto/14/#Res<br>Geometry1_: 1=X=f]]></description>
        <styleUrl>#poly-795548-4000-168</styleUrl>
        <ExtendedData>
          <Data name="Descripción">
            <value>Distrito Local 14</value>
          </Data>
          <Data name="ID">
            <value>14</value>
          </Data>
          <Data name="ENTIDAD">
            <value>22</value>
          </Data>
          <Data name="DISTRITO_L">
            <value>14</value>
          </Data>
          <Data name="TIPO">
            <value>0</value>
          </Data>
          <Data name="URL">
            <value>https://ieeq.mx/elecciones/cartografia-electoral/Dto/14/#Res</value>
          </Data>
          <Data name="Geometry1_">
            <value>1=X=f</value>
          </Data>
        </ExtendedData>
        <Polygon>
          <outerBoundaryIs>
            <LinearRing>
              <tessellate>1</tessellate>
              <coordinates>
                -99.738317,21.234582,0
                -99.738492,21.23421,0
                -99.738844,21.23392,0
                -99.739431,21.233588,0
                -99.740018,21.233174,0
                -99.740429,21.232677,0
                -99.740722,21.232388,0
                -99.740957,21.232139,0
                -99.74119,21.231601,0
                -99.741366,21.231229,0
                -99.741894,21.230856,0
                -99.742481,21.230442,0
                -99.742892,21.230111,0
                -99.743361,21.229862,0
                -99.743713,21.229531,0
                -99.744066,21.229283,0
                -99.744536,21.229199,0
                -99.744947,21.229157,0
                -99.7453,21.229116,0
                -99.745887,21.229074,0
                -99.745651,21.228702,0
                -99.745533,21.228164,0
                -99.745825,21.227626,0
                -99.746118,21.227295,0
                -99.746117,21.226758,0
                -99.746351,21.226261,0
                -99.746762,21.22593,0
                -99.746996,21.22531,0
                -99.747464,21.22473,0
                -99.747618,21.224486,0
                -99.747699,21.224358,0
                -99.747817,21.223855,0
                -99.747873,21.223613,0
                -99.748518,21.222868,0
                -99.748987,21.222247,0
                -99.749221,21.221585,0
                -99.749337,21.220965,0
                -99.750275,21.220261,0
                -99.75098,21.219764,0
                -99.75145,21.219639,0
                -99.75186,21.219391,0
                -99.752036,21.218894,0
                -99.752094,21.218894,0
                -99.752211,21.218439,0
                -99.752916,21.218314,0
                -99.753209,21.217818,0
                -99.753796,21.217776,0
                -99.7545,21.217072,0
                -99.755205,21.216823,0
                -99.755733,21.216326,0
                -99.755849,21.215706,0
                -99.756142,21.21554,0
                -99.756847,21.215084,0
                -99.757081,21.21467,0
                -99.758374,21.214834,0
                -99.759724,21.21413,0
                -99.760664,21.213922,0
                -99.761428,21.213838,0
                -99.762132,21.213341,0
                -99.76219,21.21301,0
                -99.762601,21.212596,0
                -99.763188,21.212347,0
                -99.763893,21.212305,0
                -99.76448,21.211891,0
                -99.764714,21.211601,0
                -99.76536,21.211063,0
                -99.766298,21.210276,0
                -99.766943,21.209489,0
                -99.767177,21.209034,0
                -99.767529,21.208662,0
                -99.767644,21.208,0
                -99.767791,21.207752,0
                -99.767937,21.207503,0
                -99.768113,21.207172,0
                -99.768818,21.207089,0
                -99.769464,21.206881,0
                -99.770285,21.206301,0
                -99.770872,21.206052,0
                -99.77193,21.205927,0
                -99.773282,21.205884,0
                -99.774164,21.205965,0
                -99.774928,21.206171,0
                -99.775751,21.206253,0
                -99.776104,21.206211,0
                -99.775631,21.205095,0
                -99.775687,21.204102,0
                -99.775743,21.203193,0
                -99.775918,21.202324,0
                -99.776032,21.201249,0
                -99.776206,21.200091,0
                -99.776379,21.199057,0
                -99.776377,21.198188,0
                -99.776728,21.197361,0
                -99.777019,21.196327,0
                -99.777368,21.195045,0
                -99.777779,21.194755,0
                -99.777896,21.194403,0
                -99.778012,21.194051,0
                -99.778715,21.193141,0
                -99.779537,21.192726,0
                -99.780301,21.19256,0
                -99.780947,21.192393,0
                -99.780314,21.1916,0
                -99.776761,21.187147,0
                -99.776583,21.186651,0
                -99.776112,21.186115,0
                -99.775758,21.185826,0
                -99.775346,21.185289,0
                -99.775344,21.184586,0
                -99.775165,21.1838,0
                -99.775399,21.183221,0
                -99.775633,21.182642,0
                -99.776102,21.182269,0
                -99.776454,21.182103,0
                -99.777863,21.181688,0
                -99.778626,21.181273,0
                -99.77933,21.180817,0
                -99.779799,21.180238,0
                -99.780092,21.179989,0
                -99.780679,21.179782,0
                -99.781208,21.179533,0
                -99.781618,21.179326,0
                -99.781794,21.179243,0
                -99.781935,21.177377,0
                -99.782289,21.177295,0
                -99.78282,21.177173,0
                -99.783292,21.177134,0
                -99.783703,21.1773,0
                -99.784055,21.177467,0
                -99.784644,21.177593,0
                -99.785173,21.177636,0
                -99.785645,21.177555,0
                -99.786116,21.17764,0
                -99.786763,21.177766,0
                -99.787645,21.177975,0
                -99.788585,21.178392,0
                -99.789228,21.179138,0
                -99.789754,21.179801,0
                -99.790221,21.180422,0
                -99.790865,21.181044,0
                -99.791626,21.181666,0
                -99.792273,21.181917,0
                -99.792917,21.182415,0
                -99.793387,21.182664,0
                -99.793974,21.182914,0
                -99.794857,21.183082,0
                -99.795269,21.183208,0
                -99.795855,21.18354,0
                -99.796031,21.183727,0
                -99.796206,21.183913,0
                -99.800068,21.178266,0
                -99.800802,21.178182,0
                -99.801536,21.178098,0
                -99.803122,21.177848,0
                -99.804356,21.177557,0
                -99.80506,21.177349,0
                -99.805881,21.17681,0
                -99.806644,21.176437,0
                -99.80811,21.175318,0
                -99.809284,21.174531,0
                -99.810339,21.173661,0
                -99.811394,21.172873,0
                -99.812391,21.171921,0
                -99.813386,21.170761,0
                -99.813709,21.170368,0
                -99.815581,21.16634,0
                -99.818586,21.166143,0
                -99.835662,21.157227,0
                -99.836669,21.156702,0
                -99.841608,21.157957,0
                -99.848528,21.162648,0
                -99.849294,21.162733,0
                -99.849819,21.163437,0
                -99.854173,21.164194,0
                -99.857531,21.164039,0
                -99.859006,21.163714,0
                -99.859602,21.162559,0
                -99.86078,21.162562,0
                -99.863431,21.162405,0
                -99.863783,21.162613,0
                -99.86496,21.162782,0
                -99.865311,21.163238,0
                -99.867077,21.163243,0
                -99.867962,21.163122,0
                -99.868492,21.163123,0
                -99.868961,21.163373,0
                -99.869549,21.16354,0
                -99.870079,21.163624,0
                -99.870314,21.163666,0
                -99.870844,21.163668,0
                -99.87786,21.162532,0
                -99.893196,21.174382,0
                -99.896208,21.179007,0
                -99.899803,21.181977,0
                -99.901281,21.18462,0
                -99.903068,21.184686,0
                -99.908686,21.184894,0
                -99.90912,21.185345,0
                -99.913766,21.185584,0
                -99.91502,21.187264,0
                -99.916078,21.187254,0
                -99.916877,21.18757,0
                -99.918117,21.18806,0
                -99.91866,21.188275,0
                -99.920155,21.188866,0
                -99.921497,21.187903,0
                -99.921672,21.187819,0
                -99.922792,21.188056,0
                -99.923796,21.188377,0
                -99.924444,21.188535,0
                -99.925031,21.188406,0
                -99.925855,21.18848,0
                -99.926444,21.188557,0
                -99.927922,21.189245,0
                -99.928809,21.189649,0
                -99.929339,21.189644,0
                -99.930816,21.190249,0
                -99.931351,21.190739,0
                -99.932592,21.191264,0
                -99.933418,21.191462,0
                -99.934359,21.191535,0
                -99.934946,21.191364,0
                -99.939611,21.193053,0
                -99.944052,21.195652,0
                -99.943002,21.201484,0
                -99.945733,21.203646,0
                -99.9434,21.205362,0
                -99.943584,21.206021,0
                -99.943409,21.206105,0
                -99.944922,21.209848,0
                -99.950066,21.212109,0
                -99.950011,21.207361,0
                -99.951252,21.207844,0
                -99.954035,21.204348,0
                -99.956301,21.20701,0
                -99.955935,21.210936,0
                -99.95722,21.215218,0
                -99.974436,21.218203,0
                -99.978381,21.218887,0
                -99.986471,21.217272,0
                -100.004562,21.19603,0
                -100.014668,21.189389,0
                -100.011364,21.188041,0
                -100.002272,21.181539,0
                -100.002101,21.182119,0
                -100.000808,21.182172,0
                -100.000123,21.178418,0
                -100.00112,21.17694,0
                -100.003542,21.173347,0
                -100.002823,21.17199,0
                -100.00246,21.171002,0
                -100.002272,21.169888,0
                -100.002428,21.167862,0
                -100.00417,21.165616,0
                -100.005741,21.163866,0
                -100.00748,21.161372,0
                -100.006414,21.160638,0
                -100.005175,21.160277,0
                -100.00417,21.159749,0
                -100.003169,21.159634,0
                -100.002402,21.159352,0
                -100.002042,21.158652,0
                -100.008371,21.150581,0
                -100.008428,21.150435,0
                -100.008486,21.15029,0
                -100.007824,21.148809,0
                -100.007819,21.148354,0
                -100.008052,21.148063,0
                -100.008987,21.147559,0
                -100.009452,21.146935,0
                -100.009383,21.145985,0
                -100.00979,21.145527,0
                -100.010129,21.14412,0
                -100.011181,21.14293,0
                -100.009381,21.139912,0
                -100.010299,21.137631,0
                -100.010637,21.136182,0
                -100.010512,21.135481,0
                -100.008971,21.134214,0
                -100.008681,21.131717,0
                -100.008241,21.130613,0
                -100.008391,21.12922,0
                -100.008741,21.128887,0
                -100.009149,21.128552,0
                -100.009434,21.127724,0
                -100.010192,21.127097,0
                -100.01085,21.127117,0
                -100.011251,21.127129,0
                -100.012547,21.127324,0
                -100.013494,21.127935,0
                -100.014023,21.127971,0
                -100.014426,21.127059,0
                -100.014467,21.126994,0
                -100.015004,21.126145,0
                -100.015643,21.125354,0
                -100.015675,21.125317,0
                -100.016224,21.124688,0
                -100.016678,21.123031,0
                -100.017021,21.122078,0
                -100.017894,21.121161,0
                -100.017888,21.120624,0
                -100.017883,21.120087,0
                -100.018465,21.119544,0
                -100.018985,21.118631,0
                -100.019686,21.11817,0
                -100.019969,21.117093,0
                -100.020054,21.116741,0
                -100.020138,21.116389,0
                -100.020431,21.116221,0
                -100.020714,21.115145,0
                -100.02082,21.114028,0
                -100.020635,21.113203,0
                -100.021569,21.112575,0
                -100.022207,21.11166,0
                -100.023022,21.110868,0
                -100.023715,21.109622,0
                -100.024353,21.108749,0
                -100.025283,21.10779,0
                -100.026276,21.107161,0
                -100.027508,21.106902,0
                -100.028199,21.105409,0
                -100.028943,21.103419,0
                -100.030653,21.098239,0
                -100.027181,21.097816,0
                -100.026809,21.09596,0
                -100.029792,21.094487,0
                -100.029401,21.09069,0
                -100.028684,21.089539,0
                -100.028013,21.087149,0
                -100.027238,21.086123,0
                -100.026642,21.085344,0
                -100.026216,21.083901,0
                -100.025499,21.082751,0
                -100.024539,21.080818,0
                -100.025166,21.078476,0
                -100.024081,21.076195,0
                -100.023942,21.074172,0
                -100.024329,21.071731,0
                -100.02365,21.068514,0
                -100.02221,21.065635,0
                -100.020724,21.063996,0
                -100.021181,21.062711,0
                -100.021573,21.060766,0
                -100.020387,21.059743,0
                -100.020084,21.058837,0
                -100.020197,21.058361,0
                -100.02031,21.057885,0
                -100.020183,21.056977,0
                -100.020053,21.05578,0
                -100.020809,21.054947,0
                -100.021466,21.053434,0
                -100.020996,21.053268,0
                -100.018936,21.053387,0
                -100.018707,21.052106,0
                -100.017766,21.051939,0
                -100.017301,21.050864,0
                -100.01642,21.050572,0
                -100.016304,21.050118,0
                -100.007271,21.044396,0
                -100.008039,21.043737,0
                -100.00899,21.041963,0
                -100.009698,21.041634,0
                -100.010229,21.041305,0
                -100.010643,21.040934,0
                -100.010998,21.040563,0
                -100.011061,21.03985,0
                -100.011777,21.037787,0
                -100.011666,21.036423,0
                -100.011905,21.035763,0
                -100.01238,21.034897,0
                -100.012442,21.034071,0
                -100.012387,21.033369,0
                -100.012332,21.032666,0
                -100.012217,21.032004,0
                -100.012043,21.031466,0
                -100.011694,21.030804,0
                -100.011286,21.02981,0
                -100.011997,21.028946,0
                -100.012537,21.0268,0
                -100.013072,21.025728,0
                -100.013663,21.025193,0
                -100.015017,21.024403,0
                -100.015138,21.024333,0
                -100.017385,21.022029,0
                -100.018153,21.021413,0
                -100.018921,21.020755,0
                -100.019701,21.017743,0
                -100.019295,21.016542,0
                -100.018828,21.015755,0
                -100.018326,21.015182,0
                -100.017482,21.01422,0
                -100.018123,21.014195,0
                -100.018424,21.014183,0
                -100.018486,21.013564,0
                -100.029191,21.01415,0
                -100.031128,21.015233,0
                -100.031946,21.01627,0
                -100.032707,21.0171,0
                -100.03394,21.017725,0
                -100.034584,21.018307,0
                -100.03564,21.019097,0
                -100.037049,21.019764,0
                -100.038105,21.020306,0
                -100.039809,21.020892,0
                -100.0411,21.0216,0
                -100.042274,21.022143,0
                -100.043448,21.022644,0
                -100.044564,21.023227,0
                -100.046269,21.023442,0
                -100.04809,21.024028,0
                -100.048318,21.025765,0
                -100.050786,21.026478,0
                -100.052429,21.027436,0
                -100.053424,21.028473,0
                -100.055011,21.028976,0
                -100.055718,21.02869,0
                -100.056542,21.028611,0
                -100.057542,21.028657,0
                -100.058483,21.028909,0
                -100.061769,21.030865,0
                -100.067087,21.025971,0
                -100.067769,21.024797,0
                -100.068451,21.023622,0
                -100.067298,21.018369,0
                -100.066125,21.017621,0
                -100.065598,21.016999,0
                -100.065188,21.01646,0
                -100.064661,21.015961,0
                -100.064077,21.015133,0
                -100.064139,21.01443,0
                -100.064141,21.013811,0
                -100.064087,21.012943,0
                -100.063854,21.012239,0
                -100.063388,21.01137,0
                -100.062862,21.010458,0
                -100.06216,21.00967,0
                -100.061692,21.00909,0
                -100.061519,21.008304,0
                -100.06123,21.007187,0
                -100.06094,21.006277,0
                -100.060239,21.005117,0
                -100.06851,20.994213,0
                -100.070418,20.991939,0
                -100.071652,20.992233,0
                -100.072247,20.990872,0
                -100.072719,20.990544,0
                -100.07331,20.989968,0
                -100.073547,20.989473,0
                -100.073668,20.988771,0
                -100.073319,20.987943,0
                -100.072911,20.987157,0
                -100.072208,20.986369,0
                -100.07133,20.985497,0
                -100.070218,20.984294,0
                -100.069517,20.983175,0
                -100.072821,20.980958,0
                -100.076308,20.977296,0
                -100.077622,20.972881,0
                -100.076216,20.971511,0
                -100.074577,20.969934,0
                -100.0737,20.968773,0
                -100.073057,20.96782,0
                -100.071826,20.966947,0
                -100.069712,20.966194,0
                -100.068354,20.954453,0
                -100.07236,20.952777,0
                -100.073955,20.951213,0
                -100.074576,20.949635,0
                -100.076811,20.943954,0
                -100.076815,20.942962,0
                -100.072117,20.941661,0
                -100.061086,20.936282,0
                -100.064499,20.935636,0
                -100.0921,20.930921,0
                -100.118733,20.922242,0
                -100.131193,20.925328,0
                -100.132248,20.926366,0
                -100.129059,20.93067,0
                -100.130048,20.934235,0
                -100.142168,20.933342,0
                -100.147703,20.931155,0
                -100.149692,20.934887,0
                -100.181106,20.933563,0
                -100.181165,20.931617,0
                -100.181236,20.929254,0
                -100.183282,20.931118,0
                -100.185108,20.932781,0
                -100.1967,20.931014,0
                -100.200167,20.932468,0
                -100.20505,20.932101,0
                -100.226193,20.921145,0
                -100.227602,20.922058,0
                -100.234255,20.919413,0
                -100.232847,20.91792,0
                -100.234321,20.916555,0
                -100.234028,20.916099,0
                -100.235502,20.914318,0
                -100.238329,20.91283,0
                -100.245674,20.899892,0
                -100.250553,20.891297,0
                -100.252373,20.888167,0
                -100.252501,20.887947,0
                -100.252615,20.887751,0
                -100.257224,20.879826,0
                -100.258997,20.87585,0
                -100.265184,20.86993,0
                -100.272096,20.855021,0
                -100.234507,20.86435,0
                -100.234448,20.864267,0
                -100.228273,20.865255,0
                -100.215172,20.838807,0
                -100.213825,20.836692,0
                -100.213473,20.836319,0
                -100.213239,20.835904,0
                -100.213064,20.835531,0
                -100.212948,20.834992,0
                -100.213007,20.834702,0
                -100.213185,20.834205,0
                -100.213303,20.833874,0
                -100.213128,20.833625,0
                -100.212658,20.833293,0
                -100.212306,20.833086,0
                -100.211836,20.832878,0
                -100.211484,20.832712,0
                -100.211309,20.832297,0
                -100.214074,20.831513,0
                -100.213151,20.824593,0
                -100.212093,20.824633,0
                -100.210858,20.825046,0
                -100.210505,20.825045,0
                -100.210271,20.824797,0
                -100.210154,20.824382,0
                -100.210214,20.824051,0
                -100.210391,20.823637,0
                -100.210568,20.82343,0
                -100.210804,20.823181,0
                -100.210981,20.822892,0
                -100.211334,20.822602,0
                -100.210409,20.817007,0
                -100.208454,20.80285,0
                -100.2084,20.802459,0
                -100.207468,20.795707,0
                -100.205591,20.794379,0
                -100.205475,20.793467,0
                -100.206656,20.791563,0
                -100.20009,20.785671,0
                -100.200027,20.773641,0
                -100.200013,20.770921,0
                -100.194895,20.771459,0
                -100.189492,20.772026,0
                -100.185191,20.77604,0
                -100.187183,20.778114,0
                -100.183653,20.779808,0
                -100.180947,20.780757,0
                -100.180949,20.78026,0
                -100.180221,20.76758,0
                -100.186509,20.76734,0
                -100.186983,20.765725,0
                -100.187105,20.764151,0
                -100.191456,20.762955,0
                -100.195162,20.761261,0
                -100.192124,20.755083,0
                -100.191391,20.752862,0
                -100.190551,20.750316,0
                -100.189147,20.74816,0
                -100.18504,20.746331,0
                -100.184519,20.743472,0
                -100.181415,20.740319,0
                -100.182047,20.73683,0
                -100.18209,20.736593,0
                -100.182668,20.733401,0
                -100.167814,20.730984,0
                -100.166228,20.730726,0
                -100.162822,20.730224,0
                -100.159618,20.721518,0
                -100.163556,20.720571,0
                -100.165728,20.721112,0
                -100.166901,20.72157,0
                -100.166992,20.720976,0
                -100.169536,20.704337,0
                -100.161907,20.702171,0
                -100.15868,20.701255,0
                -100.155108,20.697852,0
                -100.157634,20.69769,0
                -100.157282,20.697482,0
                -100.157402,20.696695,0
                -100.163857,20.698321,0
                -100.166324,20.698117,0
                -100.177785,20.695109,0
                -100.183287,20.680946,0
                -100.184057,20.678586,0
                -100.190794,20.663513,0
                -100.192603,20.657423,0
                -100.192613,20.657391,0
                -100.196958,20.642763,0
                -100.194445,20.638574,0
                -100.190166,20.636166,0
                -100.189235,20.633222,0
                -100.188148,20.628722,0
                -100.188068,20.628387,0
                -100.186994,20.623943,0
                -100.186555,20.622123,0
                -100.186173,20.620542,0
                -100.185858,20.619238,0
                -100.185753,20.618802,0
                -100.18555,20.617962,0
                -100.185319,20.617006,0
                -100.184753,20.614661,0
                -100.184584,20.613962,0
                -100.189175,20.609311,0
                -100.189458,20.609025,0
                -100.189121,20.605304,0
                -100.186943,20.603301,0
                -100.187298,20.60199,0
                -100.187447,20.60144,0
                -100.191883,20.589637,0
                -100.193878,20.589723,0
                -100.19388,20.588811,0
                -100.198646,20.58455,0
                -100.19941,20.584261,0
                -100.199997,20.58422,0
                -100.200261,20.58422,0
                -100.200525,20.584221,0
                -100.201523,20.584139,0
                -100.20193,20.584035,0
                -100.202169,20.583974,0
                -100.199576,20.579534,0
                -100.196608,20.574452,0
                -100.195114,20.571711,0
                -100.19362,20.56897,0
                -100.191837,20.564639,0
                -100.190868,20.562284,0
                -100.18946,20.562323,0
                -100.181409,20.562544,0
                -100.175421,20.562709,0
                -100.169251,20.565143,0
                -100.168105,20.565233,0
                -100.167296,20.565296,0
                -100.166167,20.565384,0
                -100.165861,20.565408,0
                -100.163553,20.565587,0
                -100.161261,20.566578,0
                -100.158324,20.566945,0
                -100.154974,20.567933,0
                -100.150352,20.567015,0
                -100.149582,20.566863,0
                -100.144406,20.565835,0
                -100.141116,20.566491,0
                -100.136708,20.568182,0
                -100.132362,20.568248,0
                -100.115317,20.568506,0
                -100.105989,20.568646,0
                -100.105926,20.56591,0
                -100.095247,20.564802,0
                -100.095396,20.579241,0
                -100.09199,20.578858,0
                -100.087525,20.579179,0
                -100.084412,20.578839,0
                -100.075311,20.577072,0
                -100.070234,20.576239,0
                -100.06376,20.575178,0
                -100.065301,20.584542,0
                -100.065512,20.589967,0
                -100.063618,20.607136,0
                -100.064015,20.610285,0
                -100.064011,20.611237,0
                -100.063497,20.621252,0
                -100.066313,20.620895,0
                -100.067251,20.620901,0
                -100.077612,20.625139,0
                -100.078556,20.633208,0
                -100.078969,20.63674,0
                -100.079648,20.642537,0
                -100.062933,20.648833,0
                -100.062318,20.649065,0
                -100.029062,20.649622,0
                -100.029178,20.649995,0
                -100.013047,20.650605,0
                -100.006454,20.652369,0
                -100.004414,20.652914,0
                -100.005072,20.650144,0
                -100.008197,20.646727,0
                -100.016549,20.641725,0
                -100.015808,20.637084,0
                -100.012813,20.638143,0
                -99.991609,20.636687,0
                -99.978517,20.635786,0
                -99.976119,20.634447,0
                -99.97551,20.633716,0
                -99.974868,20.6333,0
                -99.974049,20.632965,0
                -99.97317,20.632961,0
                -99.972409,20.632791,0
                -99.971765,20.632705,0
                -99.971239,20.632455,0
                -99.97136,20.631753,0
                -99.970833,20.631585,0
                -99.971072,20.630884,0
                -99.968728,20.630872,0
                -99.966382,20.631066,0
                -99.96445,20.630725,0
                -99.961639,20.630215,0
                -99.955668,20.628985,0
                -99.95584,20.626529,0
                -99.956266,20.620448,0
                -99.955898,20.620868,0
                -99.954898,20.621524,0
                -99.953606,20.62193,0
                -99.9529,20.622257,0
                -99.951845,20.622168,0
                -99.950673,20.622036,0
                -99.949558,20.622236,0
                -99.948618,20.622603,0
                -99.947386,20.622678,0
                -99.947146,20.623794,0
                -99.946672,20.624744,0
                -99.945096,20.623243,0
                -99.9413,20.620404,0
                -99.938372,20.619641,0
                -99.93305,20.62797,0
                -99.932294,20.626889,0
                -99.931775,20.625147,0
                -99.927608,20.625865,0
                -99.929394,20.631838,0
                -99.918362,20.633051,0
                -99.912822,20.62414,0
                -99.912631,20.623831,0
                -99.910119,20.619791,0
                -99.909555,20.618883,0
                -99.908622,20.617383,0
                -99.908338,20.616924,0
                -99.905805,20.61285,0
                -99.900773,20.610996,0
                -99.902148,20.606244,0
                -99.894603,20.6028,0
                -99.89709,20.598386,0
                -99.896213,20.597925,0
                -99.894167,20.596794,0
                -99.895841,20.589918,0
                -99.897227,20.584229,0
                -99.896526,20.583644,0
                -99.895058,20.58409,0
                -99.894234,20.584706,0
                -99.891184,20.584891,0
                -99.888944,20.585375,0
                -99.888593,20.586946,0
                -99.886895,20.586645,0
                -99.886647,20.589127,0
                -99.885823,20.589618,0
                -99.884763,20.590481,0
                -99.884701,20.591019,0
                -99.884406,20.591389,0
                -99.883994,20.591718,0
                -99.883815,20.592255,0
                -99.883928,20.592959,0
                -99.884333,20.593873,0
                -99.88433,20.594494,0
                -99.884094,20.594699,0
                -99.883739,20.595196,0
                -99.883444,20.59573,0
                -99.883265,20.596184,0
                -99.88332,20.596805,0
                -99.88291,20.596803,0
                -99.882908,20.597134,0
                -99.88109,20.596499,0
                -99.879982,20.596121,0
                -99.879269,20.596116,0
                -99.878634,20.596112,0
                -99.878047,20.596274,0
                -99.877403,20.596021,0
                -99.876641,20.595933,0
                -99.876525,20.595767,0
                -99.876409,20.595601,0
                -99.876059,20.595225,0
                -99.876061,20.594894,0
                -99.875833,20.593651,0
                -99.87566,20.593153,0
                -99.874616,20.5912,0
                -99.875847,20.591208,0
                -99.873155,20.590404,0
                -99.871854,20.590726,0
                -99.870797,20.590885,0
                -99.867956,20.590535,0
                -99.865114,20.590184,0
                -99.864341,20.58985,0
                -99.857032,20.590378,0
                -99.856562,20.590582,0
                -99.855797,20.591115,0
                -99.8558,20.590577,0
                -99.856039,20.589792,0
                -99.856159,20.589213,0
                -99.851491,20.585538,0
                -99.847656,20.579674,0
                -99.847258,20.577519,0
                -99.846936,20.57707,0
                -99.84499,20.574357,0
                -99.848985,20.572935,0
                -99.853197,20.574371,0
                -99.85498,20.570119,0
                -99.856944,20.56886,0
                -99.857216,20.568685,0
                -99.858097,20.568526,0
                -99.858802,20.568241,0
                -99.859917,20.567958,0
                -99.860681,20.567674,0
                -99.861151,20.567429,0
                -99.862671,20.568225,0
                -99.86349,20.568521,0
                -99.864308,20.568899,0
                -99.864774,20.56944,0
                -99.869744,20.569929,0
                -99.871113,20.557725,0
                -99.870002,20.557237,0
                -99.856379,20.55125,0
                -99.852791,20.55342,0
                -99.851268,20.553327,0
                -99.855186,20.544825,0
                -99.855948,20.544789,0
                -99.856417,20.54475,0
                -99.856594,20.544648,0
                -99.85677,20.544546,0
                -99.856831,20.544174,0
                -99.857242,20.544011,0
                -99.857535,20.544013,0
                -99.858061,20.544265,0
                -99.858353,20.544391,0
                -99.859318,20.544333,0
                -99.859585,20.544316,0
                -99.860933,20.544284,0
                -99.861638,20.543999,0
                -99.86205,20.543671,0
                -99.862346,20.543093,0
                -99.862584,20.542557,0
                -99.862588,20.541894,0
                -99.862474,20.541355,0
                -99.86172,20.53986,0
                -99.861312,20.539526,0
                -99.86055,20.539603,0
                -99.859844,20.53993,0
                -99.859256,20.54034,0
                -99.859074,20.541332,0
                -99.858953,20.542035,0
                -99.858186,20.542899,0
                -99.857364,20.543142,0
                -99.856486,20.543053,0
                -99.855781,20.543214,0
                -99.855193,20.543583,0
                -99.854722,20.544035,0
                -99.854367,20.544529,0
                -99.854134,20.54428,0
                -99.854019,20.543989,0
                -99.853375,20.543695,0
                -99.853025,20.543485,0
                -99.852618,20.542986,0
                -99.852151,20.542693,0
                -99.851626,20.542234,0
                -99.850397,20.541936,0
                -99.849695,20.541724,0
                -99.849462,20.54135,0
                -99.849172,20.540809,0
                -99.848528,20.540681,0
                -99.84841,20.54097,0
                -99.848407,20.541467,0
                -99.848229,20.541797,0
                -99.848048,20.542582,0
                -99.846577,20.543607,0
                -99.845754,20.543974,0
                -99.84534,20.544633,0
                -99.844869,20.545044,0
                -99.844846,20.545092,0
                -99.844632,20.545539,0
                -99.84416,20.546033,0
                -99.84281,20.546314,0
                -99.841931,20.546308,0
                -99.841287,20.546096,0
                -99.840764,20.545389,0
                -99.840237,20.545261,0
                -99.839709,20.545381,0
                -99.839124,20.545295,0
                -99.838773,20.545168,0
                -99.837542,20.545159,0
                -99.836544,20.545442,0
                -99.835955,20.545852,0
                -99.83531,20.545889,0
                -99.834551,20.545511,0
                -99.833967,20.545093,0
                -99.833033,20.544507,0
                -99.832332,20.543964,0
                -99.831632,20.543504,0
                -99.83134,20.543295,0
                -99.829992,20.543286,0
                -99.828293,20.543232,0
                -99.826302,20.542929,0
                -99.825482,20.542799,0
                -99.824312,20.542459,0
                -99.823553,20.541916,0
                -99.822503,20.541039,0
                -99.822435,20.541037,0
                -99.820452,20.540983,0
                -99.818573,20.54155,0
                -99.816927,20.542366,0
                -99.815816,20.542027,0
                -99.815498,20.542203,0
                -99.815015,20.542468,0
                -99.814017,20.543211,0
                -99.811966,20.543453,0
                -99.8105,20.544153,0
                -99.808914,20.545431,0
                -99.806628,20.545798,0
                -99.803993,20.545749,0
                -99.802818,20.54678,0
                -99.800468,20.548884,0
                -99.796888,20.550654,0
                -99.793955,20.552011,0
                -99.790029,20.55258,0
                -99.786804,20.55344,0
                -99.784691,20.554841,0
                -99.783923,20.556328,0
                -99.782099,20.558516,0
                -99.781394,20.559094,0
                -99.779458,20.559957,0
                -99.778755,20.559831,0
                -99.778581,20.559458,0
                -99.77751,20.558241,0
                -99.776409,20.559298,0
                -99.774956,20.56004,0
                -99.773659,20.560147,0
                -99.773017,20.559483,0
                -99.772083,20.55886,0
                -99.770795,20.558815,0
                -99.770031,20.559309,0
                -99.769619,20.559928,0
                -99.768738,20.560547,0
                -99.768342,20.560531,0
                -99.767625,20.560502,0
                -99.767099,20.560335,0
                -99.766279,20.56025,0
                -99.765576,20.560372,0
                -99.76534,20.560702,0
                -99.764753,20.56099,0
                -99.764051,20.560988,0
                -99.76153,20.561477,0
                -99.761277,20.561575,0
                -99.760763,20.561773,0
                -99.760357,20.561929,0
                -99.758684,20.562357,0
                -99.758598,20.562379,0
                -99.758503,20.56232,0
                -99.758189,20.562129,0
                -99.757702,20.561782,0
                -99.757664,20.561755,0
                -99.757616,20.561748,0
                -99.756552,20.561586,0
                -99.755671,20.562039,0
                -99.755259,20.562575,0
                -99.755082,20.562906,0
                -99.75501,20.563007,0
                -99.754972,20.563059,0
                -99.754938,20.563108,0
                -99.754923,20.563129,0
                -99.754895,20.563167,0
                -99.754846,20.563236,0
                -99.754376,20.56369,0
                -99.754127,20.563711,0
                -99.753907,20.56373,0
                -99.753147,20.563314,0
                -99.753125,20.563289,0
                -99.753103,20.563264,0
                -99.752623,20.562733,0
                -99.752097,20.562359,0
                -99.750928,20.561859,0
                -99.749701,20.561234,0
                -99.749392,20.560857,0
                -99.749293,20.560736,0
                -99.748995,20.560542,0
                -99.748592,20.560279,0
                -99.747914,20.560151,0
                -99.74748,20.560068,0
                -99.746369,20.559775,0
                -99.744493,20.560018,0
                -99.743499,20.559766,0
                -99.74262,20.559805,0
                -99.741799,20.560051,0
                -99.741271,20.560215,0
                -99.740861,20.56042,0
                -99.740332,20.560791,0
                -99.739687,20.560913,0
                -99.739277,20.560995,0
                -99.738983,20.561325,0
                -99.738687,20.561862,0
                -99.738334,20.562316,0
                -99.737805,20.56277,0
                -99.737277,20.563058,0
                -99.737275,20.563389,0
                -99.737275,20.563472,0
                -99.737156,20.563926,0
                -99.73657,20.564049,0
                -99.738594,20.56544,0
                -99.739956,20.566377,0
                -99.740895,20.566091,0
                -99.743582,20.567816,0
                -99.746269,20.569542,0
                -99.751508,20.570313,0
                -99.752296,20.570429,0
                -99.753227,20.570565,0
                -99.754096,20.570711,0
                -99.758912,20.571401,0
                -99.759177,20.571051,0
                -99.759442,20.5707,0
                -99.760173,20.570776,0
                -99.760671,20.570827,0
                -99.760708,20.571081,0
                -99.760785,20.571614,0
                -99.761428,20.572113,0
                -99.761134,20.572277,0
                -99.761131,20.572939,0
                -99.761128,20.573602,0
                -99.760703,20.577242,0
                -99.760057,20.577695,0
                -99.761385,20.582376,0
                -99.761145,20.583658,0
                -99.764458,20.589959,0
                -99.766267,20.591702,0
                -99.765509,20.591873,0
                -99.745387,20.596412,0
                -99.743458,20.596847,0
                -99.744565,20.597745,0
                -99.748479,20.600919,0
                -99.760934,20.629417,0
                -99.764671,20.637966,0
                -99.783336,20.637669,0
                -99.788872,20.637581,0
                -99.788563,20.64176,0
                -99.788969,20.642713,0
                -99.789201,20.643293,0
                -99.789432,20.644163,0
                -99.789428,20.64528,0
                -99.789716,20.646605,0
                -99.789939,20.649378,0
                -99.78964,20.650992,0
                -99.789343,20.65186,0
                -99.788694,20.653141,0
                -99.788748,20.6543,0
                -99.788743,20.655417,0
                -99.78833,20.656244,0
                -99.788208,20.657278,0
                -99.788027,20.658602,0
                -99.787495,20.6598,0
                -99.78743,20.661497,0
                -99.790488,20.658774,0
                -99.808371,20.656382,0
                -99.809007,20.658784,0
                -99.81,20.659449,0
                -99.810173,20.66036,0
                -99.810934,20.660527,0
                -99.81157,20.662805,0
                -99.812678,20.664215,0
                -99.813498,20.664342,0
                -99.813494,20.665542,0
                -99.814136,20.666206,0
                -99.814074,20.667116,0
                -99.814598,20.667862,0
                -99.816476,20.667371,0
                -99.816654,20.666792,0
                -99.817769,20.666422,0
                -99.81748,20.665304,0
                -99.81756,20.66526,0
                -99.81764,20.665216,0
                -99.818471,20.664758,0
                -99.818547,20.664716,0
                -99.818622,20.664675,0
                -99.819054,20.664437,0
                -99.819139,20.66439,0
                -99.819224,20.664343,0
                -99.819865,20.66399,0
                -99.819946,20.663945,0
                -99.820327,20.664389,0
                -99.820923,20.665084,0
                -99.821029,20.665207,0
                -99.821405,20.665645,0
                -99.822345,20.66511,0
                -99.823395,20.666272,0
                -99.823689,20.666152,0
                -99.82451,20.665819,0
                -99.826191,20.667959,0
                -99.826338,20.668146,0
                -99.827019,20.669012,0
                -99.826605,20.670046,0
                -99.828535,20.67092,0
                -99.829127,20.669308,0
                -99.831186,20.667244,0
                -99.832656,20.665965,0
                -99.833361,20.66547,0
                -99.833691,20.66517,0
                -99.846002,20.65408,0
                -99.849809,20.654793,0
                -99.853615,20.655506,0
                -99.853108,20.665291,0
                -99.853069,20.666043,0
                -99.853049,20.66643,0
                -99.853101,20.668251,0
                -99.853038,20.669699,0
                -99.851027,20.674826,0
                -99.852835,20.675599,0
                -99.857933,20.677781,0
                -99.857579,20.678318,0
                -99.855292,20.678685,0
                -99.856691,20.680881,0
                -99.858332,20.680803,0
                -99.85833,20.681341,0
                -99.859384,20.681798,0
                -99.860555,20.682091,0
                -99.860961,20.683458,0
                -99.857972,20.683243,0
                -99.857664,20.687422,0
                -99.856902,20.687545,0
                -99.856485,20.689571,0
                -99.857069,20.689945,0
                -99.856121,20.693088,0
                -99.865263,20.693648,0
                -99.865728,20.694684,0
                -99.861501,20.696495,0
                -99.860785,20.700383,0
                -99.861429,20.700591,0
                -99.861121,20.704853,0
                -99.864106,20.706102,0
                -99.864923,20.707138,0
                -99.865976,20.707969,0
                -99.866971,20.708219,0
                -99.867963,20.709546,0
                -99.861929,20.708414,0
                -99.855419,20.710426,0
                -99.854887,20.71059,0
                -99.854532,20.711376,0
                -99.850544,20.711863,0
                -99.842929,20.710271,0
                -99.843973,20.711786,0
                -99.843997,20.71182,0
                -99.844387,20.712386,0
                -99.844445,20.712593,0
                -99.84485,20.714042,0
                -99.849404,20.719433,0
                -99.849873,20.719393,0
                -99.867201,20.726801,0
                -99.865739,20.742854,0
                -99.859337,20.745777,0
                -99.857578,20.745938,0
                -99.850937,20.750061,0
                -99.845127,20.751578,0
                -99.84481,20.758198,0
                -99.844514,20.75886,0
                -99.843986,20.7589,0
                -99.843863,20.760513,0
                -99.845328,20.761014,0
                -99.845675,20.762215,0
                -99.84937,20.762099,0
                -99.850599,20.76293,0
                -99.851887,20.763388,0
                -99.856819,20.761869,0
                -99.859755,20.760593,0
                -99.862577,20.758655,0
                -99.864037,20.760314,0
                -99.865029,20.761806,0
                -99.867195,20.762928,0
                -99.870534,20.763805,0
                -99.873919,20.763247,0
                -99.872654,20.764655,0
                -99.86635,20.771676,0
                -99.862473,20.781489,0
                -99.862175,20.782272,0
                -99.861816,20.783345,0
                -99.861635,20.784129,0
                -99.860982,20.785282,0
                -99.860567,20.7859,0
                -99.860093,20.786599,0
                -99.858795,20.78746,0
                -99.833121,20.787437,0
                -99.823738,20.794159,0
                -99.823147,20.794569,0
                -99.82238,20.795185,0
                -99.816941,20.800442,0
                -99.816355,20.800232,0
                -99.815709,20.80027,0
                -99.815179,20.800432,0
                -99.814059,20.800921,0
                -99.81347,20.801207,0
                -99.812761,20.801781,0
                -99.81217,20.802315,0
                -99.81164,20.802518,0
                -99.81064,20.802719,0
                -99.8097,20.802713,0
                -99.808996,20.802585,0
                -99.808056,20.802538,0
                -99.807351,20.802534,0
                -99.806528,20.802612,0
                -99.806292,20.802735,0
                -99.806172,20.803147,0
                -99.805993,20.803518,0
                -99.805579,20.804053,0
                -99.805166,20.804174,0
                -99.80522,20.804918,0
                -99.805099,20.805496,0
                -99.804802,20.80599,0
                -99.804387,20.806608,0
                -99.804091,20.806936,0
                -99.803561,20.807181,0
                -99.803089,20.807509,0
                -99.802912,20.807591,0
                -99.801734,20.808038,0
                -99.801788,20.808741,0
                -99.801258,20.808986,0
                -99.800934,20.809087,0
                -99.80061,20.809188,0
                -99.799609,20.809554,0
                -99.79925,20.810461,0
                -99.798834,20.811244,0
                -99.798418,20.812068,0
                -99.798179,20.812686,0
                -99.797644,20.81351,0
                -99.798227,20.81434,0
                -99.798577,20.814714,0
                -99.799337,20.815255,0
                -99.800216,20.815633,0
                -99.803858,20.825117,0
                -99.803678,20.825736,0
                -99.805576,20.832276,0
                -99.807166,20.831749,0
                -99.807874,20.831381,0
                -99.808867,20.832337,0
                -99.809688,20.832549,0
                -99.810566,20.833215,0
                -99.811563,20.833427,0
                -99.812854,20.833807,0
                -99.813437,20.834596,0
                -99.814606,20.835512,0
                -99.815542,20.836261,0
                -99.816537,20.836845,0
                -99.817709,20.837513,0
                -99.818352,20.838013,0
                -99.82028,20.839801,0
                -99.820633,20.839803,0
                -99.822388,20.841053,0
                -99.818232,20.847806,0
                -99.817579,20.848835,0
                -99.817104,20.849617,0
                -99.816748,20.850152,0
                -99.816332,20.850894,0
                -99.816093,20.851554,0
                -99.815442,20.852294,0
                -99.814791,20.85291,0
                -99.814258,20.853609,0
                -99.81402,20.854021,0
                -99.813663,20.854721,0
                -99.813425,20.855216,0
                -99.813127,20.855875,0
                -99.812653,20.856451,0
                -99.812181,20.856696,0
                -99.810049,20.859328,0
                -99.806854,20.862491,0
                -99.805961,20.864387,0
                -99.809653,20.86633,0
                -99.8243,20.87404,0
                -99.838718,20.871396,0
                -99.84383,20.871797,0
                -99.846713,20.874296,0
                -99.861492,20.887103,0
                -99.881436,20.904775,0
                -99.874672,20.905193,0
                -99.869675,20.905165,0
                -99.873919,20.923412,0
                -99.863922,20.92348,0
                -99.832224,20.923838,0
                -99.805361,20.919359,0
                -99.790106,20.916813,0
                -99.79606,20.923667,0
                -99.795797,20.928004,0
                -99.801798,20.936924,0
                -99.80625,20.949017,0
                -99.798942,20.951329,0
                -99.796994,20.952516,0
                -99.789159,20.954329,0
                -99.768535,20.951352,0
                -99.749696,20.948631,0
                -99.741061,20.94707,0
                -99.741115,20.947772,0
                -99.741112,20.948309,0
                -99.740753,20.949134,0
                -99.740279,20.949669,0
                -99.740035,20.950866,0
                -99.739795,20.951609,0
                -99.739554,20.952393,0
                -99.739081,20.952804,0
                -99.738901,20.953217,0
                -99.739192,20.953672,0
                -99.739129,20.954251,0
                -99.739009,20.954663,0
                -99.739062,20.955448,0
                -99.739351,20.956276,0
                -99.73964,20.956979,0
                -99.73993,20.957559,0
                -99.740041,20.958551,0
                -99.740212,20.959254,0
                -99.740148,20.959956,0
                -99.740201,20.960782,0
                -99.740254,20.961733,0
                -99.740192,20.962187,0
                -99.739951,20.962971,0
                -99.739593,20.963631,0
                -99.739353,20.964373,0
                -99.738933,20.965611,0
                -99.736937,20.964984,0
                -99.736058,20.964484,0
                -99.73559,20.964152,0
                -99.735297,20.964068,0
                -99.735181,20.963737,0
                -99.735183,20.963531,0
                -99.735361,20.963284,0
                -99.735715,20.963161,0
                -99.73601,20.962956,0
                -99.736306,20.962709,0
                -99.736485,20.962296,0
                -99.736135,20.961882,0
                -99.735726,20.961509,0
                -99.735317,20.961135,0
                -99.734848,20.960885,0
                -99.734143,20.960841,0
                -99.732199,20.961164,0
                -99.730676,20.960249,0
                -99.730273,20.959132,0
                -99.730278,20.95843,0
                -99.730223,20.95781,0
                -99.730404,20.95715,0
                -99.730584,20.956696,0
                -99.730764,20.956201,0
                -99.730826,20.955664,0
                -99.730476,20.95525,0
                -99.72989,20.954999,0
                -99.729303,20.954832,0
                -99.72913,20.954253,0
                -99.729194,20.953551,0
                -99.729197,20.953096,0
                -99.729435,20.952808,0
                -99.729614,20.952354,0
                -99.729499,20.951982,0
                -99.729385,20.951568,0
                -99.729211,20.951113,0
                -99.729097,20.950617,0
                -99.728983,20.950121,0
                -99.728872,20.949253,0
                -99.726401,20.949243,0
                -99.725813,20.949282,0
                -99.725399,20.949652,0
                -99.725044,20.94994,0
                -99.724396,20.950103,0
                -99.723925,20.950101,0
                -99.723573,20.949975,0
                -99.723398,20.949768,0
                -99.721808,20.950092,0
                -99.721102,20.950089,0
                -99.720632,20.950088,0
                -99.719692,20.949836,0
                -99.711875,20.965628,0
                -99.704461,20.965969,0
                -99.698986,20.966525,0
                -99.694169,20.981874,0
                -99.692532,20.988945,0
                -99.692287,20.990005,0
                -99.687239,20.988414,0
                -99.686822,20.989073,0
                -99.68103,20.984711,0
                -99.674224,20.994165,0
                -99.67364,20.994976,0
                -99.667229,21.00388,0
                -99.657567,21.01477,0
                -99.693583,21.022153,0
                -99.692777,21.026973,0
                -99.688861,21.049669,0
                -99.687932,21.054746,0
                -99.686967,21.060019,0
                -99.685304,21.069102,0
                -99.685067,21.069258,0
                -99.685041,21.069211,0
                -99.684265,21.069602,0
                -99.684401,21.069696,0
                -99.681427,21.071652,0
                -99.681227,21.071783,0
                -99.680938,21.071982,0
                -99.680852,21.072041,0
                -99.680111,21.07255,0
                -99.679098,21.073247,0
                -99.676437,21.075076,0
                -99.678852,21.075938,0
                -99.678838,21.075962,0
                -99.678329,21.076607,0
                -99.67837,21.07661,0
                -99.678508,21.076616,0
                -99.678856,21.076382,0
                -99.679393,21.076151,0
                -99.679397,21.076133,0
                -99.679623,21.076214,0
                -99.679548,21.076327,0
                -99.679695,21.076667,0
                -99.679947,21.076845,0
                -99.680076,21.076802,0
                -99.68058,21.076637,0
                -99.6807,21.076598,0
                -99.692037,21.080645,0
                -99.690964,21.085327,0
                -99.689324,21.092481,0
                -99.689951,21.092784,0
                -99.68953,21.094656,0
                -99.688735,21.098191,0
                -99.688644,21.102074,0
                -99.688307,21.116532,0
                -99.693982,21.117339,0
                -99.701777,21.118447,0
                -99.694573,21.137545,0
                -99.706138,21.159075,0
                -99.705961,21.159219,0
                -99.705783,21.159363,0
                -99.706242,21.161017,0
                -99.706892,21.160814,0
                -99.70772,21.16028,0
                -99.708429,21.159911,0
                -99.709021,21.159583,0
                -99.709613,21.159172,0
                -99.710145,21.158885,0
                -99.711264,21.158889,0
                -99.711673,21.159263,0
                -99.711789,21.159594,0
                -99.711905,21.159842,0
                -99.712139,21.160091,0
                -99.71249,21.160423,0
                -99.712606,21.16063,0
                -99.712663,21.160961,0
                -99.712835,21.16154,0
                -99.713068,21.161995,0
                -99.713184,21.162244,0
                -99.713593,21.1627,0
                -99.713884,21.163155,0
                -99.714411,21.163612,0
                -99.714879,21.164068,0
                -99.715229,21.164483,0
                -99.715696,21.165063,0
                -99.715634,21.165476,0
                -99.715456,21.165764,0
                -99.715394,21.166218,0
                -99.715451,21.166384,0
                -99.711259,21.167854,0
                -99.712001,21.169235,0
                -99.714863,21.174561,0
                -99.71622,21.182623,0
                -99.714001,21.183777,0
                -99.713692,21.183937,0
                -99.69724,21.192493,0
                -99.696456,21.192901,0
                -99.694284,21.19403,0
                -99.693289,21.194508,0
                -99.692822,21.194732,0
                -99.691647,21.195289,0
                -99.690635,21.195811,0
                -99.689409,21.196443,0
                -99.688088,21.197123,0
                -99.686616,21.197884,0
                -99.686478,21.197953,0
                -99.686249,21.199914,0
                -99.686223,21.20013,0
                -99.686131,21.20092,0
                -99.686058,21.201541,0
                -99.685106,21.209677,0
                -99.685077,21.210926,0
                -99.685053,21.211937,0
                -99.683714,21.221573,0
                -99.702621,21.230653,0
                -99.738317,21.234582,0
              </coordinates>
            </LinearRing>
          </outerBoundaryIs>
        </Polygon>
      </Placemark>
      <Placemark>
        <name>15</name>
        <description><![CDATA[Descripción: Distrito Local 15<br>ID: 15<br>ENTIDAD: 22<br>DISTRITO_L: 15<br>TIPO: 0<br>URL: https://ieeq.mx/elecciones/cartografia-electoral/Dto/15/#Res<br>Geometry1_: 1=X=]]></description>
        <styleUrl>#poly-9C27B0-4000-168</styleUrl>
        <ExtendedData>
          <Data name="Descripción">
            <value>Distrito Local 15</value>
          </Data>
          <Data name="ID">
            <value>15</value>
          </Data>
          <Data name="ENTIDAD">
            <value>22</value>
          </Data>
          <Data name="DISTRITO_L">
            <value>15</value>
          </Data>
          <Data name="TIPO">
            <value>0</value>
          </Data>
          <Data name="URL">
            <value>https://ieeq.mx/elecciones/cartografia-electoral/Dto/15/#Res</value>
          </Data>
          <Data name="Geometry1_">
            <value>1=X=</value>
          </Data>
        </ExtendedData>
        <Polygon>
          <outerBoundaryIs>
            <LinearRing>
              <tessellate>1</tessellate>
              <coordinates>
                -99.201985,21.692631,0
                -99.202579,21.691683,0
                -99.203112,21.691065,0
                -99.203823,21.690407,0
                -99.203889,21.688673,0
                -99.203538,21.687475,0
                -99.203246,21.686565,0
                -99.202365,21.685242,0
                -99.200774,21.684206,0
                -99.19706,21.682338,0
                -99.194523,21.681713,0
                -99.193107,21.68142,0
                -99.19228,21.681253,0
                -99.190746,21.680836,0
                -99.189449,21.680296,0
                -99.18839,21.679261,0
                -99.186742,21.67777,0
                -99.185625,21.676198,0
                -99.185158,21.674669,0
                -99.185875,21.672524,0
                -99.187415,21.671083,0
                -99.188601,21.669848,0
                -99.190553,21.668697,0
                -99.191856,21.667792,0
                -99.193749,21.666765,0
                -99.194991,21.666107,0
                -99.196883,21.665534,0
                -99.198478,21.665332,0
                -99.200308,21.665626,0
                -99.202196,21.665919,0
                -99.203908,21.666089,0
                -99.205678,21.666547,0
                -99.207506,21.667337,0
                -99.209158,21.667671,0
                -99.210751,21.668005,0
                -99.212347,21.667514,0
                -99.215125,21.66686,0
                -99.216483,21.666698,0
                -99.217666,21.666247,0
                -99.218674,21.664887,0
                -99.218618,21.664185,0
                -99.218679,21.663442,0
                -99.218213,21.661666,0
                -99.217802,21.66088,0
                -99.217569,21.660054,0
                -99.217455,21.658815,0
                -99.217282,21.657452,0
                -99.217286,21.656379,0
                -99.217232,21.654933,0
                -99.217175,21.654231,0
                -99.217473,21.653571,0
                -99.217889,21.652788,0
                -99.218185,21.652541,0
                -99.219429,21.65114,0
                -99.219785,21.650852,0
                -99.220735,21.649244,0
                -99.221031,21.64875,0
                -99.222039,21.647596,0
                -99.222337,21.646812,0
                -99.222577,21.645698,0
                -99.222462,21.644748,0
                -99.222642,21.643716,0
                -99.223531,21.642769,0
                -99.224181,21.642647,0
                -99.225191,21.640709,0
                -99.225435,21.638521,0
                -99.225203,21.637282,0
                -99.224971,21.636043,0
                -99.224915,21.634969,0
                -99.224978,21.633855,0
                -99.22569,21.632659,0
                -99.226755,21.631918,0
                -99.22835,21.631633,0
                -99.229885,21.631596,0
                -99.231361,21.63164,0
                -99.232188,21.631436,0
                -99.232662,21.6309,0
                -99.233136,21.630323,0
                -99.233374,21.629994,0
                -99.233849,21.62921,0
                -99.23548,21.627261,0
                -99.237726,21.625643,0
                -99.23885,21.624937,0
                -99.240564,21.623568,0
                -99.241806,21.622282,0
                -99.242398,21.620749,0
                -99.242518,21.618472,0
                -99.242518,21.617809,0
                -99.243938,21.615405,0
                -99.245297,21.614285,0
                -99.246539,21.613496,0
                -99.247484,21.612998,0
                -99.248962,21.612747,0
                -99.250794,21.611875,0
                -99.252095,21.610755,0
                -99.254517,21.610378,0
                -99.256231,21.610251,0
                -99.257531,21.610415,0
                -99.259776,21.611447,0
                -99.261135,21.611569,0
                -99.26273,21.611276,0
                -99.264089,21.611108,0
                -99.265271,21.610527,0
                -99.266631,21.609986,0
                -99.268522,21.608658,0
                -99.269822,21.608283,0
                -99.272305,21.606374,0
                -99.274136,21.606122,0
                -99.275909,21.606202,0
                -99.277445,21.607111,0
                -99.278862,21.608144,0
                -99.279512,21.608391,0
                -99.280694,21.607809,0
                -99.280872,21.607064,0
                -99.281108,21.606359,0
                -99.280577,21.605615,0
                -99.280282,21.604166,0
                -99.280755,21.602881,0
                -99.280815,21.601846,0
                -99.281524,21.600892,0
                -99.281111,21.599029,0
                -99.281939,21.596792,0
                -99.281821,21.595342,0
                -99.281828,21.595255,0
                -99.281852,21.594933,0
                -99.281909,21.594147,0
                -99.28194,21.593727,0
                -99.281941,21.591864,0
                -99.281882,21.590125,0
                -99.281706,21.588883,0
                -99.281234,21.587103,0
                -99.280939,21.585405,0
                -99.280762,21.583708,0
                -99.280408,21.582839,0
                -99.279522,21.582053,0
                -99.278932,21.581723,0
                -99.278105,21.58102,0
                -99.277692,21.579406,0
                -99.277811,21.578246,0
                -99.277575,21.576797,0
                -99.277044,21.575225,0
                -99.27669,21.5739,0
                -99.275804,21.572866,0
                -99.275332,21.571997,0
                -99.274624,21.570756,0
                -99.274329,21.56968,0
                -99.274093,21.56819,0
                -99.273976,21.566533,0
                -99.274035,21.566119,0
                -99.274567,21.564462,0
                -99.275454,21.563591,0
                -99.276576,21.562802,0
                -99.277463,21.561931,0
                -99.278408,21.561225,0
                -99.280476,21.559731,0
                -99.281126,21.559523,0
                -99.282189,21.559148,0
                -99.283429,21.55898,0
                -99.285143,21.558356,0
                -99.286324,21.558023,0
                -99.286678,21.558064,0
                -99.288037,21.558227,0
                -99.289454,21.558432,0
                -99.290872,21.557601,0
                -99.291286,21.557062,0
                -99.291109,21.556275,0
                -99.290814,21.554951,0
                -99.290578,21.553874,0
                -99.290106,21.553088,0
                -99.289752,21.551888,0
                -99.289338,21.551392,0
                -99.289634,21.550273,0
                -99.289812,21.549776,0
                -99.290638,21.549692,0
                -99.290816,21.549609,0
                -99.291702,21.548696,0
                -99.29182,21.548447,0
                -99.29247,21.548239,0
                -99.293533,21.547575,0
                -99.294707,21.546233,0
                -99.2973,21.543914,0
                -99.297651,21.54259,0
                -99.298061,21.54135,0
                -99.299003,21.540025,0
                -99.30024,21.538866,0
                -99.302125,21.537002,0
                -99.303361,21.535429,0
                -99.304834,21.534021,0
                -99.306188,21.53249,0
                -99.308075,21.53166,0
                -99.309315,21.531947,0
                -99.31097,21.532978,0
                -99.312448,21.533885,0
                -99.313452,21.534214,0
                -99.315282,21.534169,0
                -99.316994,21.534001,0
                -99.317938,21.533834,0
                -99.319589,21.533046,0
                -99.323132,21.533783,0
                -99.324845,21.534194,0
                -99.326263,21.534729,0
                -99.327563,21.535016,0
                -99.328922,21.535509,0
                -99.329749,21.535921,0
                -99.331463,21.536662,0
                -99.33294,21.537279,0
                -99.334655,21.538723,0
                -99.335899,21.540457,0
                -99.336847,21.541737,0
                -99.337677,21.543017,0
                -99.338862,21.544668,0
                -99.340636,21.546112,0
                -99.342056,21.547266,0
                -99.343653,21.548462,0
                -99.345604,21.549699,0
                -99.347141,21.550357,0
                -99.348737,21.551222,0
                -99.349683,21.551634,0
                -99.351041,21.551879,0
                -99.352163,21.551836,0
                -99.353462,21.551792,0
                -99.354584,21.551955,0
                -99.355883,21.5522,0
                -99.357064,21.552322,0
                -99.357832,21.552486,0
                -99.359428,21.55302,0
                -99.36055,21.553225,0
                -99.362144,21.553428,0
                -99.363384,21.55326,0
                -99.364505,21.55301,0
                -99.367394,21.551599,0
                -99.369575,21.550519,0
                -99.370991,21.549938,0
                -99.371993,21.549605,0
                -99.373586,21.549064,0
                -99.375098,21.548527,0
                -99.376397,21.547199,0
                -99.376515,21.545335,0
                -99.376455,21.541774,0
                -99.376631,21.539579,0
                -99.376749,21.537549,0
                -99.376984,21.535768,0
                -99.37722,21.533531,0
                -99.378578,21.531706,0
                -99.378577,21.530422,0
                -99.378459,21.528973,0
                -99.377395,21.526905,0
                -99.375446,21.52604,0
                -99.373911,21.525588,0
                -99.372375,21.525136,0
                -99.371312,21.523523,0
                -99.370367,21.522117,0
                -99.370662,21.520874,0
                -99.37137,21.519755,0
                -99.372255,21.518013,0
                -99.372491,21.516895,0
                -99.372963,21.516024,0
                -99.373317,21.514698,0
                -99.373199,21.512959,0
                -99.372962,21.511717,0
                -99.37308,21.509895,0
                -99.373316,21.508818,0
                -99.373079,21.507244,0
                -99.373374,21.50625,0
                -99.374909,21.504341,0
                -99.375912,21.503097,0
                -99.376621,21.502019,0
                -99.377093,21.501396,0
                -99.378332,21.500441,0
                -99.3791,21.499777,0
                -99.380871,21.499358,0
                -99.381638,21.49886,0
                -99.38276,21.498402,0
                -99.384059,21.498399,0
                -99.384236,21.499102,0
                -99.385122,21.499763,0
                -99.386421,21.500671,0
                -99.387188,21.499758,0
                -99.387365,21.497811,0
                -99.387246,21.496031,0
                -99.387009,21.493547,0
                -99.386241,21.492389,0
                -99.385237,21.490776,0
                -99.383937,21.488212,0
                -99.383524,21.486598,0
                -99.384054,21.485313,0
                -99.383168,21.483244,0
                -99.382105,21.480927,0
                -99.382635,21.47869,0
                -99.383757,21.477735,0
                -99.384701,21.476076,0
                -99.386176,21.472843,0
                -99.388241,21.470477,0
                -99.388771,21.467784,0
                -99.389538,21.46654,0
                -99.389065,21.464388,0
                -99.38995,21.463558,0
                -99.391072,21.463389,0
                -99.39237,21.463842,0
                -99.393138,21.464627,0
                -99.394024,21.464873,0
                -99.39544,21.464787,0
                -99.396266,21.464371,0
                -99.398568,21.463496,0
                -99.398391,21.462171,0
                -99.398567,21.461135,0
                -99.398449,21.459686,0
                -99.397385,21.457991,0
                -99.396795,21.456626,0
                -99.396145,21.455343,0
                -99.396026,21.453977,0
                -99.396498,21.453065,0
                -99.396674,21.451367,0
                -99.396969,21.450413,0
                -99.397736,21.449335,0
                -99.398503,21.44867,0
                -99.39803,21.447678,0
                -99.397204,21.446893,0
                -99.396908,21.44561,0
                -99.397202,21.443828,0
                -99.397851,21.442957,0
                -99.398618,21.442334,0
                -99.399622,21.442373,0
                -99.400743,21.442329,0
                -99.401746,21.442078,0
                -99.402572,21.441207,0
                -99.402277,21.44042,0
                -99.401863,21.43922,0
                -99.401803,21.438268,0
                -99.402039,21.437191,0
                -99.402393,21.43603,0
                -99.402628,21.434953,0
                -99.402864,21.434166,0
                -99.403159,21.433171,0
                -99.40363,21.431803,0
                -99.404055,21.430728,0
                -99.404934,21.428783,0
                -99.405522,21.428038,0
                -99.406465,21.427829,0
                -99.40741,21.42824,0
                -99.408414,21.428652,0
                -99.409594,21.428856,0
                -99.411423,21.428893,0
                -99.412484,21.428684,0
                -99.414843,21.428513,0
                -99.415492,21.428677,0
                -99.416617,21.429956,0
                -99.417622,21.430656,0
                -99.418391,21.431481,0
                -99.419397,21.432388,0
                -99.420404,21.433667,0
                -99.421706,21.435111,0
                -99.422949,21.436555,0
                -99.424546,21.438081,0
                -99.425494,21.439401,0
                -99.426974,21.441093,0
                -99.427744,21.442,0
                -99.429046,21.44332,0
                -99.430347,21.444392,0
                -99.431709,21.445877,0
                -99.433366,21.447691,0
                -99.43455,21.44897,0
                -99.435908,21.449463,0
                -99.444389,21.444895,0
                -99.446802,21.443028,0
                -99.448218,21.442983,0
                -99.450166,21.443433,0
                -99.452114,21.443842,0
                -99.454062,21.444168,0
                -99.456128,21.444576,0
                -99.457544,21.44482,0
                -99.460613,21.445225,0
                -99.465866,21.445708,0
                -99.470174,21.446317,0
                -99.472758,21.442713,0
                -99.475106,21.439524,0
                -99.473925,21.43899,0
                -99.472802,21.438455,0
                -99.471797,21.437755,0
                -99.4702,21.436602,0
                -99.471083,21.435764,0
                -99.472674,21.435515,0
                -99.474087,21.434646,0
                -99.475442,21.433528,0
                -99.477386,21.433279,0
                -99.478859,21.433443,0
                -99.48051,21.43369,0
                -99.481747,21.433152,0
                -99.483043,21.433151,0
                -99.484456,21.432323,0
                -99.485574,21.430172,0
                -99.48622,21.428187,0
                -99.486984,21.425995,0
                -99.487336,21.424795,0
                -99.488041,21.422645,0
                -99.489336,21.421445,0
                -99.492399,21.42045,0
                -99.496228,21.419579,0
                -99.499527,21.418873,0
                -99.502767,21.418374,0
                -99.507423,21.419858,0
                -99.50878,21.420601,0
                -99.511492,21.422377,0
                -99.513261,21.423657,0
                -99.514146,21.424318,0
                -99.515208,21.425102,0
                -99.517271,21.425762,0
                -99.520631,21.427082,0
                -99.522105,21.427825,0
                -99.523108,21.428237,0
                -99.52629,21.428234,0
                -99.523964,21.4342,0
                -99.529516,21.437703,0
                -99.540678,21.443506,0
                -99.545521,21.446099,0
                -99.553377,21.451122,0
                -99.557909,21.451519,0
                -99.562678,21.454987,0
                -99.565403,21.456968,0
                -99.573551,21.466344,0
                -99.577061,21.473923,0
                -99.581988,21.476319,0
                -99.597453,21.483836,0
                -99.599181,21.488275,0
                -99.600228,21.489938,0
                -99.601349,21.490032,0
                -99.602281,21.49128,0
                -99.60343,21.492133,0
                -99.606431,21.493173,0
                -99.623396,21.51341,0
                -99.631842,21.523482,0
                -99.63363,21.526423,0
                -99.637495,21.532781,0
                -99.639823,21.536399,0
                -99.643814,21.545322,0
                -99.646576,21.546877,0
                -99.649825,21.553148,0
                -99.654718,21.560509,0
                -99.654906,21.560749,0
                -99.659271,21.566337,0
                -99.660128,21.569486,0
                -99.665923,21.575285,0
                -99.666794,21.576987,0
                -99.67295,21.569482,0
                -99.682859,21.571434,0
                -99.698628,21.572199,0
                -99.69956,21.571711,0
                -99.704921,21.568909,0
                -99.706557,21.570949,0
                -99.709068,21.572039,0
                -99.713634,21.57257,0
                -99.747448,21.578365,0
                -99.750274,21.56177,0
                -99.751003,21.557486,0
                -99.753132,21.544986,0
                -99.753719,21.544282,0
                -99.752882,21.540108,0
                -99.752309,21.540299,0
                -99.751644,21.540276,0
                -99.751348,21.54007,0
                -99.751288,21.539533,0
                -99.751464,21.539243,0
                -99.751818,21.539201,0
                -99.752112,21.5392,0
                -99.752761,21.539323,0
                -99.751922,21.534487,0
                -99.752512,21.534486,0
                -99.752982,21.534154,0
                -99.753394,21.533657,0
                -99.753271,21.531838,0
                -99.750906,21.529694,0
                -99.749237,21.523579,0
                -99.751711,21.522746,0
                -99.752359,21.522455,0
                -99.753125,21.522329,0
                -99.754067,21.521872,0
                -99.755009,21.521291,0
                -99.755537,21.520463,0
                -99.755829,21.51947,0
                -99.756238,21.518104,0
                -99.756412,21.517194,0
                -99.756528,21.516491,0
                -99.756585,21.515623,0
                -99.756878,21.515002,0
                -99.757759,21.513884,0
                -99.75876,21.513468,0
                -99.760116,21.513547,0
                -99.761295,21.513503,0
                -99.762473,21.513045,0
                -99.763413,21.512092,0
                -99.763942,21.511429,0
                -99.76553,21.510144,0
                -99.766117,21.509398,0
                -99.767176,21.508486,0
                -99.768118,21.507946,0
                -99.769472,21.507488,0
                -99.770415,21.507238,0
                -99.771709,21.50649,0
                -99.772179,21.505662,0
                -99.772764,21.504131,0
                -99.773527,21.503302,0
                -99.774468,21.502266,0
                -99.775173,21.501727,0
                -99.775936,21.500361,0
                -99.776463,21.499202,0
                -99.777049,21.498125,0
                -99.777458,21.49709,0
                -99.777631,21.495808,0
                -99.777805,21.494733,0
                -99.77744,21.494485,0
                -99.776617,21.494314,0
                -99.776148,21.494064,0
                -99.775679,21.49373,0
                -99.775331,21.493067,0
                -99.775217,21.492488,0
                -99.775043,21.492032,0
                -99.774692,21.4917,0
                -99.774283,21.491243,0
                -99.774463,21.490665,0
                -99.774702,21.490171,0
                -99.774824,21.489511,0
                -99.774945,21.488974,0
                -99.775006,21.488562,0
                -99.774773,21.48823,0
                -99.774362,21.488145,0
                -99.773716,21.487851,0
                -99.77313,21.487517,0
                -99.772837,21.487268,0
                -99.772664,21.486688,0
                -99.772728,21.485986,0
                -99.772966,21.48545,0
                -99.773029,21.484872,0
                -99.773267,21.484543,0
                -99.773797,21.484464,0
                -99.77421,21.484301,0
                -99.774388,21.484013,0
                -99.774277,21.482979,0
                -99.774408,21.480997,0
                -99.774117,21.480458,0
                -99.773884,21.480002,0
                -99.77365,21.479835,0
                -99.773652,21.479546,0
                -99.773712,21.47934,0
                -99.772547,21.477556,0
                -99.773661,21.4781,0
                -99.773384,21.475495,0
                -99.773681,21.475084,0
                -99.774036,21.474673,0
                -99.774334,21.474096,0
                -99.774574,21.473478,0
                -99.774931,21.472902,0
                -99.775287,21.472326,0
                -99.775526,21.471831,0
                -99.776001,21.471132,0
                -99.776416,21.470638,0
                -99.776714,21.470144,0
                -99.776714,21.470062,0
                -99.776893,21.469732,0
                -99.776836,21.469484,0
                -99.776719,21.469318,0
                -99.776426,21.469192,0
                -99.775602,21.469229,0
                -99.77513,21.469391,0
                -99.77454,21.469594,0
                -99.774244,21.469881,0
                -99.774008,21.469963,0
                -99.773951,21.46959,0
                -99.774071,21.469261,0
                -99.774132,21.46893,0
                -99.774016,21.468641,0
                -99.773843,21.468185,0
                -99.773492,21.467852,0
                -99.772848,21.467353,0
                -99.772555,21.467062,0
                -99.772264,21.466647,0
                -99.77209,21.466191,0
                -99.772034,21.465819,0
                -99.772272,21.465366,0
                -99.77251,21.464913,0
                -99.772865,21.464667,0
                -99.773103,21.464338,0
                -99.773284,21.463595,0
                -99.773465,21.462935,0
                -99.773644,21.462523,0
                -99.773941,21.462153,0
                -99.774356,21.46166,0
                -99.77477,21.461332,0
                -99.774977,21.461106,0
                -99.775185,21.46088,0
                -99.775598,21.460635,0
                -99.775953,21.460347,0
                -99.776248,21.460184,0
                -99.776721,21.459939,0
                -99.777017,21.459651,0
                -99.777136,21.459404,0
                -99.777021,21.45899,0
                -99.776729,21.458699,0
                -99.776377,21.458408,0
                -99.775733,21.457991,0
                -99.775382,21.457658,0
                -99.77509,21.457243,0
                -99.774916,21.456912,0
                -99.774799,21.456704,0
                -99.774803,21.456209,0
                -99.774688,21.455712,0
                -99.77475,21.455258,0
                -99.774753,21.454762,0
                -99.774874,21.454267,0
                -99.774758,21.453977,0
                -99.775114,21.453525,0
                -99.775412,21.452948,0
                -99.775532,21.452618,0
                -99.776911,21.448578,0
                -99.777862,21.447137,0
                -99.778041,21.446725,0
                -99.778044,21.446353,0
                -99.777063,21.443249,0
                -99.776248,21.441922,0
                -99.77625,21.441632,0
                -99.776544,21.441634,0
                -99.777191,21.441638,0
                -99.779561,21.439049,0
                -99.779681,21.438761,0
                -99.779447,21.438553,0
                -99.778979,21.438054,0
                -99.779397,21.437189,0
                -99.779818,21.435704,0
                -99.780118,21.43488,0
                -99.780357,21.434261,0
                -99.780653,21.433933,0
                -99.780478,21.433684,0
                -99.780009,21.433433,0
                -99.779131,21.432725,0
                -99.778958,21.432146,0
                -99.779021,21.431609,0
                -99.779203,21.430742,0
                -99.779384,21.43,0
                -99.778159,21.428381,0
                -99.776869,21.427629,0
                -99.776107,21.427294,0
                -99.77552,21.427084,0
                -99.774992,21.42675,0
                -99.774643,21.42617,0
                -99.774644,21.426062,0
                -99.774648,21.425467,0
                -99.774729,21.425254,0
                -99.774947,21.424684,0
                -99.775304,21.424067,0
                -99.775897,21.423326,0
                -99.77643,21.422793,0
                -99.776906,21.42201,0
                -99.777559,21.421064,0
                -99.77827,21.420325,0
                -99.779038,21.41971,0
                -99.779455,21.418968,0
                -99.779695,21.418226,0
                -99.779936,21.41736,0
                -99.779765,21.416532,0
                -99.779771,21.415541,0
                -99.779773,21.415148,0
                -99.779776,21.414756,0
                -99.779684,21.414557,0
                -99.77879,21.412634,0
                -99.776062,21.406759,0
                -99.775592,21.406715,0
                -99.775061,21.406959,0
                -99.774531,21.40708,0
                -99.773648,21.407157,0
                -99.773003,21.406906,0
                -99.772653,21.406449,0
                -99.772126,21.406074,0
                -99.77207,21.40566,0
                -99.772367,21.405084,0
                -99.772784,21.40426,0
                -99.772966,21.403476,0
                -99.773207,21.402527,0
                -99.773391,21.401413,0
                -99.773453,21.400938,0
                -99.773515,21.400463,0
                -99.773459,21.40005,0
                -99.774243,21.39882,0
                -99.774477,21.398158,0
                -99.774652,21.397537,0
                -99.774769,21.397289,0
                -99.774886,21.397041,0
                -99.774942,21.395883,0
                -99.775058,21.395345,0
                -99.775763,21.394972,0
                -99.776233,21.394641,0
                -99.776879,21.393978,0
                -99.777229,21.392737,0
                -99.777257,21.392262,0
                -99.777285,21.391786,0
                -99.777164,21.390546,0
                -99.777134,21.390153,0
                -99.777103,21.38976,0
                -99.776926,21.389223,0
                -99.776807,21.388851,0
                -99.776865,21.388396,0
                -99.777099,21.3879,0
                -99.776626,21.38728,0
                -99.776448,21.386495,0
                -99.775917,21.385917,0
                -99.775149,21.384925,0
                -99.774794,21.384223,0
                -99.774557,21.383396,0
                -99.774672,21.382693,0
                -99.774906,21.382031,0
                -99.775316,21.38108,0
                -99.775667,21.380459,0
                -99.775665,21.379839,0
                -99.775691,21.379645,0
                -99.775781,21.37897,0
                -99.775955,21.378184,0
                -99.776249,21.377853,0
                -99.77616,21.377502,0
                -99.776115,21.377326,0
                -99.776093,21.377238,0
                -99.77607,21.37715,0
                -99.775892,21.376241,0
                -99.775772,21.375414,0
                -99.77577,21.374753,0
                -99.77565,21.373926,0
                -99.775471,21.373016,0
                -99.775646,21.372189,0
                -99.77582,21.37172,0
                -99.775938,21.371403,0
                -99.776055,21.37101,0
                -99.776171,21.370617,0
                -99.776346,21.369997,0
                -99.77614,21.369728,0
                -99.776036,21.369594,0
                -99.775933,21.36946,0
                -99.775462,21.369316,0
                -99.774991,21.369171,0
                -99.774108,21.368966,0
                -99.773519,21.368843,0
                -99.773107,21.368678,0
                -99.772694,21.368513,0
                -99.772106,21.368472,0
                -99.771694,21.368535,0
                -99.771282,21.368598,0
                -99.770753,21.368722,0
                -99.770282,21.368682,0
                -99.770046,21.368475,0
                -99.770017,21.36831,0
                -99.769987,21.368144,0
                -99.769868,21.367855,0
                -99.769868,21.367566,0
                -99.769304,21.365706,0
                -99.76874,21.363846,0
                -99.768621,21.36306,0
                -99.768796,21.362647,0
                -99.769147,21.361902,0
                -99.769734,21.361157,0
                -99.770143,21.360247,0
                -99.770847,21.359336,0
                -99.771315,21.358426,0
                -99.771549,21.357722,0
                -99.771547,21.356937,0
                -99.771545,21.356234,0
                -99.771308,21.355572,0
                -99.771365,21.354993,0
                -99.771482,21.354538,0
                -99.771834,21.354331,0
                -99.772246,21.354207,0
                -99.772775,21.354123,0
                -99.773245,21.353792,0
                -99.773538,21.353295,0
                -99.773947,21.352137,0
                -99.77471,21.351474,0
                -99.775473,21.350812,0
                -99.776001,21.350232,0
                -99.776587,21.349404,0
                -99.777115,21.348783,0
                -99.777291,21.348411,0
                -99.777229,21.347419,0
                -99.777285,21.346302,0
                -99.777165,21.34531,0
                -99.777281,21.344483,0
                -99.777632,21.343986,0
                -99.777749,21.343531,0
                -99.777824,21.343247,0
                -99.777565,21.343235,0
                -99.777727,21.34275,0
                -99.777888,21.342264,0
                -99.780899,21.337645,0
                -99.784308,21.332518,0
                -99.784786,21.331301,0
                -99.784908,21.330148,0
                -99.78489,21.328753,0
                -99.784878,21.327869,0
                -99.787791,21.329622,0
                -99.784003,21.32015,0
                -99.781086,21.315514,0
                -99.780795,21.314691,0
                -99.780739,21.314523,0
                -99.780655,21.314354,0
                -99.780602,21.314289,0
                -99.780119,21.313366,0
                -99.780025,21.313156,0
                -99.779935,21.313028,0
                -99.779908,21.313006,0
                -99.779739,21.312901,0
                -99.779427,21.312723,0
                -99.779042,21.312676,0
                -99.778998,21.312655,0
                -99.778947,21.312631,0
                -99.777893,21.312129,0
                -99.777397,21.311893,0
                -99.777228,21.311812,0
                -99.776805,21.311611,0
                -99.776382,21.31141,0
                -99.775298,21.310893,0
                -99.772186,21.309261,0
                -99.772296,21.308863,0
                -99.772445,21.308597,0
                -99.772394,21.308202,0
                -99.772355,21.308024,0
                -99.771194,21.307451,0
                -99.770264,21.30676,0
                -99.767945,21.304801,0
                -99.766907,21.303458,0
                -99.765723,21.30335,0
                -99.765339,21.301435,0
                -99.762998,21.298173,0
                -99.757894,21.29214,0
                -99.756886,21.292078,0
                -99.755493,21.292148,0
                -99.752425,21.291783,0
                -99.750375,21.292868,0
                -99.736449,21.300234,0
                -99.734161,21.301444,0
                -99.733804,21.303982,0
                -99.734251,21.308281,0
                -99.734761,21.309263,0
                -99.734713,21.309522,0
                -99.734877,21.309484,0
                -99.735017,21.309754,0
                -99.735539,21.310498,0
                -99.736008,21.310955,0
                -99.736583,21.311745,0
                -99.737253,21.312885,0
                -99.733817,21.313079,0
                -99.731788,21.313193,0
                -99.728457,21.31338,0
                -99.726264,21.313504,0
                -99.723764,21.313644,0
                -99.718911,21.313917,0
                -99.715575,21.313758,0
                -99.715169,21.313758,0
                -99.714211,21.31401,0
                -99.713971,21.314286,0
                -99.713497,21.31477,0
                -99.710735,21.315049,0
                -99.709611,21.314873,0
                -99.707565,21.314546,0
                -99.705697,21.313403,0
                -99.705252,21.314051,0
                -99.704317,21.316865,0
                -99.693419,21.314654,0
                -99.681091,21.305333,0
                -99.678086,21.304223,0
                -99.673061,21.295136,0
                -99.672522,21.291167,0
                -99.67147,21.289353,0
                -99.670749,21.288111,0
                -99.671099,21.286658,0
                -99.671387,21.284875,0
                -99.671731,21.28251,0
                -99.671549,21.281348,0
                -99.670778,21.2806,0
                -99.670774,21.279812,0
                -99.670003,21.279064,0
                -99.670117,21.278193,0
                -99.669168,21.277196,0
                -99.669519,21.276367,0
                -99.66993,21.275786,0
                -99.670519,21.275331,0
                -99.671285,21.274917,0
                -99.671993,21.27471,0
                -99.672938,21.274587,0
                -99.674651,21.274465,0
                -99.675478,21.274341,0
                -99.675713,21.274134,0
                -99.676477,21.273098,0
                -99.676061,21.272434,0
                -99.676766,21.271605,0
                -99.677115,21.270319,0
                -99.67729,21.269697,0
                -99.677702,21.269407,0
                -99.678115,21.269283,0
                -99.678349,21.268619,0
                -99.68004,21.263477,0
                -99.700049,21.259228,0
                -99.700429,21.251635,0
                -99.698789,21.241468,0
                -99.690004,21.235261,0
                -99.683714,21.221573,0
                -99.685053,21.211937,0
                -99.685077,21.210926,0
                -99.685106,21.209677,0
                -99.686058,21.201541,0
                -99.686131,21.20092,0
                -99.686223,21.20013,0
                -99.686249,21.199914,0
                -99.686478,21.197953,0
                -99.686616,21.197884,0
                -99.688088,21.197123,0
                -99.689409,21.196443,0
                -99.690635,21.195811,0
                -99.691647,21.195289,0
                -99.692822,21.194732,0
                -99.693289,21.194508,0
                -99.694284,21.19403,0
                -99.696456,21.192901,0
                -99.69724,21.192493,0
                -99.713692,21.183937,0
                -99.714001,21.183777,0
                -99.71622,21.182623,0
                -99.714863,21.174561,0
                -99.712001,21.169235,0
                -99.711259,21.167854,0
                -99.715451,21.166384,0
                -99.715394,21.166218,0
                -99.715456,21.165764,0
                -99.715634,21.165476,0
                -99.715696,21.165063,0
                -99.715229,21.164483,0
                -99.714879,21.164068,0
                -99.714411,21.163612,0
                -99.713884,21.163155,0
                -99.713593,21.1627,0
                -99.713184,21.162244,0
                -99.713068,21.161995,0
                -99.712835,21.16154,0
                -99.712663,21.160961,0
                -99.712606,21.16063,0
                -99.71249,21.160423,0
                -99.712139,21.160091,0
                -99.711905,21.159842,0
                -99.711789,21.159594,0
                -99.711673,21.159263,0
                -99.711264,21.158889,0
                -99.710145,21.158885,0
                -99.709613,21.159172,0
                -99.709021,21.159583,0
                -99.708429,21.159911,0
                -99.70772,21.16028,0
                -99.706892,21.160814,0
                -99.706242,21.161017,0
                -99.705783,21.159363,0
                -99.705961,21.159219,0
                -99.706138,21.159075,0
                -99.694573,21.137545,0
                -99.701777,21.118447,0
                -99.693982,21.117339,0
                -99.688307,21.116532,0
                -99.688644,21.102074,0
                -99.688735,21.098191,0
                -99.68953,21.094656,0
                -99.689951,21.092784,0
                -99.689324,21.092481,0
                -99.690964,21.085327,0
                -99.692037,21.080645,0
                -99.6807,21.076598,0
                -99.68058,21.076637,0
                -99.680076,21.076802,0
                -99.679947,21.076845,0
                -99.679695,21.076667,0
                -99.679548,21.076327,0
                -99.679623,21.076214,0
                -99.679397,21.076133,0
                -99.679393,21.076151,0
                -99.678856,21.076382,0
                -99.678508,21.076616,0
                -99.67837,21.07661,0
                -99.678329,21.076607,0
                -99.678838,21.075962,0
                -99.678852,21.075938,0
                -99.676437,21.075076,0
                -99.679098,21.073247,0
                -99.680111,21.07255,0
                -99.680852,21.072041,0
                -99.680938,21.071982,0
                -99.681227,21.071783,0
                -99.681427,21.071652,0
                -99.684401,21.069696,0
                -99.684265,21.069602,0
                -99.685041,21.069211,0
                -99.685067,21.069258,0
                -99.685304,21.069102,0
                -99.686967,21.060019,0
                -99.687932,21.054746,0
                -99.688861,21.049669,0
                -99.692777,21.026973,0
                -99.693583,21.022153,0
                -99.657567,21.01477,0
                -99.667229,21.00388,0
                -99.67364,20.994976,0
                -99.674224,20.994165,0
                -99.68103,20.984711,0
                -99.686822,20.989073,0
                -99.687239,20.988414,0
                -99.692287,20.990005,0
                -99.692532,20.988945,0
                -99.694169,20.981874,0
                -99.698986,20.966525,0
                -99.704461,20.965969,0
                -99.711875,20.965628,0
                -99.719692,20.949836,0
                -99.720632,20.950088,0
                -99.721102,20.950089,0
                -99.721808,20.950092,0
                -99.723398,20.949768,0
                -99.723573,20.949975,0
                -99.723925,20.950101,0
                -99.724396,20.950103,0
                -99.725044,20.94994,0
                -99.725399,20.949652,0
                -99.725813,20.949282,0
                -99.726401,20.949243,0
                -99.728872,20.949253,0
                -99.728983,20.950121,0
                -99.729097,20.950617,0
                -99.729211,20.951113,0
                -99.729385,20.951568,0
                -99.729499,20.951982,0
                -99.729614,20.952354,0
                -99.729435,20.952808,0
                -99.729197,20.953096,0
                -99.729194,20.953551,0
                -99.72913,20.954253,0
                -99.729303,20.954832,0
                -99.72989,20.954999,0
                -99.730476,20.95525,0
                -99.730826,20.955664,0
                -99.730764,20.956201,0
                -99.730584,20.956696,0
                -99.730404,20.95715,0
                -99.730223,20.95781,0
                -99.730278,20.95843,0
                -99.730273,20.959132,0
                -99.730676,20.960249,0
                -99.732199,20.961164,0
                -99.734143,20.960841,0
                -99.734848,20.960885,0
                -99.735317,20.961135,0
                -99.735726,20.961509,0
                -99.736135,20.961882,0
                -99.736485,20.962296,0
                -99.736306,20.962709,0
                -99.73601,20.962956,0
                -99.735715,20.963161,0
                -99.735361,20.963284,0
                -99.735183,20.963531,0
                -99.735181,20.963737,0
                -99.735297,20.964068,0
                -99.73559,20.964152,0
                -99.736058,20.964484,0
                -99.736937,20.964984,0
                -99.738933,20.965611,0
                -99.739353,20.964373,0
                -99.739593,20.963631,0
                -99.739951,20.962971,0
                -99.740192,20.962187,0
                -99.740254,20.961733,0
                -99.740201,20.960782,0
                -99.740148,20.959956,0
                -99.740212,20.959254,0
                -99.740041,20.958551,0
                -99.73993,20.957559,0
                -99.73964,20.956979,0
                -99.739351,20.956276,0
                -99.739062,20.955448,0
                -99.739009,20.954663,0
                -99.739129,20.954251,0
                -99.739192,20.953672,0
                -99.738901,20.953217,0
                -99.739081,20.952804,0
                -99.739554,20.952393,0
                -99.739795,20.951609,0
                -99.740035,20.950866,0
                -99.740279,20.949669,0
                -99.740753,20.949134,0
                -99.741112,20.948309,0
                -99.741115,20.947772,0
                -99.741061,20.94707,0
                -99.749696,20.948631,0
                -99.768535,20.951352,0
                -99.789159,20.954329,0
                -99.796994,20.952516,0
                -99.798942,20.951329,0
                -99.80625,20.949017,0
                -99.801798,20.936924,0
                -99.795797,20.928004,0
                -99.79606,20.923667,0
                -99.790106,20.916813,0
                -99.805361,20.919359,0
                -99.832224,20.923838,0
                -99.863922,20.92348,0
                -99.873919,20.923412,0
                -99.869675,20.905165,0
                -99.874672,20.905193,0
                -99.881436,20.904775,0
                -99.861492,20.887103,0
                -99.846713,20.874296,0
                -99.84383,20.871797,0
                -99.838718,20.871396,0
                -99.8243,20.87404,0
                -99.809653,20.86633,0
                -99.805961,20.864387,0
                -99.806854,20.862491,0
                -99.810049,20.859328,0
                -99.812181,20.856696,0
                -99.812653,20.856451,0
                -99.813127,20.855875,0
                -99.813425,20.855216,0
                -99.813663,20.854721,0
                -99.81402,20.854021,0
                -99.814258,20.853609,0
                -99.814791,20.85291,0
                -99.815442,20.852294,0
                -99.816093,20.851554,0
                -99.816332,20.850894,0
                -99.816748,20.850152,0
                -99.817104,20.849617,0
                -99.817579,20.848835,0
                -99.818232,20.847806,0
                -99.822388,20.841053,0
                -99.820633,20.839803,0
                -99.82028,20.839801,0
                -99.818352,20.838013,0
                -99.817709,20.837513,0
                -99.816537,20.836845,0
                -99.815542,20.836261,0
                -99.814606,20.835512,0
                -99.813437,20.834596,0
                -99.812854,20.833807,0
                -99.811563,20.833427,0
                -99.810566,20.833215,0
                -99.809688,20.832549,0
                -99.808867,20.832337,0
                -99.807874,20.831381,0
                -99.807166,20.831749,0
                -99.805576,20.832276,0
                -99.803678,20.825736,0
                -99.803858,20.825117,0
                -99.800216,20.815633,0
                -99.799337,20.815255,0
                -99.798577,20.814714,0
                -99.798227,20.81434,0
                -99.797644,20.81351,0
                -99.798179,20.812686,0
                -99.798418,20.812068,0
                -99.798834,20.811244,0
                -99.79925,20.810461,0
                -99.799609,20.809554,0
                -99.80061,20.809188,0
                -99.800934,20.809087,0
                -99.801258,20.808986,0
                -99.801788,20.808741,0
                -99.801734,20.808038,0
                -99.802912,20.807591,0
                -99.803089,20.807509,0
                -99.803561,20.807181,0
                -99.804091,20.806936,0
                -99.804387,20.806608,0
                -99.804802,20.80599,0
                -99.805099,20.805496,0
                -99.80522,20.804918,0
                -99.805166,20.804174,0
                -99.805579,20.804053,0
                -99.805993,20.803518,0
                -99.806172,20.803147,0
                -99.806292,20.802735,0
                -99.806528,20.802612,0
                -99.807351,20.802534,0
                -99.808056,20.802538,0
                -99.808996,20.802585,0
                -99.8097,20.802713,0
                -99.81064,20.802719,0
                -99.81164,20.802518,0
                -99.81217,20.802315,0
                -99.812761,20.801781,0
                -99.81347,20.801207,0
                -99.814059,20.800921,0
                -99.815179,20.800432,0
                -99.815709,20.80027,0
                -99.816355,20.800232,0
                -99.816941,20.800442,0
                -99.82238,20.795185,0
                -99.823147,20.794569,0
                -99.823738,20.794159,0
                -99.833121,20.787437,0
                -99.858795,20.78746,0
                -99.860093,20.786599,0
                -99.860567,20.7859,0
                -99.860982,20.785282,0
                -99.861635,20.784129,0
                -99.861816,20.783345,0
                -99.862175,20.782272,0
                -99.862473,20.781489,0
                -99.86635,20.771676,0
                -99.872654,20.764655,0
                -99.873919,20.763247,0
                -99.870534,20.763805,0
                -99.867195,20.762928,0
                -99.865029,20.761806,0
                -99.864037,20.760314,0
                -99.862577,20.758655,0
                -99.859755,20.760593,0
                -99.856819,20.761869,0
                -99.851887,20.763388,0
                -99.850599,20.76293,0
                -99.84937,20.762099,0
                -99.845675,20.762215,0
                -99.845328,20.761014,0
                -99.843863,20.760513,0
                -99.843986,20.7589,0
                -99.844514,20.75886,0
                -99.84481,20.758198,0
                -99.845127,20.751578,0
                -99.850937,20.750061,0
                -99.857578,20.745938,0
                -99.859337,20.745777,0
                -99.865739,20.742854,0
                -99.867201,20.726801,0
                -99.849873,20.719393,0
                -99.849404,20.719433,0
                -99.84485,20.714042,0
                -99.844445,20.712593,0
                -99.844387,20.712386,0
                -99.843997,20.71182,0
                -99.843973,20.711786,0
                -99.842929,20.710271,0
                -99.850544,20.711863,0
                -99.854532,20.711376,0
                -99.854887,20.71059,0
                -99.855419,20.710426,0
                -99.861929,20.708414,0
                -99.867963,20.709546,0
                -99.866971,20.708219,0
                -99.865976,20.707969,0
                -99.864923,20.707138,0
                -99.864106,20.706102,0
                -99.861121,20.704853,0
                -99.861429,20.700591,0
                -99.860785,20.700383,0
                -99.861501,20.696495,0
                -99.865728,20.694684,0
                -99.865263,20.693648,0
                -99.856121,20.693088,0
                -99.857069,20.689945,0
                -99.856485,20.689571,0
                -99.856902,20.687545,0
                -99.857664,20.687422,0
                -99.857972,20.683243,0
                -99.860961,20.683458,0
                -99.860555,20.682091,0
                -99.859384,20.681798,0
                -99.85833,20.681341,0
                -99.858332,20.680803,0
                -99.856691,20.680881,0
                -99.855292,20.678685,0
                -99.857579,20.678318,0
                -99.857933,20.677781,0
                -99.852835,20.675599,0
                -99.851027,20.674826,0
                -99.853038,20.669699,0
                -99.853101,20.668251,0
                -99.853049,20.66643,0
                -99.853069,20.666043,0
                -99.853108,20.665291,0
                -99.853615,20.655506,0
                -99.849809,20.654793,0
                -99.846002,20.65408,0
                -99.833691,20.66517,0
                -99.833361,20.66547,0
                -99.832656,20.665965,0
                -99.831186,20.667244,0
                -99.829127,20.669308,0
                -99.828535,20.67092,0
                -99.826605,20.670046,0
                -99.827019,20.669012,0
                -99.826338,20.668146,0
                -99.826191,20.667959,0
                -99.82451,20.665819,0
                -99.823689,20.666152,0
                -99.823395,20.666272,0
                -99.822345,20.66511,0
                -99.821405,20.665645,0
                -99.821029,20.665207,0
                -99.820923,20.665084,0
                -99.820327,20.664389,0
                -99.819946,20.663945,0
                -99.819865,20.66399,0
                -99.819224,20.664343,0
                -99.819139,20.66439,0
                -99.819054,20.664437,0
                -99.818622,20.664675,0
                -99.818547,20.664716,0
                -99.818471,20.664758,0
                -99.81764,20.665216,0
                -99.81756,20.66526,0
                -99.81748,20.665304,0
                -99.817769,20.666422,0
                -99.816654,20.666792,0
                -99.816476,20.667371,0
                -99.814598,20.667862,0
                -99.814074,20.667116,0
                -99.814136,20.666206,0
                -99.813494,20.665542,0
                -99.813498,20.664342,0
                -99.812678,20.664215,0
                -99.81157,20.662805,0
                -99.810934,20.660527,0
                -99.810173,20.66036,0
                -99.81,20.659449,0
                -99.809007,20.658784,0
                -99.808371,20.656382,0
                -99.790488,20.658774,0
                -99.78743,20.661497,0
                -99.787495,20.6598,0
                -99.788027,20.658602,0
                -99.788208,20.657278,0
                -99.78833,20.656244,0
                -99.788743,20.655417,0
                -99.788748,20.6543,0
                -99.788694,20.653141,0
                -99.789343,20.65186,0
                -99.78964,20.650992,0
                -99.789939,20.649378,0
                -99.789716,20.646605,0
                -99.789428,20.64528,0
                -99.789432,20.644163,0
                -99.789201,20.643293,0
                -99.788969,20.642713,0
                -99.788563,20.64176,0
                -99.788872,20.637581,0
                -99.783336,20.637669,0
                -99.764671,20.637966,0
                -99.760934,20.629417,0
                -99.748479,20.600919,0
                -99.744565,20.597745,0
                -99.743458,20.596847,0
                -99.745387,20.596412,0
                -99.765509,20.591873,0
                -99.766267,20.591702,0
                -99.764458,20.589959,0
                -99.761145,20.583658,0
                -99.761385,20.582376,0
                -99.760057,20.577695,0
                -99.760703,20.577242,0
                -99.761128,20.573602,0
                -99.761131,20.572939,0
                -99.761134,20.572277,0
                -99.761428,20.572113,0
                -99.760785,20.571614,0
                -99.760708,20.571081,0
                -99.760671,20.570827,0
                -99.760173,20.570776,0
                -99.759442,20.5707,0
                -99.759177,20.571051,0
                -99.758912,20.571401,0
                -99.754096,20.570711,0
                -99.753227,20.570565,0
                -99.752296,20.570429,0
                -99.751508,20.570313,0
                -99.746269,20.569542,0
                -99.743582,20.567816,0
                -99.740895,20.566091,0
                -99.739956,20.566377,0
                -99.738594,20.56544,0
                -99.73657,20.564049,0
                -99.735174,20.563935,0
                -99.734705,20.564842,0
                -99.734471,20.565585,0
                -99.734236,20.566286,0
                -99.733592,20.566781,0
                -99.732538,20.566987,0
                -99.731601,20.566863,0
                -99.731132,20.567276,0
                -99.730839,20.567977,0
                -99.730898,20.568554,0
                -99.730546,20.568967,0
                -99.73037,20.569626,0
                -99.73037,20.570204,0
                -99.730312,20.570988,0
                -99.730077,20.571441,0
                -99.729901,20.57206,0
                -99.729725,20.572555,0
                -99.729433,20.57305,0
                -99.729022,20.573545,0
                -99.728378,20.573998,0
                -99.727558,20.574411,0
                -99.726504,20.574823,0
                -99.725216,20.574988,0
                -99.724396,20.574823,0
                -99.723752,20.574988,0
                -99.722873,20.575152,0
                -99.721995,20.575482,0
                -99.721057,20.575936,0
                -99.720062,20.576224,0
                -99.71889,20.576348,0
                -99.717719,20.576389,0
                -99.716489,20.57643,0
                -99.715377,20.576306,0
                -99.712917,20.576429,0
                -99.713151,20.576759,0
                -99.712683,20.577337,0
                -99.712507,20.578244,0
                -99.71233,20.579564,0
                -99.712388,20.580513,0
                -99.711686,20.580801,0
                -99.710632,20.580512,0
                -99.709695,20.580182,0
                -99.708992,20.579811,0
                -99.708407,20.579109,0
                -99.707763,20.578367,0
                -99.706475,20.577129,0
                -99.706007,20.576345,0
                -99.705246,20.576098,0
                -99.704543,20.575685,0
                -99.703782,20.575437,0
                -99.702787,20.575272,0
                -99.701967,20.574983,0
                -99.701674,20.574736,0
                -99.70062,20.575024,0
                -99.699742,20.575024,0
                -99.698805,20.5749,0
                -99.698278,20.574281,0
                -99.697751,20.573621,0
                -99.696697,20.573002,0
                -99.695877,20.57362,0
                -99.695526,20.573992,0
                -99.69494,20.574651,0
                -99.694471,20.575229,0
                -99.694002,20.576177,0
                -99.694353,20.576878,0
                -99.694997,20.577085,0
                -99.695524,20.577786,0
                -99.695933,20.578405,0
                -99.695992,20.578982,0
                -99.695991,20.579354,0
                -99.695764,20.580033,0
                -99.695757,20.580055,0
                -99.695054,20.580632,0
                -99.694175,20.58092,0
                -99.693062,20.580755,0
                -99.692653,20.580611,0
                -99.692243,20.580466,0
                -99.691716,20.58059,0
                -99.690779,20.580631,0
                -99.690017,20.580465,0
                -99.689022,20.57964,0
                -99.688202,20.579681,0
                -99.687617,20.579433,0
                -99.687207,20.579062,0
                -99.686622,20.578649,0
                -99.686153,20.578361,0
                -99.685568,20.577948,0
                -99.684924,20.578113,0
                -99.684338,20.578484,0
                -99.684103,20.579143,0
                -99.683986,20.579638,0
                -99.683693,20.580092,0
                -99.6834,20.580628,0
                -99.683282,20.581329,0
                -99.682403,20.582113,0
                -99.681641,20.583102,0
                -99.680821,20.583638,0
                -99.680001,20.583885,0
                -99.679357,20.58405,0
                -99.679064,20.584215,0
                -99.678829,20.584503,0
                -99.678829,20.584792,0
                -99.67918,20.585163,0
                -99.679707,20.585617,0
                -99.680584,20.588051,0
                -99.679881,20.588463,0
                -99.678885,20.588174,0
                -99.678066,20.587885,0
                -99.677363,20.587761,0
                -99.676309,20.587802,0
                -99.675137,20.587967,0
                -99.674142,20.58809,0
                -99.673204,20.588254,0
                -99.67256,20.588584,0
                -99.671564,20.589037,0
                -99.670861,20.589532,0
                -99.669806,20.590439,0
                -99.669278,20.591222,0
                -99.669044,20.59213,0
                -99.668399,20.592872,0
                -99.667579,20.593243,0
                -99.666407,20.593283,0
                -99.665177,20.593448,0
                -99.664064,20.593695,0
                -99.663478,20.594066,0
                -99.663068,20.594354,0
                -99.662658,20.594601,0
                -99.662306,20.595138,0
                -99.661837,20.595591,0
                -99.661427,20.596168,0
                -99.660958,20.596828,0
                -99.660606,20.597529,0
                -99.66043,20.598189,0
                -99.660136,20.598725,0
                -99.65996,20.599385,0
                -99.659731,20.600418,0
                -99.659198,20.600622,0
                -99.658846,20.600951,0
                -99.658084,20.601528,0
                -99.657498,20.601817,0
                -99.656678,20.60194,0
                -99.655917,20.601734,0
                -99.655038,20.601692,0
                -99.654511,20.601774,0
                -99.653808,20.601774,0
                -99.65334,20.60165,0
                -99.652813,20.601608,0
                -99.652051,20.601814,0
                -99.651583,20.601649,0
                -99.650938,20.601607,0
                -99.648303,20.600822,0
                -99.647014,20.60144,0
                -99.646311,20.601811,0
                -99.645256,20.602594,0
                -99.644318,20.603171,0
                -99.643205,20.604077,0
                -99.641858,20.604159,0
                -99.640979,20.604117,0
                -99.639808,20.603993,0
                -99.639163,20.604281,0
                -99.638108,20.604569,0
                -99.637288,20.605064,0
                -99.635882,20.604939,0
                -99.634711,20.604897,0
                -99.634067,20.604278,0
                -99.632838,20.60304,0
                -99.632077,20.602668,0
                -99.631375,20.602503,0
                -99.630145,20.602337,0
                -99.628739,20.601841,0
                -99.627158,20.601469,0
                -99.626163,20.600891,0
                -99.624699,20.600477,0
                -99.623939,20.59928,0
                -99.622827,20.598207,0
                -99.623239,20.596723,0
                -99.623357,20.595733,0
                -99.623533,20.594949,0
                -99.62412,20.593919,0
                -99.624648,20.593259,0
                -99.624238,20.592764,0
                -99.62336,20.592309,0
                -99.622072,20.592391,0
                -99.621545,20.592226,0
                -99.621135,20.591565,0
                -99.620635,20.590887,0
                -99.620375,20.590534,0
                -99.619926,20.591101,0
                -99.619495,20.591647,0
                -99.618323,20.592718,0
                -99.617619,20.593419,0
                -99.616682,20.593789,0
                -99.615569,20.593995,0
                -99.614573,20.594283,0
                -99.614428,20.594336,0
                -99.613577,20.594653,0
                -99.612932,20.5949,0
                -99.612697,20.595436,0
                -99.612638,20.59622,0
                -99.612637,20.596797,0
                -99.612636,20.597622,0
                -99.612401,20.598529,0
                -99.612108,20.599148,0
                -99.611522,20.59956,0
                -99.610701,20.599642,0
                -99.610174,20.59993,0
                -99.609705,20.600425,0
                -99.609177,20.60129,0
                -99.608707,20.601991,0
                -99.608472,20.602857,0
                -99.608179,20.603641,0
                -99.607768,20.604465,0
                -99.607357,20.605455,0
                -99.606829,20.605661,0
                -99.605775,20.60566,0
                -99.605615,20.605547,0
                -99.605365,20.605371,0
                -99.604721,20.605329,0
                -99.604574,20.605415,0
                -99.604018,20.605741,0
                -99.603139,20.60574,0
                -99.602377,20.606069,0
                -99.601439,20.606646,0
                -99.600385,20.60681,0
                -99.59892,20.607056,0
                -99.598393,20.60685,0
                -99.597866,20.607055,0
                -99.597221,20.607467,0
                -99.596576,20.607962,0
                -99.59599,20.608456,0
                -99.594818,20.608703,0
                -99.593353,20.609361,0
                -99.593,20.610103,0
                -99.593,20.610846,0
                -99.59335,20.611712,0
                -99.593525,20.612579,0
                -99.593817,20.613156,0
                -99.594168,20.613487,0
                -99.593991,20.614311,0
                -99.593873,20.615136,0
                -99.593287,20.615919,0
                -99.592525,20.61629,0
                -99.59188,20.616867,0
                -99.591234,20.61765,0
                -99.58918,20.620535,0
                -99.587072,20.62008,0
                -99.586195,20.619171,0
                -99.584555,20.618386,0
                -99.583443,20.617684,0
                -99.581804,20.61727,0
                -99.580986,20.617419,0
                -99.580222,20.617557,0
                -99.579752,20.618031,0
                -99.579283,20.618505,0
                -99.578872,20.619577,0
                -99.578694,20.620938,0
                -99.578927,20.621887,0
                -99.579102,20.622423,0
                -99.578867,20.623083,0
                -99.578807,20.624361,0
                -99.579157,20.625805,0
                -99.579155,20.627002,0
                -99.578451,20.628115,0
                -99.577688,20.62898,0
                -99.57675,20.629392,0
                -99.575695,20.629762,0
                -99.574757,20.630256,0
                -99.574516,20.631045,0
                -99.57451,20.631065,0
                -99.574365,20.631539,0
                -99.574296,20.632594,0
                -99.574477,20.633172,0
                -99.574134,20.634333,0
                -99.57367,20.634998,0
                -99.57262,20.635832,0
                -99.571625,20.636046,0
                -99.570217,20.636054,0
                -99.568693,20.636188,0
                -99.567579,20.636361,0
                -99.566999,20.637151,0
                -99.566949,20.638227,0
                -99.566604,20.639139,0
                -99.566198,20.639763,0
                -99.565792,20.640386,0
                -99.564609,20.640021,0
                -99.562675,20.640596,0
                -99.560683,20.640677,0
                -99.558807,20.641664,0
                -99.557868,20.642653,0
                -99.556344,20.643312,0
                -99.554997,20.642733,0
                -99.553768,20.641824,0
                -99.55283,20.642112,0
                -99.548903,20.643262,0
                -99.546968,20.643879,0
                -99.545152,20.643959,0
                -99.543923,20.643256,0
                -99.542693,20.642636,0
                -99.541806,20.642573,0
                -99.541522,20.642552,0
                -99.540291,20.642757,0
                -99.539177,20.643086,0
                -99.537828,20.644198,0
                -99.537123,20.645269,0
                -99.536946,20.646548,0
                -99.536709,20.647867,0
                -99.536649,20.648692,0
                -99.536706,20.649888,0
                -99.534772,20.650422,0
                -99.533775,20.650586,0
                -99.532604,20.650626,0
                -99.527143,20.657672,0
                -99.525972,20.657465,0
                -99.52445,20.656101,0
                -99.524101,20.65474,0
                -99.523106,20.654285,0
                -99.521816,20.654407,0
                -99.520703,20.654529,0
                -99.518534,20.654856,0
                -99.516835,20.654854,0
                -99.515665,20.65411,0
                -99.515022,20.653037,0
                -99.51432,20.65217,0
                -99.513734,20.652128,0
                -99.51344,20.652952,0
                -99.513321,20.65386,0
                -99.513261,20.654726,0
                -99.513564,20.65727,0
                -99.513623,20.658055,0
                -99.513448,20.659337,0
                -99.513215,20.660164,0
                -99.512923,20.661114,0
                -99.512279,20.661486,0
                -99.511577,20.661899,0
                -99.510523,20.661692,0
                -99.510054,20.661278,0
                -99.509702,20.660781,0
                -99.508824,20.660905,0
                -99.508298,20.66107,0
                -99.507712,20.660863,0
                -99.505076,20.660117,0
                -99.503261,20.659784,0
                -99.501797,20.659494,0
                -99.501622,20.660279,0
                -99.501506,20.66123,0
                -99.50139,20.662305,0
                -99.501507,20.663008,0
                -99.501098,20.663669,0
                -99.500806,20.664579,0
                -99.500807,20.665158,0
                -99.500924,20.665778,0
                -99.501393,20.665902,0
                -99.50233,20.666441,0
                -99.502857,20.666937,0
                -99.503503,20.668095,0
                -99.503679,20.668757,0
                -99.503269,20.669377,0
                -99.502333,20.66979,0
                -99.501455,20.67012,0
                -99.500401,20.670657,0
                -99.499699,20.671524,0
                -99.499818,20.672765,0
                -99.500404,20.673551,0
                -99.501048,20.673345,0
                -99.501808,20.672642,0
                -99.502511,20.672147,0
                -99.502979,20.671692,0
                -99.503798,20.671693,0
                -99.504326,20.671941,0
                -99.505029,20.672479,0
                -99.505732,20.673017,0
                -99.506552,20.673845,0
                -99.507197,20.67459,0
                -99.508076,20.675417,0
                -99.508897,20.676079,0
                -99.509483,20.6767,0
                -99.510245,20.677445,0
                -99.510773,20.678603,0
                -99.511066,20.679389,0
                -99.510774,20.679926,0
                -99.509486,20.680256,0
                -99.508549,20.680338,0
                -99.507554,20.680337,0
                -99.506148,20.68046,0
                -99.505915,20.681163,0
                -99.505916,20.68199,0
                -99.505916,20.682693,0
                -99.505272,20.682982,0
                -99.50457,20.683477,0
                -99.504512,20.684346,0
                -99.505157,20.685049,0
                -99.506153,20.685174,0
                -99.506914,20.685174,0
                -99.507617,20.685423,0
                -99.508203,20.685795,0
                -99.508496,20.686747,0
                -99.508614,20.68745,0
                -99.508498,20.688897,0
                -99.50914,20.690102,0
                -99.510614,20.691045,0
                -99.511966,20.69141,0
                -99.512685,20.693268,0
                -99.514048,20.695122,0
                -99.51541,20.696728,0
                -99.517064,20.698125,0
                -99.520842,20.701,0
                -99.52149,20.70141,0
                -99.521964,20.701945,0
                -99.523086,20.70289,0
                -99.524087,20.703339,0
                -99.525262,20.703415,0
                -99.526322,20.703947,0
                -99.527149,20.704562,0
                -99.527859,20.705344,0
                -99.528391,20.705879,0
                -99.529095,20.705792,0
                -99.529562,20.705541,0
                -99.53103,20.705532,0
                -99.532088,20.705733,0
                -99.532912,20.706059,0
                -99.533562,20.706593,0
                -99.534213,20.707334,0
                -99.534333,20.707747,0
                -99.534749,20.708407,0
                -99.535108,20.709274,0
                -99.535172,20.709977,0
                -99.535422,20.71192,0
                -99.536071,20.712413,0
                -99.53678,20.71303,0
                -99.537664,20.713521,0
                -99.53837,20.713723,0
                -99.539195,20.714132,0
                -99.539668,20.714585,0
                -99.539673,20.715205,0
                -99.539503,20.715993,0
                -99.539277,20.717111,0
                -99.539751,20.717771,0
                -99.541042,20.71768,0
                -99.5421,20.717881,0
                -99.542986,20.718537,0
                -99.543401,20.719156,0
                -99.543643,20.720023,0
                -99.54353,20.720603,0
                -99.54336,20.721473,0
                -99.543483,20.722176,0
                -99.544133,20.72271,0
                -99.544665,20.723245,0
                -99.545197,20.723656,0
                -99.545495,20.724274,0
                -99.54497,20.724733,0
                -99.544562,20.725108,0
                -99.544335,20.726061,0
                -99.544752,20.726886,0
                -99.545402,20.727379,0
                -99.545932,20.727583,0
                -99.546521,20.727951,0
                -99.546936,20.728404,0
                -99.547999,20.729308,0
                -99.547257,20.731135,0
                -99.546965,20.732127,0
                -99.546907,20.732954,0
                -99.547143,20.734319,0
                -99.547378,20.734939,0
                -99.547555,20.736138,0
                -99.547849,20.7368,0
                -99.54785,20.737503,0
                -99.547617,20.738329,0
                -99.547031,20.738825,0
                -99.546681,20.739528,0
                -99.546506,20.740272,0
                -99.546097,20.741016,0
                -99.545629,20.741802,0
                -99.545161,20.742628,0
                -99.545103,20.743042,0
                -99.545514,20.743745,0
                -99.545866,20.744241,0
                -99.545867,20.744903,0
                -99.545692,20.745647,0
                -99.544814,20.746184,0
                -99.544228,20.746597,0
                -99.543232,20.74639,0
                -99.542236,20.746389,0
                -99.541592,20.746389,0
                -99.540245,20.746719,0
                -99.539718,20.747215,0
                -99.538957,20.747711,0
                -99.538255,20.748496,0
                -99.538022,20.749364,0
                -99.537846,20.749654,0
                -99.536968,20.750108,0
                -99.535914,20.750314,0
                -99.534801,20.750396,0
                -99.533863,20.750437,0
                -99.532868,20.750809,0
                -99.532165,20.750974,0
                -99.531052,20.751221,0
                -99.530291,20.751799,0
                -99.529588,20.75213,0
                -99.52871,20.752791,0
                -99.528125,20.753369,0
                -99.527657,20.753741,0
                -99.527306,20.754775,0
                -99.526488,20.756387,0
                -99.525434,20.756758,0
                -99.524555,20.756468,0
                -99.524202,20.755806,0
                -99.523206,20.755392,0
                -99.522269,20.75535,0
                -99.52139,20.755557,0
                -99.520922,20.756177,0
                -99.520278,20.757044,0
                -99.519869,20.757747,0
                -99.519401,20.758739,0
                -99.51911,20.760145,0
                -99.518466,20.760971,0
                -99.517119,20.761632,0
                -99.516421,20.760869,0
                -99.51572,20.761245,0
                -99.51443,20.76146,0
                -99.513202,20.762253,0
                -99.511625,20.763339,0
                -99.51052,20.76467,0
                -99.509704,20.765544,0
                -99.508589,20.76555,0
                -99.507472,20.765391,0
                -99.506708,20.765272,0
                -99.505416,20.765321,0
                -99.504069,20.76566,0
                -99.503547,20.766532,0
                -99.50338,20.767816,0
                -99.50362,20.768476,0
                -99.504453,20.769961,0
                -99.505281,20.770743,0
                -99.505579,20.771362,0
                -99.505177,20.772564,0
                -99.504299,20.772983,0
                -99.503598,20.773443,0
                -99.502661,20.773821,0
                -99.501727,20.77453,0
                -99.501792,20.775357,0
                -99.501681,20.776227,0
                -99.501572,20.777303,0
                -99.501518,20.777924,0
                -99.50129,20.778919,0
                -99.501059,20.779376,0
                -99.50024,20.779877,0
                -99.499361,20.780089,0
                -99.49854,20.780259,0
                -99.497602,20.780472,0
                -99.496607,20.780933,0
                -99.495851,20.781931,0
                -99.495856,20.78251,0
                -99.496215,20.78346,0
                -99.496396,20.784038,0
                -99.496989,20.784821,0
                -99.497813,20.785188,0
                -99.498873,20.785596,0
                -99.499579,20.785716,0
                -99.500226,20.785795,0
                -99.500992,20.786163,0
                -99.502859,20.792401,0
                -99.503098,20.792938,0
                -99.50322,20.793558,0
                -99.503281,20.793971,0
                -99.503166,20.794303,0
                -99.50282,20.794536,0
                -99.502516,20.794582,0
                -99.502022,20.79434,0
                -99.501621,20.793954,0
                -99.501035,20.793375,0
                -99.500331,20.792672,0
                -99.499452,20.792092,0
                -99.498396,20.791306,0
                -99.496697,20.79147,0
                -99.494412,20.79275,0
                -99.493651,20.793411,0
                -99.492831,20.79432,0
                -99.492012,20.795063,0
                -99.491075,20.795972,0
                -99.490431,20.797005,0
                -99.488909,20.799196,0
                -99.488441,20.800766,0
                -99.489615,20.802256,0
                -99.49067,20.802629,0
                -99.491314,20.802547,0
                -99.492252,20.802547,0
                -99.493483,20.802424,0
                -99.495299,20.802219,0
                -99.49612,20.802178,0
                -99.496999,20.802138,0
                -99.49782,20.802386,0
                -99.499051,20.80309,0
                -99.499462,20.803876,0
                -99.499639,20.805034,0
                -99.499405,20.805985,0
                -99.498116,20.806314,0
                -99.497237,20.806396,0
                -99.496006,20.806271,0
                -99.494951,20.806353,0
                -99.493955,20.807055,0
                -99.493663,20.808006,0
                -99.493547,20.80904,0
                -99.49356,20.809273,0
                -99.493606,20.810074,0
                -99.493666,20.810942,0
                -99.49308,20.811562,0
                -99.492319,20.812223,0
                -99.491733,20.812966,0
                -99.491352,20.813659,0
                -99.491324,20.81371,0
                -99.49068,20.814454,0
                -99.490108,20.814756,0
                -99.489508,20.815073,0
                -99.488336,20.815817,0
                -99.487809,20.816064,0
                -99.486813,20.816684,0
                -99.485759,20.817551,0
                -99.485349,20.81875,0
                -99.48535,20.819742,0
                -99.485527,20.820445,0
                -99.485703,20.821562,0
                -99.485587,20.822926,0
                -99.485646,20.82367,0
                -99.485178,20.824703,0
                -99.484886,20.825613,0
                -99.484887,20.826729,0
                -99.485004,20.827391,0
                -99.485532,20.827887,0
                -99.486119,20.828756,0
                -99.487292,20.829543,0
                -99.488289,20.83037,0
                -99.488993,20.831074,0
                -99.48917,20.831901,0
                -99.48917,20.832769,0
                -99.488819,20.833265,0
                -99.487999,20.833926,0
                -99.487296,20.834174,0
                -99.486651,20.834338,0
                -99.486065,20.834958,0
                -99.485714,20.835371,0
                -99.485363,20.836033,0
                -99.484953,20.836818,0
                -99.484544,20.838099,0
                -99.483079,20.83909,0
                -99.482318,20.839834,0
                -99.481731,20.839709,0
                -99.480793,20.839585,0
                -99.479914,20.839501,0
                -99.4788,20.839459,0
                -99.478156,20.840037,0
                -99.47757,20.84074,0
                -99.477102,20.841442,0
                -99.476809,20.841938,0
                -99.476165,20.84293,0
                -99.475403,20.843632,0
                -99.474114,20.843962,0
                -99.47259,20.844002,0
                -99.47171,20.843835,0
                -99.470948,20.844207,0
                -99.470011,20.844702,0
                -99.469132,20.845239,0
                -99.468194,20.845941,0
                -99.46714,20.846601,0
                -99.466906,20.847345,0
                -99.465383,20.849701,0
                -99.464328,20.8497,0
                -99.463272,20.849492,0
                -99.4621,20.848953,0
                -99.46122,20.848663,0
                -99.460282,20.848042,0
                -99.458816,20.847917,0
                -99.457644,20.84837,0
                -99.457234,20.848907,0
                -99.456472,20.849444,0
                -99.455945,20.850064,0
                -99.455711,20.850725,0
                -99.456063,20.851346,0
                -99.456532,20.851884,0
                -99.456826,20.852545,0
                -99.457178,20.853414,0
                -99.457061,20.854406,0
                -99.456651,20.855481,0
                -99.456066,20.856721,0
                -99.455363,20.857712,0
                -99.454426,20.858662,0
                -99.453663,20.858703,0
                -99.452549,20.858247,0
                -99.451669,20.857543,0
                -99.451024,20.856633,0
                -99.450555,20.85593,0
                -99.449733,20.854936,0
                -99.448912,20.853736,0
                -99.447798,20.852784,0
                -99.446156,20.852783,0
                -99.445395,20.85394,0
                -99.445688,20.855098,0
                -99.44604,20.855883,0
                -99.446568,20.856339,0
                -99.447507,20.856877,0
                -99.448328,20.857333,0
                -99.448445,20.857953,0
                -99.448153,20.859276,0
                -99.44745,20.860268,0
                -99.446571,20.861052,0
                -99.446161,20.862003,0
                -99.445868,20.862912,0
                -99.445341,20.863987,0
                -99.444814,20.864854,0
                -99.444521,20.865805,0
                -99.443818,20.86721,0
                -99.44376,20.868037,0
                -99.443468,20.868988,0
                -99.442941,20.870352,0
                -99.442765,20.870889,0
                -99.442062,20.871467,0
                -99.440948,20.871838,0
                -99.440362,20.87254,0
                -99.439763,20.873323,0
                -99.439585,20.874321,0
                -99.439819,20.876191,0
                -99.439818,20.876586,0
                -99.439817,20.877812,0
                -99.440228,20.878644,0
                -99.440697,20.879891,0
                -99.441284,20.880681,0
                -99.441519,20.88143,0
                -99.440754,20.881678,0
                -99.440048,20.881927,0
                -99.439518,20.882342,0
                -99.438812,20.883172,0
                -99.438667,20.883909,0
                -99.438198,20.884528,0
                -99.436792,20.886222,0
                -99.43644,20.88709,0
                -99.43603,20.88804,0
                -99.435737,20.888867,0
                -99.435503,20.889735,0
                -99.435152,20.89114,0
                -99.434332,20.894241,0
                -99.434333,20.895233,0
                -99.434392,20.895894,0
                -99.434627,20.896515,0
                -99.435038,20.897466,0
                -99.435331,20.898376,0
                -99.435625,20.899204,0
                -99.435039,20.899947,0
                -99.434217,20.898995,0
                -99.433045,20.899697,0
                -99.432576,20.900813,0
                -99.432049,20.901556,0
                -99.43111,20.901638,0
                -99.430055,20.901389,0
                -99.428823,20.901056,0
                -99.427943,20.900766,0
                -99.426829,20.900723,0
                -99.42548,20.900846,0
                -99.424718,20.901217,0
                -99.423956,20.901671,0
                -99.422901,20.902497,0
                -99.422138,20.902868,0
                -99.421141,20.902991,0
                -99.420438,20.903073,0
                -99.419617,20.903113,0
                -99.418151,20.903649,0
                -99.41774,20.903731,0
                -99.416333,20.90406,0
                -99.414984,20.904265,0
                -99.413753,20.904594,0
                -99.413049,20.905131,0
                -99.412052,20.905874,0
                -99.411935,20.906908,0
                -99.412053,20.907611,0
                -99.41217,20.907983,0
                -99.412405,20.908727,0
                -99.412757,20.909513,0
                -99.412582,20.91034,0
                -99.412347,20.910919,0
                -99.412171,20.911787,0
                -99.412113,20.912241,0
                -99.412231,20.913234,0
                -99.412465,20.913896,0
                -99.412818,20.914723,0
                -99.41317,20.915054,0
                -99.413639,20.915468,0
                -99.414108,20.916089,0
                -99.414402,20.916627,0
                -99.414461,20.917454,0
                -99.414344,20.918322,0
                -99.414226,20.918901,0
                -99.414344,20.919521,0
                -99.41411,20.920348,0
                -99.413786,20.920995,0
                -99.413578,20.922362,0
                -99.414354,20.923093,0
                -99.415126,20.923618,0
                -99.415732,20.924641,0
                -99.415274,20.925185,0
                -99.41347,20.925834,0
                -99.412021,20.926641,0
                -99.411313,20.926446,0
                -99.409739,20.926843,0
                -99.408393,20.926947,0
                -99.406758,20.927262,0
                -99.405425,20.928026,0
                -99.404283,20.928486,0
                -99.403862,20.929153,0
                -99.40174,20.930813,0
                -99.401149,20.931768,0
                -99.401028,20.932973,0
                -99.401426,20.93375,0
                -99.401496,20.933887,0
                -99.401906,20.934386,0
                -99.402376,20.93501,0
                -99.402903,20.935592,0
                -99.403314,20.936008,0
                -99.403843,20.936424,0
                -99.404432,20.936175,0
                -99.405258,20.935262,0
                -99.405847,20.934889,0
                -99.406434,20.935429,0
                -99.406491,20.936177,0
                -99.406253,20.936966,0
                -99.405899,20.937465,0
                -99.405695,20.937758,0
                -99.404291,20.937904,0
                -99.403123,20.938129,0
                -99.40249,20.938759,0
                -99.401518,20.939972,0
                -99.400839,20.941263,0
                -99.400273,20.942305,0
                -99.399399,20.942566,0
                -99.398293,20.942956,0
                -99.397369,20.943672,0
                -99.396685,20.944675,0
                -99.395883,20.945596,0
                -99.395366,20.946182,0
                -99.394852,20.946852,0
                -99.394461,20.947849,0
                -99.394011,20.948806,0
                -99.39338,20.949518,0
                -99.392629,20.950109,0
                -99.391711,20.951156,0
                -99.390974,20.952448,0
                -99.390762,20.953608,0
                -99.390953,20.954348,0
                -99.39139,20.955746,0
                -99.391869,20.956276,0
                -99.392407,20.956804,0
                -99.392601,20.957751,0
                -99.39261,20.958205,0
                -99.39216,20.959204,0
                -99.391649,20.960038,0
                -99.391634,20.960903,0
                -99.391621,20.961608,0
                -99.391573,20.962187,0
                -99.391235,20.962895,0
                -99.390486,20.963526,0
                -99.389849,20.963949,0
                -99.389036,20.964375,0
                -99.388637,20.964919,0
                -99.388355,20.965501,0
                -99.388314,20.966411,0
                -99.388682,20.967272,0
                -99.389336,20.967717,0
                -99.390049,20.968201,0
                -99.391413,20.969047,0
                -99.392067,20.969491,0
                -99.392967,20.970592,0
                -99.39333,20.971124,0
                -99.394051,20.972063,0
                -99.394471,20.972552,0
                -99.394901,20.973578,0
                -99.395329,20.97448,0
                -99.39582,20.975587,0
                -99.39596,20.976783,0
                -99.395979,20.977733,0
                -99.395707,20.978811,0
                -99.395487,20.979599,0
                -99.395733,20.980174,0
                -99.396096,20.980747,0
                -99.395936,20.981575,0
                -99.395173,20.981546,0
                -99.394129,20.982099,0
                -99.393323,20.982897,0
                -99.3931,20.983479,0
                -99.392646,20.984271,0
                -99.392369,20.98506,0
                -99.391851,20.985605,0
                -99.391337,20.986274,0
                -99.391296,20.987184,0
                -99.392014,20.987916,0
                -99.392379,20.988612,0
                -99.393098,20.989427,0
                -99.393582,20.990163,0
                -99.393309,20.991241,0
                -99.392738,20.992035,0
                -99.392815,20.992984,0
                -99.392603,20.994144,0
                -99.392332,20.995264,0
                -99.391977,20.99812,0
                -99.391289,20.998915,0
                -99.390766,20.999171,0
                -99.390481,20.999589,0
                -99.389967,21.000299,0
                -99.389451,21.000927,0
                -99.38988,21.00187,0
                -99.389953,21.002613,0
                -99.38921,21.003616,0
                -99.388169,21.004334,0
                -99.38701,21.005055,0
                -99.38573,21.005612,0
                -99.384351,21.007038,0
                -99.383731,21.00837,0
                -99.383469,21.009985,0
                -99.382919,21.011852,0
                -99.38377,21.013409,0
                -99.384422,21.01377,0
                -99.384967,21.014629,0
                -99.385223,21.015741,0
                -99.384951,21.01686,0
                -99.384217,21.018317,0
                -99.381651,21.01906,0
                -99.379552,21.019671,0
                -99.377859,21.020069,0
                -99.377177,21.021195,0
                -99.377086,21.022601,0
                -99.376868,21.023431,0
                -99.373139,21.024687,0
                -99.371311,21.024178,0
                -99.36978,21.023872,0
                -99.368906,21.024133,0
                -99.368578,21.025378,0
                -99.368514,21.026502,0
                -99.368452,21.027706,0
                -99.369686,21.02858,0
                -99.369919,21.029162,0
                -99.369446,21.029868,0
                -99.36921,21.0302,0
                -99.368855,21.030906,0
                -99.368499,21.031653,0
                -99.368439,21.032027,0
                -99.368437,21.032858,0
                -99.368288,21.033564,0
                -99.368138,21.034271,0
                -99.368134,21.035766,0
                -99.367279,21.037129,0
                -99.366532,21.037967,0
                -99.365312,21.038565,0
                -99.364324,21.039034,0
                -99.363575,21.039707,0
                -99.363117,21.040334,0
                -99.362722,21.041125,0
                -99.36356,21.04202,0
                -99.364576,21.042955,0
                -99.364419,21.043949,0
                -99.364257,21.044695,0
                -99.363801,21.045363,0
                -99.363644,21.046356,0
                -99.363779,21.047263,0
                -99.364027,21.047962,0
                -99.36451,21.048698,0
                -99.365687,21.048927,0
                -99.366572,21.049161,0
                -99.367394,21.049231,0
                -99.367814,21.049679,0
                -99.368413,21.05033,0
                -99.369496,21.051759,0
                -99.370157,21.052575,0
                -99.370594,21.053932,0
                -99.371375,21.054911,0
                -99.3725,21.05543,0
                -99.372963,21.055134,0
                -99.373783,21.05508,0
                -99.374487,21.055069,0
                -99.375424,21.055013,0
                -99.376602,21.055242,0
                -99.377023,21.055773,0
                -99.377277,21.056802,0
                -99.377295,21.05771,0
                -99.376789,21.058875,0
                -99.376105,21.059877,0
                -99.375757,21.060089,0
                -99.374539,21.06081,0
                -99.373558,21.061651,0
                -99.373147,21.061617,0
                -99.372262,21.061341,0
                -99.371135,21.060739,0
                -99.370069,21.060177,0
                -99.369017,21.0604,0
                -99.368323,21.060907,0
                -99.367462,21.061912,0
                -99.366769,21.062459,0
                -99.366431,21.063208,0
                -99.366093,21.063916,0
                -99.365881,21.065076,0
                -99.366033,21.066891,0
                -99.366577,21.067709,0
                -99.367608,21.069469,0
                -99.368092,21.070246,0
                -99.3694,21.070945,0
                -99.369929,21.071318,0
                -99.370516,21.071899,0
                -99.37128,21.072438,0
                -99.372455,21.073019,0
                -99.373454,21.073019,0
                -99.374924,21.073061,0
                -99.376922,21.072936,0
                -99.377804,21.072438,0
                -99.378274,21.071857,0
                -99.379097,21.070778,0
                -99.379509,21.070322,0
                -99.380508,21.069699,0
                -99.38139,21.06945,0
                -99.382272,21.068952,0
                -99.383682,21.068371,0
                -99.38427,21.067998,0
                -99.385034,21.067375,0
                -99.385798,21.067126,0
                -99.38668,21.067002,0
                -99.387385,21.067458,0
                -99.38762,21.068164,0
                -99.388031,21.068786,0
                -99.388619,21.06945,0
                -99.38903,21.070238,0
                -99.389265,21.070943,0
                -99.389323,21.071732,0
                -99.389264,21.072478,0
                -99.388911,21.073225,0
                -99.388735,21.074097,0
                -99.38844,21.075175,0
                -99.388381,21.07613,0
                -99.38844,21.077084,0
                -99.388557,21.078163,0
                -99.389144,21.078993,0
                -99.389673,21.079283,0
                -99.390496,21.079573,0
                -99.391554,21.079324,0
                -99.392083,21.079075,0
                -99.39273,21.078826,0
                -99.393552,21.078743,0
                -99.394434,21.079241,0
                -99.394669,21.079905,0
                -99.394845,21.080651,0
                -99.394668,21.081896,0
                -99.394433,21.082975,0
                -99.394491,21.083763,0
                -99.39455,21.084925,0
                -99.395255,21.086004,0
                -99.39596,21.086501,0
                -99.397018,21.087041,0
                -99.398193,21.08758,0
                -99.398369,21.089074,0
                -99.398193,21.090277,0
                -99.398192,21.091107,0
                -99.398839,21.09231,0
                -99.399191,21.093513,0
                -99.399308,21.094633,0
                -99.398896,21.095712,0
                -99.398073,21.096293,0
                -99.397427,21.096791,0
                -99.397015,21.097455,0
                -99.396956,21.098575,0
                -99.397132,21.099447,0
                -99.397485,21.100484,0
                -99.397367,21.101065,0
                -99.396955,21.101314,0
                -99.396309,21.101397,0
                -99.394428,21.100816,0
                -99.393605,21.100484,0
                -99.392723,21.10036,0
                -99.391842,21.100277,0
                -99.391254,21.10036,0
                -99.390489,21.101024,0
                -99.389901,21.102186,0
                -99.389195,21.103306,0
                -99.388314,21.103597,0
                -99.384923,21.102269,0
                -99.383624,21.101898,0
                -99.382266,21.101362,0
                -99.38079,21.10153,0
                -99.380063,21.101336,0
                -99.378782,21.100995,0
                -99.378662,21.099544,0
                -99.377775,21.098302,0
                -99.376299,21.09847,0
                -99.374648,21.099966,0
                -99.372347,21.101586,0
                -99.370399,21.101921,0
                -99.368864,21.101883,0
                -99.367329,21.102051,0
                -99.365676,21.10251,0
                -99.364909,21.102967,0
                -99.361487,21.10488,0
                -99.360601,21.104799,0
                -99.360069,21.103639,0
                -99.359831,21.102603,0
                -99.359712,21.101442,0
                -99.358943,21.099992,0
                -99.35794,21.099911,0
                -99.356406,21.101033,0
                -99.355167,21.10203,0
                -99.354341,21.102612,0
                -99.352452,21.102988,0
                -99.350326,21.102452,0
                -99.349617,21.101997,0
                -99.348081,21.101253,0
                -99.347136,21.101089,0
                -99.346074,21.101257,0
                -99.345367,21.103123,0
                -99.344779,21.105446,0
                -99.344425,21.106732,0
                -99.343245,21.107894,0
                -99.342065,21.108767,0
                -99.341181,21.109846,0
                -99.341359,21.111255,0
                -99.3426,21.112621,0
                -99.343073,21.113284,0
                -99.343724,21.114651,0
                -99.343784,21.116019,0
                -99.343195,21.11801,0
                -99.342724,21.119586,0
                -99.342372,21.121867,0
                -99.342078,21.123443,0
                -99.340662,21.124564,0
                -99.339186,21.125437,0
                -99.337829,21.126351,0
                -99.337003,21.127721,0
                -99.336119,21.130085,0
                -99.335706,21.130417,0
                -99.335404,21.130471,0
                -99.334998,21.130543,0
                -99.334289,21.130461,0
                -99.333994,21.130378,0
                -99.333521,21.130047,0
                -99.332753,21.129924,0
                -99.331631,21.129967,0
                -99.330981,21.130255,0
                -99.330807,21.130274,0
                -99.330393,21.130517,0
                -99.330102,21.130688,0
                -99.329809,21.130853,0
                -99.329221,21.131185,0
                -99.328385,21.131962,0
                -99.327736,21.132502,0
                -99.327192,21.1329,0
                -99.326096,21.133702,0
                -99.325639,21.133917,0
                -99.32464,21.134579,0
                -99.324287,21.136567,0
                -99.324111,21.137685,0
                -99.323758,21.138638,0
                -99.322818,21.139714,0
                -99.321585,21.140418,0
                -99.320293,21.140832,0
                -99.31947,21.141038,0
                -99.318237,21.141577,0
                -99.317356,21.142073,0
                -99.315887,21.143315,0
                -99.314536,21.144599,0
                -99.31342,21.145634,0
                -99.312656,21.146006,0
                -99.311893,21.146089,0
                -99.310718,21.146337,0
                -99.309661,21.146833,0
                -99.30878,21.147164,0
                -99.307958,21.147206,0
                -99.306666,21.146377,0
                -99.305786,21.145507,0
                -99.305022,21.144596,0
                -99.304494,21.144057,0
                -99.304025,21.143146,0
                -99.303732,21.141987,0
                -99.303438,21.141158,0
                -99.30291,21.140164,0
                -99.302382,21.139708,0
                -99.301031,21.140246,0
                -99.300091,21.140826,0
                -99.299269,21.141364,0
                -99.296391,21.14157,0
                -99.295804,21.141321,0
                -99.295334,21.140824,0
                -99.294689,21.140244,0
                -99.294043,21.139581,0
                -99.293456,21.139125,0
                -99.292693,21.138628,0
                -99.292223,21.138255,0
                -99.291167,21.137468,0
                -99.29011,21.136805,0
                -99.28954,21.136016,0
                -99.288945,21.13557,0
                -99.28822,21.134466,0
                -99.287855,21.133769,0
                -99.287586,21.131956,0
                -99.286921,21.130892,0
                -99.285866,21.13099,0
                -99.285053,21.131457,0
                -99.284653,21.132,0
                -99.284182,21.131966,0
                -99.283295,21.131566,0
                -99.282753,21.130872,0
                -99.282739,21.130087,0
                -99.28302,21.129422,0
                -99.28336,21.128797,0
                -99.28388,21.128335,0
                -99.284219,21.127669,0
                -99.284429,21.126344,0
                -99.284475,21.125641,0
                -99.283864,21.124328,0
                -99.283437,21.123467,0
                -99.282471,21.122036,0
                -99.280699,21.121402,0
                -99.27999,21.121165,0
                -99.279396,21.120761,0
                -99.278743,21.120357,0
                -99.277921,21.12037,0
                -99.277463,21.120996,0
                -99.277185,21.121785,0
                -99.277372,21.122402,0
                -99.277212,21.123231,0
                -99.276809,21.12365,0
                -99.276104,21.123619,0
                -99.275098,21.12318,0
                -99.274387,21.122819,0
                -99.273378,21.122214,0
                -99.27267,21.121977,0
                -99.272244,21.121199,0
                -99.27147,21.120591,0
                -99.271107,21.119976,0
                -99.27062,21.119034,0
                -99.270544,21.118126,0
                -99.27083,21.117709,0
                -99.271289,21.117165,0
                -99.271747,21.116538,0
                -99.272322,21.11591,0
                -99.272661,21.115203,0
                -99.272706,21.114458,0
                -99.272517,21.1138,0
                -99.271979,21.11323,0
                -99.270554,21.112343,0
                -99.268778,21.111502,0
                -99.267415,21.11082,0
                -99.266415,21.11067,0
                -99.26529,21.11015,0
                -99.264001,21.110251,0
                -99.263172,21.109809,0
                -99.262869,21.109318,0
                -99.262279,21.109162,0
                -99.261687,21.108882,0
                -99.260738,21.108317,0
                -99.259666,21.107466,0
                -99.258052,21.105879,0
                -99.257451,21.105062,0
                -99.256729,21.104123,0
                -99.255733,21.104179,0
                -99.254558,21.104114,0
                -99.253387,21.104255,0
                -99.252793,21.103892,0
                -99.252316,21.103486,0
                -99.251369,21.103004,0
                -99.249368,21.102327,0
                -99.248369,21.101911,0
                -99.247135,21.10195,0
                -99.246074,21.103481,0
                -99.245369,21.103521,0
                -99.244604,21.104017,0
                -99.243429,21.103725,0
                -99.24264,21.104732,0
                -99.241933,21.105725,0
                -99.241343,21.106801,0
                -99.240518,21.107959,0
                -99.239811,21.10891,0
                -99.238104,21.110357,0
                -99.236809,21.1111,0
                -99.23569,21.112217,0
                -99.234219,21.113167,0
                -99.233103,21.112709,0
                -99.232988,21.111301,0
                -99.232112,21.108815,0
                -99.230761,21.108191,0
                -99.229879,21.108563,0
                -99.227997,21.108471,0
                -99.227234,21.108434,0
                -99.225824,21.108266,0
                -99.224944,21.107022,0
                -99.223771,21.106192,0
                -99.222361,21.105775,0
                -99.221302,21.106353,0
                -99.220243,21.106517,0
                -99.218951,21.106432,0
                -99.216894,21.106138,0
                -99.215013,21.1063,0
                -99.212836,21.107456,0
                -99.211953,21.108324,0
                -99.211246,21.109068,0
                -99.209479,21.110804,0
                -99.209066,21.111673,0
                -99.2093,21.112295,0
                -99.209592,21.113207,0
                -99.209825,21.11416,0
                -99.209705,21.114988,0
                -99.209234,21.115691,0
                -99.208527,21.116393,0
                -99.20782,21.117055,0
                -99.207466,21.117675,0
                -99.206994,21.118544,0
                -99.206289,21.118584,0
                -99.205582,21.119038,0
                -99.204993,21.119617,0
                -99.203641,21.11978,0
                -99.2027,21.120027,0
                -99.201524,21.120149,0
                -99.200759,21.12052,0
                -99.200288,21.120851,0
                -99.199406,21.121429,0
                -99.198699,21.121883,0
                -99.197465,21.122005,0
                -99.196524,21.122045,0
                -99.19482,21.121834,0
                -99.193585,21.121956,0
                -99.192468,21.122078,0
                -99.191879,21.122491,0
                -99.190998,21.1222,0
                -99.189411,21.122073,0
                -99.185328,21.121884,0
                -99.184624,21.1223,0
                -99.18398,21.123089,0
                -99.183455,21.124043,0
                -99.182869,21.124583,0
                -99.182107,21.125,0
                -99.180602,21.126583,0
                -99.180307,21.127821,0
                -99.18013,21.128525,0
                -99.179541,21.129228,0
                -99.179187,21.130802,0
                -99.178604,21.131762,0
                -99.177963,21.133545,0
                -99.17738,21.134872,0
                -99.177442,21.135867,0
                -99.177269,21.137027,0
                -99.175862,21.137901,0
                -99.174629,21.138069,0
                -99.173042,21.1377,0
                -99.171631,21.13733,0
                -99.170338,21.137209,0
                -99.169461,21.138371,0
                -99.168349,21.1397,0
                -99.167174,21.139827,0
                -99.165117,21.139541,0
                -99.16359,21.139503,0
                -99.162358,21.140044,0
                -99.161537,21.140626,0
                -99.160484,21.142038,0
                -99.160017,21.143033,0
                -99.159256,21.143822,0
                -99.158493,21.143907,0
                -99.157554,21.144282,0
                -99.156792,21.14478,0
                -99.155795,21.145487,0
                -99.15474,21.146152,0
                -99.1538,21.146237,0
                -99.152978,21.146239,0
                -99.151335,21.146864,0
                -99.150573,21.147612,0
                -99.149751,21.147862,0
                -99.148341,21.147575,0
                -99.147163,21.146666,0
                -99.146515,21.145921,0
                -99.145514,21.145095,0
                -99.144279,21.144724,0
                -99.143517,21.145099,0
                -99.142991,21.146177,0
                -99.142699,21.146965,0
                -99.142349,21.147795,0
                -99.141823,21.148459,0
                -99.14112,21.149206,0
                -99.1403,21.150037,0
                -99.139361,21.150536,0
                -99.137484,21.151576,0
                -99.136487,21.151992,0
                -99.135431,21.152574,0
                -99.133669,21.152826,0
                -99.132436,21.153119,0
                -99.131437,21.152831,0
                -99.131083,21.152293,0
                -99.130259,21.15159,0
                -99.12961,21.150721,0
                -99.129254,21.149645,0
                -99.129252,21.14865,0
                -99.128544,21.147782,0
                -99.127484,21.146831,0
                -99.126544,21.146584,0
                -99.125663,21.14671,0
                -99.1249,21.146919,0
                -99.124255,21.147417,0
                -99.123198,21.147626,0
                -99.121318,21.147547,0
                -99.119791,21.14755,0
                -99.118381,21.14776,0
                -99.116385,21.148261,0
                -99.114388,21.148224,0
                -99.112744,21.148517,0
                -99.111686,21.148229,0
                -99.111214,21.148895,0
                -99.111095,21.150138,0
                -99.111681,21.150842,0
                -99.112208,21.151879,0
                -99.112559,21.152749,0
                -99.112792,21.153867,0
                -99.112672,21.154944,0
                -99.112613,21.155482,0
                -99.11226,21.155813,0
                -99.111906,21.156351,0
                -99.111083,21.156805,0
                -99.110085,21.156638,0
                -99.108735,21.156429,0
                -99.10756,21.156261,0
                -99.106973,21.156012,0
                -99.106152,21.15539,0
                -99.10539,21.15485,0
                -99.104627,21.154311,0
                -99.104099,21.153937,0
                -99.103439,21.153781,0
                -99.102807,21.153728,0
                -99.10175,21.153644,0
                -99.101045,21.153808,0
                -99.099988,21.154055,0
                -99.09893,21.154343,0
                -99.098049,21.154383,0
                -99.097226,21.154548,0
                -99.096052,21.154587,0
                -99.095289,21.154421,0
                -99.094349,21.154253,0
                -99.093645,21.154087,0
                -99.092412,21.153505,0
                -99.091121,21.153213,0
                -99.090415,21.153709,0
                -99.089709,21.154287,0
                -99.088945,21.154742,0
                -99.087769,21.155444,0
                -99.086769,21.156105,0
                -99.086298,21.156808,0
                -99.086004,21.15718,0
                -99.085709,21.15776,0
                -99.085062,21.158421,0
                -99.084649,21.159042,0
                -99.083944,21.159455,0
                -99.083063,21.159205,0
                -99.0823,21.158996,0
                -99.08142,21.158581,0
                -99.080304,21.158538,0
                -99.079541,21.158536,0
                -99.078424,21.158866,0
                -99.077424,21.159361,0
                -99.077188,21.159941,0
                -99.077305,21.160396,0
                -99.077539,21.160811,0
                -99.077597,21.161308,0
                -99.077302,21.161804,0
                -99.07689,21.162508,0
                -99.076301,21.163003,0
                -99.075596,21.163375,0
                -99.074303,21.163911,0
                -99.073127,21.164572,0
                -99.072538,21.165109,0
                -99.071832,21.165729,0
                -99.071654,21.166474,0
                -99.071771,21.167096,0
                -99.072357,21.167552,0
                -99.073414,21.167968,0
                -99.074001,21.168176,0
                -99.074999,21.168468,0
                -99.076231,21.169132,0
                -99.077052,21.169589,0
                -99.077697,21.170046,0
                -99.078166,21.170502,0
                -99.078048,21.171206,0
                -99.077929,21.171661,0
                -99.07734,21.172737,0
                -99.076458,21.173315,0
                -99.075635,21.173562,0
                -99.074972,21.173364,0
                -99.074266,21.17291,0
                -99.073736,21.172289,0
                -99.07303,21.171917,0
                -99.071855,21.172002,0
                -99.070621,21.172087,0
                -99.069976,21.17242,0
                -99.067921,21.173003,0
                -99.06751,21.173335,0
                -99.066747,21.173751,0
                -99.066278,21.174125,0
                -99.065985,21.174332,0
                -99.065222,21.174748,0
                -99.064341,21.174915,0
                -99.063577,21.174751,0
                -99.062577,21.174172,0
                -99.061986,21.17293,0
                -99.061867,21.171977,0
                -99.061512,21.171149,0
                -99.060393,21.169825,0
                -99.059625,21.168251,0
                -99.059858,21.167464,0
                -99.060503,21.166924,0
                -99.061737,21.167005,0
                -99.062443,21.167294,0
                -99.063384,21.167624,0
                -99.064147,21.16725,0
                -99.065378,21.166253,0
                -99.065964,21.165341,0
                -99.066491,21.164552,0
                -99.067429,21.163681,0
                -99.068953,21.162311,0
                -99.07206,21.159736,0
                -99.072528,21.158866,0
                -99.072585,21.157871,0
                -99.072053,21.156629,0
                -99.070349,21.156632,0
                -99.069352,21.157048,0
                -99.068352,21.156635,0
                -99.067176,21.156181,0
                -99.065882,21.155644,0
                -99.064412,21.155025,0
                -99.062707,21.154407,0
                -99.062061,21.154449,0
                -99.061297,21.154533,0
                -99.061063,21.154948,0
                -99.060888,21.155363,0
                -99.060654,21.155819,0
                -99.058823,21.158386,0
                -99.057661,21.159349,0
                -99.056378,21.159982,0
                -99.055203,21.159912,0
                -99.054851,21.159998,0
                -99.054216,21.16079,0
                -99.053927,21.161124,0
                -99.053815,21.16158,0
                -99.054,21.162239,0
                -99.054067,21.1629,0
                -99.054132,21.163354,0
                -99.053783,21.163606,0
                -99.053789,21.164143,0
                -99.053851,21.164349,0
                -99.054152,21.164925,0
                -99.054277,21.165502,0
                -99.053459,21.165841,0
                -99.052466,21.166265,0
                -99.052415,21.166844,0
                -99.05248,21.167298,0
                -99.052483,21.167588,0
                -99.052075,21.167757,0
                -99.051428,21.167723,0
                -99.050669,21.16802,0
                -99.05044,21.168477,0
                -99.049914,21.168648,0
                -99.049211,21.168738,0
                -99.048688,21.169157,0
                -99.048519,21.169778,0
                -99.048411,21.170482,0
                -99.048183,21.171022,0
                -99.047961,21.172016,0
                -99.047794,21.172721,0
                -99.047387,21.173014,0
                -99.047161,21.173761,0
                -99.047111,21.174381,0
                -99.047352,21.174916,0
                -99.047593,21.175327,0
                -99.047541,21.175865,0
                -99.047491,21.176527,0
                -99.047731,21.176979,0
                -99.048029,21.177348,0
                -99.048154,21.177925,0
                -99.048161,21.178421,0
                -99.048344,21.178957,0
                -99.048821,21.179572,0
                -99.049295,21.179856,0
                -99.049064,21.180189,0
                -99.049013,21.180768,0
                -99.049375,21.18155,0
                -99.049152,21.182462,0
                -99.048918,21.182505,0
                -99.04863,21.182963,0
                -99.048755,21.18354,0
                -99.048763,21.184202,0
                -99.048066,21.184788,0
                -99.047785,21.185741,0
                -99.047848,21.186113,0
                -99.047678,21.186569,0
                -99.047808,21.187518,0
                -99.048106,21.187887,0
                -99.04829,21.188464,0
                -99.048597,21.189577,0
                -99.048784,21.19036,0
                -99.048974,21.191433,0
                -99.048921,21.191888,0
                -99.04964,21.193038,0
                -99.050473,21.193856,0
                -99.051356,21.194054,0
                -99.052542,21.194992,0
                -99.053671,21.196013,0
                -99.054567,21.197161,0
                -99.055335,21.197525,0
                -99.055862,21.197437,0
                -99.05669,21.197924,0
                -99.057233,21.199035,0
                -99.057304,21.199985,0
                -99.05755,21.200809,0
                -99.057614,21.201221,0
                -99.05691,21.20127,0
                -99.056567,21.202018,0
                -99.056222,21.202559,0
                -99.055878,21.203265,0
                -99.055591,21.203723,0
                -99.055241,21.203892,0
                -99.054833,21.204144,0
                -99.054659,21.204353,0
                -99.054253,21.204688,0
                -99.054079,21.204855,0
                -99.053556,21.205315,0
                -99.053636,21.2102,0
                -99.053643,21.210627,0
                -99.053829,21.22197,0
                -99.055094,21.22086,0
                -99.056559,21.222768,0
                -99.054559,21.223799,0
                -99.058964,21.224967,0
                -99.060319,21.22323,0
                -99.060787,21.223396,0
                -99.062198,21.223896,0
                -99.062715,21.22304,0
                -99.063023,21.222531,0
                -99.064785,21.223031,0
                -99.065962,21.221914,0
                -99.0713,21.224207,0
                -99.071481,21.224284,0
                -99.073703,21.229754,0
                -99.076225,21.231953,0
                -99.076222,21.233527,0
                -99.07534,21.234105,0
                -99.075513,21.235721,0
                -99.0741,21.236795,0
                -99.075037,21.23866,0
                -99.073151,21.241266,0
                -99.05056,21.250938,0
                -99.05092,21.251513,0
                -99.051102,21.251966,0
                -99.051052,21.252669,0
                -99.050943,21.253332,0
                -99.050835,21.254077,0
                -99.050902,21.254655,0
                -99.051029,21.255439,0
                -99.050983,21.256431,0
                -99.05111,21.257174,0
                -99.051531,21.257914,0
                -99.051834,21.258613,0
                -99.052077,21.259231,0
                -99.052326,21.260385,0
                -99.052341,21.261501,0
                -99.052354,21.262534,0
                -99.052307,21.263444,0
                -99.046575,21.269952,0
                -99.052984,21.27828,0
                -99.056075,21.282295,0
                -99.055925,21.282789,0
                -99.056574,21.282955,0
                -99.057163,21.283493,0
                -99.057753,21.283081,0
                -99.057988,21.282916,0
                -99.058224,21.28271,0
                -99.05846,21.282422,0
                -99.058814,21.282092,0
                -99.058932,21.281721,0
                -99.05905,21.281267,0
                -99.059227,21.28102,0
                -99.059404,21.28069,0
                -99.059522,21.28036,0
                -99.059522,21.279824,0
                -99.05964,21.279577,0
                -99.06023,21.279082,0
                -99.060702,21.278959,0
                -99.061232,21.279043,0
                -99.061527,21.279126,0
                -99.061731,21.279392,0
                -99.061939,21.279663,0
                -99.062587,21.2802,0
                -99.062647,21.27954,0
                -99.063258,21.280092,0
                -99.072414,21.287272,0
                -99.074229,21.290795,0
                -99.07705,21.291463,0
                -99.079104,21.293329,0
                -99.079807,21.294407,0
                -99.082218,21.294121,0
                -99.085456,21.291352,0
                -99.086396,21.291685,0
                -99.087574,21.290734,0
                -99.090925,21.290284,0
                -99.094041,21.290455,0
                -99.096039,21.290458,0
                -99.097981,21.289674,0
                -99.098688,21.288847,0
                -99.099804,21.289014,0
                -99.100276,21.288104,0
                -99.101805,21.287941,0
                -99.105207,21.292211,0
                -99.104382,21.293411,0
                -99.105321,21.294075,0
                -99.107183,21.305093,0
                -99.108652,21.305882,0
                -99.115412,21.306306,0
                -99.120756,21.309875,0
                -99.124811,21.31075,0
                -99.126077,21.315153,0
                -99.132092,21.323123,0
                -99.132494,21.323308,0
                -99.133607,21.325421,0
                -99.135075,21.32679,0
                -99.137898,21.326338,0
                -99.13919,21.327458,0
                -99.138013,21.328491,0
                -99.138069,21.330355,0
                -99.139478,21.331392,0
                -99.141301,21.331684,0
                -99.14171,21.333507,0
                -99.146761,21.337364,0
                -99.143299,21.340589,0
                -99.143476,21.341539,0
                -99.143417,21.342281,0
                -99.14324,21.342941,0
                -99.143181,21.34356,0
                -99.143182,21.344633,0
                -99.143772,21.34583,0
                -99.142592,21.346737,0
                -99.141413,21.347107,0
                -99.139762,21.347765,0
                -99.138582,21.347888,0
                -99.137167,21.347969,0
                -99.135634,21.348215,0
                -99.134867,21.348008,0
                -99.133098,21.348748,0
                -99.131859,21.349407,0
                -99.131565,21.350315,0
                -99.131506,21.351181,0
                -99.13127,21.352212,0
                -99.130857,21.353285,0
                -99.130032,21.354563,0
                -99.129265,21.355676,0
                -99.128321,21.357243,0
                -99.127437,21.358893,0
                -99.127024,21.359594,0
                -99.12614,21.360418,0
                -99.124547,21.361406,0
                -99.122483,21.362601,0
                -99.120596,21.363176,0
                -99.119062,21.365196,0
                -99.117175,21.366968,0
                -99.113105,21.370553,0
                -99.125316,21.384226,0
                -99.116467,21.402206,0
                -99.104018,21.410814,0
                -99.103724,21.407967,0
                -99.10278,21.408048,0
                -99.102308,21.407635,0
                -99.102072,21.407263,0
                -99.101541,21.407221,0
                -99.101069,21.406973,0
                -99.100656,21.406766,0
                -99.100302,21.406559,0
                -99.099948,21.406476,0
                -99.099653,21.406888,0
                -99.099417,21.407466,0
                -99.098352,21.435069,0
                -99.081888,21.437399,0
                -99.124988,21.455935,0
                -99.125752,21.456185,0
                -99.126105,21.457054,0
                -99.103117,21.482917,0
                -99.116932,21.482597,0
                -99.129978,21.482248,0
                -99.130259,21.493899,0
                -99.130627,21.500796,0
                -99.136029,21.511408,0
                -99.139819,21.521139,0
                -99.143717,21.53033,0
                -99.142706,21.536135,0
                -99.140087,21.539735,0
                -99.137468,21.543335,0
                -99.13558,21.552751,0
                -99.133432,21.56399,0
                -99.130298,21.582438,0
                -99.12628,21.585566,0
                -99.128675,21.590278,0
                -99.128767,21.592013,0
                -99.136847,21.599159,0
                -99.139604,21.60467,0
                -99.140075,21.605085,0
                -99.141079,21.605295,0
                -99.142024,21.605257,0
                -99.142434,21.606251,0
                -99.143142,21.606419,0
                -99.14438,21.607209,0
                -99.151845,21.612734,0
                -99.151894,21.61277,0
                -99.171607,21.627358,0
                -99.165659,21.638384,0
                -99.165832,21.639667,0
                -99.166244,21.640247,0
                -99.166596,21.640952,0
                -99.166416,21.641778,0
                -99.165645,21.642355,0
                -99.164934,21.643056,0
                -99.164221,21.643964,0
                -99.16339,21.644954,0
                -99.162796,21.646069,0
                -99.163369,21.650993,0
                -99.163958,21.651615,0
                -99.164666,21.651907,0
                -99.165315,21.652323,0
                -99.165964,21.652697,0
                -99.166258,21.65307,0
                -99.166669,21.653775,0
                -99.167079,21.654852,0
                -99.167489,21.655846,0
                -99.168253,21.657089,0
                -99.168723,21.657959,0
                -99.168897,21.65887,0
                -99.169131,21.659615,0
                -99.168534,21.661309,0
                -99.168117,21.662176,0
                -99.167463,21.66325,0
                -99.166988,21.663993,0
                -99.166689,21.665026,0
                -99.166629,21.665274,0
                -99.166387,21.666845,0
                -99.166324,21.667838,0
                -99.166439,21.66879,0
                -99.166435,21.669948,0
                -99.166963,21.671149,0
                -99.167138,21.671729,0
                -99.16743,21.672888,0
                -99.167899,21.673799,0
                -99.168428,21.674752,0
                -99.161911,21.678744,0
                -99.16368,21.68028,0
                -99.169308,21.676534,0
                -99.17636,21.671633,0
                -99.201985,21.692631,0
              </coordinates>
            </LinearRing>
          </outerBoundaryIs>
        </Polygon>
      </Placemark>
    </Folder>
  </Document>
</kml>
